ISO-10303-21;
HEADER;
/* Generated by software containing ST-Developer
 * from STEP Tools, Inc. (www.steptools.com) 
 */

FILE_DESCRIPTION(
/* description */ (''),
/* implementation_level */ '2;1');

FILE_NAME(
/* name */ 'APAS_Robobus_v3_Physical_Setup.step',
/* time_stamp */ '2026-09-25T16:20:58+08:00',
/* author */ (''),
/* organization */ (''),
/* preprocessor_version */ 'ST-DEVELOPER v20.2',
/* originating_system */ 'Autodesk Translation Framework v15.15.0.0',
/* authorisation */ '');

FILE_SCHEMA (('AUTOMOTIVE_DESIGN { 1 0 10303 214 3 1 1 }'));
ENDSEC;

DATA;
#10=MECHANICAL_DESIGN_GEOMETRIC_PRESENTATION_REPRESENTATION('',(#109,#110,
#111,#112,#113,#114,#115,#116,#117,#118,#119,#120,#121,#122,#123,#124,#125,
#126,#127,#128,#129,#130,#131,#132,#133,#134,#135,#136,#137,#138,#139,#140,
#141,#142,#143,#144,#145,#146,#147,#148,#149,#150),#5269);
#11=ITEM_DEFINED_TRANSFORMATION($,$,#3259,#3507);
#12=ITEM_DEFINED_TRANSFORMATION($,$,#3266,#3508);
#13=ITEM_DEFINED_TRANSFORMATION($,$,#3347,#3509);
#14=ITEM_DEFINED_TRANSFORMATION($,$,#3354,#3510);
#15=ITEM_DEFINED_TRANSFORMATION($,$,#3361,#3511);
#16=ITEM_DEFINED_TRANSFORMATION($,$,#3380,#3512);
#17=ITEM_DEFINED_TRANSFORMATION($,$,#3399,#3513);
#18=ITEM_DEFINED_TRANSFORMATION($,$,#3450,#3514);
#19=ITEM_DEFINED_TRANSFORMATION($,$,#3505,#3515);
#20=ITEM_DEFINED_TRANSFORMATION($,$,#3506,#3516);
#21=(
REPRESENTATION_RELATIONSHIP($,$,#5307,#5306)
REPRESENTATION_RELATIONSHIP_WITH_TRANSFORMATION(#11)
SHAPE_REPRESENTATION_RELATIONSHIP()
);
#22=(
REPRESENTATION_RELATIONSHIP($,$,#5308,#5306)
REPRESENTATION_RELATIONSHIP_WITH_TRANSFORMATION(#12)
SHAPE_REPRESENTATION_RELATIONSHIP()
);
#23=(
REPRESENTATION_RELATIONSHIP($,$,#5309,#5306)
REPRESENTATION_RELATIONSHIP_WITH_TRANSFORMATION(#13)
SHAPE_REPRESENTATION_RELATIONSHIP()
);
#24=(
REPRESENTATION_RELATIONSHIP($,$,#5310,#5306)
REPRESENTATION_RELATIONSHIP_WITH_TRANSFORMATION(#14)
SHAPE_REPRESENTATION_RELATIONSHIP()
);
#25=(
REPRESENTATION_RELATIONSHIP($,$,#5311,#5306)
REPRESENTATION_RELATIONSHIP_WITH_TRANSFORMATION(#15)
SHAPE_REPRESENTATION_RELATIONSHIP()
);
#26=(
REPRESENTATION_RELATIONSHIP($,$,#5312,#5306)
REPRESENTATION_RELATIONSHIP_WITH_TRANSFORMATION(#16)
SHAPE_REPRESENTATION_RELATIONSHIP()
);
#27=(
REPRESENTATION_RELATIONSHIP($,$,#5313,#5306)
REPRESENTATION_RELATIONSHIP_WITH_TRANSFORMATION(#17)
SHAPE_REPRESENTATION_RELATIONSHIP()
);
#28=(
REPRESENTATION_RELATIONSHIP($,$,#5314,#5306)
REPRESENTATION_RELATIONSHIP_WITH_TRANSFORMATION(#18)
SHAPE_REPRESENTATION_RELATIONSHIP()
);
#29=(
REPRESENTATION_RELATIONSHIP($,$,#5315,#5306)
REPRESENTATION_RELATIONSHIP_WITH_TRANSFORMATION(#19)
SHAPE_REPRESENTATION_RELATIONSHIP()
);
#30=(
REPRESENTATION_RELATIONSHIP($,$,#5316,#5306)
REPRESENTATION_RELATIONSHIP_WITH_TRANSFORMATION(#20)
SHAPE_REPRESENTATION_RELATIONSHIP()
);
#31=CONTEXT_DEPENDENT_SHAPE_REPRESENTATION(#21,#5296);
#32=CONTEXT_DEPENDENT_SHAPE_REPRESENTATION(#22,#5297);
#33=CONTEXT_DEPENDENT_SHAPE_REPRESENTATION(#23,#5298);
#34=CONTEXT_DEPENDENT_SHAPE_REPRESENTATION(#24,#5299);
#35=CONTEXT_DEPENDENT_SHAPE_REPRESENTATION(#25,#5300);
#36=CONTEXT_DEPENDENT_SHAPE_REPRESENTATION(#26,#5301);
#37=CONTEXT_DEPENDENT_SHAPE_REPRESENTATION(#27,#5302);
#38=CONTEXT_DEPENDENT_SHAPE_REPRESENTATION(#28,#5303);
#39=CONTEXT_DEPENDENT_SHAPE_REPRESENTATION(#29,#5304);
#40=CONTEXT_DEPENDENT_SHAPE_REPRESENTATION(#30,#5305);
#41=NEXT_ASSEMBLY_USAGE_OCCURRENCE(
'00 BASEBOARD - 1000 x 900 - top datum Z0:1',
'00 BASEBOARD - 1000 x 900 - top datum Z0:1',
'00 BASEBOARD - 1000 x 900 - top datum Z0:1',#5318,#5319,
'00 BASEBOARD - 1000 x 900 - top datum Z0:1');
#42=NEXT_ASSEMBLY_USAGE_OCCURRENCE(
'01 BUS envelope - 600 x 180 x 220 - front +X:1',
'01 BUS envelope - 600 x 180 x 220 - front +X:1',
'01 BUS envelope - 600 x 180 x 220 - front +X:1',#5318,#5320,
'01 BUS envelope - 600 x 180 x 220 - front +X:1');
#43=NEXT_ASSEMBLY_USAGE_OCCURRENCE(
'02 ROOF - separately hideable - electronics access:1',
'02 ROOF - separately hideable - electronics access:1',
'02 ROOF - separately hideable - electronics access:1',#5318,#5321,
'02 ROOF - separately hideable - electronics access:1');
#44=NEXT_ASSEMBLY_USAGE_OCCURRENCE(
'03 RAMP - 220 x 140 x 4 - tapered tip - deployed:1',
'03 RAMP - 220 x 140 x 4 - tapered tip - deployed:1',
'03 RAMP - 220 x 140 x 4 - tapered tip - deployed:1',#5318,#5322,
'03 RAMP - 220 x 140 x 4 - tapered tip - deployed:1');
#45=NEXT_ASSEMBLY_USAGE_OCCURRENCE(
'04 LASER footprint benchmarks - reference geometry not hardware:1',
'04 LASER footprint benchmarks - reference geometry not hardware:1',
'04 LASER footprint benchmarks - reference geometry not hardware:1',#5318,
#5323,
'04 LASER footprint benchmarks - reference geometry not hardware:1');
#46=NEXT_ASSEMBLY_USAGE_OCCURRENCE(
'05 MATTE REFERENCE board - face Y450 - 300 x 280:1',
'05 MATTE REFERENCE board - face Y450 - 300 x 280:1',
'05 MATTE REFERENCE board - face Y450 - 300 x 280:1',#5318,#5324,
'05 MATTE REFERENCE board - face Y450 - 300 x 280:1');
#47=NEXT_ASSEMBLY_USAGE_OCCURRENCE(
'06 OPTICAL centres - hardware sizes estimated - removable demo mounts
:1',
'06 OPTICAL centres - hardware sizes estimated - removable demo mounts
:1',
'06 OPTICAL centres - hardware sizes estimated - removable demo mounts
:1',#5318,#5325,
'06 OPTICAL centres - hardware sizes estimated - removable demo mounts
:1');
#48=NEXT_ASSEMBLY_USAGE_OCCURRENCE(
'07 ADJUSTABLE MOUNT allowances - proposed - no fixing hole specificat
ion:1',
'07 ADJUSTABLE MOUNT allowances - proposed - no fixing hole specificat
ion:1',
'07 ADJUSTABLE MOUNT allowances - proposed - no fixing hole specificat
ion:1',#5318,#5326,
'07 ADJUSTABLE MOUNT allowances - proposed - no fixing hole specificat
ion:1');
#49=NEXT_ASSEMBLY_USAGE_OCCURRENCE(
'08 OPTICAL RAYS - nominal and required coverage - hide independently:
1',
'08 OPTICAL RAYS - nominal and required coverage - hide independently:
1',
'08 OPTICAL RAYS - nominal and required coverage - hide independently:
1',#5318,#5327,
'08 OPTICAL RAYS - nominal and required coverage - hide independently:
1');
#50=NEXT_ASSEMBLY_USAGE_OCCURRENCE(
'09 DISTANCE and HEIGHT benchmarks - sketches - reference only:1',
'09 DISTANCE and HEIGHT benchmarks - sketches - reference only:1',
'09 DISTANCE and HEIGHT benchmarks - sketches - reference only:1',#5318,
#5328,'09 DISTANCE and HEIGHT benchmarks - sketches - reference only:1');
#51=CIRCLE('',#3328,32.);
#52=CIRCLE('',#3329,32.);
#53=CIRCLE('',#3333,32.);
#54=CIRCLE('',#3334,32.);
#55=CIRCLE('',#3338,32.);
#56=CIRCLE('',#3339,32.);
#57=CIRCLE('',#3343,32.);
#58=CIRCLE('',#3344,32.);
#59=CIRCLE('',#3401,6.);
#60=CIRCLE('',#3402,6.);
#61=CIRCLE('',#3406,3.9);
#62=CIRCLE('',#3407,3.9);
#63=CIRCLE('',#3411,6.);
#64=CIRCLE('',#3412,6.);
#65=CIRCLE('',#3416,3.9);
#66=CIRCLE('',#3417,3.9);
#67=CIRCLE('',#3421,6.);
#68=CIRCLE('',#3422,6.);
#69=CIRCLE('',#3426,3.9);
#70=CIRCLE('',#3427,3.9);
#71=CIRCLE('',#3431,10.);
#72=CIRCLE('',#3432,10.);
#73=CIRCLE('',#3436,6.5);
#74=CIRCLE('',#3437,6.5);
#75=CIRCLE('',#3441,5.);
#76=CIRCLE('',#3442,5.);
#77=CIRCLE('',#3446,3.25);
#78=CIRCLE('',#3447,3.25);
#79=CYLINDRICAL_SURFACE('',#3327,32.);
#80=CYLINDRICAL_SURFACE('',#3332,32.);
#81=CYLINDRICAL_SURFACE('',#3337,32.);
#82=CYLINDRICAL_SURFACE('',#3342,32.);
#83=CYLINDRICAL_SURFACE('',#3400,6.);
#84=CYLINDRICAL_SURFACE('',#3405,3.9);
#85=CYLINDRICAL_SURFACE('',#3410,6.);
#86=CYLINDRICAL_SURFACE('',#3415,3.9);
#87=CYLINDRICAL_SURFACE('',#3420,6.);
#88=CYLINDRICAL_SURFACE('',#3425,3.9);
#89=CYLINDRICAL_SURFACE('',#3430,10.);
#90=CYLINDRICAL_SURFACE('',#3435,6.5);
#91=CYLINDRICAL_SURFACE('',#3440,5.);
#92=CYLINDRICAL_SURFACE('',#3445,3.25);
#93=SHAPE_REPRESENTATION_RELATIONSHIP('SRR','None',#5307,#101);
#94=SHAPE_REPRESENTATION_RELATIONSHIP('SRR','None',#5308,#102);
#95=SHAPE_REPRESENTATION_RELATIONSHIP('SRR','None',#5309,#103);
#96=SHAPE_REPRESENTATION_RELATIONSHIP('SRR','None',#5310,#104);
#97=SHAPE_REPRESENTATION_RELATIONSHIP('SRR','None',#5311,#105);
#98=SHAPE_REPRESENTATION_RELATIONSHIP('SRR','None',#5312,#106);
#99=SHAPE_REPRESENTATION_RELATIONSHIP('SRR','None',#5313,#107);
#100=SHAPE_REPRESENTATION_RELATIONSHIP('SRR','None',#5314,#108);
#101=ADVANCED_BREP_SHAPE_REPRESENTATION('',(#151),#5259);
#102=ADVANCED_BREP_SHAPE_REPRESENTATION('',(#152,#153,#154,#155,#156,#157,
#158,#159,#160,#161,#162,#163,#164,#165),#5260);
#103=ADVANCED_BREP_SHAPE_REPRESENTATION('',(#166),#5261);
#104=ADVANCED_BREP_SHAPE_REPRESENTATION('',(#167),#5262);
#105=ADVANCED_BREP_SHAPE_REPRESENTATION('',(#168,#169,#170),#5263);
#106=ADVANCED_BREP_SHAPE_REPRESENTATION('',(#171,#172,#173),#5264);
#107=ADVANCED_BREP_SHAPE_REPRESENTATION('',(#174,#175,#176,#177,#178,#179,
#180,#181,#182,#183),#5265);
#108=ADVANCED_BREP_SHAPE_REPRESENTATION('',(#184,#185,#186,#187,#188,#189,
#190,#191,#192),#5266);
#109=STYLED_ITEM('',(#5366),#151);
#110=STYLED_ITEM('',(#5367),#152);
#111=STYLED_ITEM('',(#5368),#153);
#112=STYLED_ITEM('',(#5368),#154);
#113=STYLED_ITEM('',(#5368),#155);
#114=STYLED_ITEM('',(#5368),#156);
#115=STYLED_ITEM('',(#5368),#157);
#116=STYLED_ITEM('',(#5368),#158);
#117=STYLED_ITEM('',(#5369),#159);
#118=STYLED_ITEM('',(#5369),#160);
#119=STYLED_ITEM('',(#5369),#161);
#120=STYLED_ITEM('',(#5369),#162);
#121=STYLED_ITEM('',(#5369),#163);
#122=STYLED_ITEM('',(#5369),#164);
#123=STYLED_ITEM('',(#5369),#165);
#124=STYLED_ITEM('',(#5368),#166);
#125=STYLED_ITEM('',(#5367),#167);
#126=STYLED_ITEM('',(#5370),#168);
#127=STYLED_ITEM('',(#5370),#169);
#128=STYLED_ITEM('',(#5370),#170);
#129=STYLED_ITEM('',(#5371),#171);
#130=STYLED_ITEM('',(#5367),#172);
#131=STYLED_ITEM('',(#5367),#173);
#132=STYLED_ITEM('',(#5370),#174);
#133=STYLED_ITEM('',(#5369),#175);
#134=STYLED_ITEM('',(#5370),#176);
#135=STYLED_ITEM('',(#5369),#177);
#136=STYLED_ITEM('',(#5370),#178);
#137=STYLED_ITEM('',(#5369),#179);
#138=STYLED_ITEM('',(#5372),#180);
#139=STYLED_ITEM('',(#5369),#181);
#140=STYLED_ITEM('',(#5373),#182);
#141=STYLED_ITEM('',(#5369),#183);
#142=STYLED_ITEM('',(#5367),#184);
#143=STYLED_ITEM('',(#5367),#185);
#144=STYLED_ITEM('',(#5367),#186);
#145=STYLED_ITEM('',(#5367),#187);
#146=STYLED_ITEM('',(#5367),#188);
#147=STYLED_ITEM('',(#5367),#189);
#148=STYLED_ITEM('',(#5372),#190);
#149=STYLED_ITEM('',(#5372),#191);
#150=STYLED_ITEM('',(#5373),#192);
#151=MANIFOLD_SOLID_BREP('Baseboard - selected 10 mm from 9-12 range',#3105);
#152=MANIFOLD_SOLID_BREP('Floor upper surface Z40',#3106);
#153=MANIFOLD_SOLID_BREP('Rear bulkhead',#3107);
#154=MANIFOLD_SOLID_BREP('Front bulkhead',#3108);
#155=MANIFOLD_SOLID_BREP('Opposite side',#3109);
#156=MANIFOLD_SOLID_BREP('Rear jamb panel',#3110);
#157=MANIFOLD_SOLID_BREP('Front jamb panel',#3111);
#158=MANIFOLD_SOLID_BREP('Door header - clear top Z200',#3112);
#159=MANIFOLD_SOLID_BREP('Window - illustrative',#3113);
#160=MANIFOLD_SOLID_BREP('Window - illustrative (1)',#3114);
#161=MANIFOLD_SOLID_BREP('Front windscreen',#3115);
#162=MANIFOLD_SOLID_BREP('Wheel - inside stated bus envelope',#3116);
#163=MANIFOLD_SOLID_BREP('Wheel - inside stated bus envelope (1)',#3117);
#164=MANIFOLD_SOLID_BREP('Wheel - inside stated bus envelope (2)',#3118);
#165=MANIFOLD_SOLID_BREP('Wheel - inside stated bus envelope (3)',#3119);
#166=MANIFOLD_SOLID_BREP('Removable roof - top Z220',#3120);
#167=MANIFOLD_SOLID_BREP('Deployed ramp - upper length 220',#3121);
#168=MANIFOLD_SOLID_BREP('Side line X-110 Y20 to300',#3122);
#169=MANIFOLD_SOLID_BREP('Side line X110 Y20 to300',#3123);
#170=MANIFOLD_SOLID_BREP('Far line Y300 X-110 to110',#3124);
#171=MANIFOLD_SOLID_BREP('Reference face Y450; thickness 4 estimated',#3125);
#172=MANIFOLD_SOLID_BREP('Reference board support foot',#3126);
#173=MANIFOLD_SOLID_BREP('Reference board support foot (1)',#3127);
#174=MANIFOLD_SOLID_BREP('L1 housing allowance - ESTIMATED',#3128);
#175=MANIFOLD_SOLID_BREP('L1 aperture',#3129);
#176=MANIFOLD_SOLID_BREP('L2 housing allowance - ESTIMATED',#3130);
#177=MANIFOLD_SOLID_BREP('L2 aperture',#3131);
#178=MANIFOLD_SOLID_BREP('L3 housing allowance - ESTIMATED',#3132);
#179=MANIFOLD_SOLID_BREP('L3 aperture',#3133);
#180=MANIFOLD_SOLID_BREP('Camera housing allowance - ESTIMATED',#3134);
#181=MANIFOLD_SOLID_BREP('Camera aperture',#3135);
#182=MANIFOLD_SOLID_BREP('ToF housing allowance - ESTIMATED',#3136);
#183=MANIFOLD_SOLID_BREP('ToF aperture',#3137);
#184=MANIFOLD_SOLID_BREP('Laser side stanchion',#3138);
#185=MANIFOLD_SOLID_BREP('Laser mounting foot',#3139);
#186=MANIFOLD_SOLID_BREP('Laser side stanchion (1)',#3140);
#187=MANIFOLD_SOLID_BREP('Laser mounting foot (1)',#3141);
#188=MANIFOLD_SOLID_BREP('L3 stanchion',#3142);
#189=MANIFOLD_SOLID_BREP('L3 cantilever',#3143);
#190=MANIFOLD_SOLID_BREP('Camera raised post',#3144);
#191=MANIFOLD_SOLID_BREP('Camera top arm',#3145);
#192=MANIFOLD_SOLID_BREP('ToF removable test crossbar',#3146);
#193=FACE_OUTER_BOUND('',#403,.T.);
#194=FACE_OUTER_BOUND('',#404,.T.);
#195=FACE_OUTER_BOUND('',#405,.T.);
#196=FACE_OUTER_BOUND('',#406,.T.);
#197=FACE_OUTER_BOUND('',#407,.T.);
#198=FACE_OUTER_BOUND('',#408,.T.);
#199=FACE_OUTER_BOUND('',#409,.T.);
#200=FACE_OUTER_BOUND('',#410,.T.);
#201=FACE_OUTER_BOUND('',#411,.T.);
#202=FACE_OUTER_BOUND('',#412,.T.);
#203=FACE_OUTER_BOUND('',#413,.T.);
#204=FACE_OUTER_BOUND('',#414,.T.);
#205=FACE_OUTER_BOUND('',#415,.T.);
#206=FACE_OUTER_BOUND('',#416,.T.);
#207=FACE_OUTER_BOUND('',#417,.T.);
#208=FACE_OUTER_BOUND('',#418,.T.);
#209=FACE_OUTER_BOUND('',#419,.T.);
#210=FACE_OUTER_BOUND('',#420,.T.);
#211=FACE_OUTER_BOUND('',#421,.T.);
#212=FACE_OUTER_BOUND('',#422,.T.);
#213=FACE_OUTER_BOUND('',#423,.T.);
#214=FACE_OUTER_BOUND('',#424,.T.);
#215=FACE_OUTER_BOUND('',#425,.T.);
#216=FACE_OUTER_BOUND('',#426,.T.);
#217=FACE_OUTER_BOUND('',#427,.T.);
#218=FACE_OUTER_BOUND('',#428,.T.);
#219=FACE_OUTER_BOUND('',#429,.T.);
#220=FACE_OUTER_BOUND('',#430,.T.);
#221=FACE_OUTER_BOUND('',#431,.T.);
#222=FACE_OUTER_BOUND('',#432,.T.);
#223=FACE_OUTER_BOUND('',#433,.T.);
#224=FACE_OUTER_BOUND('',#434,.T.);
#225=FACE_OUTER_BOUND('',#435,.T.);
#226=FACE_OUTER_BOUND('',#436,.T.);
#227=FACE_OUTER_BOUND('',#437,.T.);
#228=FACE_OUTER_BOUND('',#438,.T.);
#229=FACE_OUTER_BOUND('',#439,.T.);
#230=FACE_OUTER_BOUND('',#440,.T.);
#231=FACE_OUTER_BOUND('',#441,.T.);
#232=FACE_OUTER_BOUND('',#442,.T.);
#233=FACE_OUTER_BOUND('',#443,.T.);
#234=FACE_OUTER_BOUND('',#444,.T.);
#235=FACE_OUTER_BOUND('',#445,.T.);
#236=FACE_OUTER_BOUND('',#446,.T.);
#237=FACE_OUTER_BOUND('',#447,.T.);
#238=FACE_OUTER_BOUND('',#448,.T.);
#239=FACE_OUTER_BOUND('',#449,.T.);
#240=FACE_OUTER_BOUND('',#450,.T.);
#241=FACE_OUTER_BOUND('',#451,.T.);
#242=FACE_OUTER_BOUND('',#452,.T.);
#243=FACE_OUTER_BOUND('',#453,.T.);
#244=FACE_OUTER_BOUND('',#454,.T.);
#245=FACE_OUTER_BOUND('',#455,.T.);
#246=FACE_OUTER_BOUND('',#456,.T.);
#247=FACE_OUTER_BOUND('',#457,.T.);
#248=FACE_OUTER_BOUND('',#458,.T.);
#249=FACE_OUTER_BOUND('',#459,.T.);
#250=FACE_OUTER_BOUND('',#460,.T.);
#251=FACE_OUTER_BOUND('',#461,.T.);
#252=FACE_OUTER_BOUND('',#462,.T.);
#253=FACE_OUTER_BOUND('',#463,.T.);
#254=FACE_OUTER_BOUND('',#464,.T.);
#255=FACE_OUTER_BOUND('',#465,.T.);
#256=FACE_OUTER_BOUND('',#466,.T.);
#257=FACE_OUTER_BOUND('',#467,.T.);
#258=FACE_OUTER_BOUND('',#468,.T.);
#259=FACE_OUTER_BOUND('',#469,.T.);
#260=FACE_OUTER_BOUND('',#470,.T.);
#261=FACE_OUTER_BOUND('',#471,.T.);
#262=FACE_OUTER_BOUND('',#472,.T.);
#263=FACE_OUTER_BOUND('',#473,.T.);
#264=FACE_OUTER_BOUND('',#474,.T.);
#265=FACE_OUTER_BOUND('',#475,.T.);
#266=FACE_OUTER_BOUND('',#476,.T.);
#267=FACE_OUTER_BOUND('',#477,.T.);
#268=FACE_OUTER_BOUND('',#478,.T.);
#269=FACE_OUTER_BOUND('',#479,.T.);
#270=FACE_OUTER_BOUND('',#480,.T.);
#271=FACE_OUTER_BOUND('',#481,.T.);
#272=FACE_OUTER_BOUND('',#482,.T.);
#273=FACE_OUTER_BOUND('',#483,.T.);
#274=FACE_OUTER_BOUND('',#484,.T.);
#275=FACE_OUTER_BOUND('',#485,.T.);
#276=FACE_OUTER_BOUND('',#486,.T.);
#277=FACE_OUTER_BOUND('',#487,.T.);
#278=FACE_OUTER_BOUND('',#488,.T.);
#279=FACE_OUTER_BOUND('',#489,.T.);
#280=FACE_OUTER_BOUND('',#490,.T.);
#281=FACE_OUTER_BOUND('',#491,.T.);
#282=FACE_OUTER_BOUND('',#492,.T.);
#283=FACE_OUTER_BOUND('',#493,.T.);
#284=FACE_OUTER_BOUND('',#494,.T.);
#285=FACE_OUTER_BOUND('',#495,.T.);
#286=FACE_OUTER_BOUND('',#496,.T.);
#287=FACE_OUTER_BOUND('',#497,.T.);
#288=FACE_OUTER_BOUND('',#498,.T.);
#289=FACE_OUTER_BOUND('',#499,.T.);
#290=FACE_OUTER_BOUND('',#500,.T.);
#291=FACE_OUTER_BOUND('',#501,.T.);
#292=FACE_OUTER_BOUND('',#502,.T.);
#293=FACE_OUTER_BOUND('',#503,.T.);
#294=FACE_OUTER_BOUND('',#504,.T.);
#295=FACE_OUTER_BOUND('',#505,.T.);
#296=FACE_OUTER_BOUND('',#506,.T.);
#297=FACE_OUTER_BOUND('',#507,.T.);
#298=FACE_OUTER_BOUND('',#508,.T.);
#299=FACE_OUTER_BOUND('',#509,.T.);
#300=FACE_OUTER_BOUND('',#510,.T.);
#301=FACE_OUTER_BOUND('',#511,.T.);
#302=FACE_OUTER_BOUND('',#512,.T.);
#303=FACE_OUTER_BOUND('',#513,.T.);
#304=FACE_OUTER_BOUND('',#514,.T.);
#305=FACE_OUTER_BOUND('',#515,.T.);
#306=FACE_OUTER_BOUND('',#516,.T.);
#307=FACE_OUTER_BOUND('',#517,.T.);
#308=FACE_OUTER_BOUND('',#518,.T.);
#309=FACE_OUTER_BOUND('',#519,.T.);
#310=FACE_OUTER_BOUND('',#520,.T.);
#311=FACE_OUTER_BOUND('',#521,.T.);
#312=FACE_OUTER_BOUND('',#522,.T.);
#313=FACE_OUTER_BOUND('',#523,.T.);
#314=FACE_OUTER_BOUND('',#524,.T.);
#315=FACE_OUTER_BOUND('',#525,.T.);
#316=FACE_OUTER_BOUND('',#526,.T.);
#317=FACE_OUTER_BOUND('',#527,.T.);
#318=FACE_OUTER_BOUND('',#528,.T.);
#319=FACE_OUTER_BOUND('',#529,.T.);
#320=FACE_OUTER_BOUND('',#530,.T.);
#321=FACE_OUTER_BOUND('',#531,.T.);
#322=FACE_OUTER_BOUND('',#532,.T.);
#323=FACE_OUTER_BOUND('',#533,.T.);
#324=FACE_OUTER_BOUND('',#534,.T.);
#325=FACE_OUTER_BOUND('',#535,.T.);
#326=FACE_OUTER_BOUND('',#536,.T.);
#327=FACE_OUTER_BOUND('',#537,.T.);
#328=FACE_OUTER_BOUND('',#538,.T.);
#329=FACE_OUTER_BOUND('',#539,.T.);
#330=FACE_OUTER_BOUND('',#540,.T.);
#331=FACE_OUTER_BOUND('',#541,.T.);
#332=FACE_OUTER_BOUND('',#542,.T.);
#333=FACE_OUTER_BOUND('',#543,.T.);
#334=FACE_OUTER_BOUND('',#544,.T.);
#335=FACE_OUTER_BOUND('',#545,.T.);
#336=FACE_OUTER_BOUND('',#546,.T.);
#337=FACE_OUTER_BOUND('',#547,.T.);
#338=FACE_OUTER_BOUND('',#548,.T.);
#339=FACE_OUTER_BOUND('',#549,.T.);
#340=FACE_OUTER_BOUND('',#550,.T.);
#341=FACE_OUTER_BOUND('',#551,.T.);
#342=FACE_OUTER_BOUND('',#552,.T.);
#343=FACE_OUTER_BOUND('',#553,.T.);
#344=FACE_OUTER_BOUND('',#554,.T.);
#345=FACE_OUTER_BOUND('',#555,.T.);
#346=FACE_OUTER_BOUND('',#556,.T.);
#347=FACE_OUTER_BOUND('',#557,.T.);
#348=FACE_OUTER_BOUND('',#558,.T.);
#349=FACE_OUTER_BOUND('',#559,.T.);
#350=FACE_OUTER_BOUND('',#560,.T.);
#351=FACE_OUTER_BOUND('',#561,.T.);
#352=FACE_OUTER_BOUND('',#562,.T.);
#353=FACE_OUTER_BOUND('',#563,.T.);
#354=FACE_OUTER_BOUND('',#564,.T.);
#355=FACE_OUTER_BOUND('',#565,.T.);
#356=FACE_OUTER_BOUND('',#566,.T.);
#357=FACE_OUTER_BOUND('',#567,.T.);
#358=FACE_OUTER_BOUND('',#568,.T.);
#359=FACE_OUTER_BOUND('',#569,.T.);
#360=FACE_OUTER_BOUND('',#570,.T.);
#361=FACE_OUTER_BOUND('',#571,.T.);
#362=FACE_OUTER_BOUND('',#572,.T.);
#363=FACE_OUTER_BOUND('',#573,.T.);
#364=FACE_OUTER_BOUND('',#574,.T.);
#365=FACE_OUTER_BOUND('',#575,.T.);
#366=FACE_OUTER_BOUND('',#576,.T.);
#367=FACE_OUTER_BOUND('',#577,.T.);
#368=FACE_OUTER_BOUND('',#578,.T.);
#369=FACE_OUTER_BOUND('',#579,.T.);
#370=FACE_OUTER_BOUND('',#580,.T.);
#371=FACE_OUTER_BOUND('',#581,.T.);
#372=FACE_OUTER_BOUND('',#582,.T.);
#373=FACE_OUTER_BOUND('',#583,.T.);
#374=FACE_OUTER_BOUND('',#584,.T.);
#375=FACE_OUTER_BOUND('',#585,.T.);
#376=FACE_OUTER_BOUND('',#586,.T.);
#377=FACE_OUTER_BOUND('',#587,.T.);
#378=FACE_OUTER_BOUND('',#588,.T.);
#379=FACE_OUTER_BOUND('',#589,.T.);
#380=FACE_OUTER_BOUND('',#590,.T.);
#381=FACE_OUTER_BOUND('',#591,.T.);
#382=FACE_OUTER_BOUND('',#592,.T.);
#383=FACE_OUTER_BOUND('',#593,.T.);
#384=FACE_OUTER_BOUND('',#594,.T.);
#385=FACE_OUTER_BOUND('',#595,.T.);
#386=FACE_OUTER_BOUND('',#596,.T.);
#387=FACE_OUTER_BOUND('',#597,.T.);
#388=FACE_OUTER_BOUND('',#598,.T.);
#389=FACE_OUTER_BOUND('',#599,.T.);
#390=FACE_OUTER_BOUND('',#600,.T.);
#391=FACE_OUTER_BOUND('',#601,.T.);
#392=FACE_OUTER_BOUND('',#602,.T.);
#393=FACE_OUTER_BOUND('',#603,.T.);
#394=FACE_OUTER_BOUND('',#604,.T.);
#395=FACE_OUTER_BOUND('',#605,.T.);
#396=FACE_OUTER_BOUND('',#606,.T.);
#397=FACE_OUTER_BOUND('',#607,.T.);
#398=FACE_OUTER_BOUND('',#608,.T.);
#399=FACE_OUTER_BOUND('',#609,.T.);
#400=FACE_OUTER_BOUND('',#610,.T.);
#401=FACE_OUTER_BOUND('',#611,.T.);
#402=FACE_OUTER_BOUND('',#612,.T.);
#403=EDGE_LOOP('',(#1943,#1944,#1945,#1946));
#404=EDGE_LOOP('',(#1947,#1948,#1949,#1950));
#405=EDGE_LOOP('',(#1951,#1952,#1953,#1954));
#406=EDGE_LOOP('',(#1955,#1956,#1957,#1958));
#407=EDGE_LOOP('',(#1959,#1960,#1961,#1962));
#408=EDGE_LOOP('',(#1963,#1964,#1965,#1966));
#409=EDGE_LOOP('',(#1967,#1968,#1969,#1970));
#410=EDGE_LOOP('',(#1971,#1972,#1973,#1974));
#411=EDGE_LOOP('',(#1975,#1976,#1977,#1978));
#412=EDGE_LOOP('',(#1979,#1980,#1981,#1982));
#413=EDGE_LOOP('',(#1983,#1984,#1985,#1986));
#414=EDGE_LOOP('',(#1987,#1988,#1989,#1990));
#415=EDGE_LOOP('',(#1991,#1992,#1993,#1994));
#416=EDGE_LOOP('',(#1995,#1996,#1997,#1998));
#417=EDGE_LOOP('',(#1999,#2000,#2001,#2002));
#418=EDGE_LOOP('',(#2003,#2004,#2005,#2006));
#419=EDGE_LOOP('',(#2007,#2008,#2009,#2010));
#420=EDGE_LOOP('',(#2011,#2012,#2013,#2014));
#421=EDGE_LOOP('',(#2015,#2016,#2017,#2018));
#422=EDGE_LOOP('',(#2019,#2020,#2021,#2022));
#423=EDGE_LOOP('',(#2023,#2024,#2025,#2026));
#424=EDGE_LOOP('',(#2027,#2028,#2029,#2030));
#425=EDGE_LOOP('',(#2031,#2032,#2033,#2034));
#426=EDGE_LOOP('',(#2035,#2036,#2037,#2038));
#427=EDGE_LOOP('',(#2039,#2040,#2041,#2042));
#428=EDGE_LOOP('',(#2043,#2044,#2045,#2046));
#429=EDGE_LOOP('',(#2047,#2048,#2049,#2050));
#430=EDGE_LOOP('',(#2051,#2052,#2053,#2054));
#431=EDGE_LOOP('',(#2055,#2056,#2057,#2058));
#432=EDGE_LOOP('',(#2059,#2060,#2061,#2062));
#433=EDGE_LOOP('',(#2063,#2064,#2065,#2066));
#434=EDGE_LOOP('',(#2067,#2068,#2069,#2070));
#435=EDGE_LOOP('',(#2071,#2072,#2073,#2074));
#436=EDGE_LOOP('',(#2075,#2076,#2077,#2078));
#437=EDGE_LOOP('',(#2079,#2080,#2081,#2082));
#438=EDGE_LOOP('',(#2083,#2084,#2085,#2086));
#439=EDGE_LOOP('',(#2087,#2088,#2089,#2090));
#440=EDGE_LOOP('',(#2091,#2092,#2093,#2094));
#441=EDGE_LOOP('',(#2095,#2096,#2097,#2098));
#442=EDGE_LOOP('',(#2099,#2100,#2101,#2102));
#443=EDGE_LOOP('',(#2103,#2104,#2105,#2106));
#444=EDGE_LOOP('',(#2107,#2108,#2109,#2110));
#445=EDGE_LOOP('',(#2111,#2112,#2113,#2114));
#446=EDGE_LOOP('',(#2115,#2116,#2117,#2118));
#447=EDGE_LOOP('',(#2119,#2120,#2121,#2122));
#448=EDGE_LOOP('',(#2123,#2124,#2125,#2126));
#449=EDGE_LOOP('',(#2127,#2128,#2129,#2130));
#450=EDGE_LOOP('',(#2131,#2132,#2133,#2134));
#451=EDGE_LOOP('',(#2135,#2136,#2137,#2138));
#452=EDGE_LOOP('',(#2139,#2140,#2141,#2142));
#453=EDGE_LOOP('',(#2143,#2144,#2145,#2146));
#454=EDGE_LOOP('',(#2147,#2148,#2149,#2150));
#455=EDGE_LOOP('',(#2151,#2152,#2153,#2154));
#456=EDGE_LOOP('',(#2155,#2156,#2157,#2158));
#457=EDGE_LOOP('',(#2159,#2160,#2161,#2162));
#458=EDGE_LOOP('',(#2163,#2164,#2165,#2166));
#459=EDGE_LOOP('',(#2167,#2168,#2169,#2170));
#460=EDGE_LOOP('',(#2171,#2172,#2173,#2174));
#461=EDGE_LOOP('',(#2175,#2176,#2177,#2178));
#462=EDGE_LOOP('',(#2179,#2180,#2181,#2182));
#463=EDGE_LOOP('',(#2183,#2184,#2185,#2186));
#464=EDGE_LOOP('',(#2187,#2188,#2189,#2190));
#465=EDGE_LOOP('',(#2191,#2192,#2193,#2194));
#466=EDGE_LOOP('',(#2195,#2196,#2197,#2198));
#467=EDGE_LOOP('',(#2199,#2200,#2201,#2202));
#468=EDGE_LOOP('',(#2203,#2204,#2205,#2206));
#469=EDGE_LOOP('',(#2207,#2208,#2209,#2210));
#470=EDGE_LOOP('',(#2211));
#471=EDGE_LOOP('',(#2212));
#472=EDGE_LOOP('',(#2213,#2214,#2215,#2216));
#473=EDGE_LOOP('',(#2217));
#474=EDGE_LOOP('',(#2218));
#475=EDGE_LOOP('',(#2219,#2220,#2221,#2222));
#476=EDGE_LOOP('',(#2223));
#477=EDGE_LOOP('',(#2224));
#478=EDGE_LOOP('',(#2225,#2226,#2227,#2228));
#479=EDGE_LOOP('',(#2229));
#480=EDGE_LOOP('',(#2230));
#481=EDGE_LOOP('',(#2231,#2232,#2233,#2234));
#482=EDGE_LOOP('',(#2235,#2236,#2237,#2238));
#483=EDGE_LOOP('',(#2239,#2240,#2241,#2242));
#484=EDGE_LOOP('',(#2243,#2244,#2245,#2246));
#485=EDGE_LOOP('',(#2247,#2248,#2249,#2250));
#486=EDGE_LOOP('',(#2251,#2252,#2253,#2254));
#487=EDGE_LOOP('',(#2255,#2256,#2257,#2258));
#488=EDGE_LOOP('',(#2259,#2260,#2261,#2262));
#489=EDGE_LOOP('',(#2263,#2264,#2265,#2266));
#490=EDGE_LOOP('',(#2267,#2268,#2269,#2270));
#491=EDGE_LOOP('',(#2271,#2272,#2273,#2274));
#492=EDGE_LOOP('',(#2275,#2276,#2277,#2278));
#493=EDGE_LOOP('',(#2279,#2280,#2281,#2282));
#494=EDGE_LOOP('',(#2283,#2284,#2285,#2286));
#495=EDGE_LOOP('',(#2287,#2288,#2289,#2290));
#496=EDGE_LOOP('',(#2291,#2292,#2293,#2294));
#497=EDGE_LOOP('',(#2295,#2296,#2297,#2298));
#498=EDGE_LOOP('',(#2299,#2300,#2301,#2302));
#499=EDGE_LOOP('',(#2303,#2304,#2305,#2306));
#500=EDGE_LOOP('',(#2307,#2308,#2309,#2310));
#501=EDGE_LOOP('',(#2311,#2312,#2313,#2314));
#502=EDGE_LOOP('',(#2315,#2316,#2317,#2318));
#503=EDGE_LOOP('',(#2319,#2320,#2321,#2322));
#504=EDGE_LOOP('',(#2323,#2324,#2325,#2326));
#505=EDGE_LOOP('',(#2327,#2328,#2329,#2330));
#506=EDGE_LOOP('',(#2331,#2332,#2333,#2334));
#507=EDGE_LOOP('',(#2335,#2336,#2337,#2338));
#508=EDGE_LOOP('',(#2339,#2340,#2341,#2342));
#509=EDGE_LOOP('',(#2343,#2344,#2345,#2346));
#510=EDGE_LOOP('',(#2347,#2348,#2349,#2350));
#511=EDGE_LOOP('',(#2351,#2352,#2353,#2354));
#512=EDGE_LOOP('',(#2355,#2356,#2357,#2358));
#513=EDGE_LOOP('',(#2359,#2360,#2361,#2362));
#514=EDGE_LOOP('',(#2363,#2364,#2365,#2366));
#515=EDGE_LOOP('',(#2367,#2368,#2369,#2370));
#516=EDGE_LOOP('',(#2371,#2372,#2373,#2374));
#517=EDGE_LOOP('',(#2375,#2376,#2377,#2378));
#518=EDGE_LOOP('',(#2379,#2380,#2381,#2382));
#519=EDGE_LOOP('',(#2383,#2384,#2385,#2386));
#520=EDGE_LOOP('',(#2387,#2388,#2389,#2390));
#521=EDGE_LOOP('',(#2391,#2392,#2393,#2394));
#522=EDGE_LOOP('',(#2395,#2396,#2397,#2398));
#523=EDGE_LOOP('',(#2399,#2400,#2401,#2402));
#524=EDGE_LOOP('',(#2403,#2404,#2405,#2406));
#525=EDGE_LOOP('',(#2407,#2408,#2409,#2410));
#526=EDGE_LOOP('',(#2411,#2412,#2413,#2414));
#527=EDGE_LOOP('',(#2415,#2416,#2417,#2418));
#528=EDGE_LOOP('',(#2419,#2420,#2421,#2422));
#529=EDGE_LOOP('',(#2423,#2424,#2425,#2426));
#530=EDGE_LOOP('',(#2427));
#531=EDGE_LOOP('',(#2428));
#532=EDGE_LOOP('',(#2429,#2430,#2431,#2432));
#533=EDGE_LOOP('',(#2433));
#534=EDGE_LOOP('',(#2434));
#535=EDGE_LOOP('',(#2435,#2436,#2437,#2438));
#536=EDGE_LOOP('',(#2439));
#537=EDGE_LOOP('',(#2440));
#538=EDGE_LOOP('',(#2441,#2442,#2443,#2444));
#539=EDGE_LOOP('',(#2445));
#540=EDGE_LOOP('',(#2446));
#541=EDGE_LOOP('',(#2447,#2448,#2449,#2450));
#542=EDGE_LOOP('',(#2451));
#543=EDGE_LOOP('',(#2452));
#544=EDGE_LOOP('',(#2453,#2454,#2455,#2456));
#545=EDGE_LOOP('',(#2457));
#546=EDGE_LOOP('',(#2458));
#547=EDGE_LOOP('',(#2459,#2460,#2461,#2462));
#548=EDGE_LOOP('',(#2463));
#549=EDGE_LOOP('',(#2464));
#550=EDGE_LOOP('',(#2465,#2466,#2467,#2468));
#551=EDGE_LOOP('',(#2469));
#552=EDGE_LOOP('',(#2470));
#553=EDGE_LOOP('',(#2471,#2472,#2473,#2474));
#554=EDGE_LOOP('',(#2475));
#555=EDGE_LOOP('',(#2476));
#556=EDGE_LOOP('',(#2477,#2478,#2479,#2480));
#557=EDGE_LOOP('',(#2481));
#558=EDGE_LOOP('',(#2482));
#559=EDGE_LOOP('',(#2483,#2484,#2485,#2486));
#560=EDGE_LOOP('',(#2487,#2488,#2489,#2490));
#561=EDGE_LOOP('',(#2491,#2492,#2493,#2494));
#562=EDGE_LOOP('',(#2495,#2496,#2497,#2498));
#563=EDGE_LOOP('',(#2499,#2500,#2501,#2502));
#564=EDGE_LOOP('',(#2503,#2504,#2505,#2506));
#565=EDGE_LOOP('',(#2507,#2508,#2509,#2510));
#566=EDGE_LOOP('',(#2511,#2512,#2513,#2514));
#567=EDGE_LOOP('',(#2515,#2516,#2517,#2518));
#568=EDGE_LOOP('',(#2519,#2520,#2521,#2522));
#569=EDGE_LOOP('',(#2523,#2524,#2525,#2526));
#570=EDGE_LOOP('',(#2527,#2528,#2529,#2530));
#571=EDGE_LOOP('',(#2531,#2532,#2533,#2534));
#572=EDGE_LOOP('',(#2535,#2536,#2537,#2538));
#573=EDGE_LOOP('',(#2539,#2540,#2541,#2542));
#574=EDGE_LOOP('',(#2543,#2544,#2545,#2546));
#575=EDGE_LOOP('',(#2547,#2548,#2549,#2550));
#576=EDGE_LOOP('',(#2551,#2552,#2553,#2554));
#577=EDGE_LOOP('',(#2555,#2556,#2557,#2558));
#578=EDGE_LOOP('',(#2559,#2560,#2561,#2562));
#579=EDGE_LOOP('',(#2563,#2564,#2565,#2566));
#580=EDGE_LOOP('',(#2567,#2568,#2569,#2570));
#581=EDGE_LOOP('',(#2571,#2572,#2573,#2574));
#582=EDGE_LOOP('',(#2575,#2576,#2577,#2578));
#583=EDGE_LOOP('',(#2579,#2580,#2581,#2582));
#584=EDGE_LOOP('',(#2583,#2584,#2585,#2586));
#585=EDGE_LOOP('',(#2587,#2588,#2589,#2590));
#586=EDGE_LOOP('',(#2591,#2592,#2593,#2594));
#587=EDGE_LOOP('',(#2595,#2596,#2597,#2598));
#588=EDGE_LOOP('',(#2599,#2600,#2601,#2602));
#589=EDGE_LOOP('',(#2603,#2604,#2605,#2606));
#590=EDGE_LOOP('',(#2607,#2608,#2609,#2610));
#591=EDGE_LOOP('',(#2611,#2612,#2613,#2614));
#592=EDGE_LOOP('',(#2615,#2616,#2617,#2618));
#593=EDGE_LOOP('',(#2619,#2620,#2621,#2622));
#594=EDGE_LOOP('',(#2623,#2624,#2625,#2626));
#595=EDGE_LOOP('',(#2627,#2628,#2629,#2630));
#596=EDGE_LOOP('',(#2631,#2632,#2633,#2634));
#597=EDGE_LOOP('',(#2635,#2636,#2637,#2638));
#598=EDGE_LOOP('',(#2639,#2640,#2641,#2642));
#599=EDGE_LOOP('',(#2643,#2644,#2645,#2646));
#600=EDGE_LOOP('',(#2647,#2648,#2649,#2650));
#601=EDGE_LOOP('',(#2651,#2652,#2653,#2654));
#602=EDGE_LOOP('',(#2655,#2656,#2657,#2658));
#603=EDGE_LOOP('',(#2659,#2660,#2661,#2662));
#604=EDGE_LOOP('',(#2663,#2664,#2665,#2666));
#605=EDGE_LOOP('',(#2667,#2668,#2669,#2670));
#606=EDGE_LOOP('',(#2671,#2672,#2673,#2674));
#607=EDGE_LOOP('',(#2675,#2676,#2677,#2678));
#608=EDGE_LOOP('',(#2679,#2680,#2681,#2682));
#609=EDGE_LOOP('',(#2683,#2684,#2685,#2686));
#610=EDGE_LOOP('',(#2687,#2688,#2689,#2690));
#611=EDGE_LOOP('',(#2691,#2692,#2693,#2694));
#612=EDGE_LOOP('',(#2695,#2696,#2697,#2698));
#613=LINE('',#4390,#963);
#614=LINE('',#4392,#964);
#615=LINE('',#4394,#965);
#616=LINE('',#4395,#966);
#617=LINE('',#4398,#967);
#618=LINE('',#4400,#968);
#619=LINE('',#4401,#969);
#620=LINE('',#4404,#970);
#621=LINE('',#4406,#971);
#622=LINE('',#4407,#972);
#623=LINE('',#4409,#973);
#624=LINE('',#4410,#974);
#625=LINE('',#4417,#975);
#626=LINE('',#4419,#976);
#627=LINE('',#4421,#977);
#628=LINE('',#4422,#978);
#629=LINE('',#4425,#979);
#630=LINE('',#4427,#980);
#631=LINE('',#4428,#981);
#632=LINE('',#4431,#982);
#633=LINE('',#4433,#983);
#634=LINE('',#4434,#984);
#635=LINE('',#4436,#985);
#636=LINE('',#4437,#986);
#637=LINE('',#4443,#987);
#638=LINE('',#4445,#988);
#639=LINE('',#4447,#989);
#640=LINE('',#4448,#990);
#641=LINE('',#4451,#991);
#642=LINE('',#4453,#992);
#643=LINE('',#4454,#993);
#644=LINE('',#4457,#994);
#645=LINE('',#4459,#995);
#646=LINE('',#4460,#996);
#647=LINE('',#4462,#997);
#648=LINE('',#4463,#998);
#649=LINE('',#4469,#999);
#650=LINE('',#4471,#1000);
#651=LINE('',#4473,#1001);
#652=LINE('',#4474,#1002);
#653=LINE('',#4477,#1003);
#654=LINE('',#4479,#1004);
#655=LINE('',#4480,#1005);
#656=LINE('',#4483,#1006);
#657=LINE('',#4485,#1007);
#658=LINE('',#4486,#1008);
#659=LINE('',#4488,#1009);
#660=LINE('',#4489,#1010);
#661=LINE('',#4495,#1011);
#662=LINE('',#4497,#1012);
#663=LINE('',#4499,#1013);
#664=LINE('',#4500,#1014);
#665=LINE('',#4503,#1015);
#666=LINE('',#4505,#1016);
#667=LINE('',#4506,#1017);
#668=LINE('',#4509,#1018);
#669=LINE('',#4511,#1019);
#670=LINE('',#4512,#1020);
#671=LINE('',#4514,#1021);
#672=LINE('',#4515,#1022);
#673=LINE('',#4521,#1023);
#674=LINE('',#4523,#1024);
#675=LINE('',#4525,#1025);
#676=LINE('',#4526,#1026);
#677=LINE('',#4529,#1027);
#678=LINE('',#4531,#1028);
#679=LINE('',#4532,#1029);
#680=LINE('',#4535,#1030);
#681=LINE('',#4537,#1031);
#682=LINE('',#4538,#1032);
#683=LINE('',#4540,#1033);
#684=LINE('',#4541,#1034);
#685=LINE('',#4547,#1035);
#686=LINE('',#4549,#1036);
#687=LINE('',#4551,#1037);
#688=LINE('',#4552,#1038);
#689=LINE('',#4555,#1039);
#690=LINE('',#4557,#1040);
#691=LINE('',#4558,#1041);
#692=LINE('',#4561,#1042);
#693=LINE('',#4563,#1043);
#694=LINE('',#4564,#1044);
#695=LINE('',#4566,#1045);
#696=LINE('',#4567,#1046);
#697=LINE('',#4573,#1047);
#698=LINE('',#4575,#1048);
#699=LINE('',#4577,#1049);
#700=LINE('',#4578,#1050);
#701=LINE('',#4581,#1051);
#702=LINE('',#4583,#1052);
#703=LINE('',#4584,#1053);
#704=LINE('',#4587,#1054);
#705=LINE('',#4589,#1055);
#706=LINE('',#4590,#1056);
#707=LINE('',#4592,#1057);
#708=LINE('',#4593,#1058);
#709=LINE('',#4599,#1059);
#710=LINE('',#4601,#1060);
#711=LINE('',#4603,#1061);
#712=LINE('',#4604,#1062);
#713=LINE('',#4607,#1063);
#714=LINE('',#4609,#1064);
#715=LINE('',#4610,#1065);
#716=LINE('',#4613,#1066);
#717=LINE('',#4615,#1067);
#718=LINE('',#4616,#1068);
#719=LINE('',#4618,#1069);
#720=LINE('',#4619,#1070);
#721=LINE('',#4625,#1071);
#722=LINE('',#4627,#1072);
#723=LINE('',#4629,#1073);
#724=LINE('',#4630,#1074);
#725=LINE('',#4633,#1075);
#726=LINE('',#4635,#1076);
#727=LINE('',#4636,#1077);
#728=LINE('',#4639,#1078);
#729=LINE('',#4641,#1079);
#730=LINE('',#4642,#1080);
#731=LINE('',#4644,#1081);
#732=LINE('',#4645,#1082);
#733=LINE('',#4651,#1083);
#734=LINE('',#4653,#1084);
#735=LINE('',#4655,#1085);
#736=LINE('',#4656,#1086);
#737=LINE('',#4659,#1087);
#738=LINE('',#4661,#1088);
#739=LINE('',#4662,#1089);
#740=LINE('',#4665,#1090);
#741=LINE('',#4667,#1091);
#742=LINE('',#4668,#1092);
#743=LINE('',#4670,#1093);
#744=LINE('',#4671,#1094);
#745=LINE('',#4678,#1095);
#746=LINE('',#4686,#1096);
#747=LINE('',#4694,#1097);
#748=LINE('',#4702,#1098);
#749=LINE('',#4710,#1099);
#750=LINE('',#4712,#1100);
#751=LINE('',#4714,#1101);
#752=LINE('',#4715,#1102);
#753=LINE('',#4718,#1103);
#754=LINE('',#4720,#1104);
#755=LINE('',#4721,#1105);
#756=LINE('',#4724,#1106);
#757=LINE('',#4726,#1107);
#758=LINE('',#4727,#1108);
#759=LINE('',#4729,#1109);
#760=LINE('',#4730,#1110);
#761=LINE('',#4737,#1111);
#762=LINE('',#4739,#1112);
#763=LINE('',#4741,#1113);
#764=LINE('',#4742,#1114);
#765=LINE('',#4745,#1115);
#766=LINE('',#4747,#1116);
#767=LINE('',#4748,#1117);
#768=LINE('',#4751,#1118);
#769=LINE('',#4753,#1119);
#770=LINE('',#4754,#1120);
#771=LINE('',#4756,#1121);
#772=LINE('',#4757,#1122);
#773=LINE('',#4764,#1123);
#774=LINE('',#4766,#1124);
#775=LINE('',#4768,#1125);
#776=LINE('',#4769,#1126);
#777=LINE('',#4772,#1127);
#778=LINE('',#4774,#1128);
#779=LINE('',#4775,#1129);
#780=LINE('',#4778,#1130);
#781=LINE('',#4780,#1131);
#782=LINE('',#4781,#1132);
#783=LINE('',#4783,#1133);
#784=LINE('',#4784,#1134);
#785=LINE('',#4790,#1135);
#786=LINE('',#4792,#1136);
#787=LINE('',#4794,#1137);
#788=LINE('',#4795,#1138);
#789=LINE('',#4798,#1139);
#790=LINE('',#4800,#1140);
#791=LINE('',#4801,#1141);
#792=LINE('',#4804,#1142);
#793=LINE('',#4806,#1143);
#794=LINE('',#4807,#1144);
#795=LINE('',#4809,#1145);
#796=LINE('',#4810,#1146);
#797=LINE('',#4816,#1147);
#798=LINE('',#4818,#1148);
#799=LINE('',#4820,#1149);
#800=LINE('',#4821,#1150);
#801=LINE('',#4824,#1151);
#802=LINE('',#4826,#1152);
#803=LINE('',#4827,#1153);
#804=LINE('',#4830,#1154);
#805=LINE('',#4832,#1155);
#806=LINE('',#4833,#1156);
#807=LINE('',#4835,#1157);
#808=LINE('',#4836,#1158);
#809=LINE('',#4843,#1159);
#810=LINE('',#4845,#1160);
#811=LINE('',#4847,#1161);
#812=LINE('',#4848,#1162);
#813=LINE('',#4851,#1163);
#814=LINE('',#4853,#1164);
#815=LINE('',#4854,#1165);
#816=LINE('',#4857,#1166);
#817=LINE('',#4859,#1167);
#818=LINE('',#4860,#1168);
#819=LINE('',#4862,#1169);
#820=LINE('',#4863,#1170);
#821=LINE('',#4869,#1171);
#822=LINE('',#4871,#1172);
#823=LINE('',#4873,#1173);
#824=LINE('',#4874,#1174);
#825=LINE('',#4877,#1175);
#826=LINE('',#4879,#1176);
#827=LINE('',#4880,#1177);
#828=LINE('',#4883,#1178);
#829=LINE('',#4885,#1179);
#830=LINE('',#4886,#1180);
#831=LINE('',#4888,#1181);
#832=LINE('',#4889,#1182);
#833=LINE('',#4895,#1183);
#834=LINE('',#4897,#1184);
#835=LINE('',#4899,#1185);
#836=LINE('',#4900,#1186);
#837=LINE('',#4903,#1187);
#838=LINE('',#4905,#1188);
#839=LINE('',#4906,#1189);
#840=LINE('',#4909,#1190);
#841=LINE('',#4911,#1191);
#842=LINE('',#4912,#1192);
#843=LINE('',#4914,#1193);
#844=LINE('',#4915,#1194);
#845=LINE('',#4923,#1195);
#846=LINE('',#4931,#1196);
#847=LINE('',#4939,#1197);
#848=LINE('',#4947,#1198);
#849=LINE('',#4955,#1199);
#850=LINE('',#4963,#1200);
#851=LINE('',#4971,#1201);
#852=LINE('',#4979,#1202);
#853=LINE('',#4987,#1203);
#854=LINE('',#4995,#1204);
#855=LINE('',#5003,#1205);
#856=LINE('',#5005,#1206);
#857=LINE('',#5007,#1207);
#858=LINE('',#5008,#1208);
#859=LINE('',#5011,#1209);
#860=LINE('',#5013,#1210);
#861=LINE('',#5014,#1211);
#862=LINE('',#5017,#1212);
#863=LINE('',#5019,#1213);
#864=LINE('',#5020,#1214);
#865=LINE('',#5022,#1215);
#866=LINE('',#5023,#1216);
#867=LINE('',#5029,#1217);
#868=LINE('',#5031,#1218);
#869=LINE('',#5033,#1219);
#870=LINE('',#5034,#1220);
#871=LINE('',#5037,#1221);
#872=LINE('',#5039,#1222);
#873=LINE('',#5040,#1223);
#874=LINE('',#5043,#1224);
#875=LINE('',#5045,#1225);
#876=LINE('',#5046,#1226);
#877=LINE('',#5048,#1227);
#878=LINE('',#5049,#1228);
#879=LINE('',#5055,#1229);
#880=LINE('',#5057,#1230);
#881=LINE('',#5059,#1231);
#882=LINE('',#5060,#1232);
#883=LINE('',#5063,#1233);
#884=LINE('',#5065,#1234);
#885=LINE('',#5066,#1235);
#886=LINE('',#5069,#1236);
#887=LINE('',#5071,#1237);
#888=LINE('',#5072,#1238);
#889=LINE('',#5074,#1239);
#890=LINE('',#5075,#1240);
#891=LINE('',#5081,#1241);
#892=LINE('',#5083,#1242);
#893=LINE('',#5085,#1243);
#894=LINE('',#5086,#1244);
#895=LINE('',#5089,#1245);
#896=LINE('',#5091,#1246);
#897=LINE('',#5092,#1247);
#898=LINE('',#5095,#1248);
#899=LINE('',#5097,#1249);
#900=LINE('',#5098,#1250);
#901=LINE('',#5100,#1251);
#902=LINE('',#5101,#1252);
#903=LINE('',#5107,#1253);
#904=LINE('',#5109,#1254);
#905=LINE('',#5111,#1255);
#906=LINE('',#5112,#1256);
#907=LINE('',#5115,#1257);
#908=LINE('',#5117,#1258);
#909=LINE('',#5118,#1259);
#910=LINE('',#5121,#1260);
#911=LINE('',#5123,#1261);
#912=LINE('',#5124,#1262);
#913=LINE('',#5126,#1263);
#914=LINE('',#5127,#1264);
#915=LINE('',#5133,#1265);
#916=LINE('',#5135,#1266);
#917=LINE('',#5137,#1267);
#918=LINE('',#5138,#1268);
#919=LINE('',#5141,#1269);
#920=LINE('',#5143,#1270);
#921=LINE('',#5144,#1271);
#922=LINE('',#5147,#1272);
#923=LINE('',#5149,#1273);
#924=LINE('',#5150,#1274);
#925=LINE('',#5152,#1275);
#926=LINE('',#5153,#1276);
#927=LINE('',#5159,#1277);
#928=LINE('',#5161,#1278);
#929=LINE('',#5163,#1279);
#930=LINE('',#5164,#1280);
#931=LINE('',#5167,#1281);
#932=LINE('',#5169,#1282);
#933=LINE('',#5170,#1283);
#934=LINE('',#5173,#1284);
#935=LINE('',#5175,#1285);
#936=LINE('',#5176,#1286);
#937=LINE('',#5178,#1287);
#938=LINE('',#5179,#1288);
#939=LINE('',#5185,#1289);
#940=LINE('',#5187,#1290);
#941=LINE('',#5189,#1291);
#942=LINE('',#5190,#1292);
#943=LINE('',#5193,#1293);
#944=LINE('',#5195,#1294);
#945=LINE('',#5196,#1295);
#946=LINE('',#5199,#1296);
#947=LINE('',#5201,#1297);
#948=LINE('',#5202,#1298);
#949=LINE('',#5204,#1299);
#950=LINE('',#5205,#1300);
#951=LINE('',#5211,#1301);
#952=LINE('',#5213,#1302);
#953=LINE('',#5215,#1303);
#954=LINE('',#5216,#1304);
#955=LINE('',#5219,#1305);
#956=LINE('',#5221,#1306);
#957=LINE('',#5222,#1307);
#958=LINE('',#5225,#1308);
#959=LINE('',#5227,#1309);
#960=LINE('',#5228,#1310);
#961=LINE('',#5230,#1311);
#962=LINE('',#5231,#1312);
#963=VECTOR('',#3523,10.);
#964=VECTOR('',#3524,10.);
#965=VECTOR('',#3525,10.);
#966=VECTOR('',#3526,10.);
#967=VECTOR('',#3529,10.);
#968=VECTOR('',#3530,10.);
#969=VECTOR('',#3531,10.);
#970=VECTOR('',#3534,10.);
#971=VECTOR('',#3535,10.);
#972=VECTOR('',#3536,10.);
#973=VECTOR('',#3539,10.);
#974=VECTOR('',#3540,10.);
#975=VECTOR('',#3549,10.);
#976=VECTOR('',#3550,10.);
#977=VECTOR('',#3551,10.);
#978=VECTOR('',#3552,10.);
#979=VECTOR('',#3555,10.);
#980=VECTOR('',#3556,10.);
#981=VECTOR('',#3557,10.);
#982=VECTOR('',#3560,10.);
#983=VECTOR('',#3561,10.);
#984=VECTOR('',#3562,10.);
#985=VECTOR('',#3565,10.);
#986=VECTOR('',#3566,10.);
#987=VECTOR('',#3573,10.);
#988=VECTOR('',#3574,10.);
#989=VECTOR('',#3575,10.);
#990=VECTOR('',#3576,10.);
#991=VECTOR('',#3579,10.);
#992=VECTOR('',#3580,10.);
#993=VECTOR('',#3581,10.);
#994=VECTOR('',#3584,10.);
#995=VECTOR('',#3585,10.);
#996=VECTOR('',#3586,10.);
#997=VECTOR('',#3589,10.);
#998=VECTOR('',#3590,10.);
#999=VECTOR('',#3597,10.);
#1000=VECTOR('',#3598,10.);
#1001=VECTOR('',#3599,10.);
#1002=VECTOR('',#3600,10.);
#1003=VECTOR('',#3603,10.);
#1004=VECTOR('',#3604,10.);
#1005=VECTOR('',#3605,10.);
#1006=VECTOR('',#3608,10.);
#1007=VECTOR('',#3609,10.);
#1008=VECTOR('',#3610,10.);
#1009=VECTOR('',#3613,10.);
#1010=VECTOR('',#3614,10.);
#1011=VECTOR('',#3621,10.);
#1012=VECTOR('',#3622,10.);
#1013=VECTOR('',#3623,10.);
#1014=VECTOR('',#3624,10.);
#1015=VECTOR('',#3627,10.);
#1016=VECTOR('',#3628,10.);
#1017=VECTOR('',#3629,10.);
#1018=VECTOR('',#3632,10.);
#1019=VECTOR('',#3633,10.);
#1020=VECTOR('',#3634,10.);
#1021=VECTOR('',#3637,10.);
#1022=VECTOR('',#3638,10.);
#1023=VECTOR('',#3645,10.);
#1024=VECTOR('',#3646,10.);
#1025=VECTOR('',#3647,10.);
#1026=VECTOR('',#3648,10.);
#1027=VECTOR('',#3651,10.);
#1028=VECTOR('',#3652,10.);
#1029=VECTOR('',#3653,10.);
#1030=VECTOR('',#3656,10.);
#1031=VECTOR('',#3657,10.);
#1032=VECTOR('',#3658,10.);
#1033=VECTOR('',#3661,10.);
#1034=VECTOR('',#3662,10.);
#1035=VECTOR('',#3669,10.);
#1036=VECTOR('',#3670,10.);
#1037=VECTOR('',#3671,10.);
#1038=VECTOR('',#3672,10.);
#1039=VECTOR('',#3675,10.);
#1040=VECTOR('',#3676,10.);
#1041=VECTOR('',#3677,10.);
#1042=VECTOR('',#3680,10.);
#1043=VECTOR('',#3681,10.);
#1044=VECTOR('',#3682,10.);
#1045=VECTOR('',#3685,10.);
#1046=VECTOR('',#3686,10.);
#1047=VECTOR('',#3693,10.);
#1048=VECTOR('',#3694,10.);
#1049=VECTOR('',#3695,10.);
#1050=VECTOR('',#3696,10.);
#1051=VECTOR('',#3699,10.);
#1052=VECTOR('',#3700,10.);
#1053=VECTOR('',#3701,10.);
#1054=VECTOR('',#3704,10.);
#1055=VECTOR('',#3705,10.);
#1056=VECTOR('',#3706,10.);
#1057=VECTOR('',#3709,10.);
#1058=VECTOR('',#3710,10.);
#1059=VECTOR('',#3717,10.);
#1060=VECTOR('',#3718,10.);
#1061=VECTOR('',#3719,10.);
#1062=VECTOR('',#3720,10.);
#1063=VECTOR('',#3723,10.);
#1064=VECTOR('',#3724,10.);
#1065=VECTOR('',#3725,10.);
#1066=VECTOR('',#3728,10.);
#1067=VECTOR('',#3729,10.);
#1068=VECTOR('',#3730,10.);
#1069=VECTOR('',#3733,10.);
#1070=VECTOR('',#3734,10.);
#1071=VECTOR('',#3741,10.);
#1072=VECTOR('',#3742,10.);
#1073=VECTOR('',#3743,10.);
#1074=VECTOR('',#3744,10.);
#1075=VECTOR('',#3747,10.);
#1076=VECTOR('',#3748,10.);
#1077=VECTOR('',#3749,10.);
#1078=VECTOR('',#3752,10.);
#1079=VECTOR('',#3753,10.);
#1080=VECTOR('',#3754,10.);
#1081=VECTOR('',#3757,10.);
#1082=VECTOR('',#3758,10.);
#1083=VECTOR('',#3765,10.);
#1084=VECTOR('',#3766,10.);
#1085=VECTOR('',#3767,10.);
#1086=VECTOR('',#3768,10.);
#1087=VECTOR('',#3771,10.);
#1088=VECTOR('',#3772,10.);
#1089=VECTOR('',#3773,10.);
#1090=VECTOR('',#3776,10.);
#1091=VECTOR('',#3777,10.);
#1092=VECTOR('',#3778,10.);
#1093=VECTOR('',#3781,10.);
#1094=VECTOR('',#3782,10.);
#1095=VECTOR('',#3791,32.);
#1096=VECTOR('',#3802,32.);
#1097=VECTOR('',#3813,32.);
#1098=VECTOR('',#3824,32.);
#1099=VECTOR('',#3835,10.);
#1100=VECTOR('',#3836,10.);
#1101=VECTOR('',#3837,10.);
#1102=VECTOR('',#3838,10.);
#1103=VECTOR('',#3841,10.);
#1104=VECTOR('',#3842,10.);
#1105=VECTOR('',#3843,10.);
#1106=VECTOR('',#3846,10.);
#1107=VECTOR('',#3847,10.);
#1108=VECTOR('',#3848,10.);
#1109=VECTOR('',#3851,10.);
#1110=VECTOR('',#3852,10.);
#1111=VECTOR('',#3861,10.);
#1112=VECTOR('',#3862,10.);
#1113=VECTOR('',#3863,10.);
#1114=VECTOR('',#3864,10.);
#1115=VECTOR('',#3867,10.);
#1116=VECTOR('',#3868,10.);
#1117=VECTOR('',#3869,10.);
#1118=VECTOR('',#3872,10.);
#1119=VECTOR('',#3873,10.);
#1120=VECTOR('',#3874,10.);
#1121=VECTOR('',#3877,10.);
#1122=VECTOR('',#3878,10.);
#1123=VECTOR('',#3887,10.);
#1124=VECTOR('',#3888,10.);
#1125=VECTOR('',#3889,10.);
#1126=VECTOR('',#3890,10.);
#1127=VECTOR('',#3893,10.);
#1128=VECTOR('',#3894,10.);
#1129=VECTOR('',#3895,10.);
#1130=VECTOR('',#3898,10.);
#1131=VECTOR('',#3899,10.);
#1132=VECTOR('',#3900,10.);
#1133=VECTOR('',#3903,10.);
#1134=VECTOR('',#3904,10.);
#1135=VECTOR('',#3911,10.);
#1136=VECTOR('',#3912,10.);
#1137=VECTOR('',#3913,10.);
#1138=VECTOR('',#3914,10.);
#1139=VECTOR('',#3917,10.);
#1140=VECTOR('',#3918,10.);
#1141=VECTOR('',#3919,10.);
#1142=VECTOR('',#3922,10.);
#1143=VECTOR('',#3923,10.);
#1144=VECTOR('',#3924,10.);
#1145=VECTOR('',#3927,10.);
#1146=VECTOR('',#3928,10.);
#1147=VECTOR('',#3935,10.);
#1148=VECTOR('',#3936,10.);
#1149=VECTOR('',#3937,10.);
#1150=VECTOR('',#3938,10.);
#1151=VECTOR('',#3941,10.);
#1152=VECTOR('',#3942,10.);
#1153=VECTOR('',#3943,10.);
#1154=VECTOR('',#3946,10.);
#1155=VECTOR('',#3947,10.);
#1156=VECTOR('',#3948,10.);
#1157=VECTOR('',#3951,10.);
#1158=VECTOR('',#3952,10.);
#1159=VECTOR('',#3961,10.);
#1160=VECTOR('',#3962,10.);
#1161=VECTOR('',#3963,10.);
#1162=VECTOR('',#3964,10.);
#1163=VECTOR('',#3967,10.);
#1164=VECTOR('',#3968,10.);
#1165=VECTOR('',#3969,10.);
#1166=VECTOR('',#3972,10.);
#1167=VECTOR('',#3973,10.);
#1168=VECTOR('',#3974,10.);
#1169=VECTOR('',#3977,10.);
#1170=VECTOR('',#3978,10.);
#1171=VECTOR('',#3985,10.);
#1172=VECTOR('',#3986,10.);
#1173=VECTOR('',#3987,10.);
#1174=VECTOR('',#3988,10.);
#1175=VECTOR('',#3991,10.);
#1176=VECTOR('',#3992,10.);
#1177=VECTOR('',#3993,10.);
#1178=VECTOR('',#3996,10.);
#1179=VECTOR('',#3997,10.);
#1180=VECTOR('',#3998,10.);
#1181=VECTOR('',#4001,10.);
#1182=VECTOR('',#4002,10.);
#1183=VECTOR('',#4009,10.);
#1184=VECTOR('',#4010,10.);
#1185=VECTOR('',#4011,10.);
#1186=VECTOR('',#4012,10.);
#1187=VECTOR('',#4015,10.);
#1188=VECTOR('',#4016,10.);
#1189=VECTOR('',#4017,10.);
#1190=VECTOR('',#4020,10.);
#1191=VECTOR('',#4021,10.);
#1192=VECTOR('',#4022,10.);
#1193=VECTOR('',#4025,10.);
#1194=VECTOR('',#4026,10.);
#1195=VECTOR('',#4037,6.);
#1196=VECTOR('',#4048,3.9);
#1197=VECTOR('',#4059,6.);
#1198=VECTOR('',#4070,3.9);
#1199=VECTOR('',#4081,6.);
#1200=VECTOR('',#4092,3.9);
#1201=VECTOR('',#4103,10.);
#1202=VECTOR('',#4114,6.5);
#1203=VECTOR('',#4125,5.);
#1204=VECTOR('',#4136,3.25);
#1205=VECTOR('',#4147,10.);
#1206=VECTOR('',#4148,10.);
#1207=VECTOR('',#4149,10.);
#1208=VECTOR('',#4150,10.);
#1209=VECTOR('',#4153,10.);
#1210=VECTOR('',#4154,10.);
#1211=VECTOR('',#4155,10.);
#1212=VECTOR('',#4158,10.);
#1213=VECTOR('',#4159,10.);
#1214=VECTOR('',#4160,10.);
#1215=VECTOR('',#4163,10.);
#1216=VECTOR('',#4164,10.);
#1217=VECTOR('',#4171,10.);
#1218=VECTOR('',#4172,10.);
#1219=VECTOR('',#4173,10.);
#1220=VECTOR('',#4174,10.);
#1221=VECTOR('',#4177,10.);
#1222=VECTOR('',#4178,10.);
#1223=VECTOR('',#4179,10.);
#1224=VECTOR('',#4182,10.);
#1225=VECTOR('',#4183,10.);
#1226=VECTOR('',#4184,10.);
#1227=VECTOR('',#4187,10.);
#1228=VECTOR('',#4188,10.);
#1229=VECTOR('',#4195,10.);
#1230=VECTOR('',#4196,10.);
#1231=VECTOR('',#4197,10.);
#1232=VECTOR('',#4198,10.);
#1233=VECTOR('',#4201,10.);
#1234=VECTOR('',#4202,10.);
#1235=VECTOR('',#4203,10.);
#1236=VECTOR('',#4206,10.);
#1237=VECTOR('',#4207,10.);
#1238=VECTOR('',#4208,10.);
#1239=VECTOR('',#4211,10.);
#1240=VECTOR('',#4212,10.);
#1241=VECTOR('',#4219,10.);
#1242=VECTOR('',#4220,10.);
#1243=VECTOR('',#4221,10.);
#1244=VECTOR('',#4222,10.);
#1245=VECTOR('',#4225,10.);
#1246=VECTOR('',#4226,10.);
#1247=VECTOR('',#4227,10.);
#1248=VECTOR('',#4230,10.);
#1249=VECTOR('',#4231,10.);
#1250=VECTOR('',#4232,10.);
#1251=VECTOR('',#4235,10.);
#1252=VECTOR('',#4236,10.);
#1253=VECTOR('',#4243,10.);
#1254=VECTOR('',#4244,10.);
#1255=VECTOR('',#4245,10.);
#1256=VECTOR('',#4246,10.);
#1257=VECTOR('',#4249,10.);
#1258=VECTOR('',#4250,10.);
#1259=VECTOR('',#4251,10.);
#1260=VECTOR('',#4254,10.);
#1261=VECTOR('',#4255,10.);
#1262=VECTOR('',#4256,10.);
#1263=VECTOR('',#4259,10.);
#1264=VECTOR('',#4260,10.);
#1265=VECTOR('',#4267,10.);
#1266=VECTOR('',#4268,10.);
#1267=VECTOR('',#4269,10.);
#1268=VECTOR('',#4270,10.);
#1269=VECTOR('',#4273,10.);
#1270=VECTOR('',#4274,10.);
#1271=VECTOR('',#4275,10.);
#1272=VECTOR('',#4278,10.);
#1273=VECTOR('',#4279,10.);
#1274=VECTOR('',#4280,10.);
#1275=VECTOR('',#4283,10.);
#1276=VECTOR('',#4284,10.);
#1277=VECTOR('',#4291,10.);
#1278=VECTOR('',#4292,10.);
#1279=VECTOR('',#4293,10.);
#1280=VECTOR('',#4294,10.);
#1281=VECTOR('',#4297,10.);
#1282=VECTOR('',#4298,10.);
#1283=VECTOR('',#4299,10.);
#1284=VECTOR('',#4302,10.);
#1285=VECTOR('',#4303,10.);
#1286=VECTOR('',#4304,10.);
#1287=VECTOR('',#4307,10.);
#1288=VECTOR('',#4308,10.);
#1289=VECTOR('',#4315,10.);
#1290=VECTOR('',#4316,10.);
#1291=VECTOR('',#4317,10.);
#1292=VECTOR('',#4318,10.);
#1293=VECTOR('',#4321,10.);
#1294=VECTOR('',#4322,10.);
#1295=VECTOR('',#4323,10.);
#1296=VECTOR('',#4326,10.);
#1297=VECTOR('',#4327,10.);
#1298=VECTOR('',#4328,10.);
#1299=VECTOR('',#4331,10.);
#1300=VECTOR('',#4332,10.);
#1301=VECTOR('',#4339,10.);
#1302=VECTOR('',#4340,10.);
#1303=VECTOR('',#4341,10.);
#1304=VECTOR('',#4342,10.);
#1305=VECTOR('',#4345,10.);
#1306=VECTOR('',#4346,10.);
#1307=VECTOR('',#4347,10.);
#1308=VECTOR('',#4350,10.);
#1309=VECTOR('',#4351,10.);
#1310=VECTOR('',#4352,10.);
#1311=VECTOR('',#4355,10.);
#1312=VECTOR('',#4356,10.);
#1313=VERTEX_POINT('',#4388);
#1314=VERTEX_POINT('',#4389);
#1315=VERTEX_POINT('',#4391);
#1316=VERTEX_POINT('',#4393);
#1317=VERTEX_POINT('',#4397);
#1318=VERTEX_POINT('',#4399);
#1319=VERTEX_POINT('',#4403);
#1320=VERTEX_POINT('',#4405);
#1321=VERTEX_POINT('',#4415);
#1322=VERTEX_POINT('',#4416);
#1323=VERTEX_POINT('',#4418);
#1324=VERTEX_POINT('',#4420);
#1325=VERTEX_POINT('',#4424);
#1326=VERTEX_POINT('',#4426);
#1327=VERTEX_POINT('',#4430);
#1328=VERTEX_POINT('',#4432);
#1329=VERTEX_POINT('',#4441);
#1330=VERTEX_POINT('',#4442);
#1331=VERTEX_POINT('',#4444);
#1332=VERTEX_POINT('',#4446);
#1333=VERTEX_POINT('',#4450);
#1334=VERTEX_POINT('',#4452);
#1335=VERTEX_POINT('',#4456);
#1336=VERTEX_POINT('',#4458);
#1337=VERTEX_POINT('',#4467);
#1338=VERTEX_POINT('',#4468);
#1339=VERTEX_POINT('',#4470);
#1340=VERTEX_POINT('',#4472);
#1341=VERTEX_POINT('',#4476);
#1342=VERTEX_POINT('',#4478);
#1343=VERTEX_POINT('',#4482);
#1344=VERTEX_POINT('',#4484);
#1345=VERTEX_POINT('',#4493);
#1346=VERTEX_POINT('',#4494);
#1347=VERTEX_POINT('',#4496);
#1348=VERTEX_POINT('',#4498);
#1349=VERTEX_POINT('',#4502);
#1350=VERTEX_POINT('',#4504);
#1351=VERTEX_POINT('',#4508);
#1352=VERTEX_POINT('',#4510);
#1353=VERTEX_POINT('',#4519);
#1354=VERTEX_POINT('',#4520);
#1355=VERTEX_POINT('',#4522);
#1356=VERTEX_POINT('',#4524);
#1357=VERTEX_POINT('',#4528);
#1358=VERTEX_POINT('',#4530);
#1359=VERTEX_POINT('',#4534);
#1360=VERTEX_POINT('',#4536);
#1361=VERTEX_POINT('',#4545);
#1362=VERTEX_POINT('',#4546);
#1363=VERTEX_POINT('',#4548);
#1364=VERTEX_POINT('',#4550);
#1365=VERTEX_POINT('',#4554);
#1366=VERTEX_POINT('',#4556);
#1367=VERTEX_POINT('',#4560);
#1368=VERTEX_POINT('',#4562);
#1369=VERTEX_POINT('',#4571);
#1370=VERTEX_POINT('',#4572);
#1371=VERTEX_POINT('',#4574);
#1372=VERTEX_POINT('',#4576);
#1373=VERTEX_POINT('',#4580);
#1374=VERTEX_POINT('',#4582);
#1375=VERTEX_POINT('',#4586);
#1376=VERTEX_POINT('',#4588);
#1377=VERTEX_POINT('',#4597);
#1378=VERTEX_POINT('',#4598);
#1379=VERTEX_POINT('',#4600);
#1380=VERTEX_POINT('',#4602);
#1381=VERTEX_POINT('',#4606);
#1382=VERTEX_POINT('',#4608);
#1383=VERTEX_POINT('',#4612);
#1384=VERTEX_POINT('',#4614);
#1385=VERTEX_POINT('',#4623);
#1386=VERTEX_POINT('',#4624);
#1387=VERTEX_POINT('',#4626);
#1388=VERTEX_POINT('',#4628);
#1389=VERTEX_POINT('',#4632);
#1390=VERTEX_POINT('',#4634);
#1391=VERTEX_POINT('',#4638);
#1392=VERTEX_POINT('',#4640);
#1393=VERTEX_POINT('',#4649);
#1394=VERTEX_POINT('',#4650);
#1395=VERTEX_POINT('',#4652);
#1396=VERTEX_POINT('',#4654);
#1397=VERTEX_POINT('',#4658);
#1398=VERTEX_POINT('',#4660);
#1399=VERTEX_POINT('',#4664);
#1400=VERTEX_POINT('',#4666);
#1401=VERTEX_POINT('',#4675);
#1402=VERTEX_POINT('',#4677);
#1403=VERTEX_POINT('',#4683);
#1404=VERTEX_POINT('',#4685);
#1405=VERTEX_POINT('',#4691);
#1406=VERTEX_POINT('',#4693);
#1407=VERTEX_POINT('',#4699);
#1408=VERTEX_POINT('',#4701);
#1409=VERTEX_POINT('',#4708);
#1410=VERTEX_POINT('',#4709);
#1411=VERTEX_POINT('',#4711);
#1412=VERTEX_POINT('',#4713);
#1413=VERTEX_POINT('',#4717);
#1414=VERTEX_POINT('',#4719);
#1415=VERTEX_POINT('',#4723);
#1416=VERTEX_POINT('',#4725);
#1417=VERTEX_POINT('',#4735);
#1418=VERTEX_POINT('',#4736);
#1419=VERTEX_POINT('',#4738);
#1420=VERTEX_POINT('',#4740);
#1421=VERTEX_POINT('',#4744);
#1422=VERTEX_POINT('',#4746);
#1423=VERTEX_POINT('',#4750);
#1424=VERTEX_POINT('',#4752);
#1425=VERTEX_POINT('',#4762);
#1426=VERTEX_POINT('',#4763);
#1427=VERTEX_POINT('',#4765);
#1428=VERTEX_POINT('',#4767);
#1429=VERTEX_POINT('',#4771);
#1430=VERTEX_POINT('',#4773);
#1431=VERTEX_POINT('',#4777);
#1432=VERTEX_POINT('',#4779);
#1433=VERTEX_POINT('',#4788);
#1434=VERTEX_POINT('',#4789);
#1435=VERTEX_POINT('',#4791);
#1436=VERTEX_POINT('',#4793);
#1437=VERTEX_POINT('',#4797);
#1438=VERTEX_POINT('',#4799);
#1439=VERTEX_POINT('',#4803);
#1440=VERTEX_POINT('',#4805);
#1441=VERTEX_POINT('',#4814);
#1442=VERTEX_POINT('',#4815);
#1443=VERTEX_POINT('',#4817);
#1444=VERTEX_POINT('',#4819);
#1445=VERTEX_POINT('',#4823);
#1446=VERTEX_POINT('',#4825);
#1447=VERTEX_POINT('',#4829);
#1448=VERTEX_POINT('',#4831);
#1449=VERTEX_POINT('',#4841);
#1450=VERTEX_POINT('',#4842);
#1451=VERTEX_POINT('',#4844);
#1452=VERTEX_POINT('',#4846);
#1453=VERTEX_POINT('',#4850);
#1454=VERTEX_POINT('',#4852);
#1455=VERTEX_POINT('',#4856);
#1456=VERTEX_POINT('',#4858);
#1457=VERTEX_POINT('',#4867);
#1458=VERTEX_POINT('',#4868);
#1459=VERTEX_POINT('',#4870);
#1460=VERTEX_POINT('',#4872);
#1461=VERTEX_POINT('',#4876);
#1462=VERTEX_POINT('',#4878);
#1463=VERTEX_POINT('',#4882);
#1464=VERTEX_POINT('',#4884);
#1465=VERTEX_POINT('',#4893);
#1466=VERTEX_POINT('',#4894);
#1467=VERTEX_POINT('',#4896);
#1468=VERTEX_POINT('',#4898);
#1469=VERTEX_POINT('',#4902);
#1470=VERTEX_POINT('',#4904);
#1471=VERTEX_POINT('',#4908);
#1472=VERTEX_POINT('',#4910);
#1473=VERTEX_POINT('',#4920);
#1474=VERTEX_POINT('',#4922);
#1475=VERTEX_POINT('',#4928);
#1476=VERTEX_POINT('',#4930);
#1477=VERTEX_POINT('',#4936);
#1478=VERTEX_POINT('',#4938);
#1479=VERTEX_POINT('',#4944);
#1480=VERTEX_POINT('',#4946);
#1481=VERTEX_POINT('',#4952);
#1482=VERTEX_POINT('',#4954);
#1483=VERTEX_POINT('',#4960);
#1484=VERTEX_POINT('',#4962);
#1485=VERTEX_POINT('',#4968);
#1486=VERTEX_POINT('',#4970);
#1487=VERTEX_POINT('',#4976);
#1488=VERTEX_POINT('',#4978);
#1489=VERTEX_POINT('',#4984);
#1490=VERTEX_POINT('',#4986);
#1491=VERTEX_POINT('',#4992);
#1492=VERTEX_POINT('',#4994);
#1493=VERTEX_POINT('',#5001);
#1494=VERTEX_POINT('',#5002);
#1495=VERTEX_POINT('',#5004);
#1496=VERTEX_POINT('',#5006);
#1497=VERTEX_POINT('',#5010);
#1498=VERTEX_POINT('',#5012);
#1499=VERTEX_POINT('',#5016);
#1500=VERTEX_POINT('',#5018);
#1501=VERTEX_POINT('',#5027);
#1502=VERTEX_POINT('',#5028);
#1503=VERTEX_POINT('',#5030);
#1504=VERTEX_POINT('',#5032);
#1505=VERTEX_POINT('',#5036);
#1506=VERTEX_POINT('',#5038);
#1507=VERTEX_POINT('',#5042);
#1508=VERTEX_POINT('',#5044);
#1509=VERTEX_POINT('',#5053);
#1510=VERTEX_POINT('',#5054);
#1511=VERTEX_POINT('',#5056);
#1512=VERTEX_POINT('',#5058);
#1513=VERTEX_POINT('',#5062);
#1514=VERTEX_POINT('',#5064);
#1515=VERTEX_POINT('',#5068);
#1516=VERTEX_POINT('',#5070);
#1517=VERTEX_POINT('',#5079);
#1518=VERTEX_POINT('',#5080);
#1519=VERTEX_POINT('',#5082);
#1520=VERTEX_POINT('',#5084);
#1521=VERTEX_POINT('',#5088);
#1522=VERTEX_POINT('',#5090);
#1523=VERTEX_POINT('',#5094);
#1524=VERTEX_POINT('',#5096);
#1525=VERTEX_POINT('',#5105);
#1526=VERTEX_POINT('',#5106);
#1527=VERTEX_POINT('',#5108);
#1528=VERTEX_POINT('',#5110);
#1529=VERTEX_POINT('',#5114);
#1530=VERTEX_POINT('',#5116);
#1531=VERTEX_POINT('',#5120);
#1532=VERTEX_POINT('',#5122);
#1533=VERTEX_POINT('',#5131);
#1534=VERTEX_POINT('',#5132);
#1535=VERTEX_POINT('',#5134);
#1536=VERTEX_POINT('',#5136);
#1537=VERTEX_POINT('',#5140);
#1538=VERTEX_POINT('',#5142);
#1539=VERTEX_POINT('',#5146);
#1540=VERTEX_POINT('',#5148);
#1541=VERTEX_POINT('',#5157);
#1542=VERTEX_POINT('',#5158);
#1543=VERTEX_POINT('',#5160);
#1544=VERTEX_POINT('',#5162);
#1545=VERTEX_POINT('',#5166);
#1546=VERTEX_POINT('',#5168);
#1547=VERTEX_POINT('',#5172);
#1548=VERTEX_POINT('',#5174);
#1549=VERTEX_POINT('',#5183);
#1550=VERTEX_POINT('',#5184);
#1551=VERTEX_POINT('',#5186);
#1552=VERTEX_POINT('',#5188);
#1553=VERTEX_POINT('',#5192);
#1554=VERTEX_POINT('',#5194);
#1555=VERTEX_POINT('',#5198);
#1556=VERTEX_POINT('',#5200);
#1557=VERTEX_POINT('',#5209);
#1558=VERTEX_POINT('',#5210);
#1559=VERTEX_POINT('',#5212);
#1560=VERTEX_POINT('',#5214);
#1561=VERTEX_POINT('',#5218);
#1562=VERTEX_POINT('',#5220);
#1563=VERTEX_POINT('',#5224);
#1564=VERTEX_POINT('',#5226);
#1565=EDGE_CURVE('',#1313,#1314,#613,.T.);
#1566=EDGE_CURVE('',#1314,#1315,#614,.T.);
#1567=EDGE_CURVE('',#1316,#1315,#615,.T.);
#1568=EDGE_CURVE('',#1313,#1316,#616,.T.);
#1569=EDGE_CURVE('',#1317,#1313,#617,.T.);
#1570=EDGE_CURVE('',#1318,#1316,#618,.T.);
#1571=EDGE_CURVE('',#1317,#1318,#619,.T.);
#1572=EDGE_CURVE('',#1319,#1317,#620,.T.);
#1573=EDGE_CURVE('',#1320,#1318,#621,.T.);
#1574=EDGE_CURVE('',#1319,#1320,#622,.T.);
#1575=EDGE_CURVE('',#1314,#1319,#623,.T.);
#1576=EDGE_CURVE('',#1315,#1320,#624,.T.);
#1577=EDGE_CURVE('',#1321,#1322,#625,.T.);
#1578=EDGE_CURVE('',#1322,#1323,#626,.T.);
#1579=EDGE_CURVE('',#1324,#1323,#627,.T.);
#1580=EDGE_CURVE('',#1321,#1324,#628,.T.);
#1581=EDGE_CURVE('',#1325,#1321,#629,.T.);
#1582=EDGE_CURVE('',#1326,#1324,#630,.T.);
#1583=EDGE_CURVE('',#1325,#1326,#631,.T.);
#1584=EDGE_CURVE('',#1327,#1325,#632,.T.);
#1585=EDGE_CURVE('',#1328,#1326,#633,.T.);
#1586=EDGE_CURVE('',#1327,#1328,#634,.T.);
#1587=EDGE_CURVE('',#1322,#1327,#635,.T.);
#1588=EDGE_CURVE('',#1323,#1328,#636,.T.);
#1589=EDGE_CURVE('',#1329,#1330,#637,.T.);
#1590=EDGE_CURVE('',#1329,#1331,#638,.T.);
#1591=EDGE_CURVE('',#1332,#1331,#639,.T.);
#1592=EDGE_CURVE('',#1330,#1332,#640,.T.);
#1593=EDGE_CURVE('',#1330,#1333,#641,.T.);
#1594=EDGE_CURVE('',#1334,#1332,#642,.T.);
#1595=EDGE_CURVE('',#1333,#1334,#643,.T.);
#1596=EDGE_CURVE('',#1333,#1335,#644,.T.);
#1597=EDGE_CURVE('',#1336,#1334,#645,.T.);
#1598=EDGE_CURVE('',#1335,#1336,#646,.T.);
#1599=EDGE_CURVE('',#1335,#1329,#647,.T.);
#1600=EDGE_CURVE('',#1331,#1336,#648,.T.);
#1601=EDGE_CURVE('',#1337,#1338,#649,.T.);
#1602=EDGE_CURVE('',#1337,#1339,#650,.T.);
#1603=EDGE_CURVE('',#1340,#1339,#651,.T.);
#1604=EDGE_CURVE('',#1338,#1340,#652,.T.);
#1605=EDGE_CURVE('',#1338,#1341,#653,.T.);
#1606=EDGE_CURVE('',#1342,#1340,#654,.T.);
#1607=EDGE_CURVE('',#1341,#1342,#655,.T.);
#1608=EDGE_CURVE('',#1341,#1343,#656,.T.);
#1609=EDGE_CURVE('',#1344,#1342,#657,.T.);
#1610=EDGE_CURVE('',#1343,#1344,#658,.T.);
#1611=EDGE_CURVE('',#1343,#1337,#659,.T.);
#1612=EDGE_CURVE('',#1339,#1344,#660,.T.);
#1613=EDGE_CURVE('',#1345,#1346,#661,.T.);
#1614=EDGE_CURVE('',#1345,#1347,#662,.T.);
#1615=EDGE_CURVE('',#1348,#1347,#663,.T.);
#1616=EDGE_CURVE('',#1346,#1348,#664,.T.);
#1617=EDGE_CURVE('',#1346,#1349,#665,.T.);
#1618=EDGE_CURVE('',#1350,#1348,#666,.T.);
#1619=EDGE_CURVE('',#1349,#1350,#667,.T.);
#1620=EDGE_CURVE('',#1349,#1351,#668,.T.);
#1621=EDGE_CURVE('',#1352,#1350,#669,.T.);
#1622=EDGE_CURVE('',#1351,#1352,#670,.T.);
#1623=EDGE_CURVE('',#1351,#1345,#671,.T.);
#1624=EDGE_CURVE('',#1347,#1352,#672,.T.);
#1625=EDGE_CURVE('',#1353,#1354,#673,.T.);
#1626=EDGE_CURVE('',#1353,#1355,#674,.T.);
#1627=EDGE_CURVE('',#1356,#1355,#675,.T.);
#1628=EDGE_CURVE('',#1354,#1356,#676,.T.);
#1629=EDGE_CURVE('',#1354,#1357,#677,.T.);
#1630=EDGE_CURVE('',#1358,#1356,#678,.T.);
#1631=EDGE_CURVE('',#1357,#1358,#679,.T.);
#1632=EDGE_CURVE('',#1357,#1359,#680,.T.);
#1633=EDGE_CURVE('',#1360,#1358,#681,.T.);
#1634=EDGE_CURVE('',#1359,#1360,#682,.T.);
#1635=EDGE_CURVE('',#1359,#1353,#683,.T.);
#1636=EDGE_CURVE('',#1355,#1360,#684,.T.);
#1637=EDGE_CURVE('',#1361,#1362,#685,.T.);
#1638=EDGE_CURVE('',#1361,#1363,#686,.T.);
#1639=EDGE_CURVE('',#1364,#1363,#687,.T.);
#1640=EDGE_CURVE('',#1362,#1364,#688,.T.);
#1641=EDGE_CURVE('',#1362,#1365,#689,.T.);
#1642=EDGE_CURVE('',#1366,#1364,#690,.T.);
#1643=EDGE_CURVE('',#1365,#1366,#691,.T.);
#1644=EDGE_CURVE('',#1365,#1367,#692,.T.);
#1645=EDGE_CURVE('',#1368,#1366,#693,.T.);
#1646=EDGE_CURVE('',#1367,#1368,#694,.T.);
#1647=EDGE_CURVE('',#1367,#1361,#695,.T.);
#1648=EDGE_CURVE('',#1363,#1368,#696,.T.);
#1649=EDGE_CURVE('',#1369,#1370,#697,.T.);
#1650=EDGE_CURVE('',#1369,#1371,#698,.T.);
#1651=EDGE_CURVE('',#1372,#1371,#699,.T.);
#1652=EDGE_CURVE('',#1370,#1372,#700,.T.);
#1653=EDGE_CURVE('',#1370,#1373,#701,.T.);
#1654=EDGE_CURVE('',#1374,#1372,#702,.T.);
#1655=EDGE_CURVE('',#1373,#1374,#703,.T.);
#1656=EDGE_CURVE('',#1373,#1375,#704,.T.);
#1657=EDGE_CURVE('',#1376,#1374,#705,.T.);
#1658=EDGE_CURVE('',#1375,#1376,#706,.T.);
#1659=EDGE_CURVE('',#1375,#1369,#707,.T.);
#1660=EDGE_CURVE('',#1371,#1376,#708,.T.);
#1661=EDGE_CURVE('',#1377,#1378,#709,.T.);
#1662=EDGE_CURVE('',#1378,#1379,#710,.T.);
#1663=EDGE_CURVE('',#1380,#1379,#711,.T.);
#1664=EDGE_CURVE('',#1377,#1380,#712,.T.);
#1665=EDGE_CURVE('',#1381,#1377,#713,.T.);
#1666=EDGE_CURVE('',#1382,#1380,#714,.T.);
#1667=EDGE_CURVE('',#1381,#1382,#715,.T.);
#1668=EDGE_CURVE('',#1383,#1381,#716,.T.);
#1669=EDGE_CURVE('',#1384,#1382,#717,.T.);
#1670=EDGE_CURVE('',#1383,#1384,#718,.T.);
#1671=EDGE_CURVE('',#1378,#1383,#719,.T.);
#1672=EDGE_CURVE('',#1379,#1384,#720,.T.);
#1673=EDGE_CURVE('',#1385,#1386,#721,.T.);
#1674=EDGE_CURVE('',#1386,#1387,#722,.T.);
#1675=EDGE_CURVE('',#1388,#1387,#723,.T.);
#1676=EDGE_CURVE('',#1385,#1388,#724,.T.);
#1677=EDGE_CURVE('',#1389,#1385,#725,.T.);
#1678=EDGE_CURVE('',#1390,#1388,#726,.T.);
#1679=EDGE_CURVE('',#1389,#1390,#727,.T.);
#1680=EDGE_CURVE('',#1391,#1389,#728,.T.);
#1681=EDGE_CURVE('',#1392,#1390,#729,.T.);
#1682=EDGE_CURVE('',#1391,#1392,#730,.T.);
#1683=EDGE_CURVE('',#1386,#1391,#731,.T.);
#1684=EDGE_CURVE('',#1387,#1392,#732,.T.);
#1685=EDGE_CURVE('',#1393,#1394,#733,.T.);
#1686=EDGE_CURVE('',#1394,#1395,#734,.T.);
#1687=EDGE_CURVE('',#1396,#1395,#735,.T.);
#1688=EDGE_CURVE('',#1393,#1396,#736,.T.);
#1689=EDGE_CURVE('',#1397,#1393,#737,.T.);
#1690=EDGE_CURVE('',#1398,#1396,#738,.T.);
#1691=EDGE_CURVE('',#1397,#1398,#739,.T.);
#1692=EDGE_CURVE('',#1399,#1397,#740,.T.);
#1693=EDGE_CURVE('',#1400,#1398,#741,.T.);
#1694=EDGE_CURVE('',#1399,#1400,#742,.T.);
#1695=EDGE_CURVE('',#1394,#1399,#743,.T.);
#1696=EDGE_CURVE('',#1395,#1400,#744,.T.);
#1697=EDGE_CURVE('',#1401,#1401,#51,.T.);
#1698=EDGE_CURVE('',#1401,#1402,#745,.T.);
#1699=EDGE_CURVE('',#1402,#1402,#52,.T.);
#1700=EDGE_CURVE('',#1403,#1403,#53,.T.);
#1701=EDGE_CURVE('',#1403,#1404,#746,.T.);
#1702=EDGE_CURVE('',#1404,#1404,#54,.T.);
#1703=EDGE_CURVE('',#1405,#1405,#55,.T.);
#1704=EDGE_CURVE('',#1405,#1406,#747,.T.);
#1705=EDGE_CURVE('',#1406,#1406,#56,.T.);
#1706=EDGE_CURVE('',#1407,#1407,#57,.T.);
#1707=EDGE_CURVE('',#1407,#1408,#748,.T.);
#1708=EDGE_CURVE('',#1408,#1408,#58,.T.);
#1709=EDGE_CURVE('',#1409,#1410,#749,.T.);
#1710=EDGE_CURVE('',#1410,#1411,#750,.T.);
#1711=EDGE_CURVE('',#1412,#1411,#751,.T.);
#1712=EDGE_CURVE('',#1409,#1412,#752,.T.);
#1713=EDGE_CURVE('',#1413,#1409,#753,.T.);
#1714=EDGE_CURVE('',#1414,#1412,#754,.T.);
#1715=EDGE_CURVE('',#1413,#1414,#755,.T.);
#1716=EDGE_CURVE('',#1415,#1413,#756,.T.);
#1717=EDGE_CURVE('',#1416,#1414,#757,.T.);
#1718=EDGE_CURVE('',#1415,#1416,#758,.T.);
#1719=EDGE_CURVE('',#1410,#1415,#759,.T.);
#1720=EDGE_CURVE('',#1411,#1416,#760,.T.);
#1721=EDGE_CURVE('',#1417,#1418,#761,.T.);
#1722=EDGE_CURVE('',#1417,#1419,#762,.T.);
#1723=EDGE_CURVE('',#1420,#1419,#763,.T.);
#1724=EDGE_CURVE('',#1418,#1420,#764,.T.);
#1725=EDGE_CURVE('',#1418,#1421,#765,.T.);
#1726=EDGE_CURVE('',#1422,#1420,#766,.T.);
#1727=EDGE_CURVE('',#1421,#1422,#767,.T.);
#1728=EDGE_CURVE('',#1421,#1423,#768,.T.);
#1729=EDGE_CURVE('',#1424,#1422,#769,.T.);
#1730=EDGE_CURVE('',#1423,#1424,#770,.T.);
#1731=EDGE_CURVE('',#1423,#1417,#771,.T.);
#1732=EDGE_CURVE('',#1419,#1424,#772,.T.);
#1733=EDGE_CURVE('',#1425,#1426,#773,.T.);
#1734=EDGE_CURVE('',#1426,#1427,#774,.T.);
#1735=EDGE_CURVE('',#1428,#1427,#775,.T.);
#1736=EDGE_CURVE('',#1425,#1428,#776,.T.);
#1737=EDGE_CURVE('',#1429,#1425,#777,.T.);
#1738=EDGE_CURVE('',#1430,#1428,#778,.T.);
#1739=EDGE_CURVE('',#1429,#1430,#779,.T.);
#1740=EDGE_CURVE('',#1431,#1429,#780,.T.);
#1741=EDGE_CURVE('',#1432,#1430,#781,.T.);
#1742=EDGE_CURVE('',#1431,#1432,#782,.T.);
#1743=EDGE_CURVE('',#1426,#1431,#783,.T.);
#1744=EDGE_CURVE('',#1427,#1432,#784,.T.);
#1745=EDGE_CURVE('',#1433,#1434,#785,.T.);
#1746=EDGE_CURVE('',#1434,#1435,#786,.T.);
#1747=EDGE_CURVE('',#1436,#1435,#787,.T.);
#1748=EDGE_CURVE('',#1433,#1436,#788,.T.);
#1749=EDGE_CURVE('',#1437,#1433,#789,.T.);
#1750=EDGE_CURVE('',#1438,#1436,#790,.T.);
#1751=EDGE_CURVE('',#1437,#1438,#791,.T.);
#1752=EDGE_CURVE('',#1439,#1437,#792,.T.);
#1753=EDGE_CURVE('',#1440,#1438,#793,.T.);
#1754=EDGE_CURVE('',#1439,#1440,#794,.T.);
#1755=EDGE_CURVE('',#1434,#1439,#795,.T.);
#1756=EDGE_CURVE('',#1435,#1440,#796,.T.);
#1757=EDGE_CURVE('',#1441,#1442,#797,.T.);
#1758=EDGE_CURVE('',#1442,#1443,#798,.T.);
#1759=EDGE_CURVE('',#1444,#1443,#799,.T.);
#1760=EDGE_CURVE('',#1441,#1444,#800,.T.);
#1761=EDGE_CURVE('',#1445,#1441,#801,.T.);
#1762=EDGE_CURVE('',#1446,#1444,#802,.T.);
#1763=EDGE_CURVE('',#1445,#1446,#803,.T.);
#1764=EDGE_CURVE('',#1447,#1445,#804,.T.);
#1765=EDGE_CURVE('',#1448,#1446,#805,.T.);
#1766=EDGE_CURVE('',#1447,#1448,#806,.T.);
#1767=EDGE_CURVE('',#1442,#1447,#807,.T.);
#1768=EDGE_CURVE('',#1443,#1448,#808,.T.);
#1769=EDGE_CURVE('',#1449,#1450,#809,.T.);
#1770=EDGE_CURVE('',#1449,#1451,#810,.T.);
#1771=EDGE_CURVE('',#1452,#1451,#811,.T.);
#1772=EDGE_CURVE('',#1450,#1452,#812,.T.);
#1773=EDGE_CURVE('',#1450,#1453,#813,.T.);
#1774=EDGE_CURVE('',#1454,#1452,#814,.T.);
#1775=EDGE_CURVE('',#1453,#1454,#815,.T.);
#1776=EDGE_CURVE('',#1453,#1455,#816,.T.);
#1777=EDGE_CURVE('',#1456,#1454,#817,.T.);
#1778=EDGE_CURVE('',#1455,#1456,#818,.T.);
#1779=EDGE_CURVE('',#1455,#1449,#819,.T.);
#1780=EDGE_CURVE('',#1451,#1456,#820,.T.);
#1781=EDGE_CURVE('',#1457,#1458,#821,.T.);
#1782=EDGE_CURVE('',#1458,#1459,#822,.T.);
#1783=EDGE_CURVE('',#1460,#1459,#823,.T.);
#1784=EDGE_CURVE('',#1457,#1460,#824,.T.);
#1785=EDGE_CURVE('',#1461,#1457,#825,.T.);
#1786=EDGE_CURVE('',#1462,#1460,#826,.T.);
#1787=EDGE_CURVE('',#1461,#1462,#827,.T.);
#1788=EDGE_CURVE('',#1463,#1461,#828,.T.);
#1789=EDGE_CURVE('',#1464,#1462,#829,.T.);
#1790=EDGE_CURVE('',#1463,#1464,#830,.T.);
#1791=EDGE_CURVE('',#1458,#1463,#831,.T.);
#1792=EDGE_CURVE('',#1459,#1464,#832,.T.);
#1793=EDGE_CURVE('',#1465,#1466,#833,.T.);
#1794=EDGE_CURVE('',#1466,#1467,#834,.T.);
#1795=EDGE_CURVE('',#1468,#1467,#835,.T.);
#1796=EDGE_CURVE('',#1465,#1468,#836,.T.);
#1797=EDGE_CURVE('',#1469,#1465,#837,.T.);
#1798=EDGE_CURVE('',#1470,#1468,#838,.T.);
#1799=EDGE_CURVE('',#1469,#1470,#839,.T.);
#1800=EDGE_CURVE('',#1471,#1469,#840,.T.);
#1801=EDGE_CURVE('',#1472,#1470,#841,.T.);
#1802=EDGE_CURVE('',#1471,#1472,#842,.T.);
#1803=EDGE_CURVE('',#1466,#1471,#843,.T.);
#1804=EDGE_CURVE('',#1467,#1472,#844,.T.);
#1805=EDGE_CURVE('',#1473,#1473,#59,.T.);
#1806=EDGE_CURVE('',#1473,#1474,#845,.T.);
#1807=EDGE_CURVE('',#1474,#1474,#60,.T.);
#1808=EDGE_CURVE('',#1475,#1475,#61,.T.);
#1809=EDGE_CURVE('',#1475,#1476,#846,.T.);
#1810=EDGE_CURVE('',#1476,#1476,#62,.T.);
#1811=EDGE_CURVE('',#1477,#1477,#63,.T.);
#1812=EDGE_CURVE('',#1477,#1478,#847,.T.);
#1813=EDGE_CURVE('',#1478,#1478,#64,.T.);
#1814=EDGE_CURVE('',#1479,#1479,#65,.T.);
#1815=EDGE_CURVE('',#1479,#1480,#848,.T.);
#1816=EDGE_CURVE('',#1480,#1480,#66,.T.);
#1817=EDGE_CURVE('',#1481,#1481,#67,.T.);
#1818=EDGE_CURVE('',#1481,#1482,#849,.T.);
#1819=EDGE_CURVE('',#1482,#1482,#68,.T.);
#1820=EDGE_CURVE('',#1483,#1483,#69,.T.);
#1821=EDGE_CURVE('',#1483,#1484,#850,.T.);
#1822=EDGE_CURVE('',#1484,#1484,#70,.T.);
#1823=EDGE_CURVE('',#1485,#1485,#71,.T.);
#1824=EDGE_CURVE('',#1485,#1486,#851,.T.);
#1825=EDGE_CURVE('',#1486,#1486,#72,.T.);
#1826=EDGE_CURVE('',#1487,#1487,#73,.T.);
#1827=EDGE_CURVE('',#1487,#1488,#852,.T.);
#1828=EDGE_CURVE('',#1488,#1488,#74,.T.);
#1829=EDGE_CURVE('',#1489,#1489,#75,.T.);
#1830=EDGE_CURVE('',#1489,#1490,#853,.T.);
#1831=EDGE_CURVE('',#1490,#1490,#76,.T.);
#1832=EDGE_CURVE('',#1491,#1491,#77,.T.);
#1833=EDGE_CURVE('',#1491,#1492,#854,.T.);
#1834=EDGE_CURVE('',#1492,#1492,#78,.T.);
#1835=EDGE_CURVE('',#1493,#1494,#855,.T.);
#1836=EDGE_CURVE('',#1494,#1495,#856,.T.);
#1837=EDGE_CURVE('',#1496,#1495,#857,.T.);
#1838=EDGE_CURVE('',#1493,#1496,#858,.T.);
#1839=EDGE_CURVE('',#1497,#1493,#859,.T.);
#1840=EDGE_CURVE('',#1498,#1496,#860,.T.);
#1841=EDGE_CURVE('',#1497,#1498,#861,.T.);
#1842=EDGE_CURVE('',#1499,#1497,#862,.T.);
#1843=EDGE_CURVE('',#1500,#1498,#863,.T.);
#1844=EDGE_CURVE('',#1499,#1500,#864,.T.);
#1845=EDGE_CURVE('',#1494,#1499,#865,.T.);
#1846=EDGE_CURVE('',#1495,#1500,#866,.T.);
#1847=EDGE_CURVE('',#1501,#1502,#867,.T.);
#1848=EDGE_CURVE('',#1502,#1503,#868,.T.);
#1849=EDGE_CURVE('',#1504,#1503,#869,.T.);
#1850=EDGE_CURVE('',#1501,#1504,#870,.T.);
#1851=EDGE_CURVE('',#1505,#1501,#871,.T.);
#1852=EDGE_CURVE('',#1506,#1504,#872,.T.);
#1853=EDGE_CURVE('',#1505,#1506,#873,.T.);
#1854=EDGE_CURVE('',#1507,#1505,#874,.T.);
#1855=EDGE_CURVE('',#1508,#1506,#875,.T.);
#1856=EDGE_CURVE('',#1507,#1508,#876,.T.);
#1857=EDGE_CURVE('',#1502,#1507,#877,.T.);
#1858=EDGE_CURVE('',#1503,#1508,#878,.T.);
#1859=EDGE_CURVE('',#1509,#1510,#879,.T.);
#1860=EDGE_CURVE('',#1510,#1511,#880,.T.);
#1861=EDGE_CURVE('',#1512,#1511,#881,.T.);
#1862=EDGE_CURVE('',#1509,#1512,#882,.T.);
#1863=EDGE_CURVE('',#1513,#1509,#883,.T.);
#1864=EDGE_CURVE('',#1514,#1512,#884,.T.);
#1865=EDGE_CURVE('',#1513,#1514,#885,.T.);
#1866=EDGE_CURVE('',#1515,#1513,#886,.T.);
#1867=EDGE_CURVE('',#1516,#1514,#887,.T.);
#1868=EDGE_CURVE('',#1515,#1516,#888,.T.);
#1869=EDGE_CURVE('',#1510,#1515,#889,.T.);
#1870=EDGE_CURVE('',#1511,#1516,#890,.T.);
#1871=EDGE_CURVE('',#1517,#1518,#891,.T.);
#1872=EDGE_CURVE('',#1518,#1519,#892,.T.);
#1873=EDGE_CURVE('',#1520,#1519,#893,.T.);
#1874=EDGE_CURVE('',#1517,#1520,#894,.T.);
#1875=EDGE_CURVE('',#1521,#1517,#895,.T.);
#1876=EDGE_CURVE('',#1522,#1520,#896,.T.);
#1877=EDGE_CURVE('',#1521,#1522,#897,.T.);
#1878=EDGE_CURVE('',#1523,#1521,#898,.T.);
#1879=EDGE_CURVE('',#1524,#1522,#899,.T.);
#1880=EDGE_CURVE('',#1523,#1524,#900,.T.);
#1881=EDGE_CURVE('',#1518,#1523,#901,.T.);
#1882=EDGE_CURVE('',#1519,#1524,#902,.T.);
#1883=EDGE_CURVE('',#1525,#1526,#903,.T.);
#1884=EDGE_CURVE('',#1526,#1527,#904,.T.);
#1885=EDGE_CURVE('',#1528,#1527,#905,.T.);
#1886=EDGE_CURVE('',#1525,#1528,#906,.T.);
#1887=EDGE_CURVE('',#1529,#1525,#907,.T.);
#1888=EDGE_CURVE('',#1530,#1528,#908,.T.);
#1889=EDGE_CURVE('',#1529,#1530,#909,.T.);
#1890=EDGE_CURVE('',#1531,#1529,#910,.T.);
#1891=EDGE_CURVE('',#1532,#1530,#911,.T.);
#1892=EDGE_CURVE('',#1531,#1532,#912,.T.);
#1893=EDGE_CURVE('',#1526,#1531,#913,.T.);
#1894=EDGE_CURVE('',#1527,#1532,#914,.T.);
#1895=EDGE_CURVE('',#1533,#1534,#915,.T.);
#1896=EDGE_CURVE('',#1534,#1535,#916,.T.);
#1897=EDGE_CURVE('',#1536,#1535,#917,.T.);
#1898=EDGE_CURVE('',#1533,#1536,#918,.T.);
#1899=EDGE_CURVE('',#1537,#1533,#919,.T.);
#1900=EDGE_CURVE('',#1538,#1536,#920,.T.);
#1901=EDGE_CURVE('',#1537,#1538,#921,.T.);
#1902=EDGE_CURVE('',#1539,#1537,#922,.T.);
#1903=EDGE_CURVE('',#1540,#1538,#923,.T.);
#1904=EDGE_CURVE('',#1539,#1540,#924,.T.);
#1905=EDGE_CURVE('',#1534,#1539,#925,.T.);
#1906=EDGE_CURVE('',#1535,#1540,#926,.T.);
#1907=EDGE_CURVE('',#1541,#1542,#927,.T.);
#1908=EDGE_CURVE('',#1542,#1543,#928,.T.);
#1909=EDGE_CURVE('',#1544,#1543,#929,.T.);
#1910=EDGE_CURVE('',#1541,#1544,#930,.T.);
#1911=EDGE_CURVE('',#1545,#1541,#931,.T.);
#1912=EDGE_CURVE('',#1546,#1544,#932,.T.);
#1913=EDGE_CURVE('',#1545,#1546,#933,.T.);
#1914=EDGE_CURVE('',#1547,#1545,#934,.T.);
#1915=EDGE_CURVE('',#1548,#1546,#935,.T.);
#1916=EDGE_CURVE('',#1547,#1548,#936,.T.);
#1917=EDGE_CURVE('',#1542,#1547,#937,.T.);
#1918=EDGE_CURVE('',#1543,#1548,#938,.T.);
#1919=EDGE_CURVE('',#1549,#1550,#939,.T.);
#1920=EDGE_CURVE('',#1550,#1551,#940,.T.);
#1921=EDGE_CURVE('',#1552,#1551,#941,.T.);
#1922=EDGE_CURVE('',#1549,#1552,#942,.T.);
#1923=EDGE_CURVE('',#1553,#1549,#943,.T.);
#1924=EDGE_CURVE('',#1554,#1552,#944,.T.);
#1925=EDGE_CURVE('',#1553,#1554,#945,.T.);
#1926=EDGE_CURVE('',#1555,#1553,#946,.T.);
#1927=EDGE_CURVE('',#1556,#1554,#947,.T.);
#1928=EDGE_CURVE('',#1555,#1556,#948,.T.);
#1929=EDGE_CURVE('',#1550,#1555,#949,.T.);
#1930=EDGE_CURVE('',#1551,#1556,#950,.T.);
#1931=EDGE_CURVE('',#1557,#1558,#951,.T.);
#1932=EDGE_CURVE('',#1558,#1559,#952,.T.);
#1933=EDGE_CURVE('',#1560,#1559,#953,.T.);
#1934=EDGE_CURVE('',#1557,#1560,#954,.T.);
#1935=EDGE_CURVE('',#1561,#1557,#955,.T.);
#1936=EDGE_CURVE('',#1562,#1560,#956,.T.);
#1937=EDGE_CURVE('',#1561,#1562,#957,.T.);
#1938=EDGE_CURVE('',#1563,#1561,#958,.T.);
#1939=EDGE_CURVE('',#1564,#1562,#959,.T.);
#1940=EDGE_CURVE('',#1563,#1564,#960,.T.);
#1941=EDGE_CURVE('',#1558,#1563,#961,.T.);
#1942=EDGE_CURVE('',#1559,#1564,#962,.T.);
#1943=ORIENTED_EDGE('',*,*,#1565,.T.);
#1944=ORIENTED_EDGE('',*,*,#1566,.T.);
#1945=ORIENTED_EDGE('',*,*,#1567,.F.);
#1946=ORIENTED_EDGE('',*,*,#1568,.F.);
#1947=ORIENTED_EDGE('',*,*,#1569,.T.);
#1948=ORIENTED_EDGE('',*,*,#1568,.T.);
#1949=ORIENTED_EDGE('',*,*,#1570,.F.);
#1950=ORIENTED_EDGE('',*,*,#1571,.F.);
#1951=ORIENTED_EDGE('',*,*,#1572,.T.);
#1952=ORIENTED_EDGE('',*,*,#1571,.T.);
#1953=ORIENTED_EDGE('',*,*,#1573,.F.);
#1954=ORIENTED_EDGE('',*,*,#1574,.F.);
#1955=ORIENTED_EDGE('',*,*,#1575,.T.);
#1956=ORIENTED_EDGE('',*,*,#1574,.T.);
#1957=ORIENTED_EDGE('',*,*,#1576,.F.);
#1958=ORIENTED_EDGE('',*,*,#1566,.F.);
#1959=ORIENTED_EDGE('',*,*,#1576,.T.);
#1960=ORIENTED_EDGE('',*,*,#1573,.T.);
#1961=ORIENTED_EDGE('',*,*,#1570,.T.);
#1962=ORIENTED_EDGE('',*,*,#1567,.T.);
#1963=ORIENTED_EDGE('',*,*,#1575,.F.);
#1964=ORIENTED_EDGE('',*,*,#1565,.F.);
#1965=ORIENTED_EDGE('',*,*,#1569,.F.);
#1966=ORIENTED_EDGE('',*,*,#1572,.F.);
#1967=ORIENTED_EDGE('',*,*,#1577,.T.);
#1968=ORIENTED_EDGE('',*,*,#1578,.T.);
#1969=ORIENTED_EDGE('',*,*,#1579,.F.);
#1970=ORIENTED_EDGE('',*,*,#1580,.F.);
#1971=ORIENTED_EDGE('',*,*,#1581,.T.);
#1972=ORIENTED_EDGE('',*,*,#1580,.T.);
#1973=ORIENTED_EDGE('',*,*,#1582,.F.);
#1974=ORIENTED_EDGE('',*,*,#1583,.F.);
#1975=ORIENTED_EDGE('',*,*,#1584,.T.);
#1976=ORIENTED_EDGE('',*,*,#1583,.T.);
#1977=ORIENTED_EDGE('',*,*,#1585,.F.);
#1978=ORIENTED_EDGE('',*,*,#1586,.F.);
#1979=ORIENTED_EDGE('',*,*,#1587,.T.);
#1980=ORIENTED_EDGE('',*,*,#1586,.T.);
#1981=ORIENTED_EDGE('',*,*,#1588,.F.);
#1982=ORIENTED_EDGE('',*,*,#1578,.F.);
#1983=ORIENTED_EDGE('',*,*,#1588,.T.);
#1984=ORIENTED_EDGE('',*,*,#1585,.T.);
#1985=ORIENTED_EDGE('',*,*,#1582,.T.);
#1986=ORIENTED_EDGE('',*,*,#1579,.T.);
#1987=ORIENTED_EDGE('',*,*,#1587,.F.);
#1988=ORIENTED_EDGE('',*,*,#1577,.F.);
#1989=ORIENTED_EDGE('',*,*,#1581,.F.);
#1990=ORIENTED_EDGE('',*,*,#1584,.F.);
#1991=ORIENTED_EDGE('',*,*,#1589,.F.);
#1992=ORIENTED_EDGE('',*,*,#1590,.T.);
#1993=ORIENTED_EDGE('',*,*,#1591,.F.);
#1994=ORIENTED_EDGE('',*,*,#1592,.F.);
#1995=ORIENTED_EDGE('',*,*,#1593,.F.);
#1996=ORIENTED_EDGE('',*,*,#1592,.T.);
#1997=ORIENTED_EDGE('',*,*,#1594,.F.);
#1998=ORIENTED_EDGE('',*,*,#1595,.F.);
#1999=ORIENTED_EDGE('',*,*,#1596,.F.);
#2000=ORIENTED_EDGE('',*,*,#1595,.T.);
#2001=ORIENTED_EDGE('',*,*,#1597,.F.);
#2002=ORIENTED_EDGE('',*,*,#1598,.F.);
#2003=ORIENTED_EDGE('',*,*,#1599,.F.);
#2004=ORIENTED_EDGE('',*,*,#1598,.T.);
#2005=ORIENTED_EDGE('',*,*,#1600,.F.);
#2006=ORIENTED_EDGE('',*,*,#1590,.F.);
#2007=ORIENTED_EDGE('',*,*,#1600,.T.);
#2008=ORIENTED_EDGE('',*,*,#1597,.T.);
#2009=ORIENTED_EDGE('',*,*,#1594,.T.);
#2010=ORIENTED_EDGE('',*,*,#1591,.T.);
#2011=ORIENTED_EDGE('',*,*,#1599,.T.);
#2012=ORIENTED_EDGE('',*,*,#1589,.T.);
#2013=ORIENTED_EDGE('',*,*,#1593,.T.);
#2014=ORIENTED_EDGE('',*,*,#1596,.T.);
#2015=ORIENTED_EDGE('',*,*,#1601,.F.);
#2016=ORIENTED_EDGE('',*,*,#1602,.T.);
#2017=ORIENTED_EDGE('',*,*,#1603,.F.);
#2018=ORIENTED_EDGE('',*,*,#1604,.F.);
#2019=ORIENTED_EDGE('',*,*,#1605,.F.);
#2020=ORIENTED_EDGE('',*,*,#1604,.T.);
#2021=ORIENTED_EDGE('',*,*,#1606,.F.);
#2022=ORIENTED_EDGE('',*,*,#1607,.F.);
#2023=ORIENTED_EDGE('',*,*,#1608,.F.);
#2024=ORIENTED_EDGE('',*,*,#1607,.T.);
#2025=ORIENTED_EDGE('',*,*,#1609,.F.);
#2026=ORIENTED_EDGE('',*,*,#1610,.F.);
#2027=ORIENTED_EDGE('',*,*,#1611,.F.);
#2028=ORIENTED_EDGE('',*,*,#1610,.T.);
#2029=ORIENTED_EDGE('',*,*,#1612,.F.);
#2030=ORIENTED_EDGE('',*,*,#1602,.F.);
#2031=ORIENTED_EDGE('',*,*,#1612,.T.);
#2032=ORIENTED_EDGE('',*,*,#1609,.T.);
#2033=ORIENTED_EDGE('',*,*,#1606,.T.);
#2034=ORIENTED_EDGE('',*,*,#1603,.T.);
#2035=ORIENTED_EDGE('',*,*,#1611,.T.);
#2036=ORIENTED_EDGE('',*,*,#1601,.T.);
#2037=ORIENTED_EDGE('',*,*,#1605,.T.);
#2038=ORIENTED_EDGE('',*,*,#1608,.T.);
#2039=ORIENTED_EDGE('',*,*,#1613,.F.);
#2040=ORIENTED_EDGE('',*,*,#1614,.T.);
#2041=ORIENTED_EDGE('',*,*,#1615,.F.);
#2042=ORIENTED_EDGE('',*,*,#1616,.F.);
#2043=ORIENTED_EDGE('',*,*,#1617,.F.);
#2044=ORIENTED_EDGE('',*,*,#1616,.T.);
#2045=ORIENTED_EDGE('',*,*,#1618,.F.);
#2046=ORIENTED_EDGE('',*,*,#1619,.F.);
#2047=ORIENTED_EDGE('',*,*,#1620,.F.);
#2048=ORIENTED_EDGE('',*,*,#1619,.T.);
#2049=ORIENTED_EDGE('',*,*,#1621,.F.);
#2050=ORIENTED_EDGE('',*,*,#1622,.F.);
#2051=ORIENTED_EDGE('',*,*,#1623,.F.);
#2052=ORIENTED_EDGE('',*,*,#1622,.T.);
#2053=ORIENTED_EDGE('',*,*,#1624,.F.);
#2054=ORIENTED_EDGE('',*,*,#1614,.F.);
#2055=ORIENTED_EDGE('',*,*,#1624,.T.);
#2056=ORIENTED_EDGE('',*,*,#1621,.T.);
#2057=ORIENTED_EDGE('',*,*,#1618,.T.);
#2058=ORIENTED_EDGE('',*,*,#1615,.T.);
#2059=ORIENTED_EDGE('',*,*,#1623,.T.);
#2060=ORIENTED_EDGE('',*,*,#1613,.T.);
#2061=ORIENTED_EDGE('',*,*,#1617,.T.);
#2062=ORIENTED_EDGE('',*,*,#1620,.T.);
#2063=ORIENTED_EDGE('',*,*,#1625,.F.);
#2064=ORIENTED_EDGE('',*,*,#1626,.T.);
#2065=ORIENTED_EDGE('',*,*,#1627,.F.);
#2066=ORIENTED_EDGE('',*,*,#1628,.F.);
#2067=ORIENTED_EDGE('',*,*,#1629,.F.);
#2068=ORIENTED_EDGE('',*,*,#1628,.T.);
#2069=ORIENTED_EDGE('',*,*,#1630,.F.);
#2070=ORIENTED_EDGE('',*,*,#1631,.F.);
#2071=ORIENTED_EDGE('',*,*,#1632,.F.);
#2072=ORIENTED_EDGE('',*,*,#1631,.T.);
#2073=ORIENTED_EDGE('',*,*,#1633,.F.);
#2074=ORIENTED_EDGE('',*,*,#1634,.F.);
#2075=ORIENTED_EDGE('',*,*,#1635,.F.);
#2076=ORIENTED_EDGE('',*,*,#1634,.T.);
#2077=ORIENTED_EDGE('',*,*,#1636,.F.);
#2078=ORIENTED_EDGE('',*,*,#1626,.F.);
#2079=ORIENTED_EDGE('',*,*,#1636,.T.);
#2080=ORIENTED_EDGE('',*,*,#1633,.T.);
#2081=ORIENTED_EDGE('',*,*,#1630,.T.);
#2082=ORIENTED_EDGE('',*,*,#1627,.T.);
#2083=ORIENTED_EDGE('',*,*,#1635,.T.);
#2084=ORIENTED_EDGE('',*,*,#1625,.T.);
#2085=ORIENTED_EDGE('',*,*,#1629,.T.);
#2086=ORIENTED_EDGE('',*,*,#1632,.T.);
#2087=ORIENTED_EDGE('',*,*,#1637,.F.);
#2088=ORIENTED_EDGE('',*,*,#1638,.T.);
#2089=ORIENTED_EDGE('',*,*,#1639,.F.);
#2090=ORIENTED_EDGE('',*,*,#1640,.F.);
#2091=ORIENTED_EDGE('',*,*,#1641,.F.);
#2092=ORIENTED_EDGE('',*,*,#1640,.T.);
#2093=ORIENTED_EDGE('',*,*,#1642,.F.);
#2094=ORIENTED_EDGE('',*,*,#1643,.F.);
#2095=ORIENTED_EDGE('',*,*,#1644,.F.);
#2096=ORIENTED_EDGE('',*,*,#1643,.T.);
#2097=ORIENTED_EDGE('',*,*,#1645,.F.);
#2098=ORIENTED_EDGE('',*,*,#1646,.F.);
#2099=ORIENTED_EDGE('',*,*,#1647,.F.);
#2100=ORIENTED_EDGE('',*,*,#1646,.T.);
#2101=ORIENTED_EDGE('',*,*,#1648,.F.);
#2102=ORIENTED_EDGE('',*,*,#1638,.F.);
#2103=ORIENTED_EDGE('',*,*,#1648,.T.);
#2104=ORIENTED_EDGE('',*,*,#1645,.T.);
#2105=ORIENTED_EDGE('',*,*,#1642,.T.);
#2106=ORIENTED_EDGE('',*,*,#1639,.T.);
#2107=ORIENTED_EDGE('',*,*,#1647,.T.);
#2108=ORIENTED_EDGE('',*,*,#1637,.T.);
#2109=ORIENTED_EDGE('',*,*,#1641,.T.);
#2110=ORIENTED_EDGE('',*,*,#1644,.T.);
#2111=ORIENTED_EDGE('',*,*,#1649,.F.);
#2112=ORIENTED_EDGE('',*,*,#1650,.T.);
#2113=ORIENTED_EDGE('',*,*,#1651,.F.);
#2114=ORIENTED_EDGE('',*,*,#1652,.F.);
#2115=ORIENTED_EDGE('',*,*,#1653,.F.);
#2116=ORIENTED_EDGE('',*,*,#1652,.T.);
#2117=ORIENTED_EDGE('',*,*,#1654,.F.);
#2118=ORIENTED_EDGE('',*,*,#1655,.F.);
#2119=ORIENTED_EDGE('',*,*,#1656,.F.);
#2120=ORIENTED_EDGE('',*,*,#1655,.T.);
#2121=ORIENTED_EDGE('',*,*,#1657,.F.);
#2122=ORIENTED_EDGE('',*,*,#1658,.F.);
#2123=ORIENTED_EDGE('',*,*,#1659,.F.);
#2124=ORIENTED_EDGE('',*,*,#1658,.T.);
#2125=ORIENTED_EDGE('',*,*,#1660,.F.);
#2126=ORIENTED_EDGE('',*,*,#1650,.F.);
#2127=ORIENTED_EDGE('',*,*,#1660,.T.);
#2128=ORIENTED_EDGE('',*,*,#1657,.T.);
#2129=ORIENTED_EDGE('',*,*,#1654,.T.);
#2130=ORIENTED_EDGE('',*,*,#1651,.T.);
#2131=ORIENTED_EDGE('',*,*,#1659,.T.);
#2132=ORIENTED_EDGE('',*,*,#1649,.T.);
#2133=ORIENTED_EDGE('',*,*,#1653,.T.);
#2134=ORIENTED_EDGE('',*,*,#1656,.T.);
#2135=ORIENTED_EDGE('',*,*,#1661,.T.);
#2136=ORIENTED_EDGE('',*,*,#1662,.T.);
#2137=ORIENTED_EDGE('',*,*,#1663,.F.);
#2138=ORIENTED_EDGE('',*,*,#1664,.F.);
#2139=ORIENTED_EDGE('',*,*,#1665,.T.);
#2140=ORIENTED_EDGE('',*,*,#1664,.T.);
#2141=ORIENTED_EDGE('',*,*,#1666,.F.);
#2142=ORIENTED_EDGE('',*,*,#1667,.F.);
#2143=ORIENTED_EDGE('',*,*,#1668,.T.);
#2144=ORIENTED_EDGE('',*,*,#1667,.T.);
#2145=ORIENTED_EDGE('',*,*,#1669,.F.);
#2146=ORIENTED_EDGE('',*,*,#1670,.F.);
#2147=ORIENTED_EDGE('',*,*,#1671,.T.);
#2148=ORIENTED_EDGE('',*,*,#1670,.T.);
#2149=ORIENTED_EDGE('',*,*,#1672,.F.);
#2150=ORIENTED_EDGE('',*,*,#1662,.F.);
#2151=ORIENTED_EDGE('',*,*,#1672,.T.);
#2152=ORIENTED_EDGE('',*,*,#1669,.T.);
#2153=ORIENTED_EDGE('',*,*,#1666,.T.);
#2154=ORIENTED_EDGE('',*,*,#1663,.T.);
#2155=ORIENTED_EDGE('',*,*,#1671,.F.);
#2156=ORIENTED_EDGE('',*,*,#1661,.F.);
#2157=ORIENTED_EDGE('',*,*,#1665,.F.);
#2158=ORIENTED_EDGE('',*,*,#1668,.F.);
#2159=ORIENTED_EDGE('',*,*,#1673,.T.);
#2160=ORIENTED_EDGE('',*,*,#1674,.T.);
#2161=ORIENTED_EDGE('',*,*,#1675,.F.);
#2162=ORIENTED_EDGE('',*,*,#1676,.F.);
#2163=ORIENTED_EDGE('',*,*,#1677,.T.);
#2164=ORIENTED_EDGE('',*,*,#1676,.T.);
#2165=ORIENTED_EDGE('',*,*,#1678,.F.);
#2166=ORIENTED_EDGE('',*,*,#1679,.F.);
#2167=ORIENTED_EDGE('',*,*,#1680,.T.);
#2168=ORIENTED_EDGE('',*,*,#1679,.T.);
#2169=ORIENTED_EDGE('',*,*,#1681,.F.);
#2170=ORIENTED_EDGE('',*,*,#1682,.F.);
#2171=ORIENTED_EDGE('',*,*,#1683,.T.);
#2172=ORIENTED_EDGE('',*,*,#1682,.T.);
#2173=ORIENTED_EDGE('',*,*,#1684,.F.);
#2174=ORIENTED_EDGE('',*,*,#1674,.F.);
#2175=ORIENTED_EDGE('',*,*,#1684,.T.);
#2176=ORIENTED_EDGE('',*,*,#1681,.T.);
#2177=ORIENTED_EDGE('',*,*,#1678,.T.);
#2178=ORIENTED_EDGE('',*,*,#1675,.T.);
#2179=ORIENTED_EDGE('',*,*,#1683,.F.);
#2180=ORIENTED_EDGE('',*,*,#1673,.F.);
#2181=ORIENTED_EDGE('',*,*,#1677,.F.);
#2182=ORIENTED_EDGE('',*,*,#1680,.F.);
#2183=ORIENTED_EDGE('',*,*,#1685,.T.);
#2184=ORIENTED_EDGE('',*,*,#1686,.T.);
#2185=ORIENTED_EDGE('',*,*,#1687,.F.);
#2186=ORIENTED_EDGE('',*,*,#1688,.F.);
#2187=ORIENTED_EDGE('',*,*,#1689,.T.);
#2188=ORIENTED_EDGE('',*,*,#1688,.T.);
#2189=ORIENTED_EDGE('',*,*,#1690,.F.);
#2190=ORIENTED_EDGE('',*,*,#1691,.F.);
#2191=ORIENTED_EDGE('',*,*,#1692,.T.);
#2192=ORIENTED_EDGE('',*,*,#1691,.T.);
#2193=ORIENTED_EDGE('',*,*,#1693,.F.);
#2194=ORIENTED_EDGE('',*,*,#1694,.F.);
#2195=ORIENTED_EDGE('',*,*,#1695,.T.);
#2196=ORIENTED_EDGE('',*,*,#1694,.T.);
#2197=ORIENTED_EDGE('',*,*,#1696,.F.);
#2198=ORIENTED_EDGE('',*,*,#1686,.F.);
#2199=ORIENTED_EDGE('',*,*,#1696,.T.);
#2200=ORIENTED_EDGE('',*,*,#1693,.T.);
#2201=ORIENTED_EDGE('',*,*,#1690,.T.);
#2202=ORIENTED_EDGE('',*,*,#1687,.T.);
#2203=ORIENTED_EDGE('',*,*,#1695,.F.);
#2204=ORIENTED_EDGE('',*,*,#1685,.F.);
#2205=ORIENTED_EDGE('',*,*,#1689,.F.);
#2206=ORIENTED_EDGE('',*,*,#1692,.F.);
#2207=ORIENTED_EDGE('',*,*,#1697,.F.);
#2208=ORIENTED_EDGE('',*,*,#1698,.T.);
#2209=ORIENTED_EDGE('',*,*,#1699,.T.);
#2210=ORIENTED_EDGE('',*,*,#1698,.F.);
#2211=ORIENTED_EDGE('',*,*,#1697,.T.);
#2212=ORIENTED_EDGE('',*,*,#1699,.F.);
#2213=ORIENTED_EDGE('',*,*,#1700,.F.);
#2214=ORIENTED_EDGE('',*,*,#1701,.T.);
#2215=ORIENTED_EDGE('',*,*,#1702,.T.);
#2216=ORIENTED_EDGE('',*,*,#1701,.F.);
#2217=ORIENTED_EDGE('',*,*,#1700,.T.);
#2218=ORIENTED_EDGE('',*,*,#1702,.F.);
#2219=ORIENTED_EDGE('',*,*,#1703,.F.);
#2220=ORIENTED_EDGE('',*,*,#1704,.T.);
#2221=ORIENTED_EDGE('',*,*,#1705,.T.);
#2222=ORIENTED_EDGE('',*,*,#1704,.F.);
#2223=ORIENTED_EDGE('',*,*,#1703,.T.);
#2224=ORIENTED_EDGE('',*,*,#1705,.F.);
#2225=ORIENTED_EDGE('',*,*,#1706,.F.);
#2226=ORIENTED_EDGE('',*,*,#1707,.T.);
#2227=ORIENTED_EDGE('',*,*,#1708,.T.);
#2228=ORIENTED_EDGE('',*,*,#1707,.F.);
#2229=ORIENTED_EDGE('',*,*,#1706,.T.);
#2230=ORIENTED_EDGE('',*,*,#1708,.F.);
#2231=ORIENTED_EDGE('',*,*,#1709,.T.);
#2232=ORIENTED_EDGE('',*,*,#1710,.T.);
#2233=ORIENTED_EDGE('',*,*,#1711,.F.);
#2234=ORIENTED_EDGE('',*,*,#1712,.F.);
#2235=ORIENTED_EDGE('',*,*,#1713,.T.);
#2236=ORIENTED_EDGE('',*,*,#1712,.T.);
#2237=ORIENTED_EDGE('',*,*,#1714,.F.);
#2238=ORIENTED_EDGE('',*,*,#1715,.F.);
#2239=ORIENTED_EDGE('',*,*,#1716,.T.);
#2240=ORIENTED_EDGE('',*,*,#1715,.T.);
#2241=ORIENTED_EDGE('',*,*,#1717,.F.);
#2242=ORIENTED_EDGE('',*,*,#1718,.F.);
#2243=ORIENTED_EDGE('',*,*,#1719,.T.);
#2244=ORIENTED_EDGE('',*,*,#1718,.T.);
#2245=ORIENTED_EDGE('',*,*,#1720,.F.);
#2246=ORIENTED_EDGE('',*,*,#1710,.F.);
#2247=ORIENTED_EDGE('',*,*,#1720,.T.);
#2248=ORIENTED_EDGE('',*,*,#1717,.T.);
#2249=ORIENTED_EDGE('',*,*,#1714,.T.);
#2250=ORIENTED_EDGE('',*,*,#1711,.T.);
#2251=ORIENTED_EDGE('',*,*,#1719,.F.);
#2252=ORIENTED_EDGE('',*,*,#1709,.F.);
#2253=ORIENTED_EDGE('',*,*,#1713,.F.);
#2254=ORIENTED_EDGE('',*,*,#1716,.F.);
#2255=ORIENTED_EDGE('',*,*,#1721,.F.);
#2256=ORIENTED_EDGE('',*,*,#1722,.T.);
#2257=ORIENTED_EDGE('',*,*,#1723,.F.);
#2258=ORIENTED_EDGE('',*,*,#1724,.F.);
#2259=ORIENTED_EDGE('',*,*,#1725,.F.);
#2260=ORIENTED_EDGE('',*,*,#1724,.T.);
#2261=ORIENTED_EDGE('',*,*,#1726,.F.);
#2262=ORIENTED_EDGE('',*,*,#1727,.F.);
#2263=ORIENTED_EDGE('',*,*,#1728,.F.);
#2264=ORIENTED_EDGE('',*,*,#1727,.T.);
#2265=ORIENTED_EDGE('',*,*,#1729,.F.);
#2266=ORIENTED_EDGE('',*,*,#1730,.F.);
#2267=ORIENTED_EDGE('',*,*,#1731,.F.);
#2268=ORIENTED_EDGE('',*,*,#1730,.T.);
#2269=ORIENTED_EDGE('',*,*,#1732,.F.);
#2270=ORIENTED_EDGE('',*,*,#1722,.F.);
#2271=ORIENTED_EDGE('',*,*,#1732,.T.);
#2272=ORIENTED_EDGE('',*,*,#1729,.T.);
#2273=ORIENTED_EDGE('',*,*,#1726,.T.);
#2274=ORIENTED_EDGE('',*,*,#1723,.T.);
#2275=ORIENTED_EDGE('',*,*,#1731,.T.);
#2276=ORIENTED_EDGE('',*,*,#1721,.T.);
#2277=ORIENTED_EDGE('',*,*,#1725,.T.);
#2278=ORIENTED_EDGE('',*,*,#1728,.T.);
#2279=ORIENTED_EDGE('',*,*,#1733,.T.);
#2280=ORIENTED_EDGE('',*,*,#1734,.T.);
#2281=ORIENTED_EDGE('',*,*,#1735,.F.);
#2282=ORIENTED_EDGE('',*,*,#1736,.F.);
#2283=ORIENTED_EDGE('',*,*,#1737,.T.);
#2284=ORIENTED_EDGE('',*,*,#1736,.T.);
#2285=ORIENTED_EDGE('',*,*,#1738,.F.);
#2286=ORIENTED_EDGE('',*,*,#1739,.F.);
#2287=ORIENTED_EDGE('',*,*,#1740,.T.);
#2288=ORIENTED_EDGE('',*,*,#1739,.T.);
#2289=ORIENTED_EDGE('',*,*,#1741,.F.);
#2290=ORIENTED_EDGE('',*,*,#1742,.F.);
#2291=ORIENTED_EDGE('',*,*,#1743,.T.);
#2292=ORIENTED_EDGE('',*,*,#1742,.T.);
#2293=ORIENTED_EDGE('',*,*,#1744,.F.);
#2294=ORIENTED_EDGE('',*,*,#1734,.F.);
#2295=ORIENTED_EDGE('',*,*,#1744,.T.);
#2296=ORIENTED_EDGE('',*,*,#1741,.T.);
#2297=ORIENTED_EDGE('',*,*,#1738,.T.);
#2298=ORIENTED_EDGE('',*,*,#1735,.T.);
#2299=ORIENTED_EDGE('',*,*,#1743,.F.);
#2300=ORIENTED_EDGE('',*,*,#1733,.F.);
#2301=ORIENTED_EDGE('',*,*,#1737,.F.);
#2302=ORIENTED_EDGE('',*,*,#1740,.F.);
#2303=ORIENTED_EDGE('',*,*,#1745,.T.);
#2304=ORIENTED_EDGE('',*,*,#1746,.T.);
#2305=ORIENTED_EDGE('',*,*,#1747,.F.);
#2306=ORIENTED_EDGE('',*,*,#1748,.F.);
#2307=ORIENTED_EDGE('',*,*,#1749,.T.);
#2308=ORIENTED_EDGE('',*,*,#1748,.T.);
#2309=ORIENTED_EDGE('',*,*,#1750,.F.);
#2310=ORIENTED_EDGE('',*,*,#1751,.F.);
#2311=ORIENTED_EDGE('',*,*,#1752,.T.);
#2312=ORIENTED_EDGE('',*,*,#1751,.T.);
#2313=ORIENTED_EDGE('',*,*,#1753,.F.);
#2314=ORIENTED_EDGE('',*,*,#1754,.F.);
#2315=ORIENTED_EDGE('',*,*,#1755,.T.);
#2316=ORIENTED_EDGE('',*,*,#1754,.T.);
#2317=ORIENTED_EDGE('',*,*,#1756,.F.);
#2318=ORIENTED_EDGE('',*,*,#1746,.F.);
#2319=ORIENTED_EDGE('',*,*,#1756,.T.);
#2320=ORIENTED_EDGE('',*,*,#1753,.T.);
#2321=ORIENTED_EDGE('',*,*,#1750,.T.);
#2322=ORIENTED_EDGE('',*,*,#1747,.T.);
#2323=ORIENTED_EDGE('',*,*,#1755,.F.);
#2324=ORIENTED_EDGE('',*,*,#1745,.F.);
#2325=ORIENTED_EDGE('',*,*,#1749,.F.);
#2326=ORIENTED_EDGE('',*,*,#1752,.F.);
#2327=ORIENTED_EDGE('',*,*,#1757,.T.);
#2328=ORIENTED_EDGE('',*,*,#1758,.T.);
#2329=ORIENTED_EDGE('',*,*,#1759,.F.);
#2330=ORIENTED_EDGE('',*,*,#1760,.F.);
#2331=ORIENTED_EDGE('',*,*,#1761,.T.);
#2332=ORIENTED_EDGE('',*,*,#1760,.T.);
#2333=ORIENTED_EDGE('',*,*,#1762,.F.);
#2334=ORIENTED_EDGE('',*,*,#1763,.F.);
#2335=ORIENTED_EDGE('',*,*,#1764,.T.);
#2336=ORIENTED_EDGE('',*,*,#1763,.T.);
#2337=ORIENTED_EDGE('',*,*,#1765,.F.);
#2338=ORIENTED_EDGE('',*,*,#1766,.F.);
#2339=ORIENTED_EDGE('',*,*,#1767,.T.);
#2340=ORIENTED_EDGE('',*,*,#1766,.T.);
#2341=ORIENTED_EDGE('',*,*,#1768,.F.);
#2342=ORIENTED_EDGE('',*,*,#1758,.F.);
#2343=ORIENTED_EDGE('',*,*,#1768,.T.);
#2344=ORIENTED_EDGE('',*,*,#1765,.T.);
#2345=ORIENTED_EDGE('',*,*,#1762,.T.);
#2346=ORIENTED_EDGE('',*,*,#1759,.T.);
#2347=ORIENTED_EDGE('',*,*,#1767,.F.);
#2348=ORIENTED_EDGE('',*,*,#1757,.F.);
#2349=ORIENTED_EDGE('',*,*,#1761,.F.);
#2350=ORIENTED_EDGE('',*,*,#1764,.F.);
#2351=ORIENTED_EDGE('',*,*,#1769,.F.);
#2352=ORIENTED_EDGE('',*,*,#1770,.T.);
#2353=ORIENTED_EDGE('',*,*,#1771,.F.);
#2354=ORIENTED_EDGE('',*,*,#1772,.F.);
#2355=ORIENTED_EDGE('',*,*,#1773,.F.);
#2356=ORIENTED_EDGE('',*,*,#1772,.T.);
#2357=ORIENTED_EDGE('',*,*,#1774,.F.);
#2358=ORIENTED_EDGE('',*,*,#1775,.F.);
#2359=ORIENTED_EDGE('',*,*,#1776,.F.);
#2360=ORIENTED_EDGE('',*,*,#1775,.T.);
#2361=ORIENTED_EDGE('',*,*,#1777,.F.);
#2362=ORIENTED_EDGE('',*,*,#1778,.F.);
#2363=ORIENTED_EDGE('',*,*,#1779,.F.);
#2364=ORIENTED_EDGE('',*,*,#1778,.T.);
#2365=ORIENTED_EDGE('',*,*,#1780,.F.);
#2366=ORIENTED_EDGE('',*,*,#1770,.F.);
#2367=ORIENTED_EDGE('',*,*,#1780,.T.);
#2368=ORIENTED_EDGE('',*,*,#1777,.T.);
#2369=ORIENTED_EDGE('',*,*,#1774,.T.);
#2370=ORIENTED_EDGE('',*,*,#1771,.T.);
#2371=ORIENTED_EDGE('',*,*,#1779,.T.);
#2372=ORIENTED_EDGE('',*,*,#1769,.T.);
#2373=ORIENTED_EDGE('',*,*,#1773,.T.);
#2374=ORIENTED_EDGE('',*,*,#1776,.T.);
#2375=ORIENTED_EDGE('',*,*,#1781,.T.);
#2376=ORIENTED_EDGE('',*,*,#1782,.T.);
#2377=ORIENTED_EDGE('',*,*,#1783,.F.);
#2378=ORIENTED_EDGE('',*,*,#1784,.F.);
#2379=ORIENTED_EDGE('',*,*,#1785,.T.);
#2380=ORIENTED_EDGE('',*,*,#1784,.T.);
#2381=ORIENTED_EDGE('',*,*,#1786,.F.);
#2382=ORIENTED_EDGE('',*,*,#1787,.F.);
#2383=ORIENTED_EDGE('',*,*,#1788,.T.);
#2384=ORIENTED_EDGE('',*,*,#1787,.T.);
#2385=ORIENTED_EDGE('',*,*,#1789,.F.);
#2386=ORIENTED_EDGE('',*,*,#1790,.F.);
#2387=ORIENTED_EDGE('',*,*,#1791,.T.);
#2388=ORIENTED_EDGE('',*,*,#1790,.T.);
#2389=ORIENTED_EDGE('',*,*,#1792,.F.);
#2390=ORIENTED_EDGE('',*,*,#1782,.F.);
#2391=ORIENTED_EDGE('',*,*,#1792,.T.);
#2392=ORIENTED_EDGE('',*,*,#1789,.T.);
#2393=ORIENTED_EDGE('',*,*,#1786,.T.);
#2394=ORIENTED_EDGE('',*,*,#1783,.T.);
#2395=ORIENTED_EDGE('',*,*,#1791,.F.);
#2396=ORIENTED_EDGE('',*,*,#1781,.F.);
#2397=ORIENTED_EDGE('',*,*,#1785,.F.);
#2398=ORIENTED_EDGE('',*,*,#1788,.F.);
#2399=ORIENTED_EDGE('',*,*,#1793,.T.);
#2400=ORIENTED_EDGE('',*,*,#1794,.T.);
#2401=ORIENTED_EDGE('',*,*,#1795,.F.);
#2402=ORIENTED_EDGE('',*,*,#1796,.F.);
#2403=ORIENTED_EDGE('',*,*,#1797,.T.);
#2404=ORIENTED_EDGE('',*,*,#1796,.T.);
#2405=ORIENTED_EDGE('',*,*,#1798,.F.);
#2406=ORIENTED_EDGE('',*,*,#1799,.F.);
#2407=ORIENTED_EDGE('',*,*,#1800,.T.);
#2408=ORIENTED_EDGE('',*,*,#1799,.T.);
#2409=ORIENTED_EDGE('',*,*,#1801,.F.);
#2410=ORIENTED_EDGE('',*,*,#1802,.F.);
#2411=ORIENTED_EDGE('',*,*,#1803,.T.);
#2412=ORIENTED_EDGE('',*,*,#1802,.T.);
#2413=ORIENTED_EDGE('',*,*,#1804,.F.);
#2414=ORIENTED_EDGE('',*,*,#1794,.F.);
#2415=ORIENTED_EDGE('',*,*,#1804,.T.);
#2416=ORIENTED_EDGE('',*,*,#1801,.T.);
#2417=ORIENTED_EDGE('',*,*,#1798,.T.);
#2418=ORIENTED_EDGE('',*,*,#1795,.T.);
#2419=ORIENTED_EDGE('',*,*,#1803,.F.);
#2420=ORIENTED_EDGE('',*,*,#1793,.F.);
#2421=ORIENTED_EDGE('',*,*,#1797,.F.);
#2422=ORIENTED_EDGE('',*,*,#1800,.F.);
#2423=ORIENTED_EDGE('',*,*,#1805,.F.);
#2424=ORIENTED_EDGE('',*,*,#1806,.T.);
#2425=ORIENTED_EDGE('',*,*,#1807,.F.);
#2426=ORIENTED_EDGE('',*,*,#1806,.F.);
#2427=ORIENTED_EDGE('',*,*,#1807,.T.);
#2428=ORIENTED_EDGE('',*,*,#1805,.T.);
#2429=ORIENTED_EDGE('',*,*,#1808,.F.);
#2430=ORIENTED_EDGE('',*,*,#1809,.T.);
#2431=ORIENTED_EDGE('',*,*,#1810,.F.);
#2432=ORIENTED_EDGE('',*,*,#1809,.F.);
#2433=ORIENTED_EDGE('',*,*,#1810,.T.);
#2434=ORIENTED_EDGE('',*,*,#1808,.T.);
#2435=ORIENTED_EDGE('',*,*,#1811,.F.);
#2436=ORIENTED_EDGE('',*,*,#1812,.T.);
#2437=ORIENTED_EDGE('',*,*,#1813,.F.);
#2438=ORIENTED_EDGE('',*,*,#1812,.F.);
#2439=ORIENTED_EDGE('',*,*,#1813,.T.);
#2440=ORIENTED_EDGE('',*,*,#1811,.T.);
#2441=ORIENTED_EDGE('',*,*,#1814,.F.);
#2442=ORIENTED_EDGE('',*,*,#1815,.T.);
#2443=ORIENTED_EDGE('',*,*,#1816,.F.);
#2444=ORIENTED_EDGE('',*,*,#1815,.F.);
#2445=ORIENTED_EDGE('',*,*,#1816,.T.);
#2446=ORIENTED_EDGE('',*,*,#1814,.T.);
#2447=ORIENTED_EDGE('',*,*,#1817,.F.);
#2448=ORIENTED_EDGE('',*,*,#1818,.T.);
#2449=ORIENTED_EDGE('',*,*,#1819,.F.);
#2450=ORIENTED_EDGE('',*,*,#1818,.F.);
#2451=ORIENTED_EDGE('',*,*,#1819,.T.);
#2452=ORIENTED_EDGE('',*,*,#1817,.T.);
#2453=ORIENTED_EDGE('',*,*,#1820,.F.);
#2454=ORIENTED_EDGE('',*,*,#1821,.T.);
#2455=ORIENTED_EDGE('',*,*,#1822,.F.);
#2456=ORIENTED_EDGE('',*,*,#1821,.F.);
#2457=ORIENTED_EDGE('',*,*,#1822,.T.);
#2458=ORIENTED_EDGE('',*,*,#1820,.T.);
#2459=ORIENTED_EDGE('',*,*,#1823,.F.);
#2460=ORIENTED_EDGE('',*,*,#1824,.T.);
#2461=ORIENTED_EDGE('',*,*,#1825,.F.);
#2462=ORIENTED_EDGE('',*,*,#1824,.F.);
#2463=ORIENTED_EDGE('',*,*,#1825,.T.);
#2464=ORIENTED_EDGE('',*,*,#1823,.T.);
#2465=ORIENTED_EDGE('',*,*,#1826,.F.);
#2466=ORIENTED_EDGE('',*,*,#1827,.T.);
#2467=ORIENTED_EDGE('',*,*,#1828,.F.);
#2468=ORIENTED_EDGE('',*,*,#1827,.F.);
#2469=ORIENTED_EDGE('',*,*,#1828,.T.);
#2470=ORIENTED_EDGE('',*,*,#1826,.T.);
#2471=ORIENTED_EDGE('',*,*,#1829,.F.);
#2472=ORIENTED_EDGE('',*,*,#1830,.T.);
#2473=ORIENTED_EDGE('',*,*,#1831,.F.);
#2474=ORIENTED_EDGE('',*,*,#1830,.F.);
#2475=ORIENTED_EDGE('',*,*,#1831,.T.);
#2476=ORIENTED_EDGE('',*,*,#1829,.T.);
#2477=ORIENTED_EDGE('',*,*,#1832,.F.);
#2478=ORIENTED_EDGE('',*,*,#1833,.T.);
#2479=ORIENTED_EDGE('',*,*,#1834,.F.);
#2480=ORIENTED_EDGE('',*,*,#1833,.F.);
#2481=ORIENTED_EDGE('',*,*,#1834,.T.);
#2482=ORIENTED_EDGE('',*,*,#1832,.T.);
#2483=ORIENTED_EDGE('',*,*,#1835,.T.);
#2484=ORIENTED_EDGE('',*,*,#1836,.T.);
#2485=ORIENTED_EDGE('',*,*,#1837,.F.);
#2486=ORIENTED_EDGE('',*,*,#1838,.F.);
#2487=ORIENTED_EDGE('',*,*,#1839,.T.);
#2488=ORIENTED_EDGE('',*,*,#1838,.T.);
#2489=ORIENTED_EDGE('',*,*,#1840,.F.);
#2490=ORIENTED_EDGE('',*,*,#1841,.F.);
#2491=ORIENTED_EDGE('',*,*,#1842,.T.);
#2492=ORIENTED_EDGE('',*,*,#1841,.T.);
#2493=ORIENTED_EDGE('',*,*,#1843,.F.);
#2494=ORIENTED_EDGE('',*,*,#1844,.F.);
#2495=ORIENTED_EDGE('',*,*,#1845,.T.);
#2496=ORIENTED_EDGE('',*,*,#1844,.T.);
#2497=ORIENTED_EDGE('',*,*,#1846,.F.);
#2498=ORIENTED_EDGE('',*,*,#1836,.F.);
#2499=ORIENTED_EDGE('',*,*,#1846,.T.);
#2500=ORIENTED_EDGE('',*,*,#1843,.T.);
#2501=ORIENTED_EDGE('',*,*,#1840,.T.);
#2502=ORIENTED_EDGE('',*,*,#1837,.T.);
#2503=ORIENTED_EDGE('',*,*,#1845,.F.);
#2504=ORIENTED_EDGE('',*,*,#1835,.F.);
#2505=ORIENTED_EDGE('',*,*,#1839,.F.);
#2506=ORIENTED_EDGE('',*,*,#1842,.F.);
#2507=ORIENTED_EDGE('',*,*,#1847,.T.);
#2508=ORIENTED_EDGE('',*,*,#1848,.T.);
#2509=ORIENTED_EDGE('',*,*,#1849,.F.);
#2510=ORIENTED_EDGE('',*,*,#1850,.F.);
#2511=ORIENTED_EDGE('',*,*,#1851,.T.);
#2512=ORIENTED_EDGE('',*,*,#1850,.T.);
#2513=ORIENTED_EDGE('',*,*,#1852,.F.);
#2514=ORIENTED_EDGE('',*,*,#1853,.F.);
#2515=ORIENTED_EDGE('',*,*,#1854,.T.);
#2516=ORIENTED_EDGE('',*,*,#1853,.T.);
#2517=ORIENTED_EDGE('',*,*,#1855,.F.);
#2518=ORIENTED_EDGE('',*,*,#1856,.F.);
#2519=ORIENTED_EDGE('',*,*,#1857,.T.);
#2520=ORIENTED_EDGE('',*,*,#1856,.T.);
#2521=ORIENTED_EDGE('',*,*,#1858,.F.);
#2522=ORIENTED_EDGE('',*,*,#1848,.F.);
#2523=ORIENTED_EDGE('',*,*,#1858,.T.);
#2524=ORIENTED_EDGE('',*,*,#1855,.T.);
#2525=ORIENTED_EDGE('',*,*,#1852,.T.);
#2526=ORIENTED_EDGE('',*,*,#1849,.T.);
#2527=ORIENTED_EDGE('',*,*,#1857,.F.);
#2528=ORIENTED_EDGE('',*,*,#1847,.F.);
#2529=ORIENTED_EDGE('',*,*,#1851,.F.);
#2530=ORIENTED_EDGE('',*,*,#1854,.F.);
#2531=ORIENTED_EDGE('',*,*,#1859,.T.);
#2532=ORIENTED_EDGE('',*,*,#1860,.T.);
#2533=ORIENTED_EDGE('',*,*,#1861,.F.);
#2534=ORIENTED_EDGE('',*,*,#1862,.F.);
#2535=ORIENTED_EDGE('',*,*,#1863,.T.);
#2536=ORIENTED_EDGE('',*,*,#1862,.T.);
#2537=ORIENTED_EDGE('',*,*,#1864,.F.);
#2538=ORIENTED_EDGE('',*,*,#1865,.F.);
#2539=ORIENTED_EDGE('',*,*,#1866,.T.);
#2540=ORIENTED_EDGE('',*,*,#1865,.T.);
#2541=ORIENTED_EDGE('',*,*,#1867,.F.);
#2542=ORIENTED_EDGE('',*,*,#1868,.F.);
#2543=ORIENTED_EDGE('',*,*,#1869,.T.);
#2544=ORIENTED_EDGE('',*,*,#1868,.T.);
#2545=ORIENTED_EDGE('',*,*,#1870,.F.);
#2546=ORIENTED_EDGE('',*,*,#1860,.F.);
#2547=ORIENTED_EDGE('',*,*,#1870,.T.);
#2548=ORIENTED_EDGE('',*,*,#1867,.T.);
#2549=ORIENTED_EDGE('',*,*,#1864,.T.);
#2550=ORIENTED_EDGE('',*,*,#1861,.T.);
#2551=ORIENTED_EDGE('',*,*,#1869,.F.);
#2552=ORIENTED_EDGE('',*,*,#1859,.F.);
#2553=ORIENTED_EDGE('',*,*,#1863,.F.);
#2554=ORIENTED_EDGE('',*,*,#1866,.F.);
#2555=ORIENTED_EDGE('',*,*,#1871,.T.);
#2556=ORIENTED_EDGE('',*,*,#1872,.T.);
#2557=ORIENTED_EDGE('',*,*,#1873,.F.);
#2558=ORIENTED_EDGE('',*,*,#1874,.F.);
#2559=ORIENTED_EDGE('',*,*,#1875,.T.);
#2560=ORIENTED_EDGE('',*,*,#1874,.T.);
#2561=ORIENTED_EDGE('',*,*,#1876,.F.);
#2562=ORIENTED_EDGE('',*,*,#1877,.F.);
#2563=ORIENTED_EDGE('',*,*,#1878,.T.);
#2564=ORIENTED_EDGE('',*,*,#1877,.T.);
#2565=ORIENTED_EDGE('',*,*,#1879,.F.);
#2566=ORIENTED_EDGE('',*,*,#1880,.F.);
#2567=ORIENTED_EDGE('',*,*,#1881,.T.);
#2568=ORIENTED_EDGE('',*,*,#1880,.T.);
#2569=ORIENTED_EDGE('',*,*,#1882,.F.);
#2570=ORIENTED_EDGE('',*,*,#1872,.F.);
#2571=ORIENTED_EDGE('',*,*,#1882,.T.);
#2572=ORIENTED_EDGE('',*,*,#1879,.T.);
#2573=ORIENTED_EDGE('',*,*,#1876,.T.);
#2574=ORIENTED_EDGE('',*,*,#1873,.T.);
#2575=ORIENTED_EDGE('',*,*,#1881,.F.);
#2576=ORIENTED_EDGE('',*,*,#1871,.F.);
#2577=ORIENTED_EDGE('',*,*,#1875,.F.);
#2578=ORIENTED_EDGE('',*,*,#1878,.F.);
#2579=ORIENTED_EDGE('',*,*,#1883,.T.);
#2580=ORIENTED_EDGE('',*,*,#1884,.T.);
#2581=ORIENTED_EDGE('',*,*,#1885,.F.);
#2582=ORIENTED_EDGE('',*,*,#1886,.F.);
#2583=ORIENTED_EDGE('',*,*,#1887,.T.);
#2584=ORIENTED_EDGE('',*,*,#1886,.T.);
#2585=ORIENTED_EDGE('',*,*,#1888,.F.);
#2586=ORIENTED_EDGE('',*,*,#1889,.F.);
#2587=ORIENTED_EDGE('',*,*,#1890,.T.);
#2588=ORIENTED_EDGE('',*,*,#1889,.T.);
#2589=ORIENTED_EDGE('',*,*,#1891,.F.);
#2590=ORIENTED_EDGE('',*,*,#1892,.F.);
#2591=ORIENTED_EDGE('',*,*,#1893,.T.);
#2592=ORIENTED_EDGE('',*,*,#1892,.T.);
#2593=ORIENTED_EDGE('',*,*,#1894,.F.);
#2594=ORIENTED_EDGE('',*,*,#1884,.F.);
#2595=ORIENTED_EDGE('',*,*,#1894,.T.);
#2596=ORIENTED_EDGE('',*,*,#1891,.T.);
#2597=ORIENTED_EDGE('',*,*,#1888,.T.);
#2598=ORIENTED_EDGE('',*,*,#1885,.T.);
#2599=ORIENTED_EDGE('',*,*,#1893,.F.);
#2600=ORIENTED_EDGE('',*,*,#1883,.F.);
#2601=ORIENTED_EDGE('',*,*,#1887,.F.);
#2602=ORIENTED_EDGE('',*,*,#1890,.F.);
#2603=ORIENTED_EDGE('',*,*,#1895,.T.);
#2604=ORIENTED_EDGE('',*,*,#1896,.T.);
#2605=ORIENTED_EDGE('',*,*,#1897,.F.);
#2606=ORIENTED_EDGE('',*,*,#1898,.F.);
#2607=ORIENTED_EDGE('',*,*,#1899,.T.);
#2608=ORIENTED_EDGE('',*,*,#1898,.T.);
#2609=ORIENTED_EDGE('',*,*,#1900,.F.);
#2610=ORIENTED_EDGE('',*,*,#1901,.F.);
#2611=ORIENTED_EDGE('',*,*,#1902,.T.);
#2612=ORIENTED_EDGE('',*,*,#1901,.T.);
#2613=ORIENTED_EDGE('',*,*,#1903,.F.);
#2614=ORIENTED_EDGE('',*,*,#1904,.F.);
#2615=ORIENTED_EDGE('',*,*,#1905,.T.);
#2616=ORIENTED_EDGE('',*,*,#1904,.T.);
#2617=ORIENTED_EDGE('',*,*,#1906,.F.);
#2618=ORIENTED_EDGE('',*,*,#1896,.F.);
#2619=ORIENTED_EDGE('',*,*,#1906,.T.);
#2620=ORIENTED_EDGE('',*,*,#1903,.T.);
#2621=ORIENTED_EDGE('',*,*,#1900,.T.);
#2622=ORIENTED_EDGE('',*,*,#1897,.T.);
#2623=ORIENTED_EDGE('',*,*,#1905,.F.);
#2624=ORIENTED_EDGE('',*,*,#1895,.F.);
#2625=ORIENTED_EDGE('',*,*,#1899,.F.);
#2626=ORIENTED_EDGE('',*,*,#1902,.F.);
#2627=ORIENTED_EDGE('',*,*,#1907,.T.);
#2628=ORIENTED_EDGE('',*,*,#1908,.T.);
#2629=ORIENTED_EDGE('',*,*,#1909,.F.);
#2630=ORIENTED_EDGE('',*,*,#1910,.F.);
#2631=ORIENTED_EDGE('',*,*,#1911,.T.);
#2632=ORIENTED_EDGE('',*,*,#1910,.T.);
#2633=ORIENTED_EDGE('',*,*,#1912,.F.);
#2634=ORIENTED_EDGE('',*,*,#1913,.F.);
#2635=ORIENTED_EDGE('',*,*,#1914,.T.);
#2636=ORIENTED_EDGE('',*,*,#1913,.T.);
#2637=ORIENTED_EDGE('',*,*,#1915,.F.);
#2638=ORIENTED_EDGE('',*,*,#1916,.F.);
#2639=ORIENTED_EDGE('',*,*,#1917,.T.);
#2640=ORIENTED_EDGE('',*,*,#1916,.T.);
#2641=ORIENTED_EDGE('',*,*,#1918,.F.);
#2642=ORIENTED_EDGE('',*,*,#1908,.F.);
#2643=ORIENTED_EDGE('',*,*,#1918,.T.);
#2644=ORIENTED_EDGE('',*,*,#1915,.T.);
#2645=ORIENTED_EDGE('',*,*,#1912,.T.);
#2646=ORIENTED_EDGE('',*,*,#1909,.T.);
#2647=ORIENTED_EDGE('',*,*,#1917,.F.);
#2648=ORIENTED_EDGE('',*,*,#1907,.F.);
#2649=ORIENTED_EDGE('',*,*,#1911,.F.);
#2650=ORIENTED_EDGE('',*,*,#1914,.F.);
#2651=ORIENTED_EDGE('',*,*,#1919,.T.);
#2652=ORIENTED_EDGE('',*,*,#1920,.T.);
#2653=ORIENTED_EDGE('',*,*,#1921,.F.);
#2654=ORIENTED_EDGE('',*,*,#1922,.F.);
#2655=ORIENTED_EDGE('',*,*,#1923,.T.);
#2656=ORIENTED_EDGE('',*,*,#1922,.T.);
#2657=ORIENTED_EDGE('',*,*,#1924,.F.);
#2658=ORIENTED_EDGE('',*,*,#1925,.F.);
#2659=ORIENTED_EDGE('',*,*,#1926,.T.);
#2660=ORIENTED_EDGE('',*,*,#1925,.T.);
#2661=ORIENTED_EDGE('',*,*,#1927,.F.);
#2662=ORIENTED_EDGE('',*,*,#1928,.F.);
#2663=ORIENTED_EDGE('',*,*,#1929,.T.);
#2664=ORIENTED_EDGE('',*,*,#1928,.T.);
#2665=ORIENTED_EDGE('',*,*,#1930,.F.);
#2666=ORIENTED_EDGE('',*,*,#1920,.F.);
#2667=ORIENTED_EDGE('',*,*,#1930,.T.);
#2668=ORIENTED_EDGE('',*,*,#1927,.T.);
#2669=ORIENTED_EDGE('',*,*,#1924,.T.);
#2670=ORIENTED_EDGE('',*,*,#1921,.T.);
#2671=ORIENTED_EDGE('',*,*,#1929,.F.);
#2672=ORIENTED_EDGE('',*,*,#1919,.F.);
#2673=ORIENTED_EDGE('',*,*,#1923,.F.);
#2674=ORIENTED_EDGE('',*,*,#1926,.F.);
#2675=ORIENTED_EDGE('',*,*,#1931,.T.);
#2676=ORIENTED_EDGE('',*,*,#1932,.T.);
#2677=ORIENTED_EDGE('',*,*,#1933,.F.);
#2678=ORIENTED_EDGE('',*,*,#1934,.F.);
#2679=ORIENTED_EDGE('',*,*,#1935,.T.);
#2680=ORIENTED_EDGE('',*,*,#1934,.T.);
#2681=ORIENTED_EDGE('',*,*,#1936,.F.);
#2682=ORIENTED_EDGE('',*,*,#1937,.F.);
#2683=ORIENTED_EDGE('',*,*,#1938,.T.);
#2684=ORIENTED_EDGE('',*,*,#1937,.T.);
#2685=ORIENTED_EDGE('',*,*,#1939,.F.);
#2686=ORIENTED_EDGE('',*,*,#1940,.F.);
#2687=ORIENTED_EDGE('',*,*,#1941,.T.);
#2688=ORIENTED_EDGE('',*,*,#1940,.T.);
#2689=ORIENTED_EDGE('',*,*,#1942,.F.);
#2690=ORIENTED_EDGE('',*,*,#1932,.F.);
#2691=ORIENTED_EDGE('',*,*,#1942,.T.);
#2692=ORIENTED_EDGE('',*,*,#1939,.T.);
#2693=ORIENTED_EDGE('',*,*,#1936,.T.);
#2694=ORIENTED_EDGE('',*,*,#1933,.T.);
#2695=ORIENTED_EDGE('',*,*,#1941,.F.);
#2696=ORIENTED_EDGE('',*,*,#1931,.F.);
#2697=ORIENTED_EDGE('',*,*,#1935,.F.);
#2698=ORIENTED_EDGE('',*,*,#1938,.F.);
#2699=PLANE('',#3260);
#2700=PLANE('',#3261);
#2701=PLANE('',#3262);
#2702=PLANE('',#3263);
#2703=PLANE('',#3264);
#2704=PLANE('',#3265);
#2705=PLANE('',#3267);
#2706=PLANE('',#3268);
#2707=PLANE('',#3269);
#2708=PLANE('',#3270);
#2709=PLANE('',#3271);
#2710=PLANE('',#3272);
#2711=PLANE('',#3273);
#2712=PLANE('',#3274);
#2713=PLANE('',#3275);
#2714=PLANE('',#3276);
#2715=PLANE('',#3277);
#2716=PLANE('',#3278);
#2717=PLANE('',#3279);
#2718=PLANE('',#3280);
#2719=PLANE('',#3281);
#2720=PLANE('',#3282);
#2721=PLANE('',#3283);
#2722=PLANE('',#3284);
#2723=PLANE('',#3285);
#2724=PLANE('',#3286);
#2725=PLANE('',#3287);
#2726=PLANE('',#3288);
#2727=PLANE('',#3289);
#2728=PLANE('',#3290);
#2729=PLANE('',#3291);
#2730=PLANE('',#3292);
#2731=PLANE('',#3293);
#2732=PLANE('',#3294);
#2733=PLANE('',#3295);
#2734=PLANE('',#3296);
#2735=PLANE('',#3297);
#2736=PLANE('',#3298);
#2737=PLANE('',#3299);
#2738=PLANE('',#3300);
#2739=PLANE('',#3301);
#2740=PLANE('',#3302);
#2741=PLANE('',#3303);
#2742=PLANE('',#3304);
#2743=PLANE('',#3305);
#2744=PLANE('',#3306);
#2745=PLANE('',#3307);
#2746=PLANE('',#3308);
#2747=PLANE('',#3309);
#2748=PLANE('',#3310);
#2749=PLANE('',#3311);
#2750=PLANE('',#3312);
#2751=PLANE('',#3313);
#2752=PLANE('',#3314);
#2753=PLANE('',#3315);
#2754=PLANE('',#3316);
#2755=PLANE('',#3317);
#2756=PLANE('',#3318);
#2757=PLANE('',#3319);
#2758=PLANE('',#3320);
#2759=PLANE('',#3321);
#2760=PLANE('',#3322);
#2761=PLANE('',#3323);
#2762=PLANE('',#3324);
#2763=PLANE('',#3325);
#2764=PLANE('',#3326);
#2765=PLANE('',#3330);
#2766=PLANE('',#3331);
#2767=PLANE('',#3335);
#2768=PLANE('',#3336);
#2769=PLANE('',#3340);
#2770=PLANE('',#3341);
#2771=PLANE('',#3345);
#2772=PLANE('',#3346);
#2773=PLANE('',#3348);
#2774=PLANE('',#3349);
#2775=PLANE('',#3350);
#2776=PLANE('',#3351);
#2777=PLANE('',#3352);
#2778=PLANE('',#3353);
#2779=PLANE('',#3355);
#2780=PLANE('',#3356);
#2781=PLANE('',#3357);
#2782=PLANE('',#3358);
#2783=PLANE('',#3359);
#2784=PLANE('',#3360);
#2785=PLANE('',#3362);
#2786=PLANE('',#3363);
#2787=PLANE('',#3364);
#2788=PLANE('',#3365);
#2789=PLANE('',#3366);
#2790=PLANE('',#3367);
#2791=PLANE('',#3368);
#2792=PLANE('',#3369);
#2793=PLANE('',#3370);
#2794=PLANE('',#3371);
#2795=PLANE('',#3372);
#2796=PLANE('',#3373);
#2797=PLANE('',#3374);
#2798=PLANE('',#3375);
#2799=PLANE('',#3376);
#2800=PLANE('',#3377);
#2801=PLANE('',#3378);
#2802=PLANE('',#3379);
#2803=PLANE('',#3381);
#2804=PLANE('',#3382);
#2805=PLANE('',#3383);
#2806=PLANE('',#3384);
#2807=PLANE('',#3385);
#2808=PLANE('',#3386);
#2809=PLANE('',#3387);
#2810=PLANE('',#3388);
#2811=PLANE('',#3389);
#2812=PLANE('',#3390);
#2813=PLANE('',#3391);
#2814=PLANE('',#3392);
#2815=PLANE('',#3393);
#2816=PLANE('',#3394);
#2817=PLANE('',#3395);
#2818=PLANE('',#3396);
#2819=PLANE('',#3397);
#2820=PLANE('',#3398);
#2821=PLANE('',#3403);
#2822=PLANE('',#3404);
#2823=PLANE('',#3408);
#2824=PLANE('',#3409);
#2825=PLANE('',#3413);
#2826=PLANE('',#3414);
#2827=PLANE('',#3418);
#2828=PLANE('',#3419);
#2829=PLANE('',#3423);
#2830=PLANE('',#3424);
#2831=PLANE('',#3428);
#2832=PLANE('',#3429);
#2833=PLANE('',#3433);
#2834=PLANE('',#3434);
#2835=PLANE('',#3438);
#2836=PLANE('',#3439);
#2837=PLANE('',#3443);
#2838=PLANE('',#3444);
#2839=PLANE('',#3448);
#2840=PLANE('',#3449);
#2841=PLANE('',#3451);
#2842=PLANE('',#3452);
#2843=PLANE('',#3453);
#2844=PLANE('',#3454);
#2845=PLANE('',#3455);
#2846=PLANE('',#3456);
#2847=PLANE('',#3457);
#2848=PLANE('',#3458);
#2849=PLANE('',#3459);
#2850=PLANE('',#3460);
#2851=PLANE('',#3461);
#2852=PLANE('',#3462);
#2853=PLANE('',#3463);
#2854=PLANE('',#3464);
#2855=PLANE('',#3465);
#2856=PLANE('',#3466);
#2857=PLANE('',#3467);
#2858=PLANE('',#3468);
#2859=PLANE('',#3469);
#2860=PLANE('',#3470);
#2861=PLANE('',#3471);
#2862=PLANE('',#3472);
#2863=PLANE('',#3473);
#2864=PLANE('',#3474);
#2865=PLANE('',#3475);
#2866=PLANE('',#3476);
#2867=PLANE('',#3477);
#2868=PLANE('',#3478);
#2869=PLANE('',#3479);
#2870=PLANE('',#3480);
#2871=PLANE('',#3481);
#2872=PLANE('',#3482);
#2873=PLANE('',#3483);
#2874=PLANE('',#3484);
#2875=PLANE('',#3485);
#2876=PLANE('',#3486);
#2877=PLANE('',#3487);
#2878=PLANE('',#3488);
#2879=PLANE('',#3489);
#2880=PLANE('',#3490);
#2881=PLANE('',#3491);
#2882=PLANE('',#3492);
#2883=PLANE('',#3493);
#2884=PLANE('',#3494);
#2885=PLANE('',#3495);
#2886=PLANE('',#3496);
#2887=PLANE('',#3497);
#2888=PLANE('',#3498);
#2889=PLANE('',#3499);
#2890=PLANE('',#3500);
#2891=PLANE('',#3501);
#2892=PLANE('',#3502);
#2893=PLANE('',#3503);
#2894=PLANE('',#3504);
#2895=ADVANCED_FACE('',(#193),#2699,.T.);
#2896=ADVANCED_FACE('',(#194),#2700,.T.);
#2897=ADVANCED_FACE('',(#195),#2701,.T.);
#2898=ADVANCED_FACE('',(#196),#2702,.T.);
#2899=ADVANCED_FACE('',(#197),#2703,.T.);
#2900=ADVANCED_FACE('',(#198),#2704,.F.);
#2901=ADVANCED_FACE('',(#199),#2705,.T.);
#2902=ADVANCED_FACE('',(#200),#2706,.T.);
#2903=ADVANCED_FACE('',(#201),#2707,.T.);
#2904=ADVANCED_FACE('',(#202),#2708,.T.);
#2905=ADVANCED_FACE('',(#203),#2709,.T.);
#2906=ADVANCED_FACE('',(#204),#2710,.F.);
#2907=ADVANCED_FACE('',(#205),#2711,.T.);
#2908=ADVANCED_FACE('',(#206),#2712,.T.);
#2909=ADVANCED_FACE('',(#207),#2713,.T.);
#2910=ADVANCED_FACE('',(#208),#2714,.T.);
#2911=ADVANCED_FACE('',(#209),#2715,.T.);
#2912=ADVANCED_FACE('',(#210),#2716,.F.);
#2913=ADVANCED_FACE('',(#211),#2717,.T.);
#2914=ADVANCED_FACE('',(#212),#2718,.T.);
#2915=ADVANCED_FACE('',(#213),#2719,.T.);
#2916=ADVANCED_FACE('',(#214),#2720,.T.);
#2917=ADVANCED_FACE('',(#215),#2721,.T.);
#2918=ADVANCED_FACE('',(#216),#2722,.F.);
#2919=ADVANCED_FACE('',(#217),#2723,.T.);
#2920=ADVANCED_FACE('',(#218),#2724,.T.);
#2921=ADVANCED_FACE('',(#219),#2725,.T.);
#2922=ADVANCED_FACE('',(#220),#2726,.T.);
#2923=ADVANCED_FACE('',(#221),#2727,.T.);
#2924=ADVANCED_FACE('',(#222),#2728,.F.);
#2925=ADVANCED_FACE('',(#223),#2729,.T.);
#2926=ADVANCED_FACE('',(#224),#2730,.T.);
#2927=ADVANCED_FACE('',(#225),#2731,.T.);
#2928=ADVANCED_FACE('',(#226),#2732,.T.);
#2929=ADVANCED_FACE('',(#227),#2733,.T.);
#2930=ADVANCED_FACE('',(#228),#2734,.F.);
#2931=ADVANCED_FACE('',(#229),#2735,.T.);
#2932=ADVANCED_FACE('',(#230),#2736,.T.);
#2933=ADVANCED_FACE('',(#231),#2737,.T.);
#2934=ADVANCED_FACE('',(#232),#2738,.T.);
#2935=ADVANCED_FACE('',(#233),#2739,.T.);
#2936=ADVANCED_FACE('',(#234),#2740,.F.);
#2937=ADVANCED_FACE('',(#235),#2741,.T.);
#2938=ADVANCED_FACE('',(#236),#2742,.T.);
#2939=ADVANCED_FACE('',(#237),#2743,.T.);
#2940=ADVANCED_FACE('',(#238),#2744,.T.);
#2941=ADVANCED_FACE('',(#239),#2745,.T.);
#2942=ADVANCED_FACE('',(#240),#2746,.F.);
#2943=ADVANCED_FACE('',(#241),#2747,.T.);
#2944=ADVANCED_FACE('',(#242),#2748,.T.);
#2945=ADVANCED_FACE('',(#243),#2749,.T.);
#2946=ADVANCED_FACE('',(#244),#2750,.T.);
#2947=ADVANCED_FACE('',(#245),#2751,.T.);
#2948=ADVANCED_FACE('',(#246),#2752,.F.);
#2949=ADVANCED_FACE('',(#247),#2753,.T.);
#2950=ADVANCED_FACE('',(#248),#2754,.T.);
#2951=ADVANCED_FACE('',(#249),#2755,.T.);
#2952=ADVANCED_FACE('',(#250),#2756,.T.);
#2953=ADVANCED_FACE('',(#251),#2757,.T.);
#2954=ADVANCED_FACE('',(#252),#2758,.F.);
#2955=ADVANCED_FACE('',(#253),#2759,.T.);
#2956=ADVANCED_FACE('',(#254),#2760,.T.);
#2957=ADVANCED_FACE('',(#255),#2761,.T.);
#2958=ADVANCED_FACE('',(#256),#2762,.T.);
#2959=ADVANCED_FACE('',(#257),#2763,.T.);
#2960=ADVANCED_FACE('',(#258),#2764,.F.);
#2961=ADVANCED_FACE('',(#259),#79,.T.);
#2962=ADVANCED_FACE('',(#260),#2765,.T.);
#2963=ADVANCED_FACE('',(#261),#2766,.F.);
#2964=ADVANCED_FACE('',(#262),#80,.T.);
#2965=ADVANCED_FACE('',(#263),#2767,.T.);
#2966=ADVANCED_FACE('',(#264),#2768,.F.);
#2967=ADVANCED_FACE('',(#265),#81,.T.);
#2968=ADVANCED_FACE('',(#266),#2769,.T.);
#2969=ADVANCED_FACE('',(#267),#2770,.F.);
#2970=ADVANCED_FACE('',(#268),#82,.T.);
#2971=ADVANCED_FACE('',(#269),#2771,.T.);
#2972=ADVANCED_FACE('',(#270),#2772,.F.);
#2973=ADVANCED_FACE('',(#271),#2773,.T.);
#2974=ADVANCED_FACE('',(#272),#2774,.T.);
#2975=ADVANCED_FACE('',(#273),#2775,.T.);
#2976=ADVANCED_FACE('',(#274),#2776,.T.);
#2977=ADVANCED_FACE('',(#275),#2777,.T.);
#2978=ADVANCED_FACE('',(#276),#2778,.F.);
#2979=ADVANCED_FACE('',(#277),#2779,.T.);
#2980=ADVANCED_FACE('',(#278),#2780,.T.);
#2981=ADVANCED_FACE('',(#279),#2781,.T.);
#2982=ADVANCED_FACE('',(#280),#2782,.T.);
#2983=ADVANCED_FACE('',(#281),#2783,.T.);
#2984=ADVANCED_FACE('',(#282),#2784,.F.);
#2985=ADVANCED_FACE('',(#283),#2785,.T.);
#2986=ADVANCED_FACE('',(#284),#2786,.T.);
#2987=ADVANCED_FACE('',(#285),#2787,.T.);
#2988=ADVANCED_FACE('',(#286),#2788,.T.);
#2989=ADVANCED_FACE('',(#287),#2789,.T.);
#2990=ADVANCED_FACE('',(#288),#2790,.F.);
#2991=ADVANCED_FACE('',(#289),#2791,.T.);
#2992=ADVANCED_FACE('',(#290),#2792,.T.);
#2993=ADVANCED_FACE('',(#291),#2793,.T.);
#2994=ADVANCED_FACE('',(#292),#2794,.T.);
#2995=ADVANCED_FACE('',(#293),#2795,.T.);
#2996=ADVANCED_FACE('',(#294),#2796,.F.);
#2997=ADVANCED_FACE('',(#295),#2797,.T.);
#2998=ADVANCED_FACE('',(#296),#2798,.T.);
#2999=ADVANCED_FACE('',(#297),#2799,.T.);
#3000=ADVANCED_FACE('',(#298),#2800,.T.);
#3001=ADVANCED_FACE('',(#299),#2801,.T.);
#3002=ADVANCED_FACE('',(#300),#2802,.F.);
#3003=ADVANCED_FACE('',(#301),#2803,.T.);
#3004=ADVANCED_FACE('',(#302),#2804,.T.);
#3005=ADVANCED_FACE('',(#303),#2805,.T.);
#3006=ADVANCED_FACE('',(#304),#2806,.T.);
#3007=ADVANCED_FACE('',(#305),#2807,.T.);
#3008=ADVANCED_FACE('',(#306),#2808,.F.);
#3009=ADVANCED_FACE('',(#307),#2809,.T.);
#3010=ADVANCED_FACE('',(#308),#2810,.T.);
#3011=ADVANCED_FACE('',(#309),#2811,.T.);
#3012=ADVANCED_FACE('',(#310),#2812,.T.);
#3013=ADVANCED_FACE('',(#311),#2813,.T.);
#3014=ADVANCED_FACE('',(#312),#2814,.F.);
#3015=ADVANCED_FACE('',(#313),#2815,.T.);
#3016=ADVANCED_FACE('',(#314),#2816,.T.);
#3017=ADVANCED_FACE('',(#315),#2817,.T.);
#3018=ADVANCED_FACE('',(#316),#2818,.T.);
#3019=ADVANCED_FACE('',(#317),#2819,.T.);
#3020=ADVANCED_FACE('',(#318),#2820,.F.);
#3021=ADVANCED_FACE('',(#319),#83,.T.);
#3022=ADVANCED_FACE('',(#320),#2821,.T.);
#3023=ADVANCED_FACE('',(#321),#2822,.T.);
#3024=ADVANCED_FACE('',(#322),#84,.T.);
#3025=ADVANCED_FACE('',(#323),#2823,.T.);
#3026=ADVANCED_FACE('',(#324),#2824,.T.);
#3027=ADVANCED_FACE('',(#325),#85,.T.);
#3028=ADVANCED_FACE('',(#326),#2825,.T.);
#3029=ADVANCED_FACE('',(#327),#2826,.T.);
#3030=ADVANCED_FACE('',(#328),#86,.T.);
#3031=ADVANCED_FACE('',(#329),#2827,.T.);
#3032=ADVANCED_FACE('',(#330),#2828,.T.);
#3033=ADVANCED_FACE('',(#331),#87,.T.);
#3034=ADVANCED_FACE('',(#332),#2829,.T.);
#3035=ADVANCED_FACE('',(#333),#2830,.T.);
#3036=ADVANCED_FACE('',(#334),#88,.T.);
#3037=ADVANCED_FACE('',(#335),#2831,.T.);
#3038=ADVANCED_FACE('',(#336),#2832,.T.);
#3039=ADVANCED_FACE('',(#337),#89,.T.);
#3040=ADVANCED_FACE('',(#338),#2833,.T.);
#3041=ADVANCED_FACE('',(#339),#2834,.T.);
#3042=ADVANCED_FACE('',(#340),#90,.T.);
#3043=ADVANCED_FACE('',(#341),#2835,.T.);
#3044=ADVANCED_FACE('',(#342),#2836,.T.);
#3045=ADVANCED_FACE('',(#343),#91,.T.);
#3046=ADVANCED_FACE('',(#344),#2837,.T.);
#3047=ADVANCED_FACE('',(#345),#2838,.T.);
#3048=ADVANCED_FACE('',(#346),#92,.T.);
#3049=ADVANCED_FACE('',(#347),#2839,.T.);
#3050=ADVANCED_FACE('',(#348),#2840,.T.);
#3051=ADVANCED_FACE('',(#349),#2841,.T.);
#3052=ADVANCED_FACE('',(#350),#2842,.T.);
#3053=ADVANCED_FACE('',(#351),#2843,.T.);
#3054=ADVANCED_FACE('',(#352),#2844,.T.);
#3055=ADVANCED_FACE('',(#353),#2845,.T.);
#3056=ADVANCED_FACE('',(#354),#2846,.F.);
#3057=ADVANCED_FACE('',(#355),#2847,.T.);
#3058=ADVANCED_FACE('',(#356),#2848,.T.);
#3059=ADVANCED_FACE('',(#357),#2849,.T.);
#3060=ADVANCED_FACE('',(#358),#2850,.T.);
#3061=ADVANCED_FACE('',(#359),#2851,.T.);
#3062=ADVANCED_FACE('',(#360),#2852,.F.);
#3063=ADVANCED_FACE('',(#361),#2853,.T.);
#3064=ADVANCED_FACE('',(#362),#2854,.T.);
#3065=ADVANCED_FACE('',(#363),#2855,.T.);
#3066=ADVANCED_FACE('',(#364),#2856,.T.);
#3067=ADVANCED_FACE('',(#365),#2857,.T.);
#3068=ADVANCED_FACE('',(#366),#2858,.F.);
#3069=ADVANCED_FACE('',(#367),#2859,.T.);
#3070=ADVANCED_FACE('',(#368),#2860,.T.);
#3071=ADVANCED_FACE('',(#369),#2861,.T.);
#3072=ADVANCED_FACE('',(#370),#2862,.T.);
#3073=ADVANCED_FACE('',(#371),#2863,.T.);
#3074=ADVANCED_FACE('',(#372),#2864,.F.);
#3075=ADVANCED_FACE('',(#373),#2865,.T.);
#3076=ADVANCED_FACE('',(#374),#2866,.T.);
#3077=ADVANCED_FACE('',(#375),#2867,.T.);
#3078=ADVANCED_FACE('',(#376),#2868,.T.);
#3079=ADVANCED_FACE('',(#377),#2869,.T.);
#3080=ADVANCED_FACE('',(#378),#2870,.F.);
#3081=ADVANCED_FACE('',(#379),#2871,.T.);
#3082=ADVANCED_FACE('',(#380),#2872,.T.);
#3083=ADVANCED_FACE('',(#381),#2873,.T.);
#3084=ADVANCED_FACE('',(#382),#2874,.T.);
#3085=ADVANCED_FACE('',(#383),#2875,.T.);
#3086=ADVANCED_FACE('',(#384),#2876,.F.);
#3087=ADVANCED_FACE('',(#385),#2877,.T.);
#3088=ADVANCED_FACE('',(#386),#2878,.T.);
#3089=ADVANCED_FACE('',(#387),#2879,.T.);
#3090=ADVANCED_FACE('',(#388),#2880,.T.);
#3091=ADVANCED_FACE('',(#389),#2881,.T.);
#3092=ADVANCED_FACE('',(#390),#2882,.F.);
#3093=ADVANCED_FACE('',(#391),#2883,.T.);
#3094=ADVANCED_FACE('',(#392),#2884,.T.);
#3095=ADVANCED_FACE('',(#393),#2885,.T.);
#3096=ADVANCED_FACE('',(#394),#2886,.T.);
#3097=ADVANCED_FACE('',(#395),#2887,.T.);
#3098=ADVANCED_FACE('',(#396),#2888,.F.);
#3099=ADVANCED_FACE('',(#397),#2889,.T.);
#3100=ADVANCED_FACE('',(#398),#2890,.T.);
#3101=ADVANCED_FACE('',(#399),#2891,.T.);
#3102=ADVANCED_FACE('',(#400),#2892,.T.);
#3103=ADVANCED_FACE('',(#401),#2893,.T.);
#3104=ADVANCED_FACE('',(#402),#2894,.F.);
#3105=CLOSED_SHELL('',(#2895,#2896,#2897,#2898,#2899,#2900));
#3106=CLOSED_SHELL('',(#2901,#2902,#2903,#2904,#2905,#2906));
#3107=CLOSED_SHELL('',(#2907,#2908,#2909,#2910,#2911,#2912));
#3108=CLOSED_SHELL('',(#2913,#2914,#2915,#2916,#2917,#2918));
#3109=CLOSED_SHELL('',(#2919,#2920,#2921,#2922,#2923,#2924));
#3110=CLOSED_SHELL('',(#2925,#2926,#2927,#2928,#2929,#2930));
#3111=CLOSED_SHELL('',(#2931,#2932,#2933,#2934,#2935,#2936));
#3112=CLOSED_SHELL('',(#2937,#2938,#2939,#2940,#2941,#2942));
#3113=CLOSED_SHELL('',(#2943,#2944,#2945,#2946,#2947,#2948));
#3114=CLOSED_SHELL('',(#2949,#2950,#2951,#2952,#2953,#2954));
#3115=CLOSED_SHELL('',(#2955,#2956,#2957,#2958,#2959,#2960));
#3116=CLOSED_SHELL('',(#2961,#2962,#2963));
#3117=CLOSED_SHELL('',(#2964,#2965,#2966));
#3118=CLOSED_SHELL('',(#2967,#2968,#2969));
#3119=CLOSED_SHELL('',(#2970,#2971,#2972));
#3120=CLOSED_SHELL('',(#2973,#2974,#2975,#2976,#2977,#2978));
#3121=CLOSED_SHELL('',(#2979,#2980,#2981,#2982,#2983,#2984));
#3122=CLOSED_SHELL('',(#2985,#2986,#2987,#2988,#2989,#2990));
#3123=CLOSED_SHELL('',(#2991,#2992,#2993,#2994,#2995,#2996));
#3124=CLOSED_SHELL('',(#2997,#2998,#2999,#3000,#3001,#3002));
#3125=CLOSED_SHELL('',(#3003,#3004,#3005,#3006,#3007,#3008));
#3126=CLOSED_SHELL('',(#3009,#3010,#3011,#3012,#3013,#3014));
#3127=CLOSED_SHELL('',(#3015,#3016,#3017,#3018,#3019,#3020));
#3128=CLOSED_SHELL('',(#3021,#3022,#3023));
#3129=CLOSED_SHELL('',(#3024,#3025,#3026));
#3130=CLOSED_SHELL('',(#3027,#3028,#3029));
#3131=CLOSED_SHELL('',(#3030,#3031,#3032));
#3132=CLOSED_SHELL('',(#3033,#3034,#3035));
#3133=CLOSED_SHELL('',(#3036,#3037,#3038));
#3134=CLOSED_SHELL('',(#3039,#3040,#3041));
#3135=CLOSED_SHELL('',(#3042,#3043,#3044));
#3136=CLOSED_SHELL('',(#3045,#3046,#3047));
#3137=CLOSED_SHELL('',(#3048,#3049,#3050));
#3138=CLOSED_SHELL('',(#3051,#3052,#3053,#3054,#3055,#3056));
#3139=CLOSED_SHELL('',(#3057,#3058,#3059,#3060,#3061,#3062));
#3140=CLOSED_SHELL('',(#3063,#3064,#3065,#3066,#3067,#3068));
#3141=CLOSED_SHELL('',(#3069,#3070,#3071,#3072,#3073,#3074));
#3142=CLOSED_SHELL('',(#3075,#3076,#3077,#3078,#3079,#3080));
#3143=CLOSED_SHELL('',(#3081,#3082,#3083,#3084,#3085,#3086));
#3144=CLOSED_SHELL('',(#3087,#3088,#3089,#3090,#3091,#3092));
#3145=CLOSED_SHELL('',(#3093,#3094,#3095,#3096,#3097,#3098));
#3146=CLOSED_SHELL('',(#3099,#3100,#3101,#3102,#3103,#3104));
#3147=DERIVED_UNIT_ELEMENT(#3167,1.);
#3148=DERIVED_UNIT_ELEMENT(#5271,-3.);
#3149=DERIVED_UNIT_ELEMENT(#3167,1.);
#3150=DERIVED_UNIT_ELEMENT(#5271,-3.);
#3151=DERIVED_UNIT_ELEMENT(#3167,1.);
#3152=DERIVED_UNIT_ELEMENT(#5271,-3.);
#3153=DERIVED_UNIT_ELEMENT(#3167,1.);
#3154=DERIVED_UNIT_ELEMENT(#5271,-3.);
#3155=DERIVED_UNIT_ELEMENT(#3167,1.);
#3156=DERIVED_UNIT_ELEMENT(#5271,-3.);
#3157=DERIVED_UNIT_ELEMENT(#3167,1.);
#3158=DERIVED_UNIT_ELEMENT(#5271,-3.);
#3159=DERIVED_UNIT_ELEMENT(#3167,1.);
#3160=DERIVED_UNIT_ELEMENT(#5271,-3.);
#3161=DERIVED_UNIT_ELEMENT(#3167,1.);
#3162=DERIVED_UNIT_ELEMENT(#5271,-3.);
#3163=DERIVED_UNIT_ELEMENT(#3167,1.);
#3164=DERIVED_UNIT_ELEMENT(#5271,-3.);
#3165=DERIVED_UNIT_ELEMENT(#3167,1.);
#3166=DERIVED_UNIT_ELEMENT(#5271,-3.);
#3167=(
MASS_UNIT()
NAMED_UNIT(*)
SI_UNIT(.KILO.,.GRAM.)
);
#3168=DERIVED_UNIT((#3147,#3148));
#3169=DERIVED_UNIT((#3149,#3150));
#3170=DERIVED_UNIT((#3151,#3152));
#3171=DERIVED_UNIT((#3153,#3154));
#3172=DERIVED_UNIT((#3155,#3156));
#3173=DERIVED_UNIT((#3157,#3158));
#3174=DERIVED_UNIT((#3159,#3160));
#3175=DERIVED_UNIT((#3161,#3162));
#3176=DERIVED_UNIT((#3163,#3164));
#3177=DERIVED_UNIT((#3165,#3166));
#3178=MEASURE_REPRESENTATION_ITEM('density measure',
POSITIVE_RATIO_MEASURE(7850.),#3168);
#3179=MEASURE_REPRESENTATION_ITEM('density measure',
POSITIVE_RATIO_MEASURE(7850.),#3169);
#3180=MEASURE_REPRESENTATION_ITEM('density measure',
POSITIVE_RATIO_MEASURE(7850.),#3170);
#3181=MEASURE_REPRESENTATION_ITEM('density measure',
POSITIVE_RATIO_MEASURE(7850.),#3171);
#3182=MEASURE_REPRESENTATION_ITEM('density measure',
POSITIVE_RATIO_MEASURE(7850.),#3172);
#3183=MEASURE_REPRESENTATION_ITEM('density measure',
POSITIVE_RATIO_MEASURE(7850.),#3173);
#3184=MEASURE_REPRESENTATION_ITEM('density measure',
POSITIVE_RATIO_MEASURE(7850.),#3174);
#3185=MEASURE_REPRESENTATION_ITEM('density measure',
POSITIVE_RATIO_MEASURE(7850.),#3175);
#3186=MEASURE_REPRESENTATION_ITEM('density measure',
POSITIVE_RATIO_MEASURE(7850.),#3176);
#3187=MEASURE_REPRESENTATION_ITEM('density measure',
POSITIVE_RATIO_MEASURE(7850.),#3177);
#3188=PROPERTY_DEFINITION_REPRESENTATION(#3238,#3208);
#3189=PROPERTY_DEFINITION_REPRESENTATION(#3239,#3209);
#3190=PROPERTY_DEFINITION_REPRESENTATION(#3240,#3210);
#3191=PROPERTY_DEFINITION_REPRESENTATION(#3241,#3211);
#3192=PROPERTY_DEFINITION_REPRESENTATION(#3242,#3212);
#3193=PROPERTY_DEFINITION_REPRESENTATION(#3243,#3213);
#3194=PROPERTY_DEFINITION_REPRESENTATION(#3244,#3214);
#3195=PROPERTY_DEFINITION_REPRESENTATION(#3245,#3215);
#3196=PROPERTY_DEFINITION_REPRESENTATION(#3246,#3216);
#3197=PROPERTY_DEFINITION_REPRESENTATION(#3247,#3217);
#3198=PROPERTY_DEFINITION_REPRESENTATION(#3248,#3218);
#3199=PROPERTY_DEFINITION_REPRESENTATION(#3249,#3219);
#3200=PROPERTY_DEFINITION_REPRESENTATION(#3250,#3220);
#3201=PROPERTY_DEFINITION_REPRESENTATION(#3251,#3221);
#3202=PROPERTY_DEFINITION_REPRESENTATION(#3252,#3222);
#3203=PROPERTY_DEFINITION_REPRESENTATION(#3253,#3223);
#3204=PROPERTY_DEFINITION_REPRESENTATION(#3254,#3224);
#3205=PROPERTY_DEFINITION_REPRESENTATION(#3255,#3225);
#3206=PROPERTY_DEFINITION_REPRESENTATION(#3256,#3226);
#3207=PROPERTY_DEFINITION_REPRESENTATION(#3257,#3227);
#3208=REPRESENTATION('material name',(#3228),#5259);
#3209=REPRESENTATION('density',(#3178),#5259);
#3210=REPRESENTATION('material name',(#3229),#5260);
#3211=REPRESENTATION('density',(#3179),#5260);
#3212=REPRESENTATION('material name',(#3230),#5261);
#3213=REPRESENTATION('density',(#3180),#5261);
#3214=REPRESENTATION('material name',(#3231),#5262);
#3215=REPRESENTATION('density',(#3181),#5262);
#3216=REPRESENTATION('material name',(#3232),#5263);
#3217=REPRESENTATION('density',(#3182),#5263);
#3218=REPRESENTATION('material name',(#3233),#5264);
#3219=REPRESENTATION('density',(#3183),#5264);
#3220=REPRESENTATION('material name',(#3234),#5265);
#3221=REPRESENTATION('density',(#3184),#5265);
#3222=REPRESENTATION('material name',(#3235),#5266);
#3223=REPRESENTATION('density',(#3185),#5266);
#3224=REPRESENTATION('material name',(#3236),#5267);
#3225=REPRESENTATION('density',(#3186),#5267);
#3226=REPRESENTATION('material name',(#3237),#5268);
#3227=REPRESENTATION('density',(#3187),#5268);
#3228=DESCRIPTIVE_REPRESENTATION_ITEM('Steel','Steel');
#3229=DESCRIPTIVE_REPRESENTATION_ITEM('Steel','Steel');
#3230=DESCRIPTIVE_REPRESENTATION_ITEM('Steel','Steel');
#3231=DESCRIPTIVE_REPRESENTATION_ITEM('Steel','Steel');
#3232=DESCRIPTIVE_REPRESENTATION_ITEM('Steel','Steel');
#3233=DESCRIPTIVE_REPRESENTATION_ITEM('Steel','Steel');
#3234=DESCRIPTIVE_REPRESENTATION_ITEM('Steel','Steel');
#3235=DESCRIPTIVE_REPRESENTATION_ITEM('Steel','Steel');
#3236=DESCRIPTIVE_REPRESENTATION_ITEM('Steel','Steel');
#3237=DESCRIPTIVE_REPRESENTATION_ITEM('Steel','Steel');
#3238=PROPERTY_DEFINITION('material property','material name',#5319);
#3239=PROPERTY_DEFINITION('material property','density of part',#5319);
#3240=PROPERTY_DEFINITION('material property','material name',#5320);
#3241=PROPERTY_DEFINITION('material property','density of part',#5320);
#3242=PROPERTY_DEFINITION('material property','material name',#5321);
#3243=PROPERTY_DEFINITION('material property','density of part',#5321);
#3244=PROPERTY_DEFINITION('material property','material name',#5322);
#3245=PROPERTY_DEFINITION('material property','density of part',#5322);
#3246=PROPERTY_DEFINITION('material property','material name',#5323);
#3247=PROPERTY_DEFINITION('material property','density of part',#5323);
#3248=PROPERTY_DEFINITION('material property','material name',#5324);
#3249=PROPERTY_DEFINITION('material property','density of part',#5324);
#3250=PROPERTY_DEFINITION('material property','material name',#5325);
#3251=PROPERTY_DEFINITION('material property','density of part',#5325);
#3252=PROPERTY_DEFINITION('material property','material name',#5326);
#3253=PROPERTY_DEFINITION('material property','density of part',#5326);
#3254=PROPERTY_DEFINITION('material property','material name',#5327);
#3255=PROPERTY_DEFINITION('material property','density of part',#5327);
#3256=PROPERTY_DEFINITION('material property','material name',#5328);
#3257=PROPERTY_DEFINITION('material property','density of part',#5328);
#3258=AXIS2_PLACEMENT_3D('',#4385,#3517,#3518);
#3259=AXIS2_PLACEMENT_3D('',#4386,#3519,#3520);
#3260=AXIS2_PLACEMENT_3D('',#4387,#3521,#3522);
#3261=AXIS2_PLACEMENT_3D('',#4396,#3527,#3528);
#3262=AXIS2_PLACEMENT_3D('',#4402,#3532,#3533);
#3263=AXIS2_PLACEMENT_3D('',#4408,#3537,#3538);
#3264=AXIS2_PLACEMENT_3D('',#4411,#3541,#3542);
#3265=AXIS2_PLACEMENT_3D('',#4412,#3543,#3544);
#3266=AXIS2_PLACEMENT_3D('',#4413,#3545,#3546);
#3267=AXIS2_PLACEMENT_3D('',#4414,#3547,#3548);
#3268=AXIS2_PLACEMENT_3D('',#4423,#3553,#3554);
#3269=AXIS2_PLACEMENT_3D('',#4429,#3558,#3559);
#3270=AXIS2_PLACEMENT_3D('',#4435,#3563,#3564);
#3271=AXIS2_PLACEMENT_3D('',#4438,#3567,#3568);
#3272=AXIS2_PLACEMENT_3D('',#4439,#3569,#3570);
#3273=AXIS2_PLACEMENT_3D('',#4440,#3571,#3572);
#3274=AXIS2_PLACEMENT_3D('',#4449,#3577,#3578);
#3275=AXIS2_PLACEMENT_3D('',#4455,#3582,#3583);
#3276=AXIS2_PLACEMENT_3D('',#4461,#3587,#3588);
#3277=AXIS2_PLACEMENT_3D('',#4464,#3591,#3592);
#3278=AXIS2_PLACEMENT_3D('',#4465,#3593,#3594);
#3279=AXIS2_PLACEMENT_3D('',#4466,#3595,#3596);
#3280=AXIS2_PLACEMENT_3D('',#4475,#3601,#3602);
#3281=AXIS2_PLACEMENT_3D('',#4481,#3606,#3607);
#3282=AXIS2_PLACEMENT_3D('',#4487,#3611,#3612);
#3283=AXIS2_PLACEMENT_3D('',#4490,#3615,#3616);
#3284=AXIS2_PLACEMENT_3D('',#4491,#3617,#3618);
#3285=AXIS2_PLACEMENT_3D('',#4492,#3619,#3620);
#3286=AXIS2_PLACEMENT_3D('',#4501,#3625,#3626);
#3287=AXIS2_PLACEMENT_3D('',#4507,#3630,#3631);
#3288=AXIS2_PLACEMENT_3D('',#4513,#3635,#3636);
#3289=AXIS2_PLACEMENT_3D('',#4516,#3639,#3640);
#3290=AXIS2_PLACEMENT_3D('',#4517,#3641,#3642);
#3291=AXIS2_PLACEMENT_3D('',#4518,#3643,#3644);
#3292=AXIS2_PLACEMENT_3D('',#4527,#3649,#3650);
#3293=AXIS2_PLACEMENT_3D('',#4533,#3654,#3655);
#3294=AXIS2_PLACEMENT_3D('',#4539,#3659,#3660);
#3295=AXIS2_PLACEMENT_3D('',#4542,#3663,#3664);
#3296=AXIS2_PLACEMENT_3D('',#4543,#3665,#3666);
#3297=AXIS2_PLACEMENT_3D('',#4544,#3667,#3668);
#3298=AXIS2_PLACEMENT_3D('',#4553,#3673,#3674);
#3299=AXIS2_PLACEMENT_3D('',#4559,#3678,#3679);
#3300=AXIS2_PLACEMENT_3D('',#4565,#3683,#3684);
#3301=AXIS2_PLACEMENT_3D('',#4568,#3687,#3688);
#3302=AXIS2_PLACEMENT_3D('',#4569,#3689,#3690);
#3303=AXIS2_PLACEMENT_3D('',#4570,#3691,#3692);
#3304=AXIS2_PLACEMENT_3D('',#4579,#3697,#3698);
#3305=AXIS2_PLACEMENT_3D('',#4585,#3702,#3703);
#3306=AXIS2_PLACEMENT_3D('',#4591,#3707,#3708);
#3307=AXIS2_PLACEMENT_3D('',#4594,#3711,#3712);
#3308=AXIS2_PLACEMENT_3D('',#4595,#3713,#3714);
#3309=AXIS2_PLACEMENT_3D('',#4596,#3715,#3716);
#3310=AXIS2_PLACEMENT_3D('',#4605,#3721,#3722);
#3311=AXIS2_PLACEMENT_3D('',#4611,#3726,#3727);
#3312=AXIS2_PLACEMENT_3D('',#4617,#3731,#3732);
#3313=AXIS2_PLACEMENT_3D('',#4620,#3735,#3736);
#3314=AXIS2_PLACEMENT_3D('',#4621,#3737,#3738);
#3315=AXIS2_PLACEMENT_3D('',#4622,#3739,#3740);
#3316=AXIS2_PLACEMENT_3D('',#4631,#3745,#3746);
#3317=AXIS2_PLACEMENT_3D('',#4637,#3750,#3751);
#3318=AXIS2_PLACEMENT_3D('',#4643,#3755,#3756);
#3319=AXIS2_PLACEMENT_3D('',#4646,#3759,#3760);
#3320=AXIS2_PLACEMENT_3D('',#4647,#3761,#3762);
#3321=AXIS2_PLACEMENT_3D('',#4648,#3763,#3764);
#3322=AXIS2_PLACEMENT_3D('',#4657,#3769,#3770);
#3323=AXIS2_PLACEMENT_3D('',#4663,#3774,#3775);
#3324=AXIS2_PLACEMENT_3D('',#4669,#3779,#3780);
#3325=AXIS2_PLACEMENT_3D('',#4672,#3783,#3784);
#3326=AXIS2_PLACEMENT_3D('',#4673,#3785,#3786);
#3327=AXIS2_PLACEMENT_3D('',#4674,#3787,#3788);
#3328=AXIS2_PLACEMENT_3D('',#4676,#3789,#3790);
#3329=AXIS2_PLACEMENT_3D('',#4679,#3792,#3793);
#3330=AXIS2_PLACEMENT_3D('',#4680,#3794,#3795);
#3331=AXIS2_PLACEMENT_3D('',#4681,#3796,#3797);
#3332=AXIS2_PLACEMENT_3D('',#4682,#3798,#3799);
#3333=AXIS2_PLACEMENT_3D('',#4684,#3800,#3801);
#3334=AXIS2_PLACEMENT_3D('',#4687,#3803,#3804);
#3335=AXIS2_PLACEMENT_3D('',#4688,#3805,#3806);
#3336=AXIS2_PLACEMENT_3D('',#4689,#3807,#3808);
#3337=AXIS2_PLACEMENT_3D('',#4690,#3809,#3810);
#3338=AXIS2_PLACEMENT_3D('',#4692,#3811,#3812);
#3339=AXIS2_PLACEMENT_3D('',#4695,#3814,#3815);
#3340=AXIS2_PLACEMENT_3D('',#4696,#3816,#3817);
#3341=AXIS2_PLACEMENT_3D('',#4697,#3818,#3819);
#3342=AXIS2_PLACEMENT_3D('',#4698,#3820,#3821);
#3343=AXIS2_PLACEMENT_3D('',#4700,#3822,#3823);
#3344=AXIS2_PLACEMENT_3D('',#4703,#3825,#3826);
#3345=AXIS2_PLACEMENT_3D('',#4704,#3827,#3828);
#3346=AXIS2_PLACEMENT_3D('',#4705,#3829,#3830);
#3347=AXIS2_PLACEMENT_3D('',#4706,#3831,#3832);
#3348=AXIS2_PLACEMENT_3D('',#4707,#3833,#3834);
#3349=AXIS2_PLACEMENT_3D('',#4716,#3839,#3840);
#3350=AXIS2_PLACEMENT_3D('',#4722,#3844,#3845);
#3351=AXIS2_PLACEMENT_3D('',#4728,#3849,#3850);
#3352=AXIS2_PLACEMENT_3D('',#4731,#3853,#3854);
#3353=AXIS2_PLACEMENT_3D('',#4732,#3855,#3856);
#3354=AXIS2_PLACEMENT_3D('',#4733,#3857,#3858);
#3355=AXIS2_PLACEMENT_3D('',#4734,#3859,#3860);
#3356=AXIS2_PLACEMENT_3D('',#4743,#3865,#3866);
#3357=AXIS2_PLACEMENT_3D('',#4749,#3870,#3871);
#3358=AXIS2_PLACEMENT_3D('',#4755,#3875,#3876);
#3359=AXIS2_PLACEMENT_3D('',#4758,#3879,#3880);
#3360=AXIS2_PLACEMENT_3D('',#4759,#3881,#3882);
#3361=AXIS2_PLACEMENT_3D('',#4760,#3883,#3884);
#3362=AXIS2_PLACEMENT_3D('',#4761,#3885,#3886);
#3363=AXIS2_PLACEMENT_3D('',#4770,#3891,#3892);
#3364=AXIS2_PLACEMENT_3D('',#4776,#3896,#3897);
#3365=AXIS2_PLACEMENT_3D('',#4782,#3901,#3902);
#3366=AXIS2_PLACEMENT_3D('',#4785,#3905,#3906);
#3367=AXIS2_PLACEMENT_3D('',#4786,#3907,#3908);
#3368=AXIS2_PLACEMENT_3D('',#4787,#3909,#3910);
#3369=AXIS2_PLACEMENT_3D('',#4796,#3915,#3916);
#3370=AXIS2_PLACEMENT_3D('',#4802,#3920,#3921);
#3371=AXIS2_PLACEMENT_3D('',#4808,#3925,#3926);
#3372=AXIS2_PLACEMENT_3D('',#4811,#3929,#3930);
#3373=AXIS2_PLACEMENT_3D('',#4812,#3931,#3932);
#3374=AXIS2_PLACEMENT_3D('',#4813,#3933,#3934);
#3375=AXIS2_PLACEMENT_3D('',#4822,#3939,#3940);
#3376=AXIS2_PLACEMENT_3D('',#4828,#3944,#3945);
#3377=AXIS2_PLACEMENT_3D('',#4834,#3949,#3950);
#3378=AXIS2_PLACEMENT_3D('',#4837,#3953,#3954);
#3379=AXIS2_PLACEMENT_3D('',#4838,#3955,#3956);
#3380=AXIS2_PLACEMENT_3D('',#4839,#3957,#3958);
#3381=AXIS2_PLACEMENT_3D('',#4840,#3959,#3960);
#3382=AXIS2_PLACEMENT_3D('',#4849,#3965,#3966);
#3383=AXIS2_PLACEMENT_3D('',#4855,#3970,#3971);
#3384=AXIS2_PLACEMENT_3D('',#4861,#3975,#3976);
#3385=AXIS2_PLACEMENT_3D('',#4864,#3979,#3980);
#3386=AXIS2_PLACEMENT_3D('',#4865,#3981,#3982);
#3387=AXIS2_PLACEMENT_3D('',#4866,#3983,#3984);
#3388=AXIS2_PLACEMENT_3D('',#4875,#3989,#3990);
#3389=AXIS2_PLACEMENT_3D('',#4881,#3994,#3995);
#3390=AXIS2_PLACEMENT_3D('',#4887,#3999,#4000);
#3391=AXIS2_PLACEMENT_3D('',#4890,#4003,#4004);
#3392=AXIS2_PLACEMENT_3D('',#4891,#4005,#4006);
#3393=AXIS2_PLACEMENT_3D('',#4892,#4007,#4008);
#3394=AXIS2_PLACEMENT_3D('',#4901,#4013,#4014);
#3395=AXIS2_PLACEMENT_3D('',#4907,#4018,#4019);
#3396=AXIS2_PLACEMENT_3D('',#4913,#4023,#4024);
#3397=AXIS2_PLACEMENT_3D('',#4916,#4027,#4028);
#3398=AXIS2_PLACEMENT_3D('',#4917,#4029,#4030);
#3399=AXIS2_PLACEMENT_3D('',#4918,#4031,#4032);
#3400=AXIS2_PLACEMENT_3D('',#4919,#4033,#4034);
#3401=AXIS2_PLACEMENT_3D('',#4921,#4035,#4036);
#3402=AXIS2_PLACEMENT_3D('',#4924,#4038,#4039);
#3403=AXIS2_PLACEMENT_3D('',#4925,#4040,#4041);
#3404=AXIS2_PLACEMENT_3D('',#4926,#4042,#4043);
#3405=AXIS2_PLACEMENT_3D('',#4927,#4044,#4045);
#3406=AXIS2_PLACEMENT_3D('',#4929,#4046,#4047);
#3407=AXIS2_PLACEMENT_3D('',#4932,#4049,#4050);
#3408=AXIS2_PLACEMENT_3D('',#4933,#4051,#4052);
#3409=AXIS2_PLACEMENT_3D('',#4934,#4053,#4054);
#3410=AXIS2_PLACEMENT_3D('',#4935,#4055,#4056);
#3411=AXIS2_PLACEMENT_3D('',#4937,#4057,#4058);
#3412=AXIS2_PLACEMENT_3D('',#4940,#4060,#4061);
#3413=AXIS2_PLACEMENT_3D('',#4941,#4062,#4063);
#3414=AXIS2_PLACEMENT_3D('',#4942,#4064,#4065);
#3415=AXIS2_PLACEMENT_3D('',#4943,#4066,#4067);
#3416=AXIS2_PLACEMENT_3D('',#4945,#4068,#4069);
#3417=AXIS2_PLACEMENT_3D('',#4948,#4071,#4072);
#3418=AXIS2_PLACEMENT_3D('',#4949,#4073,#4074);
#3419=AXIS2_PLACEMENT_3D('',#4950,#4075,#4076);
#3420=AXIS2_PLACEMENT_3D('',#4951,#4077,#4078);
#3421=AXIS2_PLACEMENT_3D('',#4953,#4079,#4080);
#3422=AXIS2_PLACEMENT_3D('',#4956,#4082,#4083);
#3423=AXIS2_PLACEMENT_3D('',#4957,#4084,#4085);
#3424=AXIS2_PLACEMENT_3D('',#4958,#4086,#4087);
#3425=AXIS2_PLACEMENT_3D('',#4959,#4088,#4089);
#3426=AXIS2_PLACEMENT_3D('',#4961,#4090,#4091);
#3427=AXIS2_PLACEMENT_3D('',#4964,#4093,#4094);
#3428=AXIS2_PLACEMENT_3D('',#4965,#4095,#4096);
#3429=AXIS2_PLACEMENT_3D('',#4966,#4097,#4098);
#3430=AXIS2_PLACEMENT_3D('',#4967,#4099,#4100);
#3431=AXIS2_PLACEMENT_3D('',#4969,#4101,#4102);
#3432=AXIS2_PLACEMENT_3D('',#4972,#4104,#4105);
#3433=AXIS2_PLACEMENT_3D('',#4973,#4106,#4107);
#3434=AXIS2_PLACEMENT_3D('',#4974,#4108,#4109);
#3435=AXIS2_PLACEMENT_3D('',#4975,#4110,#4111);
#3436=AXIS2_PLACEMENT_3D('',#4977,#4112,#4113);
#3437=AXIS2_PLACEMENT_3D('',#4980,#4115,#4116);
#3438=AXIS2_PLACEMENT_3D('',#4981,#4117,#4118);
#3439=AXIS2_PLACEMENT_3D('',#4982,#4119,#4120);
#3440=AXIS2_PLACEMENT_3D('',#4983,#4121,#4122);
#3441=AXIS2_PLACEMENT_3D('',#4985,#4123,#4124);
#3442=AXIS2_PLACEMENT_3D('',#4988,#4126,#4127);
#3443=AXIS2_PLACEMENT_3D('',#4989,#4128,#4129);
#3444=AXIS2_PLACEMENT_3D('',#4990,#4130,#4131);
#3445=AXIS2_PLACEMENT_3D('',#4991,#4132,#4133);
#3446=AXIS2_PLACEMENT_3D('',#4993,#4134,#4135);
#3447=AXIS2_PLACEMENT_3D('',#4996,#4137,#4138);
#3448=AXIS2_PLACEMENT_3D('',#4997,#4139,#4140);
#3449=AXIS2_PLACEMENT_3D('',#4998,#4141,#4142);
#3450=AXIS2_PLACEMENT_3D('',#4999,#4143,#4144);
#3451=AXIS2_PLACEMENT_3D('',#5000,#4145,#4146);
#3452=AXIS2_PLACEMENT_3D('',#5009,#4151,#4152);
#3453=AXIS2_PLACEMENT_3D('',#5015,#4156,#4157);
#3454=AXIS2_PLACEMENT_3D('',#5021,#4161,#4162);
#3455=AXIS2_PLACEMENT_3D('',#5024,#4165,#4166);
#3456=AXIS2_PLACEMENT_3D('',#5025,#4167,#4168);
#3457=AXIS2_PLACEMENT_3D('',#5026,#4169,#4170);
#3458=AXIS2_PLACEMENT_3D('',#5035,#4175,#4176);
#3459=AXIS2_PLACEMENT_3D('',#5041,#4180,#4181);
#3460=AXIS2_PLACEMENT_3D('',#5047,#4185,#4186);
#3461=AXIS2_PLACEMENT_3D('',#5050,#4189,#4190);
#3462=AXIS2_PLACEMENT_3D('',#5051,#4191,#4192);
#3463=AXIS2_PLACEMENT_3D('',#5052,#4193,#4194);
#3464=AXIS2_PLACEMENT_3D('',#5061,#4199,#4200);
#3465=AXIS2_PLACEMENT_3D('',#5067,#4204,#4205);
#3466=AXIS2_PLACEMENT_3D('',#5073,#4209,#4210);
#3467=AXIS2_PLACEMENT_3D('',#5076,#4213,#4214);
#3468=AXIS2_PLACEMENT_3D('',#5077,#4215,#4216);
#3469=AXIS2_PLACEMENT_3D('',#5078,#4217,#4218);
#3470=AXIS2_PLACEMENT_3D('',#5087,#4223,#4224);
#3471=AXIS2_PLACEMENT_3D('',#5093,#4228,#4229);
#3472=AXIS2_PLACEMENT_3D('',#5099,#4233,#4234);
#3473=AXIS2_PLACEMENT_3D('',#5102,#4237,#4238);
#3474=AXIS2_PLACEMENT_3D('',#5103,#4239,#4240);
#3475=AXIS2_PLACEMENT_3D('',#5104,#4241,#4242);
#3476=AXIS2_PLACEMENT_3D('',#5113,#4247,#4248);
#3477=AXIS2_PLACEMENT_3D('',#5119,#4252,#4253);
#3478=AXIS2_PLACEMENT_3D('',#5125,#4257,#4258);
#3479=AXIS2_PLACEMENT_3D('',#5128,#4261,#4262);
#3480=AXIS2_PLACEMENT_3D('',#5129,#4263,#4264);
#3481=AXIS2_PLACEMENT_3D('',#5130,#4265,#4266);
#3482=AXIS2_PLACEMENT_3D('',#5139,#4271,#4272);
#3483=AXIS2_PLACEMENT_3D('',#5145,#4276,#4277);
#3484=AXIS2_PLACEMENT_3D('',#5151,#4281,#4282);
#3485=AXIS2_PLACEMENT_3D('',#5154,#4285,#4286);
#3486=AXIS2_PLACEMENT_3D('',#5155,#4287,#4288);
#3487=AXIS2_PLACEMENT_3D('',#5156,#4289,#4290);
#3488=AXIS2_PLACEMENT_3D('',#5165,#4295,#4296);
#3489=AXIS2_PLACEMENT_3D('',#5171,#4300,#4301);
#3490=AXIS2_PLACEMENT_3D('',#5177,#4305,#4306);
#3491=AXIS2_PLACEMENT_3D('',#5180,#4309,#4310);
#3492=AXIS2_PLACEMENT_3D('',#5181,#4311,#4312);
#3493=AXIS2_PLACEMENT_3D('',#5182,#4313,#4314);
#3494=AXIS2_PLACEMENT_3D('',#5191,#4319,#4320);
#3495=AXIS2_PLACEMENT_3D('',#5197,#4324,#4325);
#3496=AXIS2_PLACEMENT_3D('',#5203,#4329,#4330);
#3497=AXIS2_PLACEMENT_3D('',#5206,#4333,#4334);
#3498=AXIS2_PLACEMENT_3D('',#5207,#4335,#4336);
#3499=AXIS2_PLACEMENT_3D('',#5208,#4337,#4338);
#3500=AXIS2_PLACEMENT_3D('',#5217,#4343,#4344);
#3501=AXIS2_PLACEMENT_3D('',#5223,#4348,#4349);
#3502=AXIS2_PLACEMENT_3D('',#5229,#4353,#4354);
#3503=AXIS2_PLACEMENT_3D('',#5232,#4357,#4358);
#3504=AXIS2_PLACEMENT_3D('',#5233,#4359,#4360);
#3505=AXIS2_PLACEMENT_3D('',#5234,#4361,#4362);
#3506=AXIS2_PLACEMENT_3D('',#5235,#4363,#4364);
#3507=AXIS2_PLACEMENT_3D('',#5236,#4365,#4366);
#3508=AXIS2_PLACEMENT_3D('',#5237,#4367,#4368);
#3509=AXIS2_PLACEMENT_3D('',#5238,#4369,#4370);
#3510=AXIS2_PLACEMENT_3D('',#5239,#4371,#4372);
#3511=AXIS2_PLACEMENT_3D('',#5240,#4373,#4374);
#3512=AXIS2_PLACEMENT_3D('',#5241,#4375,#4376);
#3513=AXIS2_PLACEMENT_3D('',#5242,#4377,#4378);
#3514=AXIS2_PLACEMENT_3D('',#5243,#4379,#4380);
#3515=AXIS2_PLACEMENT_3D('',#5244,#4381,#4382);
#3516=AXIS2_PLACEMENT_3D('',#5245,#4383,#4384);
#3517=DIRECTION('axis',(0.,0.,1.));
#3518=DIRECTION('refdir',(1.,0.,0.));
#3519=DIRECTION('axis',(0.,0.,1.));
#3520=DIRECTION('refdir',(1.,0.,0.));
#3521=DIRECTION('center_axis',(0.,1.,0.));
#3522=DIRECTION('ref_axis',(-1.,0.,0.));
#3523=DIRECTION('',(-1.,0.,0.));
#3524=DIRECTION('',(0.,0.,1.));
#3525=DIRECTION('',(-1.,0.,0.));
#3526=DIRECTION('',(0.,0.,1.));
#3527=DIRECTION('center_axis',(1.,0.,0.));
#3528=DIRECTION('ref_axis',(0.,1.,0.));
#3529=DIRECTION('',(0.,1.,0.));
#3530=DIRECTION('',(0.,1.,0.));
#3531=DIRECTION('',(0.,0.,1.));
#3532=DIRECTION('center_axis',(0.,-1.,0.));
#3533=DIRECTION('ref_axis',(1.,0.,0.));
#3534=DIRECTION('',(1.,0.,0.));
#3535=DIRECTION('',(1.,0.,0.));
#3536=DIRECTION('',(0.,0.,1.));
#3537=DIRECTION('center_axis',(-1.,0.,0.));
#3538=DIRECTION('ref_axis',(0.,-1.,0.));
#3539=DIRECTION('',(0.,-1.,0.));
#3540=DIRECTION('',(0.,-1.,0.));
#3541=DIRECTION('center_axis',(0.,0.,1.));
#3542=DIRECTION('ref_axis',(1.,0.,0.));
#3543=DIRECTION('center_axis',(0.,0.,1.));
#3544=DIRECTION('ref_axis',(1.,0.,0.));
#3545=DIRECTION('axis',(0.,0.,1.));
#3546=DIRECTION('refdir',(1.,0.,0.));
#3547=DIRECTION('center_axis',(0.,1.,0.));
#3548=DIRECTION('ref_axis',(-1.,0.,0.));
#3549=DIRECTION('',(-1.,0.,0.));
#3550=DIRECTION('',(0.,0.,1.));
#3551=DIRECTION('',(-1.,0.,0.));
#3552=DIRECTION('',(0.,0.,1.));
#3553=DIRECTION('center_axis',(1.,0.,0.));
#3554=DIRECTION('ref_axis',(0.,1.,0.));
#3555=DIRECTION('',(0.,1.,0.));
#3556=DIRECTION('',(0.,1.,0.));
#3557=DIRECTION('',(0.,0.,1.));
#3558=DIRECTION('center_axis',(0.,-1.,0.));
#3559=DIRECTION('ref_axis',(1.,0.,0.));
#3560=DIRECTION('',(1.,0.,0.));
#3561=DIRECTION('',(1.,0.,0.));
#3562=DIRECTION('',(0.,0.,1.));
#3563=DIRECTION('center_axis',(-1.,0.,0.));
#3564=DIRECTION('ref_axis',(0.,-1.,0.));
#3565=DIRECTION('',(0.,-1.,0.));
#3566=DIRECTION('',(0.,-1.,0.));
#3567=DIRECTION('center_axis',(0.,0.,1.));
#3568=DIRECTION('ref_axis',(1.,0.,0.));
#3569=DIRECTION('center_axis',(0.,0.,1.));
#3570=DIRECTION('ref_axis',(1.,0.,0.));
#3571=DIRECTION('center_axis',(0.,0.,-1.));
#3572=DIRECTION('ref_axis',(0.,1.,0.));
#3573=DIRECTION('',(0.,-1.,0.));
#3574=DIRECTION('',(1.,0.,0.));
#3575=DIRECTION('',(0.,1.,0.));
#3576=DIRECTION('',(1.,0.,0.));
#3577=DIRECTION('center_axis',(0.,-1.,0.));
#3578=DIRECTION('ref_axis',(0.,0.,-1.));
#3579=DIRECTION('',(0.,0.,1.));
#3580=DIRECTION('',(0.,0.,-1.));
#3581=DIRECTION('',(1.,0.,0.));
#3582=DIRECTION('center_axis',(0.,0.,1.));
#3583=DIRECTION('ref_axis',(0.,-1.,0.));
#3584=DIRECTION('',(0.,1.,0.));
#3585=DIRECTION('',(0.,-1.,0.));
#3586=DIRECTION('',(1.,0.,0.));
#3587=DIRECTION('center_axis',(0.,1.,0.));
#3588=DIRECTION('ref_axis',(0.,0.,1.));
#3589=DIRECTION('',(0.,0.,-1.));
#3590=DIRECTION('',(0.,0.,1.));
#3591=DIRECTION('center_axis',(1.,0.,0.));
#3592=DIRECTION('ref_axis',(0.,0.,-1.));
#3593=DIRECTION('center_axis',(1.,0.,0.));
#3594=DIRECTION('ref_axis',(0.,0.,-1.));
#3595=DIRECTION('center_axis',(0.,0.,-1.));
#3596=DIRECTION('ref_axis',(0.,1.,0.));
#3597=DIRECTION('',(0.,-1.,0.));
#3598=DIRECTION('',(1.,0.,0.));
#3599=DIRECTION('',(0.,1.,0.));
#3600=DIRECTION('',(1.,0.,0.));
#3601=DIRECTION('center_axis',(0.,-1.,0.));
#3602=DIRECTION('ref_axis',(0.,0.,-1.));
#3603=DIRECTION('',(0.,0.,1.));
#3604=DIRECTION('',(0.,0.,-1.));
#3605=DIRECTION('',(1.,0.,0.));
#3606=DIRECTION('center_axis',(0.,0.,1.));
#3607=DIRECTION('ref_axis',(0.,-1.,0.));
#3608=DIRECTION('',(0.,1.,0.));
#3609=DIRECTION('',(0.,-1.,0.));
#3610=DIRECTION('',(1.,0.,0.));
#3611=DIRECTION('center_axis',(0.,1.,0.));
#3612=DIRECTION('ref_axis',(0.,0.,1.));
#3613=DIRECTION('',(0.,0.,-1.));
#3614=DIRECTION('',(0.,0.,1.));
#3615=DIRECTION('center_axis',(1.,0.,0.));
#3616=DIRECTION('ref_axis',(0.,0.,-1.));
#3617=DIRECTION('center_axis',(1.,0.,0.));
#3618=DIRECTION('ref_axis',(0.,0.,-1.));
#3619=DIRECTION('center_axis',(-1.,0.,0.));
#3620=DIRECTION('ref_axis',(0.,0.,1.));
#3621=DIRECTION('',(0.,0.,-1.));
#3622=DIRECTION('',(0.,1.,0.));
#3623=DIRECTION('',(0.,0.,1.));
#3624=DIRECTION('',(0.,1.,0.));
#3625=DIRECTION('center_axis',(0.,0.,-1.));
#3626=DIRECTION('ref_axis',(-1.,0.,0.));
#3627=DIRECTION('',(1.,0.,0.));
#3628=DIRECTION('',(-1.,0.,0.));
#3629=DIRECTION('',(0.,1.,0.));
#3630=DIRECTION('center_axis',(1.,0.,0.));
#3631=DIRECTION('ref_axis',(0.,0.,-1.));
#3632=DIRECTION('',(0.,0.,1.));
#3633=DIRECTION('',(0.,0.,-1.));
#3634=DIRECTION('',(0.,1.,0.));
#3635=DIRECTION('center_axis',(0.,0.,1.));
#3636=DIRECTION('ref_axis',(1.,0.,0.));
#3637=DIRECTION('',(-1.,0.,0.));
#3638=DIRECTION('',(1.,0.,0.));
#3639=DIRECTION('center_axis',(0.,1.,0.));
#3640=DIRECTION('ref_axis',(0.,0.,1.));
#3641=DIRECTION('center_axis',(0.,1.,0.));
#3642=DIRECTION('ref_axis',(1.,0.,0.));
#3643=DIRECTION('center_axis',(-1.,0.,0.));
#3644=DIRECTION('ref_axis',(0.,0.,1.));
#3645=DIRECTION('',(0.,0.,-1.));
#3646=DIRECTION('',(0.,1.,0.));
#3647=DIRECTION('',(0.,0.,1.));
#3648=DIRECTION('',(0.,1.,0.));
#3649=DIRECTION('center_axis',(0.,0.,-1.));
#3650=DIRECTION('ref_axis',(-1.,0.,0.));
#3651=DIRECTION('',(1.,0.,0.));
#3652=DIRECTION('',(-1.,0.,0.));
#3653=DIRECTION('',(0.,1.,0.));
#3654=DIRECTION('center_axis',(1.,0.,0.));
#3655=DIRECTION('ref_axis',(0.,0.,-1.));
#3656=DIRECTION('',(0.,0.,1.));
#3657=DIRECTION('',(0.,0.,-1.));
#3658=DIRECTION('',(0.,1.,0.));
#3659=DIRECTION('center_axis',(0.,0.,1.));
#3660=DIRECTION('ref_axis',(1.,0.,0.));
#3661=DIRECTION('',(-1.,0.,0.));
#3662=DIRECTION('',(1.,0.,0.));
#3663=DIRECTION('center_axis',(0.,1.,0.));
#3664=DIRECTION('ref_axis',(0.,0.,1.));
#3665=DIRECTION('center_axis',(0.,1.,0.));
#3666=DIRECTION('ref_axis',(1.,0.,0.));
#3667=DIRECTION('center_axis',(-1.,0.,0.));
#3668=DIRECTION('ref_axis',(0.,0.,1.));
#3669=DIRECTION('',(0.,0.,-1.));
#3670=DIRECTION('',(0.,1.,0.));
#3671=DIRECTION('',(0.,0.,1.));
#3672=DIRECTION('',(0.,1.,0.));
#3673=DIRECTION('center_axis',(0.,0.,-1.));
#3674=DIRECTION('ref_axis',(-1.,0.,0.));
#3675=DIRECTION('',(1.,0.,0.));
#3676=DIRECTION('',(-1.,0.,0.));
#3677=DIRECTION('',(0.,1.,0.));
#3678=DIRECTION('center_axis',(1.,0.,0.));
#3679=DIRECTION('ref_axis',(0.,0.,-1.));
#3680=DIRECTION('',(0.,0.,1.));
#3681=DIRECTION('',(0.,0.,-1.));
#3682=DIRECTION('',(0.,1.,0.));
#3683=DIRECTION('center_axis',(0.,0.,1.));
#3684=DIRECTION('ref_axis',(1.,0.,0.));
#3685=DIRECTION('',(-1.,0.,0.));
#3686=DIRECTION('',(1.,0.,0.));
#3687=DIRECTION('center_axis',(0.,1.,0.));
#3688=DIRECTION('ref_axis',(0.,0.,1.));
#3689=DIRECTION('center_axis',(0.,1.,0.));
#3690=DIRECTION('ref_axis',(1.,0.,0.));
#3691=DIRECTION('center_axis',(-1.,0.,0.));
#3692=DIRECTION('ref_axis',(0.,0.,1.));
#3693=DIRECTION('',(0.,0.,-1.));
#3694=DIRECTION('',(0.,1.,0.));
#3695=DIRECTION('',(0.,0.,1.));
#3696=DIRECTION('',(0.,1.,0.));
#3697=DIRECTION('center_axis',(0.,0.,-1.));
#3698=DIRECTION('ref_axis',(-1.,0.,0.));
#3699=DIRECTION('',(1.,0.,0.));
#3700=DIRECTION('',(-1.,0.,0.));
#3701=DIRECTION('',(0.,1.,0.));
#3702=DIRECTION('center_axis',(1.,0.,0.));
#3703=DIRECTION('ref_axis',(0.,0.,-1.));
#3704=DIRECTION('',(0.,0.,1.));
#3705=DIRECTION('',(0.,0.,-1.));
#3706=DIRECTION('',(0.,1.,0.));
#3707=DIRECTION('center_axis',(0.,0.,1.));
#3708=DIRECTION('ref_axis',(1.,0.,0.));
#3709=DIRECTION('',(-1.,0.,0.));
#3710=DIRECTION('',(1.,0.,0.));
#3711=DIRECTION('center_axis',(0.,1.,0.));
#3712=DIRECTION('ref_axis',(0.,0.,1.));
#3713=DIRECTION('center_axis',(0.,1.,0.));
#3714=DIRECTION('ref_axis',(1.,0.,0.));
#3715=DIRECTION('center_axis',(0.,1.,0.));
#3716=DIRECTION('ref_axis',(-1.,0.,0.));
#3717=DIRECTION('',(-1.,0.,0.));
#3718=DIRECTION('',(0.,0.,1.));
#3719=DIRECTION('',(-1.,0.,0.));
#3720=DIRECTION('',(0.,0.,1.));
#3721=DIRECTION('center_axis',(1.,0.,0.));
#3722=DIRECTION('ref_axis',(0.,1.,0.));
#3723=DIRECTION('',(0.,1.,0.));
#3724=DIRECTION('',(0.,1.,0.));
#3725=DIRECTION('',(0.,0.,1.));
#3726=DIRECTION('center_axis',(0.,-1.,0.));
#3727=DIRECTION('ref_axis',(1.,0.,0.));
#3728=DIRECTION('',(1.,0.,0.));
#3729=DIRECTION('',(1.,0.,0.));
#3730=DIRECTION('',(0.,0.,1.));
#3731=DIRECTION('center_axis',(-1.,0.,0.));
#3732=DIRECTION('ref_axis',(0.,-1.,0.));
#3733=DIRECTION('',(0.,-1.,0.));
#3734=DIRECTION('',(0.,-1.,0.));
#3735=DIRECTION('center_axis',(0.,0.,1.));
#3736=DIRECTION('ref_axis',(1.,0.,0.));
#3737=DIRECTION('center_axis',(0.,0.,1.));
#3738=DIRECTION('ref_axis',(1.,0.,0.));
#3739=DIRECTION('center_axis',(0.,1.,0.));
#3740=DIRECTION('ref_axis',(-1.,0.,0.));
#3741=DIRECTION('',(-1.,0.,0.));
#3742=DIRECTION('',(0.,0.,1.));
#3743=DIRECTION('',(-1.,0.,0.));
#3744=DIRECTION('',(0.,0.,1.));
#3745=DIRECTION('center_axis',(1.,0.,0.));
#3746=DIRECTION('ref_axis',(0.,1.,0.));
#3747=DIRECTION('',(0.,1.,0.));
#3748=DIRECTION('',(0.,1.,0.));
#3749=DIRECTION('',(0.,0.,1.));
#3750=DIRECTION('center_axis',(0.,-1.,0.));
#3751=DIRECTION('ref_axis',(1.,0.,0.));
#3752=DIRECTION('',(1.,0.,0.));
#3753=DIRECTION('',(1.,0.,0.));
#3754=DIRECTION('',(0.,0.,1.));
#3755=DIRECTION('center_axis',(-1.,0.,0.));
#3756=DIRECTION('ref_axis',(0.,-1.,0.));
#3757=DIRECTION('',(0.,-1.,0.));
#3758=DIRECTION('',(0.,-1.,0.));
#3759=DIRECTION('center_axis',(0.,0.,1.));
#3760=DIRECTION('ref_axis',(1.,0.,0.));
#3761=DIRECTION('center_axis',(0.,0.,1.));
#3762=DIRECTION('ref_axis',(1.,0.,0.));
#3763=DIRECTION('center_axis',(0.,1.,0.));
#3764=DIRECTION('ref_axis',(-1.,0.,0.));
#3765=DIRECTION('',(-1.,0.,0.));
#3766=DIRECTION('',(0.,0.,1.));
#3767=DIRECTION('',(-1.,0.,0.));
#3768=DIRECTION('',(0.,0.,1.));
#3769=DIRECTION('center_axis',(1.,0.,0.));
#3770=DIRECTION('ref_axis',(0.,1.,0.));
#3771=DIRECTION('',(0.,1.,0.));
#3772=DIRECTION('',(0.,1.,0.));
#3773=DIRECTION('',(0.,0.,1.));
#3774=DIRECTION('center_axis',(0.,-1.,0.));
#3775=DIRECTION('ref_axis',(1.,0.,0.));
#3776=DIRECTION('',(1.,0.,0.));
#3777=DIRECTION('',(1.,0.,0.));
#3778=DIRECTION('',(0.,0.,1.));
#3779=DIRECTION('center_axis',(-1.,0.,0.));
#3780=DIRECTION('ref_axis',(0.,-1.,0.));
#3781=DIRECTION('',(0.,-1.,0.));
#3782=DIRECTION('',(0.,-1.,0.));
#3783=DIRECTION('center_axis',(0.,0.,1.));
#3784=DIRECTION('ref_axis',(1.,0.,0.));
#3785=DIRECTION('center_axis',(0.,0.,1.));
#3786=DIRECTION('ref_axis',(1.,0.,0.));
#3787=DIRECTION('center_axis',(0.,1.,0.));
#3788=DIRECTION('ref_axis',(1.,0.,0.));
#3789=DIRECTION('center_axis',(0.,1.,0.));
#3790=DIRECTION('ref_axis',(1.,0.,0.));
#3791=DIRECTION('',(0.,-1.,0.));
#3792=DIRECTION('center_axis',(0.,1.,0.));
#3793=DIRECTION('ref_axis',(1.,0.,0.));
#3794=DIRECTION('center_axis',(0.,1.,0.));
#3795=DIRECTION('ref_axis',(1.,0.,0.));
#3796=DIRECTION('center_axis',(0.,1.,0.));
#3797=DIRECTION('ref_axis',(1.,0.,0.));
#3798=DIRECTION('center_axis',(0.,1.,0.));
#3799=DIRECTION('ref_axis',(1.,0.,0.));
#3800=DIRECTION('center_axis',(0.,1.,0.));
#3801=DIRECTION('ref_axis',(1.,0.,0.));
#3802=DIRECTION('',(0.,-1.,0.));
#3803=DIRECTION('center_axis',(0.,1.,0.));
#3804=DIRECTION('ref_axis',(1.,0.,0.));
#3805=DIRECTION('center_axis',(0.,1.,0.));
#3806=DIRECTION('ref_axis',(1.,0.,0.));
#3807=DIRECTION('center_axis',(0.,1.,0.));
#3808=DIRECTION('ref_axis',(1.,0.,0.));
#3809=DIRECTION('center_axis',(0.,1.,0.));
#3810=DIRECTION('ref_axis',(1.,0.,0.));
#3811=DIRECTION('center_axis',(0.,1.,0.));
#3812=DIRECTION('ref_axis',(1.,0.,0.));
#3813=DIRECTION('',(0.,-1.,0.));
#3814=DIRECTION('center_axis',(0.,1.,0.));
#3815=DIRECTION('ref_axis',(1.,0.,0.));
#3816=DIRECTION('center_axis',(0.,1.,0.));
#3817=DIRECTION('ref_axis',(1.,0.,0.));
#3818=DIRECTION('center_axis',(0.,1.,0.));
#3819=DIRECTION('ref_axis',(1.,0.,0.));
#3820=DIRECTION('center_axis',(0.,1.,0.));
#3821=DIRECTION('ref_axis',(1.,0.,0.));
#3822=DIRECTION('center_axis',(0.,1.,0.));
#3823=DIRECTION('ref_axis',(1.,0.,0.));
#3824=DIRECTION('',(0.,-1.,0.));
#3825=DIRECTION('center_axis',(0.,1.,0.));
#3826=DIRECTION('ref_axis',(1.,0.,0.));
#3827=DIRECTION('center_axis',(0.,1.,0.));
#3828=DIRECTION('ref_axis',(1.,0.,0.));
#3829=DIRECTION('center_axis',(0.,1.,0.));
#3830=DIRECTION('ref_axis',(1.,0.,0.));
#3831=DIRECTION('axis',(0.,0.,1.));
#3832=DIRECTION('refdir',(1.,0.,0.));
#3833=DIRECTION('center_axis',(0.,1.,0.));
#3834=DIRECTION('ref_axis',(-1.,0.,0.));
#3835=DIRECTION('',(-1.,0.,0.));
#3836=DIRECTION('',(0.,0.,1.));
#3837=DIRECTION('',(-1.,0.,0.));
#3838=DIRECTION('',(0.,0.,1.));
#3839=DIRECTION('center_axis',(1.,0.,0.));
#3840=DIRECTION('ref_axis',(0.,1.,0.));
#3841=DIRECTION('',(0.,1.,0.));
#3842=DIRECTION('',(0.,1.,0.));
#3843=DIRECTION('',(0.,0.,1.));
#3844=DIRECTION('center_axis',(0.,-1.,0.));
#3845=DIRECTION('ref_axis',(1.,0.,0.));
#3846=DIRECTION('',(1.,0.,0.));
#3847=DIRECTION('',(1.,0.,0.));
#3848=DIRECTION('',(0.,0.,1.));
#3849=DIRECTION('center_axis',(-1.,0.,0.));
#3850=DIRECTION('ref_axis',(0.,-1.,0.));
#3851=DIRECTION('',(0.,-1.,0.));
#3852=DIRECTION('',(0.,-1.,0.));
#3853=DIRECTION('center_axis',(0.,0.,1.));
#3854=DIRECTION('ref_axis',(1.,0.,0.));
#3855=DIRECTION('center_axis',(0.,0.,1.));
#3856=DIRECTION('ref_axis',(1.,0.,0.));
#3857=DIRECTION('axis',(0.,0.,1.));
#3858=DIRECTION('refdir',(1.,0.,0.));
#3859=DIRECTION('center_axis',(0.,-1.,0.));
#3860=DIRECTION('ref_axis',(0.,0.,-1.));
#3861=DIRECTION('',(0.,0.,1.));
#3862=DIRECTION('',(1.,0.,0.));
#3863=DIRECTION('',(0.,0.,-1.));
#3864=DIRECTION('',(1.,0.,0.));
#3865=DIRECTION('center_axis',(0.,0.181818181818182,0.983332166035633));
#3866=DIRECTION('ref_axis',(0.,-0.983332166035633,0.181818181818182));
#3867=DIRECTION('',(0.,0.983332166035633,-0.181818181818182));
#3868=DIRECTION('',(0.,-0.983332166035633,0.181818181818182));
#3869=DIRECTION('',(1.,0.,0.));
#3870=DIRECTION('center_axis',(0.,0.,-1.));
#3871=DIRECTION('ref_axis',(0.,1.,0.));
#3872=DIRECTION('',(0.,-1.,0.));
#3873=DIRECTION('',(0.,1.,0.));
#3874=DIRECTION('',(1.,0.,0.));
#3875=DIRECTION('center_axis',(0.,-0.181818181818182,-0.983332166035633));
#3876=DIRECTION('ref_axis',(0.,0.983332166035633,-0.181818181818182));
#3877=DIRECTION('',(0.,-0.983332166035633,0.181818181818182));
#3878=DIRECTION('',(0.,0.983332166035633,-0.181818181818182));
#3879=DIRECTION('center_axis',(1.,0.,0.));
#3880=DIRECTION('ref_axis',(0.,0.,-1.));
#3881=DIRECTION('center_axis',(1.,0.,0.));
#3882=DIRECTION('ref_axis',(0.,0.,-1.));
#3883=DIRECTION('axis',(0.,0.,1.));
#3884=DIRECTION('refdir',(1.,0.,0.));
#3885=DIRECTION('center_axis',(0.,1.,0.));
#3886=DIRECTION('ref_axis',(-1.,0.,0.));
#3887=DIRECTION('',(-1.,0.,0.));
#3888=DIRECTION('',(0.,0.,1.));
#3889=DIRECTION('',(-1.,0.,0.));
#3890=DIRECTION('',(0.,0.,1.));
#3891=DIRECTION('center_axis',(1.,0.,0.));
#3892=DIRECTION('ref_axis',(0.,1.,0.));
#3893=DIRECTION('',(0.,1.,0.));
#3894=DIRECTION('',(0.,1.,0.));
#3895=DIRECTION('',(0.,0.,1.));
#3896=DIRECTION('center_axis',(0.,-1.,0.));
#3897=DIRECTION('ref_axis',(1.,0.,0.));
#3898=DIRECTION('',(1.,0.,0.));
#3899=DIRECTION('',(1.,0.,0.));
#3900=DIRECTION('',(0.,0.,1.));
#3901=DIRECTION('center_axis',(-1.,0.,0.));
#3902=DIRECTION('ref_axis',(0.,-1.,0.));
#3903=DIRECTION('',(0.,-1.,0.));
#3904=DIRECTION('',(0.,-1.,0.));
#3905=DIRECTION('center_axis',(0.,0.,1.));
#3906=DIRECTION('ref_axis',(1.,0.,0.));
#3907=DIRECTION('center_axis',(0.,0.,1.));
#3908=DIRECTION('ref_axis',(1.,0.,0.));
#3909=DIRECTION('center_axis',(0.,1.,0.));
#3910=DIRECTION('ref_axis',(-1.,0.,0.));
#3911=DIRECTION('',(-1.,0.,0.));
#3912=DIRECTION('',(0.,0.,1.));
#3913=DIRECTION('',(-1.,0.,0.));
#3914=DIRECTION('',(0.,0.,1.));
#3915=DIRECTION('center_axis',(1.,0.,0.));
#3916=DIRECTION('ref_axis',(0.,1.,0.));
#3917=DIRECTION('',(0.,1.,0.));
#3918=DIRECTION('',(0.,1.,0.));
#3919=DIRECTION('',(0.,0.,1.));
#3920=DIRECTION('center_axis',(0.,-1.,0.));
#3921=DIRECTION('ref_axis',(1.,0.,0.));
#3922=DIRECTION('',(1.,0.,0.));
#3923=DIRECTION('',(1.,0.,0.));
#3924=DIRECTION('',(0.,0.,1.));
#3925=DIRECTION('center_axis',(-1.,0.,0.));
#3926=DIRECTION('ref_axis',(0.,-1.,0.));
#3927=DIRECTION('',(0.,-1.,0.));
#3928=DIRECTION('',(0.,-1.,0.));
#3929=DIRECTION('center_axis',(0.,0.,1.));
#3930=DIRECTION('ref_axis',(1.,0.,0.));
#3931=DIRECTION('center_axis',(0.,0.,1.));
#3932=DIRECTION('ref_axis',(1.,0.,0.));
#3933=DIRECTION('center_axis',(0.,1.,0.));
#3934=DIRECTION('ref_axis',(-1.,0.,0.));
#3935=DIRECTION('',(-1.,0.,0.));
#3936=DIRECTION('',(0.,0.,1.));
#3937=DIRECTION('',(-1.,0.,0.));
#3938=DIRECTION('',(0.,0.,1.));
#3939=DIRECTION('center_axis',(1.,0.,0.));
#3940=DIRECTION('ref_axis',(0.,1.,0.));
#3941=DIRECTION('',(0.,1.,0.));
#3942=DIRECTION('',(0.,1.,0.));
#3943=DIRECTION('',(0.,0.,1.));
#3944=DIRECTION('center_axis',(0.,-1.,0.));
#3945=DIRECTION('ref_axis',(1.,0.,0.));
#3946=DIRECTION('',(1.,0.,0.));
#3947=DIRECTION('',(1.,0.,0.));
#3948=DIRECTION('',(0.,0.,1.));
#3949=DIRECTION('center_axis',(-1.,0.,0.));
#3950=DIRECTION('ref_axis',(0.,-1.,0.));
#3951=DIRECTION('',(0.,-1.,0.));
#3952=DIRECTION('',(0.,-1.,0.));
#3953=DIRECTION('center_axis',(0.,0.,1.));
#3954=DIRECTION('ref_axis',(1.,0.,0.));
#3955=DIRECTION('center_axis',(0.,0.,1.));
#3956=DIRECTION('ref_axis',(1.,0.,0.));
#3957=DIRECTION('axis',(0.,0.,1.));
#3958=DIRECTION('refdir',(1.,0.,0.));
#3959=DIRECTION('center_axis',(-1.,0.,0.));
#3960=DIRECTION('ref_axis',(0.,0.,1.));
#3961=DIRECTION('',(0.,0.,-1.));
#3962=DIRECTION('',(0.,1.,0.));
#3963=DIRECTION('',(0.,0.,1.));
#3964=DIRECTION('',(0.,1.,0.));
#3965=DIRECTION('center_axis',(0.,0.,-1.));
#3966=DIRECTION('ref_axis',(-1.,0.,0.));
#3967=DIRECTION('',(1.,0.,0.));
#3968=DIRECTION('',(-1.,0.,0.));
#3969=DIRECTION('',(0.,1.,0.));
#3970=DIRECTION('center_axis',(1.,0.,0.));
#3971=DIRECTION('ref_axis',(0.,0.,-1.));
#3972=DIRECTION('',(0.,0.,1.));
#3973=DIRECTION('',(0.,0.,-1.));
#3974=DIRECTION('',(0.,1.,0.));
#3975=DIRECTION('center_axis',(0.,0.,1.));
#3976=DIRECTION('ref_axis',(1.,0.,0.));
#3977=DIRECTION('',(-1.,0.,0.));
#3978=DIRECTION('',(1.,0.,0.));
#3979=DIRECTION('center_axis',(0.,1.,0.));
#3980=DIRECTION('ref_axis',(0.,0.,1.));
#3981=DIRECTION('center_axis',(0.,1.,0.));
#3982=DIRECTION('ref_axis',(1.,0.,0.));
#3983=DIRECTION('center_axis',(0.,1.,0.));
#3984=DIRECTION('ref_axis',(-1.,0.,0.));
#3985=DIRECTION('',(-1.,0.,0.));
#3986=DIRECTION('',(0.,0.,1.));
#3987=DIRECTION('',(-1.,0.,0.));
#3988=DIRECTION('',(0.,0.,1.));
#3989=DIRECTION('center_axis',(1.,0.,0.));
#3990=DIRECTION('ref_axis',(0.,1.,0.));
#3991=DIRECTION('',(0.,1.,0.));
#3992=DIRECTION('',(0.,1.,0.));
#3993=DIRECTION('',(0.,0.,1.));
#3994=DIRECTION('center_axis',(0.,-1.,0.));
#3995=DIRECTION('ref_axis',(1.,0.,0.));
#3996=DIRECTION('',(1.,0.,0.));
#3997=DIRECTION('',(1.,0.,0.));
#3998=DIRECTION('',(0.,0.,1.));
#3999=DIRECTION('center_axis',(-1.,0.,0.));
#4000=DIRECTION('ref_axis',(0.,-1.,0.));
#4001=DIRECTION('',(0.,-1.,0.));
#4002=DIRECTION('',(0.,-1.,0.));
#4003=DIRECTION('center_axis',(0.,0.,1.));
#4004=DIRECTION('ref_axis',(1.,0.,0.));
#4005=DIRECTION('center_axis',(0.,0.,1.));
#4006=DIRECTION('ref_axis',(1.,0.,0.));
#4007=DIRECTION('center_axis',(0.,1.,0.));
#4008=DIRECTION('ref_axis',(-1.,0.,0.));
#4009=DIRECTION('',(-1.,0.,0.));
#4010=DIRECTION('',(0.,0.,1.));
#4011=DIRECTION('',(-1.,0.,0.));
#4012=DIRECTION('',(0.,0.,1.));
#4013=DIRECTION('center_axis',(1.,0.,0.));
#4014=DIRECTION('ref_axis',(0.,1.,0.));
#4015=DIRECTION('',(0.,1.,0.));
#4016=DIRECTION('',(0.,1.,0.));
#4017=DIRECTION('',(0.,0.,1.));
#4018=DIRECTION('center_axis',(0.,-1.,0.));
#4019=DIRECTION('ref_axis',(1.,0.,0.));
#4020=DIRECTION('',(1.,0.,0.));
#4021=DIRECTION('',(1.,0.,0.));
#4022=DIRECTION('',(0.,0.,1.));
#4023=DIRECTION('center_axis',(-1.,0.,0.));
#4024=DIRECTION('ref_axis',(0.,-1.,0.));
#4025=DIRECTION('',(0.,-1.,0.));
#4026=DIRECTION('',(0.,-1.,0.));
#4027=DIRECTION('center_axis',(0.,0.,1.));
#4028=DIRECTION('ref_axis',(1.,0.,0.));
#4029=DIRECTION('center_axis',(0.,0.,1.));
#4030=DIRECTION('ref_axis',(1.,0.,0.));
#4031=DIRECTION('axis',(0.,0.,1.));
#4032=DIRECTION('refdir',(1.,0.,0.));
#4033=DIRECTION('center_axis',(0.,0.5,-0.866025403784439));
#4034=DIRECTION('ref_axis',(1.,0.,0.));
#4035=DIRECTION('center_axis',(0.,0.5,-0.866025403784439));
#4036=DIRECTION('ref_axis',(1.,0.,0.));
#4037=DIRECTION('',(0.,-0.5,0.866025403784439));
#4038=DIRECTION('center_axis',(0.,-0.5,0.866025403784439));
#4039=DIRECTION('ref_axis',(1.,0.,0.));
#4040=DIRECTION('center_axis',(0.,-0.5,0.866025403784439));
#4041=DIRECTION('ref_axis',(-1.,0.,0.));
#4042=DIRECTION('center_axis',(0.,0.5,-0.866025403784439));
#4043=DIRECTION('ref_axis',(1.,0.,0.));
#4044=DIRECTION('center_axis',(0.,0.499999999999992,-0.866025403784443));
#4045=DIRECTION('ref_axis',(1.,0.,0.));
#4046=DIRECTION('center_axis',(0.,0.499999999999992,-0.866025403784443));
#4047=DIRECTION('ref_axis',(1.,0.,0.));
#4048=DIRECTION('',(0.,-0.499999999999992,0.866025403784443));
#4049=DIRECTION('center_axis',(0.,-0.499999999999992,0.866025403784443));
#4050=DIRECTION('ref_axis',(1.,0.,0.));
#4051=DIRECTION('center_axis',(0.,-0.499999999999992,0.866025403784443));
#4052=DIRECTION('ref_axis',(-1.,0.,0.));
#4053=DIRECTION('center_axis',(0.,0.499999999999992,-0.866025403784443));
#4054=DIRECTION('ref_axis',(1.,0.,0.));
#4055=DIRECTION('center_axis',(0.,0.5,-0.866025403784439));
#4056=DIRECTION('ref_axis',(1.,0.,0.));
#4057=DIRECTION('center_axis',(0.,0.5,-0.866025403784439));
#4058=DIRECTION('ref_axis',(1.,0.,0.));
#4059=DIRECTION('',(0.,-0.5,0.866025403784439));
#4060=DIRECTION('center_axis',(0.,-0.5,0.866025403784439));
#4061=DIRECTION('ref_axis',(1.,0.,0.));
#4062=DIRECTION('center_axis',(0.,-0.5,0.866025403784439));
#4063=DIRECTION('ref_axis',(-1.,0.,0.));
#4064=DIRECTION('center_axis',(0.,0.5,-0.866025403784439));
#4065=DIRECTION('ref_axis',(1.,0.,0.));
#4066=DIRECTION('center_axis',(0.,0.499999999999992,-0.866025403784443));
#4067=DIRECTION('ref_axis',(1.,0.,0.));
#4068=DIRECTION('center_axis',(0.,0.499999999999992,-0.866025403784443));
#4069=DIRECTION('ref_axis',(1.,0.,0.));
#4070=DIRECTION('',(0.,-0.499999999999992,0.866025403784443));
#4071=DIRECTION('center_axis',(0.,-0.499999999999992,0.866025403784443));
#4072=DIRECTION('ref_axis',(1.,0.,0.));
#4073=DIRECTION('center_axis',(0.,-0.499999999999992,0.866025403784443));
#4074=DIRECTION('ref_axis',(-1.,0.,0.));
#4075=DIRECTION('center_axis',(0.,0.499999999999992,-0.866025403784443));
#4076=DIRECTION('ref_axis',(1.,0.,0.));
#4077=DIRECTION('center_axis',(0.,0.707106781186548,-0.707106781186547));
#4078=DIRECTION('ref_axis',(1.,0.,0.));
#4079=DIRECTION('center_axis',(0.,0.707106781186548,-0.707106781186547));
#4080=DIRECTION('ref_axis',(1.,0.,0.));
#4081=DIRECTION('',(0.,-0.707106781186548,0.707106781186547));
#4082=DIRECTION('center_axis',(0.,-0.707106781186548,0.707106781186547));
#4083=DIRECTION('ref_axis',(1.,0.,0.));
#4084=DIRECTION('center_axis',(0.,-0.707106781186548,0.707106781186547));
#4085=DIRECTION('ref_axis',(-1.,0.,0.));
#4086=DIRECTION('center_axis',(0.,0.707106781186548,-0.707106781186547));
#4087=DIRECTION('ref_axis',(1.,0.,0.));
#4088=DIRECTION('center_axis',(0.,0.707106781186542,-0.707106781186553));
#4089=DIRECTION('ref_axis',(1.,0.,0.));
#4090=DIRECTION('center_axis',(0.,0.707106781186542,-0.707106781186553));
#4091=DIRECTION('ref_axis',(1.,0.,0.));
#4092=DIRECTION('',(0.,-0.707106781186542,0.707106781186553));
#4093=DIRECTION('center_axis',(0.,-0.707106781186542,0.707106781186553));
#4094=DIRECTION('ref_axis',(1.,0.,0.));
#4095=DIRECTION('center_axis',(0.,-0.707106781186542,0.707106781186553));
#4096=DIRECTION('ref_axis',(-1.,0.,0.));
#4097=DIRECTION('center_axis',(0.,0.707106781186542,-0.707106781186553));
#4098=DIRECTION('ref_axis',(1.,0.,0.));
#4099=DIRECTION('center_axis',(0.,0.5,-0.866025403784439));
#4100=DIRECTION('ref_axis',(1.,0.,0.));
#4101=DIRECTION('center_axis',(0.,0.5,-0.866025403784439));
#4102=DIRECTION('ref_axis',(1.,0.,0.));
#4103=DIRECTION('',(0.,-0.5,0.866025403784439));
#4104=DIRECTION('center_axis',(0.,-0.5,0.866025403784439));
#4105=DIRECTION('ref_axis',(1.,0.,0.));
#4106=DIRECTION('center_axis',(0.,-0.5,0.866025403784439));
#4107=DIRECTION('ref_axis',(-1.,0.,0.));
#4108=DIRECTION('center_axis',(0.,0.5,-0.866025403784439));
#4109=DIRECTION('ref_axis',(1.,0.,0.));
#4110=DIRECTION('center_axis',(0.,0.499999999999984,-0.866025403784448));
#4111=DIRECTION('ref_axis',(1.,0.,0.));
#4112=DIRECTION('center_axis',(0.,0.499999999999984,-0.866025403784448));
#4113=DIRECTION('ref_axis',(1.,0.,0.));
#4114=DIRECTION('',(0.,-0.499999999999984,0.866025403784448));
#4115=DIRECTION('center_axis',(0.,-0.499999999999984,0.866025403784448));
#4116=DIRECTION('ref_axis',(1.,0.,0.));
#4117=DIRECTION('center_axis',(0.,-0.499999999999984,0.866025403784448));
#4118=DIRECTION('ref_axis',(-1.,0.,0.));
#4119=DIRECTION('center_axis',(0.,0.499999999999984,-0.866025403784448));
#4120=DIRECTION('ref_axis',(1.,0.,0.));
#4121=DIRECTION('center_axis',(0.,1.,0.));
#4122=DIRECTION('ref_axis',(1.,0.,0.));
#4123=DIRECTION('center_axis',(0.,1.,0.));
#4124=DIRECTION('ref_axis',(1.,0.,0.));
#4125=DIRECTION('',(0.,-1.,0.));
#4126=DIRECTION('center_axis',(0.,-1.,0.));
#4127=DIRECTION('ref_axis',(1.,0.,0.));
#4128=DIRECTION('center_axis',(0.,-1.,0.));
#4129=DIRECTION('ref_axis',(-1.,0.,0.));
#4130=DIRECTION('center_axis',(0.,1.,0.));
#4131=DIRECTION('ref_axis',(1.,0.,0.));
#4132=DIRECTION('center_axis',(0.,1.,0.));
#4133=DIRECTION('ref_axis',(1.,0.,0.));
#4134=DIRECTION('center_axis',(0.,1.,0.));
#4135=DIRECTION('ref_axis',(1.,0.,0.));
#4136=DIRECTION('',(0.,-1.,0.));
#4137=DIRECTION('center_axis',(0.,-1.,0.));
#4138=DIRECTION('ref_axis',(1.,0.,0.));
#4139=DIRECTION('center_axis',(0.,-1.,0.));
#4140=DIRECTION('ref_axis',(-1.,0.,0.));
#4141=DIRECTION('center_axis',(0.,1.,0.));
#4142=DIRECTION('ref_axis',(1.,0.,0.));
#4143=DIRECTION('axis',(0.,0.,1.));
#4144=DIRECTION('refdir',(1.,0.,0.));
#4145=DIRECTION('center_axis',(0.,1.,0.));
#4146=DIRECTION('ref_axis',(-1.,0.,0.));
#4147=DIRECTION('',(-1.,0.,0.));
#4148=DIRECTION('',(0.,0.,1.));
#4149=DIRECTION('',(-1.,0.,0.));
#4150=DIRECTION('',(0.,0.,1.));
#4151=DIRECTION('center_axis',(1.,0.,0.));
#4152=DIRECTION('ref_axis',(0.,1.,0.));
#4153=DIRECTION('',(0.,1.,0.));
#4154=DIRECTION('',(0.,1.,0.));
#4155=DIRECTION('',(0.,0.,1.));
#4156=DIRECTION('center_axis',(0.,-1.,0.));
#4157=DIRECTION('ref_axis',(1.,0.,0.));
#4158=DIRECTION('',(1.,0.,0.));
#4159=DIRECTION('',(1.,0.,0.));
#4160=DIRECTION('',(0.,0.,1.));
#4161=DIRECTION('center_axis',(-1.,0.,0.));
#4162=DIRECTION('ref_axis',(0.,-1.,0.));
#4163=DIRECTION('',(0.,-1.,0.));
#4164=DIRECTION('',(0.,-1.,0.));
#4165=DIRECTION('center_axis',(0.,0.,1.));
#4166=DIRECTION('ref_axis',(1.,0.,0.));
#4167=DIRECTION('center_axis',(0.,0.,1.));
#4168=DIRECTION('ref_axis',(1.,0.,0.));
#4169=DIRECTION('center_axis',(0.,1.,0.));
#4170=DIRECTION('ref_axis',(-1.,0.,0.));
#4171=DIRECTION('',(-1.,0.,0.));
#4172=DIRECTION('',(0.,0.,1.));
#4173=DIRECTION('',(-1.,0.,0.));
#4174=DIRECTION('',(0.,0.,1.));
#4175=DIRECTION('center_axis',(1.,0.,0.));
#4176=DIRECTION('ref_axis',(0.,1.,0.));
#4177=DIRECTION('',(0.,1.,0.));
#4178=DIRECTION('',(0.,1.,0.));
#4179=DIRECTION('',(0.,0.,1.));
#4180=DIRECTION('center_axis',(0.,-1.,0.));
#4181=DIRECTION('ref_axis',(1.,0.,0.));
#4182=DIRECTION('',(1.,0.,0.));
#4183=DIRECTION('',(1.,0.,0.));
#4184=DIRECTION('',(0.,0.,1.));
#4185=DIRECTION('center_axis',(-1.,0.,0.));
#4186=DIRECTION('ref_axis',(0.,-1.,0.));
#4187=DIRECTION('',(0.,-1.,0.));
#4188=DIRECTION('',(0.,-1.,0.));
#4189=DIRECTION('center_axis',(0.,0.,1.));
#4190=DIRECTION('ref_axis',(1.,0.,0.));
#4191=DIRECTION('center_axis',(0.,0.,1.));
#4192=DIRECTION('ref_axis',(1.,0.,0.));
#4193=DIRECTION('center_axis',(0.,1.,0.));
#4194=DIRECTION('ref_axis',(-1.,0.,0.));
#4195=DIRECTION('',(-1.,0.,0.));
#4196=DIRECTION('',(0.,0.,1.));
#4197=DIRECTION('',(-1.,0.,0.));
#4198=DIRECTION('',(0.,0.,1.));
#4199=DIRECTION('center_axis',(1.,0.,0.));
#4200=DIRECTION('ref_axis',(0.,1.,0.));
#4201=DIRECTION('',(0.,1.,0.));
#4202=DIRECTION('',(0.,1.,0.));
#4203=DIRECTION('',(0.,0.,1.));
#4204=DIRECTION('center_axis',(0.,-1.,0.));
#4205=DIRECTION('ref_axis',(1.,0.,0.));
#4206=DIRECTION('',(1.,0.,0.));
#4207=DIRECTION('',(1.,0.,0.));
#4208=DIRECTION('',(0.,0.,1.));
#4209=DIRECTION('center_axis',(-1.,0.,0.));
#4210=DIRECTION('ref_axis',(0.,-1.,0.));
#4211=DIRECTION('',(0.,-1.,0.));
#4212=DIRECTION('',(0.,-1.,0.));
#4213=DIRECTION('center_axis',(0.,0.,1.));
#4214=DIRECTION('ref_axis',(1.,0.,0.));
#4215=DIRECTION('center_axis',(0.,0.,1.));
#4216=DIRECTION('ref_axis',(1.,0.,0.));
#4217=DIRECTION('center_axis',(0.,1.,0.));
#4218=DIRECTION('ref_axis',(-1.,0.,0.));
#4219=DIRECTION('',(-1.,0.,0.));
#4220=DIRECTION('',(0.,0.,1.));
#4221=DIRECTION('',(-1.,0.,0.));
#4222=DIRECTION('',(0.,0.,1.));
#4223=DIRECTION('center_axis',(1.,0.,0.));
#4224=DIRECTION('ref_axis',(0.,1.,0.));
#4225=DIRECTION('',(0.,1.,0.));
#4226=DIRECTION('',(0.,1.,0.));
#4227=DIRECTION('',(0.,0.,1.));
#4228=DIRECTION('center_axis',(0.,-1.,0.));
#4229=DIRECTION('ref_axis',(1.,0.,0.));
#4230=DIRECTION('',(1.,0.,0.));
#4231=DIRECTION('',(1.,0.,0.));
#4232=DIRECTION('',(0.,0.,1.));
#4233=DIRECTION('center_axis',(-1.,0.,0.));
#4234=DIRECTION('ref_axis',(0.,-1.,0.));
#4235=DIRECTION('',(0.,-1.,0.));
#4236=DIRECTION('',(0.,-1.,0.));
#4237=DIRECTION('center_axis',(0.,0.,1.));
#4238=DIRECTION('ref_axis',(1.,0.,0.));
#4239=DIRECTION('center_axis',(0.,0.,1.));
#4240=DIRECTION('ref_axis',(1.,0.,0.));
#4241=DIRECTION('center_axis',(0.,1.,0.));
#4242=DIRECTION('ref_axis',(-1.,0.,0.));
#4243=DIRECTION('',(-1.,0.,0.));
#4244=DIRECTION('',(0.,0.,1.));
#4245=DIRECTION('',(-1.,0.,0.));
#4246=DIRECTION('',(0.,0.,1.));
#4247=DIRECTION('center_axis',(1.,0.,0.));
#4248=DIRECTION('ref_axis',(0.,1.,0.));
#4249=DIRECTION('',(0.,1.,0.));
#4250=DIRECTION('',(0.,1.,0.));
#4251=DIRECTION('',(0.,0.,1.));
#4252=DIRECTION('center_axis',(0.,-1.,0.));
#4253=DIRECTION('ref_axis',(1.,0.,0.));
#4254=DIRECTION('',(1.,0.,0.));
#4255=DIRECTION('',(1.,0.,0.));
#4256=DIRECTION('',(0.,0.,1.));
#4257=DIRECTION('center_axis',(-1.,0.,0.));
#4258=DIRECTION('ref_axis',(0.,-1.,0.));
#4259=DIRECTION('',(0.,-1.,0.));
#4260=DIRECTION('',(0.,-1.,0.));
#4261=DIRECTION('center_axis',(0.,0.,1.));
#4262=DIRECTION('ref_axis',(1.,0.,0.));
#4263=DIRECTION('center_axis',(0.,0.,1.));
#4264=DIRECTION('ref_axis',(1.,0.,0.));
#4265=DIRECTION('center_axis',(0.,1.,0.));
#4266=DIRECTION('ref_axis',(-1.,0.,0.));
#4267=DIRECTION('',(-1.,0.,0.));
#4268=DIRECTION('',(0.,0.,1.));
#4269=DIRECTION('',(-1.,0.,0.));
#4270=DIRECTION('',(0.,0.,1.));
#4271=DIRECTION('center_axis',(1.,0.,0.));
#4272=DIRECTION('ref_axis',(0.,1.,0.));
#4273=DIRECTION('',(0.,1.,0.));
#4274=DIRECTION('',(0.,1.,0.));
#4275=DIRECTION('',(0.,0.,1.));
#4276=DIRECTION('center_axis',(0.,-1.,0.));
#4277=DIRECTION('ref_axis',(1.,0.,0.));
#4278=DIRECTION('',(1.,0.,0.));
#4279=DIRECTION('',(1.,0.,0.));
#4280=DIRECTION('',(0.,0.,1.));
#4281=DIRECTION('center_axis',(-1.,0.,0.));
#4282=DIRECTION('ref_axis',(0.,-1.,0.));
#4283=DIRECTION('',(0.,-1.,0.));
#4284=DIRECTION('',(0.,-1.,0.));
#4285=DIRECTION('center_axis',(0.,0.,1.));
#4286=DIRECTION('ref_axis',(1.,0.,0.));
#4287=DIRECTION('center_axis',(0.,0.,1.));
#4288=DIRECTION('ref_axis',(1.,0.,0.));
#4289=DIRECTION('center_axis',(0.,1.,0.));
#4290=DIRECTION('ref_axis',(-1.,0.,0.));
#4291=DIRECTION('',(-1.,0.,0.));
#4292=DIRECTION('',(0.,0.,1.));
#4293=DIRECTION('',(-1.,0.,0.));
#4294=DIRECTION('',(0.,0.,1.));
#4295=DIRECTION('center_axis',(1.,0.,0.));
#4296=DIRECTION('ref_axis',(0.,1.,0.));
#4297=DIRECTION('',(0.,1.,0.));
#4298=DIRECTION('',(0.,1.,0.));
#4299=DIRECTION('',(0.,0.,1.));
#4300=DIRECTION('center_axis',(0.,-1.,0.));
#4301=DIRECTION('ref_axis',(1.,0.,0.));
#4302=DIRECTION('',(1.,0.,0.));
#4303=DIRECTION('',(1.,0.,0.));
#4304=DIRECTION('',(0.,0.,1.));
#4305=DIRECTION('center_axis',(-1.,0.,0.));
#4306=DIRECTION('ref_axis',(0.,-1.,0.));
#4307=DIRECTION('',(0.,-1.,0.));
#4308=DIRECTION('',(0.,-1.,0.));
#4309=DIRECTION('center_axis',(0.,0.,1.));
#4310=DIRECTION('ref_axis',(1.,0.,0.));
#4311=DIRECTION('center_axis',(0.,0.,1.));
#4312=DIRECTION('ref_axis',(1.,0.,0.));
#4313=DIRECTION('center_axis',(0.,1.,0.));
#4314=DIRECTION('ref_axis',(-1.,0.,0.));
#4315=DIRECTION('',(-1.,0.,0.));
#4316=DIRECTION('',(0.,0.,1.));
#4317=DIRECTION('',(-1.,0.,0.));
#4318=DIRECTION('',(0.,0.,1.));
#4319=DIRECTION('center_axis',(1.,0.,0.));
#4320=DIRECTION('ref_axis',(0.,1.,0.));
#4321=DIRECTION('',(0.,1.,0.));
#4322=DIRECTION('',(0.,1.,0.));
#4323=DIRECTION('',(0.,0.,1.));
#4324=DIRECTION('center_axis',(0.,-1.,0.));
#4325=DIRECTION('ref_axis',(1.,0.,0.));
#4326=DIRECTION('',(1.,0.,0.));
#4327=DIRECTION('',(1.,0.,0.));
#4328=DIRECTION('',(0.,0.,1.));
#4329=DIRECTION('center_axis',(-1.,0.,0.));
#4330=DIRECTION('ref_axis',(0.,-1.,0.));
#4331=DIRECTION('',(0.,-1.,0.));
#4332=DIRECTION('',(0.,-1.,0.));
#4333=DIRECTION('center_axis',(0.,0.,1.));
#4334=DIRECTION('ref_axis',(1.,0.,0.));
#4335=DIRECTION('center_axis',(0.,0.,1.));
#4336=DIRECTION('ref_axis',(1.,0.,0.));
#4337=DIRECTION('center_axis',(0.,1.,0.));
#4338=DIRECTION('ref_axis',(-1.,0.,0.));
#4339=DIRECTION('',(-1.,0.,0.));
#4340=DIRECTION('',(0.,0.,1.));
#4341=DIRECTION('',(-1.,0.,0.));
#4342=DIRECTION('',(0.,0.,1.));
#4343=DIRECTION('center_axis',(1.,0.,0.));
#4344=DIRECTION('ref_axis',(0.,1.,0.));
#4345=DIRECTION('',(0.,1.,0.));
#4346=DIRECTION('',(0.,1.,0.));
#4347=DIRECTION('',(0.,0.,1.));
#4348=DIRECTION('center_axis',(0.,-1.,0.));
#4349=DIRECTION('ref_axis',(1.,0.,0.));
#4350=DIRECTION('',(1.,0.,0.));
#4351=DIRECTION('',(1.,0.,0.));
#4352=DIRECTION('',(0.,0.,1.));
#4353=DIRECTION('center_axis',(-1.,0.,0.));
#4354=DIRECTION('ref_axis',(0.,-1.,0.));
#4355=DIRECTION('',(0.,-1.,0.));
#4356=DIRECTION('',(0.,-1.,0.));
#4357=DIRECTION('center_axis',(0.,0.,1.));
#4358=DIRECTION('ref_axis',(1.,0.,0.));
#4359=DIRECTION('center_axis',(0.,0.,1.));
#4360=DIRECTION('ref_axis',(1.,0.,0.));
#4361=DIRECTION('axis',(0.,0.,1.));
#4362=DIRECTION('refdir',(1.,0.,0.));
#4363=DIRECTION('axis',(0.,0.,1.));
#4364=DIRECTION('refdir',(1.,0.,0.));
#4365=DIRECTION('',(0.,0.,1.));
#4366=DIRECTION('',(1.,0.,0.));
#4367=DIRECTION('',(0.,0.,1.));
#4368=DIRECTION('',(1.,0.,0.));
#4369=DIRECTION('',(0.,0.,1.));
#4370=DIRECTION('',(1.,0.,0.));
#4371=DIRECTION('',(0.,0.,1.));
#4372=DIRECTION('',(1.,0.,0.));
#4373=DIRECTION('',(0.,0.,1.));
#4374=DIRECTION('',(1.,0.,0.));
#4375=DIRECTION('',(0.,0.,1.));
#4376=DIRECTION('',(1.,0.,0.));
#4377=DIRECTION('',(0.,0.,1.));
#4378=DIRECTION('',(1.,0.,0.));
#4379=DIRECTION('',(0.,0.,1.));
#4380=DIRECTION('',(1.,0.,0.));
#4381=DIRECTION('',(0.,0.,1.));
#4382=DIRECTION('',(1.,0.,0.));
#4383=DIRECTION('',(0.,0.,1.));
#4384=DIRECTION('',(1.,0.,0.));
#4385=CARTESIAN_POINT('',(0.,0.,0.));
#4386=CARTESIAN_POINT('',(0.,0.,0.));
#4387=CARTESIAN_POINT('Origin',(500.,600.,-10.));
#4388=CARTESIAN_POINT('',(500.,600.,-10.));
#4389=CARTESIAN_POINT('',(-500.,600.,-10.));
#4390=CARTESIAN_POINT('',(500.,600.,-10.));
#4391=CARTESIAN_POINT('',(-500.,600.,0.));
#4392=CARTESIAN_POINT('',(-500.,600.,-10.));
#4393=CARTESIAN_POINT('',(500.,600.,0.));
#4394=CARTESIAN_POINT('',(500.,600.,0.));
#4395=CARTESIAN_POINT('',(500.,600.,-10.));
#4396=CARTESIAN_POINT('Origin',(500.,-300.,-10.));
#4397=CARTESIAN_POINT('',(500.,-300.,-10.));
#4398=CARTESIAN_POINT('',(500.,-300.,-10.));
#4399=CARTESIAN_POINT('',(500.,-300.,0.));
#4400=CARTESIAN_POINT('',(500.,-300.,0.));
#4401=CARTESIAN_POINT('',(500.,-300.,-10.));
#4402=CARTESIAN_POINT('Origin',(-500.,-300.,-10.));
#4403=CARTESIAN_POINT('',(-500.,-300.,-10.));
#4404=CARTESIAN_POINT('',(-500.,-300.,-10.));
#4405=CARTESIAN_POINT('',(-500.,-300.,0.));
#4406=CARTESIAN_POINT('',(-500.,-300.,0.));
#4407=CARTESIAN_POINT('',(-500.,-300.,-10.));
#4408=CARTESIAN_POINT('Origin',(-500.,600.,-10.));
#4409=CARTESIAN_POINT('',(-500.,600.,-10.));
#4410=CARTESIAN_POINT('',(-500.,600.,0.));
#4411=CARTESIAN_POINT('Origin',(0.,150.,0.));
#4412=CARTESIAN_POINT('Origin',(0.,150.,-10.));
#4413=CARTESIAN_POINT('',(0.,0.,0.));
#4414=CARTESIAN_POINT('Origin',(300.,0.,36.));
#4415=CARTESIAN_POINT('',(300.,0.,36.));
#4416=CARTESIAN_POINT('',(-300.,0.,36.));
#4417=CARTESIAN_POINT('',(300.,0.,36.));
#4418=CARTESIAN_POINT('',(-300.,0.,40.));
#4419=CARTESIAN_POINT('',(-300.,0.,36.));
#4420=CARTESIAN_POINT('',(300.,0.,40.));
#4421=CARTESIAN_POINT('',(300.,0.,40.));
#4422=CARTESIAN_POINT('',(300.,0.,36.));
#4423=CARTESIAN_POINT('Origin',(300.,-180.,36.));
#4424=CARTESIAN_POINT('',(300.,-180.,36.));
#4425=CARTESIAN_POINT('',(300.,-180.,36.));
#4426=CARTESIAN_POINT('',(300.,-180.,40.));
#4427=CARTESIAN_POINT('',(300.,-180.,40.));
#4428=CARTESIAN_POINT('',(300.,-180.,36.));
#4429=CARTESIAN_POINT('Origin',(-300.,-180.,36.));
#4430=CARTESIAN_POINT('',(-300.,-180.,36.));
#4431=CARTESIAN_POINT('',(-300.,-180.,36.));
#4432=CARTESIAN_POINT('',(-300.,-180.,40.));
#4433=CARTESIAN_POINT('',(-300.,-180.,40.));
#4434=CARTESIAN_POINT('',(-300.,-180.,36.));
#4435=CARTESIAN_POINT('Origin',(-300.,0.,36.));
#4436=CARTESIAN_POINT('',(-300.,0.,36.));
#4437=CARTESIAN_POINT('',(-300.,0.,40.));
#4438=CARTESIAN_POINT('Origin',(0.,-90.,40.));
#4439=CARTESIAN_POINT('Origin',(0.,-90.,36.));
#4440=CARTESIAN_POINT('Origin',(-300.,-180.,40.));
#4441=CARTESIAN_POINT('',(-300.,0.,40.));
#4442=CARTESIAN_POINT('',(-300.,-180.,40.));
#4443=CARTESIAN_POINT('',(-300.,0.,40.));
#4444=CARTESIAN_POINT('',(-296.,0.,40.));
#4445=CARTESIAN_POINT('',(-300.,0.,40.));
#4446=CARTESIAN_POINT('',(-296.,-180.,40.));
#4447=CARTESIAN_POINT('',(-296.,0.,40.));
#4448=CARTESIAN_POINT('',(-300.,-180.,40.));
#4449=CARTESIAN_POINT('Origin',(-300.,-180.,216.));
#4450=CARTESIAN_POINT('',(-300.,-180.,216.));
#4451=CARTESIAN_POINT('',(-300.,-180.,40.));
#4452=CARTESIAN_POINT('',(-296.,-180.,216.));
#4453=CARTESIAN_POINT('',(-296.,-180.,40.));
#4454=CARTESIAN_POINT('',(-300.,-180.,216.));
#4455=CARTESIAN_POINT('Origin',(-300.,0.,216.));
#4456=CARTESIAN_POINT('',(-300.,0.,216.));
#4457=CARTESIAN_POINT('',(-300.,-180.,216.));
#4458=CARTESIAN_POINT('',(-296.,0.,216.));
#4459=CARTESIAN_POINT('',(-296.,-180.,216.));
#4460=CARTESIAN_POINT('',(-300.,0.,216.));
#4461=CARTESIAN_POINT('Origin',(-300.,0.,40.));
#4462=CARTESIAN_POINT('',(-300.,0.,216.));
#4463=CARTESIAN_POINT('',(-296.,0.,216.));
#4464=CARTESIAN_POINT('Origin',(-296.,-90.,128.));
#4465=CARTESIAN_POINT('Origin',(-300.,-90.,128.));
#4466=CARTESIAN_POINT('Origin',(296.,-180.,40.));
#4467=CARTESIAN_POINT('',(296.,0.,40.));
#4468=CARTESIAN_POINT('',(296.,-180.,40.));
#4469=CARTESIAN_POINT('',(296.,0.,40.));
#4470=CARTESIAN_POINT('',(300.,0.,40.));
#4471=CARTESIAN_POINT('',(296.,0.,40.));
#4472=CARTESIAN_POINT('',(300.,-180.,40.));
#4473=CARTESIAN_POINT('',(300.,0.,40.));
#4474=CARTESIAN_POINT('',(296.,-180.,40.));
#4475=CARTESIAN_POINT('Origin',(296.,-180.,216.));
#4476=CARTESIAN_POINT('',(296.,-180.,216.));
#4477=CARTESIAN_POINT('',(296.,-180.,40.));
#4478=CARTESIAN_POINT('',(300.,-180.,216.));
#4479=CARTESIAN_POINT('',(300.,-180.,40.));
#4480=CARTESIAN_POINT('',(296.,-180.,216.));
#4481=CARTESIAN_POINT('Origin',(296.,0.,216.));
#4482=CARTESIAN_POINT('',(296.,0.,216.));
#4483=CARTESIAN_POINT('',(296.,-180.,216.));
#4484=CARTESIAN_POINT('',(300.,0.,216.));
#4485=CARTESIAN_POINT('',(300.,-180.,216.));
#4486=CARTESIAN_POINT('',(296.,0.,216.));
#4487=CARTESIAN_POINT('Origin',(296.,0.,40.));
#4488=CARTESIAN_POINT('',(296.,0.,216.));
#4489=CARTESIAN_POINT('',(300.,0.,216.));
#4490=CARTESIAN_POINT('Origin',(300.,-90.,128.));
#4491=CARTESIAN_POINT('Origin',(296.,-90.,128.));
#4492=CARTESIAN_POINT('Origin',(-300.,-180.,40.));
#4493=CARTESIAN_POINT('',(-300.,-180.,216.));
#4494=CARTESIAN_POINT('',(-300.,-180.,40.));
#4495=CARTESIAN_POINT('',(-300.,-180.,216.));
#4496=CARTESIAN_POINT('',(-300.,-176.,216.));
#4497=CARTESIAN_POINT('',(-300.,-180.,216.));
#4498=CARTESIAN_POINT('',(-300.,-176.,40.));
#4499=CARTESIAN_POINT('',(-300.,-176.,216.));
#4500=CARTESIAN_POINT('',(-300.,-180.,40.));
#4501=CARTESIAN_POINT('Origin',(300.,-180.,40.));
#4502=CARTESIAN_POINT('',(300.,-180.,40.));
#4503=CARTESIAN_POINT('',(-300.,-180.,40.));
#4504=CARTESIAN_POINT('',(300.,-176.,40.));
#4505=CARTESIAN_POINT('',(-300.,-176.,40.));
#4506=CARTESIAN_POINT('',(300.,-180.,40.));
#4507=CARTESIAN_POINT('Origin',(300.,-180.,216.));
#4508=CARTESIAN_POINT('',(300.,-180.,216.));
#4509=CARTESIAN_POINT('',(300.,-180.,40.));
#4510=CARTESIAN_POINT('',(300.,-176.,216.));
#4511=CARTESIAN_POINT('',(300.,-176.,40.));
#4512=CARTESIAN_POINT('',(300.,-180.,216.));
#4513=CARTESIAN_POINT('Origin',(-300.,-180.,216.));
#4514=CARTESIAN_POINT('',(300.,-180.,216.));
#4515=CARTESIAN_POINT('',(300.,-176.,216.));
#4516=CARTESIAN_POINT('Origin',(0.,-176.,128.));
#4517=CARTESIAN_POINT('Origin',(0.,-180.,128.));
#4518=CARTESIAN_POINT('Origin',(-300.,-4.,40.));
#4519=CARTESIAN_POINT('',(-300.,-4.,216.));
#4520=CARTESIAN_POINT('',(-300.,-4.,40.));
#4521=CARTESIAN_POINT('',(-300.,-4.,216.));
#4522=CARTESIAN_POINT('',(-300.,0.,216.));
#4523=CARTESIAN_POINT('',(-300.,-4.,216.));
#4524=CARTESIAN_POINT('',(-300.,0.,40.));
#4525=CARTESIAN_POINT('',(-300.,0.,216.));
#4526=CARTESIAN_POINT('',(-300.,-4.,40.));
#4527=CARTESIAN_POINT('Origin',(-80.,-4.,40.));
#4528=CARTESIAN_POINT('',(-80.,-4.,40.));
#4529=CARTESIAN_POINT('',(-300.,-4.,40.));
#4530=CARTESIAN_POINT('',(-80.,0.,40.));
#4531=CARTESIAN_POINT('',(-300.,0.,40.));
#4532=CARTESIAN_POINT('',(-80.,-4.,40.));
#4533=CARTESIAN_POINT('Origin',(-80.,-4.,216.));
#4534=CARTESIAN_POINT('',(-80.,-4.,216.));
#4535=CARTESIAN_POINT('',(-80.,-4.,40.));
#4536=CARTESIAN_POINT('',(-80.,0.,216.));
#4537=CARTESIAN_POINT('',(-80.,0.,40.));
#4538=CARTESIAN_POINT('',(-80.,-4.,216.));
#4539=CARTESIAN_POINT('Origin',(-300.,-4.,216.));
#4540=CARTESIAN_POINT('',(-80.,-4.,216.));
#4541=CARTESIAN_POINT('',(-80.,0.,216.));
#4542=CARTESIAN_POINT('Origin',(-190.,0.,128.));
#4543=CARTESIAN_POINT('Origin',(-190.,-4.,128.));
#4544=CARTESIAN_POINT('Origin',(80.,-4.,40.));
#4545=CARTESIAN_POINT('',(80.,-4.,216.));
#4546=CARTESIAN_POINT('',(80.,-4.,40.));
#4547=CARTESIAN_POINT('',(80.,-4.,216.));
#4548=CARTESIAN_POINT('',(80.,0.,216.));
#4549=CARTESIAN_POINT('',(80.,-4.,216.));
#4550=CARTESIAN_POINT('',(80.,0.,40.));
#4551=CARTESIAN_POINT('',(80.,0.,216.));
#4552=CARTESIAN_POINT('',(80.,-4.,40.));
#4553=CARTESIAN_POINT('Origin',(300.,-4.,40.));
#4554=CARTESIAN_POINT('',(300.,-4.,40.));
#4555=CARTESIAN_POINT('',(80.,-4.,40.));
#4556=CARTESIAN_POINT('',(300.,0.,40.));
#4557=CARTESIAN_POINT('',(80.,0.,40.));
#4558=CARTESIAN_POINT('',(300.,-4.,40.));
#4559=CARTESIAN_POINT('Origin',(300.,-4.,216.));
#4560=CARTESIAN_POINT('',(300.,-4.,216.));
#4561=CARTESIAN_POINT('',(300.,-4.,40.));
#4562=CARTESIAN_POINT('',(300.,0.,216.));
#4563=CARTESIAN_POINT('',(300.,0.,40.));
#4564=CARTESIAN_POINT('',(300.,-4.,216.));
#4565=CARTESIAN_POINT('Origin',(80.,-4.,216.));
#4566=CARTESIAN_POINT('',(300.,-4.,216.));
#4567=CARTESIAN_POINT('',(300.,0.,216.));
#4568=CARTESIAN_POINT('Origin',(190.,0.,128.));
#4569=CARTESIAN_POINT('Origin',(190.,-4.,128.));
#4570=CARTESIAN_POINT('Origin',(-80.,-4.,200.));
#4571=CARTESIAN_POINT('',(-80.,-4.,216.));
#4572=CARTESIAN_POINT('',(-80.,-4.,200.));
#4573=CARTESIAN_POINT('',(-80.,-4.,216.));
#4574=CARTESIAN_POINT('',(-80.,0.,216.));
#4575=CARTESIAN_POINT('',(-80.,-4.,216.));
#4576=CARTESIAN_POINT('',(-80.,0.,200.));
#4577=CARTESIAN_POINT('',(-80.,0.,216.));
#4578=CARTESIAN_POINT('',(-80.,-4.,200.));
#4579=CARTESIAN_POINT('Origin',(80.,-4.,200.));
#4580=CARTESIAN_POINT('',(80.,-4.,200.));
#4581=CARTESIAN_POINT('',(-80.,-4.,200.));
#4582=CARTESIAN_POINT('',(80.,0.,200.));
#4583=CARTESIAN_POINT('',(-80.,0.,200.));
#4584=CARTESIAN_POINT('',(80.,-4.,200.));
#4585=CARTESIAN_POINT('Origin',(80.,-4.,216.));
#4586=CARTESIAN_POINT('',(80.,-4.,216.));
#4587=CARTESIAN_POINT('',(80.,-4.,200.));
#4588=CARTESIAN_POINT('',(80.,0.,216.));
#4589=CARTESIAN_POINT('',(80.,0.,200.));
#4590=CARTESIAN_POINT('',(80.,-4.,216.));
#4591=CARTESIAN_POINT('Origin',(-80.,-4.,216.));
#4592=CARTESIAN_POINT('',(80.,-4.,216.));
#4593=CARTESIAN_POINT('',(80.,0.,216.));
#4594=CARTESIAN_POINT('Origin',(0.,0.,208.));
#4595=CARTESIAN_POINT('Origin',(0.,-4.,208.));
#4596=CARTESIAN_POINT('Origin',(-85.,0.,100.));
#4597=CARTESIAN_POINT('',(-85.,0.,100.));
#4598=CARTESIAN_POINT('',(-295.,0.,100.));
#4599=CARTESIAN_POINT('',(-85.,0.,100.));
#4600=CARTESIAN_POINT('',(-295.,0.,194.));
#4601=CARTESIAN_POINT('',(-295.,0.,100.));
#4602=CARTESIAN_POINT('',(-85.,0.,194.));
#4603=CARTESIAN_POINT('',(-85.,0.,194.));
#4604=CARTESIAN_POINT('',(-85.,0.,100.));
#4605=CARTESIAN_POINT('Origin',(-85.,-1.,100.));
#4606=CARTESIAN_POINT('',(-85.,-1.,100.));
#4607=CARTESIAN_POINT('',(-85.,-1.,100.));
#4608=CARTESIAN_POINT('',(-85.,-1.,194.));
#4609=CARTESIAN_POINT('',(-85.,-1.,194.));
#4610=CARTESIAN_POINT('',(-85.,-1.,100.));
#4611=CARTESIAN_POINT('Origin',(-295.,-1.,100.));
#4612=CARTESIAN_POINT('',(-295.,-1.,100.));
#4613=CARTESIAN_POINT('',(-295.,-1.,100.));
#4614=CARTESIAN_POINT('',(-295.,-1.,194.));
#4615=CARTESIAN_POINT('',(-295.,-1.,194.));
#4616=CARTESIAN_POINT('',(-295.,-1.,100.));
#4617=CARTESIAN_POINT('Origin',(-295.,0.,100.));
#4618=CARTESIAN_POINT('',(-295.,0.,100.));
#4619=CARTESIAN_POINT('',(-295.,0.,194.));
#4620=CARTESIAN_POINT('Origin',(-190.,-0.5,194.));
#4621=CARTESIAN_POINT('Origin',(-190.,-0.5,100.));
#4622=CARTESIAN_POINT('Origin',(295.,0.,100.));
#4623=CARTESIAN_POINT('',(295.,0.,100.));
#4624=CARTESIAN_POINT('',(85.,0.,100.));
#4625=CARTESIAN_POINT('',(295.,0.,100.));
#4626=CARTESIAN_POINT('',(85.,0.,194.));
#4627=CARTESIAN_POINT('',(85.,0.,100.));
#4628=CARTESIAN_POINT('',(295.,0.,194.));
#4629=CARTESIAN_POINT('',(295.,0.,194.));
#4630=CARTESIAN_POINT('',(295.,0.,100.));
#4631=CARTESIAN_POINT('Origin',(295.,-1.,100.));
#4632=CARTESIAN_POINT('',(295.,-1.,100.));
#4633=CARTESIAN_POINT('',(295.,-1.,100.));
#4634=CARTESIAN_POINT('',(295.,-1.,194.));
#4635=CARTESIAN_POINT('',(295.,-1.,194.));
#4636=CARTESIAN_POINT('',(295.,-1.,100.));
#4637=CARTESIAN_POINT('Origin',(85.,-1.,100.));
#4638=CARTESIAN_POINT('',(85.,-1.,100.));
#4639=CARTESIAN_POINT('',(85.,-1.,100.));
#4640=CARTESIAN_POINT('',(85.,-1.,194.));
#4641=CARTESIAN_POINT('',(85.,-1.,194.));
#4642=CARTESIAN_POINT('',(85.,-1.,100.));
#4643=CARTESIAN_POINT('Origin',(85.,0.,100.));
#4644=CARTESIAN_POINT('',(85.,0.,100.));
#4645=CARTESIAN_POINT('',(85.,0.,194.));
#4646=CARTESIAN_POINT('Origin',(190.,-0.5,194.));
#4647=CARTESIAN_POINT('Origin',(190.,-0.5,100.));
#4648=CARTESIAN_POINT('Origin',(300.,-15.,105.));
#4649=CARTESIAN_POINT('',(300.,-15.,105.));
#4650=CARTESIAN_POINT('',(299.,-15.,105.));
#4651=CARTESIAN_POINT('',(300.,-15.,105.));
#4652=CARTESIAN_POINT('',(299.,-15.,198.));
#4653=CARTESIAN_POINT('',(299.,-15.,105.));
#4654=CARTESIAN_POINT('',(300.,-15.,198.));
#4655=CARTESIAN_POINT('',(300.,-15.,198.));
#4656=CARTESIAN_POINT('',(300.,-15.,105.));
#4657=CARTESIAN_POINT('Origin',(300.,-165.,105.));
#4658=CARTESIAN_POINT('',(300.,-165.,105.));
#4659=CARTESIAN_POINT('',(300.,-165.,105.));
#4660=CARTESIAN_POINT('',(300.,-165.,198.));
#4661=CARTESIAN_POINT('',(300.,-165.,198.));
#4662=CARTESIAN_POINT('',(300.,-165.,105.));
#4663=CARTESIAN_POINT('Origin',(299.,-165.,105.));
#4664=CARTESIAN_POINT('',(299.,-165.,105.));
#4665=CARTESIAN_POINT('',(299.,-165.,105.));
#4666=CARTESIAN_POINT('',(299.,-165.,198.));
#4667=CARTESIAN_POINT('',(299.,-165.,198.));
#4668=CARTESIAN_POINT('',(299.,-165.,105.));
#4669=CARTESIAN_POINT('Origin',(299.,-15.,105.));
#4670=CARTESIAN_POINT('',(299.,-15.,105.));
#4671=CARTESIAN_POINT('',(299.,-15.,198.));
#4672=CARTESIAN_POINT('Origin',(299.5,-90.,198.));
#4673=CARTESIAN_POINT('Origin',(299.5,-90.,105.));
#4674=CARTESIAN_POINT('Origin',(-210.,-180.,32.));
#4675=CARTESIAN_POINT('',(-242.,-168.,32.));
#4676=CARTESIAN_POINT('Origin',(-210.,-168.,32.));
#4677=CARTESIAN_POINT('',(-242.,-180.,32.));
#4678=CARTESIAN_POINT('',(-242.,-180.,32.));
#4679=CARTESIAN_POINT('Origin',(-210.,-180.,32.));
#4680=CARTESIAN_POINT('Origin',(-210.,-168.,32.));
#4681=CARTESIAN_POINT('Origin',(-210.,-180.,32.));
#4682=CARTESIAN_POINT('Origin',(-210.,-12.,32.));
#4683=CARTESIAN_POINT('',(-242.,2.22044604925031E-15,32.));
#4684=CARTESIAN_POINT('Origin',(-210.,2.22044604925031E-15,32.));
#4685=CARTESIAN_POINT('',(-242.,-12.,32.));
#4686=CARTESIAN_POINT('',(-242.,-12.,32.));
#4687=CARTESIAN_POINT('Origin',(-210.,-12.,32.));
#4688=CARTESIAN_POINT('Origin',(-210.,2.22044604925031E-15,32.));
#4689=CARTESIAN_POINT('Origin',(-210.,-12.,32.));
#4690=CARTESIAN_POINT('Origin',(210.,-180.,32.));
#4691=CARTESIAN_POINT('',(178.,-168.,32.));
#4692=CARTESIAN_POINT('Origin',(210.,-168.,32.));
#4693=CARTESIAN_POINT('',(178.,-180.,32.));
#4694=CARTESIAN_POINT('',(178.,-180.,32.));
#4695=CARTESIAN_POINT('Origin',(210.,-180.,32.));
#4696=CARTESIAN_POINT('Origin',(210.,-168.,32.));
#4697=CARTESIAN_POINT('Origin',(210.,-180.,32.));
#4698=CARTESIAN_POINT('Origin',(210.,-12.,32.));
#4699=CARTESIAN_POINT('',(178.,2.22044604925031E-15,32.));
#4700=CARTESIAN_POINT('Origin',(210.,2.22044604925031E-15,32.));
#4701=CARTESIAN_POINT('',(178.,-12.,32.));
#4702=CARTESIAN_POINT('',(178.,-12.,32.));
#4703=CARTESIAN_POINT('Origin',(210.,-12.,32.));
#4704=CARTESIAN_POINT('Origin',(210.,2.22044604925031E-15,32.));
#4705=CARTESIAN_POINT('Origin',(210.,-12.,32.));
#4706=CARTESIAN_POINT('',(0.,0.,0.));
#4707=CARTESIAN_POINT('Origin',(300.,0.,216.));
#4708=CARTESIAN_POINT('',(300.,0.,216.));
#4709=CARTESIAN_POINT('',(-300.,0.,216.));
#4710=CARTESIAN_POINT('',(300.,0.,216.));
#4711=CARTESIAN_POINT('',(-300.,0.,220.));
#4712=CARTESIAN_POINT('',(-300.,0.,216.));
#4713=CARTESIAN_POINT('',(300.,0.,220.));
#4714=CARTESIAN_POINT('',(300.,0.,220.));
#4715=CARTESIAN_POINT('',(300.,0.,216.));
#4716=CARTESIAN_POINT('Origin',(300.,-180.,216.));
#4717=CARTESIAN_POINT('',(300.,-180.,216.));
#4718=CARTESIAN_POINT('',(300.,-180.,216.));
#4719=CARTESIAN_POINT('',(300.,-180.,220.));
#4720=CARTESIAN_POINT('',(300.,-180.,220.));
#4721=CARTESIAN_POINT('',(300.,-180.,216.));
#4722=CARTESIAN_POINT('Origin',(-300.,-180.,216.));
#4723=CARTESIAN_POINT('',(-300.,-180.,216.));
#4724=CARTESIAN_POINT('',(-300.,-180.,216.));
#4725=CARTESIAN_POINT('',(-300.,-180.,220.));
#4726=CARTESIAN_POINT('',(-300.,-180.,220.));
#4727=CARTESIAN_POINT('',(-300.,-180.,216.));
#4728=CARTESIAN_POINT('Origin',(-300.,0.,216.));
#4729=CARTESIAN_POINT('',(-300.,0.,216.));
#4730=CARTESIAN_POINT('',(-300.,0.,220.));
#4731=CARTESIAN_POINT('Origin',(0.,-90.,220.));
#4732=CARTESIAN_POINT('Origin',(0.,-90.,216.));
#4733=CARTESIAN_POINT('',(0.,0.,0.));
#4734=CARTESIAN_POINT('Origin',(-70.,0.,40.));
#4735=CARTESIAN_POINT('',(-70.,0.,35.932198561015));
#4736=CARTESIAN_POINT('',(-70.,0.,40.));
#4737=CARTESIAN_POINT('',(-70.,0.,35.932198561015));
#4738=CARTESIAN_POINT('',(70.,0.,35.932198561015));
#4739=CARTESIAN_POINT('',(-70.,0.,35.932198561015));
#4740=CARTESIAN_POINT('',(70.,0.,40.));
#4741=CARTESIAN_POINT('',(70.,0.,35.932198561015));
#4742=CARTESIAN_POINT('',(-70.,0.,40.));
#4743=CARTESIAN_POINT('Origin',(-70.,216.333076527839,0.));
#4744=CARTESIAN_POINT('',(-70.,216.333076527839,0.));
#4745=CARTESIAN_POINT('',(-70.,0.,40.));
#4746=CARTESIAN_POINT('',(70.,216.333076527839,0.));
#4747=CARTESIAN_POINT('',(70.,0.,40.));
#4748=CARTESIAN_POINT('',(-70.,216.333076527839,0.));
#4749=CARTESIAN_POINT('Origin',(-70.,194.333076527839,0.));
#4750=CARTESIAN_POINT('',(-70.,194.333076527839,0.));
#4751=CARTESIAN_POINT('',(-70.,216.333076527839,0.));
#4752=CARTESIAN_POINT('',(70.,194.333076527839,0.));
#4753=CARTESIAN_POINT('',(70.,216.333076527839,0.));
#4754=CARTESIAN_POINT('',(-70.,194.333076527839,0.));
#4755=CARTESIAN_POINT('Origin',(-70.,0.,35.932198561015));
#4756=CARTESIAN_POINT('',(-70.,194.333076527839,0.));
#4757=CARTESIAN_POINT('',(70.,194.333076527839,0.));
#4758=CARTESIAN_POINT('Origin',(70.,108.16653826392,20.));
#4759=CARTESIAN_POINT('Origin',(-70.,108.16653826392,20.));
#4760=CARTESIAN_POINT('',(0.,0.,0.));
#4761=CARTESIAN_POINT('Origin',(-109.4,300.,0.1));
#4762=CARTESIAN_POINT('',(-109.4,300.,0.1));
#4763=CARTESIAN_POINT('',(-110.6,300.,0.1));
#4764=CARTESIAN_POINT('',(-109.4,300.,0.1));
#4765=CARTESIAN_POINT('',(-110.6,300.,0.3));
#4766=CARTESIAN_POINT('',(-110.6,300.,0.1));
#4767=CARTESIAN_POINT('',(-109.4,300.,0.3));
#4768=CARTESIAN_POINT('',(-109.4,300.,0.3));
#4769=CARTESIAN_POINT('',(-109.4,300.,0.1));
#4770=CARTESIAN_POINT('Origin',(-109.4,20.,0.1));
#4771=CARTESIAN_POINT('',(-109.4,20.,0.1));
#4772=CARTESIAN_POINT('',(-109.4,20.,0.1));
#4773=CARTESIAN_POINT('',(-109.4,20.,0.3));
#4774=CARTESIAN_POINT('',(-109.4,20.,0.3));
#4775=CARTESIAN_POINT('',(-109.4,20.,0.1));
#4776=CARTESIAN_POINT('Origin',(-110.6,20.,0.1));
#4777=CARTESIAN_POINT('',(-110.6,20.,0.1));
#4778=CARTESIAN_POINT('',(-110.6,20.,0.1));
#4779=CARTESIAN_POINT('',(-110.6,20.,0.3));
#4780=CARTESIAN_POINT('',(-110.6,20.,0.3));
#4781=CARTESIAN_POINT('',(-110.6,20.,0.1));
#4782=CARTESIAN_POINT('Origin',(-110.6,300.,0.1));
#4783=CARTESIAN_POINT('',(-110.6,300.,0.1));
#4784=CARTESIAN_POINT('',(-110.6,300.,0.3));
#4785=CARTESIAN_POINT('Origin',(-110.,160.,0.3));
#4786=CARTESIAN_POINT('Origin',(-110.,160.,0.1));
#4787=CARTESIAN_POINT('Origin',(110.6,300.,0.1));
#4788=CARTESIAN_POINT('',(110.6,300.,0.1));
#4789=CARTESIAN_POINT('',(109.4,300.,0.1));
#4790=CARTESIAN_POINT('',(110.6,300.,0.1));
#4791=CARTESIAN_POINT('',(109.4,300.,0.3));
#4792=CARTESIAN_POINT('',(109.4,300.,0.1));
#4793=CARTESIAN_POINT('',(110.6,300.,0.3));
#4794=CARTESIAN_POINT('',(110.6,300.,0.3));
#4795=CARTESIAN_POINT('',(110.6,300.,0.1));
#4796=CARTESIAN_POINT('Origin',(110.6,20.,0.1));
#4797=CARTESIAN_POINT('',(110.6,20.,0.1));
#4798=CARTESIAN_POINT('',(110.6,20.,0.1));
#4799=CARTESIAN_POINT('',(110.6,20.,0.3));
#4800=CARTESIAN_POINT('',(110.6,20.,0.3));
#4801=CARTESIAN_POINT('',(110.6,20.,0.1));
#4802=CARTESIAN_POINT('Origin',(109.4,20.,0.1));
#4803=CARTESIAN_POINT('',(109.4,20.,0.1));
#4804=CARTESIAN_POINT('',(109.4,20.,0.1));
#4805=CARTESIAN_POINT('',(109.4,20.,0.3));
#4806=CARTESIAN_POINT('',(109.4,20.,0.3));
#4807=CARTESIAN_POINT('',(109.4,20.,0.1));
#4808=CARTESIAN_POINT('Origin',(109.4,300.,0.1));
#4809=CARTESIAN_POINT('',(109.4,300.,0.1));
#4810=CARTESIAN_POINT('',(109.4,300.,0.3));
#4811=CARTESIAN_POINT('Origin',(110.,160.,0.3));
#4812=CARTESIAN_POINT('Origin',(110.,160.,0.1));
#4813=CARTESIAN_POINT('Origin',(110.,300.6,0.1));
#4814=CARTESIAN_POINT('',(110.,300.6,0.1));
#4815=CARTESIAN_POINT('',(-110.,300.6,0.1));
#4816=CARTESIAN_POINT('',(110.,300.6,0.1));
#4817=CARTESIAN_POINT('',(-110.,300.6,0.3));
#4818=CARTESIAN_POINT('',(-110.,300.6,0.1));
#4819=CARTESIAN_POINT('',(110.,300.6,0.3));
#4820=CARTESIAN_POINT('',(110.,300.6,0.3));
#4821=CARTESIAN_POINT('',(110.,300.6,0.1));
#4822=CARTESIAN_POINT('Origin',(110.,299.4,0.1));
#4823=CARTESIAN_POINT('',(110.,299.4,0.1));
#4824=CARTESIAN_POINT('',(110.,299.4,0.1));
#4825=CARTESIAN_POINT('',(110.,299.4,0.3));
#4826=CARTESIAN_POINT('',(110.,299.4,0.3));
#4827=CARTESIAN_POINT('',(110.,299.4,0.1));
#4828=CARTESIAN_POINT('Origin',(-110.,299.4,0.1));
#4829=CARTESIAN_POINT('',(-110.,299.4,0.1));
#4830=CARTESIAN_POINT('',(-110.,299.4,0.1));
#4831=CARTESIAN_POINT('',(-110.,299.4,0.3));
#4832=CARTESIAN_POINT('',(-110.,299.4,0.3));
#4833=CARTESIAN_POINT('',(-110.,299.4,0.1));
#4834=CARTESIAN_POINT('Origin',(-110.,300.6,0.1));
#4835=CARTESIAN_POINT('',(-110.,300.6,0.1));
#4836=CARTESIAN_POINT('',(-110.,300.6,0.3));
#4837=CARTESIAN_POINT('Origin',(0.,300.,0.3));
#4838=CARTESIAN_POINT('Origin',(0.,300.,0.1));
#4839=CARTESIAN_POINT('',(0.,0.,0.));
#4840=CARTESIAN_POINT('Origin',(-150.,450.,0.));
#4841=CARTESIAN_POINT('',(-150.,450.,280.));
#4842=CARTESIAN_POINT('',(-150.,450.,0.));
#4843=CARTESIAN_POINT('',(-150.,450.,280.));
#4844=CARTESIAN_POINT('',(-150.,454.,280.));
#4845=CARTESIAN_POINT('',(-150.,450.,280.));
#4846=CARTESIAN_POINT('',(-150.,454.,0.));
#4847=CARTESIAN_POINT('',(-150.,454.,280.));
#4848=CARTESIAN_POINT('',(-150.,450.,0.));
#4849=CARTESIAN_POINT('Origin',(150.,450.,0.));
#4850=CARTESIAN_POINT('',(150.,450.,0.));
#4851=CARTESIAN_POINT('',(-150.,450.,0.));
#4852=CARTESIAN_POINT('',(150.,454.,0.));
#4853=CARTESIAN_POINT('',(-150.,454.,0.));
#4854=CARTESIAN_POINT('',(150.,450.,0.));
#4855=CARTESIAN_POINT('Origin',(150.,450.,280.));
#4856=CARTESIAN_POINT('',(150.,450.,280.));
#4857=CARTESIAN_POINT('',(150.,450.,0.));
#4858=CARTESIAN_POINT('',(150.,454.,280.));
#4859=CARTESIAN_POINT('',(150.,454.,0.));
#4860=CARTESIAN_POINT('',(150.,450.,280.));
#4861=CARTESIAN_POINT('Origin',(-150.,450.,280.));
#4862=CARTESIAN_POINT('',(150.,450.,280.));
#4863=CARTESIAN_POINT('',(150.,454.,280.));
#4864=CARTESIAN_POINT('Origin',(0.,454.,140.));
#4865=CARTESIAN_POINT('Origin',(0.,450.,140.));
#4866=CARTESIAN_POINT('Origin',(-120.,485.,0.));
#4867=CARTESIAN_POINT('',(-120.,485.,0.));
#4868=CARTESIAN_POINT('',(-135.,485.,0.));
#4869=CARTESIAN_POINT('',(-120.,485.,0.));
#4870=CARTESIAN_POINT('',(-135.,485.,8.));
#4871=CARTESIAN_POINT('',(-135.,485.,0.));
#4872=CARTESIAN_POINT('',(-120.,485.,8.));
#4873=CARTESIAN_POINT('',(-120.,485.,8.));
#4874=CARTESIAN_POINT('',(-120.,485.,0.));
#4875=CARTESIAN_POINT('Origin',(-120.,425.,0.));
#4876=CARTESIAN_POINT('',(-120.,425.,0.));
#4877=CARTESIAN_POINT('',(-120.,425.,0.));
#4878=CARTESIAN_POINT('',(-120.,425.,8.));
#4879=CARTESIAN_POINT('',(-120.,425.,8.));
#4880=CARTESIAN_POINT('',(-120.,425.,0.));
#4881=CARTESIAN_POINT('Origin',(-135.,425.,0.));
#4882=CARTESIAN_POINT('',(-135.,425.,0.));
#4883=CARTESIAN_POINT('',(-135.,425.,0.));
#4884=CARTESIAN_POINT('',(-135.,425.,8.));
#4885=CARTESIAN_POINT('',(-135.,425.,8.));
#4886=CARTESIAN_POINT('',(-135.,425.,0.));
#4887=CARTESIAN_POINT('Origin',(-135.,485.,0.));
#4888=CARTESIAN_POINT('',(-135.,485.,0.));
#4889=CARTESIAN_POINT('',(-135.,485.,8.));
#4890=CARTESIAN_POINT('Origin',(-127.5,455.,8.));
#4891=CARTESIAN_POINT('Origin',(-127.5,455.,0.));
#4892=CARTESIAN_POINT('Origin',(135.,485.,0.));
#4893=CARTESIAN_POINT('',(135.,485.,0.));
#4894=CARTESIAN_POINT('',(120.,485.,0.));
#4895=CARTESIAN_POINT('',(135.,485.,0.));
#4896=CARTESIAN_POINT('',(120.,485.,8.));
#4897=CARTESIAN_POINT('',(120.,485.,0.));
#4898=CARTESIAN_POINT('',(135.,485.,8.));
#4899=CARTESIAN_POINT('',(135.,485.,8.));
#4900=CARTESIAN_POINT('',(135.,485.,0.));
#4901=CARTESIAN_POINT('Origin',(135.,425.,0.));
#4902=CARTESIAN_POINT('',(135.,425.,0.));
#4903=CARTESIAN_POINT('',(135.,425.,0.));
#4904=CARTESIAN_POINT('',(135.,425.,8.));
#4905=CARTESIAN_POINT('',(135.,425.,8.));
#4906=CARTESIAN_POINT('',(135.,425.,0.));
#4907=CARTESIAN_POINT('Origin',(120.,425.,0.));
#4908=CARTESIAN_POINT('',(120.,425.,0.));
#4909=CARTESIAN_POINT('',(120.,425.,0.));
#4910=CARTESIAN_POINT('',(120.,425.,8.));
#4911=CARTESIAN_POINT('',(120.,425.,8.));
#4912=CARTESIAN_POINT('',(120.,425.,0.));
#4913=CARTESIAN_POINT('Origin',(120.,485.,0.));
#4914=CARTESIAN_POINT('',(120.,485.,0.));
#4915=CARTESIAN_POINT('',(120.,485.,8.));
#4916=CARTESIAN_POINT('Origin',(127.5,455.,8.));
#4917=CARTESIAN_POINT('Origin',(127.5,455.,0.));
#4918=CARTESIAN_POINT('',(0.,0.,0.));
#4919=CARTESIAN_POINT('Origin',(-110.,-7.5,272.990381056767));
#4920=CARTESIAN_POINT('',(-116.,5.55111512312578E-15,260.));
#4921=CARTESIAN_POINT('Origin',(-110.,0.,260.));
#4922=CARTESIAN_POINT('',(-116.,-15.,285.980762113533));
#4923=CARTESIAN_POINT('',(-116.,-7.5,272.990381056767));
#4924=CARTESIAN_POINT('Origin',(-110.,-15.,285.980762113533));
#4925=CARTESIAN_POINT('Origin',(-110.,-15.,285.980762113533));
#4926=CARTESIAN_POINT('Origin',(-110.,0.,260.));
#4927=CARTESIAN_POINT('Origin',(-110.,-0.15,260.259807621135));
#4928=CARTESIAN_POINT('',(-113.9,8.67361737988404E-16,260.));
#4929=CARTESIAN_POINT('Origin',(-110.,0.,260.));
#4930=CARTESIAN_POINT('',(-113.9,-0.3,260.519615242271));
#4931=CARTESIAN_POINT('',(-113.9,-0.15,260.259807621135));
#4932=CARTESIAN_POINT('Origin',(-110.,-0.3,260.519615242271));
#4933=CARTESIAN_POINT('Origin',(-110.,-0.3,260.519615242271));
#4934=CARTESIAN_POINT('Origin',(-110.,0.,260.));
#4935=CARTESIAN_POINT('Origin',(110.,-7.5,272.990381056767));
#4936=CARTESIAN_POINT('',(104.,5.55111512312578E-15,260.));
#4937=CARTESIAN_POINT('Origin',(110.,0.,260.));
#4938=CARTESIAN_POINT('',(104.,-15.,285.980762113533));
#4939=CARTESIAN_POINT('',(104.,-7.5,272.990381056767));
#4940=CARTESIAN_POINT('Origin',(110.,-15.,285.980762113533));
#4941=CARTESIAN_POINT('Origin',(110.,-15.,285.980762113533));
#4942=CARTESIAN_POINT('Origin',(110.,0.,260.));
#4943=CARTESIAN_POINT('Origin',(110.,-0.15,260.259807621135));
#4944=CARTESIAN_POINT('',(106.1,8.67361737988404E-16,260.));
#4945=CARTESIAN_POINT('Origin',(110.,0.,260.));
#4946=CARTESIAN_POINT('',(106.1,-0.3,260.519615242271));
#4947=CARTESIAN_POINT('',(106.1,-0.15,260.259807621135));
#4948=CARTESIAN_POINT('Origin',(110.,-0.3,260.519615242271));
#4949=CARTESIAN_POINT('Origin',(110.,-0.3,260.519615242271));
#4950=CARTESIAN_POINT('Origin',(110.,0.,260.));
#4951=CARTESIAN_POINT('Origin',(0.,9.39339828220179,290.606601717798));
#4952=CARTESIAN_POINT('',(-6.,20.,280.));
#4953=CARTESIAN_POINT('Origin',(0.,20.,280.));
#4954=CARTESIAN_POINT('',(-6.,-1.21320343559645,301.213203435596));
#4955=CARTESIAN_POINT('',(-6.,9.39339828220179,290.606601717798));
#4956=CARTESIAN_POINT('Origin',(0.,-1.21320343559643,301.213203435596));
#4957=CARTESIAN_POINT('Origin',(0.,-1.21320343559643,301.213203435596));
#4958=CARTESIAN_POINT('Origin',(0.,20.,280.));
#4959=CARTESIAN_POINT('Origin',(0.,19.787867965644,280.212132034356));
#4960=CARTESIAN_POINT('',(-3.9,20.,280.));
#4961=CARTESIAN_POINT('Origin',(0.,20.,280.));
#4962=CARTESIAN_POINT('',(-3.9,19.5757359312881,280.424264068712));
#4963=CARTESIAN_POINT('',(-3.9,19.787867965644,280.212132034356));
#4964=CARTESIAN_POINT('Origin',(0.,19.5757359312881,280.424264068712));
#4965=CARTESIAN_POINT('Origin',(0.,19.5757359312881,280.424264068712));
#4966=CARTESIAN_POINT('Origin',(0.,20.,280.));
#4967=CARTESIAN_POINT('Origin',(0.,-66.,410.392304845413));
#4968=CARTESIAN_POINT('',(-10.,-60.,400.));
#4969=CARTESIAN_POINT('Origin',(0.,-60.,400.));
#4970=CARTESIAN_POINT('',(-10.,-72.,420.784609690827));
#4971=CARTESIAN_POINT('',(-10.,-66.,410.392304845413));
#4972=CARTESIAN_POINT('Origin',(0.,-72.,420.784609690827));
#4973=CARTESIAN_POINT('Origin',(0.,-72.,420.784609690827));
#4974=CARTESIAN_POINT('Origin',(0.,-60.,400.));
#4975=CARTESIAN_POINT('Origin',(0.,-60.15,400.259807621135));
#4976=CARTESIAN_POINT('',(-6.5,-60.,400.));
#4977=CARTESIAN_POINT('Origin',(0.,-60.,400.));
#4978=CARTESIAN_POINT('',(-6.5,-60.3,400.519615242271));
#4979=CARTESIAN_POINT('',(-6.5,-60.15,400.259807621135));
#4980=CARTESIAN_POINT('Origin',(0.,-60.3,400.519615242271));
#4981=CARTESIAN_POINT('Origin',(0.,-60.3,400.519615242271));
#4982=CARTESIAN_POINT('Origin',(0.,-60.,400.));
#4983=CARTESIAN_POINT('Origin',(0.,-4.,140.));
#4984=CARTESIAN_POINT('',(-5.,0.,140.));
#4985=CARTESIAN_POINT('Origin',(0.,0.,140.));
#4986=CARTESIAN_POINT('',(-5.,-8.,140.));
#4987=CARTESIAN_POINT('',(-5.,-4.,140.));
#4988=CARTESIAN_POINT('Origin',(0.,-8.,140.));
#4989=CARTESIAN_POINT('Origin',(0.,-8.,140.));
#4990=CARTESIAN_POINT('Origin',(0.,0.,140.));
#4991=CARTESIAN_POINT('Origin',(0.,-0.3,140.));
#4992=CARTESIAN_POINT('',(-3.25,0.,140.));
#4993=CARTESIAN_POINT('Origin',(0.,0.,140.));
#4994=CARTESIAN_POINT('',(-3.25,-0.6,140.));
#4995=CARTESIAN_POINT('',(-3.25,-0.3,140.));
#4996=CARTESIAN_POINT('Origin',(0.,-0.6,140.));
#4997=CARTESIAN_POINT('Origin',(0.,-0.6,140.));
#4998=CARTESIAN_POINT('Origin',(0.,0.,140.));
#4999=CARTESIAN_POINT('',(0.,0.,0.));
#5000=CARTESIAN_POINT('Origin',(-105.,-15.,220.));
#5001=CARTESIAN_POINT('',(-105.,-15.,220.));
#5002=CARTESIAN_POINT('',(-115.,-15.,220.));
#5003=CARTESIAN_POINT('',(-105.,-15.,220.));
#5004=CARTESIAN_POINT('',(-115.,-15.,290.));
#5005=CARTESIAN_POINT('',(-115.,-15.,220.));
#5006=CARTESIAN_POINT('',(-105.,-15.,290.));
#5007=CARTESIAN_POINT('',(-105.,-15.,290.));
#5008=CARTESIAN_POINT('',(-105.,-15.,220.));
#5009=CARTESIAN_POINT('Origin',(-105.,-25.,220.));
#5010=CARTESIAN_POINT('',(-105.,-25.,220.));
#5011=CARTESIAN_POINT('',(-105.,-25.,220.));
#5012=CARTESIAN_POINT('',(-105.,-25.,290.));
#5013=CARTESIAN_POINT('',(-105.,-25.,290.));
#5014=CARTESIAN_POINT('',(-105.,-25.,220.));
#5015=CARTESIAN_POINT('Origin',(-115.,-25.,220.));
#5016=CARTESIAN_POINT('',(-115.,-25.,220.));
#5017=CARTESIAN_POINT('',(-115.,-25.,220.));
#5018=CARTESIAN_POINT('',(-115.,-25.,290.));
#5019=CARTESIAN_POINT('',(-115.,-25.,290.));
#5020=CARTESIAN_POINT('',(-115.,-25.,220.));
#5021=CARTESIAN_POINT('Origin',(-115.,-15.,220.));
#5022=CARTESIAN_POINT('',(-115.,-15.,220.));
#5023=CARTESIAN_POINT('',(-115.,-15.,290.));
#5024=CARTESIAN_POINT('Origin',(-110.,-20.,290.));
#5025=CARTESIAN_POINT('Origin',(-110.,-20.,220.));
#5026=CARTESIAN_POINT('Origin',(-95.,-10.,220.));
#5027=CARTESIAN_POINT('',(-95.,-10.,220.));
#5028=CARTESIAN_POINT('',(-125.,-10.,220.));
#5029=CARTESIAN_POINT('',(-95.,-10.,220.));
#5030=CARTESIAN_POINT('',(-125.,-10.,224.));
#5031=CARTESIAN_POINT('',(-125.,-10.,220.));
#5032=CARTESIAN_POINT('',(-95.,-10.,224.));
#5033=CARTESIAN_POINT('',(-95.,-10.,224.));
#5034=CARTESIAN_POINT('',(-95.,-10.,220.));
#5035=CARTESIAN_POINT('Origin',(-95.,-40.,220.));
#5036=CARTESIAN_POINT('',(-95.,-40.,220.));
#5037=CARTESIAN_POINT('',(-95.,-40.,220.));
#5038=CARTESIAN_POINT('',(-95.,-40.,224.));
#5039=CARTESIAN_POINT('',(-95.,-40.,224.));
#5040=CARTESIAN_POINT('',(-95.,-40.,220.));
#5041=CARTESIAN_POINT('Origin',(-125.,-40.,220.));
#5042=CARTESIAN_POINT('',(-125.,-40.,220.));
#5043=CARTESIAN_POINT('',(-125.,-40.,220.));
#5044=CARTESIAN_POINT('',(-125.,-40.,224.));
#5045=CARTESIAN_POINT('',(-125.,-40.,224.));
#5046=CARTESIAN_POINT('',(-125.,-40.,220.));
#5047=CARTESIAN_POINT('Origin',(-125.,-10.,220.));
#5048=CARTESIAN_POINT('',(-125.,-10.,220.));
#5049=CARTESIAN_POINT('',(-125.,-10.,224.));
#5050=CARTESIAN_POINT('Origin',(-110.,-25.,224.));
#5051=CARTESIAN_POINT('Origin',(-110.,-25.,220.));
#5052=CARTESIAN_POINT('Origin',(115.,-15.,220.));
#5053=CARTESIAN_POINT('',(115.,-15.,220.));
#5054=CARTESIAN_POINT('',(105.,-15.,220.));
#5055=CARTESIAN_POINT('',(115.,-15.,220.));
#5056=CARTESIAN_POINT('',(105.,-15.,290.));
#5057=CARTESIAN_POINT('',(105.,-15.,220.));
#5058=CARTESIAN_POINT('',(115.,-15.,290.));
#5059=CARTESIAN_POINT('',(115.,-15.,290.));
#5060=CARTESIAN_POINT('',(115.,-15.,220.));
#5061=CARTESIAN_POINT('Origin',(115.,-25.,220.));
#5062=CARTESIAN_POINT('',(115.,-25.,220.));
#5063=CARTESIAN_POINT('',(115.,-25.,220.));
#5064=CARTESIAN_POINT('',(115.,-25.,290.));
#5065=CARTESIAN_POINT('',(115.,-25.,290.));
#5066=CARTESIAN_POINT('',(115.,-25.,220.));
#5067=CARTESIAN_POINT('Origin',(105.,-25.,220.));
#5068=CARTESIAN_POINT('',(105.,-25.,220.));
#5069=CARTESIAN_POINT('',(105.,-25.,220.));
#5070=CARTESIAN_POINT('',(105.,-25.,290.));
#5071=CARTESIAN_POINT('',(105.,-25.,290.));
#5072=CARTESIAN_POINT('',(105.,-25.,220.));
#5073=CARTESIAN_POINT('Origin',(105.,-15.,220.));
#5074=CARTESIAN_POINT('',(105.,-15.,220.));
#5075=CARTESIAN_POINT('',(105.,-15.,290.));
#5076=CARTESIAN_POINT('Origin',(110.,-20.,290.));
#5077=CARTESIAN_POINT('Origin',(110.,-20.,220.));
#5078=CARTESIAN_POINT('Origin',(125.,-10.,220.));
#5079=CARTESIAN_POINT('',(125.,-10.,220.));
#5080=CARTESIAN_POINT('',(95.,-10.,220.));
#5081=CARTESIAN_POINT('',(125.,-10.,220.));
#5082=CARTESIAN_POINT('',(95.,-10.,224.));
#5083=CARTESIAN_POINT('',(95.,-10.,220.));
#5084=CARTESIAN_POINT('',(125.,-10.,224.));
#5085=CARTESIAN_POINT('',(125.,-10.,224.));
#5086=CARTESIAN_POINT('',(125.,-10.,220.));
#5087=CARTESIAN_POINT('Origin',(125.,-40.,220.));
#5088=CARTESIAN_POINT('',(125.,-40.,220.));
#5089=CARTESIAN_POINT('',(125.,-40.,220.));
#5090=CARTESIAN_POINT('',(125.,-40.,224.));
#5091=CARTESIAN_POINT('',(125.,-40.,224.));
#5092=CARTESIAN_POINT('',(125.,-40.,220.));
#5093=CARTESIAN_POINT('Origin',(95.,-40.,220.));
#5094=CARTESIAN_POINT('',(95.,-40.,220.));
#5095=CARTESIAN_POINT('',(95.,-40.,220.));
#5096=CARTESIAN_POINT('',(95.,-40.,224.));
#5097=CARTESIAN_POINT('',(95.,-40.,224.));
#5098=CARTESIAN_POINT('',(95.,-40.,220.));
#5099=CARTESIAN_POINT('Origin',(95.,-10.,220.));
#5100=CARTESIAN_POINT('',(95.,-10.,220.));
#5101=CARTESIAN_POINT('',(95.,-10.,224.));
#5102=CARTESIAN_POINT('Origin',(110.,-25.,224.));
#5103=CARTESIAN_POINT('Origin',(110.,-25.,220.));
#5104=CARTESIAN_POINT('Origin',(5.,-25.,220.));
#5105=CARTESIAN_POINT('',(5.,-25.,220.));
#5106=CARTESIAN_POINT('',(-5.,-25.,220.));
#5107=CARTESIAN_POINT('',(5.,-25.,220.));
#5108=CARTESIAN_POINT('',(-5.,-25.,306.));
#5109=CARTESIAN_POINT('',(-5.,-25.,220.));
#5110=CARTESIAN_POINT('',(5.,-25.,306.));
#5111=CARTESIAN_POINT('',(5.,-25.,306.));
#5112=CARTESIAN_POINT('',(5.,-25.,220.));
#5113=CARTESIAN_POINT('Origin',(5.,-35.,220.));
#5114=CARTESIAN_POINT('',(5.,-35.,220.));
#5115=CARTESIAN_POINT('',(5.,-35.,220.));
#5116=CARTESIAN_POINT('',(5.,-35.,306.));
#5117=CARTESIAN_POINT('',(5.,-35.,306.));
#5118=CARTESIAN_POINT('',(5.,-35.,220.));
#5119=CARTESIAN_POINT('Origin',(-5.,-35.,220.));
#5120=CARTESIAN_POINT('',(-5.,-35.,220.));
#5121=CARTESIAN_POINT('',(-5.,-35.,220.));
#5122=CARTESIAN_POINT('',(-5.,-35.,306.));
#5123=CARTESIAN_POINT('',(-5.,-35.,306.));
#5124=CARTESIAN_POINT('',(-5.,-35.,220.));
#5125=CARTESIAN_POINT('Origin',(-5.,-25.,220.));
#5126=CARTESIAN_POINT('',(-5.,-25.,220.));
#5127=CARTESIAN_POINT('',(-5.,-25.,306.));
#5128=CARTESIAN_POINT('Origin',(0.,-30.,306.));
#5129=CARTESIAN_POINT('Origin',(0.,-30.,220.));
#5130=CARTESIAN_POINT('Origin',(5.,8.,298.));
#5131=CARTESIAN_POINT('',(5.,8.,298.));
#5132=CARTESIAN_POINT('',(-5.,8.,298.));
#5133=CARTESIAN_POINT('',(5.,8.,298.));
#5134=CARTESIAN_POINT('',(-5.,8.,304.));
#5135=CARTESIAN_POINT('',(-5.,8.,298.));
#5136=CARTESIAN_POINT('',(5.,8.,304.));
#5137=CARTESIAN_POINT('',(5.,8.,304.));
#5138=CARTESIAN_POINT('',(5.,8.,298.));
#5139=CARTESIAN_POINT('Origin',(5.,-30.,298.));
#5140=CARTESIAN_POINT('',(5.,-30.,298.));
#5141=CARTESIAN_POINT('',(5.,-30.,298.));
#5142=CARTESIAN_POINT('',(5.,-30.,304.));
#5143=CARTESIAN_POINT('',(5.,-30.,304.));
#5144=CARTESIAN_POINT('',(5.,-30.,298.));
#5145=CARTESIAN_POINT('Origin',(-5.,-30.,298.));
#5146=CARTESIAN_POINT('',(-5.,-30.,298.));
#5147=CARTESIAN_POINT('',(-5.,-30.,298.));
#5148=CARTESIAN_POINT('',(-5.,-30.,304.));
#5149=CARTESIAN_POINT('',(-5.,-30.,304.));
#5150=CARTESIAN_POINT('',(-5.,-30.,298.));
#5151=CARTESIAN_POINT('Origin',(-5.,8.,298.));
#5152=CARTESIAN_POINT('',(-5.,8.,298.));
#5153=CARTESIAN_POINT('',(-5.,8.,304.));
#5154=CARTESIAN_POINT('Origin',(0.,-11.,304.));
#5155=CARTESIAN_POINT('Origin',(0.,-11.,298.));
#5156=CARTESIAN_POINT('Origin',(22.,-82.,220.));
#5157=CARTESIAN_POINT('',(22.,-82.,220.));
#5158=CARTESIAN_POINT('',(14.,-82.,220.));
#5159=CARTESIAN_POINT('',(22.,-82.,220.));
#5160=CARTESIAN_POINT('',(14.,-82.,422.));
#5161=CARTESIAN_POINT('',(14.,-82.,220.));
#5162=CARTESIAN_POINT('',(22.,-82.,422.));
#5163=CARTESIAN_POINT('',(22.,-82.,422.));
#5164=CARTESIAN_POINT('',(22.,-82.,220.));
#5165=CARTESIAN_POINT('Origin',(22.,-90.,220.));
#5166=CARTESIAN_POINT('',(22.,-90.,220.));
#5167=CARTESIAN_POINT('',(22.,-90.,220.));
#5168=CARTESIAN_POINT('',(22.,-90.,422.));
#5169=CARTESIAN_POINT('',(22.,-90.,422.));
#5170=CARTESIAN_POINT('',(22.,-90.,220.));
#5171=CARTESIAN_POINT('Origin',(14.,-90.,220.));
#5172=CARTESIAN_POINT('',(14.,-90.,220.));
#5173=CARTESIAN_POINT('',(14.,-90.,220.));
#5174=CARTESIAN_POINT('',(14.,-90.,422.));
#5175=CARTESIAN_POINT('',(14.,-90.,422.));
#5176=CARTESIAN_POINT('',(14.,-90.,220.));
#5177=CARTESIAN_POINT('Origin',(14.,-82.,220.));
#5178=CARTESIAN_POINT('',(14.,-82.,220.));
#5179=CARTESIAN_POINT('',(14.,-82.,422.));
#5180=CARTESIAN_POINT('Origin',(18.,-86.,422.));
#5181=CARTESIAN_POINT('Origin',(18.,-86.,220.));
#5182=CARTESIAN_POINT('Origin',(22.,-70.,418.));
#5183=CARTESIAN_POINT('',(22.,-70.,418.));
#5184=CARTESIAN_POINT('',(-12.,-70.,418.));
#5185=CARTESIAN_POINT('',(22.,-70.,418.));
#5186=CARTESIAN_POINT('',(-12.,-70.,424.));
#5187=CARTESIAN_POINT('',(-12.,-70.,418.));
#5188=CARTESIAN_POINT('',(22.,-70.,424.));
#5189=CARTESIAN_POINT('',(22.,-70.,424.));
#5190=CARTESIAN_POINT('',(22.,-70.,418.));
#5191=CARTESIAN_POINT('Origin',(22.,-90.,418.));
#5192=CARTESIAN_POINT('',(22.,-90.,418.));
#5193=CARTESIAN_POINT('',(22.,-90.,418.));
#5194=CARTESIAN_POINT('',(22.,-90.,424.));
#5195=CARTESIAN_POINT('',(22.,-90.,424.));
#5196=CARTESIAN_POINT('',(22.,-90.,418.));
#5197=CARTESIAN_POINT('Origin',(-12.,-90.,418.));
#5198=CARTESIAN_POINT('',(-12.,-90.,418.));
#5199=CARTESIAN_POINT('',(-12.,-90.,418.));
#5200=CARTESIAN_POINT('',(-12.,-90.,424.));
#5201=CARTESIAN_POINT('',(-12.,-90.,424.));
#5202=CARTESIAN_POINT('',(-12.,-90.,418.));
#5203=CARTESIAN_POINT('Origin',(-12.,-70.,418.));
#5204=CARTESIAN_POINT('',(-12.,-70.,418.));
#5205=CARTESIAN_POINT('',(-12.,-70.,424.));
#5206=CARTESIAN_POINT('Origin',(5.,-80.,424.));
#5207=CARTESIAN_POINT('Origin',(5.,-80.,418.));
#5208=CARTESIAN_POINT('Origin',(80.,-8.,129.));
#5209=CARTESIAN_POINT('',(80.,-8.,129.));
#5210=CARTESIAN_POINT('',(-80.,-8.,129.));
#5211=CARTESIAN_POINT('',(80.,-8.,129.));
#5212=CARTESIAN_POINT('',(-80.,-8.,134.));
#5213=CARTESIAN_POINT('',(-80.,-8.,129.));
#5214=CARTESIAN_POINT('',(80.,-8.,134.));
#5215=CARTESIAN_POINT('',(80.,-8.,134.));
#5216=CARTESIAN_POINT('',(80.,-8.,129.));
#5217=CARTESIAN_POINT('Origin',(80.,-14.,129.));
#5218=CARTESIAN_POINT('',(80.,-14.,129.));
#5219=CARTESIAN_POINT('',(80.,-14.,129.));
#5220=CARTESIAN_POINT('',(80.,-14.,134.));
#5221=CARTESIAN_POINT('',(80.,-14.,134.));
#5222=CARTESIAN_POINT('',(80.,-14.,129.));
#5223=CARTESIAN_POINT('Origin',(-80.,-14.,129.));
#5224=CARTESIAN_POINT('',(-80.,-14.,129.));
#5225=CARTESIAN_POINT('',(-80.,-14.,129.));
#5226=CARTESIAN_POINT('',(-80.,-14.,134.));
#5227=CARTESIAN_POINT('',(-80.,-14.,134.));
#5228=CARTESIAN_POINT('',(-80.,-14.,129.));
#5229=CARTESIAN_POINT('Origin',(-80.,-8.,129.));
#5230=CARTESIAN_POINT('',(-80.,-8.,129.));
#5231=CARTESIAN_POINT('',(-80.,-8.,134.));
#5232=CARTESIAN_POINT('Origin',(0.,-11.,134.));
#5233=CARTESIAN_POINT('Origin',(0.,-11.,129.));
#5234=CARTESIAN_POINT('',(0.,0.,0.));
#5235=CARTESIAN_POINT('',(0.,0.,0.));
#5236=CARTESIAN_POINT('',(0.,0.,0.));
#5237=CARTESIAN_POINT('',(0.,0.,0.));
#5238=CARTESIAN_POINT('',(0.,0.,0.));
#5239=CARTESIAN_POINT('',(0.,0.,0.));
#5240=CARTESIAN_POINT('',(0.,0.,0.));
#5241=CARTESIAN_POINT('',(0.,0.,0.));
#5242=CARTESIAN_POINT('',(0.,0.,0.));
#5243=CARTESIAN_POINT('',(0.,0.,0.));
#5244=CARTESIAN_POINT('',(0.,0.,0.));
#5245=CARTESIAN_POINT('',(0.,0.,0.));
#5246=UNCERTAINTY_MEASURE_WITH_UNIT(LENGTH_MEASURE(0.01),#5270,
'DISTANCE_ACCURACY_VALUE',
'Maximum model space distance between geometric entities at asserted c
onnectivities');
#5247=UNCERTAINTY_MEASURE_WITH_UNIT(LENGTH_MEASURE(0.01),#5270,
'DISTANCE_ACCURACY_VALUE',
'Maximum model space distance between geometric entities at asserted c
onnectivities');
#5248=UNCERTAINTY_MEASURE_WITH_UNIT(LENGTH_MEASURE(0.01),#5270,
'DISTANCE_ACCURACY_VALUE',
'Maximum model space distance between geometric entities at asserted c
onnectivities');
#5249=UNCERTAINTY_MEASURE_WITH_UNIT(LENGTH_MEASURE(0.01),#5270,
'DISTANCE_ACCURACY_VALUE',
'Maximum model space distance between geometric entities at asserted c
onnectivities');
#5250=UNCERTAINTY_MEASURE_WITH_UNIT(LENGTH_MEASURE(0.01),#5270,
'DISTANCE_ACCURACY_VALUE',
'Maximum model space distance between geometric entities at asserted c
onnectivities');
#5251=UNCERTAINTY_MEASURE_WITH_UNIT(LENGTH_MEASURE(0.01),#5270,
'DISTANCE_ACCURACY_VALUE',
'Maximum model space distance between geometric entities at asserted c
onnectivities');
#5252=UNCERTAINTY_MEASURE_WITH_UNIT(LENGTH_MEASURE(0.01),#5270,
'DISTANCE_ACCURACY_VALUE',
'Maximum model space distance between geometric entities at asserted c
onnectivities');
#5253=UNCERTAINTY_MEASURE_WITH_UNIT(LENGTH_MEASURE(0.01),#5270,
'DISTANCE_ACCURACY_VALUE',
'Maximum model space distance between geometric entities at asserted c
onnectivities');
#5254=UNCERTAINTY_MEASURE_WITH_UNIT(LENGTH_MEASURE(0.01),#5270,
'DISTANCE_ACCURACY_VALUE',
'Maximum model space distance between geometric entities at asserted c
onnectivities');
#5255=UNCERTAINTY_MEASURE_WITH_UNIT(LENGTH_MEASURE(0.01),#5270,
'DISTANCE_ACCURACY_VALUE',
'Maximum model space distance between geometric entities at asserted c
onnectivities');
#5256=UNCERTAINTY_MEASURE_WITH_UNIT(LENGTH_MEASURE(0.01),#5270,
'DISTANCE_ACCURACY_VALUE',
'Maximum model space distance between geometric entities at asserted c
onnectivities');
#5257=UNCERTAINTY_MEASURE_WITH_UNIT(LENGTH_MEASURE(0.01),#5270,
'DISTANCE_ACCURACY_VALUE',
'Maximum model space distance between geometric entities at asserted c
onnectivities');
#5258=(
GEOMETRIC_REPRESENTATION_CONTEXT(3)
GLOBAL_UNCERTAINTY_ASSIGNED_CONTEXT((#5246))
GLOBAL_UNIT_ASSIGNED_CONTEXT((#5270,#5272,#5273))
REPRESENTATION_CONTEXT('','3D')
);
#5259=(
GEOMETRIC_REPRESENTATION_CONTEXT(3)
GLOBAL_UNCERTAINTY_ASSIGNED_CONTEXT((#5247))
GLOBAL_UNIT_ASSIGNED_CONTEXT((#5270,#5272,#5273))
REPRESENTATION_CONTEXT('','3D')
);
#5260=(
GEOMETRIC_REPRESENTATION_CONTEXT(3)
GLOBAL_UNCERTAINTY_ASSIGNED_CONTEXT((#5248))
GLOBAL_UNIT_ASSIGNED_CONTEXT((#5270,#5272,#5273))
REPRESENTATION_CONTEXT('','3D')
);
#5261=(
GEOMETRIC_REPRESENTATION_CONTEXT(3)
GLOBAL_UNCERTAINTY_ASSIGNED_CONTEXT((#5249))
GLOBAL_UNIT_ASSIGNED_CONTEXT((#5270,#5272,#5273))
REPRESENTATION_CONTEXT('','3D')
);
#5262=(
GEOMETRIC_REPRESENTATION_CONTEXT(3)
GLOBAL_UNCERTAINTY_ASSIGNED_CONTEXT((#5250))
GLOBAL_UNIT_ASSIGNED_CONTEXT((#5270,#5272,#5273))
REPRESENTATION_CONTEXT('','3D')
);
#5263=(
GEOMETRIC_REPRESENTATION_CONTEXT(3)
GLOBAL_UNCERTAINTY_ASSIGNED_CONTEXT((#5251))
GLOBAL_UNIT_ASSIGNED_CONTEXT((#5270,#5272,#5273))
REPRESENTATION_CONTEXT('','3D')
);
#5264=(
GEOMETRIC_REPRESENTATION_CONTEXT(3)
GLOBAL_UNCERTAINTY_ASSIGNED_CONTEXT((#5252))
GLOBAL_UNIT_ASSIGNED_CONTEXT((#5270,#5272,#5273))
REPRESENTATION_CONTEXT('','3D')
);
#5265=(
GEOMETRIC_REPRESENTATION_CONTEXT(3)
GLOBAL_UNCERTAINTY_ASSIGNED_CONTEXT((#5253))
GLOBAL_UNIT_ASSIGNED_CONTEXT((#5270,#5272,#5273))
REPRESENTATION_CONTEXT('','3D')
);
#5266=(
GEOMETRIC_REPRESENTATION_CONTEXT(3)
GLOBAL_UNCERTAINTY_ASSIGNED_CONTEXT((#5254))
GLOBAL_UNIT_ASSIGNED_CONTEXT((#5270,#5272,#5273))
REPRESENTATION_CONTEXT('','3D')
);
#5267=(
GEOMETRIC_REPRESENTATION_CONTEXT(3)
GLOBAL_UNCERTAINTY_ASSIGNED_CONTEXT((#5255))
GLOBAL_UNIT_ASSIGNED_CONTEXT((#5270,#5272,#5273))
REPRESENTATION_CONTEXT('','3D')
);
#5268=(
GEOMETRIC_REPRESENTATION_CONTEXT(3)
GLOBAL_UNCERTAINTY_ASSIGNED_CONTEXT((#5256))
GLOBAL_UNIT_ASSIGNED_CONTEXT((#5270,#5272,#5273))
REPRESENTATION_CONTEXT('','3D')
);
#5269=(
GEOMETRIC_REPRESENTATION_CONTEXT(3)
GLOBAL_UNCERTAINTY_ASSIGNED_CONTEXT((#5257))
GLOBAL_UNIT_ASSIGNED_CONTEXT((#5270,#5272,#5273))
REPRESENTATION_CONTEXT('','3D')
);
#5270=(
LENGTH_UNIT()
NAMED_UNIT(*)
SI_UNIT(.MILLI.,.METRE.)
);
#5271=(
LENGTH_UNIT()
NAMED_UNIT(*)
SI_UNIT($,.METRE.)
);
#5272=(
NAMED_UNIT(*)
PLANE_ANGLE_UNIT()
SI_UNIT($,.RADIAN.)
);
#5273=(
NAMED_UNIT(*)
SI_UNIT($,.STERADIAN.)
SOLID_ANGLE_UNIT()
);
#5274=SHAPE_DEFINITION_REPRESENTATION(#5285,#5306);
#5275=SHAPE_DEFINITION_REPRESENTATION(#5286,#5307);
#5276=SHAPE_DEFINITION_REPRESENTATION(#5287,#5308);
#5277=SHAPE_DEFINITION_REPRESENTATION(#5288,#5309);
#5278=SHAPE_DEFINITION_REPRESENTATION(#5289,#5310);
#5279=SHAPE_DEFINITION_REPRESENTATION(#5290,#5311);
#5280=SHAPE_DEFINITION_REPRESENTATION(#5291,#5312);
#5281=SHAPE_DEFINITION_REPRESENTATION(#5292,#5313);
#5282=SHAPE_DEFINITION_REPRESENTATION(#5293,#5314);
#5283=SHAPE_DEFINITION_REPRESENTATION(#5294,#5315);
#5284=SHAPE_DEFINITION_REPRESENTATION(#5295,#5316);
#5285=PRODUCT_DEFINITION_SHAPE('',$,#5318);
#5286=PRODUCT_DEFINITION_SHAPE('',$,#5319);
#5287=PRODUCT_DEFINITION_SHAPE('',$,#5320);
#5288=PRODUCT_DEFINITION_SHAPE('',$,#5321);
#5289=PRODUCT_DEFINITION_SHAPE('',$,#5322);
#5290=PRODUCT_DEFINITION_SHAPE('',$,#5323);
#5291=PRODUCT_DEFINITION_SHAPE('',$,#5324);
#5292=PRODUCT_DEFINITION_SHAPE('',$,#5325);
#5293=PRODUCT_DEFINITION_SHAPE('',$,#5326);
#5294=PRODUCT_DEFINITION_SHAPE('',$,#5327);
#5295=PRODUCT_DEFINITION_SHAPE('',$,#5328);
#5296=PRODUCT_DEFINITION_SHAPE($,$,#41);
#5297=PRODUCT_DEFINITION_SHAPE($,$,#42);
#5298=PRODUCT_DEFINITION_SHAPE($,$,#43);
#5299=PRODUCT_DEFINITION_SHAPE($,$,#44);
#5300=PRODUCT_DEFINITION_SHAPE($,$,#45);
#5301=PRODUCT_DEFINITION_SHAPE($,$,#46);
#5302=PRODUCT_DEFINITION_SHAPE($,$,#47);
#5303=PRODUCT_DEFINITION_SHAPE($,$,#48);
#5304=PRODUCT_DEFINITION_SHAPE($,$,#49);
#5305=PRODUCT_DEFINITION_SHAPE($,$,#50);
#5306=SHAPE_REPRESENTATION('',(#3258,#3507,#3508,#3509,#3510,#3511,#3512,
#3513,#3514,#3515,#3516),#5258);
#5307=SHAPE_REPRESENTATION('',(#3259),#5259);
#5308=SHAPE_REPRESENTATION('',(#3266),#5260);
#5309=SHAPE_REPRESENTATION('',(#3347),#5261);
#5310=SHAPE_REPRESENTATION('',(#3354),#5262);
#5311=SHAPE_REPRESENTATION('',(#3361),#5263);
#5312=SHAPE_REPRESENTATION('',(#3380),#5264);
#5313=SHAPE_REPRESENTATION('',(#3399),#5265);
#5314=SHAPE_REPRESENTATION('',(#3450),#5266);
#5315=SHAPE_REPRESENTATION('',(#3505),#5267);
#5316=SHAPE_REPRESENTATION('',(#3506),#5268);
#5317=PRODUCT_DEFINITION_CONTEXT('part definition',#5352,'design');
#5318=PRODUCT_DEFINITION('2026-09-25-16-17-23-721','(Unsaved)',#5329,#5317);
#5319=PRODUCT_DEFINITION('2026-09-25-16-17-24-434',
'00 BASEBOARD - 1000 x 900 - top datum Z0',#5330,#5317);
#5320=PRODUCT_DEFINITION('2026-09-25-16-17-24-806',
'01 BUS envelope - 600 x 180 x 220 - front +X',#5331,#5317);
#5321=PRODUCT_DEFINITION('2026-09-25-16-17-26-250',
'02 ROOF - separately hideable - electronics access',#5332,#5317);
#5322=PRODUCT_DEFINITION('2026-09-25-16-17-27-700',
'03 RAMP - 220 x 140 x 4 - tapered tip - deployed',#5333,#5317);
#5323=PRODUCT_DEFINITION('2026-09-25-16-17-27-983',
'04 LASER footprint benchmarks - reference geometry not hardware',#5334,
#5317);
#5324=PRODUCT_DEFINITION('2026-09-25-16-17-28-773',
'05 MATTE REFERENCE board - face Y450 - 300 x 280',#5335,#5317);
#5325=PRODUCT_DEFINITION('2026-09-25-16-17-29-931',
'06 OPTICAL centres - hardware sizes estimated - removable demo mounts',
#5336,#5317);
#5326=PRODUCT_DEFINITION('2026-09-25-16-17-31-621',
'07 ADJUSTABLE MOUNT allowances - proposed - no fixing hole specificat
ion',#5337,#5317);
#5327=PRODUCT_DEFINITION('2026-09-25-16-17-34-806',
'08 OPTICAL RAYS - nominal and required coverage - hide independently',
#5338,#5317);
#5328=PRODUCT_DEFINITION('2026-09-25-16-17-37-229',
'09 DISTANCE and HEIGHT benchmarks - sketches - reference only',#5339,#5317);
#5329=PRODUCT_DEFINITION_FORMATION('',$,#5354);
#5330=PRODUCT_DEFINITION_FORMATION('',$,#5355);
#5331=PRODUCT_DEFINITION_FORMATION('',$,#5356);
#5332=PRODUCT_DEFINITION_FORMATION('',$,#5357);
#5333=PRODUCT_DEFINITION_FORMATION('',$,#5358);
#5334=PRODUCT_DEFINITION_FORMATION('',$,#5359);
#5335=PRODUCT_DEFINITION_FORMATION('',$,#5360);
#5336=PRODUCT_DEFINITION_FORMATION('',$,#5361);
#5337=PRODUCT_DEFINITION_FORMATION('',$,#5362);
#5338=PRODUCT_DEFINITION_FORMATION('',$,#5363);
#5339=PRODUCT_DEFINITION_FORMATION('',$,#5364);
#5340=PRODUCT_RELATED_PRODUCT_CATEGORY('(Unsaved)','(Unsaved)',(#5354));
#5341=PRODUCT_RELATED_PRODUCT_CATEGORY(
'00 BASEBOARD - 1000 x 900 - top datum Z0',
'00 BASEBOARD - 1000 x 900 - top datum Z0',(#5355));
#5342=PRODUCT_RELATED_PRODUCT_CATEGORY(
'01 BUS envelope - 600 x 180 x 220 - front +X',
'01 BUS envelope - 600 x 180 x 220 - front +X',(#5356));
#5343=PRODUCT_RELATED_PRODUCT_CATEGORY(
'02 ROOF - separately hideable - electronics access',
'02 ROOF - separately hideable - electronics access',(#5357));
#5344=PRODUCT_RELATED_PRODUCT_CATEGORY(
'03 RAMP - 220 x 140 x 4 - tapered tip - deployed',
'03 RAMP - 220 x 140 x 4 - tapered tip - deployed',(#5358));
#5345=PRODUCT_RELATED_PRODUCT_CATEGORY(
'04 LASER footprint benchmarks - reference geometry not hardware',
'04 LASER footprint benchmarks - reference geometry not hardware',(#5359));
#5346=PRODUCT_RELATED_PRODUCT_CATEGORY(
'05 MATTE REFERENCE board - face Y450 - 300 x 280',
'05 MATTE REFERENCE board - face Y450 - 300 x 280',(#5360));
#5347=PRODUCT_RELATED_PRODUCT_CATEGORY(
'06 OPTICAL centres - hardware sizes estimated - removable demo mounts',
'06 OPTICAL centres - hardware sizes estimated - removable demo mounts',
(#5361));
#5348=PRODUCT_RELATED_PRODUCT_CATEGORY(
'07 ADJUSTABLE MOUNT allowances - proposed - no fixing hole specificat
ion',
'07 ADJUSTABLE MOUNT allowances - proposed - no fixing hole specificat
ion',(#5362));
#5349=PRODUCT_RELATED_PRODUCT_CATEGORY(
'08 OPTICAL RAYS - nominal and required coverage - hide independently',
'08 OPTICAL RAYS - nominal and required coverage - hide independently',
(#5363));
#5350=PRODUCT_RELATED_PRODUCT_CATEGORY(
'09 DISTANCE and HEIGHT benchmarks - sketches - reference only',
'09 DISTANCE and HEIGHT benchmarks - sketches - reference only',(#5364));
#5351=APPLICATION_PROTOCOL_DEFINITION('international standard',
'automotive_design',2009,#5352);
#5352=APPLICATION_CONTEXT(
'Core Data for Automotive Mechanical Design Process');
#5353=PRODUCT_CONTEXT('part definition',#5352,'mechanical');
#5354=PRODUCT('2026-09-25-16-17-23-721','(Unsaved)',$,(#5353));
#5355=PRODUCT('2026-09-25-16-17-24-434',
'00 BASEBOARD - 1000 x 900 - top datum Z0',$,(#5353));
#5356=PRODUCT('2026-09-25-16-17-24-806',
'01 BUS envelope - 600 x 180 x 220 - front +X',$,(#5353));
#5357=PRODUCT('2026-09-25-16-17-26-250',
'02 ROOF - separately hideable - electronics access',$,(#5353));
#5358=PRODUCT('2026-09-25-16-17-27-700',
'03 RAMP - 220 x 140 x 4 - tapered tip - deployed',$,(#5353));
#5359=PRODUCT('2026-09-25-16-17-27-983',
'04 LASER footprint benchmarks - reference geometry not hardware',$,(#5353));
#5360=PRODUCT('2026-09-25-16-17-28-773',
'05 MATTE REFERENCE board - face Y450 - 300 x 280',$,(#5353));
#5361=PRODUCT('2026-09-25-16-17-29-931',
'06 OPTICAL centres - hardware sizes estimated - removable demo mounts',
$,(#5353));
#5362=PRODUCT('2026-09-25-16-17-31-621',
'07 ADJUSTABLE MOUNT allowances - proposed - no fixing hole specificat
ion',$,(#5353));
#5363=PRODUCT('2026-09-25-16-17-34-806',
'08 OPTICAL RAYS - nominal and required coverage - hide independently',
$,(#5353));
#5364=PRODUCT('2026-09-25-16-17-37-229',
'09 DISTANCE and HEIGHT benchmarks - sketches - reference only',$,(#5353));
#5365=PRESENTATION_STYLE_ASSIGNMENT((#5374));
#5366=PRESENTATION_STYLE_ASSIGNMENT((#5375));
#5367=PRESENTATION_STYLE_ASSIGNMENT((#5376));
#5368=PRESENTATION_STYLE_ASSIGNMENT((#5377));
#5369=PRESENTATION_STYLE_ASSIGNMENT((#5378));
#5370=PRESENTATION_STYLE_ASSIGNMENT((#5379));
#5371=PRESENTATION_STYLE_ASSIGNMENT((#5380));
#5372=PRESENTATION_STYLE_ASSIGNMENT((#5381));
#5373=PRESENTATION_STYLE_ASSIGNMENT((#5382));
#5374=SURFACE_STYLE_USAGE(.BOTH.,#5383);
#5375=SURFACE_STYLE_USAGE(.BOTH.,#5384);
#5376=SURFACE_STYLE_USAGE(.BOTH.,#5385);
#5377=SURFACE_STYLE_USAGE(.BOTH.,#5386);
#5378=SURFACE_STYLE_USAGE(.BOTH.,#5387);
#5379=SURFACE_STYLE_USAGE(.BOTH.,#5388);
#5380=SURFACE_STYLE_USAGE(.BOTH.,#5389);
#5381=SURFACE_STYLE_USAGE(.BOTH.,#5390);
#5382=SURFACE_STYLE_USAGE(.BOTH.,#5391);
#5383=SURFACE_SIDE_STYLE('',(#5392));
#5384=SURFACE_SIDE_STYLE('',(#5393));
#5385=SURFACE_SIDE_STYLE('',(#5394));
#5386=SURFACE_SIDE_STYLE('',(#5395));
#5387=SURFACE_SIDE_STYLE('',(#5396));
#5388=SURFACE_SIDE_STYLE('',(#5397));
#5389=SURFACE_SIDE_STYLE('',(#5398));
#5390=SURFACE_SIDE_STYLE('',(#5399));
#5391=SURFACE_SIDE_STYLE('',(#5400));
#5392=SURFACE_STYLE_FILL_AREA(#5401);
#5393=SURFACE_STYLE_FILL_AREA(#5402);
#5394=SURFACE_STYLE_FILL_AREA(#5403);
#5395=SURFACE_STYLE_FILL_AREA(#5404);
#5396=SURFACE_STYLE_FILL_AREA(#5405);
#5397=SURFACE_STYLE_FILL_AREA(#5406);
#5398=SURFACE_STYLE_FILL_AREA(#5407);
#5399=SURFACE_STYLE_FILL_AREA(#5408);
#5400=SURFACE_STYLE_FILL_AREA(#5409);
#5401=FILL_AREA_STYLE('Steel - Satin',(#5410));
#5402=FILL_AREA_STYLE('Matte base',(#5411));
#5403=FILL_AREA_STYLE('Ramp grey',(#5412));
#5404=FILL_AREA_STYLE('Bus purple',(#5413));
#5405=FILL_AREA_STYLE('Dark windows',(#5414));
#5406=FILL_AREA_STYLE('Laser red',(#5415));
#5407=FILL_AREA_STYLE('White target',(#5416));
#5408=FILL_AREA_STYLE('Camera blue',(#5417));
#5409=FILL_AREA_STYLE('ToF green',(#5418));
#5410=FILL_AREA_STYLE_COLOUR('Steel - Satin',#5419);
#5411=FILL_AREA_STYLE_COLOUR('Matte base',#5420);
#5412=FILL_AREA_STYLE_COLOUR('Ramp grey',#5421);
#5413=FILL_AREA_STYLE_COLOUR('Bus purple',#5422);
#5414=FILL_AREA_STYLE_COLOUR('Dark windows',#5423);
#5415=FILL_AREA_STYLE_COLOUR('Laser red',#5424);
#5416=FILL_AREA_STYLE_COLOUR('White target',#5425);
#5417=FILL_AREA_STYLE_COLOUR('Camera blue',#5426);
#5418=FILL_AREA_STYLE_COLOUR('ToF green',#5427);
#5419=COLOUR_RGB('Steel - Satin',0.627450980392157,0.627450980392157,0.627450980392157);
#5420=COLOUR_RGB('Matte base',0.83921568627451,0.792156862745098,0.705882352941177);
#5421=COLOUR_RGB('Ramp grey',0.529411764705882,0.564705882352941,0.6);
#5422=COLOUR_RGB('Bus purple',0.411764705882353,0.235294117647059,0.635294117647059);
#5423=COLOUR_RGB('Dark windows',0.0941176470588235,0.129411764705882,0.168627450980392);
#5424=COLOUR_RGB('Laser red',0.823529411764706,0.156862745098039,0.235294117647059);
#5425=COLOUR_RGB('White target',0.933333333333333,0.941176470588235,0.925490196078431);
#5426=COLOUR_RGB('Camera blue',0.137254901960784,0.4,0.725490196078431);
#5427=COLOUR_RGB('ToF green',0.0470588235294118,0.568627450980392,0.458823529411765);
ENDSEC;
END-ISO-10303-21;
