ISO-10303-21;
HEADER;
/* Generated by software containing ST-Developer
 * from STEP Tools, Inc. (www.steptools.com) 
 */

FILE_DESCRIPTION(
/* description */ (''),
/* implementation_level */ '2;1');

FILE_NAME(
/* name */ 'Punggol_WeRide_Robobus_v1.step',
/* time_stamp */ '2026-09-15T11:32:26+08:00',
/* author */ (''),
/* organization */ (''),
/* preprocessor_version */ 'ST-DEVELOPER v20.2',
/* originating_system */ 'Autodesk Translation Framework v15.15.0.0',
/* authorisation */ '');

FILE_SCHEMA (('AUTOMOTIVE_DESIGN { 1 0 10303 214 3 1 1 }'));
ENDSEC;

DATA;
#10=MECHANICAL_DESIGN_GEOMETRIC_PRESENTATION_REPRESENTATION('',(#207,#208,
#209,#210,#211,#212,#213,#214,#215,#216,#217,#218,#219,#220,#221,#222,#223,
#224,#225,#226,#227,#228,#229,#230,#231,#232,#233,#234,#235,#236,#237,#238,
#239,#240,#241,#242,#243,#244,#245,#246,#247,#248,#249,#250,#251,#252,#253,
#254,#255,#256,#257,#258,#259,#260,#261,#262,#263,#264,#265,#266,#267,#268,
#269,#270,#271,#272,#273,#274,#275,#276,#277,#278,#279,#280,#281,#282,#283,
#284,#285,#286,#287,#288,#289,#290,#291,#292,#293,#294,#295,#296,#297,#298,
#299,#300,#301,#302,#303,#304,#305,#306,#307,#308,#309,#310,#311,#312,#313,
#314,#315,#316,#317,#318,#319,#320,#321,#322,#323),#16638);
#11=SHAPE_REPRESENTATION_RELATIONSHIP('SRR','None',#16645,#12);
#12=ADVANCED_BREP_SHAPE_REPRESENTATION('',(#95,#96,#97,#98,#99,#100,#101,
#102,#103,#104,#105,#106,#107,#108,#109,#110,#111,#112,#113,#114,#115,#116,
#117,#118,#119,#120,#121,#122,#123,#124,#125,#126,#127,#128,#129,#130,#131,
#132,#133,#134,#135,#136,#137,#138,#139,#140,#141,#142,#143,#144,#145,#146,
#147,#148,#149,#150,#151,#152,#153,#154,#155,#156,#157,#158,#159,#160,#161,
#162,#163,#164,#165,#166,#167,#168,#169,#170,#171,#172,#173,#174,#175,#176,
#177,#178,#179,#180,#181,#182,#183,#184,#185,#186,#187,#188,#189,#190,#191,
#192,#193,#194,#195,#196,#197,#198,#199,#200,#201,#202,#203,#204,#205,#206),
#16637);
#13=FACE_BOUND('',#2098,.T.);
#14=FACE_BOUND('',#2100,.T.);
#15=B_SPLINE_SURFACE_WITH_KNOTS('',2,1,((#15986,#15987),(#15988,#15989),
(#15990,#15991)),.UNSPECIFIED.,.F.,.F.,.F.,(3,3),(2,2),(0.,1.),(0.,0.299999999999997),
 .UNSPECIFIED.);
#16=B_SPLINE_SURFACE_WITH_KNOTS('',2,1,((#16001,#16002),(#16003,#16004),
(#16005,#16006)),.UNSPECIFIED.,.F.,.F.,.F.,(3,3),(2,2),(0.,1.),(0.,0.299999999999997),
 .UNSPECIFIED.);
#17=B_SPLINE_SURFACE_WITH_KNOTS('',2,1,((#16016,#16017),(#16018,#16019),
(#16020,#16021)),.UNSPECIFIED.,.F.,.F.,.F.,(3,3),(2,2),(0.,1.),(0.,0.299999999999997),
 .UNSPECIFIED.);
#18=B_SPLINE_SURFACE_WITH_KNOTS('',2,1,((#16031,#16032),(#16033,#16034),
(#16035,#16036)),.UNSPECIFIED.,.F.,.F.,.F.,(3,3),(2,2),(0.,1.),(0.,0.299999999999997),
 .UNSPECIFIED.);
#19=B_SPLINE_SURFACE_WITH_KNOTS('',2,1,((#16052,#16053),(#16054,#16055),
(#16056,#16057)),.UNSPECIFIED.,.F.,.F.,.F.,(3,3),(2,2),(0.,1.),(0.,0.299999999999997),
 .UNSPECIFIED.);
#20=B_SPLINE_SURFACE_WITH_KNOTS('',2,1,((#16067,#16068),(#16069,#16070),
(#16071,#16072)),.UNSPECIFIED.,.F.,.F.,.F.,(3,3),(2,2),(0.,1.),(0.,0.299999999999997),
 .UNSPECIFIED.);
#21=B_SPLINE_SURFACE_WITH_KNOTS('',2,1,((#16082,#16083),(#16084,#16085),
(#16086,#16087)),.UNSPECIFIED.,.F.,.F.,.F.,(3,3),(2,2),(0.,1.),(0.,0.299999999999997),
 .UNSPECIFIED.);
#22=B_SPLINE_SURFACE_WITH_KNOTS('',2,1,((#16123,#16124),(#16125,#16126),
(#16127,#16128)),.UNSPECIFIED.,.F.,.F.,.F.,(3,3),(2,2),(0.,1.),(0.,0.299999999999997),
 .UNSPECIFIED.);
#23=B_SPLINE_SURFACE_WITH_KNOTS('',2,1,((#16138,#16139),(#16140,#16141),
(#16142,#16143)),.UNSPECIFIED.,.F.,.F.,.F.,(3,3),(2,2),(0.,1.),(0.,0.299999999999997),
 .UNSPECIFIED.);
#24=B_SPLINE_SURFACE_WITH_KNOTS('',2,1,((#16153,#16154),(#16155,#16156),
(#16157,#16158)),.UNSPECIFIED.,.F.,.F.,.F.,(3,3),(2,2),(0.,1.),(0.,0.299999999999997),
 .UNSPECIFIED.);
#25=B_SPLINE_SURFACE_WITH_KNOTS('',2,1,((#16168,#16169),(#16170,#16171),
(#16172,#16173)),.UNSPECIFIED.,.F.,.F.,.F.,(3,3),(2,2),(0.,1.),(0.,0.299999999999997),
 .UNSPECIFIED.);
#26=B_SPLINE_SURFACE_WITH_KNOTS('',2,1,((#16183,#16184),(#16185,#16186),
(#16187,#16188)),.UNSPECIFIED.,.F.,.F.,.F.,(3,3),(2,2),(0.,1.),(0.,0.299999999999997),
 .UNSPECIFIED.);
#27=B_SPLINE_SURFACE_WITH_KNOTS('',2,1,((#16198,#16199),(#16200,#16201),
(#16202,#16203)),.UNSPECIFIED.,.F.,.F.,.F.,(3,3),(2,2),(0.,1.),(0.,0.299999999999997),
 .UNSPECIFIED.);
#28=B_SPLINE_SURFACE_WITH_KNOTS('',2,1,((#16213,#16214),(#16215,#16216),
(#16217,#16218)),.UNSPECIFIED.,.F.,.F.,.F.,(3,3),(2,2),(0.,1.),(0.,0.299999999999997),
 .UNSPECIFIED.);
#29=B_SPLINE_SURFACE_WITH_KNOTS('',2,1,((#16228,#16229),(#16230,#16231),
(#16232,#16233)),.UNSPECIFIED.,.F.,.F.,.F.,(3,3),(2,2),(0.,1.),(0.,0.299999999999997),
 .UNSPECIFIED.);
#30=B_SPLINE_SURFACE_WITH_KNOTS('',2,1,((#16243,#16244),(#16245,#16246),
(#16247,#16248)),.UNSPECIFIED.,.F.,.F.,.F.,(3,3),(2,2),(0.,1.),(0.,0.299999999999997),
 .UNSPECIFIED.);
#31=B_SPLINE_SURFACE_WITH_KNOTS('',2,1,((#16255,#16256),(#16257,#16258),
(#16259,#16260)),.UNSPECIFIED.,.F.,.F.,.F.,(3,3),(2,2),(0.,1.),(0.,0.299999999999997),
 .UNSPECIFIED.);
#32=B_SPLINE_SURFACE_WITH_KNOTS('',2,1,((#16279,#16280),(#16281,#16282),
(#16283,#16284)),.UNSPECIFIED.,.F.,.F.,.F.,(3,3),(2,2),(0.,1.),(0.,0.299999999999997),
 .UNSPECIFIED.);
#33=B_SPLINE_SURFACE_WITH_KNOTS('',2,1,((#16294,#16295),(#16296,#16297),
(#16298,#16299)),.UNSPECIFIED.,.F.,.F.,.F.,(3,3),(2,2),(0.,1.),(0.,0.299999999999997),
 .UNSPECIFIED.);
#34=B_SPLINE_SURFACE_WITH_KNOTS('',2,1,((#16315,#16316),(#16317,#16318),
(#16319,#16320)),.UNSPECIFIED.,.F.,.F.,.F.,(3,3),(2,2),(0.,1.),(0.,0.299999999999997),
 .UNSPECIFIED.);
#35=B_SPLINE_SURFACE_WITH_KNOTS('',2,1,((#16330,#16331),(#16332,#16333),
(#16334,#16335)),.UNSPECIFIED.,.F.,.F.,.F.,(3,3),(2,2),(0.,1.),(0.,0.299999999999997),
 .UNSPECIFIED.);
#36=B_SPLINE_SURFACE_WITH_KNOTS('',2,1,((#16345,#16346),(#16347,#16348),
(#16349,#16350)),.UNSPECIFIED.,.F.,.F.,.F.,(3,3),(2,2),(0.,1.),(0.,0.299999999999997),
 .UNSPECIFIED.);
#37=B_SPLINE_SURFACE_WITH_KNOTS('',2,1,((#16360,#16361),(#16362,#16363),
(#16364,#16365)),.UNSPECIFIED.,.F.,.F.,.F.,(3,3),(2,2),(0.,1.),(0.,0.299999999999997),
 .UNSPECIFIED.);
#38=B_SPLINE_SURFACE_WITH_KNOTS('',2,1,((#16375,#16376),(#16377,#16378),
(#16379,#16380)),.UNSPECIFIED.,.F.,.F.,.F.,(3,3),(2,2),(0.,1.),(0.,0.299999999999997),
 .UNSPECIFIED.);
#39=B_SPLINE_SURFACE_WITH_KNOTS('',2,1,((#16390,#16391),(#16392,#16393),
(#16394,#16395)),.UNSPECIFIED.,.F.,.F.,.F.,(3,3),(2,2),(0.,1.),(0.,0.299999999999997),
 .UNSPECIFIED.);
#40=B_SPLINE_SURFACE_WITH_KNOTS('',2,1,((#16405,#16406),(#16407,#16408),
(#16409,#16410)),.UNSPECIFIED.,.F.,.F.,.F.,(3,3),(2,2),(0.,1.),(0.,0.299999999999997),
 .UNSPECIFIED.);
#41=B_SPLINE_SURFACE_WITH_KNOTS('',2,1,((#16426,#16427),(#16428,#16429),
(#16430,#16431)),.UNSPECIFIED.,.F.,.F.,.F.,(3,3),(2,2),(0.,1.),(0.,0.299999999999997),
 .UNSPECIFIED.);
#42=B_SPLINE_SURFACE_WITH_KNOTS('',2,1,((#16441,#16442),(#16443,#16444),
(#16445,#16446)),.UNSPECIFIED.,.F.,.F.,.F.,(3,3),(2,2),(0.,1.),(0.,0.299999999999997),
 .UNSPECIFIED.);
#43=B_SPLINE_SURFACE_WITH_KNOTS('',2,1,((#16456,#16457),(#16458,#16459),
(#16460,#16461)),.UNSPECIFIED.,.F.,.F.,.F.,(3,3),(2,2),(0.,1.),(0.,0.299999999999997),
 .UNSPECIFIED.);
#44=B_SPLINE_SURFACE_WITH_KNOTS('',2,1,((#16471,#16472),(#16473,#16474),
(#16475,#16476)),.UNSPECIFIED.,.F.,.F.,.F.,(3,3),(2,2),(0.,1.),(0.,0.299999999999997),
 .UNSPECIFIED.);
#45=B_SPLINE_SURFACE_WITH_KNOTS('',2,1,((#16486,#16487),(#16488,#16489),
(#16490,#16491)),.UNSPECIFIED.,.F.,.F.,.F.,(3,3),(2,2),(0.,1.),(0.,0.299999999999997),
 .UNSPECIFIED.);
#46=B_SPLINE_SURFACE_WITH_KNOTS('',2,1,((#16501,#16502),(#16503,#16504),
(#16505,#16506)),.UNSPECIFIED.,.F.,.F.,.F.,(3,3),(2,2),(0.,1.),(0.,0.299999999999997),
 .UNSPECIFIED.);
#47=B_SPLINE_SURFACE_WITH_KNOTS('',2,1,((#16516,#16517),(#16518,#16519),
(#16520,#16521)),.UNSPECIFIED.,.F.,.F.,.F.,(3,3),(2,2),(0.,1.),(0.,0.299999999999997),
 .UNSPECIFIED.);
#48=B_SPLINE_SURFACE_WITH_KNOTS('',2,1,((#16531,#16532),(#16533,#16534),
(#16535,#16536)),.UNSPECIFIED.,.F.,.F.,.F.,(3,3),(2,2),(0.,1.),(0.,0.299999999999997),
 .UNSPECIFIED.);
#49=B_SPLINE_SURFACE_WITH_KNOTS('',2,1,((#16546,#16547),(#16548,#16549),
(#16550,#16551)),.UNSPECIFIED.,.F.,.F.,.F.,(3,3),(2,2),(0.,1.),(0.,0.299999999999997),
 .UNSPECIFIED.);
#50=B_SPLINE_SURFACE_WITH_KNOTS('',2,1,((#16561,#16562),(#16563,#16564),
(#16565,#16566)),.UNSPECIFIED.,.F.,.F.,.F.,(3,3),(2,2),(0.,1.),(0.,0.299999999999997),
 .UNSPECIFIED.);
#51=B_SPLINE_SURFACE_WITH_KNOTS('',2,1,((#16576,#16577),(#16578,#16579),
(#16580,#16581)),.UNSPECIFIED.,.F.,.F.,.F.,(3,3),(2,2),(0.,1.),(0.,0.299999999999997),
 .UNSPECIFIED.);
#52=B_SPLINE_SURFACE_WITH_KNOTS('',2,1,((#16591,#16592),(#16593,#16594),
(#16595,#16596)),.UNSPECIFIED.,.F.,.F.,.F.,(3,3),(2,2),(0.,1.),(0.,0.299999999999997),
 .UNSPECIFIED.);
#53=B_SPLINE_SURFACE_WITH_KNOTS('',2,1,((#16606,#16607),(#16608,#16609),
(#16610,#16611)),.UNSPECIFIED.,.F.,.F.,.F.,(3,3),(2,2),(0.,1.),(0.,0.299999999999997),
 .UNSPECIFIED.);
#54=B_SPLINE_SURFACE_WITH_KNOTS('',2,1,((#16621,#16622),(#16623,#16624),
(#16625,#16626)),.UNSPECIFIED.,.F.,.F.,.F.,(3,3),(2,2),(0.,1.),(0.,0.299999999999997),
 .UNSPECIFIED.);
#55=SPHERICAL_SURFACE('',#9853,60.);
#56=SPHERICAL_SURFACE('',#9857,60.);
#57=SPHERICAL_SURFACE('',#9861,60.);
#58=SPHERICAL_SURFACE('',#9865,60.);
#59=SPHERICAL_SURFACE('',#9869,60.);
#60=SPHERICAL_SURFACE('',#9874,60.);
#61=SPHERICAL_SURFACE('',#9878,60.);
#62=SPHERICAL_SURFACE('',#9884,60.);
#63=SPHERICAL_SURFACE('',#9933,24.0000000000001);
#64=SPHERICAL_SURFACE('',#9937,24.);
#65=SPHERICAL_SURFACE('',#9941,24.0000000000001);
#66=SPHERICAL_SURFACE('',#9945,24.);
#67=SPHERICAL_SURFACE('',#9949,24.0000000000001);
#68=SPHERICAL_SURFACE('',#9954,24.0000000000001);
#69=SPHERICAL_SURFACE('',#9958,24.);
#70=SPHERICAL_SURFACE('',#9964,24.0000000000001);
#71=SPHERICAL_SURFACE('',#9999,24.0000000000001);
#72=SPHERICAL_SURFACE('',#10003,24.);
#73=SPHERICAL_SURFACE('',#10007,24.0000000000001);
#74=SPHERICAL_SURFACE('',#10011,24.);
#75=SPHERICAL_SURFACE('',#10015,24.0000000000001);
#76=SPHERICAL_SURFACE('',#10020,24.0000000000001);
#77=SPHERICAL_SURFACE('',#10024,24.);
#78=SPHERICAL_SURFACE('',#10030,24.0000000000001);
#79=SPHERICAL_SURFACE('',#10082,45.);
#80=SPHERICAL_SURFACE('',#10086,45.);
#81=SPHERICAL_SURFACE('',#10090,45.);
#82=SPHERICAL_SURFACE('',#10094,45.);
#83=SPHERICAL_SURFACE('',#10098,45.);
#84=SPHERICAL_SURFACE('',#10103,45.);
#85=SPHERICAL_SURFACE('',#10107,45.);
#86=SPHERICAL_SURFACE('',#10113,45.);
#87=SPHERICAL_SURFACE('',#10144,30.);
#88=SPHERICAL_SURFACE('',#10148,30.);
#89=SPHERICAL_SURFACE('',#10152,30.);
#90=SPHERICAL_SURFACE('',#10156,30.);
#91=SPHERICAL_SURFACE('',#10160,30.);
#92=SPHERICAL_SURFACE('',#10165,30.);
#93=SPHERICAL_SURFACE('',#10169,30.);
#94=SPHERICAL_SURFACE('',#10175,30.);
#95=MANIFOLD_SOLID_BREP('01 Purple body envelope',#9265);
#96=MANIFOLD_SOLID_BREP('Left silver lower skirt',#9266);
#97=MANIFOLD_SOLID_BREP('Right silver lower skirt',#9267);
#98=MANIFOLD_SOLID_BREP('Left silver lower skirt (1)',#9268);
#99=MANIFOLD_SOLID_BREP('Right silver lower skirt (1)',#9269);
#100=MANIFOLD_SOLID_BREP('Left panoramic smoked window',#9270);
#101=MANIFOLD_SOLID_BREP('Left glazing mullion 1710',#9271);
#102=MANIFOLD_SOLID_BREP('Left glazing mullion 3190',#9272);
#103=MANIFOLD_SOLID_BREP('Left glazing mullion 4410',#9273);
#104=MANIFOLD_SOLID_BREP('Left silver beltline',#9274);
#105=MANIFOLD_SOLID_BREP('Left pale circular Ai.R badge',#9275);
#106=MANIFOLD_SOLID_BREP('Left side indicator',#9276);
#107=MANIFOLD_SOLID_BREP('Right panoramic smoked window',#9277);
#108=MANIFOLD_SOLID_BREP('Right glazing mullion 1710',#9278);
#109=MANIFOLD_SOLID_BREP('Right glazing mullion 3190',#9279);
#110=MANIFOLD_SOLID_BREP('Right glazing mullion 4410',#9280);
#111=MANIFOLD_SOLID_BREP('Right silver beltline',#9281);
#112=MANIFOLD_SOLID_BREP('Boarding door front jamb',#9282);
#113=MANIFOLD_SOLID_BREP('Boarding door rear jamb',#9283);
#114=MANIFOLD_SOLID_BREP('Double door centre seam',#9284);
#115=MANIFOLD_SOLID_BREP('Boarding threshold',#9285);
#116=MANIFOLD_SOLID_BREP('Door handle',#9286);
#117=MANIFOLD_SOLID_BREP('Right pale circular Ai.R badge',#9287);
#118=MANIFOLD_SOLID_BREP('Right side indicator',#9288);
#119=MANIFOLD_SOLID_BREP('Front axle',#9289);
#120=MANIFOLD_SOLID_BREP('Front Left tire',#9290);
#121=MANIFOLD_SOLID_BREP('Front Left alloy wheel',#9291);
#122=MANIFOLD_SOLID_BREP('Front Left dark wheel centre',#9292);
#123=MANIFOLD_SOLID_BREP('Front Left hub',#9293);
#124=MANIFOLD_SOLID_BREP('Front Left hub bolt 1',#9294);
#125=MANIFOLD_SOLID_BREP('Front Left hub bolt 2',#9295);
#126=MANIFOLD_SOLID_BREP('Front Left hub bolt 3',#9296);
#127=MANIFOLD_SOLID_BREP('Front Left hub bolt 4',#9297);
#128=MANIFOLD_SOLID_BREP('Front Left hub bolt 5',#9298);
#129=MANIFOLD_SOLID_BREP('Front Left hub bolt 6',#9299);
#130=MANIFOLD_SOLID_BREP('Front Right tire',#9300);
#131=MANIFOLD_SOLID_BREP('Front Right alloy wheel',#9301);
#132=MANIFOLD_SOLID_BREP('Front Right dark wheel centre',#9302);
#133=MANIFOLD_SOLID_BREP('Front Right hub',#9303);
#134=MANIFOLD_SOLID_BREP('Front Right hub bolt 1',#9304);
#135=MANIFOLD_SOLID_BREP('Front Right hub bolt 2',#9305);
#136=MANIFOLD_SOLID_BREP('Front Right hub bolt 3',#9306);
#137=MANIFOLD_SOLID_BREP('Front Right hub bolt 4',#9307);
#138=MANIFOLD_SOLID_BREP('Front Right hub bolt 5',#9308);
#139=MANIFOLD_SOLID_BREP('Front Right hub bolt 6',#9309);
#140=MANIFOLD_SOLID_BREP('Rear axle',#9310);
#141=MANIFOLD_SOLID_BREP('Rear Left tire',#9311);
#142=MANIFOLD_SOLID_BREP('Rear Left alloy wheel',#9312);
#143=MANIFOLD_SOLID_BREP('Rear Left dark wheel centre',#9313);
#144=MANIFOLD_SOLID_BREP('Rear Left hub',#9314);
#145=MANIFOLD_SOLID_BREP('Rear Left hub bolt 1',#9315);
#146=MANIFOLD_SOLID_BREP('Rear Left hub bolt 2',#9316);
#147=MANIFOLD_SOLID_BREP('Rear Left hub bolt 3',#9317);
#148=MANIFOLD_SOLID_BREP('Rear Left hub bolt 4',#9318);
#149=MANIFOLD_SOLID_BREP('Rear Left hub bolt 5',#9319);
#150=MANIFOLD_SOLID_BREP('Rear Left hub bolt 6',#9320);
#151=MANIFOLD_SOLID_BREP('Rear Right tire',#9321);
#152=MANIFOLD_SOLID_BREP('Rear Right alloy wheel',#9322);
#153=MANIFOLD_SOLID_BREP('Rear Right dark wheel centre',#9323);
#154=MANIFOLD_SOLID_BREP('Rear Right hub',#9324);
#155=MANIFOLD_SOLID_BREP('Rear Right hub bolt 1',#9325);
#156=MANIFOLD_SOLID_BREP('Rear Right hub bolt 2',#9326);
#157=MANIFOLD_SOLID_BREP('Rear Right hub bolt 3',#9327);
#158=MANIFOLD_SOLID_BREP('Rear Right hub bolt 4',#9328);
#159=MANIFOLD_SOLID_BREP('Rear Right hub bolt 5',#9329);
#160=MANIFOLD_SOLID_BREP('Rear Right hub bolt 6',#9330);
#161=MANIFOLD_SOLID_BREP('Front silver fascia',#9331);
#162=MANIFOLD_SOLID_BREP('Front dark grille band',#9332);
#163=MANIFOLD_SOLID_BREP('Front grille silver strip 646',#9333);
#164=MANIFOLD_SOLID_BREP('Front grille silver strip 678',#9334);
#165=MANIFOLD_SOLID_BREP('Front grille silver strip 710',#9335);
#166=MANIFOLD_SOLID_BREP('Front registration plate backing',#9336);
#167=MANIFOLD_SOLID_BREP('Left headlamp housing',#9337);
#168=MANIFOLD_SOLID_BREP('Left LED running light',#9338);
#169=MANIFOLD_SOLID_BREP('Left headlamp optic -58',#9339);
#170=MANIFOLD_SOLID_BREP('Left headlamp optic 38',#9340);
#171=MANIFOLD_SOLID_BREP('Right headlamp housing',#9341);
#172=MANIFOLD_SOLID_BREP('Right LED running light',#9342);
#173=MANIFOLD_SOLID_BREP('Right headlamp optic -58',#9343);
#174=MANIFOLD_SOLID_BREP('Right headlamp optic 38',#9344);
#175=MANIFOLD_SOLID_BREP('Front destination display',#9345);
#176=MANIFOLD_SOLID_BREP('Destination display light bar',#9346);
#177=MANIFOLD_SOLID_BREP('Front centre sensor',#9347);
#178=MANIFOLD_SOLID_BREP('Rear silver bumper',#9348);
#179=MANIFOLD_SOLID_BREP('Left rear lamp',#9349);
#180=MANIFOLD_SOLID_BREP('Right rear lamp',#9350);
#181=MANIFOLD_SOLID_BREP('Roof equipment fairing - estimated',#9351);
#182=MANIFOLD_SOLID_BREP('Front Left sensor bracket',#9352);
#183=MANIFOLD_SOLID_BREP('Front Left lidar base',#9353);
#184=MANIFOLD_SOLID_BREP('Front Left lidar dark band',#9354);
#185=MANIFOLD_SOLID_BREP('Front Left lidar cap',#9355);
#186=MANIFOLD_SOLID_BREP('Front Right sensor bracket',#9356);
#187=MANIFOLD_SOLID_BREP('Front Right lidar base',#9357);
#188=MANIFOLD_SOLID_BREP('Front Right lidar dark band',#9358);
#189=MANIFOLD_SOLID_BREP('Front Right lidar cap',#9359);
#190=MANIFOLD_SOLID_BREP('Rear Left sensor bracket',#9360);
#191=MANIFOLD_SOLID_BREP('Rear Left lidar base',#9361);
#192=MANIFOLD_SOLID_BREP('Rear Left lidar dark band',#9362);
#193=MANIFOLD_SOLID_BREP('Rear Left lidar cap',#9363);
#194=MANIFOLD_SOLID_BREP('Rear Right sensor bracket',#9364);
#195=MANIFOLD_SOLID_BREP('Rear Right lidar base',#9365);
#196=MANIFOLD_SOLID_BREP('Rear Right lidar dark band',#9366);
#197=MANIFOLD_SOLID_BREP('Rear Right lidar cap',#9367);
#198=MANIFOLD_SOLID_BREP('Roof GNSS receiver',#9368);
#199=MANIFOLD_SOLID_BREP('Left silver lower skirt (1) (1)',#9369);
#200=MANIFOLD_SOLID_BREP('Right silver lower skirt (1) (1)',#9370);
#201=MANIFOLD_SOLID_BREP('Front silver fascia outer skin',#9371);
#202=MANIFOLD_SOLID_BREP('Ai.R badge letter',#9372);
#203=MANIFOLD_SOLID_BREP('Ai.R badge letter (1)',#9373);
#204=MANIFOLD_SOLID_BREP('Ai.R badge letter (2)',#9374);
#205=MANIFOLD_SOLID_BREP('Ai.R badge letter (3)',#9375);
#206=MANIFOLD_SOLID_BREP('Ai.R badge letter (4)',#9376);
#207=STYLED_ITEM('',(#16656),#8613);
#208=STYLED_ITEM('',(#16656),#8615);
#209=STYLED_ITEM('',(#16656),#8621);
#210=STYLED_ITEM('',(#16656),#8625);
#211=STYLED_ITEM('',(#16656),#8626);
#212=STYLED_ITEM('',(#16655),#95);
#213=STYLED_ITEM('',(#16657),#96);
#214=STYLED_ITEM('',(#16657),#97);
#215=STYLED_ITEM('',(#16657),#98);
#216=STYLED_ITEM('',(#16657),#99);
#217=STYLED_ITEM('',(#16656),#100);
#218=STYLED_ITEM('',(#16658),#101);
#219=STYLED_ITEM('',(#16658),#102);
#220=STYLED_ITEM('',(#16658),#103);
#221=STYLED_ITEM('',(#16657),#104);
#222=STYLED_ITEM('',(#16659),#105);
#223=STYLED_ITEM('',(#16660),#106);
#224=STYLED_ITEM('',(#16656),#107);
#225=STYLED_ITEM('',(#16658),#108);
#226=STYLED_ITEM('',(#16658),#109);
#227=STYLED_ITEM('',(#16658),#110);
#228=STYLED_ITEM('',(#16657),#111);
#229=STYLED_ITEM('',(#16658),#112);
#230=STYLED_ITEM('',(#16658),#113);
#231=STYLED_ITEM('',(#16658),#114);
#232=STYLED_ITEM('',(#16657),#115);
#233=STYLED_ITEM('',(#16657),#116);
#234=STYLED_ITEM('',(#16659),#117);
#235=STYLED_ITEM('',(#16660),#118);
#236=STYLED_ITEM('',(#16658),#119);
#237=STYLED_ITEM('',(#16658),#120);
#238=STYLED_ITEM('',(#16657),#121);
#239=STYLED_ITEM('',(#16658),#122);
#240=STYLED_ITEM('',(#16655),#123);
#241=STYLED_ITEM('',(#16657),#124);
#242=STYLED_ITEM('',(#16657),#125);
#243=STYLED_ITEM('',(#16657),#126);
#244=STYLED_ITEM('',(#16657),#127);
#245=STYLED_ITEM('',(#16657),#128);
#246=STYLED_ITEM('',(#16657),#129);
#247=STYLED_ITEM('',(#16658),#130);
#248=STYLED_ITEM('',(#16657),#131);
#249=STYLED_ITEM('',(#16658),#132);
#250=STYLED_ITEM('',(#16655),#133);
#251=STYLED_ITEM('',(#16657),#134);
#252=STYLED_ITEM('',(#16657),#135);
#253=STYLED_ITEM('',(#16657),#136);
#254=STYLED_ITEM('',(#16657),#137);
#255=STYLED_ITEM('',(#16657),#138);
#256=STYLED_ITEM('',(#16657),#139);
#257=STYLED_ITEM('',(#16658),#140);
#258=STYLED_ITEM('',(#16658),#141);
#259=STYLED_ITEM('',(#16657),#142);
#260=STYLED_ITEM('',(#16658),#143);
#261=STYLED_ITEM('',(#16655),#144);
#262=STYLED_ITEM('',(#16657),#145);
#263=STYLED_ITEM('',(#16657),#146);
#264=STYLED_ITEM('',(#16657),#147);
#265=STYLED_ITEM('',(#16657),#148);
#266=STYLED_ITEM('',(#16657),#149);
#267=STYLED_ITEM('',(#16657),#150);
#268=STYLED_ITEM('',(#16658),#151);
#269=STYLED_ITEM('',(#16657),#152);
#270=STYLED_ITEM('',(#16658),#153);
#271=STYLED_ITEM('',(#16655),#154);
#272=STYLED_ITEM('',(#16657),#155);
#273=STYLED_ITEM('',(#16657),#156);
#274=STYLED_ITEM('',(#16657),#157);
#275=STYLED_ITEM('',(#16657),#158);
#276=STYLED_ITEM('',(#16657),#159);
#277=STYLED_ITEM('',(#16657),#160);
#278=STYLED_ITEM('',(#16657),#161);
#279=STYLED_ITEM('',(#16658),#162);
#280=STYLED_ITEM('',(#16657),#163);
#281=STYLED_ITEM('',(#16657),#164);
#282=STYLED_ITEM('',(#16657),#165);
#283=STYLED_ITEM('',(#16658),#166);
#284=STYLED_ITEM('',(#16658),#167);
#285=STYLED_ITEM('',(#16659),#168);
#286=STYLED_ITEM('',(#16659),#169);
#287=STYLED_ITEM('',(#16659),#170);
#288=STYLED_ITEM('',(#16658),#171);
#289=STYLED_ITEM('',(#16659),#172);
#290=STYLED_ITEM('',(#16659),#173);
#291=STYLED_ITEM('',(#16659),#174);
#292=STYLED_ITEM('',(#16656),#175);
#293=STYLED_ITEM('',(#16659),#176);
#294=STYLED_ITEM('',(#16658),#177);
#295=STYLED_ITEM('',(#16657),#178);
#296=STYLED_ITEM('',(#16661),#179);
#297=STYLED_ITEM('',(#16661),#180);
#298=STYLED_ITEM('',(#16657),#181);
#299=STYLED_ITEM('',(#16655),#182);
#300=STYLED_ITEM('',(#16657),#183);
#301=STYLED_ITEM('',(#16658),#184);
#302=STYLED_ITEM('',(#16662),#185);
#303=STYLED_ITEM('',(#16655),#186);
#304=STYLED_ITEM('',(#16657),#187);
#305=STYLED_ITEM('',(#16658),#188);
#306=STYLED_ITEM('',(#16662),#189);
#307=STYLED_ITEM('',(#16655),#190);
#308=STYLED_ITEM('',(#16657),#191);
#309=STYLED_ITEM('',(#16658),#192);
#310=STYLED_ITEM('',(#16662),#193);
#311=STYLED_ITEM('',(#16655),#194);
#312=STYLED_ITEM('',(#16657),#195);
#313=STYLED_ITEM('',(#16658),#196);
#314=STYLED_ITEM('',(#16662),#197);
#315=STYLED_ITEM('',(#16659),#198);
#316=STYLED_ITEM('',(#16657),#199);
#317=STYLED_ITEM('',(#16657),#200);
#318=STYLED_ITEM('',(#16657),#201);
#319=STYLED_ITEM('',(#16655),#202);
#320=STYLED_ITEM('',(#16655),#203);
#321=STYLED_ITEM('',(#16655),#204);
#322=STYLED_ITEM('',(#16655),#205);
#323=STYLED_ITEM('',(#16655),#206);
#324=TOROIDAL_SURFACE('',#9413,472.966833032313,85.);
#325=TOROIDAL_SURFACE('',#9420,464.688684697659,85.);
#326=TOROIDAL_SURFACE('',#9430,472.966833032313,85.);
#327=TOROIDAL_SURFACE('',#9434,464.688684697659,85.);
#328=TOROIDAL_SURFACE('',#9616,332.,28.);
#329=TOROIDAL_SURFACE('',#9625,332.,28.);
#330=TOROIDAL_SURFACE('',#9674,332.,28.);
#331=TOROIDAL_SURFACE('',#9683,332.,28.);
#332=TOROIDAL_SURFACE('',#9737,332.,28.);
#333=TOROIDAL_SURFACE('',#9746,332.,28.);
#334=TOROIDAL_SURFACE('',#9795,332.,28.);
#335=TOROIDAL_SURFACE('',#9804,332.,28.);
#336=ELLIPSE('',#9406,120.208152801713,85.);
#337=ELLIPSE('',#9408,120.208152801713,85.);
#338=ELLIPSE('',#9411,120.208152801713,85.);
#339=ELLIPSE('',#9416,85.2749221104478,85.);
#340=ELLIPSE('',#9418,120.208152801713,85.);
#341=ELLIPSE('',#9429,85.2749221104478,85.);
#342=PLANE('',#9393);
#343=PLANE('',#9398);
#344=PLANE('',#9402);
#345=PLANE('',#9409);
#346=PLANE('',#9423);
#347=PLANE('',#9424);
#348=PLANE('',#9427);
#349=PLANE('',#9436);
#350=PLANE('',#9437);
#351=PLANE('',#9442);
#352=PLANE('',#9443);
#353=PLANE('',#9444);
#354=PLANE('',#9445);
#355=PLANE('',#9446);
#356=PLANE('',#9450);
#357=PLANE('',#9451);
#358=PLANE('',#9452);
#359=PLANE('',#9453);
#360=PLANE('',#9454);
#361=PLANE('',#9458);
#362=PLANE('',#9459);
#363=PLANE('',#9460);
#364=PLANE('',#9461);
#365=PLANE('',#9462);
#366=PLANE('',#9466);
#367=PLANE('',#9467);
#368=PLANE('',#9468);
#369=PLANE('',#9469);
#370=PLANE('',#9470);
#371=PLANE('',#9477);
#372=PLANE('',#9481);
#373=PLANE('',#9485);
#374=PLANE('',#9489);
#375=PLANE('',#9490);
#376=PLANE('',#9491);
#377=PLANE('',#9492);
#378=PLANE('',#9493);
#379=PLANE('',#9494);
#380=PLANE('',#9495);
#381=PLANE('',#9496);
#382=PLANE('',#9497);
#383=PLANE('',#9498);
#384=PLANE('',#9499);
#385=PLANE('',#9500);
#386=PLANE('',#9501);
#387=PLANE('',#9502);
#388=PLANE('',#9503);
#389=PLANE('',#9504);
#390=PLANE('',#9505);
#391=PLANE('',#9506);
#392=PLANE('',#9507);
#393=PLANE('',#9508);
#394=PLANE('',#9509);
#395=PLANE('',#9510);
#396=PLANE('',#9511);
#397=PLANE('',#9512);
#398=PLANE('',#9513);
#399=PLANE('',#9514);
#400=PLANE('',#9518);
#401=PLANE('',#9519);
#402=PLANE('',#9520);
#403=PLANE('',#9521);
#404=PLANE('',#9522);
#405=PLANE('',#9523);
#406=PLANE('',#9524);
#407=PLANE('',#9525);
#408=PLANE('',#9526);
#409=PLANE('',#9530);
#410=PLANE('',#9534);
#411=PLANE('',#9544);
#412=PLANE('',#9545);
#413=PLANE('',#9546);
#414=PLANE('',#9547);
#415=PLANE('',#9548);
#416=PLANE('',#9549);
#417=PLANE('',#9550);
#418=PLANE('',#9551);
#419=PLANE('',#9552);
#420=PLANE('',#9553);
#421=PLANE('',#9554);
#422=PLANE('',#9555);
#423=PLANE('',#9556);
#424=PLANE('',#9557);
#425=PLANE('',#9558);
#426=PLANE('',#9559);
#427=PLANE('',#9560);
#428=PLANE('',#9561);
#429=PLANE('',#9562);
#430=PLANE('',#9563);
#431=PLANE('',#9564);
#432=PLANE('',#9565);
#433=PLANE('',#9566);
#434=PLANE('',#9567);
#435=PLANE('',#9568);
#436=PLANE('',#9569);
#437=PLANE('',#9570);
#438=PLANE('',#9571);
#439=PLANE('',#9572);
#440=PLANE('',#9573);
#441=PLANE('',#9574);
#442=PLANE('',#9575);
#443=PLANE('',#9576);
#444=PLANE('',#9577);
#445=PLANE('',#9578);
#446=PLANE('',#9579);
#447=PLANE('',#9580);
#448=PLANE('',#9581);
#449=PLANE('',#9582);
#450=PLANE('',#9583);
#451=PLANE('',#9584);
#452=PLANE('',#9585);
#453=PLANE('',#9586);
#454=PLANE('',#9587);
#455=PLANE('',#9588);
#456=PLANE('',#9589);
#457=PLANE('',#9590);
#458=PLANE('',#9591);
#459=PLANE('',#9592);
#460=PLANE('',#9593);
#461=PLANE('',#9594);
#462=PLANE('',#9595);
#463=PLANE('',#9596);
#464=PLANE('',#9597);
#465=PLANE('',#9598);
#466=PLANE('',#9599);
#467=PLANE('',#9603);
#468=PLANE('',#9604);
#469=PLANE('',#9605);
#470=PLANE('',#9606);
#471=PLANE('',#9607);
#472=PLANE('',#9608);
#473=PLANE('',#9609);
#474=PLANE('',#9610);
#475=PLANE('',#9614);
#476=PLANE('',#9615);
#477=PLANE('',#9624);
#478=PLANE('',#9628);
#479=PLANE('',#9632);
#480=PLANE('',#9633);
#481=PLANE('',#9637);
#482=PLANE('',#9638);
#483=PLANE('',#9642);
#484=PLANE('',#9643);
#485=PLANE('',#9647);
#486=PLANE('',#9648);
#487=PLANE('',#9652);
#488=PLANE('',#9653);
#489=PLANE('',#9657);
#490=PLANE('',#9658);
#491=PLANE('',#9662);
#492=PLANE('',#9663);
#493=PLANE('',#9667);
#494=PLANE('',#9668);
#495=PLANE('',#9672);
#496=PLANE('',#9673);
#497=PLANE('',#9682);
#498=PLANE('',#9686);
#499=PLANE('',#9690);
#500=PLANE('',#9691);
#501=PLANE('',#9695);
#502=PLANE('',#9696);
#503=PLANE('',#9700);
#504=PLANE('',#9701);
#505=PLANE('',#9705);
#506=PLANE('',#9706);
#507=PLANE('',#9710);
#508=PLANE('',#9711);
#509=PLANE('',#9715);
#510=PLANE('',#9716);
#511=PLANE('',#9720);
#512=PLANE('',#9721);
#513=PLANE('',#9725);
#514=PLANE('',#9726);
#515=PLANE('',#9730);
#516=PLANE('',#9731);
#517=PLANE('',#9735);
#518=PLANE('',#9736);
#519=PLANE('',#9745);
#520=PLANE('',#9749);
#521=PLANE('',#9753);
#522=PLANE('',#9754);
#523=PLANE('',#9758);
#524=PLANE('',#9759);
#525=PLANE('',#9763);
#526=PLANE('',#9764);
#527=PLANE('',#9768);
#528=PLANE('',#9769);
#529=PLANE('',#9773);
#530=PLANE('',#9774);
#531=PLANE('',#9778);
#532=PLANE('',#9779);
#533=PLANE('',#9783);
#534=PLANE('',#9784);
#535=PLANE('',#9788);
#536=PLANE('',#9789);
#537=PLANE('',#9793);
#538=PLANE('',#9794);
#539=PLANE('',#9803);
#540=PLANE('',#9807);
#541=PLANE('',#9811);
#542=PLANE('',#9812);
#543=PLANE('',#9816);
#544=PLANE('',#9817);
#545=PLANE('',#9821);
#546=PLANE('',#9822);
#547=PLANE('',#9826);
#548=PLANE('',#9827);
#549=PLANE('',#9831);
#550=PLANE('',#9832);
#551=PLANE('',#9836);
#552=PLANE('',#9837);
#553=PLANE('',#9841);
#554=PLANE('',#9842);
#555=PLANE('',#9846);
#556=PLANE('',#9847);
#557=PLANE('',#9851);
#558=PLANE('',#9852);
#559=PLANE('',#9897);
#560=PLANE('',#9898);
#561=PLANE('',#9899);
#562=PLANE('',#9900);
#563=PLANE('',#9901);
#564=PLANE('',#9902);
#565=PLANE('',#9903);
#566=PLANE('',#9904);
#567=PLANE('',#9905);
#568=PLANE('',#9906);
#569=PLANE('',#9907);
#570=PLANE('',#9908);
#571=PLANE('',#9909);
#572=PLANE('',#9910);
#573=PLANE('',#9911);
#574=PLANE('',#9912);
#575=PLANE('',#9913);
#576=PLANE('',#9914);
#577=PLANE('',#9915);
#578=PLANE('',#9916);
#579=PLANE('',#9917);
#580=PLANE('',#9918);
#581=PLANE('',#9919);
#582=PLANE('',#9920);
#583=PLANE('',#9921);
#584=PLANE('',#9922);
#585=PLANE('',#9923);
#586=PLANE('',#9924);
#587=PLANE('',#9925);
#588=PLANE('',#9926);
#589=PLANE('',#9927);
#590=PLANE('',#9928);
#591=PLANE('',#9929);
#592=PLANE('',#9930);
#593=PLANE('',#9931);
#594=PLANE('',#9932);
#595=PLANE('',#9977);
#596=PLANE('',#9978);
#597=PLANE('',#9979);
#598=PLANE('',#9980);
#599=PLANE('',#9981);
#600=PLANE('',#9982);
#601=PLANE('',#9983);
#602=PLANE('',#9984);
#603=PLANE('',#9985);
#604=PLANE('',#9986);
#605=PLANE('',#9987);
#606=PLANE('',#9988);
#607=PLANE('',#9992);
#608=PLANE('',#9993);
#609=PLANE('',#9997);
#610=PLANE('',#9998);
#611=PLANE('',#10043);
#612=PLANE('',#10044);
#613=PLANE('',#10045);
#614=PLANE('',#10046);
#615=PLANE('',#10047);
#616=PLANE('',#10048);
#617=PLANE('',#10049);
#618=PLANE('',#10050);
#619=PLANE('',#10051);
#620=PLANE('',#10052);
#621=PLANE('',#10053);
#622=PLANE('',#10054);
#623=PLANE('',#10058);
#624=PLANE('',#10059);
#625=PLANE('',#10063);
#626=PLANE('',#10064);
#627=PLANE('',#10065);
#628=PLANE('',#10066);
#629=PLANE('',#10067);
#630=PLANE('',#10068);
#631=PLANE('',#10069);
#632=PLANE('',#10070);
#633=PLANE('',#10071);
#634=PLANE('',#10072);
#635=PLANE('',#10073);
#636=PLANE('',#10074);
#637=PLANE('',#10075);
#638=PLANE('',#10076);
#639=PLANE('',#10080);
#640=PLANE('',#10081);
#641=PLANE('',#10126);
#642=PLANE('',#10127);
#643=PLANE('',#10128);
#644=PLANE('',#10129);
#645=PLANE('',#10130);
#646=PLANE('',#10131);
#647=PLANE('',#10132);
#648=PLANE('',#10133);
#649=PLANE('',#10134);
#650=PLANE('',#10135);
#651=PLANE('',#10136);
#652=PLANE('',#10137);
#653=PLANE('',#10138);
#654=PLANE('',#10139);
#655=PLANE('',#10140);
#656=PLANE('',#10141);
#657=PLANE('',#10142);
#658=PLANE('',#10143);
#659=PLANE('',#10188);
#660=PLANE('',#10189);
#661=PLANE('',#10190);
#662=PLANE('',#10191);
#663=PLANE('',#10192);
#664=PLANE('',#10193);
#665=PLANE('',#10194);
#666=PLANE('',#10195);
#667=PLANE('',#10196);
#668=PLANE('',#10197);
#669=PLANE('',#10198);
#670=PLANE('',#10199);
#671=PLANE('',#10203);
#672=PLANE('',#10204);
#673=PLANE('',#10208);
#674=PLANE('',#10209);
#675=PLANE('',#10213);
#676=PLANE('',#10214);
#677=PLANE('',#10215);
#678=PLANE('',#10216);
#679=PLANE('',#10217);
#680=PLANE('',#10218);
#681=PLANE('',#10219);
#682=PLANE('',#10220);
#683=PLANE('',#10224);
#684=PLANE('',#10225);
#685=PLANE('',#10229);
#686=PLANE('',#10230);
#687=PLANE('',#10234);
#688=PLANE('',#10235);
#689=PLANE('',#10236);
#690=PLANE('',#10237);
#691=PLANE('',#10238);
#692=PLANE('',#10239);
#693=PLANE('',#10240);
#694=PLANE('',#10241);
#695=PLANE('',#10245);
#696=PLANE('',#10246);
#697=PLANE('',#10250);
#698=PLANE('',#10251);
#699=PLANE('',#10255);
#700=PLANE('',#10256);
#701=PLANE('',#10257);
#702=PLANE('',#10258);
#703=PLANE('',#10259);
#704=PLANE('',#10260);
#705=PLANE('',#10261);
#706=PLANE('',#10262);
#707=PLANE('',#10266);
#708=PLANE('',#10267);
#709=PLANE('',#10271);
#710=PLANE('',#10272);
#711=PLANE('',#10276);
#712=PLANE('',#10277);
#713=PLANE('',#10281);
#714=PLANE('',#10282);
#715=PLANE('',#10286);
#716=PLANE('',#10288);
#717=PLANE('',#10289);
#718=PLANE('',#10291);
#719=PLANE('',#10296);
#720=PLANE('',#10298);
#721=PLANE('',#10299);
#722=PLANE('',#10301);
#723=PLANE('',#10303);
#724=PLANE('',#10304);
#725=PLANE('',#10305);
#726=PLANE('',#10306);
#727=PLANE('',#10307);
#728=PLANE('',#10308);
#729=PLANE('',#10309);
#730=PLANE('',#10310);
#731=PLANE('',#10311);
#732=PLANE('',#10312);
#733=PLANE('',#10313);
#734=PLANE('',#10314);
#735=PLANE('',#10315);
#736=PLANE('',#10316);
#737=PLANE('',#10317);
#738=PLANE('',#10318);
#739=PLANE('',#10319);
#740=PLANE('',#10320);
#741=PLANE('',#10321);
#742=PLANE('',#10322);
#743=PLANE('',#10323);
#744=PLANE('',#10324);
#745=PLANE('',#10325);
#746=PLANE('',#10326);
#747=PLANE('',#10327);
#748=PLANE('',#10328);
#749=PLANE('',#10329);
#750=PLANE('',#10330);
#751=PLANE('',#10331);
#752=PLANE('',#10332);
#753=PLANE('',#10333);
#754=PLANE('',#10334);
#755=PLANE('',#10335);
#756=PLANE('',#10336);
#757=PLANE('',#10337);
#758=PLANE('',#10338);
#759=PLANE('',#10339);
#760=PLANE('',#10340);
#761=FACE_OUTER_BOUND('',#1430,.T.);
#762=FACE_OUTER_BOUND('',#1431,.T.);
#763=FACE_OUTER_BOUND('',#1432,.T.);
#764=FACE_OUTER_BOUND('',#1433,.T.);
#765=FACE_OUTER_BOUND('',#1434,.T.);
#766=FACE_OUTER_BOUND('',#1435,.T.);
#767=FACE_OUTER_BOUND('',#1436,.T.);
#768=FACE_OUTER_BOUND('',#1437,.T.);
#769=FACE_OUTER_BOUND('',#1438,.T.);
#770=FACE_OUTER_BOUND('',#1439,.T.);
#771=FACE_OUTER_BOUND('',#1440,.T.);
#772=FACE_OUTER_BOUND('',#1441,.T.);
#773=FACE_OUTER_BOUND('',#1442,.T.);
#774=FACE_OUTER_BOUND('',#1443,.T.);
#775=FACE_OUTER_BOUND('',#1444,.T.);
#776=FACE_OUTER_BOUND('',#1445,.T.);
#777=FACE_OUTER_BOUND('',#1446,.T.);
#778=FACE_OUTER_BOUND('',#1447,.T.);
#779=FACE_OUTER_BOUND('',#1448,.T.);
#780=FACE_OUTER_BOUND('',#1449,.T.);
#781=FACE_OUTER_BOUND('',#1450,.T.);
#782=FACE_OUTER_BOUND('',#1451,.T.);
#783=FACE_OUTER_BOUND('',#1452,.T.);
#784=FACE_OUTER_BOUND('',#1453,.T.);
#785=FACE_OUTER_BOUND('',#1454,.T.);
#786=FACE_OUTER_BOUND('',#1455,.T.);
#787=FACE_OUTER_BOUND('',#1456,.T.);
#788=FACE_OUTER_BOUND('',#1457,.T.);
#789=FACE_OUTER_BOUND('',#1458,.T.);
#790=FACE_OUTER_BOUND('',#1459,.T.);
#791=FACE_OUTER_BOUND('',#1460,.T.);
#792=FACE_OUTER_BOUND('',#1461,.T.);
#793=FACE_OUTER_BOUND('',#1462,.T.);
#794=FACE_OUTER_BOUND('',#1463,.T.);
#795=FACE_OUTER_BOUND('',#1464,.T.);
#796=FACE_OUTER_BOUND('',#1465,.T.);
#797=FACE_OUTER_BOUND('',#1466,.T.);
#798=FACE_OUTER_BOUND('',#1467,.T.);
#799=FACE_OUTER_BOUND('',#1468,.T.);
#800=FACE_OUTER_BOUND('',#1469,.T.);
#801=FACE_OUTER_BOUND('',#1470,.T.);
#802=FACE_OUTER_BOUND('',#1471,.T.);
#803=FACE_OUTER_BOUND('',#1472,.T.);
#804=FACE_OUTER_BOUND('',#1473,.T.);
#805=FACE_OUTER_BOUND('',#1474,.T.);
#806=FACE_OUTER_BOUND('',#1475,.T.);
#807=FACE_OUTER_BOUND('',#1476,.T.);
#808=FACE_OUTER_BOUND('',#1477,.T.);
#809=FACE_OUTER_BOUND('',#1478,.T.);
#810=FACE_OUTER_BOUND('',#1479,.T.);
#811=FACE_OUTER_BOUND('',#1480,.T.);
#812=FACE_OUTER_BOUND('',#1481,.T.);
#813=FACE_OUTER_BOUND('',#1482,.T.);
#814=FACE_OUTER_BOUND('',#1483,.T.);
#815=FACE_OUTER_BOUND('',#1484,.T.);
#816=FACE_OUTER_BOUND('',#1485,.T.);
#817=FACE_OUTER_BOUND('',#1486,.T.);
#818=FACE_OUTER_BOUND('',#1487,.T.);
#819=FACE_OUTER_BOUND('',#1488,.T.);
#820=FACE_OUTER_BOUND('',#1489,.T.);
#821=FACE_OUTER_BOUND('',#1490,.T.);
#822=FACE_OUTER_BOUND('',#1491,.T.);
#823=FACE_OUTER_BOUND('',#1492,.T.);
#824=FACE_OUTER_BOUND('',#1493,.T.);
#825=FACE_OUTER_BOUND('',#1494,.T.);
#826=FACE_OUTER_BOUND('',#1495,.T.);
#827=FACE_OUTER_BOUND('',#1496,.T.);
#828=FACE_OUTER_BOUND('',#1497,.T.);
#829=FACE_OUTER_BOUND('',#1498,.T.);
#830=FACE_OUTER_BOUND('',#1499,.T.);
#831=FACE_OUTER_BOUND('',#1500,.T.);
#832=FACE_OUTER_BOUND('',#1501,.T.);
#833=FACE_OUTER_BOUND('',#1502,.T.);
#834=FACE_OUTER_BOUND('',#1503,.T.);
#835=FACE_OUTER_BOUND('',#1504,.T.);
#836=FACE_OUTER_BOUND('',#1505,.T.);
#837=FACE_OUTER_BOUND('',#1506,.T.);
#838=FACE_OUTER_BOUND('',#1507,.T.);
#839=FACE_OUTER_BOUND('',#1508,.T.);
#840=FACE_OUTER_BOUND('',#1509,.T.);
#841=FACE_OUTER_BOUND('',#1510,.T.);
#842=FACE_OUTER_BOUND('',#1511,.T.);
#843=FACE_OUTER_BOUND('',#1512,.T.);
#844=FACE_OUTER_BOUND('',#1513,.T.);
#845=FACE_OUTER_BOUND('',#1514,.T.);
#846=FACE_OUTER_BOUND('',#1515,.T.);
#847=FACE_OUTER_BOUND('',#1516,.T.);
#848=FACE_OUTER_BOUND('',#1517,.T.);
#849=FACE_OUTER_BOUND('',#1518,.T.);
#850=FACE_OUTER_BOUND('',#1519,.T.);
#851=FACE_OUTER_BOUND('',#1520,.T.);
#852=FACE_OUTER_BOUND('',#1521,.T.);
#853=FACE_OUTER_BOUND('',#1522,.T.);
#854=FACE_OUTER_BOUND('',#1523,.T.);
#855=FACE_OUTER_BOUND('',#1524,.T.);
#856=FACE_OUTER_BOUND('',#1525,.T.);
#857=FACE_OUTER_BOUND('',#1526,.T.);
#858=FACE_OUTER_BOUND('',#1527,.T.);
#859=FACE_OUTER_BOUND('',#1528,.T.);
#860=FACE_OUTER_BOUND('',#1529,.T.);
#861=FACE_OUTER_BOUND('',#1530,.T.);
#862=FACE_OUTER_BOUND('',#1531,.T.);
#863=FACE_OUTER_BOUND('',#1532,.T.);
#864=FACE_OUTER_BOUND('',#1533,.T.);
#865=FACE_OUTER_BOUND('',#1534,.T.);
#866=FACE_OUTER_BOUND('',#1535,.T.);
#867=FACE_OUTER_BOUND('',#1536,.T.);
#868=FACE_OUTER_BOUND('',#1537,.T.);
#869=FACE_OUTER_BOUND('',#1538,.T.);
#870=FACE_OUTER_BOUND('',#1539,.T.);
#871=FACE_OUTER_BOUND('',#1540,.T.);
#872=FACE_OUTER_BOUND('',#1541,.T.);
#873=FACE_OUTER_BOUND('',#1542,.T.);
#874=FACE_OUTER_BOUND('',#1543,.T.);
#875=FACE_OUTER_BOUND('',#1544,.T.);
#876=FACE_OUTER_BOUND('',#1545,.T.);
#877=FACE_OUTER_BOUND('',#1546,.T.);
#878=FACE_OUTER_BOUND('',#1547,.T.);
#879=FACE_OUTER_BOUND('',#1548,.T.);
#880=FACE_OUTER_BOUND('',#1549,.T.);
#881=FACE_OUTER_BOUND('',#1550,.T.);
#882=FACE_OUTER_BOUND('',#1551,.T.);
#883=FACE_OUTER_BOUND('',#1552,.T.);
#884=FACE_OUTER_BOUND('',#1553,.T.);
#885=FACE_OUTER_BOUND('',#1554,.T.);
#886=FACE_OUTER_BOUND('',#1555,.T.);
#887=FACE_OUTER_BOUND('',#1556,.T.);
#888=FACE_OUTER_BOUND('',#1557,.T.);
#889=FACE_OUTER_BOUND('',#1558,.T.);
#890=FACE_OUTER_BOUND('',#1559,.T.);
#891=FACE_OUTER_BOUND('',#1560,.T.);
#892=FACE_OUTER_BOUND('',#1561,.T.);
#893=FACE_OUTER_BOUND('',#1562,.T.);
#894=FACE_OUTER_BOUND('',#1563,.T.);
#895=FACE_OUTER_BOUND('',#1564,.T.);
#896=FACE_OUTER_BOUND('',#1565,.T.);
#897=FACE_OUTER_BOUND('',#1566,.T.);
#898=FACE_OUTER_BOUND('',#1567,.T.);
#899=FACE_OUTER_BOUND('',#1568,.T.);
#900=FACE_OUTER_BOUND('',#1569,.T.);
#901=FACE_OUTER_BOUND('',#1570,.T.);
#902=FACE_OUTER_BOUND('',#1571,.T.);
#903=FACE_OUTER_BOUND('',#1572,.T.);
#904=FACE_OUTER_BOUND('',#1573,.T.);
#905=FACE_OUTER_BOUND('',#1574,.T.);
#906=FACE_OUTER_BOUND('',#1575,.T.);
#907=FACE_OUTER_BOUND('',#1576,.T.);
#908=FACE_OUTER_BOUND('',#1577,.T.);
#909=FACE_OUTER_BOUND('',#1578,.T.);
#910=FACE_OUTER_BOUND('',#1579,.T.);
#911=FACE_OUTER_BOUND('',#1580,.T.);
#912=FACE_OUTER_BOUND('',#1581,.T.);
#913=FACE_OUTER_BOUND('',#1582,.T.);
#914=FACE_OUTER_BOUND('',#1583,.T.);
#915=FACE_OUTER_BOUND('',#1584,.T.);
#916=FACE_OUTER_BOUND('',#1585,.T.);
#917=FACE_OUTER_BOUND('',#1586,.T.);
#918=FACE_OUTER_BOUND('',#1587,.T.);
#919=FACE_OUTER_BOUND('',#1588,.T.);
#920=FACE_OUTER_BOUND('',#1589,.T.);
#921=FACE_OUTER_BOUND('',#1590,.T.);
#922=FACE_OUTER_BOUND('',#1591,.T.);
#923=FACE_OUTER_BOUND('',#1592,.T.);
#924=FACE_OUTER_BOUND('',#1593,.T.);
#925=FACE_OUTER_BOUND('',#1594,.T.);
#926=FACE_OUTER_BOUND('',#1595,.T.);
#927=FACE_OUTER_BOUND('',#1596,.T.);
#928=FACE_OUTER_BOUND('',#1597,.T.);
#929=FACE_OUTER_BOUND('',#1598,.T.);
#930=FACE_OUTER_BOUND('',#1599,.T.);
#931=FACE_OUTER_BOUND('',#1600,.T.);
#932=FACE_OUTER_BOUND('',#1601,.T.);
#933=FACE_OUTER_BOUND('',#1602,.T.);
#934=FACE_OUTER_BOUND('',#1603,.T.);
#935=FACE_OUTER_BOUND('',#1604,.T.);
#936=FACE_OUTER_BOUND('',#1605,.T.);
#937=FACE_OUTER_BOUND('',#1606,.T.);
#938=FACE_OUTER_BOUND('',#1607,.T.);
#939=FACE_OUTER_BOUND('',#1608,.T.);
#940=FACE_OUTER_BOUND('',#1609,.T.);
#941=FACE_OUTER_BOUND('',#1610,.T.);
#942=FACE_OUTER_BOUND('',#1611,.T.);
#943=FACE_OUTER_BOUND('',#1612,.T.);
#944=FACE_OUTER_BOUND('',#1613,.T.);
#945=FACE_OUTER_BOUND('',#1614,.T.);
#946=FACE_OUTER_BOUND('',#1615,.T.);
#947=FACE_OUTER_BOUND('',#1616,.T.);
#948=FACE_OUTER_BOUND('',#1617,.T.);
#949=FACE_OUTER_BOUND('',#1618,.T.);
#950=FACE_OUTER_BOUND('',#1619,.T.);
#951=FACE_OUTER_BOUND('',#1620,.T.);
#952=FACE_OUTER_BOUND('',#1621,.T.);
#953=FACE_OUTER_BOUND('',#1622,.T.);
#954=FACE_OUTER_BOUND('',#1623,.T.);
#955=FACE_OUTER_BOUND('',#1624,.T.);
#956=FACE_OUTER_BOUND('',#1625,.T.);
#957=FACE_OUTER_BOUND('',#1626,.T.);
#958=FACE_OUTER_BOUND('',#1627,.T.);
#959=FACE_OUTER_BOUND('',#1628,.T.);
#960=FACE_OUTER_BOUND('',#1629,.T.);
#961=FACE_OUTER_BOUND('',#1630,.T.);
#962=FACE_OUTER_BOUND('',#1631,.T.);
#963=FACE_OUTER_BOUND('',#1632,.T.);
#964=FACE_OUTER_BOUND('',#1633,.T.);
#965=FACE_OUTER_BOUND('',#1634,.T.);
#966=FACE_OUTER_BOUND('',#1635,.T.);
#967=FACE_OUTER_BOUND('',#1636,.T.);
#968=FACE_OUTER_BOUND('',#1637,.T.);
#969=FACE_OUTER_BOUND('',#1638,.T.);
#970=FACE_OUTER_BOUND('',#1639,.T.);
#971=FACE_OUTER_BOUND('',#1640,.T.);
#972=FACE_OUTER_BOUND('',#1641,.T.);
#973=FACE_OUTER_BOUND('',#1642,.T.);
#974=FACE_OUTER_BOUND('',#1643,.T.);
#975=FACE_OUTER_BOUND('',#1644,.T.);
#976=FACE_OUTER_BOUND('',#1645,.T.);
#977=FACE_OUTER_BOUND('',#1646,.T.);
#978=FACE_OUTER_BOUND('',#1647,.T.);
#979=FACE_OUTER_BOUND('',#1648,.T.);
#980=FACE_OUTER_BOUND('',#1649,.T.);
#981=FACE_OUTER_BOUND('',#1650,.T.);
#982=FACE_OUTER_BOUND('',#1651,.T.);
#983=FACE_OUTER_BOUND('',#1652,.T.);
#984=FACE_OUTER_BOUND('',#1653,.T.);
#985=FACE_OUTER_BOUND('',#1654,.T.);
#986=FACE_OUTER_BOUND('',#1655,.T.);
#987=FACE_OUTER_BOUND('',#1656,.T.);
#988=FACE_OUTER_BOUND('',#1657,.T.);
#989=FACE_OUTER_BOUND('',#1658,.T.);
#990=FACE_OUTER_BOUND('',#1659,.T.);
#991=FACE_OUTER_BOUND('',#1660,.T.);
#992=FACE_OUTER_BOUND('',#1661,.T.);
#993=FACE_OUTER_BOUND('',#1662,.T.);
#994=FACE_OUTER_BOUND('',#1663,.T.);
#995=FACE_OUTER_BOUND('',#1664,.T.);
#996=FACE_OUTER_BOUND('',#1665,.T.);
#997=FACE_OUTER_BOUND('',#1666,.T.);
#998=FACE_OUTER_BOUND('',#1667,.T.);
#999=FACE_OUTER_BOUND('',#1668,.T.);
#1000=FACE_OUTER_BOUND('',#1669,.T.);
#1001=FACE_OUTER_BOUND('',#1670,.T.);
#1002=FACE_OUTER_BOUND('',#1671,.T.);
#1003=FACE_OUTER_BOUND('',#1672,.T.);
#1004=FACE_OUTER_BOUND('',#1673,.T.);
#1005=FACE_OUTER_BOUND('',#1674,.T.);
#1006=FACE_OUTER_BOUND('',#1675,.T.);
#1007=FACE_OUTER_BOUND('',#1676,.T.);
#1008=FACE_OUTER_BOUND('',#1677,.T.);
#1009=FACE_OUTER_BOUND('',#1678,.T.);
#1010=FACE_OUTER_BOUND('',#1679,.T.);
#1011=FACE_OUTER_BOUND('',#1680,.T.);
#1012=FACE_OUTER_BOUND('',#1681,.T.);
#1013=FACE_OUTER_BOUND('',#1682,.T.);
#1014=FACE_OUTER_BOUND('',#1683,.T.);
#1015=FACE_OUTER_BOUND('',#1684,.T.);
#1016=FACE_OUTER_BOUND('',#1685,.T.);
#1017=FACE_OUTER_BOUND('',#1686,.T.);
#1018=FACE_OUTER_BOUND('',#1687,.T.);
#1019=FACE_OUTER_BOUND('',#1688,.T.);
#1020=FACE_OUTER_BOUND('',#1689,.T.);
#1021=FACE_OUTER_BOUND('',#1690,.T.);
#1022=FACE_OUTER_BOUND('',#1691,.T.);
#1023=FACE_OUTER_BOUND('',#1692,.T.);
#1024=FACE_OUTER_BOUND('',#1693,.T.);
#1025=FACE_OUTER_BOUND('',#1694,.T.);
#1026=FACE_OUTER_BOUND('',#1695,.T.);
#1027=FACE_OUTER_BOUND('',#1696,.T.);
#1028=FACE_OUTER_BOUND('',#1697,.T.);
#1029=FACE_OUTER_BOUND('',#1698,.T.);
#1030=FACE_OUTER_BOUND('',#1699,.T.);
#1031=FACE_OUTER_BOUND('',#1700,.T.);
#1032=FACE_OUTER_BOUND('',#1701,.T.);
#1033=FACE_OUTER_BOUND('',#1702,.T.);
#1034=FACE_OUTER_BOUND('',#1703,.T.);
#1035=FACE_OUTER_BOUND('',#1704,.T.);
#1036=FACE_OUTER_BOUND('',#1705,.T.);
#1037=FACE_OUTER_BOUND('',#1706,.T.);
#1038=FACE_OUTER_BOUND('',#1707,.T.);
#1039=FACE_OUTER_BOUND('',#1708,.T.);
#1040=FACE_OUTER_BOUND('',#1709,.T.);
#1041=FACE_OUTER_BOUND('',#1710,.T.);
#1042=FACE_OUTER_BOUND('',#1711,.T.);
#1043=FACE_OUTER_BOUND('',#1712,.T.);
#1044=FACE_OUTER_BOUND('',#1713,.T.);
#1045=FACE_OUTER_BOUND('',#1714,.T.);
#1046=FACE_OUTER_BOUND('',#1715,.T.);
#1047=FACE_OUTER_BOUND('',#1716,.T.);
#1048=FACE_OUTER_BOUND('',#1717,.T.);
#1049=FACE_OUTER_BOUND('',#1718,.T.);
#1050=FACE_OUTER_BOUND('',#1719,.T.);
#1051=FACE_OUTER_BOUND('',#1720,.T.);
#1052=FACE_OUTER_BOUND('',#1721,.T.);
#1053=FACE_OUTER_BOUND('',#1722,.T.);
#1054=FACE_OUTER_BOUND('',#1723,.T.);
#1055=FACE_OUTER_BOUND('',#1724,.T.);
#1056=FACE_OUTER_BOUND('',#1725,.T.);
#1057=FACE_OUTER_BOUND('',#1726,.T.);
#1058=FACE_OUTER_BOUND('',#1727,.T.);
#1059=FACE_OUTER_BOUND('',#1728,.T.);
#1060=FACE_OUTER_BOUND('',#1729,.T.);
#1061=FACE_OUTER_BOUND('',#1730,.T.);
#1062=FACE_OUTER_BOUND('',#1731,.T.);
#1063=FACE_OUTER_BOUND('',#1732,.T.);
#1064=FACE_OUTER_BOUND('',#1733,.T.);
#1065=FACE_OUTER_BOUND('',#1734,.T.);
#1066=FACE_OUTER_BOUND('',#1735,.T.);
#1067=FACE_OUTER_BOUND('',#1736,.T.);
#1068=FACE_OUTER_BOUND('',#1737,.T.);
#1069=FACE_OUTER_BOUND('',#1738,.T.);
#1070=FACE_OUTER_BOUND('',#1739,.T.);
#1071=FACE_OUTER_BOUND('',#1740,.T.);
#1072=FACE_OUTER_BOUND('',#1741,.T.);
#1073=FACE_OUTER_BOUND('',#1742,.T.);
#1074=FACE_OUTER_BOUND('',#1743,.T.);
#1075=FACE_OUTER_BOUND('',#1744,.T.);
#1076=FACE_OUTER_BOUND('',#1745,.T.);
#1077=FACE_OUTER_BOUND('',#1746,.T.);
#1078=FACE_OUTER_BOUND('',#1747,.T.);
#1079=FACE_OUTER_BOUND('',#1748,.T.);
#1080=FACE_OUTER_BOUND('',#1749,.T.);
#1081=FACE_OUTER_BOUND('',#1750,.T.);
#1082=FACE_OUTER_BOUND('',#1751,.T.);
#1083=FACE_OUTER_BOUND('',#1752,.T.);
#1084=FACE_OUTER_BOUND('',#1753,.T.);
#1085=FACE_OUTER_BOUND('',#1754,.T.);
#1086=FACE_OUTER_BOUND('',#1755,.T.);
#1087=FACE_OUTER_BOUND('',#1756,.T.);
#1088=FACE_OUTER_BOUND('',#1757,.T.);
#1089=FACE_OUTER_BOUND('',#1758,.T.);
#1090=FACE_OUTER_BOUND('',#1759,.T.);
#1091=FACE_OUTER_BOUND('',#1760,.T.);
#1092=FACE_OUTER_BOUND('',#1761,.T.);
#1093=FACE_OUTER_BOUND('',#1762,.T.);
#1094=FACE_OUTER_BOUND('',#1763,.T.);
#1095=FACE_OUTER_BOUND('',#1764,.T.);
#1096=FACE_OUTER_BOUND('',#1765,.T.);
#1097=FACE_OUTER_BOUND('',#1766,.T.);
#1098=FACE_OUTER_BOUND('',#1767,.T.);
#1099=FACE_OUTER_BOUND('',#1768,.T.);
#1100=FACE_OUTER_BOUND('',#1769,.T.);
#1101=FACE_OUTER_BOUND('',#1770,.T.);
#1102=FACE_OUTER_BOUND('',#1771,.T.);
#1103=FACE_OUTER_BOUND('',#1772,.T.);
#1104=FACE_OUTER_BOUND('',#1773,.T.);
#1105=FACE_OUTER_BOUND('',#1774,.T.);
#1106=FACE_OUTER_BOUND('',#1775,.T.);
#1107=FACE_OUTER_BOUND('',#1776,.T.);
#1108=FACE_OUTER_BOUND('',#1777,.T.);
#1109=FACE_OUTER_BOUND('',#1778,.T.);
#1110=FACE_OUTER_BOUND('',#1779,.T.);
#1111=FACE_OUTER_BOUND('',#1780,.T.);
#1112=FACE_OUTER_BOUND('',#1781,.T.);
#1113=FACE_OUTER_BOUND('',#1782,.T.);
#1114=FACE_OUTER_BOUND('',#1783,.T.);
#1115=FACE_OUTER_BOUND('',#1784,.T.);
#1116=FACE_OUTER_BOUND('',#1785,.T.);
#1117=FACE_OUTER_BOUND('',#1786,.T.);
#1118=FACE_OUTER_BOUND('',#1787,.T.);
#1119=FACE_OUTER_BOUND('',#1788,.T.);
#1120=FACE_OUTER_BOUND('',#1789,.T.);
#1121=FACE_OUTER_BOUND('',#1790,.T.);
#1122=FACE_OUTER_BOUND('',#1791,.T.);
#1123=FACE_OUTER_BOUND('',#1792,.T.);
#1124=FACE_OUTER_BOUND('',#1793,.T.);
#1125=FACE_OUTER_BOUND('',#1794,.T.);
#1126=FACE_OUTER_BOUND('',#1795,.T.);
#1127=FACE_OUTER_BOUND('',#1796,.T.);
#1128=FACE_OUTER_BOUND('',#1797,.T.);
#1129=FACE_OUTER_BOUND('',#1798,.T.);
#1130=FACE_OUTER_BOUND('',#1799,.T.);
#1131=FACE_OUTER_BOUND('',#1800,.T.);
#1132=FACE_OUTER_BOUND('',#1801,.T.);
#1133=FACE_OUTER_BOUND('',#1802,.T.);
#1134=FACE_OUTER_BOUND('',#1803,.T.);
#1135=FACE_OUTER_BOUND('',#1804,.T.);
#1136=FACE_OUTER_BOUND('',#1805,.T.);
#1137=FACE_OUTER_BOUND('',#1806,.T.);
#1138=FACE_OUTER_BOUND('',#1807,.T.);
#1139=FACE_OUTER_BOUND('',#1808,.T.);
#1140=FACE_OUTER_BOUND('',#1809,.T.);
#1141=FACE_OUTER_BOUND('',#1810,.T.);
#1142=FACE_OUTER_BOUND('',#1811,.T.);
#1143=FACE_OUTER_BOUND('',#1812,.T.);
#1144=FACE_OUTER_BOUND('',#1813,.T.);
#1145=FACE_OUTER_BOUND('',#1814,.T.);
#1146=FACE_OUTER_BOUND('',#1815,.T.);
#1147=FACE_OUTER_BOUND('',#1816,.T.);
#1148=FACE_OUTER_BOUND('',#1817,.T.);
#1149=FACE_OUTER_BOUND('',#1818,.T.);
#1150=FACE_OUTER_BOUND('',#1819,.T.);
#1151=FACE_OUTER_BOUND('',#1820,.T.);
#1152=FACE_OUTER_BOUND('',#1821,.T.);
#1153=FACE_OUTER_BOUND('',#1822,.T.);
#1154=FACE_OUTER_BOUND('',#1823,.T.);
#1155=FACE_OUTER_BOUND('',#1824,.T.);
#1156=FACE_OUTER_BOUND('',#1825,.T.);
#1157=FACE_OUTER_BOUND('',#1826,.T.);
#1158=FACE_OUTER_BOUND('',#1827,.T.);
#1159=FACE_OUTER_BOUND('',#1828,.T.);
#1160=FACE_OUTER_BOUND('',#1829,.T.);
#1161=FACE_OUTER_BOUND('',#1830,.T.);
#1162=FACE_OUTER_BOUND('',#1831,.T.);
#1163=FACE_OUTER_BOUND('',#1832,.T.);
#1164=FACE_OUTER_BOUND('',#1833,.T.);
#1165=FACE_OUTER_BOUND('',#1834,.T.);
#1166=FACE_OUTER_BOUND('',#1835,.T.);
#1167=FACE_OUTER_BOUND('',#1836,.T.);
#1168=FACE_OUTER_BOUND('',#1837,.T.);
#1169=FACE_OUTER_BOUND('',#1838,.T.);
#1170=FACE_OUTER_BOUND('',#1839,.T.);
#1171=FACE_OUTER_BOUND('',#1840,.T.);
#1172=FACE_OUTER_BOUND('',#1841,.T.);
#1173=FACE_OUTER_BOUND('',#1842,.T.);
#1174=FACE_OUTER_BOUND('',#1843,.T.);
#1175=FACE_OUTER_BOUND('',#1844,.T.);
#1176=FACE_OUTER_BOUND('',#1845,.T.);
#1177=FACE_OUTER_BOUND('',#1846,.T.);
#1178=FACE_OUTER_BOUND('',#1847,.T.);
#1179=FACE_OUTER_BOUND('',#1848,.T.);
#1180=FACE_OUTER_BOUND('',#1849,.T.);
#1181=FACE_OUTER_BOUND('',#1850,.T.);
#1182=FACE_OUTER_BOUND('',#1851,.T.);
#1183=FACE_OUTER_BOUND('',#1852,.T.);
#1184=FACE_OUTER_BOUND('',#1853,.T.);
#1185=FACE_OUTER_BOUND('',#1854,.T.);
#1186=FACE_OUTER_BOUND('',#1855,.T.);
#1187=FACE_OUTER_BOUND('',#1856,.T.);
#1188=FACE_OUTER_BOUND('',#1857,.T.);
#1189=FACE_OUTER_BOUND('',#1858,.T.);
#1190=FACE_OUTER_BOUND('',#1859,.T.);
#1191=FACE_OUTER_BOUND('',#1860,.T.);
#1192=FACE_OUTER_BOUND('',#1861,.T.);
#1193=FACE_OUTER_BOUND('',#1862,.T.);
#1194=FACE_OUTER_BOUND('',#1863,.T.);
#1195=FACE_OUTER_BOUND('',#1864,.T.);
#1196=FACE_OUTER_BOUND('',#1865,.T.);
#1197=FACE_OUTER_BOUND('',#1866,.T.);
#1198=FACE_OUTER_BOUND('',#1867,.T.);
#1199=FACE_OUTER_BOUND('',#1868,.T.);
#1200=FACE_OUTER_BOUND('',#1869,.T.);
#1201=FACE_OUTER_BOUND('',#1870,.T.);
#1202=FACE_OUTER_BOUND('',#1871,.T.);
#1203=FACE_OUTER_BOUND('',#1872,.T.);
#1204=FACE_OUTER_BOUND('',#1873,.T.);
#1205=FACE_OUTER_BOUND('',#1874,.T.);
#1206=FACE_OUTER_BOUND('',#1875,.T.);
#1207=FACE_OUTER_BOUND('',#1876,.T.);
#1208=FACE_OUTER_BOUND('',#1877,.T.);
#1209=FACE_OUTER_BOUND('',#1878,.T.);
#1210=FACE_OUTER_BOUND('',#1879,.T.);
#1211=FACE_OUTER_BOUND('',#1880,.T.);
#1212=FACE_OUTER_BOUND('',#1881,.T.);
#1213=FACE_OUTER_BOUND('',#1882,.T.);
#1214=FACE_OUTER_BOUND('',#1883,.T.);
#1215=FACE_OUTER_BOUND('',#1884,.T.);
#1216=FACE_OUTER_BOUND('',#1885,.T.);
#1217=FACE_OUTER_BOUND('',#1886,.T.);
#1218=FACE_OUTER_BOUND('',#1887,.T.);
#1219=FACE_OUTER_BOUND('',#1888,.T.);
#1220=FACE_OUTER_BOUND('',#1889,.T.);
#1221=FACE_OUTER_BOUND('',#1890,.T.);
#1222=FACE_OUTER_BOUND('',#1891,.T.);
#1223=FACE_OUTER_BOUND('',#1892,.T.);
#1224=FACE_OUTER_BOUND('',#1893,.T.);
#1225=FACE_OUTER_BOUND('',#1894,.T.);
#1226=FACE_OUTER_BOUND('',#1895,.T.);
#1227=FACE_OUTER_BOUND('',#1896,.T.);
#1228=FACE_OUTER_BOUND('',#1897,.T.);
#1229=FACE_OUTER_BOUND('',#1898,.T.);
#1230=FACE_OUTER_BOUND('',#1899,.T.);
#1231=FACE_OUTER_BOUND('',#1900,.T.);
#1232=FACE_OUTER_BOUND('',#1901,.T.);
#1233=FACE_OUTER_BOUND('',#1902,.T.);
#1234=FACE_OUTER_BOUND('',#1903,.T.);
#1235=FACE_OUTER_BOUND('',#1904,.T.);
#1236=FACE_OUTER_BOUND('',#1905,.T.);
#1237=FACE_OUTER_BOUND('',#1906,.T.);
#1238=FACE_OUTER_BOUND('',#1907,.T.);
#1239=FACE_OUTER_BOUND('',#1908,.T.);
#1240=FACE_OUTER_BOUND('',#1909,.T.);
#1241=FACE_OUTER_BOUND('',#1910,.T.);
#1242=FACE_OUTER_BOUND('',#1911,.T.);
#1243=FACE_OUTER_BOUND('',#1912,.T.);
#1244=FACE_OUTER_BOUND('',#1913,.T.);
#1245=FACE_OUTER_BOUND('',#1914,.T.);
#1246=FACE_OUTER_BOUND('',#1915,.T.);
#1247=FACE_OUTER_BOUND('',#1916,.T.);
#1248=FACE_OUTER_BOUND('',#1917,.T.);
#1249=FACE_OUTER_BOUND('',#1918,.T.);
#1250=FACE_OUTER_BOUND('',#1919,.T.);
#1251=FACE_OUTER_BOUND('',#1920,.T.);
#1252=FACE_OUTER_BOUND('',#1921,.T.);
#1253=FACE_OUTER_BOUND('',#1922,.T.);
#1254=FACE_OUTER_BOUND('',#1923,.T.);
#1255=FACE_OUTER_BOUND('',#1924,.T.);
#1256=FACE_OUTER_BOUND('',#1925,.T.);
#1257=FACE_OUTER_BOUND('',#1926,.T.);
#1258=FACE_OUTER_BOUND('',#1927,.T.);
#1259=FACE_OUTER_BOUND('',#1928,.T.);
#1260=FACE_OUTER_BOUND('',#1929,.T.);
#1261=FACE_OUTER_BOUND('',#1930,.T.);
#1262=FACE_OUTER_BOUND('',#1931,.T.);
#1263=FACE_OUTER_BOUND('',#1932,.T.);
#1264=FACE_OUTER_BOUND('',#1933,.T.);
#1265=FACE_OUTER_BOUND('',#1934,.T.);
#1266=FACE_OUTER_BOUND('',#1935,.T.);
#1267=FACE_OUTER_BOUND('',#1936,.T.);
#1268=FACE_OUTER_BOUND('',#1937,.T.);
#1269=FACE_OUTER_BOUND('',#1938,.T.);
#1270=FACE_OUTER_BOUND('',#1939,.T.);
#1271=FACE_OUTER_BOUND('',#1940,.T.);
#1272=FACE_OUTER_BOUND('',#1941,.T.);
#1273=FACE_OUTER_BOUND('',#1942,.T.);
#1274=FACE_OUTER_BOUND('',#1943,.T.);
#1275=FACE_OUTER_BOUND('',#1944,.T.);
#1276=FACE_OUTER_BOUND('',#1945,.T.);
#1277=FACE_OUTER_BOUND('',#1946,.T.);
#1278=FACE_OUTER_BOUND('',#1947,.T.);
#1279=FACE_OUTER_BOUND('',#1948,.T.);
#1280=FACE_OUTER_BOUND('',#1949,.T.);
#1281=FACE_OUTER_BOUND('',#1950,.T.);
#1282=FACE_OUTER_BOUND('',#1951,.T.);
#1283=FACE_OUTER_BOUND('',#1952,.T.);
#1284=FACE_OUTER_BOUND('',#1953,.T.);
#1285=FACE_OUTER_BOUND('',#1954,.T.);
#1286=FACE_OUTER_BOUND('',#1955,.T.);
#1287=FACE_OUTER_BOUND('',#1956,.T.);
#1288=FACE_OUTER_BOUND('',#1957,.T.);
#1289=FACE_OUTER_BOUND('',#1958,.T.);
#1290=FACE_OUTER_BOUND('',#1959,.T.);
#1291=FACE_OUTER_BOUND('',#1960,.T.);
#1292=FACE_OUTER_BOUND('',#1961,.T.);
#1293=FACE_OUTER_BOUND('',#1962,.T.);
#1294=FACE_OUTER_BOUND('',#1963,.T.);
#1295=FACE_OUTER_BOUND('',#1964,.T.);
#1296=FACE_OUTER_BOUND('',#1965,.T.);
#1297=FACE_OUTER_BOUND('',#1966,.T.);
#1298=FACE_OUTER_BOUND('',#1967,.T.);
#1299=FACE_OUTER_BOUND('',#1968,.T.);
#1300=FACE_OUTER_BOUND('',#1969,.T.);
#1301=FACE_OUTER_BOUND('',#1970,.T.);
#1302=FACE_OUTER_BOUND('',#1971,.T.);
#1303=FACE_OUTER_BOUND('',#1972,.T.);
#1304=FACE_OUTER_BOUND('',#1973,.T.);
#1305=FACE_OUTER_BOUND('',#1974,.T.);
#1306=FACE_OUTER_BOUND('',#1975,.T.);
#1307=FACE_OUTER_BOUND('',#1976,.T.);
#1308=FACE_OUTER_BOUND('',#1977,.T.);
#1309=FACE_OUTER_BOUND('',#1978,.T.);
#1310=FACE_OUTER_BOUND('',#1979,.T.);
#1311=FACE_OUTER_BOUND('',#1980,.T.);
#1312=FACE_OUTER_BOUND('',#1981,.T.);
#1313=FACE_OUTER_BOUND('',#1982,.T.);
#1314=FACE_OUTER_BOUND('',#1983,.T.);
#1315=FACE_OUTER_BOUND('',#1984,.T.);
#1316=FACE_OUTER_BOUND('',#1985,.T.);
#1317=FACE_OUTER_BOUND('',#1986,.T.);
#1318=FACE_OUTER_BOUND('',#1987,.T.);
#1319=FACE_OUTER_BOUND('',#1988,.T.);
#1320=FACE_OUTER_BOUND('',#1989,.T.);
#1321=FACE_OUTER_BOUND('',#1990,.T.);
#1322=FACE_OUTER_BOUND('',#1991,.T.);
#1323=FACE_OUTER_BOUND('',#1992,.T.);
#1324=FACE_OUTER_BOUND('',#1993,.T.);
#1325=FACE_OUTER_BOUND('',#1994,.T.);
#1326=FACE_OUTER_BOUND('',#1995,.T.);
#1327=FACE_OUTER_BOUND('',#1996,.T.);
#1328=FACE_OUTER_BOUND('',#1997,.T.);
#1329=FACE_OUTER_BOUND('',#1998,.T.);
#1330=FACE_OUTER_BOUND('',#1999,.T.);
#1331=FACE_OUTER_BOUND('',#2000,.T.);
#1332=FACE_OUTER_BOUND('',#2001,.T.);
#1333=FACE_OUTER_BOUND('',#2002,.T.);
#1334=FACE_OUTER_BOUND('',#2003,.T.);
#1335=FACE_OUTER_BOUND('',#2004,.T.);
#1336=FACE_OUTER_BOUND('',#2005,.T.);
#1337=FACE_OUTER_BOUND('',#2006,.T.);
#1338=FACE_OUTER_BOUND('',#2007,.T.);
#1339=FACE_OUTER_BOUND('',#2008,.T.);
#1340=FACE_OUTER_BOUND('',#2009,.T.);
#1341=FACE_OUTER_BOUND('',#2010,.T.);
#1342=FACE_OUTER_BOUND('',#2011,.T.);
#1343=FACE_OUTER_BOUND('',#2012,.T.);
#1344=FACE_OUTER_BOUND('',#2013,.T.);
#1345=FACE_OUTER_BOUND('',#2014,.T.);
#1346=FACE_OUTER_BOUND('',#2015,.T.);
#1347=FACE_OUTER_BOUND('',#2016,.T.);
#1348=FACE_OUTER_BOUND('',#2017,.T.);
#1349=FACE_OUTER_BOUND('',#2018,.T.);
#1350=FACE_OUTER_BOUND('',#2019,.T.);
#1351=FACE_OUTER_BOUND('',#2020,.T.);
#1352=FACE_OUTER_BOUND('',#2021,.T.);
#1353=FACE_OUTER_BOUND('',#2022,.T.);
#1354=FACE_OUTER_BOUND('',#2023,.T.);
#1355=FACE_OUTER_BOUND('',#2024,.T.);
#1356=FACE_OUTER_BOUND('',#2025,.T.);
#1357=FACE_OUTER_BOUND('',#2026,.T.);
#1358=FACE_OUTER_BOUND('',#2027,.T.);
#1359=FACE_OUTER_BOUND('',#2028,.T.);
#1360=FACE_OUTER_BOUND('',#2029,.T.);
#1361=FACE_OUTER_BOUND('',#2030,.T.);
#1362=FACE_OUTER_BOUND('',#2031,.T.);
#1363=FACE_OUTER_BOUND('',#2032,.T.);
#1364=FACE_OUTER_BOUND('',#2033,.T.);
#1365=FACE_OUTER_BOUND('',#2034,.T.);
#1366=FACE_OUTER_BOUND('',#2035,.T.);
#1367=FACE_OUTER_BOUND('',#2036,.T.);
#1368=FACE_OUTER_BOUND('',#2037,.T.);
#1369=FACE_OUTER_BOUND('',#2038,.T.);
#1370=FACE_OUTER_BOUND('',#2039,.T.);
#1371=FACE_OUTER_BOUND('',#2040,.T.);
#1372=FACE_OUTER_BOUND('',#2041,.T.);
#1373=FACE_OUTER_BOUND('',#2042,.T.);
#1374=FACE_OUTER_BOUND('',#2043,.T.);
#1375=FACE_OUTER_BOUND('',#2044,.T.);
#1376=FACE_OUTER_BOUND('',#2045,.T.);
#1377=FACE_OUTER_BOUND('',#2046,.T.);
#1378=FACE_OUTER_BOUND('',#2047,.T.);
#1379=FACE_OUTER_BOUND('',#2048,.T.);
#1380=FACE_OUTER_BOUND('',#2049,.T.);
#1381=FACE_OUTER_BOUND('',#2050,.T.);
#1382=FACE_OUTER_BOUND('',#2051,.T.);
#1383=FACE_OUTER_BOUND('',#2052,.T.);
#1384=FACE_OUTER_BOUND('',#2053,.T.);
#1385=FACE_OUTER_BOUND('',#2054,.T.);
#1386=FACE_OUTER_BOUND('',#2055,.T.);
#1387=FACE_OUTER_BOUND('',#2056,.T.);
#1388=FACE_OUTER_BOUND('',#2057,.T.);
#1389=FACE_OUTER_BOUND('',#2058,.T.);
#1390=FACE_OUTER_BOUND('',#2059,.T.);
#1391=FACE_OUTER_BOUND('',#2060,.T.);
#1392=FACE_OUTER_BOUND('',#2061,.T.);
#1393=FACE_OUTER_BOUND('',#2062,.T.);
#1394=FACE_OUTER_BOUND('',#2063,.T.);
#1395=FACE_OUTER_BOUND('',#2064,.T.);
#1396=FACE_OUTER_BOUND('',#2065,.T.);
#1397=FACE_OUTER_BOUND('',#2066,.T.);
#1398=FACE_OUTER_BOUND('',#2067,.T.);
#1399=FACE_OUTER_BOUND('',#2068,.T.);
#1400=FACE_OUTER_BOUND('',#2069,.T.);
#1401=FACE_OUTER_BOUND('',#2070,.T.);
#1402=FACE_OUTER_BOUND('',#2071,.T.);
#1403=FACE_OUTER_BOUND('',#2072,.T.);
#1404=FACE_OUTER_BOUND('',#2073,.T.);
#1405=FACE_OUTER_BOUND('',#2074,.T.);
#1406=FACE_OUTER_BOUND('',#2075,.T.);
#1407=FACE_OUTER_BOUND('',#2076,.T.);
#1408=FACE_OUTER_BOUND('',#2077,.T.);
#1409=FACE_OUTER_BOUND('',#2078,.T.);
#1410=FACE_OUTER_BOUND('',#2079,.T.);
#1411=FACE_OUTER_BOUND('',#2080,.T.);
#1412=FACE_OUTER_BOUND('',#2081,.T.);
#1413=FACE_OUTER_BOUND('',#2082,.T.);
#1414=FACE_OUTER_BOUND('',#2083,.T.);
#1415=FACE_OUTER_BOUND('',#2084,.T.);
#1416=FACE_OUTER_BOUND('',#2085,.T.);
#1417=FACE_OUTER_BOUND('',#2086,.T.);
#1418=FACE_OUTER_BOUND('',#2087,.T.);
#1419=FACE_OUTER_BOUND('',#2088,.T.);
#1420=FACE_OUTER_BOUND('',#2089,.T.);
#1421=FACE_OUTER_BOUND('',#2090,.T.);
#1422=FACE_OUTER_BOUND('',#2091,.T.);
#1423=FACE_OUTER_BOUND('',#2092,.T.);
#1424=FACE_OUTER_BOUND('',#2093,.T.);
#1425=FACE_OUTER_BOUND('',#2094,.T.);
#1426=FACE_OUTER_BOUND('',#2095,.T.);
#1427=FACE_OUTER_BOUND('',#2096,.T.);
#1428=FACE_OUTER_BOUND('',#2097,.T.);
#1429=FACE_OUTER_BOUND('',#2099,.T.);
#1430=EDGE_LOOP('',(#6036,#6037,#6038,#6039,#6040,#6041,#6042,#6043));
#1431=EDGE_LOOP('',(#6044,#6045,#6046,#6047,#6048,#6049,#6050,#6051,#6052,
#6053,#6054));
#1432=EDGE_LOOP('',(#6055,#6056,#6057,#6058));
#1433=EDGE_LOOP('',(#6059,#6060,#6061,#6062));
#1434=EDGE_LOOP('',(#6063,#6064,#6065,#6066));
#1435=EDGE_LOOP('',(#6067,#6068,#6069,#6070,#6071,#6072,#6073,#6074));
#1436=EDGE_LOOP('',(#6075,#6076,#6077,#6078,#6079,#6080,#6081,#6082,#6083,
#6084,#6085));
#1437=EDGE_LOOP('',(#6086,#6087,#6088,#6089));
#1438=EDGE_LOOP('',(#6090,#6091,#6092,#6093));
#1439=EDGE_LOOP('',(#6094,#6095,#6096,#6097));
#1440=EDGE_LOOP('',(#6098,#6099,#6100,#6101));
#1441=EDGE_LOOP('',(#6102,#6103,#6104,#6105));
#1442=EDGE_LOOP('',(#6106,#6107,#6108,#6109));
#1443=EDGE_LOOP('',(#6110,#6111,#6112,#6113));
#1444=EDGE_LOOP('',(#6114,#6115,#6116,#6117));
#1445=EDGE_LOOP('',(#6118,#6119,#6120,#6121));
#1446=EDGE_LOOP('',(#6122,#6123,#6124,#6125));
#1447=EDGE_LOOP('',(#6126,#6127,#6128,#6129));
#1448=EDGE_LOOP('',(#6130,#6131,#6132,#6133));
#1449=EDGE_LOOP('',(#6134,#6135,#6136,#6137));
#1450=EDGE_LOOP('',(#6138,#6139,#6140,#6141));
#1451=EDGE_LOOP('',(#6142,#6143,#6144,#6145));
#1452=EDGE_LOOP('',(#6146,#6147,#6148,#6149));
#1453=EDGE_LOOP('',(#6150,#6151,#6152,#6153));
#1454=EDGE_LOOP('',(#6154,#6155,#6156,#6157));
#1455=EDGE_LOOP('',(#6158,#6159,#6160,#6161));
#1456=EDGE_LOOP('',(#6162,#6163,#6164,#6165));
#1457=EDGE_LOOP('',(#6166,#6167,#6168,#6169));
#1458=EDGE_LOOP('',(#6170,#6171,#6172,#6173));
#1459=EDGE_LOOP('',(#6174,#6175,#6176,#6177));
#1460=EDGE_LOOP('',(#6178,#6179,#6180,#6181));
#1461=EDGE_LOOP('',(#6182,#6183,#6184,#6185));
#1462=EDGE_LOOP('',(#6186,#6187,#6188,#6189));
#1463=EDGE_LOOP('',(#6190,#6191,#6192,#6193));
#1464=EDGE_LOOP('',(#6194,#6195,#6196,#6197));
#1465=EDGE_LOOP('',(#6198,#6199,#6200,#6201));
#1466=EDGE_LOOP('',(#6202,#6203,#6204,#6205));
#1467=EDGE_LOOP('',(#6206,#6207,#6208,#6209));
#1468=EDGE_LOOP('',(#6210,#6211,#6212,#6213));
#1469=EDGE_LOOP('',(#6214,#6215,#6216,#6217));
#1470=EDGE_LOOP('',(#6218,#6219,#6220,#6221));
#1471=EDGE_LOOP('',(#6222,#6223,#6224,#6225));
#1472=EDGE_LOOP('',(#6226,#6227,#6228,#6229));
#1473=EDGE_LOOP('',(#6230,#6231,#6232,#6233));
#1474=EDGE_LOOP('',(#6234,#6235,#6236,#6237));
#1475=EDGE_LOOP('',(#6238,#6239,#6240,#6241));
#1476=EDGE_LOOP('',(#6242,#6243,#6244,#6245));
#1477=EDGE_LOOP('',(#6246,#6247,#6248,#6249));
#1478=EDGE_LOOP('',(#6250,#6251,#6252,#6253));
#1479=EDGE_LOOP('',(#6254,#6255,#6256,#6257));
#1480=EDGE_LOOP('',(#6258,#6259,#6260,#6261));
#1481=EDGE_LOOP('',(#6262,#6263,#6264,#6265));
#1482=EDGE_LOOP('',(#6266,#6267,#6268,#6269));
#1483=EDGE_LOOP('',(#6270,#6271,#6272,#6273));
#1484=EDGE_LOOP('',(#6274,#6275,#6276,#6277));
#1485=EDGE_LOOP('',(#6278,#6279,#6280,#6281));
#1486=EDGE_LOOP('',(#6282,#6283,#6284,#6285));
#1487=EDGE_LOOP('',(#6286,#6287,#6288,#6289));
#1488=EDGE_LOOP('',(#6290,#6291,#6292,#6293));
#1489=EDGE_LOOP('',(#6294,#6295,#6296,#6297));
#1490=EDGE_LOOP('',(#6298,#6299,#6300,#6301));
#1491=EDGE_LOOP('',(#6302,#6303,#6304,#6305));
#1492=EDGE_LOOP('',(#6306,#6307,#6308,#6309));
#1493=EDGE_LOOP('',(#6310,#6311,#6312,#6313,#6314,#6315,#6316,#6317));
#1494=EDGE_LOOP('',(#6318,#6319,#6320,#6321,#6322,#6323,#6324,#6325));
#1495=EDGE_LOOP('',(#6326,#6327,#6328,#6329));
#1496=EDGE_LOOP('',(#6330,#6331,#6332,#6333));
#1497=EDGE_LOOP('',(#6334,#6335,#6336,#6337));
#1498=EDGE_LOOP('',(#6338,#6339,#6340,#6341));
#1499=EDGE_LOOP('',(#6342,#6343,#6344,#6345));
#1500=EDGE_LOOP('',(#6346,#6347,#6348,#6349));
#1501=EDGE_LOOP('',(#6350,#6351,#6352,#6353));
#1502=EDGE_LOOP('',(#6354,#6355,#6356,#6357));
#1503=EDGE_LOOP('',(#6358,#6359,#6360,#6361));
#1504=EDGE_LOOP('',(#6362,#6363,#6364,#6365));
#1505=EDGE_LOOP('',(#6366,#6367,#6368,#6369));
#1506=EDGE_LOOP('',(#6370,#6371,#6372,#6373));
#1507=EDGE_LOOP('',(#6374,#6375,#6376,#6377));
#1508=EDGE_LOOP('',(#6378,#6379,#6380,#6381));
#1509=EDGE_LOOP('',(#6382,#6383,#6384,#6385));
#1510=EDGE_LOOP('',(#6386,#6387,#6388,#6389));
#1511=EDGE_LOOP('',(#6390,#6391,#6392,#6393));
#1512=EDGE_LOOP('',(#6394,#6395,#6396,#6397));
#1513=EDGE_LOOP('',(#6398,#6399,#6400,#6401));
#1514=EDGE_LOOP('',(#6402,#6403,#6404,#6405));
#1515=EDGE_LOOP('',(#6406,#6407,#6408,#6409));
#1516=EDGE_LOOP('',(#6410,#6411,#6412,#6413));
#1517=EDGE_LOOP('',(#6414,#6415,#6416,#6417));
#1518=EDGE_LOOP('',(#6418,#6419,#6420,#6421));
#1519=EDGE_LOOP('',(#6422,#6423,#6424,#6425));
#1520=EDGE_LOOP('',(#6426));
#1521=EDGE_LOOP('',(#6427));
#1522=EDGE_LOOP('',(#6428,#6429,#6430,#6431));
#1523=EDGE_LOOP('',(#6432,#6433,#6434,#6435));
#1524=EDGE_LOOP('',(#6436,#6437,#6438,#6439));
#1525=EDGE_LOOP('',(#6440,#6441,#6442,#6443));
#1526=EDGE_LOOP('',(#6444,#6445,#6446,#6447));
#1527=EDGE_LOOP('',(#6448,#6449,#6450,#6451));
#1528=EDGE_LOOP('',(#6452,#6453,#6454,#6455));
#1529=EDGE_LOOP('',(#6456,#6457,#6458,#6459));
#1530=EDGE_LOOP('',(#6460,#6461,#6462,#6463));
#1531=EDGE_LOOP('',(#6464,#6465,#6466,#6467));
#1532=EDGE_LOOP('',(#6468,#6469,#6470,#6471));
#1533=EDGE_LOOP('',(#6472,#6473,#6474,#6475));
#1534=EDGE_LOOP('',(#6476,#6477,#6478,#6479));
#1535=EDGE_LOOP('',(#6480,#6481,#6482,#6483));
#1536=EDGE_LOOP('',(#6484,#6485,#6486,#6487,#6488,#6489,#6490,#6491));
#1537=EDGE_LOOP('',(#6492,#6493,#6494,#6495,#6496,#6497,#6498,#6499));
#1538=EDGE_LOOP('',(#6500,#6501,#6502,#6503));
#1539=EDGE_LOOP('',(#6504,#6505,#6506,#6507));
#1540=EDGE_LOOP('',(#6508,#6509,#6510,#6511));
#1541=EDGE_LOOP('',(#6512,#6513,#6514,#6515));
#1542=EDGE_LOOP('',(#6516,#6517,#6518,#6519));
#1543=EDGE_LOOP('',(#6520,#6521,#6522,#6523));
#1544=EDGE_LOOP('',(#6524,#6525,#6526,#6527));
#1545=EDGE_LOOP('',(#6528,#6529,#6530,#6531));
#1546=EDGE_LOOP('',(#6532,#6533,#6534,#6535));
#1547=EDGE_LOOP('',(#6536,#6537,#6538,#6539));
#1548=EDGE_LOOP('',(#6540,#6541,#6542,#6543));
#1549=EDGE_LOOP('',(#6544,#6545,#6546,#6547));
#1550=EDGE_LOOP('',(#6548,#6549,#6550,#6551));
#1551=EDGE_LOOP('',(#6552,#6553,#6554,#6555));
#1552=EDGE_LOOP('',(#6556,#6557,#6558,#6559));
#1553=EDGE_LOOP('',(#6560,#6561,#6562,#6563));
#1554=EDGE_LOOP('',(#6564,#6565,#6566,#6567));
#1555=EDGE_LOOP('',(#6568,#6569,#6570,#6571));
#1556=EDGE_LOOP('',(#6572,#6573,#6574,#6575));
#1557=EDGE_LOOP('',(#6576,#6577,#6578,#6579));
#1558=EDGE_LOOP('',(#6580,#6581,#6582,#6583));
#1559=EDGE_LOOP('',(#6584,#6585,#6586,#6587));
#1560=EDGE_LOOP('',(#6588,#6589,#6590,#6591));
#1561=EDGE_LOOP('',(#6592,#6593,#6594,#6595));
#1562=EDGE_LOOP('',(#6596,#6597,#6598,#6599));
#1563=EDGE_LOOP('',(#6600,#6601,#6602,#6603));
#1564=EDGE_LOOP('',(#6604,#6605,#6606,#6607));
#1565=EDGE_LOOP('',(#6608,#6609,#6610,#6611));
#1566=EDGE_LOOP('',(#6612,#6613,#6614,#6615));
#1567=EDGE_LOOP('',(#6616,#6617,#6618,#6619));
#1568=EDGE_LOOP('',(#6620,#6621,#6622,#6623));
#1569=EDGE_LOOP('',(#6624,#6625,#6626,#6627));
#1570=EDGE_LOOP('',(#6628,#6629,#6630,#6631));
#1571=EDGE_LOOP('',(#6632,#6633,#6634,#6635));
#1572=EDGE_LOOP('',(#6636,#6637,#6638,#6639));
#1573=EDGE_LOOP('',(#6640,#6641,#6642,#6643));
#1574=EDGE_LOOP('',(#6644,#6645,#6646,#6647));
#1575=EDGE_LOOP('',(#6648,#6649,#6650,#6651));
#1576=EDGE_LOOP('',(#6652,#6653,#6654,#6655));
#1577=EDGE_LOOP('',(#6656,#6657,#6658,#6659));
#1578=EDGE_LOOP('',(#6660,#6661,#6662,#6663));
#1579=EDGE_LOOP('',(#6664,#6665,#6666,#6667));
#1580=EDGE_LOOP('',(#6668,#6669,#6670,#6671));
#1581=EDGE_LOOP('',(#6672,#6673,#6674,#6675));
#1582=EDGE_LOOP('',(#6676,#6677,#6678,#6679));
#1583=EDGE_LOOP('',(#6680,#6681,#6682,#6683));
#1584=EDGE_LOOP('',(#6684,#6685,#6686,#6687));
#1585=EDGE_LOOP('',(#6688,#6689,#6690,#6691));
#1586=EDGE_LOOP('',(#6692,#6693,#6694,#6695));
#1587=EDGE_LOOP('',(#6696,#6697,#6698,#6699));
#1588=EDGE_LOOP('',(#6700,#6701,#6702,#6703));
#1589=EDGE_LOOP('',(#6704,#6705,#6706,#6707));
#1590=EDGE_LOOP('',(#6708,#6709,#6710,#6711));
#1591=EDGE_LOOP('',(#6712,#6713,#6714,#6715));
#1592=EDGE_LOOP('',(#6716,#6717,#6718,#6719));
#1593=EDGE_LOOP('',(#6720));
#1594=EDGE_LOOP('',(#6721));
#1595=EDGE_LOOP('',(#6722,#6723,#6724,#6725));
#1596=EDGE_LOOP('',(#6726,#6727,#6728,#6729));
#1597=EDGE_LOOP('',(#6730,#6731,#6732,#6733));
#1598=EDGE_LOOP('',(#6734,#6735,#6736,#6737));
#1599=EDGE_LOOP('',(#6738,#6739,#6740,#6741));
#1600=EDGE_LOOP('',(#6742,#6743,#6744,#6745));
#1601=EDGE_LOOP('',(#6746,#6747,#6748,#6749));
#1602=EDGE_LOOP('',(#6750));
#1603=EDGE_LOOP('',(#6751));
#1604=EDGE_LOOP('',(#6752,#6753,#6754,#6755,#6756));
#1605=EDGE_LOOP('',(#6757,#6758,#6759,#6760,#6761,#6762));
#1606=EDGE_LOOP('',(#6763));
#1607=EDGE_LOOP('',(#6764,#6765,#6766,#6767,#6768));
#1608=EDGE_LOOP('',(#6769));
#1609=EDGE_LOOP('',(#6770,#6771,#6772,#6773));
#1610=EDGE_LOOP('',(#6774));
#1611=EDGE_LOOP('',(#6775));
#1612=EDGE_LOOP('',(#6776,#6777,#6778,#6779));
#1613=EDGE_LOOP('',(#6780));
#1614=EDGE_LOOP('',(#6781));
#1615=EDGE_LOOP('',(#6782,#6783,#6784,#6785));
#1616=EDGE_LOOP('',(#6786));
#1617=EDGE_LOOP('',(#6787));
#1618=EDGE_LOOP('',(#6788,#6789,#6790,#6791));
#1619=EDGE_LOOP('',(#6792));
#1620=EDGE_LOOP('',(#6793));
#1621=EDGE_LOOP('',(#6794,#6795,#6796,#6797));
#1622=EDGE_LOOP('',(#6798));
#1623=EDGE_LOOP('',(#6799));
#1624=EDGE_LOOP('',(#6800,#6801,#6802,#6803));
#1625=EDGE_LOOP('',(#6804));
#1626=EDGE_LOOP('',(#6805));
#1627=EDGE_LOOP('',(#6806,#6807,#6808,#6809));
#1628=EDGE_LOOP('',(#6810));
#1629=EDGE_LOOP('',(#6811));
#1630=EDGE_LOOP('',(#6812,#6813,#6814,#6815));
#1631=EDGE_LOOP('',(#6816));
#1632=EDGE_LOOP('',(#6817));
#1633=EDGE_LOOP('',(#6818,#6819,#6820,#6821));
#1634=EDGE_LOOP('',(#6822));
#1635=EDGE_LOOP('',(#6823));
#1636=EDGE_LOOP('',(#6824,#6825,#6826,#6827,#6828));
#1637=EDGE_LOOP('',(#6829,#6830,#6831,#6832,#6833,#6834));
#1638=EDGE_LOOP('',(#6835));
#1639=EDGE_LOOP('',(#6836,#6837,#6838,#6839,#6840));
#1640=EDGE_LOOP('',(#6841));
#1641=EDGE_LOOP('',(#6842,#6843,#6844,#6845));
#1642=EDGE_LOOP('',(#6846));
#1643=EDGE_LOOP('',(#6847));
#1644=EDGE_LOOP('',(#6848,#6849,#6850,#6851));
#1645=EDGE_LOOP('',(#6852));
#1646=EDGE_LOOP('',(#6853));
#1647=EDGE_LOOP('',(#6854,#6855,#6856,#6857));
#1648=EDGE_LOOP('',(#6858));
#1649=EDGE_LOOP('',(#6859));
#1650=EDGE_LOOP('',(#6860,#6861,#6862,#6863));
#1651=EDGE_LOOP('',(#6864));
#1652=EDGE_LOOP('',(#6865));
#1653=EDGE_LOOP('',(#6866,#6867,#6868,#6869));
#1654=EDGE_LOOP('',(#6870));
#1655=EDGE_LOOP('',(#6871));
#1656=EDGE_LOOP('',(#6872,#6873,#6874,#6875));
#1657=EDGE_LOOP('',(#6876));
#1658=EDGE_LOOP('',(#6877));
#1659=EDGE_LOOP('',(#6878,#6879,#6880,#6881));
#1660=EDGE_LOOP('',(#6882));
#1661=EDGE_LOOP('',(#6883));
#1662=EDGE_LOOP('',(#6884,#6885,#6886,#6887));
#1663=EDGE_LOOP('',(#6888));
#1664=EDGE_LOOP('',(#6889));
#1665=EDGE_LOOP('',(#6890,#6891,#6892,#6893));
#1666=EDGE_LOOP('',(#6894));
#1667=EDGE_LOOP('',(#6895));
#1668=EDGE_LOOP('',(#6896,#6897,#6898,#6899));
#1669=EDGE_LOOP('',(#6900));
#1670=EDGE_LOOP('',(#6901));
#1671=EDGE_LOOP('',(#6902,#6903,#6904,#6905,#6906));
#1672=EDGE_LOOP('',(#6907,#6908,#6909,#6910,#6911,#6912));
#1673=EDGE_LOOP('',(#6913));
#1674=EDGE_LOOP('',(#6914,#6915,#6916,#6917,#6918));
#1675=EDGE_LOOP('',(#6919));
#1676=EDGE_LOOP('',(#6920,#6921,#6922,#6923));
#1677=EDGE_LOOP('',(#6924));
#1678=EDGE_LOOP('',(#6925));
#1679=EDGE_LOOP('',(#6926,#6927,#6928,#6929));
#1680=EDGE_LOOP('',(#6930));
#1681=EDGE_LOOP('',(#6931));
#1682=EDGE_LOOP('',(#6932,#6933,#6934,#6935));
#1683=EDGE_LOOP('',(#6936));
#1684=EDGE_LOOP('',(#6937));
#1685=EDGE_LOOP('',(#6938,#6939,#6940,#6941));
#1686=EDGE_LOOP('',(#6942));
#1687=EDGE_LOOP('',(#6943));
#1688=EDGE_LOOP('',(#6944,#6945,#6946,#6947));
#1689=EDGE_LOOP('',(#6948));
#1690=EDGE_LOOP('',(#6949));
#1691=EDGE_LOOP('',(#6950,#6951,#6952,#6953));
#1692=EDGE_LOOP('',(#6954));
#1693=EDGE_LOOP('',(#6955));
#1694=EDGE_LOOP('',(#6956,#6957,#6958,#6959));
#1695=EDGE_LOOP('',(#6960));
#1696=EDGE_LOOP('',(#6961));
#1697=EDGE_LOOP('',(#6962,#6963,#6964,#6965));
#1698=EDGE_LOOP('',(#6966));
#1699=EDGE_LOOP('',(#6967));
#1700=EDGE_LOOP('',(#6968,#6969,#6970,#6971));
#1701=EDGE_LOOP('',(#6972));
#1702=EDGE_LOOP('',(#6973));
#1703=EDGE_LOOP('',(#6974,#6975,#6976,#6977,#6978));
#1704=EDGE_LOOP('',(#6979,#6980,#6981,#6982,#6983,#6984));
#1705=EDGE_LOOP('',(#6985));
#1706=EDGE_LOOP('',(#6986,#6987,#6988,#6989,#6990));
#1707=EDGE_LOOP('',(#6991));
#1708=EDGE_LOOP('',(#6992,#6993,#6994,#6995));
#1709=EDGE_LOOP('',(#6996));
#1710=EDGE_LOOP('',(#6997));
#1711=EDGE_LOOP('',(#6998,#6999,#7000,#7001));
#1712=EDGE_LOOP('',(#7002));
#1713=EDGE_LOOP('',(#7003));
#1714=EDGE_LOOP('',(#7004,#7005,#7006,#7007));
#1715=EDGE_LOOP('',(#7008));
#1716=EDGE_LOOP('',(#7009));
#1717=EDGE_LOOP('',(#7010,#7011,#7012,#7013));
#1718=EDGE_LOOP('',(#7014));
#1719=EDGE_LOOP('',(#7015));
#1720=EDGE_LOOP('',(#7016,#7017,#7018,#7019));
#1721=EDGE_LOOP('',(#7020));
#1722=EDGE_LOOP('',(#7021));
#1723=EDGE_LOOP('',(#7022,#7023,#7024,#7025));
#1724=EDGE_LOOP('',(#7026));
#1725=EDGE_LOOP('',(#7027));
#1726=EDGE_LOOP('',(#7028,#7029,#7030,#7031));
#1727=EDGE_LOOP('',(#7032));
#1728=EDGE_LOOP('',(#7033));
#1729=EDGE_LOOP('',(#7034,#7035,#7036,#7037));
#1730=EDGE_LOOP('',(#7038));
#1731=EDGE_LOOP('',(#7039));
#1732=EDGE_LOOP('',(#7040,#7041,#7042,#7043));
#1733=EDGE_LOOP('',(#7044));
#1734=EDGE_LOOP('',(#7045));
#1735=EDGE_LOOP('',(#7046,#7047,#7048));
#1736=EDGE_LOOP('',(#7049,#7050,#7051));
#1737=EDGE_LOOP('',(#7052,#7053,#7054));
#1738=EDGE_LOOP('',(#7055,#7056,#7057));
#1739=EDGE_LOOP('',(#7058,#7059,#7060));
#1740=EDGE_LOOP('',(#7061,#7062,#7063,#7064));
#1741=EDGE_LOOP('',(#7065,#7066,#7067));
#1742=EDGE_LOOP('',(#7068,#7069,#7070));
#1743=EDGE_LOOP('',(#7071,#7072,#7073,#7074));
#1744=EDGE_LOOP('',(#7075,#7076,#7077,#7078));
#1745=EDGE_LOOP('',(#7079,#7080,#7081));
#1746=EDGE_LOOP('',(#7082,#7083,#7084,#7085));
#1747=EDGE_LOOP('',(#7086,#7087,#7088,#7089));
#1748=EDGE_LOOP('',(#7090,#7091,#7092,#7093));
#1749=EDGE_LOOP('',(#7094,#7095,#7096,#7097));
#1750=EDGE_LOOP('',(#7098,#7099,#7100,#7101));
#1751=EDGE_LOOP('',(#7102,#7103,#7104,#7105));
#1752=EDGE_LOOP('',(#7106,#7107,#7108,#7109));
#1753=EDGE_LOOP('',(#7110,#7111,#7112,#7113));
#1754=EDGE_LOOP('',(#7114,#7115,#7116,#7117));
#1755=EDGE_LOOP('',(#7118,#7119,#7120,#7121));
#1756=EDGE_LOOP('',(#7122,#7123,#7124,#7125));
#1757=EDGE_LOOP('',(#7126,#7127,#7128,#7129));
#1758=EDGE_LOOP('',(#7130,#7131,#7132,#7133));
#1759=EDGE_LOOP('',(#7134,#7135,#7136,#7137));
#1760=EDGE_LOOP('',(#7138,#7139,#7140,#7141));
#1761=EDGE_LOOP('',(#7142,#7143,#7144,#7145));
#1762=EDGE_LOOP('',(#7146,#7147,#7148,#7149));
#1763=EDGE_LOOP('',(#7150,#7151,#7152,#7153));
#1764=EDGE_LOOP('',(#7154,#7155,#7156,#7157));
#1765=EDGE_LOOP('',(#7158,#7159,#7160,#7161));
#1766=EDGE_LOOP('',(#7162,#7163,#7164,#7165));
#1767=EDGE_LOOP('',(#7166,#7167,#7168,#7169));
#1768=EDGE_LOOP('',(#7170,#7171,#7172,#7173));
#1769=EDGE_LOOP('',(#7174,#7175,#7176,#7177));
#1770=EDGE_LOOP('',(#7178,#7179,#7180,#7181));
#1771=EDGE_LOOP('',(#7182,#7183,#7184,#7185));
#1772=EDGE_LOOP('',(#7186,#7187,#7188,#7189));
#1773=EDGE_LOOP('',(#7190,#7191,#7192,#7193));
#1774=EDGE_LOOP('',(#7194,#7195,#7196,#7197));
#1775=EDGE_LOOP('',(#7198,#7199,#7200,#7201));
#1776=EDGE_LOOP('',(#7202,#7203,#7204,#7205));
#1777=EDGE_LOOP('',(#7206,#7207,#7208,#7209));
#1778=EDGE_LOOP('',(#7210,#7211,#7212,#7213));
#1779=EDGE_LOOP('',(#7214,#7215,#7216,#7217));
#1780=EDGE_LOOP('',(#7218,#7219,#7220,#7221));
#1781=EDGE_LOOP('',(#7222,#7223,#7224,#7225));
#1782=EDGE_LOOP('',(#7226,#7227,#7228,#7229));
#1783=EDGE_LOOP('',(#7230,#7231,#7232,#7233));
#1784=EDGE_LOOP('',(#7234,#7235,#7236,#7237));
#1785=EDGE_LOOP('',(#7238,#7239,#7240,#7241));
#1786=EDGE_LOOP('',(#7242,#7243,#7244,#7245));
#1787=EDGE_LOOP('',(#7246,#7247,#7248,#7249));
#1788=EDGE_LOOP('',(#7250,#7251,#7252,#7253));
#1789=EDGE_LOOP('',(#7254,#7255,#7256,#7257));
#1790=EDGE_LOOP('',(#7258,#7259,#7260,#7261));
#1791=EDGE_LOOP('',(#7262,#7263,#7264));
#1792=EDGE_LOOP('',(#7265,#7266,#7267));
#1793=EDGE_LOOP('',(#7268,#7269,#7270));
#1794=EDGE_LOOP('',(#7271,#7272,#7273));
#1795=EDGE_LOOP('',(#7274,#7275,#7276));
#1796=EDGE_LOOP('',(#7277,#7278,#7279,#7280));
#1797=EDGE_LOOP('',(#7281,#7282,#7283));
#1798=EDGE_LOOP('',(#7284,#7285,#7286));
#1799=EDGE_LOOP('',(#7287,#7288,#7289,#7290));
#1800=EDGE_LOOP('',(#7291,#7292,#7293,#7294));
#1801=EDGE_LOOP('',(#7295,#7296,#7297));
#1802=EDGE_LOOP('',(#7298,#7299,#7300,#7301));
#1803=EDGE_LOOP('',(#7302,#7303,#7304,#7305));
#1804=EDGE_LOOP('',(#7306,#7307,#7308,#7309));
#1805=EDGE_LOOP('',(#7310,#7311,#7312,#7313));
#1806=EDGE_LOOP('',(#7314,#7315,#7316,#7317));
#1807=EDGE_LOOP('',(#7318,#7319,#7320,#7321));
#1808=EDGE_LOOP('',(#7322,#7323,#7324,#7325));
#1809=EDGE_LOOP('',(#7326,#7327,#7328,#7329));
#1810=EDGE_LOOP('',(#7330,#7331,#7332,#7333));
#1811=EDGE_LOOP('',(#7334,#7335,#7336,#7337));
#1812=EDGE_LOOP('',(#7338,#7339,#7340,#7341));
#1813=EDGE_LOOP('',(#7342,#7343,#7344,#7345));
#1814=EDGE_LOOP('',(#7346,#7347,#7348,#7349));
#1815=EDGE_LOOP('',(#7350,#7351,#7352,#7353));
#1816=EDGE_LOOP('',(#7354,#7355,#7356,#7357));
#1817=EDGE_LOOP('',(#7358,#7359,#7360,#7361));
#1818=EDGE_LOOP('',(#7362,#7363,#7364,#7365));
#1819=EDGE_LOOP('',(#7366,#7367,#7368,#7369));
#1820=EDGE_LOOP('',(#7370,#7371,#7372,#7373));
#1821=EDGE_LOOP('',(#7374,#7375,#7376,#7377));
#1822=EDGE_LOOP('',(#7378,#7379,#7380,#7381));
#1823=EDGE_LOOP('',(#7382,#7383,#7384,#7385));
#1824=EDGE_LOOP('',(#7386));
#1825=EDGE_LOOP('',(#7387));
#1826=EDGE_LOOP('',(#7388,#7389,#7390,#7391));
#1827=EDGE_LOOP('',(#7392));
#1828=EDGE_LOOP('',(#7393));
#1829=EDGE_LOOP('',(#7394,#7395,#7396));
#1830=EDGE_LOOP('',(#7397,#7398,#7399));
#1831=EDGE_LOOP('',(#7400,#7401,#7402));
#1832=EDGE_LOOP('',(#7403,#7404,#7405));
#1833=EDGE_LOOP('',(#7406,#7407,#7408));
#1834=EDGE_LOOP('',(#7409,#7410,#7411,#7412));
#1835=EDGE_LOOP('',(#7413,#7414,#7415));
#1836=EDGE_LOOP('',(#7416,#7417,#7418));
#1837=EDGE_LOOP('',(#7419,#7420,#7421,#7422));
#1838=EDGE_LOOP('',(#7423,#7424,#7425,#7426));
#1839=EDGE_LOOP('',(#7427,#7428,#7429));
#1840=EDGE_LOOP('',(#7430,#7431,#7432,#7433));
#1841=EDGE_LOOP('',(#7434,#7435,#7436,#7437));
#1842=EDGE_LOOP('',(#7438,#7439,#7440,#7441));
#1843=EDGE_LOOP('',(#7442,#7443,#7444,#7445));
#1844=EDGE_LOOP('',(#7446,#7447,#7448,#7449));
#1845=EDGE_LOOP('',(#7450,#7451,#7452,#7453));
#1846=EDGE_LOOP('',(#7454,#7455,#7456,#7457));
#1847=EDGE_LOOP('',(#7458,#7459,#7460,#7461));
#1848=EDGE_LOOP('',(#7462,#7463,#7464,#7465));
#1849=EDGE_LOOP('',(#7466,#7467,#7468,#7469));
#1850=EDGE_LOOP('',(#7470,#7471,#7472,#7473));
#1851=EDGE_LOOP('',(#7474,#7475,#7476,#7477));
#1852=EDGE_LOOP('',(#7478,#7479,#7480,#7481));
#1853=EDGE_LOOP('',(#7482,#7483,#7484,#7485));
#1854=EDGE_LOOP('',(#7486,#7487,#7488,#7489));
#1855=EDGE_LOOP('',(#7490,#7491,#7492,#7493));
#1856=EDGE_LOOP('',(#7494,#7495,#7496,#7497));
#1857=EDGE_LOOP('',(#7498,#7499,#7500,#7501));
#1858=EDGE_LOOP('',(#7502,#7503,#7504,#7505));
#1859=EDGE_LOOP('',(#7506,#7507,#7508,#7509));
#1860=EDGE_LOOP('',(#7510,#7511,#7512,#7513));
#1861=EDGE_LOOP('',(#7514,#7515,#7516,#7517));
#1862=EDGE_LOOP('',(#7518));
#1863=EDGE_LOOP('',(#7519));
#1864=EDGE_LOOP('',(#7520,#7521,#7522,#7523));
#1865=EDGE_LOOP('',(#7524));
#1866=EDGE_LOOP('',(#7525));
#1867=EDGE_LOOP('',(#7526,#7527,#7528,#7529));
#1868=EDGE_LOOP('',(#7530,#7531,#7532,#7533));
#1869=EDGE_LOOP('',(#7534,#7535,#7536,#7537));
#1870=EDGE_LOOP('',(#7538,#7539,#7540,#7541));
#1871=EDGE_LOOP('',(#7542,#7543,#7544,#7545));
#1872=EDGE_LOOP('',(#7546,#7547,#7548,#7549));
#1873=EDGE_LOOP('',(#7550,#7551,#7552,#7553));
#1874=EDGE_LOOP('',(#7554,#7555,#7556,#7557));
#1875=EDGE_LOOP('',(#7558,#7559,#7560,#7561));
#1876=EDGE_LOOP('',(#7562,#7563,#7564,#7565));
#1877=EDGE_LOOP('',(#7566,#7567,#7568,#7569));
#1878=EDGE_LOOP('',(#7570,#7571,#7572,#7573));
#1879=EDGE_LOOP('',(#7574,#7575,#7576,#7577));
#1880=EDGE_LOOP('',(#7578));
#1881=EDGE_LOOP('',(#7579));
#1882=EDGE_LOOP('',(#7580,#7581,#7582));
#1883=EDGE_LOOP('',(#7583,#7584,#7585));
#1884=EDGE_LOOP('',(#7586,#7587,#7588));
#1885=EDGE_LOOP('',(#7589,#7590,#7591));
#1886=EDGE_LOOP('',(#7592,#7593,#7594));
#1887=EDGE_LOOP('',(#7595,#7596,#7597,#7598));
#1888=EDGE_LOOP('',(#7599,#7600,#7601));
#1889=EDGE_LOOP('',(#7602,#7603,#7604));
#1890=EDGE_LOOP('',(#7605,#7606,#7607,#7608));
#1891=EDGE_LOOP('',(#7609,#7610,#7611,#7612));
#1892=EDGE_LOOP('',(#7613,#7614,#7615));
#1893=EDGE_LOOP('',(#7616,#7617,#7618,#7619));
#1894=EDGE_LOOP('',(#7620,#7621,#7622,#7623));
#1895=EDGE_LOOP('',(#7624,#7625,#7626,#7627));
#1896=EDGE_LOOP('',(#7628,#7629,#7630,#7631));
#1897=EDGE_LOOP('',(#7632,#7633,#7634,#7635));
#1898=EDGE_LOOP('',(#7636,#7637,#7638,#7639));
#1899=EDGE_LOOP('',(#7640,#7641,#7642,#7643));
#1900=EDGE_LOOP('',(#7644,#7645,#7646,#7647));
#1901=EDGE_LOOP('',(#7648,#7649,#7650,#7651));
#1902=EDGE_LOOP('',(#7652,#7653,#7654,#7655));
#1903=EDGE_LOOP('',(#7656,#7657,#7658,#7659));
#1904=EDGE_LOOP('',(#7660,#7661,#7662,#7663));
#1905=EDGE_LOOP('',(#7664,#7665,#7666,#7667));
#1906=EDGE_LOOP('',(#7668,#7669,#7670,#7671));
#1907=EDGE_LOOP('',(#7672,#7673,#7674,#7675));
#1908=EDGE_LOOP('',(#7676,#7677,#7678,#7679));
#1909=EDGE_LOOP('',(#7680,#7681,#7682,#7683));
#1910=EDGE_LOOP('',(#7684,#7685,#7686,#7687));
#1911=EDGE_LOOP('',(#7688,#7689,#7690,#7691));
#1912=EDGE_LOOP('',(#7692,#7693,#7694,#7695));
#1913=EDGE_LOOP('',(#7696,#7697,#7698,#7699));
#1914=EDGE_LOOP('',(#7700,#7701,#7702,#7703));
#1915=EDGE_LOOP('',(#7704,#7705,#7706,#7707));
#1916=EDGE_LOOP('',(#7708,#7709,#7710,#7711));
#1917=EDGE_LOOP('',(#7712,#7713,#7714,#7715));
#1918=EDGE_LOOP('',(#7716,#7717,#7718,#7719));
#1919=EDGE_LOOP('',(#7720,#7721,#7722,#7723));
#1920=EDGE_LOOP('',(#7724,#7725,#7726));
#1921=EDGE_LOOP('',(#7727,#7728,#7729));
#1922=EDGE_LOOP('',(#7730,#7731,#7732));
#1923=EDGE_LOOP('',(#7733,#7734,#7735));
#1924=EDGE_LOOP('',(#7736,#7737,#7738));
#1925=EDGE_LOOP('',(#7739,#7740,#7741,#7742));
#1926=EDGE_LOOP('',(#7743,#7744,#7745));
#1927=EDGE_LOOP('',(#7746,#7747,#7748));
#1928=EDGE_LOOP('',(#7749,#7750,#7751,#7752));
#1929=EDGE_LOOP('',(#7753,#7754,#7755,#7756));
#1930=EDGE_LOOP('',(#7757,#7758,#7759));
#1931=EDGE_LOOP('',(#7760,#7761,#7762,#7763));
#1932=EDGE_LOOP('',(#7764,#7765,#7766,#7767));
#1933=EDGE_LOOP('',(#7768,#7769,#7770,#7771));
#1934=EDGE_LOOP('',(#7772,#7773,#7774,#7775));
#1935=EDGE_LOOP('',(#7776,#7777,#7778,#7779));
#1936=EDGE_LOOP('',(#7780,#7781,#7782,#7783));
#1937=EDGE_LOOP('',(#7784,#7785,#7786,#7787));
#1938=EDGE_LOOP('',(#7788,#7789,#7790,#7791));
#1939=EDGE_LOOP('',(#7792,#7793,#7794,#7795));
#1940=EDGE_LOOP('',(#7796,#7797,#7798,#7799));
#1941=EDGE_LOOP('',(#7800,#7801,#7802,#7803));
#1942=EDGE_LOOP('',(#7804,#7805,#7806,#7807));
#1943=EDGE_LOOP('',(#7808,#7809,#7810,#7811));
#1944=EDGE_LOOP('',(#7812,#7813,#7814,#7815));
#1945=EDGE_LOOP('',(#7816,#7817,#7818,#7819));
#1946=EDGE_LOOP('',(#7820,#7821,#7822,#7823));
#1947=EDGE_LOOP('',(#7824,#7825,#7826,#7827));
#1948=EDGE_LOOP('',(#7828,#7829,#7830,#7831));
#1949=EDGE_LOOP('',(#7832,#7833,#7834,#7835));
#1950=EDGE_LOOP('',(#7836,#7837,#7838,#7839));
#1951=EDGE_LOOP('',(#7840,#7841,#7842,#7843));
#1952=EDGE_LOOP('',(#7844,#7845,#7846,#7847));
#1953=EDGE_LOOP('',(#7848));
#1954=EDGE_LOOP('',(#7849));
#1955=EDGE_LOOP('',(#7850,#7851,#7852,#7853));
#1956=EDGE_LOOP('',(#7854));
#1957=EDGE_LOOP('',(#7855));
#1958=EDGE_LOOP('',(#7856,#7857,#7858,#7859));
#1959=EDGE_LOOP('',(#7860));
#1960=EDGE_LOOP('',(#7861));
#1961=EDGE_LOOP('',(#7862,#7863,#7864,#7865));
#1962=EDGE_LOOP('',(#7866,#7867,#7868,#7869));
#1963=EDGE_LOOP('',(#7870,#7871,#7872,#7873));
#1964=EDGE_LOOP('',(#7874,#7875,#7876,#7877));
#1965=EDGE_LOOP('',(#7878,#7879,#7880,#7881));
#1966=EDGE_LOOP('',(#7882,#7883,#7884,#7885));
#1967=EDGE_LOOP('',(#7886,#7887,#7888,#7889));
#1968=EDGE_LOOP('',(#7890));
#1969=EDGE_LOOP('',(#7891));
#1970=EDGE_LOOP('',(#7892,#7893,#7894,#7895));
#1971=EDGE_LOOP('',(#7896));
#1972=EDGE_LOOP('',(#7897));
#1973=EDGE_LOOP('',(#7898,#7899,#7900,#7901));
#1974=EDGE_LOOP('',(#7902));
#1975=EDGE_LOOP('',(#7903));
#1976=EDGE_LOOP('',(#7904,#7905,#7906,#7907));
#1977=EDGE_LOOP('',(#7908,#7909,#7910,#7911));
#1978=EDGE_LOOP('',(#7912,#7913,#7914,#7915));
#1979=EDGE_LOOP('',(#7916,#7917,#7918,#7919));
#1980=EDGE_LOOP('',(#7920,#7921,#7922,#7923));
#1981=EDGE_LOOP('',(#7924,#7925,#7926,#7927));
#1982=EDGE_LOOP('',(#7928,#7929,#7930,#7931));
#1983=EDGE_LOOP('',(#7932));
#1984=EDGE_LOOP('',(#7933));
#1985=EDGE_LOOP('',(#7934,#7935,#7936,#7937));
#1986=EDGE_LOOP('',(#7938));
#1987=EDGE_LOOP('',(#7939));
#1988=EDGE_LOOP('',(#7940,#7941,#7942,#7943));
#1989=EDGE_LOOP('',(#7944));
#1990=EDGE_LOOP('',(#7945));
#1991=EDGE_LOOP('',(#7946,#7947,#7948,#7949));
#1992=EDGE_LOOP('',(#7950,#7951,#7952,#7953));
#1993=EDGE_LOOP('',(#7954,#7955,#7956,#7957));
#1994=EDGE_LOOP('',(#7958,#7959,#7960,#7961));
#1995=EDGE_LOOP('',(#7962,#7963,#7964,#7965));
#1996=EDGE_LOOP('',(#7966,#7967,#7968,#7969));
#1997=EDGE_LOOP('',(#7970,#7971,#7972,#7973));
#1998=EDGE_LOOP('',(#7974));
#1999=EDGE_LOOP('',(#7975));
#2000=EDGE_LOOP('',(#7976,#7977,#7978,#7979));
#2001=EDGE_LOOP('',(#7980));
#2002=EDGE_LOOP('',(#7981));
#2003=EDGE_LOOP('',(#7982,#7983,#7984,#7985));
#2004=EDGE_LOOP('',(#7986));
#2005=EDGE_LOOP('',(#7987));
#2006=EDGE_LOOP('',(#7988,#7989,#7990,#7991));
#2007=EDGE_LOOP('',(#7992));
#2008=EDGE_LOOP('',(#7993));
#2009=EDGE_LOOP('',(#7994,#7995,#7996,#7997));
#2010=EDGE_LOOP('',(#7998,#7999,#8000,#8001));
#2011=EDGE_LOOP('',(#8002,#8003,#8004,#8005));
#2012=EDGE_LOOP('',(#8006,#8007,#8008,#8009));
#2013=EDGE_LOOP('',(#8010,#8011,#8012,#8013));
#2014=EDGE_LOOP('',(#8014,#8015,#8016,#8017));
#2015=EDGE_LOOP('',(#8018,#8019,#8020,#8021));
#2016=EDGE_LOOP('',(#8022,#8023,#8024,#8025));
#2017=EDGE_LOOP('',(#8026,#8027,#8028,#8029));
#2018=EDGE_LOOP('',(#8030,#8031,#8032,#8033));
#2019=EDGE_LOOP('',(#8034,#8035,#8036,#8037));
#2020=EDGE_LOOP('',(#8038,#8039,#8040,#8041));
#2021=EDGE_LOOP('',(#8042,#8043,#8044,#8045));
#2022=EDGE_LOOP('',(#8046,#8047,#8048,#8049));
#2023=EDGE_LOOP('',(#8050,#8051,#8052,#8053));
#2024=EDGE_LOOP('',(#8054,#8055,#8056,#8057));
#2025=EDGE_LOOP('',(#8058,#8059,#8060,#8061));
#2026=EDGE_LOOP('',(#8062,#8063,#8064,#8065));
#2027=EDGE_LOOP('',(#8066,#8067,#8068,#8069));
#2028=EDGE_LOOP('',(#8070,#8071,#8072,#8073));
#2029=EDGE_LOOP('',(#8074,#8075,#8076,#8077));
#2030=EDGE_LOOP('',(#8078,#8079,#8080,#8081));
#2031=EDGE_LOOP('',(#8082,#8083,#8084,#8085));
#2032=EDGE_LOOP('',(#8086,#8087,#8088,#8089));
#2033=EDGE_LOOP('',(#8090,#8091,#8092,#8093));
#2034=EDGE_LOOP('',(#8094,#8095,#8096,#8097));
#2035=EDGE_LOOP('',(#8098,#8099,#8100,#8101));
#2036=EDGE_LOOP('',(#8102,#8103,#8104,#8105));
#2037=EDGE_LOOP('',(#8106,#8107,#8108,#8109));
#2038=EDGE_LOOP('',(#8110,#8111,#8112,#8113));
#2039=EDGE_LOOP('',(#8114,#8115,#8116,#8117));
#2040=EDGE_LOOP('',(#8118,#8119,#8120,#8121));
#2041=EDGE_LOOP('',(#8122,#8123,#8124,#8125));
#2042=EDGE_LOOP('',(#8126,#8127,#8128,#8129));
#2043=EDGE_LOOP('',(#8130,#8131,#8132,#8133));
#2044=EDGE_LOOP('',(#8134,#8135,#8136,#8137));
#2045=EDGE_LOOP('',(#8138,#8139,#8140,#8141));
#2046=EDGE_LOOP('',(#8142,#8143,#8144,#8145));
#2047=EDGE_LOOP('',(#8146,#8147,#8148,#8149));
#2048=EDGE_LOOP('',(#8150,#8151,#8152,#8153));
#2049=EDGE_LOOP('',(#8154,#8155,#8156,#8157));
#2050=EDGE_LOOP('',(#8158,#8159,#8160,#8161));
#2051=EDGE_LOOP('',(#8162,#8163,#8164,#8165));
#2052=EDGE_LOOP('',(#8166,#8167,#8168,#8169));
#2053=EDGE_LOOP('',(#8170,#8171,#8172,#8173));
#2054=EDGE_LOOP('',(#8174,#8175,#8176,#8177));
#2055=EDGE_LOOP('',(#8178,#8179,#8180,#8181));
#2056=EDGE_LOOP('',(#8182,#8183,#8184,#8185));
#2057=EDGE_LOOP('',(#8186,#8187,#8188,#8189));
#2058=EDGE_LOOP('',(#8190,#8191,#8192,#8193,#8194,#8195,#8196,#8197,#8198,
#8199,#8200,#8201,#8202));
#2059=EDGE_LOOP('',(#8203,#8204,#8205,#8206,#8207,#8208,#8209,#8210,#8211,
#8212,#8213,#8214,#8215));
#2060=EDGE_LOOP('',(#8216,#8217,#8218,#8219));
#2061=EDGE_LOOP('',(#8220,#8221,#8222,#8223));
#2062=EDGE_LOOP('',(#8224,#8225,#8226,#8227));
#2063=EDGE_LOOP('',(#8228,#8229,#8230,#8231));
#2064=EDGE_LOOP('',(#8232,#8233,#8234,#8235));
#2065=EDGE_LOOP('',(#8236,#8237,#8238,#8239));
#2066=EDGE_LOOP('',(#8240,#8241,#8242,#8243));
#2067=EDGE_LOOP('',(#8244,#8245,#8246,#8247));
#2068=EDGE_LOOP('',(#8248,#8249,#8250,#8251));
#2069=EDGE_LOOP('',(#8252,#8253,#8254,#8255));
#2070=EDGE_LOOP('',(#8256,#8257,#8258,#8259));
#2071=EDGE_LOOP('',(#8260,#8261,#8262,#8263));
#2072=EDGE_LOOP('',(#8264,#8265,#8266,#8267));
#2073=EDGE_LOOP('',(#8268,#8269,#8270,#8271));
#2074=EDGE_LOOP('',(#8272,#8273,#8274,#8275));
#2075=EDGE_LOOP('',(#8276,#8277,#8278,#8279));
#2076=EDGE_LOOP('',(#8280,#8281,#8282,#8283));
#2077=EDGE_LOOP('',(#8284,#8285,#8286,#8287));
#2078=EDGE_LOOP('',(#8288,#8289,#8290,#8291));
#2079=EDGE_LOOP('',(#8292,#8293,#8294,#8295));
#2080=EDGE_LOOP('',(#8296,#8297,#8298,#8299));
#2081=EDGE_LOOP('',(#8300,#8301,#8302,#8303));
#2082=EDGE_LOOP('',(#8304,#8305,#8306,#8307));
#2083=EDGE_LOOP('',(#8308,#8309,#8310,#8311));
#2084=EDGE_LOOP('',(#8312,#8313,#8314,#8315));
#2085=EDGE_LOOP('',(#8316,#8317,#8318,#8319));
#2086=EDGE_LOOP('',(#8320,#8321,#8322,#8323));
#2087=EDGE_LOOP('',(#8324,#8325,#8326,#8327));
#2088=EDGE_LOOP('',(#8328,#8329,#8330,#8331));
#2089=EDGE_LOOP('',(#8332,#8333,#8334,#8335));
#2090=EDGE_LOOP('',(#8336,#8337,#8338,#8339));
#2091=EDGE_LOOP('',(#8340,#8341,#8342,#8343));
#2092=EDGE_LOOP('',(#8344,#8345,#8346,#8347));
#2093=EDGE_LOOP('',(#8348,#8349,#8350,#8351));
#2094=EDGE_LOOP('',(#8352,#8353,#8354,#8355));
#2095=EDGE_LOOP('',(#8356,#8357,#8358,#8359));
#2096=EDGE_LOOP('',(#8360,#8361,#8362,#8363));
#2097=EDGE_LOOP('',(#8364,#8365,#8366,#8367,#8368,#8369,#8370,#8371,#8372,
#8373,#8374,#8375,#8376,#8377,#8378,#8379,#8380,#8381,#8382,#8383,#8384,
#8385,#8386,#8387,#8388,#8389,#8390));
#2098=EDGE_LOOP('',(#8391,#8392,#8393,#8394,#8395,#8396,#8397,#8398,#8399,
#8400));
#2099=EDGE_LOOP('',(#8401,#8402,#8403,#8404,#8405,#8406,#8407,#8408,#8409,
#8410,#8411,#8412,#8413,#8414,#8415,#8416,#8417,#8418,#8419,#8420,#8421,
#8422,#8423,#8424,#8425,#8426,#8427));
#2100=EDGE_LOOP('',(#8428,#8429,#8430,#8431,#8432,#8433,#8434,#8435,#8436,
#8437));
#2101=LINE('',#13053,#2884);
#2102=LINE('',#13095,#2885);
#2103=LINE('',#13116,#2886);
#2104=LINE('',#13120,#2887);
#2105=LINE('',#13122,#2888);
#2106=LINE('',#13124,#2889);
#2107=LINE('',#13128,#2890);
#2108=LINE('',#13132,#2891);
#2109=LINE('',#13133,#2892);
#2110=LINE('',#13136,#2893);
#2111=LINE('',#13157,#2894);
#2112=LINE('',#13158,#2895);
#2113=LINE('',#13161,#2896);
#2114=LINE('',#13203,#2897);
#2115=LINE('',#13224,#2898);
#2116=LINE('',#13226,#2899);
#2117=LINE('',#13230,#2900);
#2118=LINE('',#13234,#2901);
#2119=LINE('',#13236,#2902);
#2120=LINE('',#13237,#2903);
#2121=LINE('',#13240,#2904);
#2122=LINE('',#13245,#2905);
#2123=LINE('',#13248,#2906);
#2124=LINE('',#13249,#2907);
#2125=LINE('',#13378,#2908);
#2126=LINE('',#13399,#2909);
#2127=LINE('',#13402,#2910);
#2128=LINE('',#13405,#2911);
#2129=LINE('',#13519,#2912);
#2130=LINE('',#13521,#2913);
#2131=LINE('',#13524,#2914);
#2132=LINE('',#13525,#2915);
#2133=LINE('',#13528,#2916);
#2134=LINE('',#13532,#2917);
#2135=LINE('',#13533,#2918);
#2136=LINE('',#13537,#2919);
#2137=LINE('',#13570,#2920);
#2138=LINE('',#13793,#2921);
#2139=LINE('',#13795,#2922);
#2140=LINE('',#13802,#2923);
#2141=LINE('',#13805,#2924);
#2142=LINE('',#13808,#2925);
#2143=LINE('',#13810,#2926);
#2144=LINE('',#13811,#2927);
#2145=LINE('',#13814,#2928);
#2146=LINE('',#13815,#2929);
#2147=LINE('',#13818,#2930);
#2148=LINE('',#13819,#2931);
#2149=LINE('',#13821,#2932);
#2150=LINE('',#13828,#2933);
#2151=LINE('',#13831,#2934);
#2152=LINE('',#13834,#2935);
#2153=LINE('',#13836,#2936);
#2154=LINE('',#13837,#2937);
#2155=LINE('',#13840,#2938);
#2156=LINE('',#13841,#2939);
#2157=LINE('',#13844,#2940);
#2158=LINE('',#13845,#2941);
#2159=LINE('',#13847,#2942);
#2160=LINE('',#13852,#2943);
#2161=LINE('',#13856,#2944);
#2162=LINE('',#13860,#2945);
#2163=LINE('',#13862,#2946);
#2164=LINE('',#13863,#2947);
#2165=LINE('',#13866,#2948);
#2166=LINE('',#13867,#2949);
#2167=LINE('',#13870,#2950);
#2168=LINE('',#13871,#2951);
#2169=LINE('',#13873,#2952);
#2170=LINE('',#13878,#2953);
#2171=LINE('',#13882,#2954);
#2172=LINE('',#13886,#2955);
#2173=LINE('',#13888,#2956);
#2174=LINE('',#13889,#2957);
#2175=LINE('',#13892,#2958);
#2176=LINE('',#13893,#2959);
#2177=LINE('',#13896,#2960);
#2178=LINE('',#13897,#2961);
#2179=LINE('',#13899,#2962);
#2180=LINE('',#13906,#2963);
#2181=LINE('',#13909,#2964);
#2182=LINE('',#13915,#2965);
#2183=LINE('',#13918,#2966);
#2184=LINE('',#13920,#2967);
#2185=LINE('',#13921,#2968);
#2186=LINE('',#13927,#2969);
#2187=LINE('',#13930,#2970);
#2188=LINE('',#13932,#2971);
#2189=LINE('',#13933,#2972);
#2190=LINE('',#13939,#2973);
#2191=LINE('',#13942,#2974);
#2192=LINE('',#13944,#2975);
#2193=LINE('',#13945,#2976);
#2194=LINE('',#13954,#2977);
#2195=LINE('',#13956,#2978);
#2196=LINE('',#13958,#2979);
#2197=LINE('',#13959,#2980);
#2198=LINE('',#13962,#2981);
#2199=LINE('',#13964,#2982);
#2200=LINE('',#13965,#2983);
#2201=LINE('',#13968,#2984);
#2202=LINE('',#13970,#2985);
#2203=LINE('',#13971,#2986);
#2204=LINE('',#13973,#2987);
#2205=LINE('',#13974,#2988);
#2206=LINE('',#13980,#2989);
#2207=LINE('',#13982,#2990);
#2208=LINE('',#13984,#2991);
#2209=LINE('',#13985,#2992);
#2210=LINE('',#13988,#2993);
#2211=LINE('',#13990,#2994);
#2212=LINE('',#13991,#2995);
#2213=LINE('',#13994,#2996);
#2214=LINE('',#13996,#2997);
#2215=LINE('',#13997,#2998);
#2216=LINE('',#13999,#2999);
#2217=LINE('',#14000,#3000);
#2218=LINE('',#14006,#3001);
#2219=LINE('',#14008,#3002);
#2220=LINE('',#14010,#3003);
#2221=LINE('',#14011,#3004);
#2222=LINE('',#14014,#3005);
#2223=LINE('',#14016,#3006);
#2224=LINE('',#14017,#3007);
#2225=LINE('',#14020,#3008);
#2226=LINE('',#14022,#3009);
#2227=LINE('',#14023,#3010);
#2228=LINE('',#14025,#3011);
#2229=LINE('',#14026,#3012);
#2230=LINE('',#14032,#3013);
#2231=LINE('',#14034,#3014);
#2232=LINE('',#14036,#3015);
#2233=LINE('',#14037,#3016);
#2234=LINE('',#14040,#3017);
#2235=LINE('',#14042,#3018);
#2236=LINE('',#14043,#3019);
#2237=LINE('',#14046,#3020);
#2238=LINE('',#14048,#3021);
#2239=LINE('',#14049,#3022);
#2240=LINE('',#14051,#3023);
#2241=LINE('',#14052,#3024);
#2242=LINE('',#14059,#3025);
#2243=LINE('',#14066,#3026);
#2244=LINE('',#14068,#3027);
#2245=LINE('',#14070,#3028);
#2246=LINE('',#14071,#3029);
#2247=LINE('',#14074,#3030);
#2248=LINE('',#14076,#3031);
#2249=LINE('',#14077,#3032);
#2250=LINE('',#14080,#3033);
#2251=LINE('',#14082,#3034);
#2252=LINE('',#14083,#3035);
#2253=LINE('',#14085,#3036);
#2254=LINE('',#14086,#3037);
#2255=LINE('',#14092,#3038);
#2256=LINE('',#14094,#3039);
#2257=LINE('',#14096,#3040);
#2258=LINE('',#14097,#3041);
#2259=LINE('',#14103,#3042);
#2260=LINE('',#14106,#3043);
#2261=LINE('',#14108,#3044);
#2262=LINE('',#14109,#3045);
#2263=LINE('',#14115,#3046);
#2264=LINE('',#14118,#3047);
#2265=LINE('',#14120,#3048);
#2266=LINE('',#14121,#3049);
#2267=LINE('',#14127,#3050);
#2268=LINE('',#14133,#3051);
#2269=LINE('',#14142,#3052);
#2270=LINE('',#14144,#3053);
#2271=LINE('',#14146,#3054);
#2272=LINE('',#14147,#3055);
#2273=LINE('',#14150,#3056);
#2274=LINE('',#14152,#3057);
#2275=LINE('',#14153,#3058);
#2276=LINE('',#14156,#3059);
#2277=LINE('',#14158,#3060);
#2278=LINE('',#14159,#3061);
#2279=LINE('',#14161,#3062);
#2280=LINE('',#14162,#3063);
#2281=LINE('',#14168,#3064);
#2282=LINE('',#14170,#3065);
#2283=LINE('',#14172,#3066);
#2284=LINE('',#14173,#3067);
#2285=LINE('',#14176,#3068);
#2286=LINE('',#14178,#3069);
#2287=LINE('',#14179,#3070);
#2288=LINE('',#14182,#3071);
#2289=LINE('',#14184,#3072);
#2290=LINE('',#14185,#3073);
#2291=LINE('',#14187,#3074);
#2292=LINE('',#14188,#3075);
#2293=LINE('',#14194,#3076);
#2294=LINE('',#14196,#3077);
#2295=LINE('',#14198,#3078);
#2296=LINE('',#14199,#3079);
#2297=LINE('',#14202,#3080);
#2298=LINE('',#14204,#3081);
#2299=LINE('',#14205,#3082);
#2300=LINE('',#14208,#3083);
#2301=LINE('',#14210,#3084);
#2302=LINE('',#14211,#3085);
#2303=LINE('',#14213,#3086);
#2304=LINE('',#14214,#3087);
#2305=LINE('',#14220,#3088);
#2306=LINE('',#14222,#3089);
#2307=LINE('',#14224,#3090);
#2308=LINE('',#14225,#3091);
#2309=LINE('',#14228,#3092);
#2310=LINE('',#14230,#3093);
#2311=LINE('',#14231,#3094);
#2312=LINE('',#14234,#3095);
#2313=LINE('',#14236,#3096);
#2314=LINE('',#14237,#3097);
#2315=LINE('',#14239,#3098);
#2316=LINE('',#14240,#3099);
#2317=LINE('',#14246,#3100);
#2318=LINE('',#14248,#3101);
#2319=LINE('',#14250,#3102);
#2320=LINE('',#14251,#3103);
#2321=LINE('',#14254,#3104);
#2322=LINE('',#14256,#3105);
#2323=LINE('',#14257,#3106);
#2324=LINE('',#14260,#3107);
#2325=LINE('',#14262,#3108);
#2326=LINE('',#14263,#3109);
#2327=LINE('',#14265,#3110);
#2328=LINE('',#14266,#3111);
#2329=LINE('',#14272,#3112);
#2330=LINE('',#14274,#3113);
#2331=LINE('',#14276,#3114);
#2332=LINE('',#14277,#3115);
#2333=LINE('',#14280,#3116);
#2334=LINE('',#14282,#3117);
#2335=LINE('',#14283,#3118);
#2336=LINE('',#14286,#3119);
#2337=LINE('',#14288,#3120);
#2338=LINE('',#14289,#3121);
#2339=LINE('',#14291,#3122);
#2340=LINE('',#14292,#3123);
#2341=LINE('',#14298,#3124);
#2342=LINE('',#14300,#3125);
#2343=LINE('',#14302,#3126);
#2344=LINE('',#14303,#3127);
#2345=LINE('',#14306,#3128);
#2346=LINE('',#14308,#3129);
#2347=LINE('',#14309,#3130);
#2348=LINE('',#14312,#3131);
#2349=LINE('',#14314,#3132);
#2350=LINE('',#14315,#3133);
#2351=LINE('',#14317,#3134);
#2352=LINE('',#14318,#3135);
#2353=LINE('',#14324,#3136);
#2354=LINE('',#14326,#3137);
#2355=LINE('',#14328,#3138);
#2356=LINE('',#14329,#3139);
#2357=LINE('',#14332,#3140);
#2358=LINE('',#14334,#3141);
#2359=LINE('',#14335,#3142);
#2360=LINE('',#14338,#3143);
#2361=LINE('',#14340,#3144);
#2362=LINE('',#14341,#3145);
#2363=LINE('',#14343,#3146);
#2364=LINE('',#14344,#3147);
#2365=LINE('',#14350,#3148);
#2366=LINE('',#14352,#3149);
#2367=LINE('',#14354,#3150);
#2368=LINE('',#14355,#3151);
#2369=LINE('',#14358,#3152);
#2370=LINE('',#14360,#3153);
#2371=LINE('',#14361,#3154);
#2372=LINE('',#14364,#3155);
#2373=LINE('',#14366,#3156);
#2374=LINE('',#14367,#3157);
#2375=LINE('',#14369,#3158);
#2376=LINE('',#14370,#3159);
#2377=LINE('',#14377,#3160);
#2378=LINE('',#14384,#3161);
#2379=LINE('',#14386,#3162);
#2380=LINE('',#14388,#3163);
#2381=LINE('',#14389,#3164);
#2382=LINE('',#14392,#3165);
#2383=LINE('',#14394,#3166);
#2384=LINE('',#14395,#3167);
#2385=LINE('',#14398,#3168);
#2386=LINE('',#14400,#3169);
#2387=LINE('',#14401,#3170);
#2388=LINE('',#14403,#3171);
#2389=LINE('',#14404,#3172);
#2390=LINE('',#14411,#3173);
#2391=LINE('',#14427,#3174);
#2392=LINE('',#14439,#3175);
#2393=LINE('',#14447,#3176);
#2394=LINE('',#14455,#3177);
#2395=LINE('',#14463,#3178);
#2396=LINE('',#14471,#3179);
#2397=LINE('',#14479,#3180);
#2398=LINE('',#14487,#3181);
#2399=LINE('',#14495,#3182);
#2400=LINE('',#14503,#3183);
#2401=LINE('',#14519,#3184);
#2402=LINE('',#14531,#3185);
#2403=LINE('',#14539,#3186);
#2404=LINE('',#14547,#3187);
#2405=LINE('',#14555,#3188);
#2406=LINE('',#14563,#3189);
#2407=LINE('',#14571,#3190);
#2408=LINE('',#14579,#3191);
#2409=LINE('',#14587,#3192);
#2410=LINE('',#14595,#3193);
#2411=LINE('',#14603,#3194);
#2412=LINE('',#14619,#3195);
#2413=LINE('',#14631,#3196);
#2414=LINE('',#14639,#3197);
#2415=LINE('',#14647,#3198);
#2416=LINE('',#14655,#3199);
#2417=LINE('',#14663,#3200);
#2418=LINE('',#14671,#3201);
#2419=LINE('',#14679,#3202);
#2420=LINE('',#14687,#3203);
#2421=LINE('',#14695,#3204);
#2422=LINE('',#14711,#3205);
#2423=LINE('',#14723,#3206);
#2424=LINE('',#14731,#3207);
#2425=LINE('',#14739,#3208);
#2426=LINE('',#14747,#3209);
#2427=LINE('',#14755,#3210);
#2428=LINE('',#14763,#3211);
#2429=LINE('',#14771,#3212);
#2430=LINE('',#14779,#3213);
#2431=LINE('',#14787,#3214);
#2432=LINE('',#14827,#3215);
#2433=LINE('',#14828,#3216);
#2434=LINE('',#14844,#3217);
#2435=LINE('',#14845,#3218);
#2436=LINE('',#14847,#3219);
#2437=LINE('',#14848,#3220);
#2438=LINE('',#14857,#3221);
#2439=LINE('',#14858,#3222);
#2440=LINE('',#14860,#3223);
#2441=LINE('',#14861,#3224);
#2442=LINE('',#14863,#3225);
#2443=LINE('',#14864,#3226);
#2444=LINE('',#14866,#3227);
#2445=LINE('',#14867,#3228);
#2446=LINE('',#14869,#3229);
#2447=LINE('',#14870,#3230);
#2448=LINE('',#14872,#3231);
#2449=LINE('',#14873,#3232);
#2450=LINE('',#14875,#3233);
#2451=LINE('',#14876,#3234);
#2452=LINE('',#14878,#3235);
#2453=LINE('',#14879,#3236);
#2454=LINE('',#14881,#3237);
#2455=LINE('',#14882,#3238);
#2456=LINE('',#14892,#3239);
#2457=LINE('',#14894,#3240);
#2458=LINE('',#14896,#3241);
#2459=LINE('',#14897,#3242);
#2460=LINE('',#14900,#3243);
#2461=LINE('',#14902,#3244);
#2462=LINE('',#14903,#3245);
#2463=LINE('',#14906,#3246);
#2464=LINE('',#14908,#3247);
#2465=LINE('',#14909,#3248);
#2466=LINE('',#14911,#3249);
#2467=LINE('',#14912,#3250);
#2468=LINE('',#14918,#3251);
#2469=LINE('',#14920,#3252);
#2470=LINE('',#14922,#3253);
#2471=LINE('',#14923,#3254);
#2472=LINE('',#14926,#3255);
#2473=LINE('',#14928,#3256);
#2474=LINE('',#14929,#3257);
#2475=LINE('',#14932,#3258);
#2476=LINE('',#14934,#3259);
#2477=LINE('',#14935,#3260);
#2478=LINE('',#14937,#3261);
#2479=LINE('',#14938,#3262);
#2480=LINE('',#14944,#3263);
#2481=LINE('',#14946,#3264);
#2482=LINE('',#14948,#3265);
#2483=LINE('',#14949,#3266);
#2484=LINE('',#14952,#3267);
#2485=LINE('',#14954,#3268);
#2486=LINE('',#14955,#3269);
#2487=LINE('',#14958,#3270);
#2488=LINE('',#14960,#3271);
#2489=LINE('',#14961,#3272);
#2490=LINE('',#14963,#3273);
#2491=LINE('',#14964,#3274);
#2492=LINE('',#14970,#3275);
#2493=LINE('',#14972,#3276);
#2494=LINE('',#14974,#3277);
#2495=LINE('',#14975,#3278);
#2496=LINE('',#14978,#3279);
#2497=LINE('',#14980,#3280);
#2498=LINE('',#14981,#3281);
#2499=LINE('',#14984,#3282);
#2500=LINE('',#14986,#3283);
#2501=LINE('',#14987,#3284);
#2502=LINE('',#14989,#3285);
#2503=LINE('',#14990,#3286);
#2504=LINE('',#14996,#3287);
#2505=LINE('',#14998,#3288);
#2506=LINE('',#15000,#3289);
#2507=LINE('',#15001,#3290);
#2508=LINE('',#15004,#3291);
#2509=LINE('',#15006,#3292);
#2510=LINE('',#15007,#3293);
#2511=LINE('',#15010,#3294);
#2512=LINE('',#15012,#3295);
#2513=LINE('',#15013,#3296);
#2514=LINE('',#15015,#3297);
#2515=LINE('',#15016,#3298);
#2516=LINE('',#15055,#3299);
#2517=LINE('',#15056,#3300);
#2518=LINE('',#15072,#3301);
#2519=LINE('',#15073,#3302);
#2520=LINE('',#15075,#3303);
#2521=LINE('',#15076,#3304);
#2522=LINE('',#15085,#3305);
#2523=LINE('',#15086,#3306);
#2524=LINE('',#15088,#3307);
#2525=LINE('',#15089,#3308);
#2526=LINE('',#15091,#3309);
#2527=LINE('',#15092,#3310);
#2528=LINE('',#15094,#3311);
#2529=LINE('',#15095,#3312);
#2530=LINE('',#15097,#3313);
#2531=LINE('',#15098,#3314);
#2532=LINE('',#15100,#3315);
#2533=LINE('',#15101,#3316);
#2534=LINE('',#15103,#3317);
#2535=LINE('',#15104,#3318);
#2536=LINE('',#15106,#3319);
#2537=LINE('',#15107,#3320);
#2538=LINE('',#15109,#3321);
#2539=LINE('',#15110,#3322);
#2540=LINE('',#15120,#3323);
#2541=LINE('',#15122,#3324);
#2542=LINE('',#15124,#3325);
#2543=LINE('',#15125,#3326);
#2544=LINE('',#15128,#3327);
#2545=LINE('',#15130,#3328);
#2546=LINE('',#15131,#3329);
#2547=LINE('',#15134,#3330);
#2548=LINE('',#15136,#3331);
#2549=LINE('',#15137,#3332);
#2550=LINE('',#15139,#3333);
#2551=LINE('',#15140,#3334);
#2552=LINE('',#15147,#3335);
#2553=LINE('',#15155,#3336);
#2554=LINE('',#15195,#3337);
#2555=LINE('',#15196,#3338);
#2556=LINE('',#15212,#3339);
#2557=LINE('',#15213,#3340);
#2558=LINE('',#15215,#3341);
#2559=LINE('',#15216,#3342);
#2560=LINE('',#15225,#3343);
#2561=LINE('',#15226,#3344);
#2562=LINE('',#15228,#3345);
#2563=LINE('',#15229,#3346);
#2564=LINE('',#15231,#3347);
#2565=LINE('',#15232,#3348);
#2566=LINE('',#15234,#3349);
#2567=LINE('',#15235,#3350);
#2568=LINE('',#15237,#3351);
#2569=LINE('',#15238,#3352);
#2570=LINE('',#15240,#3353);
#2571=LINE('',#15241,#3354);
#2572=LINE('',#15243,#3355);
#2573=LINE('',#15244,#3356);
#2574=LINE('',#15246,#3357);
#2575=LINE('',#15247,#3358);
#2576=LINE('',#15249,#3359);
#2577=LINE('',#15250,#3360);
#2578=LINE('',#15260,#3361);
#2579=LINE('',#15262,#3362);
#2580=LINE('',#15264,#3363);
#2581=LINE('',#15265,#3364);
#2582=LINE('',#15268,#3365);
#2583=LINE('',#15270,#3366);
#2584=LINE('',#15271,#3367);
#2585=LINE('',#15274,#3368);
#2586=LINE('',#15276,#3369);
#2587=LINE('',#15277,#3370);
#2588=LINE('',#15279,#3371);
#2589=LINE('',#15280,#3372);
#2590=LINE('',#15287,#3373);
#2591=LINE('',#15295,#3374);
#2592=LINE('',#15302,#3375);
#2593=LINE('',#15304,#3376);
#2594=LINE('',#15306,#3377);
#2595=LINE('',#15307,#3378);
#2596=LINE('',#15310,#3379);
#2597=LINE('',#15312,#3380);
#2598=LINE('',#15313,#3381);
#2599=LINE('',#15316,#3382);
#2600=LINE('',#15318,#3383);
#2601=LINE('',#15319,#3384);
#2602=LINE('',#15321,#3385);
#2603=LINE('',#15322,#3386);
#2604=LINE('',#15328,#3387);
#2605=LINE('',#15330,#3388);
#2606=LINE('',#15332,#3389);
#2607=LINE('',#15333,#3390);
#2608=LINE('',#15336,#3391);
#2609=LINE('',#15338,#3392);
#2610=LINE('',#15339,#3393);
#2611=LINE('',#15342,#3394);
#2612=LINE('',#15344,#3395);
#2613=LINE('',#15345,#3396);
#2614=LINE('',#15347,#3397);
#2615=LINE('',#15348,#3398);
#2616=LINE('',#15355,#3399);
#2617=LINE('',#15395,#3400);
#2618=LINE('',#15396,#3401);
#2619=LINE('',#15412,#3402);
#2620=LINE('',#15413,#3403);
#2621=LINE('',#15415,#3404);
#2622=LINE('',#15416,#3405);
#2623=LINE('',#15425,#3406);
#2624=LINE('',#15426,#3407);
#2625=LINE('',#15428,#3408);
#2626=LINE('',#15429,#3409);
#2627=LINE('',#15431,#3410);
#2628=LINE('',#15432,#3411);
#2629=LINE('',#15434,#3412);
#2630=LINE('',#15435,#3413);
#2631=LINE('',#15437,#3414);
#2632=LINE('',#15438,#3415);
#2633=LINE('',#15440,#3416);
#2634=LINE('',#15441,#3417);
#2635=LINE('',#15443,#3418);
#2636=LINE('',#15444,#3419);
#2637=LINE('',#15446,#3420);
#2638=LINE('',#15447,#3421);
#2639=LINE('',#15449,#3422);
#2640=LINE('',#15450,#3423);
#2641=LINE('',#15460,#3424);
#2642=LINE('',#15462,#3425);
#2643=LINE('',#15464,#3426);
#2644=LINE('',#15465,#3427);
#2645=LINE('',#15468,#3428);
#2646=LINE('',#15470,#3429);
#2647=LINE('',#15471,#3430);
#2648=LINE('',#15474,#3431);
#2649=LINE('',#15476,#3432);
#2650=LINE('',#15477,#3433);
#2651=LINE('',#15479,#3434);
#2652=LINE('',#15480,#3435);
#2653=LINE('',#15486,#3436);
#2654=LINE('',#15488,#3437);
#2655=LINE('',#15490,#3438);
#2656=LINE('',#15491,#3439);
#2657=LINE('',#15494,#3440);
#2658=LINE('',#15496,#3441);
#2659=LINE('',#15497,#3442);
#2660=LINE('',#15500,#3443);
#2661=LINE('',#15502,#3444);
#2662=LINE('',#15503,#3445);
#2663=LINE('',#15505,#3446);
#2664=LINE('',#15506,#3447);
#2665=LINE('',#15545,#3448);
#2666=LINE('',#15546,#3449);
#2667=LINE('',#15562,#3450);
#2668=LINE('',#15563,#3451);
#2669=LINE('',#15565,#3452);
#2670=LINE('',#15566,#3453);
#2671=LINE('',#15575,#3454);
#2672=LINE('',#15576,#3455);
#2673=LINE('',#15578,#3456);
#2674=LINE('',#15579,#3457);
#2675=LINE('',#15581,#3458);
#2676=LINE('',#15582,#3459);
#2677=LINE('',#15584,#3460);
#2678=LINE('',#15585,#3461);
#2679=LINE('',#15587,#3462);
#2680=LINE('',#15588,#3463);
#2681=LINE('',#15590,#3464);
#2682=LINE('',#15591,#3465);
#2683=LINE('',#15593,#3466);
#2684=LINE('',#15594,#3467);
#2685=LINE('',#15596,#3468);
#2686=LINE('',#15597,#3469);
#2687=LINE('',#15599,#3470);
#2688=LINE('',#15600,#3471);
#2689=LINE('',#15610,#3472);
#2690=LINE('',#15612,#3473);
#2691=LINE('',#15614,#3474);
#2692=LINE('',#15615,#3475);
#2693=LINE('',#15618,#3476);
#2694=LINE('',#15620,#3477);
#2695=LINE('',#15621,#3478);
#2696=LINE('',#15624,#3479);
#2697=LINE('',#15626,#3480);
#2698=LINE('',#15627,#3481);
#2699=LINE('',#15629,#3482);
#2700=LINE('',#15630,#3483);
#2701=LINE('',#15637,#3484);
#2702=LINE('',#15645,#3485);
#2703=LINE('',#15653,#3486);
#2704=LINE('',#15660,#3487);
#2705=LINE('',#15662,#3488);
#2706=LINE('',#15664,#3489);
#2707=LINE('',#15665,#3490);
#2708=LINE('',#15668,#3491);
#2709=LINE('',#15670,#3492);
#2710=LINE('',#15671,#3493);
#2711=LINE('',#15674,#3494);
#2712=LINE('',#15676,#3495);
#2713=LINE('',#15677,#3496);
#2714=LINE('',#15679,#3497);
#2715=LINE('',#15680,#3498);
#2716=LINE('',#15687,#3499);
#2717=LINE('',#15695,#3500);
#2718=LINE('',#15703,#3501);
#2719=LINE('',#15710,#3502);
#2720=LINE('',#15712,#3503);
#2721=LINE('',#15714,#3504);
#2722=LINE('',#15715,#3505);
#2723=LINE('',#15718,#3506);
#2724=LINE('',#15720,#3507);
#2725=LINE('',#15721,#3508);
#2726=LINE('',#15724,#3509);
#2727=LINE('',#15726,#3510);
#2728=LINE('',#15727,#3511);
#2729=LINE('',#15729,#3512);
#2730=LINE('',#15730,#3513);
#2731=LINE('',#15737,#3514);
#2732=LINE('',#15745,#3515);
#2733=LINE('',#15753,#3516);
#2734=LINE('',#15760,#3517);
#2735=LINE('',#15762,#3518);
#2736=LINE('',#15764,#3519);
#2737=LINE('',#15765,#3520);
#2738=LINE('',#15768,#3521);
#2739=LINE('',#15770,#3522);
#2740=LINE('',#15771,#3523);
#2741=LINE('',#15774,#3524);
#2742=LINE('',#15776,#3525);
#2743=LINE('',#15777,#3526);
#2744=LINE('',#15779,#3527);
#2745=LINE('',#15780,#3528);
#2746=LINE('',#15787,#3529);
#2747=LINE('',#15795,#3530);
#2748=LINE('',#15803,#3531);
#2749=LINE('',#15811,#3532);
#2750=LINE('',#15820,#3533);
#2751=LINE('',#15823,#3534);
#2752=LINE('',#15828,#3535);
#2753=LINE('',#15829,#3536);
#2754=LINE('',#15832,#3537);
#2755=LINE('',#15833,#3538);
#2756=LINE('',#15837,#3539);
#2757=LINE('',#15839,#3540);
#2758=LINE('',#15846,#3541);
#2759=LINE('',#15849,#3542);
#2760=LINE('',#15854,#3543);
#2761=LINE('',#15855,#3544);
#2762=LINE('',#15858,#3545);
#2763=LINE('',#15859,#3546);
#2764=LINE('',#15863,#3547);
#2765=LINE('',#15865,#3548);
#2766=LINE('',#15870,#3549);
#2767=LINE('',#15872,#3550);
#2768=LINE('',#15874,#3551);
#2769=LINE('',#15875,#3552);
#2770=LINE('',#15878,#3553);
#2771=LINE('',#15880,#3554);
#2772=LINE('',#15881,#3555);
#2773=LINE('',#15884,#3556);
#2774=LINE('',#15886,#3557);
#2775=LINE('',#15887,#3558);
#2776=LINE('',#15889,#3559);
#2777=LINE('',#15890,#3560);
#2778=LINE('',#15896,#3561);
#2779=LINE('',#15898,#3562);
#2780=LINE('',#15900,#3563);
#2781=LINE('',#15901,#3564);
#2782=LINE('',#15904,#3565);
#2783=LINE('',#15906,#3566);
#2784=LINE('',#15907,#3567);
#2785=LINE('',#15910,#3568);
#2786=LINE('',#15912,#3569);
#2787=LINE('',#15913,#3570);
#2788=LINE('',#15915,#3571);
#2789=LINE('',#15916,#3572);
#2790=LINE('',#15922,#3573);
#2791=LINE('',#15924,#3574);
#2792=LINE('',#15926,#3575);
#2793=LINE('',#15927,#3576);
#2794=LINE('',#15930,#3577);
#2795=LINE('',#15932,#3578);
#2796=LINE('',#15933,#3579);
#2797=LINE('',#15936,#3580);
#2798=LINE('',#15938,#3581);
#2799=LINE('',#15939,#3582);
#2800=LINE('',#15941,#3583);
#2801=LINE('',#15942,#3584);
#2802=LINE('',#15948,#3585);
#2803=LINE('',#15950,#3586);
#2804=LINE('',#15952,#3587);
#2805=LINE('',#15953,#3588);
#2806=LINE('',#15956,#3589);
#2807=LINE('',#15958,#3590);
#2808=LINE('',#15959,#3591);
#2809=LINE('',#15962,#3592);
#2810=LINE('',#15964,#3593);
#2811=LINE('',#15965,#3594);
#2812=LINE('',#15967,#3595);
#2813=LINE('',#15968,#3596);
#2814=LINE('',#15974,#3597);
#2815=LINE('',#15976,#3598);
#2816=LINE('',#15978,#3599);
#2817=LINE('',#15979,#3600);
#2818=LINE('',#15982,#3601);
#2819=LINE('',#15984,#3602);
#2820=LINE('',#15985,#3603);
#2821=LINE('',#16000,#3604);
#2822=LINE('',#16015,#3605);
#2823=LINE('',#16030,#3606);
#2824=LINE('',#16045,#3607);
#2825=LINE('',#16048,#3608);
#2826=LINE('',#16050,#3609);
#2827=LINE('',#16051,#3610);
#2828=LINE('',#16066,#3611);
#2829=LINE('',#16081,#3612);
#2830=LINE('',#16096,#3613);
#2831=LINE('',#16099,#3614);
#2832=LINE('',#16101,#3615);
#2833=LINE('',#16102,#3616);
#2834=LINE('',#16105,#3617);
#2835=LINE('',#16107,#3618);
#2836=LINE('',#16108,#3619);
#2837=LINE('',#16110,#3620);
#2838=LINE('',#16111,#3621);
#2839=LINE('',#16117,#3622);
#2840=LINE('',#16119,#3623);
#2841=LINE('',#16121,#3624);
#2842=LINE('',#16122,#3625);
#2843=LINE('',#16137,#3626);
#2844=LINE('',#16152,#3627);
#2845=LINE('',#16167,#3628);
#2846=LINE('',#16182,#3629);
#2847=LINE('',#16197,#3630);
#2848=LINE('',#16212,#3631);
#2849=LINE('',#16227,#3632);
#2850=LINE('',#16242,#3633);
#2851=LINE('',#16267,#3634);
#2852=LINE('',#16272,#3635);
#2853=LINE('',#16275,#3636);
#2854=LINE('',#16277,#3637);
#2855=LINE('',#16278,#3638);
#2856=LINE('',#16293,#3639);
#2857=LINE('',#16308,#3640);
#2858=LINE('',#16311,#3641);
#2859=LINE('',#16313,#3642);
#2860=LINE('',#16314,#3643);
#2861=LINE('',#16329,#3644);
#2862=LINE('',#16344,#3645);
#2863=LINE('',#16359,#3646);
#2864=LINE('',#16374,#3647);
#2865=LINE('',#16389,#3648);
#2866=LINE('',#16404,#3649);
#2867=LINE('',#16419,#3650);
#2868=LINE('',#16422,#3651);
#2869=LINE('',#16424,#3652);
#2870=LINE('',#16425,#3653);
#2871=LINE('',#16440,#3654);
#2872=LINE('',#16455,#3655);
#2873=LINE('',#16470,#3656);
#2874=LINE('',#16485,#3657);
#2875=LINE('',#16500,#3658);
#2876=LINE('',#16515,#3659);
#2877=LINE('',#16530,#3660);
#2878=LINE('',#16545,#3661);
#2879=LINE('',#16560,#3662);
#2880=LINE('',#16575,#3663);
#2881=LINE('',#16590,#3664);
#2882=LINE('',#16605,#3665);
#2883=LINE('',#16620,#3666);
#2884=VECTOR('',#10347,10.);
#2885=VECTOR('',#10350,10.);
#2886=VECTOR('',#10353,10.);
#2887=VECTOR('',#10356,10.);
#2888=VECTOR('',#10357,10.);
#2889=VECTOR('',#10358,10.);
#2890=VECTOR('',#10361,10.);
#2891=VECTOR('',#10364,10.);
#2892=VECTOR('',#10365,10.);
#2893=VECTOR('',#10368,10.);
#2894=VECTOR('',#10371,10.);
#2895=VECTOR('',#10372,10.);
#2896=VECTOR('',#10375,10.);
#2897=VECTOR('',#10380,10.);
#2898=VECTOR('',#10383,10.);
#2899=VECTOR('',#10384,10.);
#2900=VECTOR('',#10387,10.);
#2901=VECTOR('',#10390,10.);
#2902=VECTOR('',#10391,10.);
#2903=VECTOR('',#10392,10.);
#2904=VECTOR('',#10395,10.);
#2905=VECTOR('',#10402,10.);
#2906=VECTOR('',#10405,10.);
#2907=VECTOR('',#10406,10.);
#2908=VECTOR('',#10413,10.);
#2909=VECTOR('',#10422,10.);
#2910=VECTOR('',#10425,10.);
#2911=VECTOR('',#10430,10.);
#2912=VECTOR('',#10437,10.);
#2913=VECTOR('',#10440,10.);
#2914=VECTOR('',#10443,10.);
#2915=VECTOR('',#10444,10.);
#2916=VECTOR('',#10447,10.);
#2917=VECTOR('',#10452,10.);
#2918=VECTOR('',#10453,10.);
#2919=VECTOR('',#10458,10.);
#2920=VECTOR('',#10465,10.);
#2921=VECTOR('',#10474,10.);
#2922=VECTOR('',#10477,10.);
#2923=VECTOR('',#10484,10.);
#2924=VECTOR('',#10487,10.);
#2925=VECTOR('',#10490,10.);
#2926=VECTOR('',#10491,10.);
#2927=VECTOR('',#10492,10.);
#2928=VECTOR('',#10495,10.);
#2929=VECTOR('',#10496,10.);
#2930=VECTOR('',#10499,10.);
#2931=VECTOR('',#10500,10.);
#2932=VECTOR('',#10503,10.);
#2933=VECTOR('',#10510,10.);
#2934=VECTOR('',#10513,10.);
#2935=VECTOR('',#10516,10.);
#2936=VECTOR('',#10517,10.);
#2937=VECTOR('',#10518,10.);
#2938=VECTOR('',#10521,10.);
#2939=VECTOR('',#10522,10.);
#2940=VECTOR('',#10525,10.);
#2941=VECTOR('',#10526,10.);
#2942=VECTOR('',#10529,10.);
#2943=VECTOR('',#10534,10.);
#2944=VECTOR('',#10537,10.);
#2945=VECTOR('',#10542,10.);
#2946=VECTOR('',#10543,10.);
#2947=VECTOR('',#10544,10.);
#2948=VECTOR('',#10547,10.);
#2949=VECTOR('',#10548,10.);
#2950=VECTOR('',#10551,10.);
#2951=VECTOR('',#10552,10.);
#2952=VECTOR('',#10555,10.);
#2953=VECTOR('',#10560,10.);
#2954=VECTOR('',#10563,10.);
#2955=VECTOR('',#10568,10.);
#2956=VECTOR('',#10569,10.);
#2957=VECTOR('',#10570,10.);
#2958=VECTOR('',#10573,10.);
#2959=VECTOR('',#10574,10.);
#2960=VECTOR('',#10577,10.);
#2961=VECTOR('',#10578,10.);
#2962=VECTOR('',#10581,10.);
#2963=VECTOR('',#10588,10.);
#2964=VECTOR('',#10591,10.);
#2965=VECTOR('',#10598,10.);
#2966=VECTOR('',#10601,10.);
#2967=VECTOR('',#10602,10.);
#2968=VECTOR('',#10603,10.);
#2969=VECTOR('',#10610,10.);
#2970=VECTOR('',#10613,10.);
#2971=VECTOR('',#10614,10.);
#2972=VECTOR('',#10615,10.);
#2973=VECTOR('',#10622,10.);
#2974=VECTOR('',#10625,10.);
#2975=VECTOR('',#10626,10.);
#2976=VECTOR('',#10627,10.);
#2977=VECTOR('',#10640,10.);
#2978=VECTOR('',#10641,10.);
#2979=VECTOR('',#10642,10.);
#2980=VECTOR('',#10643,10.);
#2981=VECTOR('',#10646,10.);
#2982=VECTOR('',#10647,10.);
#2983=VECTOR('',#10648,10.);
#2984=VECTOR('',#10651,10.);
#2985=VECTOR('',#10652,10.);
#2986=VECTOR('',#10653,10.);
#2987=VECTOR('',#10656,10.);
#2988=VECTOR('',#10657,10.);
#2989=VECTOR('',#10664,10.);
#2990=VECTOR('',#10665,10.);
#2991=VECTOR('',#10666,10.);
#2992=VECTOR('',#10667,10.);
#2993=VECTOR('',#10670,10.);
#2994=VECTOR('',#10671,10.);
#2995=VECTOR('',#10672,10.);
#2996=VECTOR('',#10675,10.);
#2997=VECTOR('',#10676,10.);
#2998=VECTOR('',#10677,10.);
#2999=VECTOR('',#10680,10.);
#3000=VECTOR('',#10681,10.);
#3001=VECTOR('',#10688,10.);
#3002=VECTOR('',#10689,10.);
#3003=VECTOR('',#10690,10.);
#3004=VECTOR('',#10691,10.);
#3005=VECTOR('',#10694,10.);
#3006=VECTOR('',#10695,10.);
#3007=VECTOR('',#10696,10.);
#3008=VECTOR('',#10699,10.);
#3009=VECTOR('',#10700,10.);
#3010=VECTOR('',#10701,10.);
#3011=VECTOR('',#10704,10.);
#3012=VECTOR('',#10705,10.);
#3013=VECTOR('',#10712,10.);
#3014=VECTOR('',#10713,10.);
#3015=VECTOR('',#10714,10.);
#3016=VECTOR('',#10715,10.);
#3017=VECTOR('',#10718,10.);
#3018=VECTOR('',#10719,10.);
#3019=VECTOR('',#10720,10.);
#3020=VECTOR('',#10723,10.);
#3021=VECTOR('',#10724,10.);
#3022=VECTOR('',#10725,10.);
#3023=VECTOR('',#10728,10.);
#3024=VECTOR('',#10729,10.);
#3025=VECTOR('',#10738,310.);
#3026=VECTOR('',#10747,10.);
#3027=VECTOR('',#10748,10.);
#3028=VECTOR('',#10749,10.);
#3029=VECTOR('',#10750,10.);
#3030=VECTOR('',#10753,10.);
#3031=VECTOR('',#10754,10.);
#3032=VECTOR('',#10755,10.);
#3033=VECTOR('',#10758,10.);
#3034=VECTOR('',#10759,10.);
#3035=VECTOR('',#10760,10.);
#3036=VECTOR('',#10763,10.);
#3037=VECTOR('',#10764,10.);
#3038=VECTOR('',#10771,10.);
#3039=VECTOR('',#10772,10.);
#3040=VECTOR('',#10773,10.);
#3041=VECTOR('',#10774,10.);
#3042=VECTOR('',#10781,10.);
#3043=VECTOR('',#10784,10.);
#3044=VECTOR('',#10785,10.);
#3045=VECTOR('',#10786,10.);
#3046=VECTOR('',#10793,10.);
#3047=VECTOR('',#10796,10.);
#3048=VECTOR('',#10797,10.);
#3049=VECTOR('',#10798,10.);
#3050=VECTOR('',#10805,10.);
#3051=VECTOR('',#10812,10.);
#3052=VECTOR('',#10825,10.);
#3053=VECTOR('',#10826,10.);
#3054=VECTOR('',#10827,10.);
#3055=VECTOR('',#10828,10.);
#3056=VECTOR('',#10831,10.);
#3057=VECTOR('',#10832,10.);
#3058=VECTOR('',#10833,10.);
#3059=VECTOR('',#10836,10.);
#3060=VECTOR('',#10837,10.);
#3061=VECTOR('',#10838,10.);
#3062=VECTOR('',#10841,10.);
#3063=VECTOR('',#10842,10.);
#3064=VECTOR('',#10849,10.);
#3065=VECTOR('',#10850,10.);
#3066=VECTOR('',#10851,10.);
#3067=VECTOR('',#10852,10.);
#3068=VECTOR('',#10855,10.);
#3069=VECTOR('',#10856,10.);
#3070=VECTOR('',#10857,10.);
#3071=VECTOR('',#10860,10.);
#3072=VECTOR('',#10861,10.);
#3073=VECTOR('',#10862,10.);
#3074=VECTOR('',#10865,10.);
#3075=VECTOR('',#10866,10.);
#3076=VECTOR('',#10873,10.);
#3077=VECTOR('',#10874,10.);
#3078=VECTOR('',#10875,10.);
#3079=VECTOR('',#10876,10.);
#3080=VECTOR('',#10879,10.);
#3081=VECTOR('',#10880,10.);
#3082=VECTOR('',#10881,10.);
#3083=VECTOR('',#10884,10.);
#3084=VECTOR('',#10885,10.);
#3085=VECTOR('',#10886,10.);
#3086=VECTOR('',#10889,10.);
#3087=VECTOR('',#10890,10.);
#3088=VECTOR('',#10897,10.);
#3089=VECTOR('',#10898,10.);
#3090=VECTOR('',#10899,10.);
#3091=VECTOR('',#10900,10.);
#3092=VECTOR('',#10903,10.);
#3093=VECTOR('',#10904,10.);
#3094=VECTOR('',#10905,10.);
#3095=VECTOR('',#10908,10.);
#3096=VECTOR('',#10909,10.);
#3097=VECTOR('',#10910,10.);
#3098=VECTOR('',#10913,10.);
#3099=VECTOR('',#10914,10.);
#3100=VECTOR('',#10921,10.);
#3101=VECTOR('',#10922,10.);
#3102=VECTOR('',#10923,10.);
#3103=VECTOR('',#10924,10.);
#3104=VECTOR('',#10927,10.);
#3105=VECTOR('',#10928,10.);
#3106=VECTOR('',#10929,10.);
#3107=VECTOR('',#10932,10.);
#3108=VECTOR('',#10933,10.);
#3109=VECTOR('',#10934,10.);
#3110=VECTOR('',#10937,10.);
#3111=VECTOR('',#10938,10.);
#3112=VECTOR('',#10945,10.);
#3113=VECTOR('',#10946,10.);
#3114=VECTOR('',#10947,10.);
#3115=VECTOR('',#10948,10.);
#3116=VECTOR('',#10951,10.);
#3117=VECTOR('',#10952,10.);
#3118=VECTOR('',#10953,10.);
#3119=VECTOR('',#10956,10.);
#3120=VECTOR('',#10957,10.);
#3121=VECTOR('',#10958,10.);
#3122=VECTOR('',#10961,10.);
#3123=VECTOR('',#10962,10.);
#3124=VECTOR('',#10969,10.);
#3125=VECTOR('',#10970,10.);
#3126=VECTOR('',#10971,10.);
#3127=VECTOR('',#10972,10.);
#3128=VECTOR('',#10975,10.);
#3129=VECTOR('',#10976,10.);
#3130=VECTOR('',#10977,10.);
#3131=VECTOR('',#10980,10.);
#3132=VECTOR('',#10981,10.);
#3133=VECTOR('',#10982,10.);
#3134=VECTOR('',#10985,10.);
#3135=VECTOR('',#10986,10.);
#3136=VECTOR('',#10993,10.);
#3137=VECTOR('',#10994,10.);
#3138=VECTOR('',#10995,10.);
#3139=VECTOR('',#10996,10.);
#3140=VECTOR('',#10999,10.);
#3141=VECTOR('',#11000,10.);
#3142=VECTOR('',#11001,10.);
#3143=VECTOR('',#11004,10.);
#3144=VECTOR('',#11005,10.);
#3145=VECTOR('',#11006,10.);
#3146=VECTOR('',#11009,10.);
#3147=VECTOR('',#11010,10.);
#3148=VECTOR('',#11017,10.);
#3149=VECTOR('',#11018,10.);
#3150=VECTOR('',#11019,10.);
#3151=VECTOR('',#11020,10.);
#3152=VECTOR('',#11023,10.);
#3153=VECTOR('',#11024,10.);
#3154=VECTOR('',#11025,10.);
#3155=VECTOR('',#11028,10.);
#3156=VECTOR('',#11029,10.);
#3157=VECTOR('',#11030,10.);
#3158=VECTOR('',#11033,10.);
#3159=VECTOR('',#11034,10.);
#3160=VECTOR('',#11043,310.);
#3161=VECTOR('',#11052,10.);
#3162=VECTOR('',#11053,10.);
#3163=VECTOR('',#11054,10.);
#3164=VECTOR('',#11055,10.);
#3165=VECTOR('',#11058,10.);
#3166=VECTOR('',#11059,10.);
#3167=VECTOR('',#11060,10.);
#3168=VECTOR('',#11063,10.);
#3169=VECTOR('',#11064,10.);
#3170=VECTOR('',#11065,10.);
#3171=VECTOR('',#11068,10.);
#3172=VECTOR('',#11069,10.);
#3173=VECTOR('',#11078,58.);
#3174=VECTOR('',#11099,360.);
#3175=VECTOR('',#11116,242.);
#3176=VECTOR('',#11127,178.);
#3177=VECTOR('',#11138,90.9999999999999);
#3178=VECTOR('',#11149,20.9999999999999);
#3179=VECTOR('',#11160,20.9999999999999);
#3180=VECTOR('',#11171,20.9999999999999);
#3181=VECTOR('',#11182,20.9999999999999);
#3182=VECTOR('',#11193,20.9999999999999);
#3183=VECTOR('',#11204,20.9999999999999);
#3184=VECTOR('',#11225,360.);
#3185=VECTOR('',#11242,242.);
#3186=VECTOR('',#11253,178.);
#3187=VECTOR('',#11264,90.9999999999999);
#3188=VECTOR('',#11275,20.9999999999999);
#3189=VECTOR('',#11286,20.9999999999999);
#3190=VECTOR('',#11297,20.9999999999999);
#3191=VECTOR('',#11308,20.9999999999999);
#3192=VECTOR('',#11319,20.9999999999999);
#3193=VECTOR('',#11330,20.9999999999999);
#3194=VECTOR('',#11341,58.0000000000001);
#3195=VECTOR('',#11362,360.);
#3196=VECTOR('',#11379,242.);
#3197=VECTOR('',#11390,178.);
#3198=VECTOR('',#11401,91.0000000000002);
#3199=VECTOR('',#11412,21.0000000000002);
#3200=VECTOR('',#11423,21.0000000000002);
#3201=VECTOR('',#11434,21.0000000000002);
#3202=VECTOR('',#11445,21.0000000000002);
#3203=VECTOR('',#11456,21.0000000000002);
#3204=VECTOR('',#11467,21.0000000000002);
#3205=VECTOR('',#11488,360.);
#3206=VECTOR('',#11505,242.);
#3207=VECTOR('',#11516,178.);
#3208=VECTOR('',#11527,91.0000000000002);
#3209=VECTOR('',#11538,21.0000000000002);
#3210=VECTOR('',#11549,21.0000000000002);
#3211=VECTOR('',#11560,21.0000000000002);
#3212=VECTOR('',#11571,21.0000000000002);
#3213=VECTOR('',#11582,21.0000000000002);
#3214=VECTOR('',#11593,21.0000000000002);
#3215=VECTOR('',#11642,10.);
#3216=VECTOR('',#11643,10.);
#3217=VECTOR('',#11662,10.);
#3218=VECTOR('',#11663,10.);
#3219=VECTOR('',#11666,10.);
#3220=VECTOR('',#11667,10.);
#3221=VECTOR('',#11678,10.);
#3222=VECTOR('',#11679,10.);
#3223=VECTOR('',#11682,10.);
#3224=VECTOR('',#11683,10.);
#3225=VECTOR('',#11686,10.);
#3226=VECTOR('',#11687,10.);
#3227=VECTOR('',#11690,10.);
#3228=VECTOR('',#11691,10.);
#3229=VECTOR('',#11694,10.);
#3230=VECTOR('',#11695,10.);
#3231=VECTOR('',#11698,10.);
#3232=VECTOR('',#11699,10.);
#3233=VECTOR('',#11702,10.);
#3234=VECTOR('',#11703,10.);
#3235=VECTOR('',#11706,10.);
#3236=VECTOR('',#11707,10.);
#3237=VECTOR('',#11710,10.);
#3238=VECTOR('',#11711,10.);
#3239=VECTOR('',#11726,10.);
#3240=VECTOR('',#11727,10.);
#3241=VECTOR('',#11728,10.);
#3242=VECTOR('',#11729,10.);
#3243=VECTOR('',#11732,10.);
#3244=VECTOR('',#11733,10.);
#3245=VECTOR('',#11734,10.);
#3246=VECTOR('',#11737,10.);
#3247=VECTOR('',#11738,10.);
#3248=VECTOR('',#11739,10.);
#3249=VECTOR('',#11742,10.);
#3250=VECTOR('',#11743,10.);
#3251=VECTOR('',#11750,10.);
#3252=VECTOR('',#11751,10.);
#3253=VECTOR('',#11752,10.);
#3254=VECTOR('',#11753,10.);
#3255=VECTOR('',#11756,10.);
#3256=VECTOR('',#11757,10.);
#3257=VECTOR('',#11758,10.);
#3258=VECTOR('',#11761,10.);
#3259=VECTOR('',#11762,10.);
#3260=VECTOR('',#11763,10.);
#3261=VECTOR('',#11766,10.);
#3262=VECTOR('',#11767,10.);
#3263=VECTOR('',#11774,10.);
#3264=VECTOR('',#11775,10.);
#3265=VECTOR('',#11776,10.);
#3266=VECTOR('',#11777,10.);
#3267=VECTOR('',#11780,10.);
#3268=VECTOR('',#11781,10.);
#3269=VECTOR('',#11782,10.);
#3270=VECTOR('',#11785,10.);
#3271=VECTOR('',#11786,10.);
#3272=VECTOR('',#11787,10.);
#3273=VECTOR('',#11790,10.);
#3274=VECTOR('',#11791,10.);
#3275=VECTOR('',#11798,10.);
#3276=VECTOR('',#11799,10.);
#3277=VECTOR('',#11800,10.);
#3278=VECTOR('',#11801,10.);
#3279=VECTOR('',#11804,10.);
#3280=VECTOR('',#11805,10.);
#3281=VECTOR('',#11806,10.);
#3282=VECTOR('',#11809,10.);
#3283=VECTOR('',#11810,10.);
#3284=VECTOR('',#11811,10.);
#3285=VECTOR('',#11814,10.);
#3286=VECTOR('',#11815,10.);
#3287=VECTOR('',#11822,10.);
#3288=VECTOR('',#11823,10.);
#3289=VECTOR('',#11824,10.);
#3290=VECTOR('',#11825,10.);
#3291=VECTOR('',#11828,10.);
#3292=VECTOR('',#11829,10.);
#3293=VECTOR('',#11830,10.);
#3294=VECTOR('',#11833,10.);
#3295=VECTOR('',#11834,10.);
#3296=VECTOR('',#11835,10.);
#3297=VECTOR('',#11838,10.);
#3298=VECTOR('',#11839,10.);
#3299=VECTOR('',#11886,10.);
#3300=VECTOR('',#11887,10.);
#3301=VECTOR('',#11906,10.);
#3302=VECTOR('',#11907,10.);
#3303=VECTOR('',#11910,10.);
#3304=VECTOR('',#11911,10.);
#3305=VECTOR('',#11922,10.);
#3306=VECTOR('',#11923,10.);
#3307=VECTOR('',#11926,10.);
#3308=VECTOR('',#11927,10.);
#3309=VECTOR('',#11930,10.);
#3310=VECTOR('',#11931,10.);
#3311=VECTOR('',#11934,10.);
#3312=VECTOR('',#11935,10.);
#3313=VECTOR('',#11938,10.);
#3314=VECTOR('',#11939,10.);
#3315=VECTOR('',#11942,10.);
#3316=VECTOR('',#11943,10.);
#3317=VECTOR('',#11946,10.);
#3318=VECTOR('',#11947,10.);
#3319=VECTOR('',#11950,10.);
#3320=VECTOR('',#11951,10.);
#3321=VECTOR('',#11954,10.);
#3322=VECTOR('',#11955,10.);
#3323=VECTOR('',#11970,10.);
#3324=VECTOR('',#11971,10.);
#3325=VECTOR('',#11972,10.);
#3326=VECTOR('',#11973,10.);
#3327=VECTOR('',#11976,10.);
#3328=VECTOR('',#11977,10.);
#3329=VECTOR('',#11978,10.);
#3330=VECTOR('',#11981,10.);
#3331=VECTOR('',#11982,10.);
#3332=VECTOR('',#11983,10.);
#3333=VECTOR('',#11986,10.);
#3334=VECTOR('',#11987,10.);
#3335=VECTOR('',#11996,25.);
#3336=VECTOR('',#12007,25.);
#3337=VECTOR('',#12056,10.);
#3338=VECTOR('',#12057,10.);
#3339=VECTOR('',#12076,10.);
#3340=VECTOR('',#12077,10.);
#3341=VECTOR('',#12080,10.);
#3342=VECTOR('',#12081,10.);
#3343=VECTOR('',#12092,10.);
#3344=VECTOR('',#12093,10.);
#3345=VECTOR('',#12096,10.);
#3346=VECTOR('',#12097,10.);
#3347=VECTOR('',#12100,10.);
#3348=VECTOR('',#12101,10.);
#3349=VECTOR('',#12104,10.);
#3350=VECTOR('',#12105,10.);
#3351=VECTOR('',#12108,10.);
#3352=VECTOR('',#12109,10.);
#3353=VECTOR('',#12112,10.);
#3354=VECTOR('',#12113,10.);
#3355=VECTOR('',#12116,10.);
#3356=VECTOR('',#12117,10.);
#3357=VECTOR('',#12120,10.);
#3358=VECTOR('',#12121,10.);
#3359=VECTOR('',#12124,10.);
#3360=VECTOR('',#12125,10.);
#3361=VECTOR('',#12140,10.);
#3362=VECTOR('',#12141,10.);
#3363=VECTOR('',#12142,10.);
#3364=VECTOR('',#12143,10.);
#3365=VECTOR('',#12146,10.);
#3366=VECTOR('',#12147,10.);
#3367=VECTOR('',#12148,10.);
#3368=VECTOR('',#12151,10.);
#3369=VECTOR('',#12152,10.);
#3370=VECTOR('',#12153,10.);
#3371=VECTOR('',#12156,10.);
#3372=VECTOR('',#12157,10.);
#3373=VECTOR('',#12166,25.);
#3374=VECTOR('',#12177,25.);
#3375=VECTOR('',#12186,10.);
#3376=VECTOR('',#12187,10.);
#3377=VECTOR('',#12188,10.);
#3378=VECTOR('',#12189,10.);
#3379=VECTOR('',#12192,10.);
#3380=VECTOR('',#12193,10.);
#3381=VECTOR('',#12194,10.);
#3382=VECTOR('',#12197,10.);
#3383=VECTOR('',#12198,10.);
#3384=VECTOR('',#12199,10.);
#3385=VECTOR('',#12202,10.);
#3386=VECTOR('',#12203,10.);
#3387=VECTOR('',#12210,10.);
#3388=VECTOR('',#12211,10.);
#3389=VECTOR('',#12212,10.);
#3390=VECTOR('',#12213,10.);
#3391=VECTOR('',#12216,10.);
#3392=VECTOR('',#12217,10.);
#3393=VECTOR('',#12218,10.);
#3394=VECTOR('',#12221,10.);
#3395=VECTOR('',#12222,10.);
#3396=VECTOR('',#12223,10.);
#3397=VECTOR('',#12226,10.);
#3398=VECTOR('',#12227,10.);
#3399=VECTOR('',#12236,58.);
#3400=VECTOR('',#12285,10.);
#3401=VECTOR('',#12286,10.);
#3402=VECTOR('',#12305,10.);
#3403=VECTOR('',#12306,10.);
#3404=VECTOR('',#12309,10.);
#3405=VECTOR('',#12310,10.);
#3406=VECTOR('',#12321,10.);
#3407=VECTOR('',#12322,10.);
#3408=VECTOR('',#12325,10.);
#3409=VECTOR('',#12326,10.);
#3410=VECTOR('',#12329,10.);
#3411=VECTOR('',#12330,10.);
#3412=VECTOR('',#12333,10.);
#3413=VECTOR('',#12334,10.);
#3414=VECTOR('',#12337,10.);
#3415=VECTOR('',#12338,10.);
#3416=VECTOR('',#12341,10.);
#3417=VECTOR('',#12342,10.);
#3418=VECTOR('',#12345,10.);
#3419=VECTOR('',#12346,10.);
#3420=VECTOR('',#12349,10.);
#3421=VECTOR('',#12350,10.);
#3422=VECTOR('',#12353,10.);
#3423=VECTOR('',#12354,10.);
#3424=VECTOR('',#12369,10.);
#3425=VECTOR('',#12370,10.);
#3426=VECTOR('',#12371,10.);
#3427=VECTOR('',#12372,10.);
#3428=VECTOR('',#12375,10.);
#3429=VECTOR('',#12376,10.);
#3430=VECTOR('',#12377,10.);
#3431=VECTOR('',#12380,10.);
#3432=VECTOR('',#12381,10.);
#3433=VECTOR('',#12382,10.);
#3434=VECTOR('',#12385,10.);
#3435=VECTOR('',#12386,10.);
#3436=VECTOR('',#12393,10.);
#3437=VECTOR('',#12394,10.);
#3438=VECTOR('',#12395,10.);
#3439=VECTOR('',#12396,10.);
#3440=VECTOR('',#12399,10.);
#3441=VECTOR('',#12400,10.);
#3442=VECTOR('',#12401,10.);
#3443=VECTOR('',#12404,10.);
#3444=VECTOR('',#12405,10.);
#3445=VECTOR('',#12406,10.);
#3446=VECTOR('',#12409,10.);
#3447=VECTOR('',#12410,10.);
#3448=VECTOR('',#12457,10.);
#3449=VECTOR('',#12458,10.);
#3450=VECTOR('',#12477,10.);
#3451=VECTOR('',#12478,10.);
#3452=VECTOR('',#12481,10.);
#3453=VECTOR('',#12482,10.);
#3454=VECTOR('',#12493,10.);
#3455=VECTOR('',#12494,10.);
#3456=VECTOR('',#12497,10.);
#3457=VECTOR('',#12498,10.);
#3458=VECTOR('',#12501,10.);
#3459=VECTOR('',#12502,10.);
#3460=VECTOR('',#12505,10.);
#3461=VECTOR('',#12506,10.);
#3462=VECTOR('',#12509,10.);
#3463=VECTOR('',#12510,10.);
#3464=VECTOR('',#12513,10.);
#3465=VECTOR('',#12514,10.);
#3466=VECTOR('',#12517,10.);
#3467=VECTOR('',#12518,10.);
#3468=VECTOR('',#12521,10.);
#3469=VECTOR('',#12522,10.);
#3470=VECTOR('',#12525,10.);
#3471=VECTOR('',#12526,10.);
#3472=VECTOR('',#12541,10.);
#3473=VECTOR('',#12542,10.);
#3474=VECTOR('',#12543,10.);
#3475=VECTOR('',#12544,10.);
#3476=VECTOR('',#12547,10.);
#3477=VECTOR('',#12548,10.);
#3478=VECTOR('',#12549,10.);
#3479=VECTOR('',#12552,10.);
#3480=VECTOR('',#12553,10.);
#3481=VECTOR('',#12554,10.);
#3482=VECTOR('',#12557,10.);
#3483=VECTOR('',#12558,10.);
#3484=VECTOR('',#12567,77.);
#3485=VECTOR('',#12578,70.);
#3486=VECTOR('',#12589,66.);
#3487=VECTOR('',#12598,10.);
#3488=VECTOR('',#12599,10.);
#3489=VECTOR('',#12600,10.);
#3490=VECTOR('',#12601,10.);
#3491=VECTOR('',#12604,10.);
#3492=VECTOR('',#12605,10.);
#3493=VECTOR('',#12606,10.);
#3494=VECTOR('',#12609,10.);
#3495=VECTOR('',#12610,10.);
#3496=VECTOR('',#12611,10.);
#3497=VECTOR('',#12614,10.);
#3498=VECTOR('',#12615,10.);
#3499=VECTOR('',#12624,77.);
#3500=VECTOR('',#12635,70.);
#3501=VECTOR('',#12646,66.);
#3502=VECTOR('',#12655,10.);
#3503=VECTOR('',#12656,10.);
#3504=VECTOR('',#12657,10.);
#3505=VECTOR('',#12658,10.);
#3506=VECTOR('',#12661,10.);
#3507=VECTOR('',#12662,10.);
#3508=VECTOR('',#12663,10.);
#3509=VECTOR('',#12666,10.);
#3510=VECTOR('',#12667,10.);
#3511=VECTOR('',#12668,10.);
#3512=VECTOR('',#12671,10.);
#3513=VECTOR('',#12672,10.);
#3514=VECTOR('',#12681,77.0000000000005);
#3515=VECTOR('',#12692,70.);
#3516=VECTOR('',#12703,66.0000000000002);
#3517=VECTOR('',#12712,10.);
#3518=VECTOR('',#12713,10.);
#3519=VECTOR('',#12714,10.);
#3520=VECTOR('',#12715,10.);
#3521=VECTOR('',#12718,10.);
#3522=VECTOR('',#12719,10.);
#3523=VECTOR('',#12720,10.);
#3524=VECTOR('',#12723,10.);
#3525=VECTOR('',#12724,10.);
#3526=VECTOR('',#12725,10.);
#3527=VECTOR('',#12728,10.);
#3528=VECTOR('',#12729,10.);
#3529=VECTOR('',#12738,77.0000000000005);
#3530=VECTOR('',#12749,70.);
#3531=VECTOR('',#12760,66.0000000000002);
#3532=VECTOR('',#12771,62.);
#3533=VECTOR('',#12782,10.);
#3534=VECTOR('',#12785,10.);
#3535=VECTOR('',#12790,10.);
#3536=VECTOR('',#12791,10.);
#3537=VECTOR('',#12794,10.);
#3538=VECTOR('',#12795,10.);
#3539=VECTOR('',#12800,10.);
#3540=VECTOR('',#12803,10.);
#3541=VECTOR('',#12810,10.);
#3542=VECTOR('',#12813,10.);
#3543=VECTOR('',#12818,10.);
#3544=VECTOR('',#12819,10.);
#3545=VECTOR('',#12822,10.);
#3546=VECTOR('',#12823,10.);
#3547=VECTOR('',#12828,10.);
#3548=VECTOR('',#12831,10.);
#3549=VECTOR('',#12836,10.);
#3550=VECTOR('',#12837,10.);
#3551=VECTOR('',#12838,10.);
#3552=VECTOR('',#12839,10.);
#3553=VECTOR('',#12842,10.);
#3554=VECTOR('',#12843,10.);
#3555=VECTOR('',#12844,10.);
#3556=VECTOR('',#12847,10.);
#3557=VECTOR('',#12848,10.);
#3558=VECTOR('',#12849,10.);
#3559=VECTOR('',#12852,10.);
#3560=VECTOR('',#12853,10.);
#3561=VECTOR('',#12860,10.);
#3562=VECTOR('',#12861,10.);
#3563=VECTOR('',#12862,10.);
#3564=VECTOR('',#12863,10.);
#3565=VECTOR('',#12866,10.);
#3566=VECTOR('',#12867,10.);
#3567=VECTOR('',#12868,10.);
#3568=VECTOR('',#12871,10.);
#3569=VECTOR('',#12872,10.);
#3570=VECTOR('',#12873,10.);
#3571=VECTOR('',#12876,10.);
#3572=VECTOR('',#12877,10.);
#3573=VECTOR('',#12884,10.);
#3574=VECTOR('',#12885,10.);
#3575=VECTOR('',#12886,10.);
#3576=VECTOR('',#12887,10.);
#3577=VECTOR('',#12890,10.);
#3578=VECTOR('',#12891,10.);
#3579=VECTOR('',#12892,10.);
#3580=VECTOR('',#12895,10.);
#3581=VECTOR('',#12896,10.);
#3582=VECTOR('',#12897,10.);
#3583=VECTOR('',#12900,10.);
#3584=VECTOR('',#12901,10.);
#3585=VECTOR('',#12908,10.);
#3586=VECTOR('',#12909,10.);
#3587=VECTOR('',#12910,10.);
#3588=VECTOR('',#12911,10.);
#3589=VECTOR('',#12914,10.);
#3590=VECTOR('',#12915,10.);
#3591=VECTOR('',#12916,10.);
#3592=VECTOR('',#12919,10.);
#3593=VECTOR('',#12920,10.);
#3594=VECTOR('',#12921,10.);
#3595=VECTOR('',#12924,10.);
#3596=VECTOR('',#12925,10.);
#3597=VECTOR('',#12932,10.);
#3598=VECTOR('',#12933,10.);
#3599=VECTOR('',#12934,10.);
#3600=VECTOR('',#12935,10.);
#3601=VECTOR('',#12938,10.);
#3602=VECTOR('',#12939,10.);
#3603=VECTOR('',#12940,10.);
#3604=VECTOR('',#12941,10.);
#3605=VECTOR('',#12942,10.);
#3606=VECTOR('',#12943,10.);
#3607=VECTOR('',#12944,10.);
#3608=VECTOR('',#12947,10.);
#3609=VECTOR('',#12948,10.);
#3610=VECTOR('',#12949,10.);
#3611=VECTOR('',#12950,10.);
#3612=VECTOR('',#12951,10.);
#3613=VECTOR('',#12952,10.);
#3614=VECTOR('',#12955,10.);
#3615=VECTOR('',#12956,10.);
#3616=VECTOR('',#12957,10.);
#3617=VECTOR('',#12960,10.);
#3618=VECTOR('',#12961,10.);
#3619=VECTOR('',#12962,10.);
#3620=VECTOR('',#12965,10.);
#3621=VECTOR('',#12966,10.);
#3622=VECTOR('',#12973,10.);
#3623=VECTOR('',#12974,10.);
#3624=VECTOR('',#12975,10.);
#3625=VECTOR('',#12976,10.);
#3626=VECTOR('',#12977,10.);
#3627=VECTOR('',#12978,10.);
#3628=VECTOR('',#12979,10.);
#3629=VECTOR('',#12980,10.);
#3630=VECTOR('',#12981,10.);
#3631=VECTOR('',#12982,10.);
#3632=VECTOR('',#12983,10.);
#3633=VECTOR('',#12984,10.);
#3634=VECTOR('',#12985,10.);
#3635=VECTOR('',#12986,10.);
#3636=VECTOR('',#12989,10.);
#3637=VECTOR('',#12990,10.);
#3638=VECTOR('',#12991,10.);
#3639=VECTOR('',#12992,10.);
#3640=VECTOR('',#12993,10.);
#3641=VECTOR('',#12996,10.);
#3642=VECTOR('',#12997,10.);
#3643=VECTOR('',#12998,10.);
#3644=VECTOR('',#12999,10.);
#3645=VECTOR('',#13000,10.);
#3646=VECTOR('',#13001,10.);
#3647=VECTOR('',#13002,10.);
#3648=VECTOR('',#13003,10.);
#3649=VECTOR('',#13004,10.);
#3650=VECTOR('',#13005,10.);
#3651=VECTOR('',#13008,10.);
#3652=VECTOR('',#13009,10.);
#3653=VECTOR('',#13010,10.);
#3654=VECTOR('',#13011,10.);
#3655=VECTOR('',#13012,10.);
#3656=VECTOR('',#13013,10.);
#3657=VECTOR('',#13014,10.);
#3658=VECTOR('',#13015,10.);
#3659=VECTOR('',#13016,10.);
#3660=VECTOR('',#13017,10.);
#3661=VECTOR('',#13018,10.);
#3662=VECTOR('',#13019,10.);
#3663=VECTOR('',#13020,10.);
#3664=VECTOR('',#13021,10.);
#3665=VECTOR('',#13022,10.);
#3666=VECTOR('',#13023,10.);
#3667=B_SPLINE_CURVE_WITH_KNOTS('',3,(#13034,#13035,#13036,#13037,#13038,
#13039,#13040,#13041,#13042,#13043,#13044,#13045,#13046,#13047,#13048,#13049,
#13050,#13051),.UNSPECIFIED.,.F.,.F.,(4,2,2,2,2,2,2,2,4),(0.,1.60668408461373,
3.21336816922746,4.8200522538412,6.42673633845493,8.03888098829727,9.65102563813961,
11.263170287982,12.8753149378243),.UNSPECIFIED.);
#3668=B_SPLINE_CURVE_WITH_KNOTS('',3,(#13055,#13056,#13057,#13058,#13059,
#13060,#13061,#13062,#13063,#13064,#13065,#13066,#13067,#13068,#13069,#13070,
#13071,#13072),.UNSPECIFIED.,.F.,.F.,(4,2,2,2,2,2,2,2,4),(12.8311383371028,
14.4432829869451,16.0554276367875,17.6675722866298,19.2797169364721,20.8864010210859,
22.4930851056996,24.0997691903133,25.7064532749271),.UNSPECIFIED.);
#3669=B_SPLINE_CURVE_WITH_KNOTS('',3,(#13076,#13077,#13078,#13079,#13080,
#13081,#13082,#13083,#13084,#13085,#13086,#13087,#13088,#13089,#13090,#13091,
#13092,#13093),.UNSPECIFIED.,.F.,.F.,(4,2,2,2,2,2,2,2,4),(25.7064532749271,
27.3131373595408,28.9198214441546,30.5265055287683,32.133189613382,33.7453342632244,
35.3574789130667,36.969623562909,38.5817682127514),.UNSPECIFIED.);
#3670=B_SPLINE_CURVE_WITH_KNOTS('',3,(#13096,#13097,#13098,#13099,#13100,
#13101,#13102,#13103,#13104,#13105,#13106,#13107,#13108,#13109,#13110,#13111,
#13112,#13113),.UNSPECIFIED.,.F.,.F.,(4,2,2,2,2,2,2,2,4),(-12.8753149378243,
-11.2631702879819,-9.65102563813961,-8.03888098829727,-6.42673633845493,
-4.8200522538412,-3.21336816922746,-1.60668408461373,0.),.UNSPECIFIED.);
#3671=B_SPLINE_CURVE_WITH_KNOTS('',3,(#13137,#13138,#13139,#13140,#13141,
#13142,#13143,#13144,#13145,#13146,#13147,#13148,#13149,#13150,#13151,#13152,
#13153,#13154),.UNSPECIFIED.,.F.,.F.,(4,2,2,2,2,2,2,2,4),(25.7064532749271,
27.3131373595408,28.9198214441546,30.5265055287683,32.133189613382,33.7453342632244,
35.3574789130667,36.969623562909,38.5817682127514),.UNSPECIFIED.);
#3672=B_SPLINE_CURVE_WITH_KNOTS('',3,(#13162,#13163,#13164,#13165,#13166,
#13167,#13168,#13169,#13170,#13171,#13172,#13173,#13174,#13175,#13176,#13177,
#13178,#13179),.UNSPECIFIED.,.F.,.F.,(4,2,2,2,2,2,2,2,4),(-12.8753149378243,
-11.2631702879819,-9.65102563813961,-8.03888098829727,-6.42673633845493,
-4.8200522538412,-3.21336816922746,-1.60668408461373,0.),.UNSPECIFIED.);
#3673=B_SPLINE_CURVE_WITH_KNOTS('',3,(#13184,#13185,#13186,#13187,#13188,
#13189,#13190,#13191,#13192,#13193,#13194,#13195,#13196,#13197,#13198,#13199,
#13200,#13201),.UNSPECIFIED.,.F.,.F.,(4,2,2,2,2,2,2,2,4),(0.,1.60668408461373,
3.21336816922747,4.8200522538412,6.42673633845493,8.03888098829727,9.65102563813961,
11.263170287982,12.8753149378243),.UNSPECIFIED.);
#3674=B_SPLINE_CURVE_WITH_KNOTS('',3,(#13204,#13205,#13206,#13207,#13208,
#13209,#13210,#13211,#13212,#13213,#13214,#13215,#13216,#13217,#13218,#13219,
#13220,#13221),.UNSPECIFIED.,.F.,.F.,(4,2,2,2,2,2,2,2,4),(12.8311383371028,
14.4432829869451,16.0554276367875,17.6675722866298,19.2797169364721,20.8864010210859,
22.4930851056996,24.0997691903133,25.7064532749271),.UNSPECIFIED.);
#3675=B_SPLINE_CURVE_WITH_KNOTS('',3,(#13254,#13255,#13256,#13257,#13258,
#13259,#13260,#13261,#13262,#13263,#13264,#13265,#13266,#13267,#13268,#13269,
#13270,#13271,#13272,#13273,#13274,#13275,#13276,#13277,#13278,#13279,#13280,
#13281,#13282,#13283,#13284,#13285,#13286,#13287,#13288,#13289,#13290,#13291,
#13292,#13293,#13294,#13295,#13296,#13297,#13298,#13299,#13300,#13301,#13302,
#13303,#13304,#13305,#13306,#13307,#13308,#13309,#13310,#13311,#13312,#13313,
#13314,#13315,#13316,#13317,#13318,#13319,#13320,#13321,#13322,#13323,#13324,
#13325,#13326,#13327,#13328,#13329,#13330,#13331,#13332,#13333,#13334,#13335,
#13336,#13337,#13338,#13339,#13340,#13341,#13342,#13343,#13344,#13345,#13346,
#13347,#13348,#13349,#13350,#13351,#13352,#13353,#13354,#13355,#13356,#13357,
#13358,#13359,#13360,#13361,#13362),.UNSPECIFIED.,.F.,.F.,(4,3,3,3,3,3,
3,3,3,3,3,3,3,3,3,3,3,3,3,3,3,3,3,3,3,3,3,3,3,3,3,3,3,3,3,3,4),(0.,0.0437983981735065,
0.0875967600765061,0.131395086734596,0.176376376284574,0.220176194084227,
0.263975883309151,0.307775448063588,0.351574892451597,0.395374220577121,
0.439173436544116,0.482972544456135,0.526771548416974,0.570570452530063,
0.614369260898909,0.658167977626751,0.701966606816785,0.74576515257235,
0.78956361899647,0.833362010192193,0.879451656576049,0.923251439538094,
0.967050971652978,1.01085026933696,1.05464934900531,1.09844822707266,1.14224691995237,
1.1860454440578,1.22984381580101,1.27364354331343,1.31744279262245,1.36124162938914,
1.40504011926815,1.4488397381636,1.49263849461265,1.53643790541476,1.57079635233388),
 .UNSPECIFIED.);
#3676=B_SPLINE_CURVE_WITH_KNOTS('',3,(#13364,#13365,#13366,#13367,#13368,
#13369,#13370,#13371,#13372,#13373,#13374,#13375,#13376,#13377),
 .UNSPECIFIED.,.F.,.F.,(4,2,2,2,2,2,4),(-0.00559785584325195,0.,1.72024508566213,
3.44005501074375,6.76525518949005,10.0829247901702,13.3969587554611),
 .UNSPECIFIED.);
#3677=B_SPLINE_CURVE_WITH_KNOTS('',3,(#13381,#13382,#13383,#13384,#13385,
#13386,#13387,#13388,#13389,#13390,#13391,#13392,#13393,#13394),
 .UNSPECIFIED.,.F.,.F.,(4,2,2,2,2,2,4),(-13.3859885009669,-13.3697983918301,
-11.6655955198649,-9.9613956561383,-6.64088622869003,-3.3204301958115,0.),
 .UNSPECIFIED.);
#3678=B_SPLINE_CURVE_WITH_KNOTS('',3,(#13408,#13409,#13410,#13411,#13412,
#13413,#13414,#13415,#13416,#13417,#13418,#13419,#13420,#13421,#13422,#13423,
#13424,#13425,#13426,#13427,#13428,#13429,#13430,#13431,#13432,#13433,#13434,
#13435,#13436,#13437,#13438,#13439,#13440,#13441,#13442,#13443,#13444,#13445,
#13446,#13447,#13448,#13449,#13450,#13451,#13452,#13453,#13454,#13455,#13456,
#13457,#13458,#13459,#13460,#13461,#13462,#13463,#13464,#13465,#13466,#13467,
#13468,#13469,#13470,#13471,#13472,#13473,#13474,#13475,#13476,#13477,#13478,
#13479,#13480,#13481,#13482,#13483,#13484,#13485,#13486,#13487,#13488,#13489,
#13490,#13491,#13492,#13493,#13494,#13495,#13496,#13497,#13498,#13499,#13500,
#13501,#13502,#13503,#13504,#13505,#13506,#13507,#13508,#13509,#13510,#13511,
#13512,#13513,#13514,#13515,#13516),.UNSPECIFIED.,.F.,.F.,(4,3,3,3,3,3,
3,3,3,3,3,3,3,3,3,3,3,3,3,3,3,3,3,3,3,3,3,3,3,3,3,3,3,3,3,3,4),(0.,0.0437983974139457,
0.0875967585570593,0.131395084455016,0.176376373304841,0.220176190343601,
0.263975878807186,0.307775442799728,0.35157488642523,0.395374213787586,
0.439173428990526,0.482972536137843,0.526771539333124,0.570570442679835,
0.61436925028124,0.658167966240809,0.701966594661761,0.745765139647152,
0.789563605299944,0.833361995723175,0.879451641468565,0.923251423655761,
0.96705095499479,1.01085025190208,1.05464933079277,1.09844820808154,1.14224690018218,
1.18604542350769,1.22984379447014,1.27364352120105,1.3174427697281,1.3612416057123,
1.40504009480843,1.44883971292069,1.4926384685865,1.53643787860518,1.57079632764941),
 .UNSPECIFIED.);
#3679=B_SPLINE_CURVE_WITH_KNOTS('',3,(#13541,#13542,#13543,#13544,#13545,
#13546,#13547,#13548,#13549,#13550,#13551,#13552,#13553,#13554),
 .UNSPECIFIED.,.F.,.F.,(4,2,2,2,2,2,4),(-13.3698083182846,-10.0493756572077,
-6.72891715904461,-3.40840526627285,-1.70420413725824,0.,0.0161901211570102),
 .UNSPECIFIED.);
#3680=B_SPLINE_CURVE_WITH_KNOTS('',3,(#13555,#13556,#13557,#13558,#13559,
#13560,#13561,#13562,#13563,#13564,#13565,#13566,#13567,#13568),
 .UNSPECIFIED.,.F.,.F.,(4,2,2,2,2,2,4),(-26.7995153667691,-26.7939175109259,
-25.0736724252635,-23.3538625001817,-20.028662321435,-16.7109927207545,
-13.3969587554631),.UNSPECIFIED.);
#3681=B_SPLINE_CURVE_WITH_KNOTS('',3,(#13572,#13573,#13574,#13575,#13576,
#13577,#13578,#13579,#13580,#13581,#13582,#13583,#13584,#13585,#13586,#13587,
#13588,#13589,#13590,#13591,#13592,#13593,#13594,#13595,#13596,#13597,#13598,
#13599,#13600,#13601,#13602,#13603,#13604,#13605,#13606,#13607,#13608,#13609,
#13610,#13611,#13612,#13613,#13614,#13615,#13616,#13617,#13618,#13619,#13620,
#13621,#13622,#13623,#13624,#13625,#13626,#13627,#13628,#13629,#13630,#13631,
#13632,#13633,#13634,#13635,#13636,#13637,#13638,#13639,#13640,#13641,#13642,
#13643,#13644,#13645,#13646,#13647,#13648,#13649,#13650,#13651,#13652,#13653,
#13654,#13655,#13656,#13657,#13658,#13659,#13660,#13661,#13662,#13663,#13664,
#13665,#13666,#13667,#13668,#13669,#13670,#13671,#13672,#13673,#13674,#13675,
#13676,#13677,#13678,#13679,#13680),.UNSPECIFIED.,.F.,.F.,(4,3,3,3,3,3,
3,3,3,3,3,3,3,3,3,3,3,3,3,3,3,3,3,3,3,3,3,3,3,3,3,3,3,3,3,3,4),(0.,0.0437983981735065,
0.0875967600765061,0.131395086734596,0.176376376284574,0.220176194084227,
0.263975883309151,0.307775448063588,0.351574892451597,0.395374220577121,
0.439173436544116,0.482972544456135,0.526771548416974,0.570570452530063,
0.614369260898909,0.658167977626751,0.701966606816785,0.74576515257235,
0.78956361899647,0.833362010192193,0.879451656576049,0.923251439538094,
0.967050971652978,1.01085026933696,1.05464934900531,1.09844822707266,1.14224691995237,
1.1860454440578,1.22984381580101,1.27364354331343,1.31744279262245,1.36124162938914,
1.40504011926815,1.4488397381636,1.49263849461265,1.53643790541476,1.57079635233388),
 .UNSPECIFIED.);
#3682=B_SPLINE_CURVE_WITH_KNOTS('',3,(#13682,#13683,#13684,#13685,#13686,
#13687,#13688,#13689,#13690,#13691,#13692,#13693,#13694,#13695,#13696,#13697,
#13698,#13699,#13700,#13701,#13702,#13703,#13704,#13705,#13706,#13707,#13708,
#13709,#13710,#13711,#13712,#13713,#13714,#13715,#13716,#13717,#13718,#13719,
#13720,#13721,#13722,#13723,#13724,#13725,#13726,#13727,#13728,#13729,#13730,
#13731,#13732,#13733,#13734,#13735,#13736,#13737,#13738,#13739,#13740,#13741,
#13742,#13743,#13744,#13745,#13746,#13747,#13748,#13749,#13750,#13751,#13752,
#13753,#13754,#13755,#13756,#13757,#13758,#13759,#13760,#13761,#13762,#13763,
#13764,#13765,#13766,#13767,#13768,#13769,#13770,#13771,#13772,#13773,#13774,
#13775,#13776,#13777,#13778,#13779,#13780,#13781,#13782,#13783,#13784,#13785,
#13786,#13787,#13788,#13789,#13790),.UNSPECIFIED.,.F.,.F.,(4,3,3,3,3,3,
3,3,3,3,3,3,3,3,3,3,3,3,3,3,3,3,3,3,3,3,3,3,3,3,3,3,3,3,3,3,4),(0.,0.043798397413936,
0.0875967585570562,0.131395084455023,0.176376373304847,0.220176190343596,
0.263975878807188,0.307775442799725,0.351574886425217,0.395374213787571,
0.439173428990585,0.482972536137887,0.526771539333123,0.570570442679814,
0.614369250281121,0.658167966240548,0.701966594661487,0.745765139646898,
0.789563605299848,0.83336199572303,0.879451641468429,0.923251423655582,
0.967050954994667,1.01085025190189,1.0546493307927,1.09844820808158,1.14224690018223,
1.18604542350755,1.22984379447007,1.27364352120097,1.31744276972795,1.3612416057123,
1.40504009480841,1.44883971292062,1.49263846858643,1.53643787860511,1.57079632764941),
 .UNSPECIFIED.);
#3683=B_SPLINE_CURVE_WITH_KNOTS('',2,(#15993,#15994,#15995),
 .UNSPECIFIED.,.F.,.F.,(3,3),(0.,1.),.UNSPECIFIED.);
#3684=B_SPLINE_CURVE_WITH_KNOTS('',2,(#15997,#15998,#15999),
 .UNSPECIFIED.,.F.,.F.,(3,3),(0.,1.),.UNSPECIFIED.);
#3685=B_SPLINE_CURVE_WITH_KNOTS('',2,(#16008,#16009,#16010),
 .UNSPECIFIED.,.F.,.F.,(3,3),(0.,1.),.UNSPECIFIED.);
#3686=B_SPLINE_CURVE_WITH_KNOTS('',2,(#16012,#16013,#16014),
 .UNSPECIFIED.,.F.,.F.,(3,3),(0.,1.),.UNSPECIFIED.);
#3687=B_SPLINE_CURVE_WITH_KNOTS('',2,(#16023,#16024,#16025),
 .UNSPECIFIED.,.F.,.F.,(3,3),(0.,1.),.UNSPECIFIED.);
#3688=B_SPLINE_CURVE_WITH_KNOTS('',2,(#16027,#16028,#16029),
 .UNSPECIFIED.,.F.,.F.,(3,3),(0.,1.),.UNSPECIFIED.);
#3689=B_SPLINE_CURVE_WITH_KNOTS('',2,(#16038,#16039,#16040),
 .UNSPECIFIED.,.F.,.F.,(3,3),(0.,1.),.UNSPECIFIED.);
#3690=B_SPLINE_CURVE_WITH_KNOTS('',2,(#16042,#16043,#16044),
 .UNSPECIFIED.,.F.,.F.,(3,3),(0.,1.),.UNSPECIFIED.);
#3691=B_SPLINE_CURVE_WITH_KNOTS('',2,(#16059,#16060,#16061),
 .UNSPECIFIED.,.F.,.F.,(3,3),(0.,1.),.UNSPECIFIED.);
#3692=B_SPLINE_CURVE_WITH_KNOTS('',2,(#16063,#16064,#16065),
 .UNSPECIFIED.,.F.,.F.,(3,3),(0.,1.),.UNSPECIFIED.);
#3693=B_SPLINE_CURVE_WITH_KNOTS('',2,(#16074,#16075,#16076),
 .UNSPECIFIED.,.F.,.F.,(3,3),(0.,1.),.UNSPECIFIED.);
#3694=B_SPLINE_CURVE_WITH_KNOTS('',2,(#16078,#16079,#16080),
 .UNSPECIFIED.,.F.,.F.,(3,3),(0.,1.),.UNSPECIFIED.);
#3695=B_SPLINE_CURVE_WITH_KNOTS('',2,(#16089,#16090,#16091),
 .UNSPECIFIED.,.F.,.F.,(3,3),(0.,1.),.UNSPECIFIED.);
#3696=B_SPLINE_CURVE_WITH_KNOTS('',2,(#16093,#16094,#16095),
 .UNSPECIFIED.,.F.,.F.,(3,3),(0.,1.),.UNSPECIFIED.);
#3697=B_SPLINE_CURVE_WITH_KNOTS('',2,(#16130,#16131,#16132),
 .UNSPECIFIED.,.F.,.F.,(3,3),(0.,1.),.UNSPECIFIED.);
#3698=B_SPLINE_CURVE_WITH_KNOTS('',2,(#16134,#16135,#16136),
 .UNSPECIFIED.,.F.,.F.,(3,3),(0.,1.),.UNSPECIFIED.);
#3699=B_SPLINE_CURVE_WITH_KNOTS('',2,(#16145,#16146,#16147),
 .UNSPECIFIED.,.F.,.F.,(3,3),(0.,1.),.UNSPECIFIED.);
#3700=B_SPLINE_CURVE_WITH_KNOTS('',2,(#16149,#16150,#16151),
 .UNSPECIFIED.,.F.,.F.,(3,3),(0.,1.),.UNSPECIFIED.);
#3701=B_SPLINE_CURVE_WITH_KNOTS('',2,(#16160,#16161,#16162),
 .UNSPECIFIED.,.F.,.F.,(3,3),(0.,1.),.UNSPECIFIED.);
#3702=B_SPLINE_CURVE_WITH_KNOTS('',2,(#16164,#16165,#16166),
 .UNSPECIFIED.,.F.,.F.,(3,3),(0.,1.),.UNSPECIFIED.);
#3703=B_SPLINE_CURVE_WITH_KNOTS('',2,(#16175,#16176,#16177),
 .UNSPECIFIED.,.F.,.F.,(3,3),(0.,1.),.UNSPECIFIED.);
#3704=B_SPLINE_CURVE_WITH_KNOTS('',2,(#16179,#16180,#16181),
 .UNSPECIFIED.,.F.,.F.,(3,3),(0.,1.),.UNSPECIFIED.);
#3705=B_SPLINE_CURVE_WITH_KNOTS('',2,(#16190,#16191,#16192),
 .UNSPECIFIED.,.F.,.F.,(3,3),(0.,1.),.UNSPECIFIED.);
#3706=B_SPLINE_CURVE_WITH_KNOTS('',2,(#16194,#16195,#16196),
 .UNSPECIFIED.,.F.,.F.,(3,3),(0.,1.),.UNSPECIFIED.);
#3707=B_SPLINE_CURVE_WITH_KNOTS('',2,(#16205,#16206,#16207),
 .UNSPECIFIED.,.F.,.F.,(3,3),(0.,1.),.UNSPECIFIED.);
#3708=B_SPLINE_CURVE_WITH_KNOTS('',2,(#16209,#16210,#16211),
 .UNSPECIFIED.,.F.,.F.,(3,3),(0.,1.),.UNSPECIFIED.);
#3709=B_SPLINE_CURVE_WITH_KNOTS('',2,(#16220,#16221,#16222),
 .UNSPECIFIED.,.F.,.F.,(3,3),(0.,1.),.UNSPECIFIED.);
#3710=B_SPLINE_CURVE_WITH_KNOTS('',2,(#16224,#16225,#16226),
 .UNSPECIFIED.,.F.,.F.,(3,3),(0.,1.),.UNSPECIFIED.);
#3711=B_SPLINE_CURVE_WITH_KNOTS('',2,(#16235,#16236,#16237),
 .UNSPECIFIED.,.F.,.F.,(3,3),(0.,1.),.UNSPECIFIED.);
#3712=B_SPLINE_CURVE_WITH_KNOTS('',2,(#16239,#16240,#16241),
 .UNSPECIFIED.,.F.,.F.,(3,3),(0.,1.),.UNSPECIFIED.);
#3713=B_SPLINE_CURVE_WITH_KNOTS('',2,(#16249,#16250,#16251),
 .UNSPECIFIED.,.F.,.F.,(3,3),(0.,1.),.UNSPECIFIED.);
#3714=B_SPLINE_CURVE_WITH_KNOTS('',2,(#16252,#16253,#16254),
 .UNSPECIFIED.,.F.,.F.,(3,3),(0.,1.),.UNSPECIFIED.);
#3715=B_SPLINE_CURVE_WITH_KNOTS('',2,(#16263,#16264,#16265),
 .UNSPECIFIED.,.F.,.F.,(3,3),(0.,1.),.UNSPECIFIED.);
#3716=B_SPLINE_CURVE_WITH_KNOTS('',2,(#16269,#16270,#16271),
 .UNSPECIFIED.,.F.,.F.,(3,3),(0.,1.),.UNSPECIFIED.);
#3717=B_SPLINE_CURVE_WITH_KNOTS('',2,(#16286,#16287,#16288),
 .UNSPECIFIED.,.F.,.F.,(3,3),(0.,1.),.UNSPECIFIED.);
#3718=B_SPLINE_CURVE_WITH_KNOTS('',2,(#16290,#16291,#16292),
 .UNSPECIFIED.,.F.,.F.,(3,3),(0.,1.),.UNSPECIFIED.);
#3719=B_SPLINE_CURVE_WITH_KNOTS('',2,(#16301,#16302,#16303),
 .UNSPECIFIED.,.F.,.F.,(3,3),(0.,1.),.UNSPECIFIED.);
#3720=B_SPLINE_CURVE_WITH_KNOTS('',2,(#16305,#16306,#16307),
 .UNSPECIFIED.,.F.,.F.,(3,3),(0.,1.),.UNSPECIFIED.);
#3721=B_SPLINE_CURVE_WITH_KNOTS('',2,(#16322,#16323,#16324),
 .UNSPECIFIED.,.F.,.F.,(3,3),(0.,1.),.UNSPECIFIED.);
#3722=B_SPLINE_CURVE_WITH_KNOTS('',2,(#16326,#16327,#16328),
 .UNSPECIFIED.,.F.,.F.,(3,3),(0.,1.),.UNSPECIFIED.);
#3723=B_SPLINE_CURVE_WITH_KNOTS('',2,(#16337,#16338,#16339),
 .UNSPECIFIED.,.F.,.F.,(3,3),(0.,1.),.UNSPECIFIED.);
#3724=B_SPLINE_CURVE_WITH_KNOTS('',2,(#16341,#16342,#16343),
 .UNSPECIFIED.,.F.,.F.,(3,3),(0.,1.),.UNSPECIFIED.);
#3725=B_SPLINE_CURVE_WITH_KNOTS('',2,(#16352,#16353,#16354),
 .UNSPECIFIED.,.F.,.F.,(3,3),(0.,1.),.UNSPECIFIED.);
#3726=B_SPLINE_CURVE_WITH_KNOTS('',2,(#16356,#16357,#16358),
 .UNSPECIFIED.,.F.,.F.,(3,3),(0.,1.),.UNSPECIFIED.);
#3727=B_SPLINE_CURVE_WITH_KNOTS('',2,(#16367,#16368,#16369),
 .UNSPECIFIED.,.F.,.F.,(3,3),(0.,1.),.UNSPECIFIED.);
#3728=B_SPLINE_CURVE_WITH_KNOTS('',2,(#16371,#16372,#16373),
 .UNSPECIFIED.,.F.,.F.,(3,3),(0.,1.),.UNSPECIFIED.);
#3729=B_SPLINE_CURVE_WITH_KNOTS('',2,(#16382,#16383,#16384),
 .UNSPECIFIED.,.F.,.F.,(3,3),(0.,1.),.UNSPECIFIED.);
#3730=B_SPLINE_CURVE_WITH_KNOTS('',2,(#16386,#16387,#16388),
 .UNSPECIFIED.,.F.,.F.,(3,3),(0.,1.),.UNSPECIFIED.);
#3731=B_SPLINE_CURVE_WITH_KNOTS('',2,(#16397,#16398,#16399),
 .UNSPECIFIED.,.F.,.F.,(3,3),(0.,1.),.UNSPECIFIED.);
#3732=B_SPLINE_CURVE_WITH_KNOTS('',2,(#16401,#16402,#16403),
 .UNSPECIFIED.,.F.,.F.,(3,3),(0.,1.),.UNSPECIFIED.);
#3733=B_SPLINE_CURVE_WITH_KNOTS('',2,(#16412,#16413,#16414),
 .UNSPECIFIED.,.F.,.F.,(3,3),(0.,1.),.UNSPECIFIED.);
#3734=B_SPLINE_CURVE_WITH_KNOTS('',2,(#16416,#16417,#16418),
 .UNSPECIFIED.,.F.,.F.,(3,3),(0.,1.),.UNSPECIFIED.);
#3735=B_SPLINE_CURVE_WITH_KNOTS('',2,(#16433,#16434,#16435),
 .UNSPECIFIED.,.F.,.F.,(3,3),(0.,1.),.UNSPECIFIED.);
#3736=B_SPLINE_CURVE_WITH_KNOTS('',2,(#16437,#16438,#16439),
 .UNSPECIFIED.,.F.,.F.,(3,3),(0.,1.),.UNSPECIFIED.);
#3737=B_SPLINE_CURVE_WITH_KNOTS('',2,(#16448,#16449,#16450),
 .UNSPECIFIED.,.F.,.F.,(3,3),(0.,1.),.UNSPECIFIED.);
#3738=B_SPLINE_CURVE_WITH_KNOTS('',2,(#16452,#16453,#16454),
 .UNSPECIFIED.,.F.,.F.,(3,3),(0.,1.),.UNSPECIFIED.);
#3739=B_SPLINE_CURVE_WITH_KNOTS('',2,(#16463,#16464,#16465),
 .UNSPECIFIED.,.F.,.F.,(3,3),(0.,1.),.UNSPECIFIED.);
#3740=B_SPLINE_CURVE_WITH_KNOTS('',2,(#16467,#16468,#16469),
 .UNSPECIFIED.,.F.,.F.,(3,3),(0.,1.),.UNSPECIFIED.);
#3741=B_SPLINE_CURVE_WITH_KNOTS('',2,(#16478,#16479,#16480),
 .UNSPECIFIED.,.F.,.F.,(3,3),(0.,1.),.UNSPECIFIED.);
#3742=B_SPLINE_CURVE_WITH_KNOTS('',2,(#16482,#16483,#16484),
 .UNSPECIFIED.,.F.,.F.,(3,3),(0.,1.),.UNSPECIFIED.);
#3743=B_SPLINE_CURVE_WITH_KNOTS('',2,(#16493,#16494,#16495),
 .UNSPECIFIED.,.F.,.F.,(3,3),(0.,1.),.UNSPECIFIED.);
#3744=B_SPLINE_CURVE_WITH_KNOTS('',2,(#16497,#16498,#16499),
 .UNSPECIFIED.,.F.,.F.,(3,3),(0.,1.),.UNSPECIFIED.);
#3745=B_SPLINE_CURVE_WITH_KNOTS('',2,(#16508,#16509,#16510),
 .UNSPECIFIED.,.F.,.F.,(3,3),(0.,1.),.UNSPECIFIED.);
#3746=B_SPLINE_CURVE_WITH_KNOTS('',2,(#16512,#16513,#16514),
 .UNSPECIFIED.,.F.,.F.,(3,3),(0.,1.),.UNSPECIFIED.);
#3747=B_SPLINE_CURVE_WITH_KNOTS('',2,(#16523,#16524,#16525),
 .UNSPECIFIED.,.F.,.F.,(3,3),(0.,1.),.UNSPECIFIED.);
#3748=B_SPLINE_CURVE_WITH_KNOTS('',2,(#16527,#16528,#16529),
 .UNSPECIFIED.,.F.,.F.,(3,3),(0.,1.),.UNSPECIFIED.);
#3749=B_SPLINE_CURVE_WITH_KNOTS('',2,(#16538,#16539,#16540),
 .UNSPECIFIED.,.F.,.F.,(3,3),(0.,1.),.UNSPECIFIED.);
#3750=B_SPLINE_CURVE_WITH_KNOTS('',2,(#16542,#16543,#16544),
 .UNSPECIFIED.,.F.,.F.,(3,3),(0.,1.),.UNSPECIFIED.);
#3751=B_SPLINE_CURVE_WITH_KNOTS('',2,(#16553,#16554,#16555),
 .UNSPECIFIED.,.F.,.F.,(3,3),(0.,1.),.UNSPECIFIED.);
#3752=B_SPLINE_CURVE_WITH_KNOTS('',2,(#16557,#16558,#16559),
 .UNSPECIFIED.,.F.,.F.,(3,3),(0.,1.),.UNSPECIFIED.);
#3753=B_SPLINE_CURVE_WITH_KNOTS('',2,(#16568,#16569,#16570),
 .UNSPECIFIED.,.F.,.F.,(3,3),(0.,1.),.UNSPECIFIED.);
#3754=B_SPLINE_CURVE_WITH_KNOTS('',2,(#16572,#16573,#16574),
 .UNSPECIFIED.,.F.,.F.,(3,3),(0.,1.),.UNSPECIFIED.);
#3755=B_SPLINE_CURVE_WITH_KNOTS('',2,(#16583,#16584,#16585),
 .UNSPECIFIED.,.F.,.F.,(3,3),(0.,1.),.UNSPECIFIED.);
#3756=B_SPLINE_CURVE_WITH_KNOTS('',2,(#16587,#16588,#16589),
 .UNSPECIFIED.,.F.,.F.,(3,3),(0.,1.),.UNSPECIFIED.);
#3757=B_SPLINE_CURVE_WITH_KNOTS('',2,(#16598,#16599,#16600),
 .UNSPECIFIED.,.F.,.F.,(3,3),(0.,1.),.UNSPECIFIED.);
#3758=B_SPLINE_CURVE_WITH_KNOTS('',2,(#16602,#16603,#16604),
 .UNSPECIFIED.,.F.,.F.,(3,3),(0.,1.),.UNSPECIFIED.);
#3759=B_SPLINE_CURVE_WITH_KNOTS('',2,(#16613,#16614,#16615),
 .UNSPECIFIED.,.F.,.F.,(3,3),(0.,1.),.UNSPECIFIED.);
#3760=B_SPLINE_CURVE_WITH_KNOTS('',2,(#16617,#16618,#16619),
 .UNSPECIFIED.,.F.,.F.,(3,3),(0.,1.),.UNSPECIFIED.);
#3761=B_SPLINE_CURVE_WITH_KNOTS('',2,(#16627,#16628,#16629),
 .UNSPECIFIED.,.F.,.F.,(3,3),(0.,1.),.UNSPECIFIED.);
#3762=B_SPLINE_CURVE_WITH_KNOTS('',2,(#16630,#16631,#16632),
 .UNSPECIFIED.,.F.,.F.,(3,3),(0.,1.),.UNSPECIFIED.);
#3763=CIRCLE('',#9391,405.);
#3764=CIRCLE('',#9392,405.);
#3765=CIRCLE('',#9394,405.);
#3766=CIRCLE('',#9395,472.966833032313);
#3767=CIRCLE('',#9396,464.688684697659);
#3768=CIRCLE('',#9401,405.);
#3769=CIRCLE('',#9403,464.688684697659);
#3770=CIRCLE('',#9404,472.966833032313);
#3771=CIRCLE('',#9414,557.966833032313);
#3772=CIRCLE('',#9421,549.688684697659);
#3773=CIRCLE('',#9426,549.688684697659);
#3774=CIRCLE('',#9431,557.966833032313);
#3775=CIRCLE('',#9440,405.);
#3776=CIRCLE('',#9441,405.);
#3777=CIRCLE('',#9448,405.);
#3778=CIRCLE('',#9449,405.);
#3779=CIRCLE('',#9456,405.);
#3780=CIRCLE('',#9457,405.);
#3781=CIRCLE('',#9464,405.);
#3782=CIRCLE('',#9465,405.);
#3783=CIRCLE('',#9472,2152.56884131571);
#3784=CIRCLE('',#9473,2152.56884131571);
#3785=CIRCLE('',#9475,459.279797403387);
#3786=CIRCLE('',#9476,459.279797403387);
#3787=CIRCLE('',#9479,551.344326110084);
#3788=CIRCLE('',#9480,551.344326110084);
#3789=CIRCLE('',#9483,596.698152693136);
#3790=CIRCLE('',#9484,596.698152693136);
#3791=CIRCLE('',#9487,611.048625142881);
#3792=CIRCLE('',#9488,611.048625142881);
#3793=CIRCLE('',#9516,310.);
#3794=CIRCLE('',#9517,310.);
#3795=CIRCLE('',#9528,596.698152693136);
#3796=CIRCLE('',#9529,596.698152693136);
#3797=CIRCLE('',#9532,551.344326110084);
#3798=CIRCLE('',#9533,551.344326110084);
#3799=CIRCLE('',#9536,459.279797403387);
#3800=CIRCLE('',#9537,459.279797403387);
#3801=CIRCLE('',#9539,2152.56884131571);
#3802=CIRCLE('',#9540,2152.56884131571);
#3803=CIRCLE('',#9542,611.048625142881);
#3804=CIRCLE('',#9543,611.048625142881);
#3805=CIRCLE('',#9601,310.);
#3806=CIRCLE('',#9602,310.);
#3807=CIRCLE('',#9612,58.);
#3808=CIRCLE('',#9613,58.);
#3809=CIRCLE('',#9617,360.);
#3810=CIRCLE('',#9618,28.);
#3811=CIRCLE('',#9619,332.);
#3812=CIRCLE('',#9620,360.);
#3813=CIRCLE('',#9622,360.);
#3814=CIRCLE('',#9623,360.);
#3815=CIRCLE('',#9626,332.);
#3816=CIRCLE('',#9627,28.);
#3817=CIRCLE('',#9630,242.);
#3818=CIRCLE('',#9631,242.);
#3819=CIRCLE('',#9635,178.);
#3820=CIRCLE('',#9636,178.);
#3821=CIRCLE('',#9640,90.9999999999999);
#3822=CIRCLE('',#9641,90.9999999999999);
#3823=CIRCLE('',#9645,20.9999999999999);
#3824=CIRCLE('',#9646,20.9999999999999);
#3825=CIRCLE('',#9650,20.9999999999999);
#3826=CIRCLE('',#9651,20.9999999999999);
#3827=CIRCLE('',#9655,20.9999999999999);
#3828=CIRCLE('',#9656,20.9999999999999);
#3829=CIRCLE('',#9660,20.9999999999999);
#3830=CIRCLE('',#9661,20.9999999999999);
#3831=CIRCLE('',#9665,20.9999999999999);
#3832=CIRCLE('',#9666,20.9999999999999);
#3833=CIRCLE('',#9670,20.9999999999999);
#3834=CIRCLE('',#9671,20.9999999999999);
#3835=CIRCLE('',#9675,332.);
#3836=CIRCLE('',#9676,28.);
#3837=CIRCLE('',#9677,360.);
#3838=CIRCLE('',#9678,360.);
#3839=CIRCLE('',#9680,360.);
#3840=CIRCLE('',#9681,360.);
#3841=CIRCLE('',#9684,332.);
#3842=CIRCLE('',#9685,28.);
#3843=CIRCLE('',#9688,242.);
#3844=CIRCLE('',#9689,242.);
#3845=CIRCLE('',#9693,178.);
#3846=CIRCLE('',#9694,178.);
#3847=CIRCLE('',#9698,90.9999999999999);
#3848=CIRCLE('',#9699,90.9999999999999);
#3849=CIRCLE('',#9703,20.9999999999999);
#3850=CIRCLE('',#9704,20.9999999999999);
#3851=CIRCLE('',#9708,20.9999999999999);
#3852=CIRCLE('',#9709,20.9999999999999);
#3853=CIRCLE('',#9713,20.9999999999999);
#3854=CIRCLE('',#9714,20.9999999999999);
#3855=CIRCLE('',#9718,20.9999999999999);
#3856=CIRCLE('',#9719,20.9999999999999);
#3857=CIRCLE('',#9723,20.9999999999999);
#3858=CIRCLE('',#9724,20.9999999999999);
#3859=CIRCLE('',#9728,20.9999999999999);
#3860=CIRCLE('',#9729,20.9999999999999);
#3861=CIRCLE('',#9733,58.0000000000001);
#3862=CIRCLE('',#9734,58.0000000000001);
#3863=CIRCLE('',#9738,360.);
#3864=CIRCLE('',#9739,28.);
#3865=CIRCLE('',#9740,332.);
#3866=CIRCLE('',#9741,360.);
#3867=CIRCLE('',#9743,360.);
#3868=CIRCLE('',#9744,360.);
#3869=CIRCLE('',#9747,332.);
#3870=CIRCLE('',#9748,28.);
#3871=CIRCLE('',#9751,242.);
#3872=CIRCLE('',#9752,242.);
#3873=CIRCLE('',#9756,178.);
#3874=CIRCLE('',#9757,178.);
#3875=CIRCLE('',#9761,91.0000000000002);
#3876=CIRCLE('',#9762,91.0000000000002);
#3877=CIRCLE('',#9766,21.0000000000002);
#3878=CIRCLE('',#9767,21.0000000000002);
#3879=CIRCLE('',#9771,21.0000000000002);
#3880=CIRCLE('',#9772,21.0000000000002);
#3881=CIRCLE('',#9776,21.0000000000002);
#3882=CIRCLE('',#9777,21.0000000000002);
#3883=CIRCLE('',#9781,21.0000000000002);
#3884=CIRCLE('',#9782,21.0000000000002);
#3885=CIRCLE('',#9786,21.0000000000002);
#3886=CIRCLE('',#9787,21.0000000000002);
#3887=CIRCLE('',#9791,21.0000000000002);
#3888=CIRCLE('',#9792,21.0000000000002);
#3889=CIRCLE('',#9796,332.);
#3890=CIRCLE('',#9797,28.);
#3891=CIRCLE('',#9798,360.);
#3892=CIRCLE('',#9799,360.);
#3893=CIRCLE('',#9801,360.);
#3894=CIRCLE('',#9802,360.);
#3895=CIRCLE('',#9805,332.);
#3896=CIRCLE('',#9806,28.);
#3897=CIRCLE('',#9809,242.);
#3898=CIRCLE('',#9810,242.);
#3899=CIRCLE('',#9814,178.);
#3900=CIRCLE('',#9815,178.);
#3901=CIRCLE('',#9819,91.0000000000002);
#3902=CIRCLE('',#9820,91.0000000000002);
#3903=CIRCLE('',#9824,21.0000000000002);
#3904=CIRCLE('',#9825,21.0000000000002);
#3905=CIRCLE('',#9829,21.0000000000002);
#3906=CIRCLE('',#9830,21.0000000000002);
#3907=CIRCLE('',#9834,21.0000000000002);
#3908=CIRCLE('',#9835,21.0000000000002);
#3909=CIRCLE('',#9839,21.0000000000002);
#3910=CIRCLE('',#9840,21.0000000000002);
#3911=CIRCLE('',#9844,21.0000000000002);
#3912=CIRCLE('',#9845,21.0000000000002);
#3913=CIRCLE('',#9849,21.0000000000002);
#3914=CIRCLE('',#9850,21.0000000000002);
#3915=CIRCLE('',#9854,60.);
#3916=CIRCLE('',#9855,60.);
#3917=CIRCLE('',#9856,60.);
#3918=CIRCLE('',#9858,60.);
#3919=CIRCLE('',#9859,60.);
#3920=CIRCLE('',#9860,60.);
#3921=CIRCLE('',#9862,60.);
#3922=CIRCLE('',#9863,60.);
#3923=CIRCLE('',#9864,60.);
#3924=CIRCLE('',#9866,60.);
#3925=CIRCLE('',#9867,60.);
#3926=CIRCLE('',#9868,60.);
#3927=CIRCLE('',#9870,60.);
#3928=CIRCLE('',#9871,60.);
#3929=CIRCLE('',#9872,60.);
#3930=CIRCLE('',#9875,60.);
#3931=CIRCLE('',#9876,60.);
#3932=CIRCLE('',#9877,60.);
#3933=CIRCLE('',#9879,60.);
#3934=CIRCLE('',#9880,60.);
#3935=CIRCLE('',#9881,60.);
#3936=CIRCLE('',#9885,60.);
#3937=CIRCLE('',#9886,60.);
#3938=CIRCLE('',#9887,60.);
#3939=CIRCLE('',#9934,24.);
#3940=CIRCLE('',#9935,24.0000000000001);
#3941=CIRCLE('',#9936,24.0000000000001);
#3942=CIRCLE('',#9938,24.0000000000001);
#3943=CIRCLE('',#9939,24.);
#3944=CIRCLE('',#9940,24.0000000000001);
#3945=CIRCLE('',#9942,24.);
#3946=CIRCLE('',#9943,24.0000000000001);
#3947=CIRCLE('',#9944,24.0000000000002);
#3948=CIRCLE('',#9946,24.0000000000001);
#3949=CIRCLE('',#9947,24.);
#3950=CIRCLE('',#9948,24.0000000000001);
#3951=CIRCLE('',#9950,24.0000000000001);
#3952=CIRCLE('',#9951,24.0000000000001);
#3953=CIRCLE('',#9952,24.);
#3954=CIRCLE('',#9955,24.);
#3955=CIRCLE('',#9956,24.0000000000001);
#3956=CIRCLE('',#9957,24.0000000000001);
#3957=CIRCLE('',#9959,24.0000000000001);
#3958=CIRCLE('',#9960,24.);
#3959=CIRCLE('',#9961,24.0000000000001);
#3960=CIRCLE('',#9965,24.);
#3961=CIRCLE('',#9966,24.0000000000001);
#3962=CIRCLE('',#9967,24.0000000000002);
#3963=CIRCLE('',#9990,25.);
#3964=CIRCLE('',#9991,25.);
#3965=CIRCLE('',#9995,25.);
#3966=CIRCLE('',#9996,25.);
#3967=CIRCLE('',#10000,24.);
#3968=CIRCLE('',#10001,24.0000000000001);
#3969=CIRCLE('',#10002,24.0000000000001);
#3970=CIRCLE('',#10004,24.0000000000001);
#3971=CIRCLE('',#10005,24.);
#3972=CIRCLE('',#10006,24.0000000000001);
#3973=CIRCLE('',#10008,24.);
#3974=CIRCLE('',#10009,24.0000000000001);
#3975=CIRCLE('',#10010,24.0000000000002);
#3976=CIRCLE('',#10012,24.0000000000001);
#3977=CIRCLE('',#10013,24.);
#3978=CIRCLE('',#10014,24.0000000000001);
#3979=CIRCLE('',#10016,24.0000000000001);
#3980=CIRCLE('',#10017,24.0000000000001);
#3981=CIRCLE('',#10018,24.);
#3982=CIRCLE('',#10021,24.);
#3983=CIRCLE('',#10022,24.0000000000001);
#3984=CIRCLE('',#10023,24.0000000000001);
#3985=CIRCLE('',#10025,24.0000000000001);
#3986=CIRCLE('',#10026,24.);
#3987=CIRCLE('',#10027,24.0000000000001);
#3988=CIRCLE('',#10031,24.);
#3989=CIRCLE('',#10032,24.0000000000001);
#3990=CIRCLE('',#10033,24.0000000000002);
#3991=CIRCLE('',#10056,25.);
#3992=CIRCLE('',#10057,25.);
#3993=CIRCLE('',#10061,25.);
#3994=CIRCLE('',#10062,25.);
#3995=CIRCLE('',#10078,58.);
#3996=CIRCLE('',#10079,58.);
#3997=CIRCLE('',#10083,45.);
#3998=CIRCLE('',#10084,45.);
#3999=CIRCLE('',#10085,45.);
#4000=CIRCLE('',#10087,45.);
#4001=CIRCLE('',#10088,45.);
#4002=CIRCLE('',#10089,45.);
#4003=CIRCLE('',#10091,45.);
#4004=CIRCLE('',#10092,45.);
#4005=CIRCLE('',#10093,45.);
#4006=CIRCLE('',#10095,45.);
#4007=CIRCLE('',#10096,45.);
#4008=CIRCLE('',#10097,45.);
#4009=CIRCLE('',#10099,45.);
#4010=CIRCLE('',#10100,45.);
#4011=CIRCLE('',#10101,45.);
#4012=CIRCLE('',#10104,45.);
#4013=CIRCLE('',#10105,45.);
#4014=CIRCLE('',#10106,45.);
#4015=CIRCLE('',#10108,45.);
#4016=CIRCLE('',#10109,45.);
#4017=CIRCLE('',#10110,45.);
#4018=CIRCLE('',#10114,45.);
#4019=CIRCLE('',#10115,45.);
#4020=CIRCLE('',#10116,45.);
#4021=CIRCLE('',#10145,30.);
#4022=CIRCLE('',#10146,30.);
#4023=CIRCLE('',#10147,30.);
#4024=CIRCLE('',#10149,30.);
#4025=CIRCLE('',#10150,30.);
#4026=CIRCLE('',#10151,30.);
#4027=CIRCLE('',#10153,30.);
#4028=CIRCLE('',#10154,30.);
#4029=CIRCLE('',#10155,30.);
#4030=CIRCLE('',#10157,30.);
#4031=CIRCLE('',#10158,30.);
#4032=CIRCLE('',#10159,30.);
#4033=CIRCLE('',#10161,30.);
#4034=CIRCLE('',#10162,30.);
#4035=CIRCLE('',#10163,30.);
#4036=CIRCLE('',#10166,30.);
#4037=CIRCLE('',#10167,30.);
#4038=CIRCLE('',#10168,30.);
#4039=CIRCLE('',#10170,30.);
#4040=CIRCLE('',#10171,30.);
#4041=CIRCLE('',#10172,30.);
#4042=CIRCLE('',#10176,30.);
#4043=CIRCLE('',#10177,30.);
#4044=CIRCLE('',#10178,30.);
#4045=CIRCLE('',#10201,77.);
#4046=CIRCLE('',#10202,77.);
#4047=CIRCLE('',#10206,70.);
#4048=CIRCLE('',#10207,70.);
#4049=CIRCLE('',#10211,66.);
#4050=CIRCLE('',#10212,66.);
#4051=CIRCLE('',#10222,77.);
#4052=CIRCLE('',#10223,77.);
#4053=CIRCLE('',#10227,70.);
#4054=CIRCLE('',#10228,70.);
#4055=CIRCLE('',#10232,66.);
#4056=CIRCLE('',#10233,66.);
#4057=CIRCLE('',#10243,77.0000000000005);
#4058=CIRCLE('',#10244,77.0000000000005);
#4059=CIRCLE('',#10248,70.);
#4060=CIRCLE('',#10249,70.);
#4061=CIRCLE('',#10253,66.0000000000002);
#4062=CIRCLE('',#10254,66.0000000000002);
#4063=CIRCLE('',#10264,77.0000000000005);
#4064=CIRCLE('',#10265,77.0000000000005);
#4065=CIRCLE('',#10269,70.);
#4066=CIRCLE('',#10270,70.);
#4067=CIRCLE('',#10274,66.0000000000002);
#4068=CIRCLE('',#10275,66.0000000000002);
#4069=CIRCLE('',#10279,62.);
#4070=CIRCLE('',#10280,62.);
#4071=CIRCLE('',#10284,405.);
#4072=CIRCLE('',#10285,405.);
#4073=CIRCLE('',#10287,405.);
#4074=CIRCLE('',#10290,405.);
#4075=CIRCLE('',#10294,405.);
#4076=CIRCLE('',#10295,405.);
#4077=CIRCLE('',#10297,405.);
#4078=CIRCLE('',#10300,405.);
#4079=VERTEX_POINT('',#13030);
#4080=VERTEX_POINT('',#13031);
#4081=VERTEX_POINT('',#13033);
#4082=VERTEX_POINT('',#13052);
#4083=VERTEX_POINT('',#13054);
#4084=VERTEX_POINT('',#13073);
#4085=VERTEX_POINT('',#13075);
#4086=VERTEX_POINT('',#13094);
#4087=VERTEX_POINT('',#13115);
#4088=VERTEX_POINT('',#13117);
#4089=VERTEX_POINT('',#13119);
#4090=VERTEX_POINT('',#13121);
#4091=VERTEX_POINT('',#13123);
#4092=VERTEX_POINT('',#13125);
#4093=VERTEX_POINT('',#13127);
#4094=VERTEX_POINT('',#13129);
#4095=VERTEX_POINT('',#13131);
#4096=VERTEX_POINT('',#13135);
#4097=VERTEX_POINT('',#13156);
#4098=VERTEX_POINT('',#13160);
#4099=VERTEX_POINT('',#13181);
#4100=VERTEX_POINT('',#13183);
#4101=VERTEX_POINT('',#13202);
#4102=VERTEX_POINT('',#13223);
#4103=VERTEX_POINT('',#13225);
#4104=VERTEX_POINT('',#13227);
#4105=VERTEX_POINT('',#13229);
#4106=VERTEX_POINT('',#13231);
#4107=VERTEX_POINT('',#13233);
#4108=VERTEX_POINT('',#13235);
#4109=VERTEX_POINT('',#13239);
#4110=VERTEX_POINT('',#13243);
#4111=VERTEX_POINT('',#13247);
#4112=VERTEX_POINT('',#13253);
#4113=VERTEX_POINT('',#13363);
#4114=VERTEX_POINT('',#13380);
#4115=VERTEX_POINT('',#13397);
#4116=VERTEX_POINT('',#13401);
#4117=VERTEX_POINT('',#13407);
#4118=VERTEX_POINT('',#13523);
#4119=VERTEX_POINT('',#13527);
#4120=VERTEX_POINT('',#13531);
#4121=VERTEX_POINT('',#13535);
#4122=VERTEX_POINT('',#13539);
#4123=VERTEX_POINT('',#13798);
#4124=VERTEX_POINT('',#13799);
#4125=VERTEX_POINT('',#13801);
#4126=VERTEX_POINT('',#13803);
#4127=VERTEX_POINT('',#13807);
#4128=VERTEX_POINT('',#13809);
#4129=VERTEX_POINT('',#13813);
#4130=VERTEX_POINT('',#13817);
#4131=VERTEX_POINT('',#13824);
#4132=VERTEX_POINT('',#13825);
#4133=VERTEX_POINT('',#13827);
#4134=VERTEX_POINT('',#13829);
#4135=VERTEX_POINT('',#13833);
#4136=VERTEX_POINT('',#13835);
#4137=VERTEX_POINT('',#13839);
#4138=VERTEX_POINT('',#13843);
#4139=VERTEX_POINT('',#13850);
#4140=VERTEX_POINT('',#13851);
#4141=VERTEX_POINT('',#13853);
#4142=VERTEX_POINT('',#13855);
#4143=VERTEX_POINT('',#13859);
#4144=VERTEX_POINT('',#13861);
#4145=VERTEX_POINT('',#13865);
#4146=VERTEX_POINT('',#13869);
#4147=VERTEX_POINT('',#13876);
#4148=VERTEX_POINT('',#13877);
#4149=VERTEX_POINT('',#13879);
#4150=VERTEX_POINT('',#13881);
#4151=VERTEX_POINT('',#13885);
#4152=VERTEX_POINT('',#13887);
#4153=VERTEX_POINT('',#13891);
#4154=VERTEX_POINT('',#13895);
#4155=VERTEX_POINT('',#13902);
#4156=VERTEX_POINT('',#13903);
#4157=VERTEX_POINT('',#13905);
#4158=VERTEX_POINT('',#13907);
#4159=VERTEX_POINT('',#13911);
#4160=VERTEX_POINT('',#13913);
#4161=VERTEX_POINT('',#13917);
#4162=VERTEX_POINT('',#13919);
#4163=VERTEX_POINT('',#13923);
#4164=VERTEX_POINT('',#13925);
#4165=VERTEX_POINT('',#13929);
#4166=VERTEX_POINT('',#13931);
#4167=VERTEX_POINT('',#13935);
#4168=VERTEX_POINT('',#13937);
#4169=VERTEX_POINT('',#13941);
#4170=VERTEX_POINT('',#13943);
#4171=VERTEX_POINT('',#13952);
#4172=VERTEX_POINT('',#13953);
#4173=VERTEX_POINT('',#13955);
#4174=VERTEX_POINT('',#13957);
#4175=VERTEX_POINT('',#13961);
#4176=VERTEX_POINT('',#13963);
#4177=VERTEX_POINT('',#13967);
#4178=VERTEX_POINT('',#13969);
#4179=VERTEX_POINT('',#13978);
#4180=VERTEX_POINT('',#13979);
#4181=VERTEX_POINT('',#13981);
#4182=VERTEX_POINT('',#13983);
#4183=VERTEX_POINT('',#13987);
#4184=VERTEX_POINT('',#13989);
#4185=VERTEX_POINT('',#13993);
#4186=VERTEX_POINT('',#13995);
#4187=VERTEX_POINT('',#14004);
#4188=VERTEX_POINT('',#14005);
#4189=VERTEX_POINT('',#14007);
#4190=VERTEX_POINT('',#14009);
#4191=VERTEX_POINT('',#14013);
#4192=VERTEX_POINT('',#14015);
#4193=VERTEX_POINT('',#14019);
#4194=VERTEX_POINT('',#14021);
#4195=VERTEX_POINT('',#14030);
#4196=VERTEX_POINT('',#14031);
#4197=VERTEX_POINT('',#14033);
#4198=VERTEX_POINT('',#14035);
#4199=VERTEX_POINT('',#14039);
#4200=VERTEX_POINT('',#14041);
#4201=VERTEX_POINT('',#14045);
#4202=VERTEX_POINT('',#14047);
#4203=VERTEX_POINT('',#14056);
#4204=VERTEX_POINT('',#14058);
#4205=VERTEX_POINT('',#14064);
#4206=VERTEX_POINT('',#14065);
#4207=VERTEX_POINT('',#14067);
#4208=VERTEX_POINT('',#14069);
#4209=VERTEX_POINT('',#14073);
#4210=VERTEX_POINT('',#14075);
#4211=VERTEX_POINT('',#14079);
#4212=VERTEX_POINT('',#14081);
#4213=VERTEX_POINT('',#14090);
#4214=VERTEX_POINT('',#14091);
#4215=VERTEX_POINT('',#14093);
#4216=VERTEX_POINT('',#14095);
#4217=VERTEX_POINT('',#14099);
#4218=VERTEX_POINT('',#14101);
#4219=VERTEX_POINT('',#14105);
#4220=VERTEX_POINT('',#14107);
#4221=VERTEX_POINT('',#14111);
#4222=VERTEX_POINT('',#14113);
#4223=VERTEX_POINT('',#14117);
#4224=VERTEX_POINT('',#14119);
#4225=VERTEX_POINT('',#14123);
#4226=VERTEX_POINT('',#14125);
#4227=VERTEX_POINT('',#14129);
#4228=VERTEX_POINT('',#14131);
#4229=VERTEX_POINT('',#14140);
#4230=VERTEX_POINT('',#14141);
#4231=VERTEX_POINT('',#14143);
#4232=VERTEX_POINT('',#14145);
#4233=VERTEX_POINT('',#14149);
#4234=VERTEX_POINT('',#14151);
#4235=VERTEX_POINT('',#14155);
#4236=VERTEX_POINT('',#14157);
#4237=VERTEX_POINT('',#14166);
#4238=VERTEX_POINT('',#14167);
#4239=VERTEX_POINT('',#14169);
#4240=VERTEX_POINT('',#14171);
#4241=VERTEX_POINT('',#14175);
#4242=VERTEX_POINT('',#14177);
#4243=VERTEX_POINT('',#14181);
#4244=VERTEX_POINT('',#14183);
#4245=VERTEX_POINT('',#14192);
#4246=VERTEX_POINT('',#14193);
#4247=VERTEX_POINT('',#14195);
#4248=VERTEX_POINT('',#14197);
#4249=VERTEX_POINT('',#14201);
#4250=VERTEX_POINT('',#14203);
#4251=VERTEX_POINT('',#14207);
#4252=VERTEX_POINT('',#14209);
#4253=VERTEX_POINT('',#14218);
#4254=VERTEX_POINT('',#14219);
#4255=VERTEX_POINT('',#14221);
#4256=VERTEX_POINT('',#14223);
#4257=VERTEX_POINT('',#14227);
#4258=VERTEX_POINT('',#14229);
#4259=VERTEX_POINT('',#14233);
#4260=VERTEX_POINT('',#14235);
#4261=VERTEX_POINT('',#14244);
#4262=VERTEX_POINT('',#14245);
#4263=VERTEX_POINT('',#14247);
#4264=VERTEX_POINT('',#14249);
#4265=VERTEX_POINT('',#14253);
#4266=VERTEX_POINT('',#14255);
#4267=VERTEX_POINT('',#14259);
#4268=VERTEX_POINT('',#14261);
#4269=VERTEX_POINT('',#14270);
#4270=VERTEX_POINT('',#14271);
#4271=VERTEX_POINT('',#14273);
#4272=VERTEX_POINT('',#14275);
#4273=VERTEX_POINT('',#14279);
#4274=VERTEX_POINT('',#14281);
#4275=VERTEX_POINT('',#14285);
#4276=VERTEX_POINT('',#14287);
#4277=VERTEX_POINT('',#14296);
#4278=VERTEX_POINT('',#14297);
#4279=VERTEX_POINT('',#14299);
#4280=VERTEX_POINT('',#14301);
#4281=VERTEX_POINT('',#14305);
#4282=VERTEX_POINT('',#14307);
#4283=VERTEX_POINT('',#14311);
#4284=VERTEX_POINT('',#14313);
#4285=VERTEX_POINT('',#14322);
#4286=VERTEX_POINT('',#14323);
#4287=VERTEX_POINT('',#14325);
#4288=VERTEX_POINT('',#14327);
#4289=VERTEX_POINT('',#14331);
#4290=VERTEX_POINT('',#14333);
#4291=VERTEX_POINT('',#14337);
#4292=VERTEX_POINT('',#14339);
#4293=VERTEX_POINT('',#14348);
#4294=VERTEX_POINT('',#14349);
#4295=VERTEX_POINT('',#14351);
#4296=VERTEX_POINT('',#14353);
#4297=VERTEX_POINT('',#14357);
#4298=VERTEX_POINT('',#14359);
#4299=VERTEX_POINT('',#14363);
#4300=VERTEX_POINT('',#14365);
#4301=VERTEX_POINT('',#14374);
#4302=VERTEX_POINT('',#14376);
#4303=VERTEX_POINT('',#14382);
#4304=VERTEX_POINT('',#14383);
#4305=VERTEX_POINT('',#14385);
#4306=VERTEX_POINT('',#14387);
#4307=VERTEX_POINT('',#14391);
#4308=VERTEX_POINT('',#14393);
#4309=VERTEX_POINT('',#14397);
#4310=VERTEX_POINT('',#14399);
#4311=VERTEX_POINT('',#14408);
#4312=VERTEX_POINT('',#14410);
#4313=VERTEX_POINT('',#14416);
#4314=VERTEX_POINT('',#14417);
#4315=VERTEX_POINT('',#14419);
#4316=VERTEX_POINT('',#14424);
#4317=VERTEX_POINT('',#14425);
#4318=VERTEX_POINT('',#14431);
#4319=VERTEX_POINT('',#14436);
#4320=VERTEX_POINT('',#14438);
#4321=VERTEX_POINT('',#14444);
#4322=VERTEX_POINT('',#14446);
#4323=VERTEX_POINT('',#14452);
#4324=VERTEX_POINT('',#14454);
#4325=VERTEX_POINT('',#14460);
#4326=VERTEX_POINT('',#14462);
#4327=VERTEX_POINT('',#14468);
#4328=VERTEX_POINT('',#14470);
#4329=VERTEX_POINT('',#14476);
#4330=VERTEX_POINT('',#14478);
#4331=VERTEX_POINT('',#14484);
#4332=VERTEX_POINT('',#14486);
#4333=VERTEX_POINT('',#14492);
#4334=VERTEX_POINT('',#14494);
#4335=VERTEX_POINT('',#14500);
#4336=VERTEX_POINT('',#14502);
#4337=VERTEX_POINT('',#14508);
#4338=VERTEX_POINT('',#14510);
#4339=VERTEX_POINT('',#14512);
#4340=VERTEX_POINT('',#14516);
#4341=VERTEX_POINT('',#14517);
#4342=VERTEX_POINT('',#14523);
#4343=VERTEX_POINT('',#14528);
#4344=VERTEX_POINT('',#14530);
#4345=VERTEX_POINT('',#14536);
#4346=VERTEX_POINT('',#14538);
#4347=VERTEX_POINT('',#14544);
#4348=VERTEX_POINT('',#14546);
#4349=VERTEX_POINT('',#14552);
#4350=VERTEX_POINT('',#14554);
#4351=VERTEX_POINT('',#14560);
#4352=VERTEX_POINT('',#14562);
#4353=VERTEX_POINT('',#14568);
#4354=VERTEX_POINT('',#14570);
#4355=VERTEX_POINT('',#14576);
#4356=VERTEX_POINT('',#14578);
#4357=VERTEX_POINT('',#14584);
#4358=VERTEX_POINT('',#14586);
#4359=VERTEX_POINT('',#14592);
#4360=VERTEX_POINT('',#14594);
#4361=VERTEX_POINT('',#14600);
#4362=VERTEX_POINT('',#14602);
#4363=VERTEX_POINT('',#14608);
#4364=VERTEX_POINT('',#14609);
#4365=VERTEX_POINT('',#14611);
#4366=VERTEX_POINT('',#14616);
#4367=VERTEX_POINT('',#14617);
#4368=VERTEX_POINT('',#14623);
#4369=VERTEX_POINT('',#14628);
#4370=VERTEX_POINT('',#14630);
#4371=VERTEX_POINT('',#14636);
#4372=VERTEX_POINT('',#14638);
#4373=VERTEX_POINT('',#14644);
#4374=VERTEX_POINT('',#14646);
#4375=VERTEX_POINT('',#14652);
#4376=VERTEX_POINT('',#14654);
#4377=VERTEX_POINT('',#14660);
#4378=VERTEX_POINT('',#14662);
#4379=VERTEX_POINT('',#14668);
#4380=VERTEX_POINT('',#14670);
#4381=VERTEX_POINT('',#14676);
#4382=VERTEX_POINT('',#14678);
#4383=VERTEX_POINT('',#14684);
#4384=VERTEX_POINT('',#14686);
#4385=VERTEX_POINT('',#14692);
#4386=VERTEX_POINT('',#14694);
#4387=VERTEX_POINT('',#14700);
#4388=VERTEX_POINT('',#14702);
#4389=VERTEX_POINT('',#14704);
#4390=VERTEX_POINT('',#14708);
#4391=VERTEX_POINT('',#14709);
#4392=VERTEX_POINT('',#14715);
#4393=VERTEX_POINT('',#14720);
#4394=VERTEX_POINT('',#14722);
#4395=VERTEX_POINT('',#14728);
#4396=VERTEX_POINT('',#14730);
#4397=VERTEX_POINT('',#14736);
#4398=VERTEX_POINT('',#14738);
#4399=VERTEX_POINT('',#14744);
#4400=VERTEX_POINT('',#14746);
#4401=VERTEX_POINT('',#14752);
#4402=VERTEX_POINT('',#14754);
#4403=VERTEX_POINT('',#14760);
#4404=VERTEX_POINT('',#14762);
#4405=VERTEX_POINT('',#14768);
#4406=VERTEX_POINT('',#14770);
#4407=VERTEX_POINT('',#14776);
#4408=VERTEX_POINT('',#14778);
#4409=VERTEX_POINT('',#14784);
#4410=VERTEX_POINT('',#14786);
#4411=VERTEX_POINT('',#14792);
#4412=VERTEX_POINT('',#14793);
#4413=VERTEX_POINT('',#14795);
#4414=VERTEX_POINT('',#14799);
#4415=VERTEX_POINT('',#14800);
#4416=VERTEX_POINT('',#14802);
#4417=VERTEX_POINT('',#14806);
#4418=VERTEX_POINT('',#14807);
#4419=VERTEX_POINT('',#14809);
#4420=VERTEX_POINT('',#14813);
#4421=VERTEX_POINT('',#14814);
#4422=VERTEX_POINT('',#14816);
#4423=VERTEX_POINT('',#14820);
#4424=VERTEX_POINT('',#14821);
#4425=VERTEX_POINT('',#14823);
#4426=VERTEX_POINT('',#14830);
#4427=VERTEX_POINT('',#14831);
#4428=VERTEX_POINT('',#14833);
#4429=VERTEX_POINT('',#14837);
#4430=VERTEX_POINT('',#14838);
#4431=VERTEX_POINT('',#14840);
#4432=VERTEX_POINT('',#14850);
#4433=VERTEX_POINT('',#14851);
#4434=VERTEX_POINT('',#14853);
#4435=VERTEX_POINT('',#14890);
#4436=VERTEX_POINT('',#14891);
#4437=VERTEX_POINT('',#14893);
#4438=VERTEX_POINT('',#14895);
#4439=VERTEX_POINT('',#14899);
#4440=VERTEX_POINT('',#14901);
#4441=VERTEX_POINT('',#14905);
#4442=VERTEX_POINT('',#14907);
#4443=VERTEX_POINT('',#14916);
#4444=VERTEX_POINT('',#14917);
#4445=VERTEX_POINT('',#14919);
#4446=VERTEX_POINT('',#14921);
#4447=VERTEX_POINT('',#14925);
#4448=VERTEX_POINT('',#14927);
#4449=VERTEX_POINT('',#14931);
#4450=VERTEX_POINT('',#14933);
#4451=VERTEX_POINT('',#14942);
#4452=VERTEX_POINT('',#14943);
#4453=VERTEX_POINT('',#14945);
#4454=VERTEX_POINT('',#14947);
#4455=VERTEX_POINT('',#14951);
#4456=VERTEX_POINT('',#14953);
#4457=VERTEX_POINT('',#14957);
#4458=VERTEX_POINT('',#14959);
#4459=VERTEX_POINT('',#14968);
#4460=VERTEX_POINT('',#14969);
#4461=VERTEX_POINT('',#14971);
#4462=VERTEX_POINT('',#14973);
#4463=VERTEX_POINT('',#14977);
#4464=VERTEX_POINT('',#14979);
#4465=VERTEX_POINT('',#14983);
#4466=VERTEX_POINT('',#14985);
#4467=VERTEX_POINT('',#14994);
#4468=VERTEX_POINT('',#14995);
#4469=VERTEX_POINT('',#14997);
#4470=VERTEX_POINT('',#14999);
#4471=VERTEX_POINT('',#15003);
#4472=VERTEX_POINT('',#15005);
#4473=VERTEX_POINT('',#15009);
#4474=VERTEX_POINT('',#15011);
#4475=VERTEX_POINT('',#15020);
#4476=VERTEX_POINT('',#15021);
#4477=VERTEX_POINT('',#15023);
#4478=VERTEX_POINT('',#15027);
#4479=VERTEX_POINT('',#15028);
#4480=VERTEX_POINT('',#15030);
#4481=VERTEX_POINT('',#15034);
#4482=VERTEX_POINT('',#15035);
#4483=VERTEX_POINT('',#15037);
#4484=VERTEX_POINT('',#15041);
#4485=VERTEX_POINT('',#15042);
#4486=VERTEX_POINT('',#15044);
#4487=VERTEX_POINT('',#15048);
#4488=VERTEX_POINT('',#15049);
#4489=VERTEX_POINT('',#15051);
#4490=VERTEX_POINT('',#15058);
#4491=VERTEX_POINT('',#15059);
#4492=VERTEX_POINT('',#15061);
#4493=VERTEX_POINT('',#15065);
#4494=VERTEX_POINT('',#15066);
#4495=VERTEX_POINT('',#15068);
#4496=VERTEX_POINT('',#15078);
#4497=VERTEX_POINT('',#15079);
#4498=VERTEX_POINT('',#15081);
#4499=VERTEX_POINT('',#15118);
#4500=VERTEX_POINT('',#15119);
#4501=VERTEX_POINT('',#15121);
#4502=VERTEX_POINT('',#15123);
#4503=VERTEX_POINT('',#15127);
#4504=VERTEX_POINT('',#15129);
#4505=VERTEX_POINT('',#15133);
#4506=VERTEX_POINT('',#15135);
#4507=VERTEX_POINT('',#15144);
#4508=VERTEX_POINT('',#15146);
#4509=VERTEX_POINT('',#15152);
#4510=VERTEX_POINT('',#15154);
#4511=VERTEX_POINT('',#15160);
#4512=VERTEX_POINT('',#15161);
#4513=VERTEX_POINT('',#15163);
#4514=VERTEX_POINT('',#15167);
#4515=VERTEX_POINT('',#15168);
#4516=VERTEX_POINT('',#15170);
#4517=VERTEX_POINT('',#15174);
#4518=VERTEX_POINT('',#15175);
#4519=VERTEX_POINT('',#15177);
#4520=VERTEX_POINT('',#15181);
#4521=VERTEX_POINT('',#15182);
#4522=VERTEX_POINT('',#15184);
#4523=VERTEX_POINT('',#15188);
#4524=VERTEX_POINT('',#15189);
#4525=VERTEX_POINT('',#15191);
#4526=VERTEX_POINT('',#15198);
#4527=VERTEX_POINT('',#15199);
#4528=VERTEX_POINT('',#15201);
#4529=VERTEX_POINT('',#15205);
#4530=VERTEX_POINT('',#15206);
#4531=VERTEX_POINT('',#15208);
#4532=VERTEX_POINT('',#15218);
#4533=VERTEX_POINT('',#15219);
#4534=VERTEX_POINT('',#15221);
#4535=VERTEX_POINT('',#15258);
#4536=VERTEX_POINT('',#15259);
#4537=VERTEX_POINT('',#15261);
#4538=VERTEX_POINT('',#15263);
#4539=VERTEX_POINT('',#15267);
#4540=VERTEX_POINT('',#15269);
#4541=VERTEX_POINT('',#15273);
#4542=VERTEX_POINT('',#15275);
#4543=VERTEX_POINT('',#15284);
#4544=VERTEX_POINT('',#15286);
#4545=VERTEX_POINT('',#15292);
#4546=VERTEX_POINT('',#15294);
#4547=VERTEX_POINT('',#15300);
#4548=VERTEX_POINT('',#15301);
#4549=VERTEX_POINT('',#15303);
#4550=VERTEX_POINT('',#15305);
#4551=VERTEX_POINT('',#15309);
#4552=VERTEX_POINT('',#15311);
#4553=VERTEX_POINT('',#15315);
#4554=VERTEX_POINT('',#15317);
#4555=VERTEX_POINT('',#15326);
#4556=VERTEX_POINT('',#15327);
#4557=VERTEX_POINT('',#15329);
#4558=VERTEX_POINT('',#15331);
#4559=VERTEX_POINT('',#15335);
#4560=VERTEX_POINT('',#15337);
#4561=VERTEX_POINT('',#15341);
#4562=VERTEX_POINT('',#15343);
#4563=VERTEX_POINT('',#15352);
#4564=VERTEX_POINT('',#15354);
#4565=VERTEX_POINT('',#15360);
#4566=VERTEX_POINT('',#15361);
#4567=VERTEX_POINT('',#15363);
#4568=VERTEX_POINT('',#15367);
#4569=VERTEX_POINT('',#15368);
#4570=VERTEX_POINT('',#15370);
#4571=VERTEX_POINT('',#15374);
#4572=VERTEX_POINT('',#15375);
#4573=VERTEX_POINT('',#15377);
#4574=VERTEX_POINT('',#15381);
#4575=VERTEX_POINT('',#15382);
#4576=VERTEX_POINT('',#15384);
#4577=VERTEX_POINT('',#15388);
#4578=VERTEX_POINT('',#15389);
#4579=VERTEX_POINT('',#15391);
#4580=VERTEX_POINT('',#15398);
#4581=VERTEX_POINT('',#15399);
#4582=VERTEX_POINT('',#15401);
#4583=VERTEX_POINT('',#15405);
#4584=VERTEX_POINT('',#15406);
#4585=VERTEX_POINT('',#15408);
#4586=VERTEX_POINT('',#15418);
#4587=VERTEX_POINT('',#15419);
#4588=VERTEX_POINT('',#15421);
#4589=VERTEX_POINT('',#15458);
#4590=VERTEX_POINT('',#15459);
#4591=VERTEX_POINT('',#15461);
#4592=VERTEX_POINT('',#15463);
#4593=VERTEX_POINT('',#15467);
#4594=VERTEX_POINT('',#15469);
#4595=VERTEX_POINT('',#15473);
#4596=VERTEX_POINT('',#15475);
#4597=VERTEX_POINT('',#15484);
#4598=VERTEX_POINT('',#15485);
#4599=VERTEX_POINT('',#15487);
#4600=VERTEX_POINT('',#15489);
#4601=VERTEX_POINT('',#15493);
#4602=VERTEX_POINT('',#15495);
#4603=VERTEX_POINT('',#15499);
#4604=VERTEX_POINT('',#15501);
#4605=VERTEX_POINT('',#15510);
#4606=VERTEX_POINT('',#15511);
#4607=VERTEX_POINT('',#15513);
#4608=VERTEX_POINT('',#15517);
#4609=VERTEX_POINT('',#15518);
#4610=VERTEX_POINT('',#15520);
#4611=VERTEX_POINT('',#15524);
#4612=VERTEX_POINT('',#15525);
#4613=VERTEX_POINT('',#15527);
#4614=VERTEX_POINT('',#15531);
#4615=VERTEX_POINT('',#15532);
#4616=VERTEX_POINT('',#15534);
#4617=VERTEX_POINT('',#15538);
#4618=VERTEX_POINT('',#15539);
#4619=VERTEX_POINT('',#15541);
#4620=VERTEX_POINT('',#15548);
#4621=VERTEX_POINT('',#15549);
#4622=VERTEX_POINT('',#15551);
#4623=VERTEX_POINT('',#15555);
#4624=VERTEX_POINT('',#15556);
#4625=VERTEX_POINT('',#15558);
#4626=VERTEX_POINT('',#15568);
#4627=VERTEX_POINT('',#15569);
#4628=VERTEX_POINT('',#15571);
#4629=VERTEX_POINT('',#15608);
#4630=VERTEX_POINT('',#15609);
#4631=VERTEX_POINT('',#15611);
#4632=VERTEX_POINT('',#15613);
#4633=VERTEX_POINT('',#15617);
#4634=VERTEX_POINT('',#15619);
#4635=VERTEX_POINT('',#15623);
#4636=VERTEX_POINT('',#15625);
#4637=VERTEX_POINT('',#15634);
#4638=VERTEX_POINT('',#15636);
#4639=VERTEX_POINT('',#15642);
#4640=VERTEX_POINT('',#15644);
#4641=VERTEX_POINT('',#15650);
#4642=VERTEX_POINT('',#15652);
#4643=VERTEX_POINT('',#15658);
#4644=VERTEX_POINT('',#15659);
#4645=VERTEX_POINT('',#15661);
#4646=VERTEX_POINT('',#15663);
#4647=VERTEX_POINT('',#15667);
#4648=VERTEX_POINT('',#15669);
#4649=VERTEX_POINT('',#15673);
#4650=VERTEX_POINT('',#15675);
#4651=VERTEX_POINT('',#15684);
#4652=VERTEX_POINT('',#15686);
#4653=VERTEX_POINT('',#15692);
#4654=VERTEX_POINT('',#15694);
#4655=VERTEX_POINT('',#15700);
#4656=VERTEX_POINT('',#15702);
#4657=VERTEX_POINT('',#15708);
#4658=VERTEX_POINT('',#15709);
#4659=VERTEX_POINT('',#15711);
#4660=VERTEX_POINT('',#15713);
#4661=VERTEX_POINT('',#15717);
#4662=VERTEX_POINT('',#15719);
#4663=VERTEX_POINT('',#15723);
#4664=VERTEX_POINT('',#15725);
#4665=VERTEX_POINT('',#15734);
#4666=VERTEX_POINT('',#15736);
#4667=VERTEX_POINT('',#15742);
#4668=VERTEX_POINT('',#15744);
#4669=VERTEX_POINT('',#15750);
#4670=VERTEX_POINT('',#15752);
#4671=VERTEX_POINT('',#15758);
#4672=VERTEX_POINT('',#15759);
#4673=VERTEX_POINT('',#15761);
#4674=VERTEX_POINT('',#15763);
#4675=VERTEX_POINT('',#15767);
#4676=VERTEX_POINT('',#15769);
#4677=VERTEX_POINT('',#15773);
#4678=VERTEX_POINT('',#15775);
#4679=VERTEX_POINT('',#15784);
#4680=VERTEX_POINT('',#15786);
#4681=VERTEX_POINT('',#15792);
#4682=VERTEX_POINT('',#15794);
#4683=VERTEX_POINT('',#15800);
#4684=VERTEX_POINT('',#15802);
#4685=VERTEX_POINT('',#15808);
#4686=VERTEX_POINT('',#15810);
#4687=VERTEX_POINT('',#15816);
#4688=VERTEX_POINT('',#15817);
#4689=VERTEX_POINT('',#15819);
#4690=VERTEX_POINT('',#15821);
#4691=VERTEX_POINT('',#15825);
#4692=VERTEX_POINT('',#15826);
#4693=VERTEX_POINT('',#15831);
#4694=VERTEX_POINT('',#15835);
#4695=VERTEX_POINT('',#15842);
#4696=VERTEX_POINT('',#15843);
#4697=VERTEX_POINT('',#15845);
#4698=VERTEX_POINT('',#15847);
#4699=VERTEX_POINT('',#15851);
#4700=VERTEX_POINT('',#15852);
#4701=VERTEX_POINT('',#15857);
#4702=VERTEX_POINT('',#15861);
#4703=VERTEX_POINT('',#15868);
#4704=VERTEX_POINT('',#15869);
#4705=VERTEX_POINT('',#15871);
#4706=VERTEX_POINT('',#15873);
#4707=VERTEX_POINT('',#15877);
#4708=VERTEX_POINT('',#15879);
#4709=VERTEX_POINT('',#15883);
#4710=VERTEX_POINT('',#15885);
#4711=VERTEX_POINT('',#15894);
#4712=VERTEX_POINT('',#15895);
#4713=VERTEX_POINT('',#15897);
#4714=VERTEX_POINT('',#15899);
#4715=VERTEX_POINT('',#15903);
#4716=VERTEX_POINT('',#15905);
#4717=VERTEX_POINT('',#15909);
#4718=VERTEX_POINT('',#15911);
#4719=VERTEX_POINT('',#15920);
#4720=VERTEX_POINT('',#15921);
#4721=VERTEX_POINT('',#15923);
#4722=VERTEX_POINT('',#15925);
#4723=VERTEX_POINT('',#15929);
#4724=VERTEX_POINT('',#15931);
#4725=VERTEX_POINT('',#15935);
#4726=VERTEX_POINT('',#15937);
#4727=VERTEX_POINT('',#15946);
#4728=VERTEX_POINT('',#15947);
#4729=VERTEX_POINT('',#15949);
#4730=VERTEX_POINT('',#15951);
#4731=VERTEX_POINT('',#15955);
#4732=VERTEX_POINT('',#15957);
#4733=VERTEX_POINT('',#15961);
#4734=VERTEX_POINT('',#15963);
#4735=VERTEX_POINT('',#15972);
#4736=VERTEX_POINT('',#15973);
#4737=VERTEX_POINT('',#15975);
#4738=VERTEX_POINT('',#15977);
#4739=VERTEX_POINT('',#15981);
#4740=VERTEX_POINT('',#15983);
#4741=VERTEX_POINT('',#15992);
#4742=VERTEX_POINT('',#15996);
#4743=VERTEX_POINT('',#16007);
#4744=VERTEX_POINT('',#16011);
#4745=VERTEX_POINT('',#16022);
#4746=VERTEX_POINT('',#16026);
#4747=VERTEX_POINT('',#16037);
#4748=VERTEX_POINT('',#16041);
#4749=VERTEX_POINT('',#16047);
#4750=VERTEX_POINT('',#16049);
#4751=VERTEX_POINT('',#16058);
#4752=VERTEX_POINT('',#16062);
#4753=VERTEX_POINT('',#16073);
#4754=VERTEX_POINT('',#16077);
#4755=VERTEX_POINT('',#16088);
#4756=VERTEX_POINT('',#16092);
#4757=VERTEX_POINT('',#16098);
#4758=VERTEX_POINT('',#16100);
#4759=VERTEX_POINT('',#16104);
#4760=VERTEX_POINT('',#16106);
#4761=VERTEX_POINT('',#16115);
#4762=VERTEX_POINT('',#16116);
#4763=VERTEX_POINT('',#16118);
#4764=VERTEX_POINT('',#16120);
#4765=VERTEX_POINT('',#16129);
#4766=VERTEX_POINT('',#16133);
#4767=VERTEX_POINT('',#16144);
#4768=VERTEX_POINT('',#16148);
#4769=VERTEX_POINT('',#16159);
#4770=VERTEX_POINT('',#16163);
#4771=VERTEX_POINT('',#16174);
#4772=VERTEX_POINT('',#16178);
#4773=VERTEX_POINT('',#16189);
#4774=VERTEX_POINT('',#16193);
#4775=VERTEX_POINT('',#16204);
#4776=VERTEX_POINT('',#16208);
#4777=VERTEX_POINT('',#16219);
#4778=VERTEX_POINT('',#16223);
#4779=VERTEX_POINT('',#16234);
#4780=VERTEX_POINT('',#16238);
#4781=VERTEX_POINT('',#16261);
#4782=VERTEX_POINT('',#16262);
#4783=VERTEX_POINT('',#16266);
#4784=VERTEX_POINT('',#16268);
#4785=VERTEX_POINT('',#16274);
#4786=VERTEX_POINT('',#16276);
#4787=VERTEX_POINT('',#16285);
#4788=VERTEX_POINT('',#16289);
#4789=VERTEX_POINT('',#16300);
#4790=VERTEX_POINT('',#16304);
#4791=VERTEX_POINT('',#16310);
#4792=VERTEX_POINT('',#16312);
#4793=VERTEX_POINT('',#16321);
#4794=VERTEX_POINT('',#16325);
#4795=VERTEX_POINT('',#16336);
#4796=VERTEX_POINT('',#16340);
#4797=VERTEX_POINT('',#16351);
#4798=VERTEX_POINT('',#16355);
#4799=VERTEX_POINT('',#16366);
#4800=VERTEX_POINT('',#16370);
#4801=VERTEX_POINT('',#16381);
#4802=VERTEX_POINT('',#16385);
#4803=VERTEX_POINT('',#16396);
#4804=VERTEX_POINT('',#16400);
#4805=VERTEX_POINT('',#16411);
#4806=VERTEX_POINT('',#16415);
#4807=VERTEX_POINT('',#16421);
#4808=VERTEX_POINT('',#16423);
#4809=VERTEX_POINT('',#16432);
#4810=VERTEX_POINT('',#16436);
#4811=VERTEX_POINT('',#16447);
#4812=VERTEX_POINT('',#16451);
#4813=VERTEX_POINT('',#16462);
#4814=VERTEX_POINT('',#16466);
#4815=VERTEX_POINT('',#16477);
#4816=VERTEX_POINT('',#16481);
#4817=VERTEX_POINT('',#16492);
#4818=VERTEX_POINT('',#16496);
#4819=VERTEX_POINT('',#16507);
#4820=VERTEX_POINT('',#16511);
#4821=VERTEX_POINT('',#16522);
#4822=VERTEX_POINT('',#16526);
#4823=VERTEX_POINT('',#16537);
#4824=VERTEX_POINT('',#16541);
#4825=VERTEX_POINT('',#16552);
#4826=VERTEX_POINT('',#16556);
#4827=VERTEX_POINT('',#16567);
#4828=VERTEX_POINT('',#16571);
#4829=VERTEX_POINT('',#16582);
#4830=VERTEX_POINT('',#16586);
#4831=VERTEX_POINT('',#16597);
#4832=VERTEX_POINT('',#16601);
#4833=VERTEX_POINT('',#16612);
#4834=VERTEX_POINT('',#16616);
#4835=EDGE_CURVE('',#4079,#4080,#3763,.T.);
#4836=EDGE_CURVE('',#4081,#4079,#3667,.T.);
#4837=EDGE_CURVE('',#4082,#4081,#2101,.T.);
#4838=EDGE_CURVE('',#4083,#4082,#3668,.T.);
#4839=EDGE_CURVE('',#4084,#4083,#3764,.T.);
#4840=EDGE_CURVE('',#4085,#4084,#3669,.T.);
#4841=EDGE_CURVE('',#4086,#4085,#2102,.T.);
#4842=EDGE_CURVE('',#4080,#4086,#3670,.T.);
#4843=EDGE_CURVE('',#4087,#4083,#2103,.T.);
#4844=EDGE_CURVE('',#4087,#4088,#3765,.T.);
#4845=EDGE_CURVE('',#4089,#4088,#2104,.T.);
#4846=EDGE_CURVE('',#4090,#4089,#2105,.T.);
#4847=EDGE_CURVE('',#4091,#4090,#2106,.T.);
#4848=EDGE_CURVE('',#4092,#4091,#3766,.T.);
#4849=EDGE_CURVE('',#4093,#4092,#2107,.T.);
#4850=EDGE_CURVE('',#4094,#4093,#3767,.T.);
#4851=EDGE_CURVE('',#4095,#4094,#2108,.T.);
#4852=EDGE_CURVE('',#4084,#4095,#2109,.T.);
#4853=EDGE_CURVE('',#4082,#4096,#2110,.T.);
#4854=EDGE_CURVE('',#4096,#4087,#3671,.T.);
#4855=EDGE_CURVE('',#4097,#4081,#2111,.T.);
#4856=EDGE_CURVE('',#4097,#4096,#2112,.T.);
#4857=EDGE_CURVE('',#4079,#4098,#2113,.T.);
#4858=EDGE_CURVE('',#4098,#4097,#3672,.T.);
#4859=EDGE_CURVE('',#4099,#4098,#3768,.T.);
#4860=EDGE_CURVE('',#4100,#4099,#3673,.T.);
#4861=EDGE_CURVE('',#4101,#4100,#2114,.T.);
#4862=EDGE_CURVE('',#4088,#4101,#3674,.T.);
#4863=EDGE_CURVE('',#4102,#4080,#2115,.T.);
#4864=EDGE_CURVE('',#4103,#4102,#2116,.T.);
#4865=EDGE_CURVE('',#4104,#4103,#3769,.T.);
#4866=EDGE_CURVE('',#4105,#4104,#2117,.T.);
#4867=EDGE_CURVE('',#4106,#4105,#3770,.T.);
#4868=EDGE_CURVE('',#4107,#4106,#2118,.T.);
#4869=EDGE_CURVE('',#4108,#4107,#2119,.T.);
#4870=EDGE_CURVE('',#4099,#4108,#2120,.T.);
#4871=EDGE_CURVE('',#4086,#4109,#2121,.T.);
#4872=EDGE_CURVE('',#4102,#4109,#336,.T.);
#4873=EDGE_CURVE('',#4108,#4110,#337,.T.);
#4874=EDGE_CURVE('',#4110,#4100,#2122,.T.);
#4875=EDGE_CURVE('',#4111,#4085,#2123,.T.);
#4876=EDGE_CURVE('',#4109,#4111,#2124,.T.);
#4877=EDGE_CURVE('',#4095,#4111,#338,.T.);
#4878=EDGE_CURVE('',#4112,#4093,#3675,.T.);
#4879=EDGE_CURVE('',#4092,#4113,#3676,.T.);
#4880=EDGE_CURVE('',#4113,#4112,#2125,.T.);
#4881=EDGE_CURVE('',#4091,#4114,#3677,.T.);
#4882=EDGE_CURVE('',#4114,#4113,#3771,.T.);
#4883=EDGE_CURVE('',#4090,#4115,#339,.T.);
#4884=EDGE_CURVE('',#4115,#4114,#2126,.T.);
#4885=EDGE_CURVE('',#4116,#4115,#2127,.T.);
#4886=EDGE_CURVE('',#4089,#4116,#340,.T.);
#4887=EDGE_CURVE('',#4101,#4116,#2128,.T.);
#4888=EDGE_CURVE('',#4117,#4094,#3678,.T.);
#4889=EDGE_CURVE('',#4112,#4117,#3772,.T.);
#4890=EDGE_CURVE('',#4117,#4111,#2129,.T.);
#4891=EDGE_CURVE('',#4110,#4116,#2130,.T.);
#4892=EDGE_CURVE('',#4118,#4117,#2131,.T.);
#4893=EDGE_CURVE('',#4109,#4118,#2132,.T.);
#4894=EDGE_CURVE('',#4119,#4112,#2133,.T.);
#4895=EDGE_CURVE('',#4118,#4119,#3773,.T.);
#4896=EDGE_CURVE('',#4120,#4113,#2134,.T.);
#4897=EDGE_CURVE('',#4119,#4120,#2135,.T.);
#4898=EDGE_CURVE('',#4107,#4121,#341,.T.);
#4899=EDGE_CURVE('',#4121,#4110,#2136,.T.);
#4900=EDGE_CURVE('',#4120,#4122,#3774,.T.);
#4901=EDGE_CURVE('',#4122,#4106,#3679,.T.);
#4902=EDGE_CURVE('',#4105,#4120,#3680,.T.);
#4903=EDGE_CURVE('',#4122,#4121,#2137,.T.);
#4904=EDGE_CURVE('',#4118,#4103,#3681,.T.);
#4905=EDGE_CURVE('',#4119,#4104,#3682,.T.);
#4906=EDGE_CURVE('',#4121,#4115,#2138,.T.);
#4907=EDGE_CURVE('',#4122,#4114,#2139,.T.);
#4908=EDGE_CURVE('',#4123,#4124,#3775,.T.);
#4909=EDGE_CURVE('',#4125,#4123,#2140,.T.);
#4910=EDGE_CURVE('',#4126,#4125,#3776,.T.);
#4911=EDGE_CURVE('',#4124,#4126,#2141,.T.);
#4912=EDGE_CURVE('',#4126,#4127,#2142,.T.);
#4913=EDGE_CURVE('',#4127,#4128,#2143,.T.);
#4914=EDGE_CURVE('',#4128,#4124,#2144,.T.);
#4915=EDGE_CURVE('',#4125,#4129,#2145,.T.);
#4916=EDGE_CURVE('',#4129,#4127,#2146,.T.);
#4917=EDGE_CURVE('',#4130,#4123,#2147,.T.);
#4918=EDGE_CURVE('',#4129,#4130,#2148,.T.);
#4919=EDGE_CURVE('',#4130,#4128,#2149,.T.);
#4920=EDGE_CURVE('',#4131,#4132,#3777,.T.);
#4921=EDGE_CURVE('',#4133,#4131,#2150,.T.);
#4922=EDGE_CURVE('',#4134,#4133,#3778,.T.);
#4923=EDGE_CURVE('',#4132,#4134,#2151,.T.);
#4924=EDGE_CURVE('',#4134,#4135,#2152,.T.);
#4925=EDGE_CURVE('',#4135,#4136,#2153,.T.);
#4926=EDGE_CURVE('',#4136,#4132,#2154,.T.);
#4927=EDGE_CURVE('',#4133,#4137,#2155,.T.);
#4928=EDGE_CURVE('',#4137,#4135,#2156,.T.);
#4929=EDGE_CURVE('',#4138,#4131,#2157,.T.);
#4930=EDGE_CURVE('',#4137,#4138,#2158,.T.);
#4931=EDGE_CURVE('',#4138,#4136,#2159,.T.);
#4932=EDGE_CURVE('',#4139,#4140,#2160,.T.);
#4933=EDGE_CURVE('',#4141,#4139,#3779,.T.);
#4934=EDGE_CURVE('',#4142,#4141,#2161,.T.);
#4935=EDGE_CURVE('',#4140,#4142,#3780,.T.);
#4936=EDGE_CURVE('',#4141,#4143,#2162,.T.);
#4937=EDGE_CURVE('',#4143,#4144,#2163,.T.);
#4938=EDGE_CURVE('',#4144,#4142,#2164,.T.);
#4939=EDGE_CURVE('',#4145,#4144,#2165,.T.);
#4940=EDGE_CURVE('',#4145,#4140,#2166,.T.);
#4941=EDGE_CURVE('',#4139,#4146,#2167,.T.);
#4942=EDGE_CURVE('',#4146,#4143,#2168,.T.);
#4943=EDGE_CURVE('',#4146,#4145,#2169,.T.);
#4944=EDGE_CURVE('',#4147,#4148,#2170,.T.);
#4945=EDGE_CURVE('',#4149,#4147,#3781,.T.);
#4946=EDGE_CURVE('',#4150,#4149,#2171,.T.);
#4947=EDGE_CURVE('',#4148,#4150,#3782,.T.);
#4948=EDGE_CURVE('',#4149,#4151,#2172,.T.);
#4949=EDGE_CURVE('',#4151,#4152,#2173,.T.);
#4950=EDGE_CURVE('',#4152,#4150,#2174,.T.);
#4951=EDGE_CURVE('',#4153,#4152,#2175,.T.);
#4952=EDGE_CURVE('',#4153,#4148,#2176,.T.);
#4953=EDGE_CURVE('',#4147,#4154,#2177,.T.);
#4954=EDGE_CURVE('',#4154,#4151,#2178,.T.);
#4955=EDGE_CURVE('',#4154,#4153,#2179,.T.);
#4956=EDGE_CURVE('',#4155,#4156,#3783,.T.);
#4957=EDGE_CURVE('',#4155,#4157,#2180,.T.);
#4958=EDGE_CURVE('',#4158,#4157,#3784,.T.);
#4959=EDGE_CURVE('',#4156,#4158,#2181,.T.);
#4960=EDGE_CURVE('',#4156,#4159,#3785,.T.);
#4961=EDGE_CURVE('',#4160,#4158,#3786,.T.);
#4962=EDGE_CURVE('',#4159,#4160,#2182,.T.);
#4963=EDGE_CURVE('',#4161,#4159,#2183,.T.);
#4964=EDGE_CURVE('',#4162,#4160,#2184,.T.);
#4965=EDGE_CURVE('',#4161,#4162,#2185,.T.);
#4966=EDGE_CURVE('',#4161,#4163,#3787,.T.);
#4967=EDGE_CURVE('',#4164,#4162,#3788,.T.);
#4968=EDGE_CURVE('',#4163,#4164,#2186,.T.);
#4969=EDGE_CURVE('',#4165,#4163,#2187,.T.);
#4970=EDGE_CURVE('',#4166,#4164,#2188,.T.);
#4971=EDGE_CURVE('',#4165,#4166,#2189,.T.);
#4972=EDGE_CURVE('',#4165,#4167,#3789,.T.);
#4973=EDGE_CURVE('',#4168,#4166,#3790,.T.);
#4974=EDGE_CURVE('',#4167,#4168,#2190,.T.);
#4975=EDGE_CURVE('',#4169,#4167,#2191,.T.);
#4976=EDGE_CURVE('',#4170,#4168,#2192,.T.);
#4977=EDGE_CURVE('',#4169,#4170,#2193,.T.);
#4978=EDGE_CURVE('',#4169,#4155,#3791,.T.);
#4979=EDGE_CURVE('',#4157,#4170,#3792,.T.);
#4980=EDGE_CURVE('',#4171,#4172,#2194,.T.);
#4981=EDGE_CURVE('',#4172,#4173,#2195,.T.);
#4982=EDGE_CURVE('',#4174,#4173,#2196,.T.);
#4983=EDGE_CURVE('',#4171,#4174,#2197,.T.);
#4984=EDGE_CURVE('',#4175,#4171,#2198,.T.);
#4985=EDGE_CURVE('',#4176,#4174,#2199,.T.);
#4986=EDGE_CURVE('',#4175,#4176,#2200,.T.);
#4987=EDGE_CURVE('',#4177,#4175,#2201,.T.);
#4988=EDGE_CURVE('',#4178,#4176,#2202,.T.);
#4989=EDGE_CURVE('',#4177,#4178,#2203,.T.);
#4990=EDGE_CURVE('',#4172,#4177,#2204,.T.);
#4991=EDGE_CURVE('',#4173,#4178,#2205,.T.);
#4992=EDGE_CURVE('',#4179,#4180,#2206,.T.);
#4993=EDGE_CURVE('',#4180,#4181,#2207,.T.);
#4994=EDGE_CURVE('',#4182,#4181,#2208,.T.);
#4995=EDGE_CURVE('',#4179,#4182,#2209,.T.);
#4996=EDGE_CURVE('',#4183,#4179,#2210,.T.);
#4997=EDGE_CURVE('',#4184,#4182,#2211,.T.);
#4998=EDGE_CURVE('',#4183,#4184,#2212,.T.);
#4999=EDGE_CURVE('',#4185,#4183,#2213,.T.);
#5000=EDGE_CURVE('',#4186,#4184,#2214,.T.);
#5001=EDGE_CURVE('',#4185,#4186,#2215,.T.);
#5002=EDGE_CURVE('',#4180,#4185,#2216,.T.);
#5003=EDGE_CURVE('',#4181,#4186,#2217,.T.);
#5004=EDGE_CURVE('',#4187,#4188,#2218,.T.);
#5005=EDGE_CURVE('',#4188,#4189,#2219,.T.);
#5006=EDGE_CURVE('',#4190,#4189,#2220,.T.);
#5007=EDGE_CURVE('',#4187,#4190,#2221,.T.);
#5008=EDGE_CURVE('',#4191,#4187,#2222,.T.);
#5009=EDGE_CURVE('',#4192,#4190,#2223,.T.);
#5010=EDGE_CURVE('',#4191,#4192,#2224,.T.);
#5011=EDGE_CURVE('',#4193,#4191,#2225,.T.);
#5012=EDGE_CURVE('',#4194,#4192,#2226,.T.);
#5013=EDGE_CURVE('',#4193,#4194,#2227,.T.);
#5014=EDGE_CURVE('',#4188,#4193,#2228,.T.);
#5015=EDGE_CURVE('',#4189,#4194,#2229,.T.);
#5016=EDGE_CURVE('',#4195,#4196,#2230,.T.);
#5017=EDGE_CURVE('',#4196,#4197,#2231,.T.);
#5018=EDGE_CURVE('',#4198,#4197,#2232,.T.);
#5019=EDGE_CURVE('',#4195,#4198,#2233,.T.);
#5020=EDGE_CURVE('',#4199,#4195,#2234,.T.);
#5021=EDGE_CURVE('',#4200,#4198,#2235,.T.);
#5022=EDGE_CURVE('',#4199,#4200,#2236,.T.);
#5023=EDGE_CURVE('',#4201,#4199,#2237,.T.);
#5024=EDGE_CURVE('',#4202,#4200,#2238,.T.);
#5025=EDGE_CURVE('',#4201,#4202,#2239,.T.);
#5026=EDGE_CURVE('',#4196,#4201,#2240,.T.);
#5027=EDGE_CURVE('',#4197,#4202,#2241,.T.);
#5028=EDGE_CURVE('',#4203,#4203,#3793,.T.);
#5029=EDGE_CURVE('',#4203,#4204,#2242,.T.);
#5030=EDGE_CURVE('',#4204,#4204,#3794,.T.);
#5031=EDGE_CURVE('',#4205,#4206,#2243,.T.);
#5032=EDGE_CURVE('',#4206,#4207,#2244,.T.);
#5033=EDGE_CURVE('',#4208,#4207,#2245,.T.);
#5034=EDGE_CURVE('',#4205,#4208,#2246,.T.);
#5035=EDGE_CURVE('',#4209,#4205,#2247,.T.);
#5036=EDGE_CURVE('',#4210,#4208,#2248,.T.);
#5037=EDGE_CURVE('',#4209,#4210,#2249,.T.);
#5038=EDGE_CURVE('',#4211,#4209,#2250,.T.);
#5039=EDGE_CURVE('',#4212,#4210,#2251,.T.);
#5040=EDGE_CURVE('',#4211,#4212,#2252,.T.);
#5041=EDGE_CURVE('',#4206,#4211,#2253,.T.);
#5042=EDGE_CURVE('',#4207,#4212,#2254,.T.);
#5043=EDGE_CURVE('',#4213,#4214,#2255,.T.);
#5044=EDGE_CURVE('',#4213,#4215,#2256,.T.);
#5045=EDGE_CURVE('',#4216,#4215,#2257,.T.);
#5046=EDGE_CURVE('',#4214,#4216,#2258,.T.);
#5047=EDGE_CURVE('',#4217,#4214,#3795,.T.);
#5048=EDGE_CURVE('',#4218,#4216,#3796,.T.);
#5049=EDGE_CURVE('',#4217,#4218,#2259,.T.);
#5050=EDGE_CURVE('',#4217,#4219,#2260,.T.);
#5051=EDGE_CURVE('',#4220,#4218,#2261,.T.);
#5052=EDGE_CURVE('',#4219,#4220,#2262,.T.);
#5053=EDGE_CURVE('',#4221,#4219,#3797,.T.);
#5054=EDGE_CURVE('',#4222,#4220,#3798,.T.);
#5055=EDGE_CURVE('',#4221,#4222,#2263,.T.);
#5056=EDGE_CURVE('',#4221,#4223,#2264,.T.);
#5057=EDGE_CURVE('',#4224,#4222,#2265,.T.);
#5058=EDGE_CURVE('',#4223,#4224,#2266,.T.);
#5059=EDGE_CURVE('',#4225,#4223,#3799,.T.);
#5060=EDGE_CURVE('',#4226,#4224,#3800,.T.);
#5061=EDGE_CURVE('',#4225,#4226,#2267,.T.);
#5062=EDGE_CURVE('',#4227,#4225,#3801,.T.);
#5063=EDGE_CURVE('',#4228,#4226,#3802,.T.);
#5064=EDGE_CURVE('',#4227,#4228,#2268,.T.);
#5065=EDGE_CURVE('',#4213,#4227,#3803,.T.);
#5066=EDGE_CURVE('',#4215,#4228,#3804,.T.);
#5067=EDGE_CURVE('',#4229,#4230,#2269,.T.);
#5068=EDGE_CURVE('',#4230,#4231,#2270,.T.);
#5069=EDGE_CURVE('',#4232,#4231,#2271,.T.);
#5070=EDGE_CURVE('',#4229,#4232,#2272,.T.);
#5071=EDGE_CURVE('',#4233,#4229,#2273,.T.);
#5072=EDGE_CURVE('',#4234,#4232,#2274,.T.);
#5073=EDGE_CURVE('',#4233,#4234,#2275,.T.);
#5074=EDGE_CURVE('',#4235,#4233,#2276,.T.);
#5075=EDGE_CURVE('',#4236,#4234,#2277,.T.);
#5076=EDGE_CURVE('',#4235,#4236,#2278,.T.);
#5077=EDGE_CURVE('',#4230,#4235,#2279,.T.);
#5078=EDGE_CURVE('',#4231,#4236,#2280,.T.);
#5079=EDGE_CURVE('',#4237,#4238,#2281,.T.);
#5080=EDGE_CURVE('',#4238,#4239,#2282,.T.);
#5081=EDGE_CURVE('',#4240,#4239,#2283,.T.);
#5082=EDGE_CURVE('',#4237,#4240,#2284,.T.);
#5083=EDGE_CURVE('',#4241,#4237,#2285,.T.);
#5084=EDGE_CURVE('',#4242,#4240,#2286,.T.);
#5085=EDGE_CURVE('',#4241,#4242,#2287,.T.);
#5086=EDGE_CURVE('',#4243,#4241,#2288,.T.);
#5087=EDGE_CURVE('',#4244,#4242,#2289,.T.);
#5088=EDGE_CURVE('',#4243,#4244,#2290,.T.);
#5089=EDGE_CURVE('',#4238,#4243,#2291,.T.);
#5090=EDGE_CURVE('',#4239,#4244,#2292,.T.);
#5091=EDGE_CURVE('',#4245,#4246,#2293,.T.);
#5092=EDGE_CURVE('',#4246,#4247,#2294,.T.);
#5093=EDGE_CURVE('',#4248,#4247,#2295,.T.);
#5094=EDGE_CURVE('',#4245,#4248,#2296,.T.);
#5095=EDGE_CURVE('',#4249,#4245,#2297,.T.);
#5096=EDGE_CURVE('',#4250,#4248,#2298,.T.);
#5097=EDGE_CURVE('',#4249,#4250,#2299,.T.);
#5098=EDGE_CURVE('',#4251,#4249,#2300,.T.);
#5099=EDGE_CURVE('',#4252,#4250,#2301,.T.);
#5100=EDGE_CURVE('',#4251,#4252,#2302,.T.);
#5101=EDGE_CURVE('',#4246,#4251,#2303,.T.);
#5102=EDGE_CURVE('',#4247,#4252,#2304,.T.);
#5103=EDGE_CURVE('',#4253,#4254,#2305,.T.);
#5104=EDGE_CURVE('',#4254,#4255,#2306,.T.);
#5105=EDGE_CURVE('',#4256,#4255,#2307,.T.);
#5106=EDGE_CURVE('',#4253,#4256,#2308,.T.);
#5107=EDGE_CURVE('',#4257,#4253,#2309,.T.);
#5108=EDGE_CURVE('',#4258,#4256,#2310,.T.);
#5109=EDGE_CURVE('',#4257,#4258,#2311,.T.);
#5110=EDGE_CURVE('',#4259,#4257,#2312,.T.);
#5111=EDGE_CURVE('',#4260,#4258,#2313,.T.);
#5112=EDGE_CURVE('',#4259,#4260,#2314,.T.);
#5113=EDGE_CURVE('',#4254,#4259,#2315,.T.);
#5114=EDGE_CURVE('',#4255,#4260,#2316,.T.);
#5115=EDGE_CURVE('',#4261,#4262,#2317,.T.);
#5116=EDGE_CURVE('',#4262,#4263,#2318,.T.);
#5117=EDGE_CURVE('',#4264,#4263,#2319,.T.);
#5118=EDGE_CURVE('',#4261,#4264,#2320,.T.);
#5119=EDGE_CURVE('',#4265,#4261,#2321,.T.);
#5120=EDGE_CURVE('',#4266,#4264,#2322,.T.);
#5121=EDGE_CURVE('',#4265,#4266,#2323,.T.);
#5122=EDGE_CURVE('',#4267,#4265,#2324,.T.);
#5123=EDGE_CURVE('',#4268,#4266,#2325,.T.);
#5124=EDGE_CURVE('',#4267,#4268,#2326,.T.);
#5125=EDGE_CURVE('',#4262,#4267,#2327,.T.);
#5126=EDGE_CURVE('',#4263,#4268,#2328,.T.);
#5127=EDGE_CURVE('',#4269,#4270,#2329,.T.);
#5128=EDGE_CURVE('',#4270,#4271,#2330,.T.);
#5129=EDGE_CURVE('',#4272,#4271,#2331,.T.);
#5130=EDGE_CURVE('',#4269,#4272,#2332,.T.);
#5131=EDGE_CURVE('',#4273,#4269,#2333,.T.);
#5132=EDGE_CURVE('',#4274,#4272,#2334,.T.);
#5133=EDGE_CURVE('',#4273,#4274,#2335,.T.);
#5134=EDGE_CURVE('',#4275,#4273,#2336,.T.);
#5135=EDGE_CURVE('',#4276,#4274,#2337,.T.);
#5136=EDGE_CURVE('',#4275,#4276,#2338,.T.);
#5137=EDGE_CURVE('',#4270,#4275,#2339,.T.);
#5138=EDGE_CURVE('',#4271,#4276,#2340,.T.);
#5139=EDGE_CURVE('',#4277,#4278,#2341,.T.);
#5140=EDGE_CURVE('',#4278,#4279,#2342,.T.);
#5141=EDGE_CURVE('',#4280,#4279,#2343,.T.);
#5142=EDGE_CURVE('',#4277,#4280,#2344,.T.);
#5143=EDGE_CURVE('',#4281,#4277,#2345,.T.);
#5144=EDGE_CURVE('',#4282,#4280,#2346,.T.);
#5145=EDGE_CURVE('',#4281,#4282,#2347,.T.);
#5146=EDGE_CURVE('',#4283,#4281,#2348,.T.);
#5147=EDGE_CURVE('',#4284,#4282,#2349,.T.);
#5148=EDGE_CURVE('',#4283,#4284,#2350,.T.);
#5149=EDGE_CURVE('',#4278,#4283,#2351,.T.);
#5150=EDGE_CURVE('',#4279,#4284,#2352,.T.);
#5151=EDGE_CURVE('',#4285,#4286,#2353,.T.);
#5152=EDGE_CURVE('',#4286,#4287,#2354,.T.);
#5153=EDGE_CURVE('',#4288,#4287,#2355,.T.);
#5154=EDGE_CURVE('',#4285,#4288,#2356,.T.);
#5155=EDGE_CURVE('',#4289,#4285,#2357,.T.);
#5156=EDGE_CURVE('',#4290,#4288,#2358,.T.);
#5157=EDGE_CURVE('',#4289,#4290,#2359,.T.);
#5158=EDGE_CURVE('',#4291,#4289,#2360,.T.);
#5159=EDGE_CURVE('',#4292,#4290,#2361,.T.);
#5160=EDGE_CURVE('',#4291,#4292,#2362,.T.);
#5161=EDGE_CURVE('',#4286,#4291,#2363,.T.);
#5162=EDGE_CURVE('',#4287,#4292,#2364,.T.);
#5163=EDGE_CURVE('',#4293,#4294,#2365,.T.);
#5164=EDGE_CURVE('',#4294,#4295,#2366,.T.);
#5165=EDGE_CURVE('',#4296,#4295,#2367,.T.);
#5166=EDGE_CURVE('',#4293,#4296,#2368,.T.);
#5167=EDGE_CURVE('',#4297,#4293,#2369,.T.);
#5168=EDGE_CURVE('',#4298,#4296,#2370,.T.);
#5169=EDGE_CURVE('',#4297,#4298,#2371,.T.);
#5170=EDGE_CURVE('',#4299,#4297,#2372,.T.);
#5171=EDGE_CURVE('',#4300,#4298,#2373,.T.);
#5172=EDGE_CURVE('',#4299,#4300,#2374,.T.);
#5173=EDGE_CURVE('',#4294,#4299,#2375,.T.);
#5174=EDGE_CURVE('',#4295,#4300,#2376,.T.);
#5175=EDGE_CURVE('',#4301,#4301,#3805,.T.);
#5176=EDGE_CURVE('',#4301,#4302,#2377,.T.);
#5177=EDGE_CURVE('',#4302,#4302,#3806,.T.);
#5178=EDGE_CURVE('',#4303,#4304,#2378,.T.);
#5179=EDGE_CURVE('',#4304,#4305,#2379,.T.);
#5180=EDGE_CURVE('',#4306,#4305,#2380,.T.);
#5181=EDGE_CURVE('',#4303,#4306,#2381,.T.);
#5182=EDGE_CURVE('',#4307,#4303,#2382,.T.);
#5183=EDGE_CURVE('',#4308,#4306,#2383,.T.);
#5184=EDGE_CURVE('',#4307,#4308,#2384,.T.);
#5185=EDGE_CURVE('',#4309,#4307,#2385,.T.);
#5186=EDGE_CURVE('',#4310,#4308,#2386,.T.);
#5187=EDGE_CURVE('',#4309,#4310,#2387,.T.);
#5188=EDGE_CURVE('',#4304,#4309,#2388,.T.);
#5189=EDGE_CURVE('',#4305,#4310,#2389,.T.);
#5190=EDGE_CURVE('',#4311,#4311,#3807,.T.);
#5191=EDGE_CURVE('',#4311,#4312,#2390,.T.);
#5192=EDGE_CURVE('',#4312,#4312,#3808,.T.);
#5193=EDGE_CURVE('',#4313,#4314,#3809,.T.);
#5194=EDGE_CURVE('',#4314,#4315,#3810,.T.);
#5195=EDGE_CURVE('',#4315,#4315,#3811,.T.);
#5196=EDGE_CURVE('',#4314,#4313,#3812,.T.);
#5197=EDGE_CURVE('',#4316,#4317,#3813,.T.);
#5198=EDGE_CURVE('',#4316,#4313,#2391,.T.);
#5199=EDGE_CURVE('',#4317,#4316,#3814,.T.);
#5200=EDGE_CURVE('',#4318,#4318,#3815,.T.);
#5201=EDGE_CURVE('',#4318,#4317,#3816,.T.);
#5202=EDGE_CURVE('',#4319,#4319,#3817,.T.);
#5203=EDGE_CURVE('',#4319,#4320,#2392,.T.);
#5204=EDGE_CURVE('',#4320,#4320,#3818,.T.);
#5205=EDGE_CURVE('',#4321,#4321,#3819,.T.);
#5206=EDGE_CURVE('',#4321,#4322,#2393,.T.);
#5207=EDGE_CURVE('',#4322,#4322,#3820,.T.);
#5208=EDGE_CURVE('',#4323,#4323,#3821,.T.);
#5209=EDGE_CURVE('',#4323,#4324,#2394,.T.);
#5210=EDGE_CURVE('',#4324,#4324,#3822,.T.);
#5211=EDGE_CURVE('',#4325,#4325,#3823,.T.);
#5212=EDGE_CURVE('',#4325,#4326,#2395,.T.);
#5213=EDGE_CURVE('',#4326,#4326,#3824,.T.);
#5214=EDGE_CURVE('',#4327,#4327,#3825,.T.);
#5215=EDGE_CURVE('',#4327,#4328,#2396,.T.);
#5216=EDGE_CURVE('',#4328,#4328,#3826,.T.);
#5217=EDGE_CURVE('',#4329,#4329,#3827,.T.);
#5218=EDGE_CURVE('',#4329,#4330,#2397,.T.);
#5219=EDGE_CURVE('',#4330,#4330,#3828,.T.);
#5220=EDGE_CURVE('',#4331,#4331,#3829,.T.);
#5221=EDGE_CURVE('',#4331,#4332,#2398,.T.);
#5222=EDGE_CURVE('',#4332,#4332,#3830,.T.);
#5223=EDGE_CURVE('',#4333,#4333,#3831,.T.);
#5224=EDGE_CURVE('',#4333,#4334,#2399,.T.);
#5225=EDGE_CURVE('',#4334,#4334,#3832,.T.);
#5226=EDGE_CURVE('',#4335,#4335,#3833,.T.);
#5227=EDGE_CURVE('',#4335,#4336,#2400,.T.);
#5228=EDGE_CURVE('',#4336,#4336,#3834,.T.);
#5229=EDGE_CURVE('',#4337,#4337,#3835,.T.);
#5230=EDGE_CURVE('',#4337,#4338,#3836,.T.);
#5231=EDGE_CURVE('',#4338,#4339,#3837,.T.);
#5232=EDGE_CURVE('',#4339,#4338,#3838,.T.);
#5233=EDGE_CURVE('',#4340,#4341,#3839,.T.);
#5234=EDGE_CURVE('',#4340,#4339,#2401,.T.);
#5235=EDGE_CURVE('',#4341,#4340,#3840,.T.);
#5236=EDGE_CURVE('',#4342,#4342,#3841,.T.);
#5237=EDGE_CURVE('',#4342,#4341,#3842,.T.);
#5238=EDGE_CURVE('',#4343,#4343,#3843,.T.);
#5239=EDGE_CURVE('',#4343,#4344,#2402,.T.);
#5240=EDGE_CURVE('',#4344,#4344,#3844,.T.);
#5241=EDGE_CURVE('',#4345,#4345,#3845,.T.);
#5242=EDGE_CURVE('',#4345,#4346,#2403,.T.);
#5243=EDGE_CURVE('',#4346,#4346,#3846,.T.);
#5244=EDGE_CURVE('',#4347,#4347,#3847,.T.);
#5245=EDGE_CURVE('',#4347,#4348,#2404,.T.);
#5246=EDGE_CURVE('',#4348,#4348,#3848,.T.);
#5247=EDGE_CURVE('',#4349,#4349,#3849,.T.);
#5248=EDGE_CURVE('',#4349,#4350,#2405,.T.);
#5249=EDGE_CURVE('',#4350,#4350,#3850,.T.);
#5250=EDGE_CURVE('',#4351,#4351,#3851,.T.);
#5251=EDGE_CURVE('',#4351,#4352,#2406,.T.);
#5252=EDGE_CURVE('',#4352,#4352,#3852,.T.);
#5253=EDGE_CURVE('',#4353,#4353,#3853,.T.);
#5254=EDGE_CURVE('',#4353,#4354,#2407,.T.);
#5255=EDGE_CURVE('',#4354,#4354,#3854,.T.);
#5256=EDGE_CURVE('',#4355,#4355,#3855,.T.);
#5257=EDGE_CURVE('',#4355,#4356,#2408,.T.);
#5258=EDGE_CURVE('',#4356,#4356,#3856,.T.);
#5259=EDGE_CURVE('',#4357,#4357,#3857,.T.);
#5260=EDGE_CURVE('',#4357,#4358,#2409,.T.);
#5261=EDGE_CURVE('',#4358,#4358,#3858,.T.);
#5262=EDGE_CURVE('',#4359,#4359,#3859,.T.);
#5263=EDGE_CURVE('',#4359,#4360,#2410,.T.);
#5264=EDGE_CURVE('',#4360,#4360,#3860,.T.);
#5265=EDGE_CURVE('',#4361,#4361,#3861,.T.);
#5266=EDGE_CURVE('',#4361,#4362,#2411,.T.);
#5267=EDGE_CURVE('',#4362,#4362,#3862,.T.);
#5268=EDGE_CURVE('',#4363,#4364,#3863,.T.);
#5269=EDGE_CURVE('',#4364,#4365,#3864,.T.);
#5270=EDGE_CURVE('',#4365,#4365,#3865,.T.);
#5271=EDGE_CURVE('',#4364,#4363,#3866,.T.);
#5272=EDGE_CURVE('',#4366,#4367,#3867,.T.);
#5273=EDGE_CURVE('',#4366,#4363,#2412,.T.);
#5274=EDGE_CURVE('',#4367,#4366,#3868,.T.);
#5275=EDGE_CURVE('',#4368,#4368,#3869,.T.);
#5276=EDGE_CURVE('',#4368,#4367,#3870,.T.);
#5277=EDGE_CURVE('',#4369,#4369,#3871,.T.);
#5278=EDGE_CURVE('',#4369,#4370,#2413,.T.);
#5279=EDGE_CURVE('',#4370,#4370,#3872,.T.);
#5280=EDGE_CURVE('',#4371,#4371,#3873,.T.);
#5281=EDGE_CURVE('',#4371,#4372,#2414,.T.);
#5282=EDGE_CURVE('',#4372,#4372,#3874,.T.);
#5283=EDGE_CURVE('',#4373,#4373,#3875,.T.);
#5284=EDGE_CURVE('',#4373,#4374,#2415,.T.);
#5285=EDGE_CURVE('',#4374,#4374,#3876,.T.);
#5286=EDGE_CURVE('',#4375,#4375,#3877,.T.);
#5287=EDGE_CURVE('',#4375,#4376,#2416,.T.);
#5288=EDGE_CURVE('',#4376,#4376,#3878,.T.);
#5289=EDGE_CURVE('',#4377,#4377,#3879,.T.);
#5290=EDGE_CURVE('',#4377,#4378,#2417,.T.);
#5291=EDGE_CURVE('',#4378,#4378,#3880,.T.);
#5292=EDGE_CURVE('',#4379,#4379,#3881,.T.);
#5293=EDGE_CURVE('',#4379,#4380,#2418,.T.);
#5294=EDGE_CURVE('',#4380,#4380,#3882,.T.);
#5295=EDGE_CURVE('',#4381,#4381,#3883,.T.);
#5296=EDGE_CURVE('',#4381,#4382,#2419,.T.);
#5297=EDGE_CURVE('',#4382,#4382,#3884,.T.);
#5298=EDGE_CURVE('',#4383,#4383,#3885,.T.);
#5299=EDGE_CURVE('',#4383,#4384,#2420,.T.);
#5300=EDGE_CURVE('',#4384,#4384,#3886,.T.);
#5301=EDGE_CURVE('',#4385,#4385,#3887,.T.);
#5302=EDGE_CURVE('',#4385,#4386,#2421,.T.);
#5303=EDGE_CURVE('',#4386,#4386,#3888,.T.);
#5304=EDGE_CURVE('',#4387,#4387,#3889,.T.);
#5305=EDGE_CURVE('',#4387,#4388,#3890,.T.);
#5306=EDGE_CURVE('',#4388,#4389,#3891,.T.);
#5307=EDGE_CURVE('',#4389,#4388,#3892,.T.);
#5308=EDGE_CURVE('',#4390,#4391,#3893,.T.);
#5309=EDGE_CURVE('',#4390,#4389,#2422,.T.);
#5310=EDGE_CURVE('',#4391,#4390,#3894,.T.);
#5311=EDGE_CURVE('',#4392,#4392,#3895,.T.);
#5312=EDGE_CURVE('',#4392,#4391,#3896,.T.);
#5313=EDGE_CURVE('',#4393,#4393,#3897,.T.);
#5314=EDGE_CURVE('',#4393,#4394,#2423,.T.);
#5315=EDGE_CURVE('',#4394,#4394,#3898,.T.);
#5316=EDGE_CURVE('',#4395,#4395,#3899,.T.);
#5317=EDGE_CURVE('',#4395,#4396,#2424,.T.);
#5318=EDGE_CURVE('',#4396,#4396,#3900,.T.);
#5319=EDGE_CURVE('',#4397,#4397,#3901,.T.);
#5320=EDGE_CURVE('',#4397,#4398,#2425,.T.);
#5321=EDGE_CURVE('',#4398,#4398,#3902,.T.);
#5322=EDGE_CURVE('',#4399,#4399,#3903,.T.);
#5323=EDGE_CURVE('',#4399,#4400,#2426,.T.);
#5324=EDGE_CURVE('',#4400,#4400,#3904,.T.);
#5325=EDGE_CURVE('',#4401,#4401,#3905,.T.);
#5326=EDGE_CURVE('',#4401,#4402,#2427,.T.);
#5327=EDGE_CURVE('',#4402,#4402,#3906,.T.);
#5328=EDGE_CURVE('',#4403,#4403,#3907,.T.);
#5329=EDGE_CURVE('',#4403,#4404,#2428,.T.);
#5330=EDGE_CURVE('',#4404,#4404,#3908,.T.);
#5331=EDGE_CURVE('',#4405,#4405,#3909,.T.);
#5332=EDGE_CURVE('',#4405,#4406,#2429,.T.);
#5333=EDGE_CURVE('',#4406,#4406,#3910,.T.);
#5334=EDGE_CURVE('',#4407,#4407,#3911,.T.);
#5335=EDGE_CURVE('',#4407,#4408,#2430,.T.);
#5336=EDGE_CURVE('',#4408,#4408,#3912,.T.);
#5337=EDGE_CURVE('',#4409,#4409,#3913,.T.);
#5338=EDGE_CURVE('',#4409,#4410,#2431,.T.);
#5339=EDGE_CURVE('',#4410,#4410,#3914,.T.);
#5340=EDGE_CURVE('',#4411,#4412,#3915,.F.);
#5341=EDGE_CURVE('',#4413,#4411,#3916,.F.);
#5342=EDGE_CURVE('',#4412,#4413,#3917,.F.);
#5343=EDGE_CURVE('',#4414,#4415,#3918,.F.);
#5344=EDGE_CURVE('',#4416,#4414,#3919,.F.);
#5345=EDGE_CURVE('',#4415,#4416,#3920,.F.);
#5346=EDGE_CURVE('',#4417,#4418,#3921,.F.);
#5347=EDGE_CURVE('',#4419,#4417,#3922,.F.);
#5348=EDGE_CURVE('',#4418,#4419,#3923,.F.);
#5349=EDGE_CURVE('',#4420,#4421,#3924,.F.);
#5350=EDGE_CURVE('',#4422,#4420,#3925,.F.);
#5351=EDGE_CURVE('',#4421,#4422,#3926,.F.);
#5352=EDGE_CURVE('',#4423,#4424,#3927,.F.);
#5353=EDGE_CURVE('',#4425,#4423,#3928,.F.);
#5354=EDGE_CURVE('',#4424,#4425,#3929,.F.);
#5355=EDGE_CURVE('',#4423,#4418,#2432,.T.);
#5356=EDGE_CURVE('',#4419,#4425,#2433,.T.);
#5357=EDGE_CURVE('',#4426,#4427,#3930,.F.);
#5358=EDGE_CURVE('',#4428,#4426,#3931,.F.);
#5359=EDGE_CURVE('',#4427,#4428,#3932,.F.);
#5360=EDGE_CURVE('',#4429,#4430,#3933,.F.);
#5361=EDGE_CURVE('',#4431,#4429,#3934,.F.);
#5362=EDGE_CURVE('',#4430,#4431,#3935,.F.);
#5363=EDGE_CURVE('',#4417,#4431,#2434,.T.);
#5364=EDGE_CURVE('',#4429,#4419,#2435,.T.);
#5365=EDGE_CURVE('',#4420,#4430,#2436,.T.);
#5366=EDGE_CURVE('',#4431,#4422,#2437,.T.);
#5367=EDGE_CURVE('',#4432,#4433,#3936,.F.);
#5368=EDGE_CURVE('',#4434,#4432,#3937,.F.);
#5369=EDGE_CURVE('',#4433,#4434,#3938,.F.);
#5370=EDGE_CURVE('',#4432,#4424,#2438,.T.);
#5371=EDGE_CURVE('',#4425,#4434,#2439,.T.);
#5372=EDGE_CURVE('',#4430,#4433,#2440,.T.);
#5373=EDGE_CURVE('',#4434,#4429,#2441,.T.);
#5374=EDGE_CURVE('',#4426,#4432,#2442,.T.);
#5375=EDGE_CURVE('',#4433,#4428,#2443,.T.);
#5376=EDGE_CURVE('',#4421,#4427,#2444,.T.);
#5377=EDGE_CURVE('',#4428,#4420,#2445,.T.);
#5378=EDGE_CURVE('',#4427,#4415,#2446,.T.);
#5379=EDGE_CURVE('',#4416,#4426,#2447,.T.);
#5380=EDGE_CURVE('',#4414,#4423,#2448,.T.);
#5381=EDGE_CURVE('',#4424,#4416,#2449,.T.);
#5382=EDGE_CURVE('',#4412,#4421,#2450,.T.);
#5383=EDGE_CURVE('',#4422,#4411,#2451,.T.);
#5384=EDGE_CURVE('',#4411,#4417,#2452,.T.);
#5385=EDGE_CURVE('',#4418,#4413,#2453,.T.);
#5386=EDGE_CURVE('',#4415,#4412,#2454,.T.);
#5387=EDGE_CURVE('',#4413,#4414,#2455,.T.);
#5388=EDGE_CURVE('',#4435,#4436,#2456,.T.);
#5389=EDGE_CURVE('',#4436,#4437,#2457,.T.);
#5390=EDGE_CURVE('',#4438,#4437,#2458,.T.);
#5391=EDGE_CURVE('',#4435,#4438,#2459,.T.);
#5392=EDGE_CURVE('',#4439,#4435,#2460,.T.);
#5393=EDGE_CURVE('',#4440,#4438,#2461,.T.);
#5394=EDGE_CURVE('',#4439,#4440,#2462,.T.);
#5395=EDGE_CURVE('',#4441,#4439,#2463,.T.);
#5396=EDGE_CURVE('',#4442,#4440,#2464,.T.);
#5397=EDGE_CURVE('',#4441,#4442,#2465,.T.);
#5398=EDGE_CURVE('',#4436,#4441,#2466,.T.);
#5399=EDGE_CURVE('',#4437,#4442,#2467,.T.);
#5400=EDGE_CURVE('',#4443,#4444,#2468,.T.);
#5401=EDGE_CURVE('',#4444,#4445,#2469,.T.);
#5402=EDGE_CURVE('',#4446,#4445,#2470,.T.);
#5403=EDGE_CURVE('',#4443,#4446,#2471,.T.);
#5404=EDGE_CURVE('',#4447,#4443,#2472,.T.);
#5405=EDGE_CURVE('',#4448,#4446,#2473,.T.);
#5406=EDGE_CURVE('',#4447,#4448,#2474,.T.);
#5407=EDGE_CURVE('',#4449,#4447,#2475,.T.);
#5408=EDGE_CURVE('',#4450,#4448,#2476,.T.);
#5409=EDGE_CURVE('',#4449,#4450,#2477,.T.);
#5410=EDGE_CURVE('',#4444,#4449,#2478,.T.);
#5411=EDGE_CURVE('',#4445,#4450,#2479,.T.);
#5412=EDGE_CURVE('',#4451,#4452,#2480,.T.);
#5413=EDGE_CURVE('',#4452,#4453,#2481,.T.);
#5414=EDGE_CURVE('',#4454,#4453,#2482,.T.);
#5415=EDGE_CURVE('',#4451,#4454,#2483,.T.);
#5416=EDGE_CURVE('',#4455,#4451,#2484,.T.);
#5417=EDGE_CURVE('',#4456,#4454,#2485,.T.);
#5418=EDGE_CURVE('',#4455,#4456,#2486,.T.);
#5419=EDGE_CURVE('',#4457,#4455,#2487,.T.);
#5420=EDGE_CURVE('',#4458,#4456,#2488,.T.);
#5421=EDGE_CURVE('',#4457,#4458,#2489,.T.);
#5422=EDGE_CURVE('',#4452,#4457,#2490,.T.);
#5423=EDGE_CURVE('',#4453,#4458,#2491,.T.);
#5424=EDGE_CURVE('',#4459,#4460,#2492,.T.);
#5425=EDGE_CURVE('',#4460,#4461,#2493,.T.);
#5426=EDGE_CURVE('',#4462,#4461,#2494,.T.);
#5427=EDGE_CURVE('',#4459,#4462,#2495,.T.);
#5428=EDGE_CURVE('',#4463,#4459,#2496,.T.);
#5429=EDGE_CURVE('',#4464,#4462,#2497,.T.);
#5430=EDGE_CURVE('',#4463,#4464,#2498,.T.);
#5431=EDGE_CURVE('',#4465,#4463,#2499,.T.);
#5432=EDGE_CURVE('',#4466,#4464,#2500,.T.);
#5433=EDGE_CURVE('',#4465,#4466,#2501,.T.);
#5434=EDGE_CURVE('',#4460,#4465,#2502,.T.);
#5435=EDGE_CURVE('',#4461,#4466,#2503,.T.);
#5436=EDGE_CURVE('',#4467,#4468,#2504,.T.);
#5437=EDGE_CURVE('',#4468,#4469,#2505,.T.);
#5438=EDGE_CURVE('',#4470,#4469,#2506,.T.);
#5439=EDGE_CURVE('',#4467,#4470,#2507,.T.);
#5440=EDGE_CURVE('',#4471,#4467,#2508,.T.);
#5441=EDGE_CURVE('',#4472,#4470,#2509,.T.);
#5442=EDGE_CURVE('',#4471,#4472,#2510,.T.);
#5443=EDGE_CURVE('',#4473,#4471,#2511,.T.);
#5444=EDGE_CURVE('',#4474,#4472,#2512,.T.);
#5445=EDGE_CURVE('',#4473,#4474,#2513,.T.);
#5446=EDGE_CURVE('',#4468,#4473,#2514,.T.);
#5447=EDGE_CURVE('',#4469,#4474,#2515,.T.);
#5448=EDGE_CURVE('',#4475,#4476,#3939,.F.);
#5449=EDGE_CURVE('',#4477,#4475,#3940,.F.);
#5450=EDGE_CURVE('',#4476,#4477,#3941,.F.);
#5451=EDGE_CURVE('',#4478,#4479,#3942,.F.);
#5452=EDGE_CURVE('',#4480,#4478,#3943,.F.);
#5453=EDGE_CURVE('',#4479,#4480,#3944,.F.);
#5454=EDGE_CURVE('',#4481,#4482,#3945,.F.);
#5455=EDGE_CURVE('',#4483,#4481,#3946,.F.);
#5456=EDGE_CURVE('',#4482,#4483,#3947,.F.);
#5457=EDGE_CURVE('',#4484,#4485,#3948,.F.);
#5458=EDGE_CURVE('',#4486,#4484,#3949,.F.);
#5459=EDGE_CURVE('',#4485,#4486,#3950,.F.);
#5460=EDGE_CURVE('',#4487,#4488,#3951,.F.);
#5461=EDGE_CURVE('',#4489,#4487,#3952,.F.);
#5462=EDGE_CURVE('',#4488,#4489,#3953,.F.);
#5463=EDGE_CURVE('',#4487,#4482,#2516,.T.);
#5464=EDGE_CURVE('',#4483,#4489,#2517,.T.);
#5465=EDGE_CURVE('',#4490,#4491,#3954,.F.);
#5466=EDGE_CURVE('',#4492,#4490,#3955,.F.);
#5467=EDGE_CURVE('',#4491,#4492,#3956,.F.);
#5468=EDGE_CURVE('',#4493,#4494,#3957,.F.);
#5469=EDGE_CURVE('',#4495,#4493,#3958,.F.);
#5470=EDGE_CURVE('',#4494,#4495,#3959,.F.);
#5471=EDGE_CURVE('',#4481,#4495,#2518,.T.);
#5472=EDGE_CURVE('',#4493,#4483,#2519,.T.);
#5473=EDGE_CURVE('',#4484,#4494,#2520,.T.);
#5474=EDGE_CURVE('',#4495,#4486,#2521,.T.);
#5475=EDGE_CURVE('',#4496,#4497,#3960,.F.);
#5476=EDGE_CURVE('',#4498,#4496,#3961,.F.);
#5477=EDGE_CURVE('',#4497,#4498,#3962,.F.);
#5478=EDGE_CURVE('',#4496,#4488,#2522,.T.);
#5479=EDGE_CURVE('',#4489,#4498,#2523,.T.);
#5480=EDGE_CURVE('',#4494,#4497,#2524,.T.);
#5481=EDGE_CURVE('',#4498,#4493,#2525,.T.);
#5482=EDGE_CURVE('',#4490,#4496,#2526,.T.);
#5483=EDGE_CURVE('',#4497,#4492,#2527,.T.);
#5484=EDGE_CURVE('',#4485,#4491,#2528,.T.);
#5485=EDGE_CURVE('',#4492,#4484,#2529,.T.);
#5486=EDGE_CURVE('',#4491,#4479,#2530,.T.);
#5487=EDGE_CURVE('',#4480,#4490,#2531,.T.);
#5488=EDGE_CURVE('',#4478,#4487,#2532,.T.);
#5489=EDGE_CURVE('',#4488,#4480,#2533,.T.);
#5490=EDGE_CURVE('',#4476,#4485,#2534,.T.);
#5491=EDGE_CURVE('',#4486,#4475,#2535,.T.);
#5492=EDGE_CURVE('',#4475,#4481,#2536,.T.);
#5493=EDGE_CURVE('',#4482,#4477,#2537,.T.);
#5494=EDGE_CURVE('',#4479,#4476,#2538,.T.);
#5495=EDGE_CURVE('',#4477,#4478,#2539,.T.);
#5496=EDGE_CURVE('',#4499,#4500,#2540,.T.);
#5497=EDGE_CURVE('',#4500,#4501,#2541,.T.);
#5498=EDGE_CURVE('',#4502,#4501,#2542,.T.);
#5499=EDGE_CURVE('',#4499,#4502,#2543,.T.);
#5500=EDGE_CURVE('',#4503,#4499,#2544,.T.);
#5501=EDGE_CURVE('',#4504,#4502,#2545,.T.);
#5502=EDGE_CURVE('',#4503,#4504,#2546,.T.);
#5503=EDGE_CURVE('',#4505,#4503,#2547,.T.);
#5504=EDGE_CURVE('',#4506,#4504,#2548,.T.);
#5505=EDGE_CURVE('',#4505,#4506,#2549,.T.);
#5506=EDGE_CURVE('',#4500,#4505,#2550,.T.);
#5507=EDGE_CURVE('',#4501,#4506,#2551,.T.);
#5508=EDGE_CURVE('',#4507,#4507,#3963,.T.);
#5509=EDGE_CURVE('',#4507,#4508,#2552,.T.);
#5510=EDGE_CURVE('',#4508,#4508,#3964,.T.);
#5511=EDGE_CURVE('',#4509,#4509,#3965,.T.);
#5512=EDGE_CURVE('',#4509,#4510,#2553,.T.);
#5513=EDGE_CURVE('',#4510,#4510,#3966,.T.);
#5514=EDGE_CURVE('',#4511,#4512,#3967,.F.);
#5515=EDGE_CURVE('',#4513,#4511,#3968,.F.);
#5516=EDGE_CURVE('',#4512,#4513,#3969,.F.);
#5517=EDGE_CURVE('',#4514,#4515,#3970,.F.);
#5518=EDGE_CURVE('',#4516,#4514,#3971,.F.);
#5519=EDGE_CURVE('',#4515,#4516,#3972,.F.);
#5520=EDGE_CURVE('',#4517,#4518,#3973,.F.);
#5521=EDGE_CURVE('',#4519,#4517,#3974,.F.);
#5522=EDGE_CURVE('',#4518,#4519,#3975,.F.);
#5523=EDGE_CURVE('',#4520,#4521,#3976,.F.);
#5524=EDGE_CURVE('',#4522,#4520,#3977,.F.);
#5525=EDGE_CURVE('',#4521,#4522,#3978,.F.);
#5526=EDGE_CURVE('',#4523,#4524,#3979,.F.);
#5527=EDGE_CURVE('',#4525,#4523,#3980,.F.);
#5528=EDGE_CURVE('',#4524,#4525,#3981,.F.);
#5529=EDGE_CURVE('',#4523,#4518,#2554,.T.);
#5530=EDGE_CURVE('',#4519,#4525,#2555,.T.);
#5531=EDGE_CURVE('',#4526,#4527,#3982,.F.);
#5532=EDGE_CURVE('',#4528,#4526,#3983,.F.);
#5533=EDGE_CURVE('',#4527,#4528,#3984,.F.);
#5534=EDGE_CURVE('',#4529,#4530,#3985,.F.);
#5535=EDGE_CURVE('',#4531,#4529,#3986,.F.);
#5536=EDGE_CURVE('',#4530,#4531,#3987,.F.);
#5537=EDGE_CURVE('',#4517,#4531,#2556,.T.);
#5538=EDGE_CURVE('',#4529,#4519,#2557,.T.);
#5539=EDGE_CURVE('',#4520,#4530,#2558,.T.);
#5540=EDGE_CURVE('',#4531,#4522,#2559,.T.);
#5541=EDGE_CURVE('',#4532,#4533,#3988,.F.);
#5542=EDGE_CURVE('',#4534,#4532,#3989,.F.);
#5543=EDGE_CURVE('',#4533,#4534,#3990,.F.);
#5544=EDGE_CURVE('',#4532,#4524,#2560,.T.);
#5545=EDGE_CURVE('',#4525,#4534,#2561,.T.);
#5546=EDGE_CURVE('',#4530,#4533,#2562,.T.);
#5547=EDGE_CURVE('',#4534,#4529,#2563,.T.);
#5548=EDGE_CURVE('',#4526,#4532,#2564,.T.);
#5549=EDGE_CURVE('',#4533,#4528,#2565,.T.);
#5550=EDGE_CURVE('',#4521,#4527,#2566,.T.);
#5551=EDGE_CURVE('',#4528,#4520,#2567,.T.);
#5552=EDGE_CURVE('',#4527,#4515,#2568,.T.);
#5553=EDGE_CURVE('',#4516,#4526,#2569,.T.);
#5554=EDGE_CURVE('',#4514,#4523,#2570,.T.);
#5555=EDGE_CURVE('',#4524,#4516,#2571,.T.);
#5556=EDGE_CURVE('',#4512,#4521,#2572,.T.);
#5557=EDGE_CURVE('',#4522,#4511,#2573,.T.);
#5558=EDGE_CURVE('',#4511,#4517,#2574,.T.);
#5559=EDGE_CURVE('',#4518,#4513,#2575,.T.);
#5560=EDGE_CURVE('',#4515,#4512,#2576,.T.);
#5561=EDGE_CURVE('',#4513,#4514,#2577,.T.);
#5562=EDGE_CURVE('',#4535,#4536,#2578,.T.);
#5563=EDGE_CURVE('',#4536,#4537,#2579,.T.);
#5564=EDGE_CURVE('',#4538,#4537,#2580,.T.);
#5565=EDGE_CURVE('',#4535,#4538,#2581,.T.);
#5566=EDGE_CURVE('',#4539,#4535,#2582,.T.);
#5567=EDGE_CURVE('',#4540,#4538,#2583,.T.);
#5568=EDGE_CURVE('',#4539,#4540,#2584,.T.);
#5569=EDGE_CURVE('',#4541,#4539,#2585,.T.);
#5570=EDGE_CURVE('',#4542,#4540,#2586,.T.);
#5571=EDGE_CURVE('',#4541,#4542,#2587,.T.);
#5572=EDGE_CURVE('',#4536,#4541,#2588,.T.);
#5573=EDGE_CURVE('',#4537,#4542,#2589,.T.);
#5574=EDGE_CURVE('',#4543,#4543,#3991,.T.);
#5575=EDGE_CURVE('',#4543,#4544,#2590,.T.);
#5576=EDGE_CURVE('',#4544,#4544,#3992,.T.);
#5577=EDGE_CURVE('',#4545,#4545,#3993,.T.);
#5578=EDGE_CURVE('',#4545,#4546,#2591,.T.);
#5579=EDGE_CURVE('',#4546,#4546,#3994,.T.);
#5580=EDGE_CURVE('',#4547,#4548,#2592,.T.);
#5581=EDGE_CURVE('',#4548,#4549,#2593,.T.);
#5582=EDGE_CURVE('',#4550,#4549,#2594,.T.);
#5583=EDGE_CURVE('',#4547,#4550,#2595,.T.);
#5584=EDGE_CURVE('',#4551,#4547,#2596,.T.);
#5585=EDGE_CURVE('',#4552,#4550,#2597,.T.);
#5586=EDGE_CURVE('',#4551,#4552,#2598,.T.);
#5587=EDGE_CURVE('',#4553,#4551,#2599,.T.);
#5588=EDGE_CURVE('',#4554,#4552,#2600,.T.);
#5589=EDGE_CURVE('',#4553,#4554,#2601,.T.);
#5590=EDGE_CURVE('',#4548,#4553,#2602,.T.);
#5591=EDGE_CURVE('',#4549,#4554,#2603,.T.);
#5592=EDGE_CURVE('',#4555,#4556,#2604,.T.);
#5593=EDGE_CURVE('',#4556,#4557,#2605,.T.);
#5594=EDGE_CURVE('',#4558,#4557,#2606,.T.);
#5595=EDGE_CURVE('',#4555,#4558,#2607,.T.);
#5596=EDGE_CURVE('',#4559,#4555,#2608,.T.);
#5597=EDGE_CURVE('',#4560,#4558,#2609,.T.);
#5598=EDGE_CURVE('',#4559,#4560,#2610,.T.);
#5599=EDGE_CURVE('',#4561,#4559,#2611,.T.);
#5600=EDGE_CURVE('',#4562,#4560,#2612,.T.);
#5601=EDGE_CURVE('',#4561,#4562,#2613,.T.);
#5602=EDGE_CURVE('',#4556,#4561,#2614,.T.);
#5603=EDGE_CURVE('',#4557,#4562,#2615,.T.);
#5604=EDGE_CURVE('',#4563,#4563,#3995,.T.);
#5605=EDGE_CURVE('',#4563,#4564,#2616,.T.);
#5606=EDGE_CURVE('',#4564,#4564,#3996,.T.);
#5607=EDGE_CURVE('',#4565,#4566,#3997,.F.);
#5608=EDGE_CURVE('',#4567,#4565,#3998,.F.);
#5609=EDGE_CURVE('',#4566,#4567,#3999,.F.);
#5610=EDGE_CURVE('',#4568,#4569,#4000,.F.);
#5611=EDGE_CURVE('',#4570,#4568,#4001,.F.);
#5612=EDGE_CURVE('',#4569,#4570,#4002,.F.);
#5613=EDGE_CURVE('',#4571,#4572,#4003,.F.);
#5614=EDGE_CURVE('',#4573,#4571,#4004,.F.);
#5615=EDGE_CURVE('',#4572,#4573,#4005,.F.);
#5616=EDGE_CURVE('',#4574,#4575,#4006,.F.);
#5617=EDGE_CURVE('',#4576,#4574,#4007,.F.);
#5618=EDGE_CURVE('',#4575,#4576,#4008,.F.);
#5619=EDGE_CURVE('',#4577,#4578,#4009,.F.);
#5620=EDGE_CURVE('',#4579,#4577,#4010,.F.);
#5621=EDGE_CURVE('',#4578,#4579,#4011,.F.);
#5622=EDGE_CURVE('',#4577,#4572,#2617,.T.);
#5623=EDGE_CURVE('',#4573,#4579,#2618,.T.);
#5624=EDGE_CURVE('',#4580,#4581,#4012,.F.);
#5625=EDGE_CURVE('',#4582,#4580,#4013,.F.);
#5626=EDGE_CURVE('',#4581,#4582,#4014,.F.);
#5627=EDGE_CURVE('',#4583,#4584,#4015,.F.);
#5628=EDGE_CURVE('',#4585,#4583,#4016,.F.);
#5629=EDGE_CURVE('',#4584,#4585,#4017,.F.);
#5630=EDGE_CURVE('',#4571,#4585,#2619,.T.);
#5631=EDGE_CURVE('',#4583,#4573,#2620,.T.);
#5632=EDGE_CURVE('',#4574,#4584,#2621,.T.);
#5633=EDGE_CURVE('',#4585,#4576,#2622,.T.);
#5634=EDGE_CURVE('',#4586,#4587,#4018,.F.);
#5635=EDGE_CURVE('',#4588,#4586,#4019,.F.);
#5636=EDGE_CURVE('',#4587,#4588,#4020,.F.);
#5637=EDGE_CURVE('',#4586,#4578,#2623,.T.);
#5638=EDGE_CURVE('',#4579,#4588,#2624,.T.);
#5639=EDGE_CURVE('',#4584,#4587,#2625,.T.);
#5640=EDGE_CURVE('',#4588,#4583,#2626,.T.);
#5641=EDGE_CURVE('',#4580,#4586,#2627,.T.);
#5642=EDGE_CURVE('',#4587,#4582,#2628,.T.);
#5643=EDGE_CURVE('',#4575,#4581,#2629,.T.);
#5644=EDGE_CURVE('',#4582,#4574,#2630,.T.);
#5645=EDGE_CURVE('',#4581,#4569,#2631,.T.);
#5646=EDGE_CURVE('',#4570,#4580,#2632,.T.);
#5647=EDGE_CURVE('',#4568,#4577,#2633,.T.);
#5648=EDGE_CURVE('',#4578,#4570,#2634,.T.);
#5649=EDGE_CURVE('',#4566,#4575,#2635,.T.);
#5650=EDGE_CURVE('',#4576,#4565,#2636,.T.);
#5651=EDGE_CURVE('',#4565,#4571,#2637,.T.);
#5652=EDGE_CURVE('',#4572,#4567,#2638,.T.);
#5653=EDGE_CURVE('',#4569,#4566,#2639,.T.);
#5654=EDGE_CURVE('',#4567,#4568,#2640,.T.);
#5655=EDGE_CURVE('',#4589,#4590,#2641,.T.);
#5656=EDGE_CURVE('',#4590,#4591,#2642,.T.);
#5657=EDGE_CURVE('',#4592,#4591,#2643,.T.);
#5658=EDGE_CURVE('',#4589,#4592,#2644,.T.);
#5659=EDGE_CURVE('',#4593,#4589,#2645,.T.);
#5660=EDGE_CURVE('',#4594,#4592,#2646,.T.);
#5661=EDGE_CURVE('',#4593,#4594,#2647,.T.);
#5662=EDGE_CURVE('',#4595,#4593,#2648,.T.);
#5663=EDGE_CURVE('',#4596,#4594,#2649,.T.);
#5664=EDGE_CURVE('',#4595,#4596,#2650,.T.);
#5665=EDGE_CURVE('',#4590,#4595,#2651,.T.);
#5666=EDGE_CURVE('',#4591,#4596,#2652,.T.);
#5667=EDGE_CURVE('',#4597,#4598,#2653,.T.);
#5668=EDGE_CURVE('',#4598,#4599,#2654,.T.);
#5669=EDGE_CURVE('',#4600,#4599,#2655,.T.);
#5670=EDGE_CURVE('',#4597,#4600,#2656,.T.);
#5671=EDGE_CURVE('',#4601,#4597,#2657,.T.);
#5672=EDGE_CURVE('',#4602,#4600,#2658,.T.);
#5673=EDGE_CURVE('',#4601,#4602,#2659,.T.);
#5674=EDGE_CURVE('',#4603,#4601,#2660,.T.);
#5675=EDGE_CURVE('',#4604,#4602,#2661,.T.);
#5676=EDGE_CURVE('',#4603,#4604,#2662,.T.);
#5677=EDGE_CURVE('',#4598,#4603,#2663,.T.);
#5678=EDGE_CURVE('',#4599,#4604,#2664,.T.);
#5679=EDGE_CURVE('',#4605,#4606,#4021,.F.);
#5680=EDGE_CURVE('',#4607,#4605,#4022,.F.);
#5681=EDGE_CURVE('',#4606,#4607,#4023,.F.);
#5682=EDGE_CURVE('',#4608,#4609,#4024,.F.);
#5683=EDGE_CURVE('',#4610,#4608,#4025,.F.);
#5684=EDGE_CURVE('',#4609,#4610,#4026,.F.);
#5685=EDGE_CURVE('',#4611,#4612,#4027,.F.);
#5686=EDGE_CURVE('',#4613,#4611,#4028,.F.);
#5687=EDGE_CURVE('',#4612,#4613,#4029,.F.);
#5688=EDGE_CURVE('',#4614,#4615,#4030,.F.);
#5689=EDGE_CURVE('',#4616,#4614,#4031,.F.);
#5690=EDGE_CURVE('',#4615,#4616,#4032,.F.);
#5691=EDGE_CURVE('',#4617,#4618,#4033,.F.);
#5692=EDGE_CURVE('',#4619,#4617,#4034,.F.);
#5693=EDGE_CURVE('',#4618,#4619,#4035,.F.);
#5694=EDGE_CURVE('',#4617,#4612,#2665,.T.);
#5695=EDGE_CURVE('',#4613,#4619,#2666,.T.);
#5696=EDGE_CURVE('',#4620,#4621,#4036,.F.);
#5697=EDGE_CURVE('',#4622,#4620,#4037,.F.);
#5698=EDGE_CURVE('',#4621,#4622,#4038,.F.);
#5699=EDGE_CURVE('',#4623,#4624,#4039,.F.);
#5700=EDGE_CURVE('',#4625,#4623,#4040,.F.);
#5701=EDGE_CURVE('',#4624,#4625,#4041,.F.);
#5702=EDGE_CURVE('',#4611,#4625,#2667,.T.);
#5703=EDGE_CURVE('',#4623,#4613,#2668,.T.);
#5704=EDGE_CURVE('',#4614,#4624,#2669,.T.);
#5705=EDGE_CURVE('',#4625,#4616,#2670,.T.);
#5706=EDGE_CURVE('',#4626,#4627,#4042,.F.);
#5707=EDGE_CURVE('',#4628,#4626,#4043,.F.);
#5708=EDGE_CURVE('',#4627,#4628,#4044,.F.);
#5709=EDGE_CURVE('',#4626,#4618,#2671,.T.);
#5710=EDGE_CURVE('',#4619,#4628,#2672,.T.);
#5711=EDGE_CURVE('',#4624,#4627,#2673,.T.);
#5712=EDGE_CURVE('',#4628,#4623,#2674,.T.);
#5713=EDGE_CURVE('',#4620,#4626,#2675,.T.);
#5714=EDGE_CURVE('',#4627,#4622,#2676,.T.);
#5715=EDGE_CURVE('',#4615,#4621,#2677,.T.);
#5716=EDGE_CURVE('',#4622,#4614,#2678,.T.);
#5717=EDGE_CURVE('',#4621,#4609,#2679,.T.);
#5718=EDGE_CURVE('',#4610,#4620,#2680,.T.);
#5719=EDGE_CURVE('',#4608,#4617,#2681,.T.);
#5720=EDGE_CURVE('',#4618,#4610,#2682,.T.);
#5721=EDGE_CURVE('',#4606,#4615,#2683,.T.);
#5722=EDGE_CURVE('',#4616,#4605,#2684,.T.);
#5723=EDGE_CURVE('',#4605,#4611,#2685,.T.);
#5724=EDGE_CURVE('',#4612,#4607,#2686,.T.);
#5725=EDGE_CURVE('',#4609,#4606,#2687,.T.);
#5726=EDGE_CURVE('',#4607,#4608,#2688,.T.);
#5727=EDGE_CURVE('',#4629,#4630,#2689,.T.);
#5728=EDGE_CURVE('',#4630,#4631,#2690,.T.);
#5729=EDGE_CURVE('',#4632,#4631,#2691,.T.);
#5730=EDGE_CURVE('',#4629,#4632,#2692,.T.);
#5731=EDGE_CURVE('',#4633,#4629,#2693,.T.);
#5732=EDGE_CURVE('',#4634,#4632,#2694,.T.);
#5733=EDGE_CURVE('',#4633,#4634,#2695,.T.);
#5734=EDGE_CURVE('',#4635,#4633,#2696,.T.);
#5735=EDGE_CURVE('',#4636,#4634,#2697,.T.);
#5736=EDGE_CURVE('',#4635,#4636,#2698,.T.);
#5737=EDGE_CURVE('',#4630,#4635,#2699,.T.);
#5738=EDGE_CURVE('',#4631,#4636,#2700,.T.);
#5739=EDGE_CURVE('',#4637,#4637,#4045,.T.);
#5740=EDGE_CURVE('',#4637,#4638,#2701,.T.);
#5741=EDGE_CURVE('',#4638,#4638,#4046,.T.);
#5742=EDGE_CURVE('',#4639,#4639,#4047,.T.);
#5743=EDGE_CURVE('',#4639,#4640,#2702,.T.);
#5744=EDGE_CURVE('',#4640,#4640,#4048,.T.);
#5745=EDGE_CURVE('',#4641,#4641,#4049,.T.);
#5746=EDGE_CURVE('',#4641,#4642,#2703,.T.);
#5747=EDGE_CURVE('',#4642,#4642,#4050,.T.);
#5748=EDGE_CURVE('',#4643,#4644,#2704,.T.);
#5749=EDGE_CURVE('',#4644,#4645,#2705,.T.);
#5750=EDGE_CURVE('',#4646,#4645,#2706,.T.);
#5751=EDGE_CURVE('',#4643,#4646,#2707,.T.);
#5752=EDGE_CURVE('',#4647,#4643,#2708,.T.);
#5753=EDGE_CURVE('',#4648,#4646,#2709,.T.);
#5754=EDGE_CURVE('',#4647,#4648,#2710,.T.);
#5755=EDGE_CURVE('',#4649,#4647,#2711,.T.);
#5756=EDGE_CURVE('',#4650,#4648,#2712,.T.);
#5757=EDGE_CURVE('',#4649,#4650,#2713,.T.);
#5758=EDGE_CURVE('',#4644,#4649,#2714,.T.);
#5759=EDGE_CURVE('',#4645,#4650,#2715,.T.);
#5760=EDGE_CURVE('',#4651,#4651,#4051,.T.);
#5761=EDGE_CURVE('',#4651,#4652,#2716,.T.);
#5762=EDGE_CURVE('',#4652,#4652,#4052,.T.);
#5763=EDGE_CURVE('',#4653,#4653,#4053,.T.);
#5764=EDGE_CURVE('',#4653,#4654,#2717,.T.);
#5765=EDGE_CURVE('',#4654,#4654,#4054,.T.);
#5766=EDGE_CURVE('',#4655,#4655,#4055,.T.);
#5767=EDGE_CURVE('',#4655,#4656,#2718,.T.);
#5768=EDGE_CURVE('',#4656,#4656,#4056,.T.);
#5769=EDGE_CURVE('',#4657,#4658,#2719,.T.);
#5770=EDGE_CURVE('',#4658,#4659,#2720,.T.);
#5771=EDGE_CURVE('',#4660,#4659,#2721,.T.);
#5772=EDGE_CURVE('',#4657,#4660,#2722,.T.);
#5773=EDGE_CURVE('',#4661,#4657,#2723,.T.);
#5774=EDGE_CURVE('',#4662,#4660,#2724,.T.);
#5775=EDGE_CURVE('',#4661,#4662,#2725,.T.);
#5776=EDGE_CURVE('',#4663,#4661,#2726,.T.);
#5777=EDGE_CURVE('',#4664,#4662,#2727,.T.);
#5778=EDGE_CURVE('',#4663,#4664,#2728,.T.);
#5779=EDGE_CURVE('',#4658,#4663,#2729,.T.);
#5780=EDGE_CURVE('',#4659,#4664,#2730,.T.);
#5781=EDGE_CURVE('',#4665,#4665,#4057,.T.);
#5782=EDGE_CURVE('',#4665,#4666,#2731,.T.);
#5783=EDGE_CURVE('',#4666,#4666,#4058,.T.);
#5784=EDGE_CURVE('',#4667,#4667,#4059,.T.);
#5785=EDGE_CURVE('',#4667,#4668,#2732,.T.);
#5786=EDGE_CURVE('',#4668,#4668,#4060,.T.);
#5787=EDGE_CURVE('',#4669,#4669,#4061,.T.);
#5788=EDGE_CURVE('',#4669,#4670,#2733,.T.);
#5789=EDGE_CURVE('',#4670,#4670,#4062,.T.);
#5790=EDGE_CURVE('',#4671,#4672,#2734,.T.);
#5791=EDGE_CURVE('',#4672,#4673,#2735,.T.);
#5792=EDGE_CURVE('',#4674,#4673,#2736,.T.);
#5793=EDGE_CURVE('',#4671,#4674,#2737,.T.);
#5794=EDGE_CURVE('',#4675,#4671,#2738,.T.);
#5795=EDGE_CURVE('',#4676,#4674,#2739,.T.);
#5796=EDGE_CURVE('',#4675,#4676,#2740,.T.);
#5797=EDGE_CURVE('',#4677,#4675,#2741,.T.);
#5798=EDGE_CURVE('',#4678,#4676,#2742,.T.);
#5799=EDGE_CURVE('',#4677,#4678,#2743,.T.);
#5800=EDGE_CURVE('',#4672,#4677,#2744,.T.);
#5801=EDGE_CURVE('',#4673,#4678,#2745,.T.);
#5802=EDGE_CURVE('',#4679,#4679,#4063,.T.);
#5803=EDGE_CURVE('',#4679,#4680,#2746,.T.);
#5804=EDGE_CURVE('',#4680,#4680,#4064,.T.);
#5805=EDGE_CURVE('',#4681,#4681,#4065,.T.);
#5806=EDGE_CURVE('',#4681,#4682,#2747,.T.);
#5807=EDGE_CURVE('',#4682,#4682,#4066,.T.);
#5808=EDGE_CURVE('',#4683,#4683,#4067,.T.);
#5809=EDGE_CURVE('',#4683,#4684,#2748,.T.);
#5810=EDGE_CURVE('',#4684,#4684,#4068,.T.);
#5811=EDGE_CURVE('',#4685,#4685,#4069,.T.);
#5812=EDGE_CURVE('',#4685,#4686,#2749,.T.);
#5813=EDGE_CURVE('',#4686,#4686,#4070,.T.);
#5814=EDGE_CURVE('',#4687,#4688,#4071,.T.);
#5815=EDGE_CURVE('',#4689,#4687,#2750,.T.);
#5816=EDGE_CURVE('',#4690,#4689,#4072,.T.);
#5817=EDGE_CURVE('',#4688,#4690,#2751,.T.);
#5818=EDGE_CURVE('',#4691,#4692,#4073,.T.);
#5819=EDGE_CURVE('',#4687,#4692,#2752,.T.);
#5820=EDGE_CURVE('',#4688,#4691,#2753,.T.);
#5821=EDGE_CURVE('',#4693,#4691,#2754,.T.);
#5822=EDGE_CURVE('',#4693,#4690,#2755,.T.);
#5823=EDGE_CURVE('',#4694,#4693,#4074,.T.);
#5824=EDGE_CURVE('',#4694,#4689,#2756,.T.);
#5825=EDGE_CURVE('',#4692,#4694,#2757,.T.);
#5826=EDGE_CURVE('',#4695,#4696,#4075,.T.);
#5827=EDGE_CURVE('',#4697,#4695,#2758,.T.);
#5828=EDGE_CURVE('',#4698,#4697,#4076,.T.);
#5829=EDGE_CURVE('',#4696,#4698,#2759,.T.);
#5830=EDGE_CURVE('',#4699,#4700,#4077,.T.);
#5831=EDGE_CURVE('',#4695,#4700,#2760,.T.);
#5832=EDGE_CURVE('',#4696,#4699,#2761,.T.);
#5833=EDGE_CURVE('',#4701,#4699,#2762,.T.);
#5834=EDGE_CURVE('',#4701,#4698,#2763,.T.);
#5835=EDGE_CURVE('',#4702,#4701,#4078,.T.);
#5836=EDGE_CURVE('',#4702,#4697,#2764,.T.);
#5837=EDGE_CURVE('',#4700,#4702,#2765,.T.);
#5838=EDGE_CURVE('',#4703,#4704,#2766,.T.);
#5839=EDGE_CURVE('',#4704,#4705,#2767,.T.);
#5840=EDGE_CURVE('',#4706,#4705,#2768,.T.);
#5841=EDGE_CURVE('',#4703,#4706,#2769,.T.);
#5842=EDGE_CURVE('',#4707,#4703,#2770,.T.);
#5843=EDGE_CURVE('',#4708,#4706,#2771,.T.);
#5844=EDGE_CURVE('',#4707,#4708,#2772,.T.);
#5845=EDGE_CURVE('',#4709,#4707,#2773,.T.);
#5846=EDGE_CURVE('',#4710,#4708,#2774,.T.);
#5847=EDGE_CURVE('',#4709,#4710,#2775,.T.);
#5848=EDGE_CURVE('',#4704,#4709,#2776,.T.);
#5849=EDGE_CURVE('',#4705,#4710,#2777,.T.);
#5850=EDGE_CURVE('',#4711,#4712,#2778,.T.);
#5851=EDGE_CURVE('',#4712,#4713,#2779,.T.);
#5852=EDGE_CURVE('',#4714,#4713,#2780,.T.);
#5853=EDGE_CURVE('',#4711,#4714,#2781,.T.);
#5854=EDGE_CURVE('',#4715,#4711,#2782,.T.);
#5855=EDGE_CURVE('',#4716,#4714,#2783,.T.);
#5856=EDGE_CURVE('',#4715,#4716,#2784,.T.);
#5857=EDGE_CURVE('',#4717,#4715,#2785,.T.);
#5858=EDGE_CURVE('',#4718,#4716,#2786,.T.);
#5859=EDGE_CURVE('',#4717,#4718,#2787,.T.);
#5860=EDGE_CURVE('',#4712,#4717,#2788,.T.);
#5861=EDGE_CURVE('',#4713,#4718,#2789,.T.);
#5862=EDGE_CURVE('',#4719,#4720,#2790,.T.);
#5863=EDGE_CURVE('',#4720,#4721,#2791,.T.);
#5864=EDGE_CURVE('',#4722,#4721,#2792,.T.);
#5865=EDGE_CURVE('',#4719,#4722,#2793,.T.);
#5866=EDGE_CURVE('',#4723,#4719,#2794,.T.);
#5867=EDGE_CURVE('',#4724,#4722,#2795,.T.);
#5868=EDGE_CURVE('',#4723,#4724,#2796,.T.);
#5869=EDGE_CURVE('',#4725,#4723,#2797,.T.);
#5870=EDGE_CURVE('',#4726,#4724,#2798,.T.);
#5871=EDGE_CURVE('',#4725,#4726,#2799,.T.);
#5872=EDGE_CURVE('',#4720,#4725,#2800,.T.);
#5873=EDGE_CURVE('',#4721,#4726,#2801,.T.);
#5874=EDGE_CURVE('',#4727,#4728,#2802,.T.);
#5875=EDGE_CURVE('',#4728,#4729,#2803,.T.);
#5876=EDGE_CURVE('',#4730,#4729,#2804,.T.);
#5877=EDGE_CURVE('',#4727,#4730,#2805,.T.);
#5878=EDGE_CURVE('',#4731,#4727,#2806,.T.);
#5879=EDGE_CURVE('',#4732,#4730,#2807,.T.);
#5880=EDGE_CURVE('',#4731,#4732,#2808,.T.);
#5881=EDGE_CURVE('',#4733,#4731,#2809,.T.);
#5882=EDGE_CURVE('',#4734,#4732,#2810,.T.);
#5883=EDGE_CURVE('',#4733,#4734,#2811,.T.);
#5884=EDGE_CURVE('',#4728,#4733,#2812,.T.);
#5885=EDGE_CURVE('',#4729,#4734,#2813,.T.);
#5886=EDGE_CURVE('',#4735,#4736,#2814,.T.);
#5887=EDGE_CURVE('',#4736,#4737,#2815,.T.);
#5888=EDGE_CURVE('',#4738,#4737,#2816,.T.);
#5889=EDGE_CURVE('',#4735,#4738,#2817,.T.);
#5890=EDGE_CURVE('',#4739,#4735,#2818,.T.);
#5891=EDGE_CURVE('',#4740,#4738,#2819,.T.);
#5892=EDGE_CURVE('',#4739,#4740,#2820,.T.);
#5893=EDGE_CURVE('',#4741,#4739,#3683,.T.);
#5894=EDGE_CURVE('',#4742,#4740,#3684,.T.);
#5895=EDGE_CURVE('',#4741,#4742,#2821,.T.);
#5896=EDGE_CURVE('',#4743,#4741,#3685,.T.);
#5897=EDGE_CURVE('',#4744,#4742,#3686,.T.);
#5898=EDGE_CURVE('',#4743,#4744,#2822,.T.);
#5899=EDGE_CURVE('',#4745,#4743,#3687,.T.);
#5900=EDGE_CURVE('',#4746,#4744,#3688,.T.);
#5901=EDGE_CURVE('',#4745,#4746,#2823,.T.);
#5902=EDGE_CURVE('',#4747,#4745,#3689,.T.);
#5903=EDGE_CURVE('',#4748,#4746,#3690,.T.);
#5904=EDGE_CURVE('',#4747,#4748,#2824,.T.);
#5905=EDGE_CURVE('',#4749,#4747,#2825,.T.);
#5906=EDGE_CURVE('',#4750,#4748,#2826,.T.);
#5907=EDGE_CURVE('',#4749,#4750,#2827,.T.);
#5908=EDGE_CURVE('',#4751,#4749,#3691,.T.);
#5909=EDGE_CURVE('',#4752,#4750,#3692,.T.);
#5910=EDGE_CURVE('',#4751,#4752,#2828,.T.);
#5911=EDGE_CURVE('',#4753,#4751,#3693,.T.);
#5912=EDGE_CURVE('',#4754,#4752,#3694,.T.);
#5913=EDGE_CURVE('',#4753,#4754,#2829,.T.);
#5914=EDGE_CURVE('',#4755,#4753,#3695,.T.);
#5915=EDGE_CURVE('',#4756,#4754,#3696,.T.);
#5916=EDGE_CURVE('',#4755,#4756,#2830,.T.);
#5917=EDGE_CURVE('',#4757,#4755,#2831,.T.);
#5918=EDGE_CURVE('',#4758,#4756,#2832,.T.);
#5919=EDGE_CURVE('',#4757,#4758,#2833,.T.);
#5920=EDGE_CURVE('',#4759,#4757,#2834,.T.);
#5921=EDGE_CURVE('',#4760,#4758,#2835,.T.);
#5922=EDGE_CURVE('',#4759,#4760,#2836,.T.);
#5923=EDGE_CURVE('',#4736,#4759,#2837,.T.);
#5924=EDGE_CURVE('',#4737,#4760,#2838,.T.);
#5925=EDGE_CURVE('',#4761,#4762,#2839,.T.);
#5926=EDGE_CURVE('',#4762,#4763,#2840,.T.);
#5927=EDGE_CURVE('',#4764,#4763,#2841,.T.);
#5928=EDGE_CURVE('',#4761,#4764,#2842,.T.);
#5929=EDGE_CURVE('',#4765,#4761,#3697,.T.);
#5930=EDGE_CURVE('',#4766,#4764,#3698,.T.);
#5931=EDGE_CURVE('',#4765,#4766,#2843,.T.);
#5932=EDGE_CURVE('',#4767,#4765,#3699,.T.);
#5933=EDGE_CURVE('',#4768,#4766,#3700,.T.);
#5934=EDGE_CURVE('',#4767,#4768,#2844,.T.);
#5935=EDGE_CURVE('',#4769,#4767,#3701,.T.);
#5936=EDGE_CURVE('',#4770,#4768,#3702,.T.);
#5937=EDGE_CURVE('',#4769,#4770,#2845,.T.);
#5938=EDGE_CURVE('',#4771,#4769,#3703,.T.);
#5939=EDGE_CURVE('',#4772,#4770,#3704,.T.);
#5940=EDGE_CURVE('',#4771,#4772,#2846,.T.);
#5941=EDGE_CURVE('',#4773,#4771,#3705,.T.);
#5942=EDGE_CURVE('',#4774,#4772,#3706,.T.);
#5943=EDGE_CURVE('',#4773,#4774,#2847,.T.);
#5944=EDGE_CURVE('',#4775,#4773,#3707,.T.);
#5945=EDGE_CURVE('',#4776,#4774,#3708,.T.);
#5946=EDGE_CURVE('',#4775,#4776,#2848,.T.);
#5947=EDGE_CURVE('',#4777,#4775,#3709,.T.);
#5948=EDGE_CURVE('',#4778,#4776,#3710,.T.);
#5949=EDGE_CURVE('',#4777,#4778,#2849,.T.);
#5950=EDGE_CURVE('',#4779,#4777,#3711,.T.);
#5951=EDGE_CURVE('',#4780,#4778,#3712,.T.);
#5952=EDGE_CURVE('',#4779,#4780,#2850,.T.);
#5953=EDGE_CURVE('',#4762,#4779,#3713,.T.);
#5954=EDGE_CURVE('',#4763,#4780,#3714,.T.);
#5955=EDGE_CURVE('',#4781,#4782,#3715,.T.);
#5956=EDGE_CURVE('',#4782,#4783,#2851,.T.);
#5957=EDGE_CURVE('',#4784,#4783,#3716,.T.);
#5958=EDGE_CURVE('',#4781,#4784,#2852,.T.);
#5959=EDGE_CURVE('',#4785,#4781,#2853,.T.);
#5960=EDGE_CURVE('',#4786,#4784,#2854,.T.);
#5961=EDGE_CURVE('',#4785,#4786,#2855,.T.);
#5962=EDGE_CURVE('',#4787,#4785,#3717,.T.);
#5963=EDGE_CURVE('',#4788,#4786,#3718,.T.);
#5964=EDGE_CURVE('',#4787,#4788,#2856,.T.);
#5965=EDGE_CURVE('',#4789,#4787,#3719,.T.);
#5966=EDGE_CURVE('',#4790,#4788,#3720,.T.);
#5967=EDGE_CURVE('',#4789,#4790,#2857,.T.);
#5968=EDGE_CURVE('',#4791,#4789,#2858,.T.);
#5969=EDGE_CURVE('',#4792,#4790,#2859,.T.);
#5970=EDGE_CURVE('',#4791,#4792,#2860,.T.);
#5971=EDGE_CURVE('',#4793,#4791,#3721,.T.);
#5972=EDGE_CURVE('',#4794,#4792,#3722,.T.);
#5973=EDGE_CURVE('',#4793,#4794,#2861,.T.);
#5974=EDGE_CURVE('',#4795,#4793,#3723,.T.);
#5975=EDGE_CURVE('',#4796,#4794,#3724,.T.);
#5976=EDGE_CURVE('',#4795,#4796,#2862,.T.);
#5977=EDGE_CURVE('',#4797,#4795,#3725,.T.);
#5978=EDGE_CURVE('',#4798,#4796,#3726,.T.);
#5979=EDGE_CURVE('',#4797,#4798,#2863,.T.);
#5980=EDGE_CURVE('',#4799,#4797,#3727,.T.);
#5981=EDGE_CURVE('',#4800,#4798,#3728,.T.);
#5982=EDGE_CURVE('',#4799,#4800,#2864,.T.);
#5983=EDGE_CURVE('',#4801,#4799,#3729,.T.);
#5984=EDGE_CURVE('',#4802,#4800,#3730,.T.);
#5985=EDGE_CURVE('',#4801,#4802,#2865,.T.);
#5986=EDGE_CURVE('',#4803,#4801,#3731,.T.);
#5987=EDGE_CURVE('',#4804,#4802,#3732,.T.);
#5988=EDGE_CURVE('',#4803,#4804,#2866,.T.);
#5989=EDGE_CURVE('',#4805,#4803,#3733,.T.);
#5990=EDGE_CURVE('',#4806,#4804,#3734,.T.);
#5991=EDGE_CURVE('',#4805,#4806,#2867,.T.);
#5992=EDGE_CURVE('',#4807,#4805,#2868,.T.);
#5993=EDGE_CURVE('',#4808,#4806,#2869,.T.);
#5994=EDGE_CURVE('',#4807,#4808,#2870,.T.);
#5995=EDGE_CURVE('',#4809,#4807,#3735,.T.);
#5996=EDGE_CURVE('',#4810,#4808,#3736,.T.);
#5997=EDGE_CURVE('',#4809,#4810,#2871,.T.);
#5998=EDGE_CURVE('',#4811,#4809,#3737,.T.);
#5999=EDGE_CURVE('',#4812,#4810,#3738,.T.);
#6000=EDGE_CURVE('',#4811,#4812,#2872,.T.);
#6001=EDGE_CURVE('',#4813,#4811,#3739,.T.);
#6002=EDGE_CURVE('',#4814,#4812,#3740,.T.);
#6003=EDGE_CURVE('',#4813,#4814,#2873,.T.);
#6004=EDGE_CURVE('',#4815,#4813,#3741,.T.);
#6005=EDGE_CURVE('',#4816,#4814,#3742,.T.);
#6006=EDGE_CURVE('',#4815,#4816,#2874,.T.);
#6007=EDGE_CURVE('',#4817,#4815,#3743,.T.);
#6008=EDGE_CURVE('',#4818,#4816,#3744,.T.);
#6009=EDGE_CURVE('',#4817,#4818,#2875,.T.);
#6010=EDGE_CURVE('',#4819,#4817,#3745,.T.);
#6011=EDGE_CURVE('',#4820,#4818,#3746,.T.);
#6012=EDGE_CURVE('',#4819,#4820,#2876,.T.);
#6013=EDGE_CURVE('',#4821,#4819,#3747,.T.);
#6014=EDGE_CURVE('',#4822,#4820,#3748,.T.);
#6015=EDGE_CURVE('',#4821,#4822,#2877,.T.);
#6016=EDGE_CURVE('',#4823,#4821,#3749,.T.);
#6017=EDGE_CURVE('',#4824,#4822,#3750,.T.);
#6018=EDGE_CURVE('',#4823,#4824,#2878,.T.);
#6019=EDGE_CURVE('',#4825,#4823,#3751,.T.);
#6020=EDGE_CURVE('',#4826,#4824,#3752,.T.);
#6021=EDGE_CURVE('',#4825,#4826,#2879,.T.);
#6022=EDGE_CURVE('',#4827,#4825,#3753,.T.);
#6023=EDGE_CURVE('',#4828,#4826,#3754,.T.);
#6024=EDGE_CURVE('',#4827,#4828,#2880,.T.);
#6025=EDGE_CURVE('',#4829,#4827,#3755,.T.);
#6026=EDGE_CURVE('',#4830,#4828,#3756,.T.);
#6027=EDGE_CURVE('',#4829,#4830,#2881,.T.);
#6028=EDGE_CURVE('',#4831,#4829,#3757,.T.);
#6029=EDGE_CURVE('',#4832,#4830,#3758,.T.);
#6030=EDGE_CURVE('',#4831,#4832,#2882,.T.);
#6031=EDGE_CURVE('',#4833,#4831,#3759,.T.);
#6032=EDGE_CURVE('',#4834,#4832,#3760,.T.);
#6033=EDGE_CURVE('',#4833,#4834,#2883,.T.);
#6034=EDGE_CURVE('',#4782,#4833,#3761,.T.);
#6035=EDGE_CURVE('',#4783,#4834,#3762,.T.);
#6036=ORIENTED_EDGE('',*,*,#4835,.F.);
#6037=ORIENTED_EDGE('',*,*,#4836,.F.);
#6038=ORIENTED_EDGE('',*,*,#4837,.F.);
#6039=ORIENTED_EDGE('',*,*,#4838,.F.);
#6040=ORIENTED_EDGE('',*,*,#4839,.F.);
#6041=ORIENTED_EDGE('',*,*,#4840,.F.);
#6042=ORIENTED_EDGE('',*,*,#4841,.F.);
#6043=ORIENTED_EDGE('',*,*,#4842,.F.);
#6044=ORIENTED_EDGE('',*,*,#4839,.T.);
#6045=ORIENTED_EDGE('',*,*,#4843,.F.);
#6046=ORIENTED_EDGE('',*,*,#4844,.T.);
#6047=ORIENTED_EDGE('',*,*,#4845,.F.);
#6048=ORIENTED_EDGE('',*,*,#4846,.F.);
#6049=ORIENTED_EDGE('',*,*,#4847,.F.);
#6050=ORIENTED_EDGE('',*,*,#4848,.F.);
#6051=ORIENTED_EDGE('',*,*,#4849,.F.);
#6052=ORIENTED_EDGE('',*,*,#4850,.F.);
#6053=ORIENTED_EDGE('',*,*,#4851,.F.);
#6054=ORIENTED_EDGE('',*,*,#4852,.F.);
#6055=ORIENTED_EDGE('',*,*,#4838,.T.);
#6056=ORIENTED_EDGE('',*,*,#4853,.T.);
#6057=ORIENTED_EDGE('',*,*,#4854,.T.);
#6058=ORIENTED_EDGE('',*,*,#4843,.T.);
#6059=ORIENTED_EDGE('',*,*,#4837,.T.);
#6060=ORIENTED_EDGE('',*,*,#4855,.F.);
#6061=ORIENTED_EDGE('',*,*,#4856,.T.);
#6062=ORIENTED_EDGE('',*,*,#4853,.F.);
#6063=ORIENTED_EDGE('',*,*,#4836,.T.);
#6064=ORIENTED_EDGE('',*,*,#4857,.T.);
#6065=ORIENTED_EDGE('',*,*,#4858,.T.);
#6066=ORIENTED_EDGE('',*,*,#4855,.T.);
#6067=ORIENTED_EDGE('',*,*,#4854,.F.);
#6068=ORIENTED_EDGE('',*,*,#4856,.F.);
#6069=ORIENTED_EDGE('',*,*,#4858,.F.);
#6070=ORIENTED_EDGE('',*,*,#4859,.F.);
#6071=ORIENTED_EDGE('',*,*,#4860,.F.);
#6072=ORIENTED_EDGE('',*,*,#4861,.F.);
#6073=ORIENTED_EDGE('',*,*,#4862,.F.);
#6074=ORIENTED_EDGE('',*,*,#4844,.F.);
#6075=ORIENTED_EDGE('',*,*,#4835,.T.);
#6076=ORIENTED_EDGE('',*,*,#4863,.F.);
#6077=ORIENTED_EDGE('',*,*,#4864,.F.);
#6078=ORIENTED_EDGE('',*,*,#4865,.F.);
#6079=ORIENTED_EDGE('',*,*,#4866,.F.);
#6080=ORIENTED_EDGE('',*,*,#4867,.F.);
#6081=ORIENTED_EDGE('',*,*,#4868,.F.);
#6082=ORIENTED_EDGE('',*,*,#4869,.F.);
#6083=ORIENTED_EDGE('',*,*,#4870,.F.);
#6084=ORIENTED_EDGE('',*,*,#4859,.T.);
#6085=ORIENTED_EDGE('',*,*,#4857,.F.);
#6086=ORIENTED_EDGE('',*,*,#4842,.T.);
#6087=ORIENTED_EDGE('',*,*,#4871,.T.);
#6088=ORIENTED_EDGE('',*,*,#4872,.F.);
#6089=ORIENTED_EDGE('',*,*,#4863,.T.);
#6090=ORIENTED_EDGE('',*,*,#4860,.T.);
#6091=ORIENTED_EDGE('',*,*,#4870,.T.);
#6092=ORIENTED_EDGE('',*,*,#4873,.T.);
#6093=ORIENTED_EDGE('',*,*,#4874,.T.);
#6094=ORIENTED_EDGE('',*,*,#4841,.T.);
#6095=ORIENTED_EDGE('',*,*,#4875,.F.);
#6096=ORIENTED_EDGE('',*,*,#4876,.F.);
#6097=ORIENTED_EDGE('',*,*,#4871,.F.);
#6098=ORIENTED_EDGE('',*,*,#4840,.T.);
#6099=ORIENTED_EDGE('',*,*,#4852,.T.);
#6100=ORIENTED_EDGE('',*,*,#4877,.T.);
#6101=ORIENTED_EDGE('',*,*,#4875,.T.);
#6102=ORIENTED_EDGE('',*,*,#4878,.T.);
#6103=ORIENTED_EDGE('',*,*,#4849,.T.);
#6104=ORIENTED_EDGE('',*,*,#4879,.T.);
#6105=ORIENTED_EDGE('',*,*,#4880,.T.);
#6106=ORIENTED_EDGE('',*,*,#4848,.T.);
#6107=ORIENTED_EDGE('',*,*,#4881,.T.);
#6108=ORIENTED_EDGE('',*,*,#4882,.T.);
#6109=ORIENTED_EDGE('',*,*,#4879,.F.);
#6110=ORIENTED_EDGE('',*,*,#4847,.T.);
#6111=ORIENTED_EDGE('',*,*,#4883,.T.);
#6112=ORIENTED_EDGE('',*,*,#4884,.T.);
#6113=ORIENTED_EDGE('',*,*,#4881,.F.);
#6114=ORIENTED_EDGE('',*,*,#4885,.T.);
#6115=ORIENTED_EDGE('',*,*,#4883,.F.);
#6116=ORIENTED_EDGE('',*,*,#4846,.T.);
#6117=ORIENTED_EDGE('',*,*,#4886,.T.);
#6118=ORIENTED_EDGE('',*,*,#4862,.T.);
#6119=ORIENTED_EDGE('',*,*,#4887,.T.);
#6120=ORIENTED_EDGE('',*,*,#4886,.F.);
#6121=ORIENTED_EDGE('',*,*,#4845,.T.);
#6122=ORIENTED_EDGE('',*,*,#4888,.T.);
#6123=ORIENTED_EDGE('',*,*,#4850,.T.);
#6124=ORIENTED_EDGE('',*,*,#4878,.F.);
#6125=ORIENTED_EDGE('',*,*,#4889,.T.);
#6126=ORIENTED_EDGE('',*,*,#4851,.T.);
#6127=ORIENTED_EDGE('',*,*,#4888,.F.);
#6128=ORIENTED_EDGE('',*,*,#4890,.T.);
#6129=ORIENTED_EDGE('',*,*,#4877,.F.);
#6130=ORIENTED_EDGE('',*,*,#4861,.T.);
#6131=ORIENTED_EDGE('',*,*,#4874,.F.);
#6132=ORIENTED_EDGE('',*,*,#4891,.T.);
#6133=ORIENTED_EDGE('',*,*,#4887,.F.);
#6134=ORIENTED_EDGE('',*,*,#4890,.F.);
#6135=ORIENTED_EDGE('',*,*,#4892,.F.);
#6136=ORIENTED_EDGE('',*,*,#4893,.F.);
#6137=ORIENTED_EDGE('',*,*,#4876,.T.);
#6138=ORIENTED_EDGE('',*,*,#4889,.F.);
#6139=ORIENTED_EDGE('',*,*,#4894,.F.);
#6140=ORIENTED_EDGE('',*,*,#4895,.F.);
#6141=ORIENTED_EDGE('',*,*,#4892,.T.);
#6142=ORIENTED_EDGE('',*,*,#4880,.F.);
#6143=ORIENTED_EDGE('',*,*,#4896,.F.);
#6144=ORIENTED_EDGE('',*,*,#4897,.F.);
#6145=ORIENTED_EDGE('',*,*,#4894,.T.);
#6146=ORIENTED_EDGE('',*,*,#4869,.T.);
#6147=ORIENTED_EDGE('',*,*,#4898,.T.);
#6148=ORIENTED_EDGE('',*,*,#4899,.T.);
#6149=ORIENTED_EDGE('',*,*,#4873,.F.);
#6150=ORIENTED_EDGE('',*,*,#4900,.T.);
#6151=ORIENTED_EDGE('',*,*,#4901,.T.);
#6152=ORIENTED_EDGE('',*,*,#4867,.T.);
#6153=ORIENTED_EDGE('',*,*,#4902,.T.);
#6154=ORIENTED_EDGE('',*,*,#4868,.T.);
#6155=ORIENTED_EDGE('',*,*,#4901,.F.);
#6156=ORIENTED_EDGE('',*,*,#4903,.T.);
#6157=ORIENTED_EDGE('',*,*,#4898,.F.);
#6158=ORIENTED_EDGE('',*,*,#4893,.T.);
#6159=ORIENTED_EDGE('',*,*,#4904,.T.);
#6160=ORIENTED_EDGE('',*,*,#4864,.T.);
#6161=ORIENTED_EDGE('',*,*,#4872,.T.);
#6162=ORIENTED_EDGE('',*,*,#4905,.T.);
#6163=ORIENTED_EDGE('',*,*,#4865,.T.);
#6164=ORIENTED_EDGE('',*,*,#4904,.F.);
#6165=ORIENTED_EDGE('',*,*,#4895,.T.);
#6166=ORIENTED_EDGE('',*,*,#4866,.T.);
#6167=ORIENTED_EDGE('',*,*,#4905,.F.);
#6168=ORIENTED_EDGE('',*,*,#4897,.T.);
#6169=ORIENTED_EDGE('',*,*,#4902,.F.);
#6170=ORIENTED_EDGE('',*,*,#4885,.F.);
#6171=ORIENTED_EDGE('',*,*,#4891,.F.);
#6172=ORIENTED_EDGE('',*,*,#4899,.F.);
#6173=ORIENTED_EDGE('',*,*,#4906,.T.);
#6174=ORIENTED_EDGE('',*,*,#4884,.F.);
#6175=ORIENTED_EDGE('',*,*,#4906,.F.);
#6176=ORIENTED_EDGE('',*,*,#4903,.F.);
#6177=ORIENTED_EDGE('',*,*,#4907,.T.);
#6178=ORIENTED_EDGE('',*,*,#4882,.F.);
#6179=ORIENTED_EDGE('',*,*,#4907,.F.);
#6180=ORIENTED_EDGE('',*,*,#4900,.F.);
#6181=ORIENTED_EDGE('',*,*,#4896,.T.);
#6182=ORIENTED_EDGE('',*,*,#4908,.F.);
#6183=ORIENTED_EDGE('',*,*,#4909,.F.);
#6184=ORIENTED_EDGE('',*,*,#4910,.F.);
#6185=ORIENTED_EDGE('',*,*,#4911,.F.);
#6186=ORIENTED_EDGE('',*,*,#4911,.T.);
#6187=ORIENTED_EDGE('',*,*,#4912,.T.);
#6188=ORIENTED_EDGE('',*,*,#4913,.T.);
#6189=ORIENTED_EDGE('',*,*,#4914,.T.);
#6190=ORIENTED_EDGE('',*,*,#4910,.T.);
#6191=ORIENTED_EDGE('',*,*,#4915,.T.);
#6192=ORIENTED_EDGE('',*,*,#4916,.T.);
#6193=ORIENTED_EDGE('',*,*,#4912,.F.);
#6194=ORIENTED_EDGE('',*,*,#4909,.T.);
#6195=ORIENTED_EDGE('',*,*,#4917,.F.);
#6196=ORIENTED_EDGE('',*,*,#4918,.F.);
#6197=ORIENTED_EDGE('',*,*,#4915,.F.);
#6198=ORIENTED_EDGE('',*,*,#4908,.T.);
#6199=ORIENTED_EDGE('',*,*,#4914,.F.);
#6200=ORIENTED_EDGE('',*,*,#4919,.F.);
#6201=ORIENTED_EDGE('',*,*,#4917,.T.);
#6202=ORIENTED_EDGE('',*,*,#4918,.T.);
#6203=ORIENTED_EDGE('',*,*,#4919,.T.);
#6204=ORIENTED_EDGE('',*,*,#4913,.F.);
#6205=ORIENTED_EDGE('',*,*,#4916,.F.);
#6206=ORIENTED_EDGE('',*,*,#4920,.F.);
#6207=ORIENTED_EDGE('',*,*,#4921,.F.);
#6208=ORIENTED_EDGE('',*,*,#4922,.F.);
#6209=ORIENTED_EDGE('',*,*,#4923,.F.);
#6210=ORIENTED_EDGE('',*,*,#4923,.T.);
#6211=ORIENTED_EDGE('',*,*,#4924,.T.);
#6212=ORIENTED_EDGE('',*,*,#4925,.T.);
#6213=ORIENTED_EDGE('',*,*,#4926,.T.);
#6214=ORIENTED_EDGE('',*,*,#4922,.T.);
#6215=ORIENTED_EDGE('',*,*,#4927,.T.);
#6216=ORIENTED_EDGE('',*,*,#4928,.T.);
#6217=ORIENTED_EDGE('',*,*,#4924,.F.);
#6218=ORIENTED_EDGE('',*,*,#4921,.T.);
#6219=ORIENTED_EDGE('',*,*,#4929,.F.);
#6220=ORIENTED_EDGE('',*,*,#4930,.F.);
#6221=ORIENTED_EDGE('',*,*,#4927,.F.);
#6222=ORIENTED_EDGE('',*,*,#4920,.T.);
#6223=ORIENTED_EDGE('',*,*,#4926,.F.);
#6224=ORIENTED_EDGE('',*,*,#4931,.F.);
#6225=ORIENTED_EDGE('',*,*,#4929,.T.);
#6226=ORIENTED_EDGE('',*,*,#4930,.T.);
#6227=ORIENTED_EDGE('',*,*,#4931,.T.);
#6228=ORIENTED_EDGE('',*,*,#4925,.F.);
#6229=ORIENTED_EDGE('',*,*,#4928,.F.);
#6230=ORIENTED_EDGE('',*,*,#4932,.F.);
#6231=ORIENTED_EDGE('',*,*,#4933,.F.);
#6232=ORIENTED_EDGE('',*,*,#4934,.F.);
#6233=ORIENTED_EDGE('',*,*,#4935,.F.);
#6234=ORIENTED_EDGE('',*,*,#4934,.T.);
#6235=ORIENTED_EDGE('',*,*,#4936,.T.);
#6236=ORIENTED_EDGE('',*,*,#4937,.T.);
#6237=ORIENTED_EDGE('',*,*,#4938,.T.);
#6238=ORIENTED_EDGE('',*,*,#4935,.T.);
#6239=ORIENTED_EDGE('',*,*,#4938,.F.);
#6240=ORIENTED_EDGE('',*,*,#4939,.F.);
#6241=ORIENTED_EDGE('',*,*,#4940,.T.);
#6242=ORIENTED_EDGE('',*,*,#4933,.T.);
#6243=ORIENTED_EDGE('',*,*,#4941,.T.);
#6244=ORIENTED_EDGE('',*,*,#4942,.T.);
#6245=ORIENTED_EDGE('',*,*,#4936,.F.);
#6246=ORIENTED_EDGE('',*,*,#4932,.T.);
#6247=ORIENTED_EDGE('',*,*,#4940,.F.);
#6248=ORIENTED_EDGE('',*,*,#4943,.F.);
#6249=ORIENTED_EDGE('',*,*,#4941,.F.);
#6250=ORIENTED_EDGE('',*,*,#4943,.T.);
#6251=ORIENTED_EDGE('',*,*,#4939,.T.);
#6252=ORIENTED_EDGE('',*,*,#4937,.F.);
#6253=ORIENTED_EDGE('',*,*,#4942,.F.);
#6254=ORIENTED_EDGE('',*,*,#4944,.F.);
#6255=ORIENTED_EDGE('',*,*,#4945,.F.);
#6256=ORIENTED_EDGE('',*,*,#4946,.F.);
#6257=ORIENTED_EDGE('',*,*,#4947,.F.);
#6258=ORIENTED_EDGE('',*,*,#4946,.T.);
#6259=ORIENTED_EDGE('',*,*,#4948,.T.);
#6260=ORIENTED_EDGE('',*,*,#4949,.T.);
#6261=ORIENTED_EDGE('',*,*,#4950,.T.);
#6262=ORIENTED_EDGE('',*,*,#4947,.T.);
#6263=ORIENTED_EDGE('',*,*,#4950,.F.);
#6264=ORIENTED_EDGE('',*,*,#4951,.F.);
#6265=ORIENTED_EDGE('',*,*,#4952,.T.);
#6266=ORIENTED_EDGE('',*,*,#4945,.T.);
#6267=ORIENTED_EDGE('',*,*,#4953,.T.);
#6268=ORIENTED_EDGE('',*,*,#4954,.T.);
#6269=ORIENTED_EDGE('',*,*,#4948,.F.);
#6270=ORIENTED_EDGE('',*,*,#4944,.T.);
#6271=ORIENTED_EDGE('',*,*,#4952,.F.);
#6272=ORIENTED_EDGE('',*,*,#4955,.F.);
#6273=ORIENTED_EDGE('',*,*,#4953,.F.);
#6274=ORIENTED_EDGE('',*,*,#4955,.T.);
#6275=ORIENTED_EDGE('',*,*,#4951,.T.);
#6276=ORIENTED_EDGE('',*,*,#4949,.F.);
#6277=ORIENTED_EDGE('',*,*,#4954,.F.);
#6278=ORIENTED_EDGE('',*,*,#4956,.F.);
#6279=ORIENTED_EDGE('',*,*,#4957,.T.);
#6280=ORIENTED_EDGE('',*,*,#4958,.F.);
#6281=ORIENTED_EDGE('',*,*,#4959,.F.);
#6282=ORIENTED_EDGE('',*,*,#4960,.F.);
#6283=ORIENTED_EDGE('',*,*,#4959,.T.);
#6284=ORIENTED_EDGE('',*,*,#4961,.F.);
#6285=ORIENTED_EDGE('',*,*,#4962,.F.);
#6286=ORIENTED_EDGE('',*,*,#4963,.T.);
#6287=ORIENTED_EDGE('',*,*,#4962,.T.);
#6288=ORIENTED_EDGE('',*,*,#4964,.F.);
#6289=ORIENTED_EDGE('',*,*,#4965,.F.);
#6290=ORIENTED_EDGE('',*,*,#4966,.F.);
#6291=ORIENTED_EDGE('',*,*,#4965,.T.);
#6292=ORIENTED_EDGE('',*,*,#4967,.F.);
#6293=ORIENTED_EDGE('',*,*,#4968,.F.);
#6294=ORIENTED_EDGE('',*,*,#4969,.T.);
#6295=ORIENTED_EDGE('',*,*,#4968,.T.);
#6296=ORIENTED_EDGE('',*,*,#4970,.F.);
#6297=ORIENTED_EDGE('',*,*,#4971,.F.);
#6298=ORIENTED_EDGE('',*,*,#4972,.F.);
#6299=ORIENTED_EDGE('',*,*,#4971,.T.);
#6300=ORIENTED_EDGE('',*,*,#4973,.F.);
#6301=ORIENTED_EDGE('',*,*,#4974,.F.);
#6302=ORIENTED_EDGE('',*,*,#4975,.T.);
#6303=ORIENTED_EDGE('',*,*,#4974,.T.);
#6304=ORIENTED_EDGE('',*,*,#4976,.F.);
#6305=ORIENTED_EDGE('',*,*,#4977,.F.);
#6306=ORIENTED_EDGE('',*,*,#4978,.F.);
#6307=ORIENTED_EDGE('',*,*,#4977,.T.);
#6308=ORIENTED_EDGE('',*,*,#4979,.F.);
#6309=ORIENTED_EDGE('',*,*,#4957,.F.);
#6310=ORIENTED_EDGE('',*,*,#4978,.T.);
#6311=ORIENTED_EDGE('',*,*,#4956,.T.);
#6312=ORIENTED_EDGE('',*,*,#4960,.T.);
#6313=ORIENTED_EDGE('',*,*,#4963,.F.);
#6314=ORIENTED_EDGE('',*,*,#4966,.T.);
#6315=ORIENTED_EDGE('',*,*,#4969,.F.);
#6316=ORIENTED_EDGE('',*,*,#4972,.T.);
#6317=ORIENTED_EDGE('',*,*,#4975,.F.);
#6318=ORIENTED_EDGE('',*,*,#4979,.T.);
#6319=ORIENTED_EDGE('',*,*,#4976,.T.);
#6320=ORIENTED_EDGE('',*,*,#4973,.T.);
#6321=ORIENTED_EDGE('',*,*,#4970,.T.);
#6322=ORIENTED_EDGE('',*,*,#4967,.T.);
#6323=ORIENTED_EDGE('',*,*,#4964,.T.);
#6324=ORIENTED_EDGE('',*,*,#4961,.T.);
#6325=ORIENTED_EDGE('',*,*,#4958,.T.);
#6326=ORIENTED_EDGE('',*,*,#4980,.T.);
#6327=ORIENTED_EDGE('',*,*,#4981,.T.);
#6328=ORIENTED_EDGE('',*,*,#4982,.F.);
#6329=ORIENTED_EDGE('',*,*,#4983,.F.);
#6330=ORIENTED_EDGE('',*,*,#4984,.T.);
#6331=ORIENTED_EDGE('',*,*,#4983,.T.);
#6332=ORIENTED_EDGE('',*,*,#4985,.F.);
#6333=ORIENTED_EDGE('',*,*,#4986,.F.);
#6334=ORIENTED_EDGE('',*,*,#4987,.T.);
#6335=ORIENTED_EDGE('',*,*,#4986,.T.);
#6336=ORIENTED_EDGE('',*,*,#4988,.F.);
#6337=ORIENTED_EDGE('',*,*,#4989,.F.);
#6338=ORIENTED_EDGE('',*,*,#4990,.T.);
#6339=ORIENTED_EDGE('',*,*,#4989,.T.);
#6340=ORIENTED_EDGE('',*,*,#4991,.F.);
#6341=ORIENTED_EDGE('',*,*,#4981,.F.);
#6342=ORIENTED_EDGE('',*,*,#4991,.T.);
#6343=ORIENTED_EDGE('',*,*,#4988,.T.);
#6344=ORIENTED_EDGE('',*,*,#4985,.T.);
#6345=ORIENTED_EDGE('',*,*,#4982,.T.);
#6346=ORIENTED_EDGE('',*,*,#4990,.F.);
#6347=ORIENTED_EDGE('',*,*,#4980,.F.);
#6348=ORIENTED_EDGE('',*,*,#4984,.F.);
#6349=ORIENTED_EDGE('',*,*,#4987,.F.);
#6350=ORIENTED_EDGE('',*,*,#4992,.T.);
#6351=ORIENTED_EDGE('',*,*,#4993,.T.);
#6352=ORIENTED_EDGE('',*,*,#4994,.F.);
#6353=ORIENTED_EDGE('',*,*,#4995,.F.);
#6354=ORIENTED_EDGE('',*,*,#4996,.T.);
#6355=ORIENTED_EDGE('',*,*,#4995,.T.);
#6356=ORIENTED_EDGE('',*,*,#4997,.F.);
#6357=ORIENTED_EDGE('',*,*,#4998,.F.);
#6358=ORIENTED_EDGE('',*,*,#4999,.T.);
#6359=ORIENTED_EDGE('',*,*,#4998,.T.);
#6360=ORIENTED_EDGE('',*,*,#5000,.F.);
#6361=ORIENTED_EDGE('',*,*,#5001,.F.);
#6362=ORIENTED_EDGE('',*,*,#5002,.T.);
#6363=ORIENTED_EDGE('',*,*,#5001,.T.);
#6364=ORIENTED_EDGE('',*,*,#5003,.F.);
#6365=ORIENTED_EDGE('',*,*,#4993,.F.);
#6366=ORIENTED_EDGE('',*,*,#5003,.T.);
#6367=ORIENTED_EDGE('',*,*,#5000,.T.);
#6368=ORIENTED_EDGE('',*,*,#4997,.T.);
#6369=ORIENTED_EDGE('',*,*,#4994,.T.);
#6370=ORIENTED_EDGE('',*,*,#5002,.F.);
#6371=ORIENTED_EDGE('',*,*,#4992,.F.);
#6372=ORIENTED_EDGE('',*,*,#4996,.F.);
#6373=ORIENTED_EDGE('',*,*,#4999,.F.);
#6374=ORIENTED_EDGE('',*,*,#5004,.T.);
#6375=ORIENTED_EDGE('',*,*,#5005,.T.);
#6376=ORIENTED_EDGE('',*,*,#5006,.F.);
#6377=ORIENTED_EDGE('',*,*,#5007,.F.);
#6378=ORIENTED_EDGE('',*,*,#5008,.T.);
#6379=ORIENTED_EDGE('',*,*,#5007,.T.);
#6380=ORIENTED_EDGE('',*,*,#5009,.F.);
#6381=ORIENTED_EDGE('',*,*,#5010,.F.);
#6382=ORIENTED_EDGE('',*,*,#5011,.T.);
#6383=ORIENTED_EDGE('',*,*,#5010,.T.);
#6384=ORIENTED_EDGE('',*,*,#5012,.F.);
#6385=ORIENTED_EDGE('',*,*,#5013,.F.);
#6386=ORIENTED_EDGE('',*,*,#5014,.T.);
#6387=ORIENTED_EDGE('',*,*,#5013,.T.);
#6388=ORIENTED_EDGE('',*,*,#5015,.F.);
#6389=ORIENTED_EDGE('',*,*,#5005,.F.);
#6390=ORIENTED_EDGE('',*,*,#5015,.T.);
#6391=ORIENTED_EDGE('',*,*,#5012,.T.);
#6392=ORIENTED_EDGE('',*,*,#5009,.T.);
#6393=ORIENTED_EDGE('',*,*,#5006,.T.);
#6394=ORIENTED_EDGE('',*,*,#5014,.F.);
#6395=ORIENTED_EDGE('',*,*,#5004,.F.);
#6396=ORIENTED_EDGE('',*,*,#5008,.F.);
#6397=ORIENTED_EDGE('',*,*,#5011,.F.);
#6398=ORIENTED_EDGE('',*,*,#5016,.T.);
#6399=ORIENTED_EDGE('',*,*,#5017,.T.);
#6400=ORIENTED_EDGE('',*,*,#5018,.F.);
#6401=ORIENTED_EDGE('',*,*,#5019,.F.);
#6402=ORIENTED_EDGE('',*,*,#5020,.T.);
#6403=ORIENTED_EDGE('',*,*,#5019,.T.);
#6404=ORIENTED_EDGE('',*,*,#5021,.F.);
#6405=ORIENTED_EDGE('',*,*,#5022,.F.);
#6406=ORIENTED_EDGE('',*,*,#5023,.T.);
#6407=ORIENTED_EDGE('',*,*,#5022,.T.);
#6408=ORIENTED_EDGE('',*,*,#5024,.F.);
#6409=ORIENTED_EDGE('',*,*,#5025,.F.);
#6410=ORIENTED_EDGE('',*,*,#5026,.T.);
#6411=ORIENTED_EDGE('',*,*,#5025,.T.);
#6412=ORIENTED_EDGE('',*,*,#5027,.F.);
#6413=ORIENTED_EDGE('',*,*,#5017,.F.);
#6414=ORIENTED_EDGE('',*,*,#5027,.T.);
#6415=ORIENTED_EDGE('',*,*,#5024,.T.);
#6416=ORIENTED_EDGE('',*,*,#5021,.T.);
#6417=ORIENTED_EDGE('',*,*,#5018,.T.);
#6418=ORIENTED_EDGE('',*,*,#5026,.F.);
#6419=ORIENTED_EDGE('',*,*,#5016,.F.);
#6420=ORIENTED_EDGE('',*,*,#5020,.F.);
#6421=ORIENTED_EDGE('',*,*,#5023,.F.);
#6422=ORIENTED_EDGE('',*,*,#5028,.F.);
#6423=ORIENTED_EDGE('',*,*,#5029,.T.);
#6424=ORIENTED_EDGE('',*,*,#5030,.F.);
#6425=ORIENTED_EDGE('',*,*,#5029,.F.);
#6426=ORIENTED_EDGE('',*,*,#5030,.T.);
#6427=ORIENTED_EDGE('',*,*,#5028,.T.);
#6428=ORIENTED_EDGE('',*,*,#5031,.T.);
#6429=ORIENTED_EDGE('',*,*,#5032,.T.);
#6430=ORIENTED_EDGE('',*,*,#5033,.F.);
#6431=ORIENTED_EDGE('',*,*,#5034,.F.);
#6432=ORIENTED_EDGE('',*,*,#5035,.T.);
#6433=ORIENTED_EDGE('',*,*,#5034,.T.);
#6434=ORIENTED_EDGE('',*,*,#5036,.F.);
#6435=ORIENTED_EDGE('',*,*,#5037,.F.);
#6436=ORIENTED_EDGE('',*,*,#5038,.T.);
#6437=ORIENTED_EDGE('',*,*,#5037,.T.);
#6438=ORIENTED_EDGE('',*,*,#5039,.F.);
#6439=ORIENTED_EDGE('',*,*,#5040,.F.);
#6440=ORIENTED_EDGE('',*,*,#5041,.T.);
#6441=ORIENTED_EDGE('',*,*,#5040,.T.);
#6442=ORIENTED_EDGE('',*,*,#5042,.F.);
#6443=ORIENTED_EDGE('',*,*,#5032,.F.);
#6444=ORIENTED_EDGE('',*,*,#5042,.T.);
#6445=ORIENTED_EDGE('',*,*,#5039,.T.);
#6446=ORIENTED_EDGE('',*,*,#5036,.T.);
#6447=ORIENTED_EDGE('',*,*,#5033,.T.);
#6448=ORIENTED_EDGE('',*,*,#5041,.F.);
#6449=ORIENTED_EDGE('',*,*,#5031,.F.);
#6450=ORIENTED_EDGE('',*,*,#5035,.F.);
#6451=ORIENTED_EDGE('',*,*,#5038,.F.);
#6452=ORIENTED_EDGE('',*,*,#5043,.F.);
#6453=ORIENTED_EDGE('',*,*,#5044,.T.);
#6454=ORIENTED_EDGE('',*,*,#5045,.F.);
#6455=ORIENTED_EDGE('',*,*,#5046,.F.);
#6456=ORIENTED_EDGE('',*,*,#5047,.T.);
#6457=ORIENTED_EDGE('',*,*,#5046,.T.);
#6458=ORIENTED_EDGE('',*,*,#5048,.F.);
#6459=ORIENTED_EDGE('',*,*,#5049,.F.);
#6460=ORIENTED_EDGE('',*,*,#5050,.F.);
#6461=ORIENTED_EDGE('',*,*,#5049,.T.);
#6462=ORIENTED_EDGE('',*,*,#5051,.F.);
#6463=ORIENTED_EDGE('',*,*,#5052,.F.);
#6464=ORIENTED_EDGE('',*,*,#5053,.T.);
#6465=ORIENTED_EDGE('',*,*,#5052,.T.);
#6466=ORIENTED_EDGE('',*,*,#5054,.F.);
#6467=ORIENTED_EDGE('',*,*,#5055,.F.);
#6468=ORIENTED_EDGE('',*,*,#5056,.F.);
#6469=ORIENTED_EDGE('',*,*,#5055,.T.);
#6470=ORIENTED_EDGE('',*,*,#5057,.F.);
#6471=ORIENTED_EDGE('',*,*,#5058,.F.);
#6472=ORIENTED_EDGE('',*,*,#5059,.T.);
#6473=ORIENTED_EDGE('',*,*,#5058,.T.);
#6474=ORIENTED_EDGE('',*,*,#5060,.F.);
#6475=ORIENTED_EDGE('',*,*,#5061,.F.);
#6476=ORIENTED_EDGE('',*,*,#5062,.T.);
#6477=ORIENTED_EDGE('',*,*,#5061,.T.);
#6478=ORIENTED_EDGE('',*,*,#5063,.F.);
#6479=ORIENTED_EDGE('',*,*,#5064,.F.);
#6480=ORIENTED_EDGE('',*,*,#5065,.T.);
#6481=ORIENTED_EDGE('',*,*,#5064,.T.);
#6482=ORIENTED_EDGE('',*,*,#5066,.F.);
#6483=ORIENTED_EDGE('',*,*,#5044,.F.);
#6484=ORIENTED_EDGE('',*,*,#5066,.T.);
#6485=ORIENTED_EDGE('',*,*,#5063,.T.);
#6486=ORIENTED_EDGE('',*,*,#5060,.T.);
#6487=ORIENTED_EDGE('',*,*,#5057,.T.);
#6488=ORIENTED_EDGE('',*,*,#5054,.T.);
#6489=ORIENTED_EDGE('',*,*,#5051,.T.);
#6490=ORIENTED_EDGE('',*,*,#5048,.T.);
#6491=ORIENTED_EDGE('',*,*,#5045,.T.);
#6492=ORIENTED_EDGE('',*,*,#5065,.F.);
#6493=ORIENTED_EDGE('',*,*,#5043,.T.);
#6494=ORIENTED_EDGE('',*,*,#5047,.F.);
#6495=ORIENTED_EDGE('',*,*,#5050,.T.);
#6496=ORIENTED_EDGE('',*,*,#5053,.F.);
#6497=ORIENTED_EDGE('',*,*,#5056,.T.);
#6498=ORIENTED_EDGE('',*,*,#5059,.F.);
#6499=ORIENTED_EDGE('',*,*,#5062,.F.);
#6500=ORIENTED_EDGE('',*,*,#5067,.T.);
#6501=ORIENTED_EDGE('',*,*,#5068,.T.);
#6502=ORIENTED_EDGE('',*,*,#5069,.F.);
#6503=ORIENTED_EDGE('',*,*,#5070,.F.);
#6504=ORIENTED_EDGE('',*,*,#5071,.T.);
#6505=ORIENTED_EDGE('',*,*,#5070,.T.);
#6506=ORIENTED_EDGE('',*,*,#5072,.F.);
#6507=ORIENTED_EDGE('',*,*,#5073,.F.);
#6508=ORIENTED_EDGE('',*,*,#5074,.T.);
#6509=ORIENTED_EDGE('',*,*,#5073,.T.);
#6510=ORIENTED_EDGE('',*,*,#5075,.F.);
#6511=ORIENTED_EDGE('',*,*,#5076,.F.);
#6512=ORIENTED_EDGE('',*,*,#5077,.T.);
#6513=ORIENTED_EDGE('',*,*,#5076,.T.);
#6514=ORIENTED_EDGE('',*,*,#5078,.F.);
#6515=ORIENTED_EDGE('',*,*,#5068,.F.);
#6516=ORIENTED_EDGE('',*,*,#5078,.T.);
#6517=ORIENTED_EDGE('',*,*,#5075,.T.);
#6518=ORIENTED_EDGE('',*,*,#5072,.T.);
#6519=ORIENTED_EDGE('',*,*,#5069,.T.);
#6520=ORIENTED_EDGE('',*,*,#5077,.F.);
#6521=ORIENTED_EDGE('',*,*,#5067,.F.);
#6522=ORIENTED_EDGE('',*,*,#5071,.F.);
#6523=ORIENTED_EDGE('',*,*,#5074,.F.);
#6524=ORIENTED_EDGE('',*,*,#5079,.T.);
#6525=ORIENTED_EDGE('',*,*,#5080,.T.);
#6526=ORIENTED_EDGE('',*,*,#5081,.F.);
#6527=ORIENTED_EDGE('',*,*,#5082,.F.);
#6528=ORIENTED_EDGE('',*,*,#5083,.T.);
#6529=ORIENTED_EDGE('',*,*,#5082,.T.);
#6530=ORIENTED_EDGE('',*,*,#5084,.F.);
#6531=ORIENTED_EDGE('',*,*,#5085,.F.);
#6532=ORIENTED_EDGE('',*,*,#5086,.T.);
#6533=ORIENTED_EDGE('',*,*,#5085,.T.);
#6534=ORIENTED_EDGE('',*,*,#5087,.F.);
#6535=ORIENTED_EDGE('',*,*,#5088,.F.);
#6536=ORIENTED_EDGE('',*,*,#5089,.T.);
#6537=ORIENTED_EDGE('',*,*,#5088,.T.);
#6538=ORIENTED_EDGE('',*,*,#5090,.F.);
#6539=ORIENTED_EDGE('',*,*,#5080,.F.);
#6540=ORIENTED_EDGE('',*,*,#5090,.T.);
#6541=ORIENTED_EDGE('',*,*,#5087,.T.);
#6542=ORIENTED_EDGE('',*,*,#5084,.T.);
#6543=ORIENTED_EDGE('',*,*,#5081,.T.);
#6544=ORIENTED_EDGE('',*,*,#5089,.F.);
#6545=ORIENTED_EDGE('',*,*,#5079,.F.);
#6546=ORIENTED_EDGE('',*,*,#5083,.F.);
#6547=ORIENTED_EDGE('',*,*,#5086,.F.);
#6548=ORIENTED_EDGE('',*,*,#5091,.T.);
#6549=ORIENTED_EDGE('',*,*,#5092,.T.);
#6550=ORIENTED_EDGE('',*,*,#5093,.F.);
#6551=ORIENTED_EDGE('',*,*,#5094,.F.);
#6552=ORIENTED_EDGE('',*,*,#5095,.T.);
#6553=ORIENTED_EDGE('',*,*,#5094,.T.);
#6554=ORIENTED_EDGE('',*,*,#5096,.F.);
#6555=ORIENTED_EDGE('',*,*,#5097,.F.);
#6556=ORIENTED_EDGE('',*,*,#5098,.T.);
#6557=ORIENTED_EDGE('',*,*,#5097,.T.);
#6558=ORIENTED_EDGE('',*,*,#5099,.F.);
#6559=ORIENTED_EDGE('',*,*,#5100,.F.);
#6560=ORIENTED_EDGE('',*,*,#5101,.T.);
#6561=ORIENTED_EDGE('',*,*,#5100,.T.);
#6562=ORIENTED_EDGE('',*,*,#5102,.F.);
#6563=ORIENTED_EDGE('',*,*,#5092,.F.);
#6564=ORIENTED_EDGE('',*,*,#5102,.T.);
#6565=ORIENTED_EDGE('',*,*,#5099,.T.);
#6566=ORIENTED_EDGE('',*,*,#5096,.T.);
#6567=ORIENTED_EDGE('',*,*,#5093,.T.);
#6568=ORIENTED_EDGE('',*,*,#5101,.F.);
#6569=ORIENTED_EDGE('',*,*,#5091,.F.);
#6570=ORIENTED_EDGE('',*,*,#5095,.F.);
#6571=ORIENTED_EDGE('',*,*,#5098,.F.);
#6572=ORIENTED_EDGE('',*,*,#5103,.T.);
#6573=ORIENTED_EDGE('',*,*,#5104,.T.);
#6574=ORIENTED_EDGE('',*,*,#5105,.F.);
#6575=ORIENTED_EDGE('',*,*,#5106,.F.);
#6576=ORIENTED_EDGE('',*,*,#5107,.T.);
#6577=ORIENTED_EDGE('',*,*,#5106,.T.);
#6578=ORIENTED_EDGE('',*,*,#5108,.F.);
#6579=ORIENTED_EDGE('',*,*,#5109,.F.);
#6580=ORIENTED_EDGE('',*,*,#5110,.T.);
#6581=ORIENTED_EDGE('',*,*,#5109,.T.);
#6582=ORIENTED_EDGE('',*,*,#5111,.F.);
#6583=ORIENTED_EDGE('',*,*,#5112,.F.);
#6584=ORIENTED_EDGE('',*,*,#5113,.T.);
#6585=ORIENTED_EDGE('',*,*,#5112,.T.);
#6586=ORIENTED_EDGE('',*,*,#5114,.F.);
#6587=ORIENTED_EDGE('',*,*,#5104,.F.);
#6588=ORIENTED_EDGE('',*,*,#5114,.T.);
#6589=ORIENTED_EDGE('',*,*,#5111,.T.);
#6590=ORIENTED_EDGE('',*,*,#5108,.T.);
#6591=ORIENTED_EDGE('',*,*,#5105,.T.);
#6592=ORIENTED_EDGE('',*,*,#5113,.F.);
#6593=ORIENTED_EDGE('',*,*,#5103,.F.);
#6594=ORIENTED_EDGE('',*,*,#5107,.F.);
#6595=ORIENTED_EDGE('',*,*,#5110,.F.);
#6596=ORIENTED_EDGE('',*,*,#5115,.T.);
#6597=ORIENTED_EDGE('',*,*,#5116,.T.);
#6598=ORIENTED_EDGE('',*,*,#5117,.F.);
#6599=ORIENTED_EDGE('',*,*,#5118,.F.);
#6600=ORIENTED_EDGE('',*,*,#5119,.T.);
#6601=ORIENTED_EDGE('',*,*,#5118,.T.);
#6602=ORIENTED_EDGE('',*,*,#5120,.F.);
#6603=ORIENTED_EDGE('',*,*,#5121,.F.);
#6604=ORIENTED_EDGE('',*,*,#5122,.T.);
#6605=ORIENTED_EDGE('',*,*,#5121,.T.);
#6606=ORIENTED_EDGE('',*,*,#5123,.F.);
#6607=ORIENTED_EDGE('',*,*,#5124,.F.);
#6608=ORIENTED_EDGE('',*,*,#5125,.T.);
#6609=ORIENTED_EDGE('',*,*,#5124,.T.);
#6610=ORIENTED_EDGE('',*,*,#5126,.F.);
#6611=ORIENTED_EDGE('',*,*,#5116,.F.);
#6612=ORIENTED_EDGE('',*,*,#5126,.T.);
#6613=ORIENTED_EDGE('',*,*,#5123,.T.);
#6614=ORIENTED_EDGE('',*,*,#5120,.T.);
#6615=ORIENTED_EDGE('',*,*,#5117,.T.);
#6616=ORIENTED_EDGE('',*,*,#5125,.F.);
#6617=ORIENTED_EDGE('',*,*,#5115,.F.);
#6618=ORIENTED_EDGE('',*,*,#5119,.F.);
#6619=ORIENTED_EDGE('',*,*,#5122,.F.);
#6620=ORIENTED_EDGE('',*,*,#5127,.T.);
#6621=ORIENTED_EDGE('',*,*,#5128,.T.);
#6622=ORIENTED_EDGE('',*,*,#5129,.F.);
#6623=ORIENTED_EDGE('',*,*,#5130,.F.);
#6624=ORIENTED_EDGE('',*,*,#5131,.T.);
#6625=ORIENTED_EDGE('',*,*,#5130,.T.);
#6626=ORIENTED_EDGE('',*,*,#5132,.F.);
#6627=ORIENTED_EDGE('',*,*,#5133,.F.);
#6628=ORIENTED_EDGE('',*,*,#5134,.T.);
#6629=ORIENTED_EDGE('',*,*,#5133,.T.);
#6630=ORIENTED_EDGE('',*,*,#5135,.F.);
#6631=ORIENTED_EDGE('',*,*,#5136,.F.);
#6632=ORIENTED_EDGE('',*,*,#5137,.T.);
#6633=ORIENTED_EDGE('',*,*,#5136,.T.);
#6634=ORIENTED_EDGE('',*,*,#5138,.F.);
#6635=ORIENTED_EDGE('',*,*,#5128,.F.);
#6636=ORIENTED_EDGE('',*,*,#5138,.T.);
#6637=ORIENTED_EDGE('',*,*,#5135,.T.);
#6638=ORIENTED_EDGE('',*,*,#5132,.T.);
#6639=ORIENTED_EDGE('',*,*,#5129,.T.);
#6640=ORIENTED_EDGE('',*,*,#5137,.F.);
#6641=ORIENTED_EDGE('',*,*,#5127,.F.);
#6642=ORIENTED_EDGE('',*,*,#5131,.F.);
#6643=ORIENTED_EDGE('',*,*,#5134,.F.);
#6644=ORIENTED_EDGE('',*,*,#5139,.T.);
#6645=ORIENTED_EDGE('',*,*,#5140,.T.);
#6646=ORIENTED_EDGE('',*,*,#5141,.F.);
#6647=ORIENTED_EDGE('',*,*,#5142,.F.);
#6648=ORIENTED_EDGE('',*,*,#5143,.T.);
#6649=ORIENTED_EDGE('',*,*,#5142,.T.);
#6650=ORIENTED_EDGE('',*,*,#5144,.F.);
#6651=ORIENTED_EDGE('',*,*,#5145,.F.);
#6652=ORIENTED_EDGE('',*,*,#5146,.T.);
#6653=ORIENTED_EDGE('',*,*,#5145,.T.);
#6654=ORIENTED_EDGE('',*,*,#5147,.F.);
#6655=ORIENTED_EDGE('',*,*,#5148,.F.);
#6656=ORIENTED_EDGE('',*,*,#5149,.T.);
#6657=ORIENTED_EDGE('',*,*,#5148,.T.);
#6658=ORIENTED_EDGE('',*,*,#5150,.F.);
#6659=ORIENTED_EDGE('',*,*,#5140,.F.);
#6660=ORIENTED_EDGE('',*,*,#5150,.T.);
#6661=ORIENTED_EDGE('',*,*,#5147,.T.);
#6662=ORIENTED_EDGE('',*,*,#5144,.T.);
#6663=ORIENTED_EDGE('',*,*,#5141,.T.);
#6664=ORIENTED_EDGE('',*,*,#5149,.F.);
#6665=ORIENTED_EDGE('',*,*,#5139,.F.);
#6666=ORIENTED_EDGE('',*,*,#5143,.F.);
#6667=ORIENTED_EDGE('',*,*,#5146,.F.);
#6668=ORIENTED_EDGE('',*,*,#5151,.T.);
#6669=ORIENTED_EDGE('',*,*,#5152,.T.);
#6670=ORIENTED_EDGE('',*,*,#5153,.F.);
#6671=ORIENTED_EDGE('',*,*,#5154,.F.);
#6672=ORIENTED_EDGE('',*,*,#5155,.T.);
#6673=ORIENTED_EDGE('',*,*,#5154,.T.);
#6674=ORIENTED_EDGE('',*,*,#5156,.F.);
#6675=ORIENTED_EDGE('',*,*,#5157,.F.);
#6676=ORIENTED_EDGE('',*,*,#5158,.T.);
#6677=ORIENTED_EDGE('',*,*,#5157,.T.);
#6678=ORIENTED_EDGE('',*,*,#5159,.F.);
#6679=ORIENTED_EDGE('',*,*,#5160,.F.);
#6680=ORIENTED_EDGE('',*,*,#5161,.T.);
#6681=ORIENTED_EDGE('',*,*,#5160,.T.);
#6682=ORIENTED_EDGE('',*,*,#5162,.F.);
#6683=ORIENTED_EDGE('',*,*,#5152,.F.);
#6684=ORIENTED_EDGE('',*,*,#5162,.T.);
#6685=ORIENTED_EDGE('',*,*,#5159,.T.);
#6686=ORIENTED_EDGE('',*,*,#5156,.T.);
#6687=ORIENTED_EDGE('',*,*,#5153,.T.);
#6688=ORIENTED_EDGE('',*,*,#5161,.F.);
#6689=ORIENTED_EDGE('',*,*,#5151,.F.);
#6690=ORIENTED_EDGE('',*,*,#5155,.F.);
#6691=ORIENTED_EDGE('',*,*,#5158,.F.);
#6692=ORIENTED_EDGE('',*,*,#5163,.T.);
#6693=ORIENTED_EDGE('',*,*,#5164,.T.);
#6694=ORIENTED_EDGE('',*,*,#5165,.F.);
#6695=ORIENTED_EDGE('',*,*,#5166,.F.);
#6696=ORIENTED_EDGE('',*,*,#5167,.T.);
#6697=ORIENTED_EDGE('',*,*,#5166,.T.);
#6698=ORIENTED_EDGE('',*,*,#5168,.F.);
#6699=ORIENTED_EDGE('',*,*,#5169,.F.);
#6700=ORIENTED_EDGE('',*,*,#5170,.T.);
#6701=ORIENTED_EDGE('',*,*,#5169,.T.);
#6702=ORIENTED_EDGE('',*,*,#5171,.F.);
#6703=ORIENTED_EDGE('',*,*,#5172,.F.);
#6704=ORIENTED_EDGE('',*,*,#5173,.T.);
#6705=ORIENTED_EDGE('',*,*,#5172,.T.);
#6706=ORIENTED_EDGE('',*,*,#5174,.F.);
#6707=ORIENTED_EDGE('',*,*,#5164,.F.);
#6708=ORIENTED_EDGE('',*,*,#5174,.T.);
#6709=ORIENTED_EDGE('',*,*,#5171,.T.);
#6710=ORIENTED_EDGE('',*,*,#5168,.T.);
#6711=ORIENTED_EDGE('',*,*,#5165,.T.);
#6712=ORIENTED_EDGE('',*,*,#5173,.F.);
#6713=ORIENTED_EDGE('',*,*,#5163,.F.);
#6714=ORIENTED_EDGE('',*,*,#5167,.F.);
#6715=ORIENTED_EDGE('',*,*,#5170,.F.);
#6716=ORIENTED_EDGE('',*,*,#5175,.F.);
#6717=ORIENTED_EDGE('',*,*,#5176,.T.);
#6718=ORIENTED_EDGE('',*,*,#5177,.T.);
#6719=ORIENTED_EDGE('',*,*,#5176,.F.);
#6720=ORIENTED_EDGE('',*,*,#5175,.T.);
#6721=ORIENTED_EDGE('',*,*,#5177,.F.);
#6722=ORIENTED_EDGE('',*,*,#5178,.T.);
#6723=ORIENTED_EDGE('',*,*,#5179,.T.);
#6724=ORIENTED_EDGE('',*,*,#5180,.F.);
#6725=ORIENTED_EDGE('',*,*,#5181,.F.);
#6726=ORIENTED_EDGE('',*,*,#5182,.T.);
#6727=ORIENTED_EDGE('',*,*,#5181,.T.);
#6728=ORIENTED_EDGE('',*,*,#5183,.F.);
#6729=ORIENTED_EDGE('',*,*,#5184,.F.);
#6730=ORIENTED_EDGE('',*,*,#5185,.T.);
#6731=ORIENTED_EDGE('',*,*,#5184,.T.);
#6732=ORIENTED_EDGE('',*,*,#5186,.F.);
#6733=ORIENTED_EDGE('',*,*,#5187,.F.);
#6734=ORIENTED_EDGE('',*,*,#5188,.T.);
#6735=ORIENTED_EDGE('',*,*,#5187,.T.);
#6736=ORIENTED_EDGE('',*,*,#5189,.F.);
#6737=ORIENTED_EDGE('',*,*,#5179,.F.);
#6738=ORIENTED_EDGE('',*,*,#5189,.T.);
#6739=ORIENTED_EDGE('',*,*,#5186,.T.);
#6740=ORIENTED_EDGE('',*,*,#5183,.T.);
#6741=ORIENTED_EDGE('',*,*,#5180,.T.);
#6742=ORIENTED_EDGE('',*,*,#5188,.F.);
#6743=ORIENTED_EDGE('',*,*,#5178,.F.);
#6744=ORIENTED_EDGE('',*,*,#5182,.F.);
#6745=ORIENTED_EDGE('',*,*,#5185,.F.);
#6746=ORIENTED_EDGE('',*,*,#5190,.F.);
#6747=ORIENTED_EDGE('',*,*,#5191,.T.);
#6748=ORIENTED_EDGE('',*,*,#5192,.T.);
#6749=ORIENTED_EDGE('',*,*,#5191,.F.);
#6750=ORIENTED_EDGE('',*,*,#5190,.T.);
#6751=ORIENTED_EDGE('',*,*,#5192,.F.);
#6752=ORIENTED_EDGE('',*,*,#5193,.T.);
#6753=ORIENTED_EDGE('',*,*,#5194,.T.);
#6754=ORIENTED_EDGE('',*,*,#5195,.T.);
#6755=ORIENTED_EDGE('',*,*,#5194,.F.);
#6756=ORIENTED_EDGE('',*,*,#5196,.T.);
#6757=ORIENTED_EDGE('',*,*,#5197,.F.);
#6758=ORIENTED_EDGE('',*,*,#5198,.T.);
#6759=ORIENTED_EDGE('',*,*,#5196,.F.);
#6760=ORIENTED_EDGE('',*,*,#5193,.F.);
#6761=ORIENTED_EDGE('',*,*,#5198,.F.);
#6762=ORIENTED_EDGE('',*,*,#5199,.F.);
#6763=ORIENTED_EDGE('',*,*,#5195,.F.);
#6764=ORIENTED_EDGE('',*,*,#5200,.T.);
#6765=ORIENTED_EDGE('',*,*,#5201,.T.);
#6766=ORIENTED_EDGE('',*,*,#5199,.T.);
#6767=ORIENTED_EDGE('',*,*,#5197,.T.);
#6768=ORIENTED_EDGE('',*,*,#5201,.F.);
#6769=ORIENTED_EDGE('',*,*,#5200,.F.);
#6770=ORIENTED_EDGE('',*,*,#5202,.F.);
#6771=ORIENTED_EDGE('',*,*,#5203,.T.);
#6772=ORIENTED_EDGE('',*,*,#5204,.T.);
#6773=ORIENTED_EDGE('',*,*,#5203,.F.);
#6774=ORIENTED_EDGE('',*,*,#5202,.T.);
#6775=ORIENTED_EDGE('',*,*,#5204,.F.);
#6776=ORIENTED_EDGE('',*,*,#5205,.F.);
#6777=ORIENTED_EDGE('',*,*,#5206,.T.);
#6778=ORIENTED_EDGE('',*,*,#5207,.T.);
#6779=ORIENTED_EDGE('',*,*,#5206,.F.);
#6780=ORIENTED_EDGE('',*,*,#5205,.T.);
#6781=ORIENTED_EDGE('',*,*,#5207,.F.);
#6782=ORIENTED_EDGE('',*,*,#5208,.F.);
#6783=ORIENTED_EDGE('',*,*,#5209,.T.);
#6784=ORIENTED_EDGE('',*,*,#5210,.T.);
#6785=ORIENTED_EDGE('',*,*,#5209,.F.);
#6786=ORIENTED_EDGE('',*,*,#5208,.T.);
#6787=ORIENTED_EDGE('',*,*,#5210,.F.);
#6788=ORIENTED_EDGE('',*,*,#5211,.F.);
#6789=ORIENTED_EDGE('',*,*,#5212,.T.);
#6790=ORIENTED_EDGE('',*,*,#5213,.T.);
#6791=ORIENTED_EDGE('',*,*,#5212,.F.);
#6792=ORIENTED_EDGE('',*,*,#5211,.T.);
#6793=ORIENTED_EDGE('',*,*,#5213,.F.);
#6794=ORIENTED_EDGE('',*,*,#5214,.F.);
#6795=ORIENTED_EDGE('',*,*,#5215,.T.);
#6796=ORIENTED_EDGE('',*,*,#5216,.T.);
#6797=ORIENTED_EDGE('',*,*,#5215,.F.);
#6798=ORIENTED_EDGE('',*,*,#5214,.T.);
#6799=ORIENTED_EDGE('',*,*,#5216,.F.);
#6800=ORIENTED_EDGE('',*,*,#5217,.F.);
#6801=ORIENTED_EDGE('',*,*,#5218,.T.);
#6802=ORIENTED_EDGE('',*,*,#5219,.T.);
#6803=ORIENTED_EDGE('',*,*,#5218,.F.);
#6804=ORIENTED_EDGE('',*,*,#5217,.T.);
#6805=ORIENTED_EDGE('',*,*,#5219,.F.);
#6806=ORIENTED_EDGE('',*,*,#5220,.F.);
#6807=ORIENTED_EDGE('',*,*,#5221,.T.);
#6808=ORIENTED_EDGE('',*,*,#5222,.T.);
#6809=ORIENTED_EDGE('',*,*,#5221,.F.);
#6810=ORIENTED_EDGE('',*,*,#5220,.T.);
#6811=ORIENTED_EDGE('',*,*,#5222,.F.);
#6812=ORIENTED_EDGE('',*,*,#5223,.F.);
#6813=ORIENTED_EDGE('',*,*,#5224,.T.);
#6814=ORIENTED_EDGE('',*,*,#5225,.T.);
#6815=ORIENTED_EDGE('',*,*,#5224,.F.);
#6816=ORIENTED_EDGE('',*,*,#5223,.T.);
#6817=ORIENTED_EDGE('',*,*,#5225,.F.);
#6818=ORIENTED_EDGE('',*,*,#5226,.F.);
#6819=ORIENTED_EDGE('',*,*,#5227,.T.);
#6820=ORIENTED_EDGE('',*,*,#5228,.T.);
#6821=ORIENTED_EDGE('',*,*,#5227,.F.);
#6822=ORIENTED_EDGE('',*,*,#5226,.T.);
#6823=ORIENTED_EDGE('',*,*,#5228,.F.);
#6824=ORIENTED_EDGE('',*,*,#5229,.T.);
#6825=ORIENTED_EDGE('',*,*,#5230,.T.);
#6826=ORIENTED_EDGE('',*,*,#5231,.T.);
#6827=ORIENTED_EDGE('',*,*,#5232,.T.);
#6828=ORIENTED_EDGE('',*,*,#5230,.F.);
#6829=ORIENTED_EDGE('',*,*,#5233,.F.);
#6830=ORIENTED_EDGE('',*,*,#5234,.T.);
#6831=ORIENTED_EDGE('',*,*,#5231,.F.);
#6832=ORIENTED_EDGE('',*,*,#5232,.F.);
#6833=ORIENTED_EDGE('',*,*,#5234,.F.);
#6834=ORIENTED_EDGE('',*,*,#5235,.F.);
#6835=ORIENTED_EDGE('',*,*,#5229,.F.);
#6836=ORIENTED_EDGE('',*,*,#5236,.T.);
#6837=ORIENTED_EDGE('',*,*,#5237,.T.);
#6838=ORIENTED_EDGE('',*,*,#5235,.T.);
#6839=ORIENTED_EDGE('',*,*,#5233,.T.);
#6840=ORIENTED_EDGE('',*,*,#5237,.F.);
#6841=ORIENTED_EDGE('',*,*,#5236,.F.);
#6842=ORIENTED_EDGE('',*,*,#5238,.F.);
#6843=ORIENTED_EDGE('',*,*,#5239,.T.);
#6844=ORIENTED_EDGE('',*,*,#5240,.F.);
#6845=ORIENTED_EDGE('',*,*,#5239,.F.);
#6846=ORIENTED_EDGE('',*,*,#5240,.T.);
#6847=ORIENTED_EDGE('',*,*,#5238,.T.);
#6848=ORIENTED_EDGE('',*,*,#5241,.F.);
#6849=ORIENTED_EDGE('',*,*,#5242,.T.);
#6850=ORIENTED_EDGE('',*,*,#5243,.F.);
#6851=ORIENTED_EDGE('',*,*,#5242,.F.);
#6852=ORIENTED_EDGE('',*,*,#5243,.T.);
#6853=ORIENTED_EDGE('',*,*,#5241,.T.);
#6854=ORIENTED_EDGE('',*,*,#5244,.F.);
#6855=ORIENTED_EDGE('',*,*,#5245,.T.);
#6856=ORIENTED_EDGE('',*,*,#5246,.F.);
#6857=ORIENTED_EDGE('',*,*,#5245,.F.);
#6858=ORIENTED_EDGE('',*,*,#5246,.T.);
#6859=ORIENTED_EDGE('',*,*,#5244,.T.);
#6860=ORIENTED_EDGE('',*,*,#5247,.F.);
#6861=ORIENTED_EDGE('',*,*,#5248,.T.);
#6862=ORIENTED_EDGE('',*,*,#5249,.F.);
#6863=ORIENTED_EDGE('',*,*,#5248,.F.);
#6864=ORIENTED_EDGE('',*,*,#5249,.T.);
#6865=ORIENTED_EDGE('',*,*,#5247,.T.);
#6866=ORIENTED_EDGE('',*,*,#5250,.F.);
#6867=ORIENTED_EDGE('',*,*,#5251,.T.);
#6868=ORIENTED_EDGE('',*,*,#5252,.F.);
#6869=ORIENTED_EDGE('',*,*,#5251,.F.);
#6870=ORIENTED_EDGE('',*,*,#5252,.T.);
#6871=ORIENTED_EDGE('',*,*,#5250,.T.);
#6872=ORIENTED_EDGE('',*,*,#5253,.F.);
#6873=ORIENTED_EDGE('',*,*,#5254,.T.);
#6874=ORIENTED_EDGE('',*,*,#5255,.F.);
#6875=ORIENTED_EDGE('',*,*,#5254,.F.);
#6876=ORIENTED_EDGE('',*,*,#5255,.T.);
#6877=ORIENTED_EDGE('',*,*,#5253,.T.);
#6878=ORIENTED_EDGE('',*,*,#5256,.F.);
#6879=ORIENTED_EDGE('',*,*,#5257,.T.);
#6880=ORIENTED_EDGE('',*,*,#5258,.F.);
#6881=ORIENTED_EDGE('',*,*,#5257,.F.);
#6882=ORIENTED_EDGE('',*,*,#5258,.T.);
#6883=ORIENTED_EDGE('',*,*,#5256,.T.);
#6884=ORIENTED_EDGE('',*,*,#5259,.F.);
#6885=ORIENTED_EDGE('',*,*,#5260,.T.);
#6886=ORIENTED_EDGE('',*,*,#5261,.F.);
#6887=ORIENTED_EDGE('',*,*,#5260,.F.);
#6888=ORIENTED_EDGE('',*,*,#5261,.T.);
#6889=ORIENTED_EDGE('',*,*,#5259,.T.);
#6890=ORIENTED_EDGE('',*,*,#5262,.F.);
#6891=ORIENTED_EDGE('',*,*,#5263,.T.);
#6892=ORIENTED_EDGE('',*,*,#5264,.F.);
#6893=ORIENTED_EDGE('',*,*,#5263,.F.);
#6894=ORIENTED_EDGE('',*,*,#5264,.T.);
#6895=ORIENTED_EDGE('',*,*,#5262,.T.);
#6896=ORIENTED_EDGE('',*,*,#5265,.F.);
#6897=ORIENTED_EDGE('',*,*,#5266,.T.);
#6898=ORIENTED_EDGE('',*,*,#5267,.T.);
#6899=ORIENTED_EDGE('',*,*,#5266,.F.);
#6900=ORIENTED_EDGE('',*,*,#5265,.T.);
#6901=ORIENTED_EDGE('',*,*,#5267,.F.);
#6902=ORIENTED_EDGE('',*,*,#5268,.T.);
#6903=ORIENTED_EDGE('',*,*,#5269,.T.);
#6904=ORIENTED_EDGE('',*,*,#5270,.T.);
#6905=ORIENTED_EDGE('',*,*,#5269,.F.);
#6906=ORIENTED_EDGE('',*,*,#5271,.T.);
#6907=ORIENTED_EDGE('',*,*,#5272,.F.);
#6908=ORIENTED_EDGE('',*,*,#5273,.T.);
#6909=ORIENTED_EDGE('',*,*,#5271,.F.);
#6910=ORIENTED_EDGE('',*,*,#5268,.F.);
#6911=ORIENTED_EDGE('',*,*,#5273,.F.);
#6912=ORIENTED_EDGE('',*,*,#5274,.F.);
#6913=ORIENTED_EDGE('',*,*,#5270,.F.);
#6914=ORIENTED_EDGE('',*,*,#5275,.T.);
#6915=ORIENTED_EDGE('',*,*,#5276,.T.);
#6916=ORIENTED_EDGE('',*,*,#5274,.T.);
#6917=ORIENTED_EDGE('',*,*,#5272,.T.);
#6918=ORIENTED_EDGE('',*,*,#5276,.F.);
#6919=ORIENTED_EDGE('',*,*,#5275,.F.);
#6920=ORIENTED_EDGE('',*,*,#5277,.F.);
#6921=ORIENTED_EDGE('',*,*,#5278,.T.);
#6922=ORIENTED_EDGE('',*,*,#5279,.T.);
#6923=ORIENTED_EDGE('',*,*,#5278,.F.);
#6924=ORIENTED_EDGE('',*,*,#5277,.T.);
#6925=ORIENTED_EDGE('',*,*,#5279,.F.);
#6926=ORIENTED_EDGE('',*,*,#5280,.F.);
#6927=ORIENTED_EDGE('',*,*,#5281,.T.);
#6928=ORIENTED_EDGE('',*,*,#5282,.T.);
#6929=ORIENTED_EDGE('',*,*,#5281,.F.);
#6930=ORIENTED_EDGE('',*,*,#5280,.T.);
#6931=ORIENTED_EDGE('',*,*,#5282,.F.);
#6932=ORIENTED_EDGE('',*,*,#5283,.F.);
#6933=ORIENTED_EDGE('',*,*,#5284,.T.);
#6934=ORIENTED_EDGE('',*,*,#5285,.T.);
#6935=ORIENTED_EDGE('',*,*,#5284,.F.);
#6936=ORIENTED_EDGE('',*,*,#5283,.T.);
#6937=ORIENTED_EDGE('',*,*,#5285,.F.);
#6938=ORIENTED_EDGE('',*,*,#5286,.F.);
#6939=ORIENTED_EDGE('',*,*,#5287,.T.);
#6940=ORIENTED_EDGE('',*,*,#5288,.T.);
#6941=ORIENTED_EDGE('',*,*,#5287,.F.);
#6942=ORIENTED_EDGE('',*,*,#5286,.T.);
#6943=ORIENTED_EDGE('',*,*,#5288,.F.);
#6944=ORIENTED_EDGE('',*,*,#5289,.F.);
#6945=ORIENTED_EDGE('',*,*,#5290,.T.);
#6946=ORIENTED_EDGE('',*,*,#5291,.T.);
#6947=ORIENTED_EDGE('',*,*,#5290,.F.);
#6948=ORIENTED_EDGE('',*,*,#5289,.T.);
#6949=ORIENTED_EDGE('',*,*,#5291,.F.);
#6950=ORIENTED_EDGE('',*,*,#5292,.F.);
#6951=ORIENTED_EDGE('',*,*,#5293,.T.);
#6952=ORIENTED_EDGE('',*,*,#5294,.T.);
#6953=ORIENTED_EDGE('',*,*,#5293,.F.);
#6954=ORIENTED_EDGE('',*,*,#5292,.T.);
#6955=ORIENTED_EDGE('',*,*,#5294,.F.);
#6956=ORIENTED_EDGE('',*,*,#5295,.F.);
#6957=ORIENTED_EDGE('',*,*,#5296,.T.);
#6958=ORIENTED_EDGE('',*,*,#5297,.T.);
#6959=ORIENTED_EDGE('',*,*,#5296,.F.);
#6960=ORIENTED_EDGE('',*,*,#5295,.T.);
#6961=ORIENTED_EDGE('',*,*,#5297,.F.);
#6962=ORIENTED_EDGE('',*,*,#5298,.F.);
#6963=ORIENTED_EDGE('',*,*,#5299,.T.);
#6964=ORIENTED_EDGE('',*,*,#5300,.T.);
#6965=ORIENTED_EDGE('',*,*,#5299,.F.);
#6966=ORIENTED_EDGE('',*,*,#5298,.T.);
#6967=ORIENTED_EDGE('',*,*,#5300,.F.);
#6968=ORIENTED_EDGE('',*,*,#5301,.F.);
#6969=ORIENTED_EDGE('',*,*,#5302,.T.);
#6970=ORIENTED_EDGE('',*,*,#5303,.T.);
#6971=ORIENTED_EDGE('',*,*,#5302,.F.);
#6972=ORIENTED_EDGE('',*,*,#5301,.T.);
#6973=ORIENTED_EDGE('',*,*,#5303,.F.);
#6974=ORIENTED_EDGE('',*,*,#5304,.T.);
#6975=ORIENTED_EDGE('',*,*,#5305,.T.);
#6976=ORIENTED_EDGE('',*,*,#5306,.T.);
#6977=ORIENTED_EDGE('',*,*,#5307,.T.);
#6978=ORIENTED_EDGE('',*,*,#5305,.F.);
#6979=ORIENTED_EDGE('',*,*,#5308,.F.);
#6980=ORIENTED_EDGE('',*,*,#5309,.T.);
#6981=ORIENTED_EDGE('',*,*,#5306,.F.);
#6982=ORIENTED_EDGE('',*,*,#5307,.F.);
#6983=ORIENTED_EDGE('',*,*,#5309,.F.);
#6984=ORIENTED_EDGE('',*,*,#5310,.F.);
#6985=ORIENTED_EDGE('',*,*,#5304,.F.);
#6986=ORIENTED_EDGE('',*,*,#5311,.T.);
#6987=ORIENTED_EDGE('',*,*,#5312,.T.);
#6988=ORIENTED_EDGE('',*,*,#5310,.T.);
#6989=ORIENTED_EDGE('',*,*,#5308,.T.);
#6990=ORIENTED_EDGE('',*,*,#5312,.F.);
#6991=ORIENTED_EDGE('',*,*,#5311,.F.);
#6992=ORIENTED_EDGE('',*,*,#5313,.F.);
#6993=ORIENTED_EDGE('',*,*,#5314,.T.);
#6994=ORIENTED_EDGE('',*,*,#5315,.F.);
#6995=ORIENTED_EDGE('',*,*,#5314,.F.);
#6996=ORIENTED_EDGE('',*,*,#5315,.T.);
#6997=ORIENTED_EDGE('',*,*,#5313,.T.);
#6998=ORIENTED_EDGE('',*,*,#5316,.F.);
#6999=ORIENTED_EDGE('',*,*,#5317,.T.);
#7000=ORIENTED_EDGE('',*,*,#5318,.F.);
#7001=ORIENTED_EDGE('',*,*,#5317,.F.);
#7002=ORIENTED_EDGE('',*,*,#5318,.T.);
#7003=ORIENTED_EDGE('',*,*,#5316,.T.);
#7004=ORIENTED_EDGE('',*,*,#5319,.F.);
#7005=ORIENTED_EDGE('',*,*,#5320,.T.);
#7006=ORIENTED_EDGE('',*,*,#5321,.F.);
#7007=ORIENTED_EDGE('',*,*,#5320,.F.);
#7008=ORIENTED_EDGE('',*,*,#5321,.T.);
#7009=ORIENTED_EDGE('',*,*,#5319,.T.);
#7010=ORIENTED_EDGE('',*,*,#5322,.F.);
#7011=ORIENTED_EDGE('',*,*,#5323,.T.);
#7012=ORIENTED_EDGE('',*,*,#5324,.F.);
#7013=ORIENTED_EDGE('',*,*,#5323,.F.);
#7014=ORIENTED_EDGE('',*,*,#5324,.T.);
#7015=ORIENTED_EDGE('',*,*,#5322,.T.);
#7016=ORIENTED_EDGE('',*,*,#5325,.F.);
#7017=ORIENTED_EDGE('',*,*,#5326,.T.);
#7018=ORIENTED_EDGE('',*,*,#5327,.F.);
#7019=ORIENTED_EDGE('',*,*,#5326,.F.);
#7020=ORIENTED_EDGE('',*,*,#5327,.T.);
#7021=ORIENTED_EDGE('',*,*,#5325,.T.);
#7022=ORIENTED_EDGE('',*,*,#5328,.F.);
#7023=ORIENTED_EDGE('',*,*,#5329,.T.);
#7024=ORIENTED_EDGE('',*,*,#5330,.F.);
#7025=ORIENTED_EDGE('',*,*,#5329,.F.);
#7026=ORIENTED_EDGE('',*,*,#5330,.T.);
#7027=ORIENTED_EDGE('',*,*,#5328,.T.);
#7028=ORIENTED_EDGE('',*,*,#5331,.F.);
#7029=ORIENTED_EDGE('',*,*,#5332,.T.);
#7030=ORIENTED_EDGE('',*,*,#5333,.F.);
#7031=ORIENTED_EDGE('',*,*,#5332,.F.);
#7032=ORIENTED_EDGE('',*,*,#5333,.T.);
#7033=ORIENTED_EDGE('',*,*,#5331,.T.);
#7034=ORIENTED_EDGE('',*,*,#5334,.F.);
#7035=ORIENTED_EDGE('',*,*,#5335,.T.);
#7036=ORIENTED_EDGE('',*,*,#5336,.F.);
#7037=ORIENTED_EDGE('',*,*,#5335,.F.);
#7038=ORIENTED_EDGE('',*,*,#5336,.T.);
#7039=ORIENTED_EDGE('',*,*,#5334,.T.);
#7040=ORIENTED_EDGE('',*,*,#5337,.F.);
#7041=ORIENTED_EDGE('',*,*,#5338,.T.);
#7042=ORIENTED_EDGE('',*,*,#5339,.F.);
#7043=ORIENTED_EDGE('',*,*,#5338,.F.);
#7044=ORIENTED_EDGE('',*,*,#5339,.T.);
#7045=ORIENTED_EDGE('',*,*,#5337,.T.);
#7046=ORIENTED_EDGE('',*,*,#5340,.F.);
#7047=ORIENTED_EDGE('',*,*,#5341,.F.);
#7048=ORIENTED_EDGE('',*,*,#5342,.F.);
#7049=ORIENTED_EDGE('',*,*,#5343,.F.);
#7050=ORIENTED_EDGE('',*,*,#5344,.F.);
#7051=ORIENTED_EDGE('',*,*,#5345,.F.);
#7052=ORIENTED_EDGE('',*,*,#5346,.F.);
#7053=ORIENTED_EDGE('',*,*,#5347,.F.);
#7054=ORIENTED_EDGE('',*,*,#5348,.F.);
#7055=ORIENTED_EDGE('',*,*,#5349,.F.);
#7056=ORIENTED_EDGE('',*,*,#5350,.F.);
#7057=ORIENTED_EDGE('',*,*,#5351,.F.);
#7058=ORIENTED_EDGE('',*,*,#5352,.F.);
#7059=ORIENTED_EDGE('',*,*,#5353,.F.);
#7060=ORIENTED_EDGE('',*,*,#5354,.F.);
#7061=ORIENTED_EDGE('',*,*,#5353,.T.);
#7062=ORIENTED_EDGE('',*,*,#5355,.T.);
#7063=ORIENTED_EDGE('',*,*,#5348,.T.);
#7064=ORIENTED_EDGE('',*,*,#5356,.T.);
#7065=ORIENTED_EDGE('',*,*,#5357,.F.);
#7066=ORIENTED_EDGE('',*,*,#5358,.F.);
#7067=ORIENTED_EDGE('',*,*,#5359,.F.);
#7068=ORIENTED_EDGE('',*,*,#5360,.F.);
#7069=ORIENTED_EDGE('',*,*,#5361,.F.);
#7070=ORIENTED_EDGE('',*,*,#5362,.F.);
#7071=ORIENTED_EDGE('',*,*,#5347,.T.);
#7072=ORIENTED_EDGE('',*,*,#5363,.T.);
#7073=ORIENTED_EDGE('',*,*,#5361,.T.);
#7074=ORIENTED_EDGE('',*,*,#5364,.T.);
#7075=ORIENTED_EDGE('',*,*,#5350,.T.);
#7076=ORIENTED_EDGE('',*,*,#5365,.T.);
#7077=ORIENTED_EDGE('',*,*,#5362,.T.);
#7078=ORIENTED_EDGE('',*,*,#5366,.T.);
#7079=ORIENTED_EDGE('',*,*,#5367,.F.);
#7080=ORIENTED_EDGE('',*,*,#5368,.F.);
#7081=ORIENTED_EDGE('',*,*,#5369,.F.);
#7082=ORIENTED_EDGE('',*,*,#5368,.T.);
#7083=ORIENTED_EDGE('',*,*,#5370,.T.);
#7084=ORIENTED_EDGE('',*,*,#5354,.T.);
#7085=ORIENTED_EDGE('',*,*,#5371,.T.);
#7086=ORIENTED_EDGE('',*,*,#5360,.T.);
#7087=ORIENTED_EDGE('',*,*,#5372,.T.);
#7088=ORIENTED_EDGE('',*,*,#5369,.T.);
#7089=ORIENTED_EDGE('',*,*,#5373,.T.);
#7090=ORIENTED_EDGE('',*,*,#5358,.T.);
#7091=ORIENTED_EDGE('',*,*,#5374,.T.);
#7092=ORIENTED_EDGE('',*,*,#5367,.T.);
#7093=ORIENTED_EDGE('',*,*,#5375,.T.);
#7094=ORIENTED_EDGE('',*,*,#5349,.T.);
#7095=ORIENTED_EDGE('',*,*,#5376,.T.);
#7096=ORIENTED_EDGE('',*,*,#5359,.T.);
#7097=ORIENTED_EDGE('',*,*,#5377,.T.);
#7098=ORIENTED_EDGE('',*,*,#5357,.T.);
#7099=ORIENTED_EDGE('',*,*,#5378,.T.);
#7100=ORIENTED_EDGE('',*,*,#5345,.T.);
#7101=ORIENTED_EDGE('',*,*,#5379,.T.);
#7102=ORIENTED_EDGE('',*,*,#5344,.T.);
#7103=ORIENTED_EDGE('',*,*,#5380,.T.);
#7104=ORIENTED_EDGE('',*,*,#5352,.T.);
#7105=ORIENTED_EDGE('',*,*,#5381,.T.);
#7106=ORIENTED_EDGE('',*,*,#5340,.T.);
#7107=ORIENTED_EDGE('',*,*,#5382,.T.);
#7108=ORIENTED_EDGE('',*,*,#5351,.T.);
#7109=ORIENTED_EDGE('',*,*,#5383,.T.);
#7110=ORIENTED_EDGE('',*,*,#5341,.T.);
#7111=ORIENTED_EDGE('',*,*,#5384,.T.);
#7112=ORIENTED_EDGE('',*,*,#5346,.T.);
#7113=ORIENTED_EDGE('',*,*,#5385,.T.);
#7114=ORIENTED_EDGE('',*,*,#5343,.T.);
#7115=ORIENTED_EDGE('',*,*,#5386,.T.);
#7116=ORIENTED_EDGE('',*,*,#5342,.T.);
#7117=ORIENTED_EDGE('',*,*,#5387,.T.);
#7118=ORIENTED_EDGE('',*,*,#5355,.F.);
#7119=ORIENTED_EDGE('',*,*,#5380,.F.);
#7120=ORIENTED_EDGE('',*,*,#5387,.F.);
#7121=ORIENTED_EDGE('',*,*,#5385,.F.);
#7122=ORIENTED_EDGE('',*,*,#5356,.F.);
#7123=ORIENTED_EDGE('',*,*,#5364,.F.);
#7124=ORIENTED_EDGE('',*,*,#5373,.F.);
#7125=ORIENTED_EDGE('',*,*,#5371,.F.);
#7126=ORIENTED_EDGE('',*,*,#5363,.F.);
#7127=ORIENTED_EDGE('',*,*,#5384,.F.);
#7128=ORIENTED_EDGE('',*,*,#5383,.F.);
#7129=ORIENTED_EDGE('',*,*,#5366,.F.);
#7130=ORIENTED_EDGE('',*,*,#5365,.F.);
#7131=ORIENTED_EDGE('',*,*,#5377,.F.);
#7132=ORIENTED_EDGE('',*,*,#5375,.F.);
#7133=ORIENTED_EDGE('',*,*,#5372,.F.);
#7134=ORIENTED_EDGE('',*,*,#5370,.F.);
#7135=ORIENTED_EDGE('',*,*,#5374,.F.);
#7136=ORIENTED_EDGE('',*,*,#5379,.F.);
#7137=ORIENTED_EDGE('',*,*,#5381,.F.);
#7138=ORIENTED_EDGE('',*,*,#5376,.F.);
#7139=ORIENTED_EDGE('',*,*,#5382,.F.);
#7140=ORIENTED_EDGE('',*,*,#5386,.F.);
#7141=ORIENTED_EDGE('',*,*,#5378,.F.);
#7142=ORIENTED_EDGE('',*,*,#5388,.T.);
#7143=ORIENTED_EDGE('',*,*,#5389,.T.);
#7144=ORIENTED_EDGE('',*,*,#5390,.F.);
#7145=ORIENTED_EDGE('',*,*,#5391,.F.);
#7146=ORIENTED_EDGE('',*,*,#5392,.T.);
#7147=ORIENTED_EDGE('',*,*,#5391,.T.);
#7148=ORIENTED_EDGE('',*,*,#5393,.F.);
#7149=ORIENTED_EDGE('',*,*,#5394,.F.);
#7150=ORIENTED_EDGE('',*,*,#5395,.T.);
#7151=ORIENTED_EDGE('',*,*,#5394,.T.);
#7152=ORIENTED_EDGE('',*,*,#5396,.F.);
#7153=ORIENTED_EDGE('',*,*,#5397,.F.);
#7154=ORIENTED_EDGE('',*,*,#5398,.T.);
#7155=ORIENTED_EDGE('',*,*,#5397,.T.);
#7156=ORIENTED_EDGE('',*,*,#5399,.F.);
#7157=ORIENTED_EDGE('',*,*,#5389,.F.);
#7158=ORIENTED_EDGE('',*,*,#5399,.T.);
#7159=ORIENTED_EDGE('',*,*,#5396,.T.);
#7160=ORIENTED_EDGE('',*,*,#5393,.T.);
#7161=ORIENTED_EDGE('',*,*,#5390,.T.);
#7162=ORIENTED_EDGE('',*,*,#5398,.F.);
#7163=ORIENTED_EDGE('',*,*,#5388,.F.);
#7164=ORIENTED_EDGE('',*,*,#5392,.F.);
#7165=ORIENTED_EDGE('',*,*,#5395,.F.);
#7166=ORIENTED_EDGE('',*,*,#5400,.T.);
#7167=ORIENTED_EDGE('',*,*,#5401,.T.);
#7168=ORIENTED_EDGE('',*,*,#5402,.F.);
#7169=ORIENTED_EDGE('',*,*,#5403,.F.);
#7170=ORIENTED_EDGE('',*,*,#5404,.T.);
#7171=ORIENTED_EDGE('',*,*,#5403,.T.);
#7172=ORIENTED_EDGE('',*,*,#5405,.F.);
#7173=ORIENTED_EDGE('',*,*,#5406,.F.);
#7174=ORIENTED_EDGE('',*,*,#5407,.T.);
#7175=ORIENTED_EDGE('',*,*,#5406,.T.);
#7176=ORIENTED_EDGE('',*,*,#5408,.F.);
#7177=ORIENTED_EDGE('',*,*,#5409,.F.);
#7178=ORIENTED_EDGE('',*,*,#5410,.T.);
#7179=ORIENTED_EDGE('',*,*,#5409,.T.);
#7180=ORIENTED_EDGE('',*,*,#5411,.F.);
#7181=ORIENTED_EDGE('',*,*,#5401,.F.);
#7182=ORIENTED_EDGE('',*,*,#5411,.T.);
#7183=ORIENTED_EDGE('',*,*,#5408,.T.);
#7184=ORIENTED_EDGE('',*,*,#5405,.T.);
#7185=ORIENTED_EDGE('',*,*,#5402,.T.);
#7186=ORIENTED_EDGE('',*,*,#5410,.F.);
#7187=ORIENTED_EDGE('',*,*,#5400,.F.);
#7188=ORIENTED_EDGE('',*,*,#5404,.F.);
#7189=ORIENTED_EDGE('',*,*,#5407,.F.);
#7190=ORIENTED_EDGE('',*,*,#5412,.T.);
#7191=ORIENTED_EDGE('',*,*,#5413,.T.);
#7192=ORIENTED_EDGE('',*,*,#5414,.F.);
#7193=ORIENTED_EDGE('',*,*,#5415,.F.);
#7194=ORIENTED_EDGE('',*,*,#5416,.T.);
#7195=ORIENTED_EDGE('',*,*,#5415,.T.);
#7196=ORIENTED_EDGE('',*,*,#5417,.F.);
#7197=ORIENTED_EDGE('',*,*,#5418,.F.);
#7198=ORIENTED_EDGE('',*,*,#5419,.T.);
#7199=ORIENTED_EDGE('',*,*,#5418,.T.);
#7200=ORIENTED_EDGE('',*,*,#5420,.F.);
#7201=ORIENTED_EDGE('',*,*,#5421,.F.);
#7202=ORIENTED_EDGE('',*,*,#5422,.T.);
#7203=ORIENTED_EDGE('',*,*,#5421,.T.);
#7204=ORIENTED_EDGE('',*,*,#5423,.F.);
#7205=ORIENTED_EDGE('',*,*,#5413,.F.);
#7206=ORIENTED_EDGE('',*,*,#5423,.T.);
#7207=ORIENTED_EDGE('',*,*,#5420,.T.);
#7208=ORIENTED_EDGE('',*,*,#5417,.T.);
#7209=ORIENTED_EDGE('',*,*,#5414,.T.);
#7210=ORIENTED_EDGE('',*,*,#5422,.F.);
#7211=ORIENTED_EDGE('',*,*,#5412,.F.);
#7212=ORIENTED_EDGE('',*,*,#5416,.F.);
#7213=ORIENTED_EDGE('',*,*,#5419,.F.);
#7214=ORIENTED_EDGE('',*,*,#5424,.T.);
#7215=ORIENTED_EDGE('',*,*,#5425,.T.);
#7216=ORIENTED_EDGE('',*,*,#5426,.F.);
#7217=ORIENTED_EDGE('',*,*,#5427,.F.);
#7218=ORIENTED_EDGE('',*,*,#5428,.T.);
#7219=ORIENTED_EDGE('',*,*,#5427,.T.);
#7220=ORIENTED_EDGE('',*,*,#5429,.F.);
#7221=ORIENTED_EDGE('',*,*,#5430,.F.);
#7222=ORIENTED_EDGE('',*,*,#5431,.T.);
#7223=ORIENTED_EDGE('',*,*,#5430,.T.);
#7224=ORIENTED_EDGE('',*,*,#5432,.F.);
#7225=ORIENTED_EDGE('',*,*,#5433,.F.);
#7226=ORIENTED_EDGE('',*,*,#5434,.T.);
#7227=ORIENTED_EDGE('',*,*,#5433,.T.);
#7228=ORIENTED_EDGE('',*,*,#5435,.F.);
#7229=ORIENTED_EDGE('',*,*,#5425,.F.);
#7230=ORIENTED_EDGE('',*,*,#5435,.T.);
#7231=ORIENTED_EDGE('',*,*,#5432,.T.);
#7232=ORIENTED_EDGE('',*,*,#5429,.T.);
#7233=ORIENTED_EDGE('',*,*,#5426,.T.);
#7234=ORIENTED_EDGE('',*,*,#5434,.F.);
#7235=ORIENTED_EDGE('',*,*,#5424,.F.);
#7236=ORIENTED_EDGE('',*,*,#5428,.F.);
#7237=ORIENTED_EDGE('',*,*,#5431,.F.);
#7238=ORIENTED_EDGE('',*,*,#5436,.T.);
#7239=ORIENTED_EDGE('',*,*,#5437,.T.);
#7240=ORIENTED_EDGE('',*,*,#5438,.F.);
#7241=ORIENTED_EDGE('',*,*,#5439,.F.);
#7242=ORIENTED_EDGE('',*,*,#5440,.T.);
#7243=ORIENTED_EDGE('',*,*,#5439,.T.);
#7244=ORIENTED_EDGE('',*,*,#5441,.F.);
#7245=ORIENTED_EDGE('',*,*,#5442,.F.);
#7246=ORIENTED_EDGE('',*,*,#5443,.T.);
#7247=ORIENTED_EDGE('',*,*,#5442,.T.);
#7248=ORIENTED_EDGE('',*,*,#5444,.F.);
#7249=ORIENTED_EDGE('',*,*,#5445,.F.);
#7250=ORIENTED_EDGE('',*,*,#5446,.T.);
#7251=ORIENTED_EDGE('',*,*,#5445,.T.);
#7252=ORIENTED_EDGE('',*,*,#5447,.F.);
#7253=ORIENTED_EDGE('',*,*,#5437,.F.);
#7254=ORIENTED_EDGE('',*,*,#5447,.T.);
#7255=ORIENTED_EDGE('',*,*,#5444,.T.);
#7256=ORIENTED_EDGE('',*,*,#5441,.T.);
#7257=ORIENTED_EDGE('',*,*,#5438,.T.);
#7258=ORIENTED_EDGE('',*,*,#5446,.F.);
#7259=ORIENTED_EDGE('',*,*,#5436,.F.);
#7260=ORIENTED_EDGE('',*,*,#5440,.F.);
#7261=ORIENTED_EDGE('',*,*,#5443,.F.);
#7262=ORIENTED_EDGE('',*,*,#5448,.F.);
#7263=ORIENTED_EDGE('',*,*,#5449,.F.);
#7264=ORIENTED_EDGE('',*,*,#5450,.F.);
#7265=ORIENTED_EDGE('',*,*,#5451,.F.);
#7266=ORIENTED_EDGE('',*,*,#5452,.F.);
#7267=ORIENTED_EDGE('',*,*,#5453,.F.);
#7268=ORIENTED_EDGE('',*,*,#5454,.F.);
#7269=ORIENTED_EDGE('',*,*,#5455,.F.);
#7270=ORIENTED_EDGE('',*,*,#5456,.F.);
#7271=ORIENTED_EDGE('',*,*,#5457,.F.);
#7272=ORIENTED_EDGE('',*,*,#5458,.F.);
#7273=ORIENTED_EDGE('',*,*,#5459,.F.);
#7274=ORIENTED_EDGE('',*,*,#5460,.F.);
#7275=ORIENTED_EDGE('',*,*,#5461,.F.);
#7276=ORIENTED_EDGE('',*,*,#5462,.F.);
#7277=ORIENTED_EDGE('',*,*,#5461,.T.);
#7278=ORIENTED_EDGE('',*,*,#5463,.T.);
#7279=ORIENTED_EDGE('',*,*,#5456,.T.);
#7280=ORIENTED_EDGE('',*,*,#5464,.T.);
#7281=ORIENTED_EDGE('',*,*,#5465,.F.);
#7282=ORIENTED_EDGE('',*,*,#5466,.F.);
#7283=ORIENTED_EDGE('',*,*,#5467,.F.);
#7284=ORIENTED_EDGE('',*,*,#5468,.F.);
#7285=ORIENTED_EDGE('',*,*,#5469,.F.);
#7286=ORIENTED_EDGE('',*,*,#5470,.F.);
#7287=ORIENTED_EDGE('',*,*,#5455,.T.);
#7288=ORIENTED_EDGE('',*,*,#5471,.T.);
#7289=ORIENTED_EDGE('',*,*,#5469,.T.);
#7290=ORIENTED_EDGE('',*,*,#5472,.T.);
#7291=ORIENTED_EDGE('',*,*,#5458,.T.);
#7292=ORIENTED_EDGE('',*,*,#5473,.T.);
#7293=ORIENTED_EDGE('',*,*,#5470,.T.);
#7294=ORIENTED_EDGE('',*,*,#5474,.T.);
#7295=ORIENTED_EDGE('',*,*,#5475,.F.);
#7296=ORIENTED_EDGE('',*,*,#5476,.F.);
#7297=ORIENTED_EDGE('',*,*,#5477,.F.);
#7298=ORIENTED_EDGE('',*,*,#5476,.T.);
#7299=ORIENTED_EDGE('',*,*,#5478,.T.);
#7300=ORIENTED_EDGE('',*,*,#5462,.T.);
#7301=ORIENTED_EDGE('',*,*,#5479,.T.);
#7302=ORIENTED_EDGE('',*,*,#5468,.T.);
#7303=ORIENTED_EDGE('',*,*,#5480,.T.);
#7304=ORIENTED_EDGE('',*,*,#5477,.T.);
#7305=ORIENTED_EDGE('',*,*,#5481,.T.);
#7306=ORIENTED_EDGE('',*,*,#5466,.T.);
#7307=ORIENTED_EDGE('',*,*,#5482,.T.);
#7308=ORIENTED_EDGE('',*,*,#5475,.T.);
#7309=ORIENTED_EDGE('',*,*,#5483,.T.);
#7310=ORIENTED_EDGE('',*,*,#5457,.T.);
#7311=ORIENTED_EDGE('',*,*,#5484,.T.);
#7312=ORIENTED_EDGE('',*,*,#5467,.T.);
#7313=ORIENTED_EDGE('',*,*,#5485,.T.);
#7314=ORIENTED_EDGE('',*,*,#5465,.T.);
#7315=ORIENTED_EDGE('',*,*,#5486,.T.);
#7316=ORIENTED_EDGE('',*,*,#5453,.T.);
#7317=ORIENTED_EDGE('',*,*,#5487,.T.);
#7318=ORIENTED_EDGE('',*,*,#5452,.T.);
#7319=ORIENTED_EDGE('',*,*,#5488,.T.);
#7320=ORIENTED_EDGE('',*,*,#5460,.T.);
#7321=ORIENTED_EDGE('',*,*,#5489,.T.);
#7322=ORIENTED_EDGE('',*,*,#5448,.T.);
#7323=ORIENTED_EDGE('',*,*,#5490,.T.);
#7324=ORIENTED_EDGE('',*,*,#5459,.T.);
#7325=ORIENTED_EDGE('',*,*,#5491,.T.);
#7326=ORIENTED_EDGE('',*,*,#5449,.T.);
#7327=ORIENTED_EDGE('',*,*,#5492,.T.);
#7328=ORIENTED_EDGE('',*,*,#5454,.T.);
#7329=ORIENTED_EDGE('',*,*,#5493,.T.);
#7330=ORIENTED_EDGE('',*,*,#5451,.T.);
#7331=ORIENTED_EDGE('',*,*,#5494,.T.);
#7332=ORIENTED_EDGE('',*,*,#5450,.T.);
#7333=ORIENTED_EDGE('',*,*,#5495,.T.);
#7334=ORIENTED_EDGE('',*,*,#5463,.F.);
#7335=ORIENTED_EDGE('',*,*,#5488,.F.);
#7336=ORIENTED_EDGE('',*,*,#5495,.F.);
#7337=ORIENTED_EDGE('',*,*,#5493,.F.);
#7338=ORIENTED_EDGE('',*,*,#5464,.F.);
#7339=ORIENTED_EDGE('',*,*,#5472,.F.);
#7340=ORIENTED_EDGE('',*,*,#5481,.F.);
#7341=ORIENTED_EDGE('',*,*,#5479,.F.);
#7342=ORIENTED_EDGE('',*,*,#5471,.F.);
#7343=ORIENTED_EDGE('',*,*,#5492,.F.);
#7344=ORIENTED_EDGE('',*,*,#5491,.F.);
#7345=ORIENTED_EDGE('',*,*,#5474,.F.);
#7346=ORIENTED_EDGE('',*,*,#5473,.F.);
#7347=ORIENTED_EDGE('',*,*,#5485,.F.);
#7348=ORIENTED_EDGE('',*,*,#5483,.F.);
#7349=ORIENTED_EDGE('',*,*,#5480,.F.);
#7350=ORIENTED_EDGE('',*,*,#5478,.F.);
#7351=ORIENTED_EDGE('',*,*,#5482,.F.);
#7352=ORIENTED_EDGE('',*,*,#5487,.F.);
#7353=ORIENTED_EDGE('',*,*,#5489,.F.);
#7354=ORIENTED_EDGE('',*,*,#5484,.F.);
#7355=ORIENTED_EDGE('',*,*,#5490,.F.);
#7356=ORIENTED_EDGE('',*,*,#5494,.F.);
#7357=ORIENTED_EDGE('',*,*,#5486,.F.);
#7358=ORIENTED_EDGE('',*,*,#5496,.T.);
#7359=ORIENTED_EDGE('',*,*,#5497,.T.);
#7360=ORIENTED_EDGE('',*,*,#5498,.F.);
#7361=ORIENTED_EDGE('',*,*,#5499,.F.);
#7362=ORIENTED_EDGE('',*,*,#5500,.T.);
#7363=ORIENTED_EDGE('',*,*,#5499,.T.);
#7364=ORIENTED_EDGE('',*,*,#5501,.F.);
#7365=ORIENTED_EDGE('',*,*,#5502,.F.);
#7366=ORIENTED_EDGE('',*,*,#5503,.T.);
#7367=ORIENTED_EDGE('',*,*,#5502,.T.);
#7368=ORIENTED_EDGE('',*,*,#5504,.F.);
#7369=ORIENTED_EDGE('',*,*,#5505,.F.);
#7370=ORIENTED_EDGE('',*,*,#5506,.T.);
#7371=ORIENTED_EDGE('',*,*,#5505,.T.);
#7372=ORIENTED_EDGE('',*,*,#5507,.F.);
#7373=ORIENTED_EDGE('',*,*,#5497,.F.);
#7374=ORIENTED_EDGE('',*,*,#5507,.T.);
#7375=ORIENTED_EDGE('',*,*,#5504,.T.);
#7376=ORIENTED_EDGE('',*,*,#5501,.T.);
#7377=ORIENTED_EDGE('',*,*,#5498,.T.);
#7378=ORIENTED_EDGE('',*,*,#5506,.F.);
#7379=ORIENTED_EDGE('',*,*,#5496,.F.);
#7380=ORIENTED_EDGE('',*,*,#5500,.F.);
#7381=ORIENTED_EDGE('',*,*,#5503,.F.);
#7382=ORIENTED_EDGE('',*,*,#5508,.F.);
#7383=ORIENTED_EDGE('',*,*,#5509,.T.);
#7384=ORIENTED_EDGE('',*,*,#5510,.T.);
#7385=ORIENTED_EDGE('',*,*,#5509,.F.);
#7386=ORIENTED_EDGE('',*,*,#5508,.T.);
#7387=ORIENTED_EDGE('',*,*,#5510,.F.);
#7388=ORIENTED_EDGE('',*,*,#5511,.F.);
#7389=ORIENTED_EDGE('',*,*,#5512,.T.);
#7390=ORIENTED_EDGE('',*,*,#5513,.T.);
#7391=ORIENTED_EDGE('',*,*,#5512,.F.);
#7392=ORIENTED_EDGE('',*,*,#5511,.T.);
#7393=ORIENTED_EDGE('',*,*,#5513,.F.);
#7394=ORIENTED_EDGE('',*,*,#5514,.F.);
#7395=ORIENTED_EDGE('',*,*,#5515,.F.);
#7396=ORIENTED_EDGE('',*,*,#5516,.F.);
#7397=ORIENTED_EDGE('',*,*,#5517,.F.);
#7398=ORIENTED_EDGE('',*,*,#5518,.F.);
#7399=ORIENTED_EDGE('',*,*,#5519,.F.);
#7400=ORIENTED_EDGE('',*,*,#5520,.F.);
#7401=ORIENTED_EDGE('',*,*,#5521,.F.);
#7402=ORIENTED_EDGE('',*,*,#5522,.F.);
#7403=ORIENTED_EDGE('',*,*,#5523,.F.);
#7404=ORIENTED_EDGE('',*,*,#5524,.F.);
#7405=ORIENTED_EDGE('',*,*,#5525,.F.);
#7406=ORIENTED_EDGE('',*,*,#5526,.F.);
#7407=ORIENTED_EDGE('',*,*,#5527,.F.);
#7408=ORIENTED_EDGE('',*,*,#5528,.F.);
#7409=ORIENTED_EDGE('',*,*,#5527,.T.);
#7410=ORIENTED_EDGE('',*,*,#5529,.T.);
#7411=ORIENTED_EDGE('',*,*,#5522,.T.);
#7412=ORIENTED_EDGE('',*,*,#5530,.T.);
#7413=ORIENTED_EDGE('',*,*,#5531,.F.);
#7414=ORIENTED_EDGE('',*,*,#5532,.F.);
#7415=ORIENTED_EDGE('',*,*,#5533,.F.);
#7416=ORIENTED_EDGE('',*,*,#5534,.F.);
#7417=ORIENTED_EDGE('',*,*,#5535,.F.);
#7418=ORIENTED_EDGE('',*,*,#5536,.F.);
#7419=ORIENTED_EDGE('',*,*,#5521,.T.);
#7420=ORIENTED_EDGE('',*,*,#5537,.T.);
#7421=ORIENTED_EDGE('',*,*,#5535,.T.);
#7422=ORIENTED_EDGE('',*,*,#5538,.T.);
#7423=ORIENTED_EDGE('',*,*,#5524,.T.);
#7424=ORIENTED_EDGE('',*,*,#5539,.T.);
#7425=ORIENTED_EDGE('',*,*,#5536,.T.);
#7426=ORIENTED_EDGE('',*,*,#5540,.T.);
#7427=ORIENTED_EDGE('',*,*,#5541,.F.);
#7428=ORIENTED_EDGE('',*,*,#5542,.F.);
#7429=ORIENTED_EDGE('',*,*,#5543,.F.);
#7430=ORIENTED_EDGE('',*,*,#5542,.T.);
#7431=ORIENTED_EDGE('',*,*,#5544,.T.);
#7432=ORIENTED_EDGE('',*,*,#5528,.T.);
#7433=ORIENTED_EDGE('',*,*,#5545,.T.);
#7434=ORIENTED_EDGE('',*,*,#5534,.T.);
#7435=ORIENTED_EDGE('',*,*,#5546,.T.);
#7436=ORIENTED_EDGE('',*,*,#5543,.T.);
#7437=ORIENTED_EDGE('',*,*,#5547,.T.);
#7438=ORIENTED_EDGE('',*,*,#5532,.T.);
#7439=ORIENTED_EDGE('',*,*,#5548,.T.);
#7440=ORIENTED_EDGE('',*,*,#5541,.T.);
#7441=ORIENTED_EDGE('',*,*,#5549,.T.);
#7442=ORIENTED_EDGE('',*,*,#5523,.T.);
#7443=ORIENTED_EDGE('',*,*,#5550,.T.);
#7444=ORIENTED_EDGE('',*,*,#5533,.T.);
#7445=ORIENTED_EDGE('',*,*,#5551,.T.);
#7446=ORIENTED_EDGE('',*,*,#5531,.T.);
#7447=ORIENTED_EDGE('',*,*,#5552,.T.);
#7448=ORIENTED_EDGE('',*,*,#5519,.T.);
#7449=ORIENTED_EDGE('',*,*,#5553,.T.);
#7450=ORIENTED_EDGE('',*,*,#5518,.T.);
#7451=ORIENTED_EDGE('',*,*,#5554,.T.);
#7452=ORIENTED_EDGE('',*,*,#5526,.T.);
#7453=ORIENTED_EDGE('',*,*,#5555,.T.);
#7454=ORIENTED_EDGE('',*,*,#5514,.T.);
#7455=ORIENTED_EDGE('',*,*,#5556,.T.);
#7456=ORIENTED_EDGE('',*,*,#5525,.T.);
#7457=ORIENTED_EDGE('',*,*,#5557,.T.);
#7458=ORIENTED_EDGE('',*,*,#5515,.T.);
#7459=ORIENTED_EDGE('',*,*,#5558,.T.);
#7460=ORIENTED_EDGE('',*,*,#5520,.T.);
#7461=ORIENTED_EDGE('',*,*,#5559,.T.);
#7462=ORIENTED_EDGE('',*,*,#5517,.T.);
#7463=ORIENTED_EDGE('',*,*,#5560,.T.);
#7464=ORIENTED_EDGE('',*,*,#5516,.T.);
#7465=ORIENTED_EDGE('',*,*,#5561,.T.);
#7466=ORIENTED_EDGE('',*,*,#5529,.F.);
#7467=ORIENTED_EDGE('',*,*,#5554,.F.);
#7468=ORIENTED_EDGE('',*,*,#5561,.F.);
#7469=ORIENTED_EDGE('',*,*,#5559,.F.);
#7470=ORIENTED_EDGE('',*,*,#5530,.F.);
#7471=ORIENTED_EDGE('',*,*,#5538,.F.);
#7472=ORIENTED_EDGE('',*,*,#5547,.F.);
#7473=ORIENTED_EDGE('',*,*,#5545,.F.);
#7474=ORIENTED_EDGE('',*,*,#5537,.F.);
#7475=ORIENTED_EDGE('',*,*,#5558,.F.);
#7476=ORIENTED_EDGE('',*,*,#5557,.F.);
#7477=ORIENTED_EDGE('',*,*,#5540,.F.);
#7478=ORIENTED_EDGE('',*,*,#5539,.F.);
#7479=ORIENTED_EDGE('',*,*,#5551,.F.);
#7480=ORIENTED_EDGE('',*,*,#5549,.F.);
#7481=ORIENTED_EDGE('',*,*,#5546,.F.);
#7482=ORIENTED_EDGE('',*,*,#5544,.F.);
#7483=ORIENTED_EDGE('',*,*,#5548,.F.);
#7484=ORIENTED_EDGE('',*,*,#5553,.F.);
#7485=ORIENTED_EDGE('',*,*,#5555,.F.);
#7486=ORIENTED_EDGE('',*,*,#5550,.F.);
#7487=ORIENTED_EDGE('',*,*,#5556,.F.);
#7488=ORIENTED_EDGE('',*,*,#5560,.F.);
#7489=ORIENTED_EDGE('',*,*,#5552,.F.);
#7490=ORIENTED_EDGE('',*,*,#5562,.T.);
#7491=ORIENTED_EDGE('',*,*,#5563,.T.);
#7492=ORIENTED_EDGE('',*,*,#5564,.F.);
#7493=ORIENTED_EDGE('',*,*,#5565,.F.);
#7494=ORIENTED_EDGE('',*,*,#5566,.T.);
#7495=ORIENTED_EDGE('',*,*,#5565,.T.);
#7496=ORIENTED_EDGE('',*,*,#5567,.F.);
#7497=ORIENTED_EDGE('',*,*,#5568,.F.);
#7498=ORIENTED_EDGE('',*,*,#5569,.T.);
#7499=ORIENTED_EDGE('',*,*,#5568,.T.);
#7500=ORIENTED_EDGE('',*,*,#5570,.F.);
#7501=ORIENTED_EDGE('',*,*,#5571,.F.);
#7502=ORIENTED_EDGE('',*,*,#5572,.T.);
#7503=ORIENTED_EDGE('',*,*,#5571,.T.);
#7504=ORIENTED_EDGE('',*,*,#5573,.F.);
#7505=ORIENTED_EDGE('',*,*,#5563,.F.);
#7506=ORIENTED_EDGE('',*,*,#5573,.T.);
#7507=ORIENTED_EDGE('',*,*,#5570,.T.);
#7508=ORIENTED_EDGE('',*,*,#5567,.T.);
#7509=ORIENTED_EDGE('',*,*,#5564,.T.);
#7510=ORIENTED_EDGE('',*,*,#5572,.F.);
#7511=ORIENTED_EDGE('',*,*,#5562,.F.);
#7512=ORIENTED_EDGE('',*,*,#5566,.F.);
#7513=ORIENTED_EDGE('',*,*,#5569,.F.);
#7514=ORIENTED_EDGE('',*,*,#5574,.F.);
#7515=ORIENTED_EDGE('',*,*,#5575,.T.);
#7516=ORIENTED_EDGE('',*,*,#5576,.T.);
#7517=ORIENTED_EDGE('',*,*,#5575,.F.);
#7518=ORIENTED_EDGE('',*,*,#5574,.T.);
#7519=ORIENTED_EDGE('',*,*,#5576,.F.);
#7520=ORIENTED_EDGE('',*,*,#5577,.F.);
#7521=ORIENTED_EDGE('',*,*,#5578,.T.);
#7522=ORIENTED_EDGE('',*,*,#5579,.T.);
#7523=ORIENTED_EDGE('',*,*,#5578,.F.);
#7524=ORIENTED_EDGE('',*,*,#5577,.T.);
#7525=ORIENTED_EDGE('',*,*,#5579,.F.);
#7526=ORIENTED_EDGE('',*,*,#5580,.T.);
#7527=ORIENTED_EDGE('',*,*,#5581,.T.);
#7528=ORIENTED_EDGE('',*,*,#5582,.F.);
#7529=ORIENTED_EDGE('',*,*,#5583,.F.);
#7530=ORIENTED_EDGE('',*,*,#5584,.T.);
#7531=ORIENTED_EDGE('',*,*,#5583,.T.);
#7532=ORIENTED_EDGE('',*,*,#5585,.F.);
#7533=ORIENTED_EDGE('',*,*,#5586,.F.);
#7534=ORIENTED_EDGE('',*,*,#5587,.T.);
#7535=ORIENTED_EDGE('',*,*,#5586,.T.);
#7536=ORIENTED_EDGE('',*,*,#5588,.F.);
#7537=ORIENTED_EDGE('',*,*,#5589,.F.);
#7538=ORIENTED_EDGE('',*,*,#5590,.T.);
#7539=ORIENTED_EDGE('',*,*,#5589,.T.);
#7540=ORIENTED_EDGE('',*,*,#5591,.F.);
#7541=ORIENTED_EDGE('',*,*,#5581,.F.);
#7542=ORIENTED_EDGE('',*,*,#5591,.T.);
#7543=ORIENTED_EDGE('',*,*,#5588,.T.);
#7544=ORIENTED_EDGE('',*,*,#5585,.T.);
#7545=ORIENTED_EDGE('',*,*,#5582,.T.);
#7546=ORIENTED_EDGE('',*,*,#5590,.F.);
#7547=ORIENTED_EDGE('',*,*,#5580,.F.);
#7548=ORIENTED_EDGE('',*,*,#5584,.F.);
#7549=ORIENTED_EDGE('',*,*,#5587,.F.);
#7550=ORIENTED_EDGE('',*,*,#5592,.T.);
#7551=ORIENTED_EDGE('',*,*,#5593,.T.);
#7552=ORIENTED_EDGE('',*,*,#5594,.F.);
#7553=ORIENTED_EDGE('',*,*,#5595,.F.);
#7554=ORIENTED_EDGE('',*,*,#5596,.T.);
#7555=ORIENTED_EDGE('',*,*,#5595,.T.);
#7556=ORIENTED_EDGE('',*,*,#5597,.F.);
#7557=ORIENTED_EDGE('',*,*,#5598,.F.);
#7558=ORIENTED_EDGE('',*,*,#5599,.T.);
#7559=ORIENTED_EDGE('',*,*,#5598,.T.);
#7560=ORIENTED_EDGE('',*,*,#5600,.F.);
#7561=ORIENTED_EDGE('',*,*,#5601,.F.);
#7562=ORIENTED_EDGE('',*,*,#5602,.T.);
#7563=ORIENTED_EDGE('',*,*,#5601,.T.);
#7564=ORIENTED_EDGE('',*,*,#5603,.F.);
#7565=ORIENTED_EDGE('',*,*,#5593,.F.);
#7566=ORIENTED_EDGE('',*,*,#5603,.T.);
#7567=ORIENTED_EDGE('',*,*,#5600,.T.);
#7568=ORIENTED_EDGE('',*,*,#5597,.T.);
#7569=ORIENTED_EDGE('',*,*,#5594,.T.);
#7570=ORIENTED_EDGE('',*,*,#5602,.F.);
#7571=ORIENTED_EDGE('',*,*,#5592,.F.);
#7572=ORIENTED_EDGE('',*,*,#5596,.F.);
#7573=ORIENTED_EDGE('',*,*,#5599,.F.);
#7574=ORIENTED_EDGE('',*,*,#5604,.F.);
#7575=ORIENTED_EDGE('',*,*,#5605,.T.);
#7576=ORIENTED_EDGE('',*,*,#5606,.T.);
#7577=ORIENTED_EDGE('',*,*,#5605,.F.);
#7578=ORIENTED_EDGE('',*,*,#5604,.T.);
#7579=ORIENTED_EDGE('',*,*,#5606,.F.);
#7580=ORIENTED_EDGE('',*,*,#5607,.F.);
#7581=ORIENTED_EDGE('',*,*,#5608,.F.);
#7582=ORIENTED_EDGE('',*,*,#5609,.F.);
#7583=ORIENTED_EDGE('',*,*,#5610,.F.);
#7584=ORIENTED_EDGE('',*,*,#5611,.F.);
#7585=ORIENTED_EDGE('',*,*,#5612,.F.);
#7586=ORIENTED_EDGE('',*,*,#5613,.F.);
#7587=ORIENTED_EDGE('',*,*,#5614,.F.);
#7588=ORIENTED_EDGE('',*,*,#5615,.F.);
#7589=ORIENTED_EDGE('',*,*,#5616,.F.);
#7590=ORIENTED_EDGE('',*,*,#5617,.F.);
#7591=ORIENTED_EDGE('',*,*,#5618,.F.);
#7592=ORIENTED_EDGE('',*,*,#5619,.F.);
#7593=ORIENTED_EDGE('',*,*,#5620,.F.);
#7594=ORIENTED_EDGE('',*,*,#5621,.F.);
#7595=ORIENTED_EDGE('',*,*,#5620,.T.);
#7596=ORIENTED_EDGE('',*,*,#5622,.T.);
#7597=ORIENTED_EDGE('',*,*,#5615,.T.);
#7598=ORIENTED_EDGE('',*,*,#5623,.T.);
#7599=ORIENTED_EDGE('',*,*,#5624,.F.);
#7600=ORIENTED_EDGE('',*,*,#5625,.F.);
#7601=ORIENTED_EDGE('',*,*,#5626,.F.);
#7602=ORIENTED_EDGE('',*,*,#5627,.F.);
#7603=ORIENTED_EDGE('',*,*,#5628,.F.);
#7604=ORIENTED_EDGE('',*,*,#5629,.F.);
#7605=ORIENTED_EDGE('',*,*,#5614,.T.);
#7606=ORIENTED_EDGE('',*,*,#5630,.T.);
#7607=ORIENTED_EDGE('',*,*,#5628,.T.);
#7608=ORIENTED_EDGE('',*,*,#5631,.T.);
#7609=ORIENTED_EDGE('',*,*,#5617,.T.);
#7610=ORIENTED_EDGE('',*,*,#5632,.T.);
#7611=ORIENTED_EDGE('',*,*,#5629,.T.);
#7612=ORIENTED_EDGE('',*,*,#5633,.T.);
#7613=ORIENTED_EDGE('',*,*,#5634,.F.);
#7614=ORIENTED_EDGE('',*,*,#5635,.F.);
#7615=ORIENTED_EDGE('',*,*,#5636,.F.);
#7616=ORIENTED_EDGE('',*,*,#5635,.T.);
#7617=ORIENTED_EDGE('',*,*,#5637,.T.);
#7618=ORIENTED_EDGE('',*,*,#5621,.T.);
#7619=ORIENTED_EDGE('',*,*,#5638,.T.);
#7620=ORIENTED_EDGE('',*,*,#5627,.T.);
#7621=ORIENTED_EDGE('',*,*,#5639,.T.);
#7622=ORIENTED_EDGE('',*,*,#5636,.T.);
#7623=ORIENTED_EDGE('',*,*,#5640,.T.);
#7624=ORIENTED_EDGE('',*,*,#5625,.T.);
#7625=ORIENTED_EDGE('',*,*,#5641,.T.);
#7626=ORIENTED_EDGE('',*,*,#5634,.T.);
#7627=ORIENTED_EDGE('',*,*,#5642,.T.);
#7628=ORIENTED_EDGE('',*,*,#5616,.T.);
#7629=ORIENTED_EDGE('',*,*,#5643,.T.);
#7630=ORIENTED_EDGE('',*,*,#5626,.T.);
#7631=ORIENTED_EDGE('',*,*,#5644,.T.);
#7632=ORIENTED_EDGE('',*,*,#5624,.T.);
#7633=ORIENTED_EDGE('',*,*,#5645,.T.);
#7634=ORIENTED_EDGE('',*,*,#5612,.T.);
#7635=ORIENTED_EDGE('',*,*,#5646,.T.);
#7636=ORIENTED_EDGE('',*,*,#5611,.T.);
#7637=ORIENTED_EDGE('',*,*,#5647,.T.);
#7638=ORIENTED_EDGE('',*,*,#5619,.T.);
#7639=ORIENTED_EDGE('',*,*,#5648,.T.);
#7640=ORIENTED_EDGE('',*,*,#5607,.T.);
#7641=ORIENTED_EDGE('',*,*,#5649,.T.);
#7642=ORIENTED_EDGE('',*,*,#5618,.T.);
#7643=ORIENTED_EDGE('',*,*,#5650,.T.);
#7644=ORIENTED_EDGE('',*,*,#5608,.T.);
#7645=ORIENTED_EDGE('',*,*,#5651,.T.);
#7646=ORIENTED_EDGE('',*,*,#5613,.T.);
#7647=ORIENTED_EDGE('',*,*,#5652,.T.);
#7648=ORIENTED_EDGE('',*,*,#5610,.T.);
#7649=ORIENTED_EDGE('',*,*,#5653,.T.);
#7650=ORIENTED_EDGE('',*,*,#5609,.T.);
#7651=ORIENTED_EDGE('',*,*,#5654,.T.);
#7652=ORIENTED_EDGE('',*,*,#5622,.F.);
#7653=ORIENTED_EDGE('',*,*,#5647,.F.);
#7654=ORIENTED_EDGE('',*,*,#5654,.F.);
#7655=ORIENTED_EDGE('',*,*,#5652,.F.);
#7656=ORIENTED_EDGE('',*,*,#5623,.F.);
#7657=ORIENTED_EDGE('',*,*,#5631,.F.);
#7658=ORIENTED_EDGE('',*,*,#5640,.F.);
#7659=ORIENTED_EDGE('',*,*,#5638,.F.);
#7660=ORIENTED_EDGE('',*,*,#5630,.F.);
#7661=ORIENTED_EDGE('',*,*,#5651,.F.);
#7662=ORIENTED_EDGE('',*,*,#5650,.F.);
#7663=ORIENTED_EDGE('',*,*,#5633,.F.);
#7664=ORIENTED_EDGE('',*,*,#5632,.F.);
#7665=ORIENTED_EDGE('',*,*,#5644,.F.);
#7666=ORIENTED_EDGE('',*,*,#5642,.F.);
#7667=ORIENTED_EDGE('',*,*,#5639,.F.);
#7668=ORIENTED_EDGE('',*,*,#5637,.F.);
#7669=ORIENTED_EDGE('',*,*,#5641,.F.);
#7670=ORIENTED_EDGE('',*,*,#5646,.F.);
#7671=ORIENTED_EDGE('',*,*,#5648,.F.);
#7672=ORIENTED_EDGE('',*,*,#5643,.F.);
#7673=ORIENTED_EDGE('',*,*,#5649,.F.);
#7674=ORIENTED_EDGE('',*,*,#5653,.F.);
#7675=ORIENTED_EDGE('',*,*,#5645,.F.);
#7676=ORIENTED_EDGE('',*,*,#5655,.T.);
#7677=ORIENTED_EDGE('',*,*,#5656,.T.);
#7678=ORIENTED_EDGE('',*,*,#5657,.F.);
#7679=ORIENTED_EDGE('',*,*,#5658,.F.);
#7680=ORIENTED_EDGE('',*,*,#5659,.T.);
#7681=ORIENTED_EDGE('',*,*,#5658,.T.);
#7682=ORIENTED_EDGE('',*,*,#5660,.F.);
#7683=ORIENTED_EDGE('',*,*,#5661,.F.);
#7684=ORIENTED_EDGE('',*,*,#5662,.T.);
#7685=ORIENTED_EDGE('',*,*,#5661,.T.);
#7686=ORIENTED_EDGE('',*,*,#5663,.F.);
#7687=ORIENTED_EDGE('',*,*,#5664,.F.);
#7688=ORIENTED_EDGE('',*,*,#5665,.T.);
#7689=ORIENTED_EDGE('',*,*,#5664,.T.);
#7690=ORIENTED_EDGE('',*,*,#5666,.F.);
#7691=ORIENTED_EDGE('',*,*,#5656,.F.);
#7692=ORIENTED_EDGE('',*,*,#5666,.T.);
#7693=ORIENTED_EDGE('',*,*,#5663,.T.);
#7694=ORIENTED_EDGE('',*,*,#5660,.T.);
#7695=ORIENTED_EDGE('',*,*,#5657,.T.);
#7696=ORIENTED_EDGE('',*,*,#5665,.F.);
#7697=ORIENTED_EDGE('',*,*,#5655,.F.);
#7698=ORIENTED_EDGE('',*,*,#5659,.F.);
#7699=ORIENTED_EDGE('',*,*,#5662,.F.);
#7700=ORIENTED_EDGE('',*,*,#5667,.T.);
#7701=ORIENTED_EDGE('',*,*,#5668,.T.);
#7702=ORIENTED_EDGE('',*,*,#5669,.F.);
#7703=ORIENTED_EDGE('',*,*,#5670,.F.);
#7704=ORIENTED_EDGE('',*,*,#5671,.T.);
#7705=ORIENTED_EDGE('',*,*,#5670,.T.);
#7706=ORIENTED_EDGE('',*,*,#5672,.F.);
#7707=ORIENTED_EDGE('',*,*,#5673,.F.);
#7708=ORIENTED_EDGE('',*,*,#5674,.T.);
#7709=ORIENTED_EDGE('',*,*,#5673,.T.);
#7710=ORIENTED_EDGE('',*,*,#5675,.F.);
#7711=ORIENTED_EDGE('',*,*,#5676,.F.);
#7712=ORIENTED_EDGE('',*,*,#5677,.T.);
#7713=ORIENTED_EDGE('',*,*,#5676,.T.);
#7714=ORIENTED_EDGE('',*,*,#5678,.F.);
#7715=ORIENTED_EDGE('',*,*,#5668,.F.);
#7716=ORIENTED_EDGE('',*,*,#5678,.T.);
#7717=ORIENTED_EDGE('',*,*,#5675,.T.);
#7718=ORIENTED_EDGE('',*,*,#5672,.T.);
#7719=ORIENTED_EDGE('',*,*,#5669,.T.);
#7720=ORIENTED_EDGE('',*,*,#5677,.F.);
#7721=ORIENTED_EDGE('',*,*,#5667,.F.);
#7722=ORIENTED_EDGE('',*,*,#5671,.F.);
#7723=ORIENTED_EDGE('',*,*,#5674,.F.);
#7724=ORIENTED_EDGE('',*,*,#5679,.F.);
#7725=ORIENTED_EDGE('',*,*,#5680,.F.);
#7726=ORIENTED_EDGE('',*,*,#5681,.F.);
#7727=ORIENTED_EDGE('',*,*,#5682,.F.);
#7728=ORIENTED_EDGE('',*,*,#5683,.F.);
#7729=ORIENTED_EDGE('',*,*,#5684,.F.);
#7730=ORIENTED_EDGE('',*,*,#5685,.F.);
#7731=ORIENTED_EDGE('',*,*,#5686,.F.);
#7732=ORIENTED_EDGE('',*,*,#5687,.F.);
#7733=ORIENTED_EDGE('',*,*,#5688,.F.);
#7734=ORIENTED_EDGE('',*,*,#5689,.F.);
#7735=ORIENTED_EDGE('',*,*,#5690,.F.);
#7736=ORIENTED_EDGE('',*,*,#5691,.F.);
#7737=ORIENTED_EDGE('',*,*,#5692,.F.);
#7738=ORIENTED_EDGE('',*,*,#5693,.F.);
#7739=ORIENTED_EDGE('',*,*,#5692,.T.);
#7740=ORIENTED_EDGE('',*,*,#5694,.T.);
#7741=ORIENTED_EDGE('',*,*,#5687,.T.);
#7742=ORIENTED_EDGE('',*,*,#5695,.T.);
#7743=ORIENTED_EDGE('',*,*,#5696,.F.);
#7744=ORIENTED_EDGE('',*,*,#5697,.F.);
#7745=ORIENTED_EDGE('',*,*,#5698,.F.);
#7746=ORIENTED_EDGE('',*,*,#5699,.F.);
#7747=ORIENTED_EDGE('',*,*,#5700,.F.);
#7748=ORIENTED_EDGE('',*,*,#5701,.F.);
#7749=ORIENTED_EDGE('',*,*,#5686,.T.);
#7750=ORIENTED_EDGE('',*,*,#5702,.T.);
#7751=ORIENTED_EDGE('',*,*,#5700,.T.);
#7752=ORIENTED_EDGE('',*,*,#5703,.T.);
#7753=ORIENTED_EDGE('',*,*,#5689,.T.);
#7754=ORIENTED_EDGE('',*,*,#5704,.T.);
#7755=ORIENTED_EDGE('',*,*,#5701,.T.);
#7756=ORIENTED_EDGE('',*,*,#5705,.T.);
#7757=ORIENTED_EDGE('',*,*,#5706,.F.);
#7758=ORIENTED_EDGE('',*,*,#5707,.F.);
#7759=ORIENTED_EDGE('',*,*,#5708,.F.);
#7760=ORIENTED_EDGE('',*,*,#5707,.T.);
#7761=ORIENTED_EDGE('',*,*,#5709,.T.);
#7762=ORIENTED_EDGE('',*,*,#5693,.T.);
#7763=ORIENTED_EDGE('',*,*,#5710,.T.);
#7764=ORIENTED_EDGE('',*,*,#5699,.T.);
#7765=ORIENTED_EDGE('',*,*,#5711,.T.);
#7766=ORIENTED_EDGE('',*,*,#5708,.T.);
#7767=ORIENTED_EDGE('',*,*,#5712,.T.);
#7768=ORIENTED_EDGE('',*,*,#5697,.T.);
#7769=ORIENTED_EDGE('',*,*,#5713,.T.);
#7770=ORIENTED_EDGE('',*,*,#5706,.T.);
#7771=ORIENTED_EDGE('',*,*,#5714,.T.);
#7772=ORIENTED_EDGE('',*,*,#5688,.T.);
#7773=ORIENTED_EDGE('',*,*,#5715,.T.);
#7774=ORIENTED_EDGE('',*,*,#5698,.T.);
#7775=ORIENTED_EDGE('',*,*,#5716,.T.);
#7776=ORIENTED_EDGE('',*,*,#5696,.T.);
#7777=ORIENTED_EDGE('',*,*,#5717,.T.);
#7778=ORIENTED_EDGE('',*,*,#5684,.T.);
#7779=ORIENTED_EDGE('',*,*,#5718,.T.);
#7780=ORIENTED_EDGE('',*,*,#5683,.T.);
#7781=ORIENTED_EDGE('',*,*,#5719,.T.);
#7782=ORIENTED_EDGE('',*,*,#5691,.T.);
#7783=ORIENTED_EDGE('',*,*,#5720,.T.);
#7784=ORIENTED_EDGE('',*,*,#5679,.T.);
#7785=ORIENTED_EDGE('',*,*,#5721,.T.);
#7786=ORIENTED_EDGE('',*,*,#5690,.T.);
#7787=ORIENTED_EDGE('',*,*,#5722,.T.);
#7788=ORIENTED_EDGE('',*,*,#5680,.T.);
#7789=ORIENTED_EDGE('',*,*,#5723,.T.);
#7790=ORIENTED_EDGE('',*,*,#5685,.T.);
#7791=ORIENTED_EDGE('',*,*,#5724,.T.);
#7792=ORIENTED_EDGE('',*,*,#5682,.T.);
#7793=ORIENTED_EDGE('',*,*,#5725,.T.);
#7794=ORIENTED_EDGE('',*,*,#5681,.T.);
#7795=ORIENTED_EDGE('',*,*,#5726,.T.);
#7796=ORIENTED_EDGE('',*,*,#5694,.F.);
#7797=ORIENTED_EDGE('',*,*,#5719,.F.);
#7798=ORIENTED_EDGE('',*,*,#5726,.F.);
#7799=ORIENTED_EDGE('',*,*,#5724,.F.);
#7800=ORIENTED_EDGE('',*,*,#5695,.F.);
#7801=ORIENTED_EDGE('',*,*,#5703,.F.);
#7802=ORIENTED_EDGE('',*,*,#5712,.F.);
#7803=ORIENTED_EDGE('',*,*,#5710,.F.);
#7804=ORIENTED_EDGE('',*,*,#5702,.F.);
#7805=ORIENTED_EDGE('',*,*,#5723,.F.);
#7806=ORIENTED_EDGE('',*,*,#5722,.F.);
#7807=ORIENTED_EDGE('',*,*,#5705,.F.);
#7808=ORIENTED_EDGE('',*,*,#5704,.F.);
#7809=ORIENTED_EDGE('',*,*,#5716,.F.);
#7810=ORIENTED_EDGE('',*,*,#5714,.F.);
#7811=ORIENTED_EDGE('',*,*,#5711,.F.);
#7812=ORIENTED_EDGE('',*,*,#5709,.F.);
#7813=ORIENTED_EDGE('',*,*,#5713,.F.);
#7814=ORIENTED_EDGE('',*,*,#5718,.F.);
#7815=ORIENTED_EDGE('',*,*,#5720,.F.);
#7816=ORIENTED_EDGE('',*,*,#5715,.F.);
#7817=ORIENTED_EDGE('',*,*,#5721,.F.);
#7818=ORIENTED_EDGE('',*,*,#5725,.F.);
#7819=ORIENTED_EDGE('',*,*,#5717,.F.);
#7820=ORIENTED_EDGE('',*,*,#5727,.T.);
#7821=ORIENTED_EDGE('',*,*,#5728,.T.);
#7822=ORIENTED_EDGE('',*,*,#5729,.F.);
#7823=ORIENTED_EDGE('',*,*,#5730,.F.);
#7824=ORIENTED_EDGE('',*,*,#5731,.T.);
#7825=ORIENTED_EDGE('',*,*,#5730,.T.);
#7826=ORIENTED_EDGE('',*,*,#5732,.F.);
#7827=ORIENTED_EDGE('',*,*,#5733,.F.);
#7828=ORIENTED_EDGE('',*,*,#5734,.T.);
#7829=ORIENTED_EDGE('',*,*,#5733,.T.);
#7830=ORIENTED_EDGE('',*,*,#5735,.F.);
#7831=ORIENTED_EDGE('',*,*,#5736,.F.);
#7832=ORIENTED_EDGE('',*,*,#5737,.T.);
#7833=ORIENTED_EDGE('',*,*,#5736,.T.);
#7834=ORIENTED_EDGE('',*,*,#5738,.F.);
#7835=ORIENTED_EDGE('',*,*,#5728,.F.);
#7836=ORIENTED_EDGE('',*,*,#5738,.T.);
#7837=ORIENTED_EDGE('',*,*,#5735,.T.);
#7838=ORIENTED_EDGE('',*,*,#5732,.T.);
#7839=ORIENTED_EDGE('',*,*,#5729,.T.);
#7840=ORIENTED_EDGE('',*,*,#5737,.F.);
#7841=ORIENTED_EDGE('',*,*,#5727,.F.);
#7842=ORIENTED_EDGE('',*,*,#5731,.F.);
#7843=ORIENTED_EDGE('',*,*,#5734,.F.);
#7844=ORIENTED_EDGE('',*,*,#5739,.F.);
#7845=ORIENTED_EDGE('',*,*,#5740,.T.);
#7846=ORIENTED_EDGE('',*,*,#5741,.T.);
#7847=ORIENTED_EDGE('',*,*,#5740,.F.);
#7848=ORIENTED_EDGE('',*,*,#5739,.T.);
#7849=ORIENTED_EDGE('',*,*,#5741,.F.);
#7850=ORIENTED_EDGE('',*,*,#5742,.F.);
#7851=ORIENTED_EDGE('',*,*,#5743,.T.);
#7852=ORIENTED_EDGE('',*,*,#5744,.T.);
#7853=ORIENTED_EDGE('',*,*,#5743,.F.);
#7854=ORIENTED_EDGE('',*,*,#5742,.T.);
#7855=ORIENTED_EDGE('',*,*,#5744,.F.);
#7856=ORIENTED_EDGE('',*,*,#5745,.F.);
#7857=ORIENTED_EDGE('',*,*,#5746,.T.);
#7858=ORIENTED_EDGE('',*,*,#5747,.T.);
#7859=ORIENTED_EDGE('',*,*,#5746,.F.);
#7860=ORIENTED_EDGE('',*,*,#5745,.T.);
#7861=ORIENTED_EDGE('',*,*,#5747,.F.);
#7862=ORIENTED_EDGE('',*,*,#5748,.T.);
#7863=ORIENTED_EDGE('',*,*,#5749,.T.);
#7864=ORIENTED_EDGE('',*,*,#5750,.F.);
#7865=ORIENTED_EDGE('',*,*,#5751,.F.);
#7866=ORIENTED_EDGE('',*,*,#5752,.T.);
#7867=ORIENTED_EDGE('',*,*,#5751,.T.);
#7868=ORIENTED_EDGE('',*,*,#5753,.F.);
#7869=ORIENTED_EDGE('',*,*,#5754,.F.);
#7870=ORIENTED_EDGE('',*,*,#5755,.T.);
#7871=ORIENTED_EDGE('',*,*,#5754,.T.);
#7872=ORIENTED_EDGE('',*,*,#5756,.F.);
#7873=ORIENTED_EDGE('',*,*,#5757,.F.);
#7874=ORIENTED_EDGE('',*,*,#5758,.T.);
#7875=ORIENTED_EDGE('',*,*,#5757,.T.);
#7876=ORIENTED_EDGE('',*,*,#5759,.F.);
#7877=ORIENTED_EDGE('',*,*,#5749,.F.);
#7878=ORIENTED_EDGE('',*,*,#5759,.T.);
#7879=ORIENTED_EDGE('',*,*,#5756,.T.);
#7880=ORIENTED_EDGE('',*,*,#5753,.T.);
#7881=ORIENTED_EDGE('',*,*,#5750,.T.);
#7882=ORIENTED_EDGE('',*,*,#5758,.F.);
#7883=ORIENTED_EDGE('',*,*,#5748,.F.);
#7884=ORIENTED_EDGE('',*,*,#5752,.F.);
#7885=ORIENTED_EDGE('',*,*,#5755,.F.);
#7886=ORIENTED_EDGE('',*,*,#5760,.F.);
#7887=ORIENTED_EDGE('',*,*,#5761,.T.);
#7888=ORIENTED_EDGE('',*,*,#5762,.T.);
#7889=ORIENTED_EDGE('',*,*,#5761,.F.);
#7890=ORIENTED_EDGE('',*,*,#5760,.T.);
#7891=ORIENTED_EDGE('',*,*,#5762,.F.);
#7892=ORIENTED_EDGE('',*,*,#5763,.F.);
#7893=ORIENTED_EDGE('',*,*,#5764,.T.);
#7894=ORIENTED_EDGE('',*,*,#5765,.T.);
#7895=ORIENTED_EDGE('',*,*,#5764,.F.);
#7896=ORIENTED_EDGE('',*,*,#5763,.T.);
#7897=ORIENTED_EDGE('',*,*,#5765,.F.);
#7898=ORIENTED_EDGE('',*,*,#5766,.F.);
#7899=ORIENTED_EDGE('',*,*,#5767,.T.);
#7900=ORIENTED_EDGE('',*,*,#5768,.T.);
#7901=ORIENTED_EDGE('',*,*,#5767,.F.);
#7902=ORIENTED_EDGE('',*,*,#5766,.T.);
#7903=ORIENTED_EDGE('',*,*,#5768,.F.);
#7904=ORIENTED_EDGE('',*,*,#5769,.T.);
#7905=ORIENTED_EDGE('',*,*,#5770,.T.);
#7906=ORIENTED_EDGE('',*,*,#5771,.F.);
#7907=ORIENTED_EDGE('',*,*,#5772,.F.);
#7908=ORIENTED_EDGE('',*,*,#5773,.T.);
#7909=ORIENTED_EDGE('',*,*,#5772,.T.);
#7910=ORIENTED_EDGE('',*,*,#5774,.F.);
#7911=ORIENTED_EDGE('',*,*,#5775,.F.);
#7912=ORIENTED_EDGE('',*,*,#5776,.T.);
#7913=ORIENTED_EDGE('',*,*,#5775,.T.);
#7914=ORIENTED_EDGE('',*,*,#5777,.F.);
#7915=ORIENTED_EDGE('',*,*,#5778,.F.);
#7916=ORIENTED_EDGE('',*,*,#5779,.T.);
#7917=ORIENTED_EDGE('',*,*,#5778,.T.);
#7918=ORIENTED_EDGE('',*,*,#5780,.F.);
#7919=ORIENTED_EDGE('',*,*,#5770,.F.);
#7920=ORIENTED_EDGE('',*,*,#5780,.T.);
#7921=ORIENTED_EDGE('',*,*,#5777,.T.);
#7922=ORIENTED_EDGE('',*,*,#5774,.T.);
#7923=ORIENTED_EDGE('',*,*,#5771,.T.);
#7924=ORIENTED_EDGE('',*,*,#5779,.F.);
#7925=ORIENTED_EDGE('',*,*,#5769,.F.);
#7926=ORIENTED_EDGE('',*,*,#5773,.F.);
#7927=ORIENTED_EDGE('',*,*,#5776,.F.);
#7928=ORIENTED_EDGE('',*,*,#5781,.F.);
#7929=ORIENTED_EDGE('',*,*,#5782,.T.);
#7930=ORIENTED_EDGE('',*,*,#5783,.T.);
#7931=ORIENTED_EDGE('',*,*,#5782,.F.);
#7932=ORIENTED_EDGE('',*,*,#5781,.T.);
#7933=ORIENTED_EDGE('',*,*,#5783,.F.);
#7934=ORIENTED_EDGE('',*,*,#5784,.F.);
#7935=ORIENTED_EDGE('',*,*,#5785,.T.);
#7936=ORIENTED_EDGE('',*,*,#5786,.T.);
#7937=ORIENTED_EDGE('',*,*,#5785,.F.);
#7938=ORIENTED_EDGE('',*,*,#5784,.T.);
#7939=ORIENTED_EDGE('',*,*,#5786,.F.);
#7940=ORIENTED_EDGE('',*,*,#5787,.F.);
#7941=ORIENTED_EDGE('',*,*,#5788,.T.);
#7942=ORIENTED_EDGE('',*,*,#5789,.T.);
#7943=ORIENTED_EDGE('',*,*,#5788,.F.);
#7944=ORIENTED_EDGE('',*,*,#5787,.T.);
#7945=ORIENTED_EDGE('',*,*,#5789,.F.);
#7946=ORIENTED_EDGE('',*,*,#5790,.T.);
#7947=ORIENTED_EDGE('',*,*,#5791,.T.);
#7948=ORIENTED_EDGE('',*,*,#5792,.F.);
#7949=ORIENTED_EDGE('',*,*,#5793,.F.);
#7950=ORIENTED_EDGE('',*,*,#5794,.T.);
#7951=ORIENTED_EDGE('',*,*,#5793,.T.);
#7952=ORIENTED_EDGE('',*,*,#5795,.F.);
#7953=ORIENTED_EDGE('',*,*,#5796,.F.);
#7954=ORIENTED_EDGE('',*,*,#5797,.T.);
#7955=ORIENTED_EDGE('',*,*,#5796,.T.);
#7956=ORIENTED_EDGE('',*,*,#5798,.F.);
#7957=ORIENTED_EDGE('',*,*,#5799,.F.);
#7958=ORIENTED_EDGE('',*,*,#5800,.T.);
#7959=ORIENTED_EDGE('',*,*,#5799,.T.);
#7960=ORIENTED_EDGE('',*,*,#5801,.F.);
#7961=ORIENTED_EDGE('',*,*,#5791,.F.);
#7962=ORIENTED_EDGE('',*,*,#5801,.T.);
#7963=ORIENTED_EDGE('',*,*,#5798,.T.);
#7964=ORIENTED_EDGE('',*,*,#5795,.T.);
#7965=ORIENTED_EDGE('',*,*,#5792,.T.);
#7966=ORIENTED_EDGE('',*,*,#5800,.F.);
#7967=ORIENTED_EDGE('',*,*,#5790,.F.);
#7968=ORIENTED_EDGE('',*,*,#5794,.F.);
#7969=ORIENTED_EDGE('',*,*,#5797,.F.);
#7970=ORIENTED_EDGE('',*,*,#5802,.F.);
#7971=ORIENTED_EDGE('',*,*,#5803,.T.);
#7972=ORIENTED_EDGE('',*,*,#5804,.T.);
#7973=ORIENTED_EDGE('',*,*,#5803,.F.);
#7974=ORIENTED_EDGE('',*,*,#5802,.T.);
#7975=ORIENTED_EDGE('',*,*,#5804,.F.);
#7976=ORIENTED_EDGE('',*,*,#5805,.F.);
#7977=ORIENTED_EDGE('',*,*,#5806,.T.);
#7978=ORIENTED_EDGE('',*,*,#5807,.T.);
#7979=ORIENTED_EDGE('',*,*,#5806,.F.);
#7980=ORIENTED_EDGE('',*,*,#5805,.T.);
#7981=ORIENTED_EDGE('',*,*,#5807,.F.);
#7982=ORIENTED_EDGE('',*,*,#5808,.F.);
#7983=ORIENTED_EDGE('',*,*,#5809,.T.);
#7984=ORIENTED_EDGE('',*,*,#5810,.T.);
#7985=ORIENTED_EDGE('',*,*,#5809,.F.);
#7986=ORIENTED_EDGE('',*,*,#5808,.T.);
#7987=ORIENTED_EDGE('',*,*,#5810,.F.);
#7988=ORIENTED_EDGE('',*,*,#5811,.F.);
#7989=ORIENTED_EDGE('',*,*,#5812,.T.);
#7990=ORIENTED_EDGE('',*,*,#5813,.T.);
#7991=ORIENTED_EDGE('',*,*,#5812,.F.);
#7992=ORIENTED_EDGE('',*,*,#5811,.T.);
#7993=ORIENTED_EDGE('',*,*,#5813,.F.);
#7994=ORIENTED_EDGE('',*,*,#5814,.F.);
#7995=ORIENTED_EDGE('',*,*,#5815,.F.);
#7996=ORIENTED_EDGE('',*,*,#5816,.F.);
#7997=ORIENTED_EDGE('',*,*,#5817,.F.);
#7998=ORIENTED_EDGE('',*,*,#5818,.T.);
#7999=ORIENTED_EDGE('',*,*,#5819,.F.);
#8000=ORIENTED_EDGE('',*,*,#5814,.T.);
#8001=ORIENTED_EDGE('',*,*,#5820,.T.);
#8002=ORIENTED_EDGE('',*,*,#5821,.T.);
#8003=ORIENTED_EDGE('',*,*,#5820,.F.);
#8004=ORIENTED_EDGE('',*,*,#5817,.T.);
#8005=ORIENTED_EDGE('',*,*,#5822,.F.);
#8006=ORIENTED_EDGE('',*,*,#5823,.T.);
#8007=ORIENTED_EDGE('',*,*,#5822,.T.);
#8008=ORIENTED_EDGE('',*,*,#5816,.T.);
#8009=ORIENTED_EDGE('',*,*,#5824,.F.);
#8010=ORIENTED_EDGE('',*,*,#5825,.T.);
#8011=ORIENTED_EDGE('',*,*,#5824,.T.);
#8012=ORIENTED_EDGE('',*,*,#5815,.T.);
#8013=ORIENTED_EDGE('',*,*,#5819,.T.);
#8014=ORIENTED_EDGE('',*,*,#5821,.F.);
#8015=ORIENTED_EDGE('',*,*,#5823,.F.);
#8016=ORIENTED_EDGE('',*,*,#5825,.F.);
#8017=ORIENTED_EDGE('',*,*,#5818,.F.);
#8018=ORIENTED_EDGE('',*,*,#5826,.F.);
#8019=ORIENTED_EDGE('',*,*,#5827,.F.);
#8020=ORIENTED_EDGE('',*,*,#5828,.F.);
#8021=ORIENTED_EDGE('',*,*,#5829,.F.);
#8022=ORIENTED_EDGE('',*,*,#5830,.T.);
#8023=ORIENTED_EDGE('',*,*,#5831,.F.);
#8024=ORIENTED_EDGE('',*,*,#5826,.T.);
#8025=ORIENTED_EDGE('',*,*,#5832,.T.);
#8026=ORIENTED_EDGE('',*,*,#5833,.T.);
#8027=ORIENTED_EDGE('',*,*,#5832,.F.);
#8028=ORIENTED_EDGE('',*,*,#5829,.T.);
#8029=ORIENTED_EDGE('',*,*,#5834,.F.);
#8030=ORIENTED_EDGE('',*,*,#5835,.T.);
#8031=ORIENTED_EDGE('',*,*,#5834,.T.);
#8032=ORIENTED_EDGE('',*,*,#5828,.T.);
#8033=ORIENTED_EDGE('',*,*,#5836,.F.);
#8034=ORIENTED_EDGE('',*,*,#5837,.T.);
#8035=ORIENTED_EDGE('',*,*,#5836,.T.);
#8036=ORIENTED_EDGE('',*,*,#5827,.T.);
#8037=ORIENTED_EDGE('',*,*,#5831,.T.);
#8038=ORIENTED_EDGE('',*,*,#5833,.F.);
#8039=ORIENTED_EDGE('',*,*,#5835,.F.);
#8040=ORIENTED_EDGE('',*,*,#5837,.F.);
#8041=ORIENTED_EDGE('',*,*,#5830,.F.);
#8042=ORIENTED_EDGE('',*,*,#5838,.T.);
#8043=ORIENTED_EDGE('',*,*,#5839,.T.);
#8044=ORIENTED_EDGE('',*,*,#5840,.F.);
#8045=ORIENTED_EDGE('',*,*,#5841,.F.);
#8046=ORIENTED_EDGE('',*,*,#5842,.T.);
#8047=ORIENTED_EDGE('',*,*,#5841,.T.);
#8048=ORIENTED_EDGE('',*,*,#5843,.F.);
#8049=ORIENTED_EDGE('',*,*,#5844,.F.);
#8050=ORIENTED_EDGE('',*,*,#5845,.T.);
#8051=ORIENTED_EDGE('',*,*,#5844,.T.);
#8052=ORIENTED_EDGE('',*,*,#5846,.F.);
#8053=ORIENTED_EDGE('',*,*,#5847,.F.);
#8054=ORIENTED_EDGE('',*,*,#5848,.T.);
#8055=ORIENTED_EDGE('',*,*,#5847,.T.);
#8056=ORIENTED_EDGE('',*,*,#5849,.F.);
#8057=ORIENTED_EDGE('',*,*,#5839,.F.);
#8058=ORIENTED_EDGE('',*,*,#5849,.T.);
#8059=ORIENTED_EDGE('',*,*,#5846,.T.);
#8060=ORIENTED_EDGE('',*,*,#5843,.T.);
#8061=ORIENTED_EDGE('',*,*,#5840,.T.);
#8062=ORIENTED_EDGE('',*,*,#5848,.F.);
#8063=ORIENTED_EDGE('',*,*,#5838,.F.);
#8064=ORIENTED_EDGE('',*,*,#5842,.F.);
#8065=ORIENTED_EDGE('',*,*,#5845,.F.);
#8066=ORIENTED_EDGE('',*,*,#5850,.T.);
#8067=ORIENTED_EDGE('',*,*,#5851,.T.);
#8068=ORIENTED_EDGE('',*,*,#5852,.F.);
#8069=ORIENTED_EDGE('',*,*,#5853,.F.);
#8070=ORIENTED_EDGE('',*,*,#5854,.T.);
#8071=ORIENTED_EDGE('',*,*,#5853,.T.);
#8072=ORIENTED_EDGE('',*,*,#5855,.F.);
#8073=ORIENTED_EDGE('',*,*,#5856,.F.);
#8074=ORIENTED_EDGE('',*,*,#5857,.T.);
#8075=ORIENTED_EDGE('',*,*,#5856,.T.);
#8076=ORIENTED_EDGE('',*,*,#5858,.F.);
#8077=ORIENTED_EDGE('',*,*,#5859,.F.);
#8078=ORIENTED_EDGE('',*,*,#5860,.T.);
#8079=ORIENTED_EDGE('',*,*,#5859,.T.);
#8080=ORIENTED_EDGE('',*,*,#5861,.F.);
#8081=ORIENTED_EDGE('',*,*,#5851,.F.);
#8082=ORIENTED_EDGE('',*,*,#5861,.T.);
#8083=ORIENTED_EDGE('',*,*,#5858,.T.);
#8084=ORIENTED_EDGE('',*,*,#5855,.T.);
#8085=ORIENTED_EDGE('',*,*,#5852,.T.);
#8086=ORIENTED_EDGE('',*,*,#5860,.F.);
#8087=ORIENTED_EDGE('',*,*,#5850,.F.);
#8088=ORIENTED_EDGE('',*,*,#5854,.F.);
#8089=ORIENTED_EDGE('',*,*,#5857,.F.);
#8090=ORIENTED_EDGE('',*,*,#5862,.T.);
#8091=ORIENTED_EDGE('',*,*,#5863,.T.);
#8092=ORIENTED_EDGE('',*,*,#5864,.F.);
#8093=ORIENTED_EDGE('',*,*,#5865,.F.);
#8094=ORIENTED_EDGE('',*,*,#5866,.T.);
#8095=ORIENTED_EDGE('',*,*,#5865,.T.);
#8096=ORIENTED_EDGE('',*,*,#5867,.F.);
#8097=ORIENTED_EDGE('',*,*,#5868,.F.);
#8098=ORIENTED_EDGE('',*,*,#5869,.T.);
#8099=ORIENTED_EDGE('',*,*,#5868,.T.);
#8100=ORIENTED_EDGE('',*,*,#5870,.F.);
#8101=ORIENTED_EDGE('',*,*,#5871,.F.);
#8102=ORIENTED_EDGE('',*,*,#5872,.T.);
#8103=ORIENTED_EDGE('',*,*,#5871,.T.);
#8104=ORIENTED_EDGE('',*,*,#5873,.F.);
#8105=ORIENTED_EDGE('',*,*,#5863,.F.);
#8106=ORIENTED_EDGE('',*,*,#5873,.T.);
#8107=ORIENTED_EDGE('',*,*,#5870,.T.);
#8108=ORIENTED_EDGE('',*,*,#5867,.T.);
#8109=ORIENTED_EDGE('',*,*,#5864,.T.);
#8110=ORIENTED_EDGE('',*,*,#5872,.F.);
#8111=ORIENTED_EDGE('',*,*,#5862,.F.);
#8112=ORIENTED_EDGE('',*,*,#5866,.F.);
#8113=ORIENTED_EDGE('',*,*,#5869,.F.);
#8114=ORIENTED_EDGE('',*,*,#5874,.T.);
#8115=ORIENTED_EDGE('',*,*,#5875,.T.);
#8116=ORIENTED_EDGE('',*,*,#5876,.F.);
#8117=ORIENTED_EDGE('',*,*,#5877,.F.);
#8118=ORIENTED_EDGE('',*,*,#5878,.T.);
#8119=ORIENTED_EDGE('',*,*,#5877,.T.);
#8120=ORIENTED_EDGE('',*,*,#5879,.F.);
#8121=ORIENTED_EDGE('',*,*,#5880,.F.);
#8122=ORIENTED_EDGE('',*,*,#5881,.T.);
#8123=ORIENTED_EDGE('',*,*,#5880,.T.);
#8124=ORIENTED_EDGE('',*,*,#5882,.F.);
#8125=ORIENTED_EDGE('',*,*,#5883,.F.);
#8126=ORIENTED_EDGE('',*,*,#5884,.T.);
#8127=ORIENTED_EDGE('',*,*,#5883,.T.);
#8128=ORIENTED_EDGE('',*,*,#5885,.F.);
#8129=ORIENTED_EDGE('',*,*,#5875,.F.);
#8130=ORIENTED_EDGE('',*,*,#5885,.T.);
#8131=ORIENTED_EDGE('',*,*,#5882,.T.);
#8132=ORIENTED_EDGE('',*,*,#5879,.T.);
#8133=ORIENTED_EDGE('',*,*,#5876,.T.);
#8134=ORIENTED_EDGE('',*,*,#5884,.F.);
#8135=ORIENTED_EDGE('',*,*,#5874,.F.);
#8136=ORIENTED_EDGE('',*,*,#5878,.F.);
#8137=ORIENTED_EDGE('',*,*,#5881,.F.);
#8138=ORIENTED_EDGE('',*,*,#5886,.T.);
#8139=ORIENTED_EDGE('',*,*,#5887,.T.);
#8140=ORIENTED_EDGE('',*,*,#5888,.F.);
#8141=ORIENTED_EDGE('',*,*,#5889,.F.);
#8142=ORIENTED_EDGE('',*,*,#5890,.T.);
#8143=ORIENTED_EDGE('',*,*,#5889,.T.);
#8144=ORIENTED_EDGE('',*,*,#5891,.F.);
#8145=ORIENTED_EDGE('',*,*,#5892,.F.);
#8146=ORIENTED_EDGE('',*,*,#5893,.T.);
#8147=ORIENTED_EDGE('',*,*,#5892,.T.);
#8148=ORIENTED_EDGE('',*,*,#5894,.F.);
#8149=ORIENTED_EDGE('',*,*,#5895,.F.);
#8150=ORIENTED_EDGE('',*,*,#5896,.T.);
#8151=ORIENTED_EDGE('',*,*,#5895,.T.);
#8152=ORIENTED_EDGE('',*,*,#5897,.F.);
#8153=ORIENTED_EDGE('',*,*,#5898,.F.);
#8154=ORIENTED_EDGE('',*,*,#5899,.T.);
#8155=ORIENTED_EDGE('',*,*,#5898,.T.);
#8156=ORIENTED_EDGE('',*,*,#5900,.F.);
#8157=ORIENTED_EDGE('',*,*,#5901,.F.);
#8158=ORIENTED_EDGE('',*,*,#5902,.T.);
#8159=ORIENTED_EDGE('',*,*,#5901,.T.);
#8160=ORIENTED_EDGE('',*,*,#5903,.F.);
#8161=ORIENTED_EDGE('',*,*,#5904,.F.);
#8162=ORIENTED_EDGE('',*,*,#5905,.T.);
#8163=ORIENTED_EDGE('',*,*,#5904,.T.);
#8164=ORIENTED_EDGE('',*,*,#5906,.F.);
#8165=ORIENTED_EDGE('',*,*,#5907,.F.);
#8166=ORIENTED_EDGE('',*,*,#5908,.T.);
#8167=ORIENTED_EDGE('',*,*,#5907,.T.);
#8168=ORIENTED_EDGE('',*,*,#5909,.F.);
#8169=ORIENTED_EDGE('',*,*,#5910,.F.);
#8170=ORIENTED_EDGE('',*,*,#5911,.T.);
#8171=ORIENTED_EDGE('',*,*,#5910,.T.);
#8172=ORIENTED_EDGE('',*,*,#5912,.F.);
#8173=ORIENTED_EDGE('',*,*,#5913,.F.);
#8174=ORIENTED_EDGE('',*,*,#5914,.T.);
#8175=ORIENTED_EDGE('',*,*,#5913,.T.);
#8176=ORIENTED_EDGE('',*,*,#5915,.F.);
#8177=ORIENTED_EDGE('',*,*,#5916,.F.);
#8178=ORIENTED_EDGE('',*,*,#5917,.T.);
#8179=ORIENTED_EDGE('',*,*,#5916,.T.);
#8180=ORIENTED_EDGE('',*,*,#5918,.F.);
#8181=ORIENTED_EDGE('',*,*,#5919,.F.);
#8182=ORIENTED_EDGE('',*,*,#5920,.T.);
#8183=ORIENTED_EDGE('',*,*,#5919,.T.);
#8184=ORIENTED_EDGE('',*,*,#5921,.F.);
#8185=ORIENTED_EDGE('',*,*,#5922,.F.);
#8186=ORIENTED_EDGE('',*,*,#5923,.T.);
#8187=ORIENTED_EDGE('',*,*,#5922,.T.);
#8188=ORIENTED_EDGE('',*,*,#5924,.F.);
#8189=ORIENTED_EDGE('',*,*,#5887,.F.);
#8190=ORIENTED_EDGE('',*,*,#5924,.T.);
#8191=ORIENTED_EDGE('',*,*,#5921,.T.);
#8192=ORIENTED_EDGE('',*,*,#5918,.T.);
#8193=ORIENTED_EDGE('',*,*,#5915,.T.);
#8194=ORIENTED_EDGE('',*,*,#5912,.T.);
#8195=ORIENTED_EDGE('',*,*,#5909,.T.);
#8196=ORIENTED_EDGE('',*,*,#5906,.T.);
#8197=ORIENTED_EDGE('',*,*,#5903,.T.);
#8198=ORIENTED_EDGE('',*,*,#5900,.T.);
#8199=ORIENTED_EDGE('',*,*,#5897,.T.);
#8200=ORIENTED_EDGE('',*,*,#5894,.T.);
#8201=ORIENTED_EDGE('',*,*,#5891,.T.);
#8202=ORIENTED_EDGE('',*,*,#5888,.T.);
#8203=ORIENTED_EDGE('',*,*,#5923,.F.);
#8204=ORIENTED_EDGE('',*,*,#5886,.F.);
#8205=ORIENTED_EDGE('',*,*,#5890,.F.);
#8206=ORIENTED_EDGE('',*,*,#5893,.F.);
#8207=ORIENTED_EDGE('',*,*,#5896,.F.);
#8208=ORIENTED_EDGE('',*,*,#5899,.F.);
#8209=ORIENTED_EDGE('',*,*,#5902,.F.);
#8210=ORIENTED_EDGE('',*,*,#5905,.F.);
#8211=ORIENTED_EDGE('',*,*,#5908,.F.);
#8212=ORIENTED_EDGE('',*,*,#5911,.F.);
#8213=ORIENTED_EDGE('',*,*,#5914,.F.);
#8214=ORIENTED_EDGE('',*,*,#5917,.F.);
#8215=ORIENTED_EDGE('',*,*,#5920,.F.);
#8216=ORIENTED_EDGE('',*,*,#5925,.T.);
#8217=ORIENTED_EDGE('',*,*,#5926,.T.);
#8218=ORIENTED_EDGE('',*,*,#5927,.F.);
#8219=ORIENTED_EDGE('',*,*,#5928,.F.);
#8220=ORIENTED_EDGE('',*,*,#5929,.T.);
#8221=ORIENTED_EDGE('',*,*,#5928,.T.);
#8222=ORIENTED_EDGE('',*,*,#5930,.F.);
#8223=ORIENTED_EDGE('',*,*,#5931,.F.);
#8224=ORIENTED_EDGE('',*,*,#5932,.T.);
#8225=ORIENTED_EDGE('',*,*,#5931,.T.);
#8226=ORIENTED_EDGE('',*,*,#5933,.F.);
#8227=ORIENTED_EDGE('',*,*,#5934,.F.);
#8228=ORIENTED_EDGE('',*,*,#5935,.T.);
#8229=ORIENTED_EDGE('',*,*,#5934,.T.);
#8230=ORIENTED_EDGE('',*,*,#5936,.F.);
#8231=ORIENTED_EDGE('',*,*,#5937,.F.);
#8232=ORIENTED_EDGE('',*,*,#5938,.T.);
#8233=ORIENTED_EDGE('',*,*,#5937,.T.);
#8234=ORIENTED_EDGE('',*,*,#5939,.F.);
#8235=ORIENTED_EDGE('',*,*,#5940,.F.);
#8236=ORIENTED_EDGE('',*,*,#5941,.T.);
#8237=ORIENTED_EDGE('',*,*,#5940,.T.);
#8238=ORIENTED_EDGE('',*,*,#5942,.F.);
#8239=ORIENTED_EDGE('',*,*,#5943,.F.);
#8240=ORIENTED_EDGE('',*,*,#5944,.T.);
#8241=ORIENTED_EDGE('',*,*,#5943,.T.);
#8242=ORIENTED_EDGE('',*,*,#5945,.F.);
#8243=ORIENTED_EDGE('',*,*,#5946,.F.);
#8244=ORIENTED_EDGE('',*,*,#5947,.T.);
#8245=ORIENTED_EDGE('',*,*,#5946,.T.);
#8246=ORIENTED_EDGE('',*,*,#5948,.F.);
#8247=ORIENTED_EDGE('',*,*,#5949,.F.);
#8248=ORIENTED_EDGE('',*,*,#5950,.T.);
#8249=ORIENTED_EDGE('',*,*,#5949,.T.);
#8250=ORIENTED_EDGE('',*,*,#5951,.F.);
#8251=ORIENTED_EDGE('',*,*,#5952,.F.);
#8252=ORIENTED_EDGE('',*,*,#5953,.T.);
#8253=ORIENTED_EDGE('',*,*,#5952,.T.);
#8254=ORIENTED_EDGE('',*,*,#5954,.F.);
#8255=ORIENTED_EDGE('',*,*,#5926,.F.);
#8256=ORIENTED_EDGE('',*,*,#5955,.T.);
#8257=ORIENTED_EDGE('',*,*,#5956,.T.);
#8258=ORIENTED_EDGE('',*,*,#5957,.F.);
#8259=ORIENTED_EDGE('',*,*,#5958,.F.);
#8260=ORIENTED_EDGE('',*,*,#5959,.T.);
#8261=ORIENTED_EDGE('',*,*,#5958,.T.);
#8262=ORIENTED_EDGE('',*,*,#5960,.F.);
#8263=ORIENTED_EDGE('',*,*,#5961,.F.);
#8264=ORIENTED_EDGE('',*,*,#5962,.T.);
#8265=ORIENTED_EDGE('',*,*,#5961,.T.);
#8266=ORIENTED_EDGE('',*,*,#5963,.F.);
#8267=ORIENTED_EDGE('',*,*,#5964,.F.);
#8268=ORIENTED_EDGE('',*,*,#5965,.T.);
#8269=ORIENTED_EDGE('',*,*,#5964,.T.);
#8270=ORIENTED_EDGE('',*,*,#5966,.F.);
#8271=ORIENTED_EDGE('',*,*,#5967,.F.);
#8272=ORIENTED_EDGE('',*,*,#5968,.T.);
#8273=ORIENTED_EDGE('',*,*,#5967,.T.);
#8274=ORIENTED_EDGE('',*,*,#5969,.F.);
#8275=ORIENTED_EDGE('',*,*,#5970,.F.);
#8276=ORIENTED_EDGE('',*,*,#5971,.T.);
#8277=ORIENTED_EDGE('',*,*,#5970,.T.);
#8278=ORIENTED_EDGE('',*,*,#5972,.F.);
#8279=ORIENTED_EDGE('',*,*,#5973,.F.);
#8280=ORIENTED_EDGE('',*,*,#5974,.T.);
#8281=ORIENTED_EDGE('',*,*,#5973,.T.);
#8282=ORIENTED_EDGE('',*,*,#5975,.F.);
#8283=ORIENTED_EDGE('',*,*,#5976,.F.);
#8284=ORIENTED_EDGE('',*,*,#5977,.T.);
#8285=ORIENTED_EDGE('',*,*,#5976,.T.);
#8286=ORIENTED_EDGE('',*,*,#5978,.F.);
#8287=ORIENTED_EDGE('',*,*,#5979,.F.);
#8288=ORIENTED_EDGE('',*,*,#5980,.T.);
#8289=ORIENTED_EDGE('',*,*,#5979,.T.);
#8290=ORIENTED_EDGE('',*,*,#5981,.F.);
#8291=ORIENTED_EDGE('',*,*,#5982,.F.);
#8292=ORIENTED_EDGE('',*,*,#5983,.T.);
#8293=ORIENTED_EDGE('',*,*,#5982,.T.);
#8294=ORIENTED_EDGE('',*,*,#5984,.F.);
#8295=ORIENTED_EDGE('',*,*,#5985,.F.);
#8296=ORIENTED_EDGE('',*,*,#5986,.T.);
#8297=ORIENTED_EDGE('',*,*,#5985,.T.);
#8298=ORIENTED_EDGE('',*,*,#5987,.F.);
#8299=ORIENTED_EDGE('',*,*,#5988,.F.);
#8300=ORIENTED_EDGE('',*,*,#5989,.T.);
#8301=ORIENTED_EDGE('',*,*,#5988,.T.);
#8302=ORIENTED_EDGE('',*,*,#5990,.F.);
#8303=ORIENTED_EDGE('',*,*,#5991,.F.);
#8304=ORIENTED_EDGE('',*,*,#5992,.T.);
#8305=ORIENTED_EDGE('',*,*,#5991,.T.);
#8306=ORIENTED_EDGE('',*,*,#5993,.F.);
#8307=ORIENTED_EDGE('',*,*,#5994,.F.);
#8308=ORIENTED_EDGE('',*,*,#5995,.T.);
#8309=ORIENTED_EDGE('',*,*,#5994,.T.);
#8310=ORIENTED_EDGE('',*,*,#5996,.F.);
#8311=ORIENTED_EDGE('',*,*,#5997,.F.);
#8312=ORIENTED_EDGE('',*,*,#5998,.T.);
#8313=ORIENTED_EDGE('',*,*,#5997,.T.);
#8314=ORIENTED_EDGE('',*,*,#5999,.F.);
#8315=ORIENTED_EDGE('',*,*,#6000,.F.);
#8316=ORIENTED_EDGE('',*,*,#6001,.T.);
#8317=ORIENTED_EDGE('',*,*,#6000,.T.);
#8318=ORIENTED_EDGE('',*,*,#6002,.F.);
#8319=ORIENTED_EDGE('',*,*,#6003,.F.);
#8320=ORIENTED_EDGE('',*,*,#6004,.T.);
#8321=ORIENTED_EDGE('',*,*,#6003,.T.);
#8322=ORIENTED_EDGE('',*,*,#6005,.F.);
#8323=ORIENTED_EDGE('',*,*,#6006,.F.);
#8324=ORIENTED_EDGE('',*,*,#6007,.T.);
#8325=ORIENTED_EDGE('',*,*,#6006,.T.);
#8326=ORIENTED_EDGE('',*,*,#6008,.F.);
#8327=ORIENTED_EDGE('',*,*,#6009,.F.);
#8328=ORIENTED_EDGE('',*,*,#6010,.T.);
#8329=ORIENTED_EDGE('',*,*,#6009,.T.);
#8330=ORIENTED_EDGE('',*,*,#6011,.F.);
#8331=ORIENTED_EDGE('',*,*,#6012,.F.);
#8332=ORIENTED_EDGE('',*,*,#6013,.T.);
#8333=ORIENTED_EDGE('',*,*,#6012,.T.);
#8334=ORIENTED_EDGE('',*,*,#6014,.F.);
#8335=ORIENTED_EDGE('',*,*,#6015,.F.);
#8336=ORIENTED_EDGE('',*,*,#6016,.T.);
#8337=ORIENTED_EDGE('',*,*,#6015,.T.);
#8338=ORIENTED_EDGE('',*,*,#6017,.F.);
#8339=ORIENTED_EDGE('',*,*,#6018,.F.);
#8340=ORIENTED_EDGE('',*,*,#6019,.T.);
#8341=ORIENTED_EDGE('',*,*,#6018,.T.);
#8342=ORIENTED_EDGE('',*,*,#6020,.F.);
#8343=ORIENTED_EDGE('',*,*,#6021,.F.);
#8344=ORIENTED_EDGE('',*,*,#6022,.T.);
#8345=ORIENTED_EDGE('',*,*,#6021,.T.);
#8346=ORIENTED_EDGE('',*,*,#6023,.F.);
#8347=ORIENTED_EDGE('',*,*,#6024,.F.);
#8348=ORIENTED_EDGE('',*,*,#6025,.T.);
#8349=ORIENTED_EDGE('',*,*,#6024,.T.);
#8350=ORIENTED_EDGE('',*,*,#6026,.F.);
#8351=ORIENTED_EDGE('',*,*,#6027,.F.);
#8352=ORIENTED_EDGE('',*,*,#6028,.T.);
#8353=ORIENTED_EDGE('',*,*,#6027,.T.);
#8354=ORIENTED_EDGE('',*,*,#6029,.F.);
#8355=ORIENTED_EDGE('',*,*,#6030,.F.);
#8356=ORIENTED_EDGE('',*,*,#6031,.T.);
#8357=ORIENTED_EDGE('',*,*,#6030,.T.);
#8358=ORIENTED_EDGE('',*,*,#6032,.F.);
#8359=ORIENTED_EDGE('',*,*,#6033,.F.);
#8360=ORIENTED_EDGE('',*,*,#6034,.T.);
#8361=ORIENTED_EDGE('',*,*,#6033,.T.);
#8362=ORIENTED_EDGE('',*,*,#6035,.F.);
#8363=ORIENTED_EDGE('',*,*,#5956,.F.);
#8364=ORIENTED_EDGE('',*,*,#6035,.T.);
#8365=ORIENTED_EDGE('',*,*,#6032,.T.);
#8366=ORIENTED_EDGE('',*,*,#6029,.T.);
#8367=ORIENTED_EDGE('',*,*,#6026,.T.);
#8368=ORIENTED_EDGE('',*,*,#6023,.T.);
#8369=ORIENTED_EDGE('',*,*,#6020,.T.);
#8370=ORIENTED_EDGE('',*,*,#6017,.T.);
#8371=ORIENTED_EDGE('',*,*,#6014,.T.);
#8372=ORIENTED_EDGE('',*,*,#6011,.T.);
#8373=ORIENTED_EDGE('',*,*,#6008,.T.);
#8374=ORIENTED_EDGE('',*,*,#6005,.T.);
#8375=ORIENTED_EDGE('',*,*,#6002,.T.);
#8376=ORIENTED_EDGE('',*,*,#5999,.T.);
#8377=ORIENTED_EDGE('',*,*,#5996,.T.);
#8378=ORIENTED_EDGE('',*,*,#5993,.T.);
#8379=ORIENTED_EDGE('',*,*,#5990,.T.);
#8380=ORIENTED_EDGE('',*,*,#5987,.T.);
#8381=ORIENTED_EDGE('',*,*,#5984,.T.);
#8382=ORIENTED_EDGE('',*,*,#5981,.T.);
#8383=ORIENTED_EDGE('',*,*,#5978,.T.);
#8384=ORIENTED_EDGE('',*,*,#5975,.T.);
#8385=ORIENTED_EDGE('',*,*,#5972,.T.);
#8386=ORIENTED_EDGE('',*,*,#5969,.T.);
#8387=ORIENTED_EDGE('',*,*,#5966,.T.);
#8388=ORIENTED_EDGE('',*,*,#5963,.T.);
#8389=ORIENTED_EDGE('',*,*,#5960,.T.);
#8390=ORIENTED_EDGE('',*,*,#5957,.T.);
#8391=ORIENTED_EDGE('',*,*,#5954,.T.);
#8392=ORIENTED_EDGE('',*,*,#5951,.T.);
#8393=ORIENTED_EDGE('',*,*,#5948,.T.);
#8394=ORIENTED_EDGE('',*,*,#5945,.T.);
#8395=ORIENTED_EDGE('',*,*,#5942,.T.);
#8396=ORIENTED_EDGE('',*,*,#5939,.T.);
#8397=ORIENTED_EDGE('',*,*,#5936,.T.);
#8398=ORIENTED_EDGE('',*,*,#5933,.T.);
#8399=ORIENTED_EDGE('',*,*,#5930,.T.);
#8400=ORIENTED_EDGE('',*,*,#5927,.T.);
#8401=ORIENTED_EDGE('',*,*,#6034,.F.);
#8402=ORIENTED_EDGE('',*,*,#5955,.F.);
#8403=ORIENTED_EDGE('',*,*,#5959,.F.);
#8404=ORIENTED_EDGE('',*,*,#5962,.F.);
#8405=ORIENTED_EDGE('',*,*,#5965,.F.);
#8406=ORIENTED_EDGE('',*,*,#5968,.F.);
#8407=ORIENTED_EDGE('',*,*,#5971,.F.);
#8408=ORIENTED_EDGE('',*,*,#5974,.F.);
#8409=ORIENTED_EDGE('',*,*,#5977,.F.);
#8410=ORIENTED_EDGE('',*,*,#5980,.F.);
#8411=ORIENTED_EDGE('',*,*,#5983,.F.);
#8412=ORIENTED_EDGE('',*,*,#5986,.F.);
#8413=ORIENTED_EDGE('',*,*,#5989,.F.);
#8414=ORIENTED_EDGE('',*,*,#5992,.F.);
#8415=ORIENTED_EDGE('',*,*,#5995,.F.);
#8416=ORIENTED_EDGE('',*,*,#5998,.F.);
#8417=ORIENTED_EDGE('',*,*,#6001,.F.);
#8418=ORIENTED_EDGE('',*,*,#6004,.F.);
#8419=ORIENTED_EDGE('',*,*,#6007,.F.);
#8420=ORIENTED_EDGE('',*,*,#6010,.F.);
#8421=ORIENTED_EDGE('',*,*,#6013,.F.);
#8422=ORIENTED_EDGE('',*,*,#6016,.F.);
#8423=ORIENTED_EDGE('',*,*,#6019,.F.);
#8424=ORIENTED_EDGE('',*,*,#6022,.F.);
#8425=ORIENTED_EDGE('',*,*,#6025,.F.);
#8426=ORIENTED_EDGE('',*,*,#6028,.F.);
#8427=ORIENTED_EDGE('',*,*,#6031,.F.);
#8428=ORIENTED_EDGE('',*,*,#5953,.F.);
#8429=ORIENTED_EDGE('',*,*,#5925,.F.);
#8430=ORIENTED_EDGE('',*,*,#5929,.F.);
#8431=ORIENTED_EDGE('',*,*,#5932,.F.);
#8432=ORIENTED_EDGE('',*,*,#5935,.F.);
#8433=ORIENTED_EDGE('',*,*,#5938,.F.);
#8434=ORIENTED_EDGE('',*,*,#5941,.F.);
#8435=ORIENTED_EDGE('',*,*,#5944,.F.);
#8436=ORIENTED_EDGE('',*,*,#5947,.F.);
#8437=ORIENTED_EDGE('',*,*,#5950,.F.);
#8438=CYLINDRICAL_SURFACE('',#9390,405.);
#8439=CYLINDRICAL_SURFACE('',#9397,85.);
#8440=CYLINDRICAL_SURFACE('',#9399,85.);
#8441=CYLINDRICAL_SURFACE('',#9400,405.);
#8442=CYLINDRICAL_SURFACE('',#9405,85.);
#8443=CYLINDRICAL_SURFACE('',#9407,85.);
#8444=CYLINDRICAL_SURFACE('',#9410,85.);
#8445=CYLINDRICAL_SURFACE('',#9412,85.);
#8446=CYLINDRICAL_SURFACE('',#9415,85.);
#8447=CYLINDRICAL_SURFACE('',#9417,85.);
#8448=CYLINDRICAL_SURFACE('',#9419,85.);
#8449=CYLINDRICAL_SURFACE('',#9422,85.);
#8450=CYLINDRICAL_SURFACE('',#9425,549.688684697659);
#8451=CYLINDRICAL_SURFACE('',#9428,85.);
#8452=CYLINDRICAL_SURFACE('',#9432,85.);
#8453=CYLINDRICAL_SURFACE('',#9433,85.);
#8454=CYLINDRICAL_SURFACE('',#9435,85.);
#8455=CYLINDRICAL_SURFACE('',#9438,557.966833032313);
#8456=CYLINDRICAL_SURFACE('',#9439,405.);
#8457=CYLINDRICAL_SURFACE('',#9447,405.);
#8458=CYLINDRICAL_SURFACE('',#9455,405.);
#8459=CYLINDRICAL_SURFACE('',#9463,405.);
#8460=CYLINDRICAL_SURFACE('',#9471,2152.56884131571);
#8461=CYLINDRICAL_SURFACE('',#9474,459.279797403387);
#8462=CYLINDRICAL_SURFACE('',#9478,551.344326110084);
#8463=CYLINDRICAL_SURFACE('',#9482,596.698152693136);
#8464=CYLINDRICAL_SURFACE('',#9486,611.048625142881);
#8465=CYLINDRICAL_SURFACE('',#9515,310.);
#8466=CYLINDRICAL_SURFACE('',#9527,596.698152693136);
#8467=CYLINDRICAL_SURFACE('',#9531,551.344326110084);
#8468=CYLINDRICAL_SURFACE('',#9535,459.279797403387);
#8469=CYLINDRICAL_SURFACE('',#9538,2152.56884131571);
#8470=CYLINDRICAL_SURFACE('',#9541,611.048625142881);
#8471=CYLINDRICAL_SURFACE('',#9600,310.);
#8472=CYLINDRICAL_SURFACE('',#9611,58.);
#8473=CYLINDRICAL_SURFACE('',#9621,360.);
#8474=CYLINDRICAL_SURFACE('',#9629,242.);
#8475=CYLINDRICAL_SURFACE('',#9634,178.);
#8476=CYLINDRICAL_SURFACE('',#9639,90.9999999999999);
#8477=CYLINDRICAL_SURFACE('',#9644,20.9999999999999);
#8478=CYLINDRICAL_SURFACE('',#9649,20.9999999999999);
#8479=CYLINDRICAL_SURFACE('',#9654,20.9999999999999);
#8480=CYLINDRICAL_SURFACE('',#9659,20.9999999999999);
#8481=CYLINDRICAL_SURFACE('',#9664,20.9999999999999);
#8482=CYLINDRICAL_SURFACE('',#9669,20.9999999999999);
#8483=CYLINDRICAL_SURFACE('',#9679,360.);
#8484=CYLINDRICAL_SURFACE('',#9687,242.);
#8485=CYLINDRICAL_SURFACE('',#9692,178.);
#8486=CYLINDRICAL_SURFACE('',#9697,90.9999999999999);
#8487=CYLINDRICAL_SURFACE('',#9702,20.9999999999999);
#8488=CYLINDRICAL_SURFACE('',#9707,20.9999999999999);
#8489=CYLINDRICAL_SURFACE('',#9712,20.9999999999999);
#8490=CYLINDRICAL_SURFACE('',#9717,20.9999999999999);
#8491=CYLINDRICAL_SURFACE('',#9722,20.9999999999999);
#8492=CYLINDRICAL_SURFACE('',#9727,20.9999999999999);
#8493=CYLINDRICAL_SURFACE('',#9732,58.0000000000001);
#8494=CYLINDRICAL_SURFACE('',#9742,360.);
#8495=CYLINDRICAL_SURFACE('',#9750,242.);
#8496=CYLINDRICAL_SURFACE('',#9755,178.);
#8497=CYLINDRICAL_SURFACE('',#9760,91.0000000000002);
#8498=CYLINDRICAL_SURFACE('',#9765,21.0000000000002);
#8499=CYLINDRICAL_SURFACE('',#9770,21.0000000000002);
#8500=CYLINDRICAL_SURFACE('',#9775,21.0000000000002);
#8501=CYLINDRICAL_SURFACE('',#9780,21.0000000000002);
#8502=CYLINDRICAL_SURFACE('',#9785,21.0000000000002);
#8503=CYLINDRICAL_SURFACE('',#9790,21.0000000000002);
#8504=CYLINDRICAL_SURFACE('',#9800,360.);
#8505=CYLINDRICAL_SURFACE('',#9808,242.);
#8506=CYLINDRICAL_SURFACE('',#9813,178.);
#8507=CYLINDRICAL_SURFACE('',#9818,91.0000000000002);
#8508=CYLINDRICAL_SURFACE('',#9823,21.0000000000002);
#8509=CYLINDRICAL_SURFACE('',#9828,21.0000000000002);
#8510=CYLINDRICAL_SURFACE('',#9833,21.0000000000002);
#8511=CYLINDRICAL_SURFACE('',#9838,21.0000000000002);
#8512=CYLINDRICAL_SURFACE('',#9843,21.0000000000002);
#8513=CYLINDRICAL_SURFACE('',#9848,21.0000000000002);
#8514=CYLINDRICAL_SURFACE('',#9873,60.);
#8515=CYLINDRICAL_SURFACE('',#9882,60.);
#8516=CYLINDRICAL_SURFACE('',#9883,60.);
#8517=CYLINDRICAL_SURFACE('',#9888,60.);
#8518=CYLINDRICAL_SURFACE('',#9889,60.);
#8519=CYLINDRICAL_SURFACE('',#9890,60.);
#8520=CYLINDRICAL_SURFACE('',#9891,60.);
#8521=CYLINDRICAL_SURFACE('',#9892,60.);
#8522=CYLINDRICAL_SURFACE('',#9893,60.);
#8523=CYLINDRICAL_SURFACE('',#9894,60.);
#8524=CYLINDRICAL_SURFACE('',#9895,60.);
#8525=CYLINDRICAL_SURFACE('',#9896,60.);
#8526=CYLINDRICAL_SURFACE('',#9953,24.);
#8527=CYLINDRICAL_SURFACE('',#9962,24.);
#8528=CYLINDRICAL_SURFACE('',#9963,24.);
#8529=CYLINDRICAL_SURFACE('',#9968,24.);
#8530=CYLINDRICAL_SURFACE('',#9969,24.);
#8531=CYLINDRICAL_SURFACE('',#9970,24.);
#8532=CYLINDRICAL_SURFACE('',#9971,24.);
#8533=CYLINDRICAL_SURFACE('',#9972,24.);
#8534=CYLINDRICAL_SURFACE('',#9973,24.);
#8535=CYLINDRICAL_SURFACE('',#9974,24.);
#8536=CYLINDRICAL_SURFACE('',#9975,24.);
#8537=CYLINDRICAL_SURFACE('',#9976,24.);
#8538=CYLINDRICAL_SURFACE('',#9989,25.);
#8539=CYLINDRICAL_SURFACE('',#9994,25.);
#8540=CYLINDRICAL_SURFACE('',#10019,24.);
#8541=CYLINDRICAL_SURFACE('',#10028,24.);
#8542=CYLINDRICAL_SURFACE('',#10029,24.);
#8543=CYLINDRICAL_SURFACE('',#10034,24.);
#8544=CYLINDRICAL_SURFACE('',#10035,24.);
#8545=CYLINDRICAL_SURFACE('',#10036,24.);
#8546=CYLINDRICAL_SURFACE('',#10037,24.);
#8547=CYLINDRICAL_SURFACE('',#10038,24.);
#8548=CYLINDRICAL_SURFACE('',#10039,24.);
#8549=CYLINDRICAL_SURFACE('',#10040,24.);
#8550=CYLINDRICAL_SURFACE('',#10041,24.);
#8551=CYLINDRICAL_SURFACE('',#10042,24.);
#8552=CYLINDRICAL_SURFACE('',#10055,25.);
#8553=CYLINDRICAL_SURFACE('',#10060,25.);
#8554=CYLINDRICAL_SURFACE('',#10077,58.);
#8555=CYLINDRICAL_SURFACE('',#10102,45.);
#8556=CYLINDRICAL_SURFACE('',#10111,45.);
#8557=CYLINDRICAL_SURFACE('',#10112,45.);
#8558=CYLINDRICAL_SURFACE('',#10117,45.);
#8559=CYLINDRICAL_SURFACE('',#10118,45.);
#8560=CYLINDRICAL_SURFACE('',#10119,45.);
#8561=CYLINDRICAL_SURFACE('',#10120,45.);
#8562=CYLINDRICAL_SURFACE('',#10121,45.);
#8563=CYLINDRICAL_SURFACE('',#10122,45.);
#8564=CYLINDRICAL_SURFACE('',#10123,45.);
#8565=CYLINDRICAL_SURFACE('',#10124,45.);
#8566=CYLINDRICAL_SURFACE('',#10125,45.);
#8567=CYLINDRICAL_SURFACE('',#10164,30.);
#8568=CYLINDRICAL_SURFACE('',#10173,30.);
#8569=CYLINDRICAL_SURFACE('',#10174,30.);
#8570=CYLINDRICAL_SURFACE('',#10179,30.);
#8571=CYLINDRICAL_SURFACE('',#10180,30.);
#8572=CYLINDRICAL_SURFACE('',#10181,30.);
#8573=CYLINDRICAL_SURFACE('',#10182,30.);
#8574=CYLINDRICAL_SURFACE('',#10183,30.);
#8575=CYLINDRICAL_SURFACE('',#10184,30.);
#8576=CYLINDRICAL_SURFACE('',#10185,30.);
#8577=CYLINDRICAL_SURFACE('',#10186,30.);
#8578=CYLINDRICAL_SURFACE('',#10187,30.);
#8579=CYLINDRICAL_SURFACE('',#10200,77.);
#8580=CYLINDRICAL_SURFACE('',#10205,70.);
#8581=CYLINDRICAL_SURFACE('',#10210,66.);
#8582=CYLINDRICAL_SURFACE('',#10221,77.);
#8583=CYLINDRICAL_SURFACE('',#10226,70.);
#8584=CYLINDRICAL_SURFACE('',#10231,66.);
#8585=CYLINDRICAL_SURFACE('',#10242,77.0000000000005);
#8586=CYLINDRICAL_SURFACE('',#10247,70.);
#8587=CYLINDRICAL_SURFACE('',#10252,66.0000000000002);
#8588=CYLINDRICAL_SURFACE('',#10263,77.0000000000005);
#8589=CYLINDRICAL_SURFACE('',#10268,70.);
#8590=CYLINDRICAL_SURFACE('',#10273,66.0000000000002);
#8591=CYLINDRICAL_SURFACE('',#10278,62.);
#8592=CYLINDRICAL_SURFACE('',#10283,405.);
#8593=CYLINDRICAL_SURFACE('',#10292,405.);
#8594=CYLINDRICAL_SURFACE('',#10293,405.);
#8595=CYLINDRICAL_SURFACE('',#10302,405.);
#8596=ADVANCED_FACE('',(#761),#8438,.F.);
#8597=ADVANCED_FACE('',(#762),#342,.T.);
#8598=ADVANCED_FACE('',(#763),#8439,.T.);
#8599=ADVANCED_FACE('',(#764),#343,.T.);
#8600=ADVANCED_FACE('',(#765),#8440,.T.);
#8601=ADVANCED_FACE('',(#766),#8441,.F.);
#8602=ADVANCED_FACE('',(#767),#344,.F.);
#8603=ADVANCED_FACE('',(#768),#8442,.T.);
#8604=ADVANCED_FACE('',(#769),#8443,.T.);
#8605=ADVANCED_FACE('',(#770),#345,.T.);
#8606=ADVANCED_FACE('',(#771),#8444,.T.);
#8607=ADVANCED_FACE('',(#772),#8445,.T.);
#8608=ADVANCED_FACE('',(#773),#324,.T.);
#8609=ADVANCED_FACE('',(#774),#8446,.T.);
#8610=ADVANCED_FACE('',(#775),#8447,.T.);
#8611=ADVANCED_FACE('',(#776),#8448,.T.);
#8612=ADVANCED_FACE('',(#777),#325,.T.);
#8613=ADVANCED_FACE('',(#778),#8449,.T.);
#8614=ADVANCED_FACE('',(#779),#346,.T.);
#8615=ADVANCED_FACE('',(#780),#347,.T.);
#8616=ADVANCED_FACE('',(#781),#8450,.T.);
#8617=ADVANCED_FACE('',(#782),#348,.T.);
#8618=ADVANCED_FACE('',(#783),#8451,.T.);
#8619=ADVANCED_FACE('',(#784),#326,.T.);
#8620=ADVANCED_FACE('',(#785),#8452,.T.);
#8621=ADVANCED_FACE('',(#786),#8453,.T.);
#8622=ADVANCED_FACE('',(#787),#327,.T.);
#8623=ADVANCED_FACE('',(#788),#8454,.T.);
#8624=ADVANCED_FACE('',(#789),#349,.T.);
#8625=ADVANCED_FACE('',(#790),#350,.T.);
#8626=ADVANCED_FACE('',(#791),#8455,.T.);
#8627=ADVANCED_FACE('',(#792),#8456,.F.);
#8628=ADVANCED_FACE('',(#793),#351,.T.);
#8629=ADVANCED_FACE('',(#794),#352,.T.);
#8630=ADVANCED_FACE('',(#795),#353,.F.);
#8631=ADVANCED_FACE('',(#796),#354,.T.);
#8632=ADVANCED_FACE('',(#797),#355,.T.);
#8633=ADVANCED_FACE('',(#798),#8457,.F.);
#8634=ADVANCED_FACE('',(#799),#356,.T.);
#8635=ADVANCED_FACE('',(#800),#357,.T.);
#8636=ADVANCED_FACE('',(#801),#358,.F.);
#8637=ADVANCED_FACE('',(#802),#359,.T.);
#8638=ADVANCED_FACE('',(#803),#360,.T.);
#8639=ADVANCED_FACE('',(#804),#8458,.F.);
#8640=ADVANCED_FACE('',(#805),#361,.T.);
#8641=ADVANCED_FACE('',(#806),#362,.T.);
#8642=ADVANCED_FACE('',(#807),#363,.T.);
#8643=ADVANCED_FACE('',(#808),#364,.F.);
#8644=ADVANCED_FACE('',(#809),#365,.T.);
#8645=ADVANCED_FACE('',(#810),#8459,.F.);
#8646=ADVANCED_FACE('',(#811),#366,.T.);
#8647=ADVANCED_FACE('',(#812),#367,.T.);
#8648=ADVANCED_FACE('',(#813),#368,.T.);
#8649=ADVANCED_FACE('',(#814),#369,.F.);
#8650=ADVANCED_FACE('',(#815),#370,.T.);
#8651=ADVANCED_FACE('',(#816),#8460,.T.);
#8652=ADVANCED_FACE('',(#817),#8461,.T.);
#8653=ADVANCED_FACE('',(#818),#371,.T.);
#8654=ADVANCED_FACE('',(#819),#8462,.T.);
#8655=ADVANCED_FACE('',(#820),#372,.T.);
#8656=ADVANCED_FACE('',(#821),#8463,.T.);
#8657=ADVANCED_FACE('',(#822),#373,.T.);
#8658=ADVANCED_FACE('',(#823),#8464,.T.);
#8659=ADVANCED_FACE('',(#824),#374,.T.);
#8660=ADVANCED_FACE('',(#825),#375,.F.);
#8661=ADVANCED_FACE('',(#826),#376,.T.);
#8662=ADVANCED_FACE('',(#827),#377,.T.);
#8663=ADVANCED_FACE('',(#828),#378,.T.);
#8664=ADVANCED_FACE('',(#829),#379,.T.);
#8665=ADVANCED_FACE('',(#830),#380,.T.);
#8666=ADVANCED_FACE('',(#831),#381,.F.);
#8667=ADVANCED_FACE('',(#832),#382,.T.);
#8668=ADVANCED_FACE('',(#833),#383,.T.);
#8669=ADVANCED_FACE('',(#834),#384,.T.);
#8670=ADVANCED_FACE('',(#835),#385,.T.);
#8671=ADVANCED_FACE('',(#836),#386,.T.);
#8672=ADVANCED_FACE('',(#837),#387,.F.);
#8673=ADVANCED_FACE('',(#838),#388,.T.);
#8674=ADVANCED_FACE('',(#839),#389,.T.);
#8675=ADVANCED_FACE('',(#840),#390,.T.);
#8676=ADVANCED_FACE('',(#841),#391,.T.);
#8677=ADVANCED_FACE('',(#842),#392,.T.);
#8678=ADVANCED_FACE('',(#843),#393,.F.);
#8679=ADVANCED_FACE('',(#844),#394,.T.);
#8680=ADVANCED_FACE('',(#845),#395,.T.);
#8681=ADVANCED_FACE('',(#846),#396,.T.);
#8682=ADVANCED_FACE('',(#847),#397,.T.);
#8683=ADVANCED_FACE('',(#848),#398,.T.);
#8684=ADVANCED_FACE('',(#849),#399,.F.);
#8685=ADVANCED_FACE('',(#850),#8465,.T.);
#8686=ADVANCED_FACE('',(#851),#400,.T.);
#8687=ADVANCED_FACE('',(#852),#401,.F.);
#8688=ADVANCED_FACE('',(#853),#402,.T.);
#8689=ADVANCED_FACE('',(#854),#403,.T.);
#8690=ADVANCED_FACE('',(#855),#404,.T.);
#8691=ADVANCED_FACE('',(#856),#405,.T.);
#8692=ADVANCED_FACE('',(#857),#406,.T.);
#8693=ADVANCED_FACE('',(#858),#407,.F.);
#8694=ADVANCED_FACE('',(#859),#408,.T.);
#8695=ADVANCED_FACE('',(#860),#8466,.T.);
#8696=ADVANCED_FACE('',(#861),#409,.T.);
#8697=ADVANCED_FACE('',(#862),#8467,.T.);
#8698=ADVANCED_FACE('',(#863),#410,.T.);
#8699=ADVANCED_FACE('',(#864),#8468,.T.);
#8700=ADVANCED_FACE('',(#865),#8469,.T.);
#8701=ADVANCED_FACE('',(#866),#8470,.T.);
#8702=ADVANCED_FACE('',(#867),#411,.T.);
#8703=ADVANCED_FACE('',(#868),#412,.F.);
#8704=ADVANCED_FACE('',(#869),#413,.T.);
#8705=ADVANCED_FACE('',(#870),#414,.T.);
#8706=ADVANCED_FACE('',(#871),#415,.T.);
#8707=ADVANCED_FACE('',(#872),#416,.T.);
#8708=ADVANCED_FACE('',(#873),#417,.T.);
#8709=ADVANCED_FACE('',(#874),#418,.F.);
#8710=ADVANCED_FACE('',(#875),#419,.T.);
#8711=ADVANCED_FACE('',(#876),#420,.T.);
#8712=ADVANCED_FACE('',(#877),#421,.T.);
#8713=ADVANCED_FACE('',(#878),#422,.T.);
#8714=ADVANCED_FACE('',(#879),#423,.T.);
#8715=ADVANCED_FACE('',(#880),#424,.F.);
#8716=ADVANCED_FACE('',(#881),#425,.T.);
#8717=ADVANCED_FACE('',(#882),#426,.T.);
#8718=ADVANCED_FACE('',(#883),#427,.T.);
#8719=ADVANCED_FACE('',(#884),#428,.T.);
#8720=ADVANCED_FACE('',(#885),#429,.T.);
#8721=ADVANCED_FACE('',(#886),#430,.F.);
#8722=ADVANCED_FACE('',(#887),#431,.T.);
#8723=ADVANCED_FACE('',(#888),#432,.T.);
#8724=ADVANCED_FACE('',(#889),#433,.T.);
#8725=ADVANCED_FACE('',(#890),#434,.T.);
#8726=ADVANCED_FACE('',(#891),#435,.T.);
#8727=ADVANCED_FACE('',(#892),#436,.F.);
#8728=ADVANCED_FACE('',(#893),#437,.T.);
#8729=ADVANCED_FACE('',(#894),#438,.T.);
#8730=ADVANCED_FACE('',(#895),#439,.T.);
#8731=ADVANCED_FACE('',(#896),#440,.T.);
#8732=ADVANCED_FACE('',(#897),#441,.T.);
#8733=ADVANCED_FACE('',(#898),#442,.F.);
#8734=ADVANCED_FACE('',(#899),#443,.T.);
#8735=ADVANCED_FACE('',(#900),#444,.T.);
#8736=ADVANCED_FACE('',(#901),#445,.T.);
#8737=ADVANCED_FACE('',(#902),#446,.T.);
#8738=ADVANCED_FACE('',(#903),#447,.T.);
#8739=ADVANCED_FACE('',(#904),#448,.F.);
#8740=ADVANCED_FACE('',(#905),#449,.T.);
#8741=ADVANCED_FACE('',(#906),#450,.T.);
#8742=ADVANCED_FACE('',(#907),#451,.T.);
#8743=ADVANCED_FACE('',(#908),#452,.T.);
#8744=ADVANCED_FACE('',(#909),#453,.T.);
#8745=ADVANCED_FACE('',(#910),#454,.F.);
#8746=ADVANCED_FACE('',(#911),#455,.T.);
#8747=ADVANCED_FACE('',(#912),#456,.T.);
#8748=ADVANCED_FACE('',(#913),#457,.T.);
#8749=ADVANCED_FACE('',(#914),#458,.T.);
#8750=ADVANCED_FACE('',(#915),#459,.T.);
#8751=ADVANCED_FACE('',(#916),#460,.F.);
#8752=ADVANCED_FACE('',(#917),#461,.T.);
#8753=ADVANCED_FACE('',(#918),#462,.T.);
#8754=ADVANCED_FACE('',(#919),#463,.T.);
#8755=ADVANCED_FACE('',(#920),#464,.T.);
#8756=ADVANCED_FACE('',(#921),#465,.T.);
#8757=ADVANCED_FACE('',(#922),#466,.F.);
#8758=ADVANCED_FACE('',(#923),#8471,.T.);
#8759=ADVANCED_FACE('',(#924),#467,.T.);
#8760=ADVANCED_FACE('',(#925),#468,.F.);
#8761=ADVANCED_FACE('',(#926),#469,.T.);
#8762=ADVANCED_FACE('',(#927),#470,.T.);
#8763=ADVANCED_FACE('',(#928),#471,.T.);
#8764=ADVANCED_FACE('',(#929),#472,.T.);
#8765=ADVANCED_FACE('',(#930),#473,.T.);
#8766=ADVANCED_FACE('',(#931),#474,.F.);
#8767=ADVANCED_FACE('',(#932),#8472,.T.);
#8768=ADVANCED_FACE('',(#933),#475,.T.);
#8769=ADVANCED_FACE('',(#934),#476,.F.);
#8770=ADVANCED_FACE('',(#935),#328,.T.);
#8771=ADVANCED_FACE('',(#936),#8473,.T.);
#8772=ADVANCED_FACE('',(#937),#477,.F.);
#8773=ADVANCED_FACE('',(#938),#329,.T.);
#8774=ADVANCED_FACE('',(#939),#478,.T.);
#8775=ADVANCED_FACE('',(#940),#8474,.T.);
#8776=ADVANCED_FACE('',(#941),#479,.T.);
#8777=ADVANCED_FACE('',(#942),#480,.F.);
#8778=ADVANCED_FACE('',(#943),#8475,.T.);
#8779=ADVANCED_FACE('',(#944),#481,.T.);
#8780=ADVANCED_FACE('',(#945),#482,.F.);
#8781=ADVANCED_FACE('',(#946),#8476,.T.);
#8782=ADVANCED_FACE('',(#947),#483,.T.);
#8783=ADVANCED_FACE('',(#948),#484,.F.);
#8784=ADVANCED_FACE('',(#949),#8477,.T.);
#8785=ADVANCED_FACE('',(#950),#485,.T.);
#8786=ADVANCED_FACE('',(#951),#486,.F.);
#8787=ADVANCED_FACE('',(#952),#8478,.T.);
#8788=ADVANCED_FACE('',(#953),#487,.T.);
#8789=ADVANCED_FACE('',(#954),#488,.F.);
#8790=ADVANCED_FACE('',(#955),#8479,.T.);
#8791=ADVANCED_FACE('',(#956),#489,.T.);
#8792=ADVANCED_FACE('',(#957),#490,.F.);
#8793=ADVANCED_FACE('',(#958),#8480,.T.);
#8794=ADVANCED_FACE('',(#959),#491,.T.);
#8795=ADVANCED_FACE('',(#960),#492,.F.);
#8796=ADVANCED_FACE('',(#961),#8481,.T.);
#8797=ADVANCED_FACE('',(#962),#493,.T.);
#8798=ADVANCED_FACE('',(#963),#494,.F.);
#8799=ADVANCED_FACE('',(#964),#8482,.T.);
#8800=ADVANCED_FACE('',(#965),#495,.T.);
#8801=ADVANCED_FACE('',(#966),#496,.F.);
#8802=ADVANCED_FACE('',(#967),#330,.T.);
#8803=ADVANCED_FACE('',(#968),#8483,.T.);
#8804=ADVANCED_FACE('',(#969),#497,.T.);
#8805=ADVANCED_FACE('',(#970),#331,.T.);
#8806=ADVANCED_FACE('',(#971),#498,.F.);
#8807=ADVANCED_FACE('',(#972),#8484,.T.);
#8808=ADVANCED_FACE('',(#973),#499,.T.);
#8809=ADVANCED_FACE('',(#974),#500,.F.);
#8810=ADVANCED_FACE('',(#975),#8485,.T.);
#8811=ADVANCED_FACE('',(#976),#501,.T.);
#8812=ADVANCED_FACE('',(#977),#502,.F.);
#8813=ADVANCED_FACE('',(#978),#8486,.T.);
#8814=ADVANCED_FACE('',(#979),#503,.T.);
#8815=ADVANCED_FACE('',(#980),#504,.F.);
#8816=ADVANCED_FACE('',(#981),#8487,.T.);
#8817=ADVANCED_FACE('',(#982),#505,.T.);
#8818=ADVANCED_FACE('',(#983),#506,.F.);
#8819=ADVANCED_FACE('',(#984),#8488,.T.);
#8820=ADVANCED_FACE('',(#985),#507,.T.);
#8821=ADVANCED_FACE('',(#986),#508,.F.);
#8822=ADVANCED_FACE('',(#987),#8489,.T.);
#8823=ADVANCED_FACE('',(#988),#509,.T.);
#8824=ADVANCED_FACE('',(#989),#510,.F.);
#8825=ADVANCED_FACE('',(#990),#8490,.T.);
#8826=ADVANCED_FACE('',(#991),#511,.T.);
#8827=ADVANCED_FACE('',(#992),#512,.F.);
#8828=ADVANCED_FACE('',(#993),#8491,.T.);
#8829=ADVANCED_FACE('',(#994),#513,.T.);
#8830=ADVANCED_FACE('',(#995),#514,.F.);
#8831=ADVANCED_FACE('',(#996),#8492,.T.);
#8832=ADVANCED_FACE('',(#997),#515,.T.);
#8833=ADVANCED_FACE('',(#998),#516,.F.);
#8834=ADVANCED_FACE('',(#999),#8493,.T.);
#8835=ADVANCED_FACE('',(#1000),#517,.T.);
#8836=ADVANCED_FACE('',(#1001),#518,.F.);
#8837=ADVANCED_FACE('',(#1002),#332,.T.);
#8838=ADVANCED_FACE('',(#1003),#8494,.T.);
#8839=ADVANCED_FACE('',(#1004),#519,.F.);
#8840=ADVANCED_FACE('',(#1005),#333,.T.);
#8841=ADVANCED_FACE('',(#1006),#520,.T.);
#8842=ADVANCED_FACE('',(#1007),#8495,.T.);
#8843=ADVANCED_FACE('',(#1008),#521,.T.);
#8844=ADVANCED_FACE('',(#1009),#522,.F.);
#8845=ADVANCED_FACE('',(#1010),#8496,.T.);
#8846=ADVANCED_FACE('',(#1011),#523,.T.);
#8847=ADVANCED_FACE('',(#1012),#524,.F.);
#8848=ADVANCED_FACE('',(#1013),#8497,.T.);
#8849=ADVANCED_FACE('',(#1014),#525,.T.);
#8850=ADVANCED_FACE('',(#1015),#526,.F.);
#8851=ADVANCED_FACE('',(#1016),#8498,.T.);
#8852=ADVANCED_FACE('',(#1017),#527,.T.);
#8853=ADVANCED_FACE('',(#1018),#528,.F.);
#8854=ADVANCED_FACE('',(#1019),#8499,.T.);
#8855=ADVANCED_FACE('',(#1020),#529,.T.);
#8856=ADVANCED_FACE('',(#1021),#530,.F.);
#8857=ADVANCED_FACE('',(#1022),#8500,.T.);
#8858=ADVANCED_FACE('',(#1023),#531,.T.);
#8859=ADVANCED_FACE('',(#1024),#532,.F.);
#8860=ADVANCED_FACE('',(#1025),#8501,.T.);
#8861=ADVANCED_FACE('',(#1026),#533,.T.);
#8862=ADVANCED_FACE('',(#1027),#534,.F.);
#8863=ADVANCED_FACE('',(#1028),#8502,.T.);
#8864=ADVANCED_FACE('',(#1029),#535,.T.);
#8865=ADVANCED_FACE('',(#1030),#536,.F.);
#8866=ADVANCED_FACE('',(#1031),#8503,.T.);
#8867=ADVANCED_FACE('',(#1032),#537,.T.);
#8868=ADVANCED_FACE('',(#1033),#538,.F.);
#8869=ADVANCED_FACE('',(#1034),#334,.T.);
#8870=ADVANCED_FACE('',(#1035),#8504,.T.);
#8871=ADVANCED_FACE('',(#1036),#539,.T.);
#8872=ADVANCED_FACE('',(#1037),#335,.T.);
#8873=ADVANCED_FACE('',(#1038),#540,.F.);
#8874=ADVANCED_FACE('',(#1039),#8505,.T.);
#8875=ADVANCED_FACE('',(#1040),#541,.T.);
#8876=ADVANCED_FACE('',(#1041),#542,.F.);
#8877=ADVANCED_FACE('',(#1042),#8506,.T.);
#8878=ADVANCED_FACE('',(#1043),#543,.T.);
#8879=ADVANCED_FACE('',(#1044),#544,.F.);
#8880=ADVANCED_FACE('',(#1045),#8507,.T.);
#8881=ADVANCED_FACE('',(#1046),#545,.T.);
#8882=ADVANCED_FACE('',(#1047),#546,.F.);
#8883=ADVANCED_FACE('',(#1048),#8508,.T.);
#8884=ADVANCED_FACE('',(#1049),#547,.T.);
#8885=ADVANCED_FACE('',(#1050),#548,.F.);
#8886=ADVANCED_FACE('',(#1051),#8509,.T.);
#8887=ADVANCED_FACE('',(#1052),#549,.T.);
#8888=ADVANCED_FACE('',(#1053),#550,.F.);
#8889=ADVANCED_FACE('',(#1054),#8510,.T.);
#8890=ADVANCED_FACE('',(#1055),#551,.T.);
#8891=ADVANCED_FACE('',(#1056),#552,.F.);
#8892=ADVANCED_FACE('',(#1057),#8511,.T.);
#8893=ADVANCED_FACE('',(#1058),#553,.T.);
#8894=ADVANCED_FACE('',(#1059),#554,.F.);
#8895=ADVANCED_FACE('',(#1060),#8512,.T.);
#8896=ADVANCED_FACE('',(#1061),#555,.T.);
#8897=ADVANCED_FACE('',(#1062),#556,.F.);
#8898=ADVANCED_FACE('',(#1063),#8513,.T.);
#8899=ADVANCED_FACE('',(#1064),#557,.T.);
#8900=ADVANCED_FACE('',(#1065),#558,.F.);
#8901=ADVANCED_FACE('',(#1066),#55,.T.);
#8902=ADVANCED_FACE('',(#1067),#56,.T.);
#8903=ADVANCED_FACE('',(#1068),#57,.T.);
#8904=ADVANCED_FACE('',(#1069),#58,.T.);
#8905=ADVANCED_FACE('',(#1070),#59,.T.);
#8906=ADVANCED_FACE('',(#1071),#8514,.T.);
#8907=ADVANCED_FACE('',(#1072),#60,.T.);
#8908=ADVANCED_FACE('',(#1073),#61,.T.);
#8909=ADVANCED_FACE('',(#1074),#8515,.T.);
#8910=ADVANCED_FACE('',(#1075),#8516,.T.);
#8911=ADVANCED_FACE('',(#1076),#62,.T.);
#8912=ADVANCED_FACE('',(#1077),#8517,.T.);
#8913=ADVANCED_FACE('',(#1078),#8518,.T.);
#8914=ADVANCED_FACE('',(#1079),#8519,.T.);
#8915=ADVANCED_FACE('',(#1080),#8520,.T.);
#8916=ADVANCED_FACE('',(#1081),#8521,.T.);
#8917=ADVANCED_FACE('',(#1082),#8522,.T.);
#8918=ADVANCED_FACE('',(#1083),#8523,.T.);
#8919=ADVANCED_FACE('',(#1084),#8524,.T.);
#8920=ADVANCED_FACE('',(#1085),#8525,.T.);
#8921=ADVANCED_FACE('',(#1086),#559,.T.);
#8922=ADVANCED_FACE('',(#1087),#560,.F.);
#8923=ADVANCED_FACE('',(#1088),#561,.T.);
#8924=ADVANCED_FACE('',(#1089),#562,.T.);
#8925=ADVANCED_FACE('',(#1090),#563,.T.);
#8926=ADVANCED_FACE('',(#1091),#564,.T.);
#8927=ADVANCED_FACE('',(#1092),#565,.T.);
#8928=ADVANCED_FACE('',(#1093),#566,.T.);
#8929=ADVANCED_FACE('',(#1094),#567,.T.);
#8930=ADVANCED_FACE('',(#1095),#568,.T.);
#8931=ADVANCED_FACE('',(#1096),#569,.T.);
#8932=ADVANCED_FACE('',(#1097),#570,.F.);
#8933=ADVANCED_FACE('',(#1098),#571,.T.);
#8934=ADVANCED_FACE('',(#1099),#572,.T.);
#8935=ADVANCED_FACE('',(#1100),#573,.T.);
#8936=ADVANCED_FACE('',(#1101),#574,.T.);
#8937=ADVANCED_FACE('',(#1102),#575,.T.);
#8938=ADVANCED_FACE('',(#1103),#576,.F.);
#8939=ADVANCED_FACE('',(#1104),#577,.T.);
#8940=ADVANCED_FACE('',(#1105),#578,.T.);
#8941=ADVANCED_FACE('',(#1106),#579,.T.);
#8942=ADVANCED_FACE('',(#1107),#580,.T.);
#8943=ADVANCED_FACE('',(#1108),#581,.T.);
#8944=ADVANCED_FACE('',(#1109),#582,.F.);
#8945=ADVANCED_FACE('',(#1110),#583,.T.);
#8946=ADVANCED_FACE('',(#1111),#584,.T.);
#8947=ADVANCED_FACE('',(#1112),#585,.T.);
#8948=ADVANCED_FACE('',(#1113),#586,.T.);
#8949=ADVANCED_FACE('',(#1114),#587,.T.);
#8950=ADVANCED_FACE('',(#1115),#588,.F.);
#8951=ADVANCED_FACE('',(#1116),#589,.T.);
#8952=ADVANCED_FACE('',(#1117),#590,.T.);
#8953=ADVANCED_FACE('',(#1118),#591,.T.);
#8954=ADVANCED_FACE('',(#1119),#592,.T.);
#8955=ADVANCED_FACE('',(#1120),#593,.T.);
#8956=ADVANCED_FACE('',(#1121),#594,.F.);
#8957=ADVANCED_FACE('',(#1122),#63,.T.);
#8958=ADVANCED_FACE('',(#1123),#64,.T.);
#8959=ADVANCED_FACE('',(#1124),#65,.T.);
#8960=ADVANCED_FACE('',(#1125),#66,.T.);
#8961=ADVANCED_FACE('',(#1126),#67,.T.);
#8962=ADVANCED_FACE('',(#1127),#8526,.T.);
#8963=ADVANCED_FACE('',(#1128),#68,.T.);
#8964=ADVANCED_FACE('',(#1129),#69,.T.);
#8965=ADVANCED_FACE('',(#1130),#8527,.T.);
#8966=ADVANCED_FACE('',(#1131),#8528,.T.);
#8967=ADVANCED_FACE('',(#1132),#70,.T.);
#8968=ADVANCED_FACE('',(#1133),#8529,.T.);
#8969=ADVANCED_FACE('',(#1134),#8530,.T.);
#8970=ADVANCED_FACE('',(#1135),#8531,.T.);
#8971=ADVANCED_FACE('',(#1136),#8532,.T.);
#8972=ADVANCED_FACE('',(#1137),#8533,.T.);
#8973=ADVANCED_FACE('',(#1138),#8534,.T.);
#8974=ADVANCED_FACE('',(#1139),#8535,.T.);
#8975=ADVANCED_FACE('',(#1140),#8536,.T.);
#8976=ADVANCED_FACE('',(#1141),#8537,.T.);
#8977=ADVANCED_FACE('',(#1142),#595,.T.);
#8978=ADVANCED_FACE('',(#1143),#596,.F.);
#8979=ADVANCED_FACE('',(#1144),#597,.T.);
#8980=ADVANCED_FACE('',(#1145),#598,.T.);
#8981=ADVANCED_FACE('',(#1146),#599,.T.);
#8982=ADVANCED_FACE('',(#1147),#600,.T.);
#8983=ADVANCED_FACE('',(#1148),#601,.T.);
#8984=ADVANCED_FACE('',(#1149),#602,.T.);
#8985=ADVANCED_FACE('',(#1150),#603,.T.);
#8986=ADVANCED_FACE('',(#1151),#604,.T.);
#8987=ADVANCED_FACE('',(#1152),#605,.T.);
#8988=ADVANCED_FACE('',(#1153),#606,.F.);
#8989=ADVANCED_FACE('',(#1154),#8538,.T.);
#8990=ADVANCED_FACE('',(#1155),#607,.T.);
#8991=ADVANCED_FACE('',(#1156),#608,.F.);
#8992=ADVANCED_FACE('',(#1157),#8539,.T.);
#8993=ADVANCED_FACE('',(#1158),#609,.T.);
#8994=ADVANCED_FACE('',(#1159),#610,.F.);
#8995=ADVANCED_FACE('',(#1160),#71,.T.);
#8996=ADVANCED_FACE('',(#1161),#72,.T.);
#8997=ADVANCED_FACE('',(#1162),#73,.T.);
#8998=ADVANCED_FACE('',(#1163),#74,.T.);
#8999=ADVANCED_FACE('',(#1164),#75,.T.);
#9000=ADVANCED_FACE('',(#1165),#8540,.T.);
#9001=ADVANCED_FACE('',(#1166),#76,.T.);
#9002=ADVANCED_FACE('',(#1167),#77,.T.);
#9003=ADVANCED_FACE('',(#1168),#8541,.T.);
#9004=ADVANCED_FACE('',(#1169),#8542,.T.);
#9005=ADVANCED_FACE('',(#1170),#78,.T.);
#9006=ADVANCED_FACE('',(#1171),#8543,.T.);
#9007=ADVANCED_FACE('',(#1172),#8544,.T.);
#9008=ADVANCED_FACE('',(#1173),#8545,.T.);
#9009=ADVANCED_FACE('',(#1174),#8546,.T.);
#9010=ADVANCED_FACE('',(#1175),#8547,.T.);
#9011=ADVANCED_FACE('',(#1176),#8548,.T.);
#9012=ADVANCED_FACE('',(#1177),#8549,.T.);
#9013=ADVANCED_FACE('',(#1178),#8550,.T.);
#9014=ADVANCED_FACE('',(#1179),#8551,.T.);
#9015=ADVANCED_FACE('',(#1180),#611,.T.);
#9016=ADVANCED_FACE('',(#1181),#612,.F.);
#9017=ADVANCED_FACE('',(#1182),#613,.T.);
#9018=ADVANCED_FACE('',(#1183),#614,.T.);
#9019=ADVANCED_FACE('',(#1184),#615,.T.);
#9020=ADVANCED_FACE('',(#1185),#616,.T.);
#9021=ADVANCED_FACE('',(#1186),#617,.T.);
#9022=ADVANCED_FACE('',(#1187),#618,.T.);
#9023=ADVANCED_FACE('',(#1188),#619,.T.);
#9024=ADVANCED_FACE('',(#1189),#620,.T.);
#9025=ADVANCED_FACE('',(#1190),#621,.T.);
#9026=ADVANCED_FACE('',(#1191),#622,.F.);
#9027=ADVANCED_FACE('',(#1192),#8552,.T.);
#9028=ADVANCED_FACE('',(#1193),#623,.T.);
#9029=ADVANCED_FACE('',(#1194),#624,.F.);
#9030=ADVANCED_FACE('',(#1195),#8553,.T.);
#9031=ADVANCED_FACE('',(#1196),#625,.T.);
#9032=ADVANCED_FACE('',(#1197),#626,.F.);
#9033=ADVANCED_FACE('',(#1198),#627,.T.);
#9034=ADVANCED_FACE('',(#1199),#628,.T.);
#9035=ADVANCED_FACE('',(#1200),#629,.T.);
#9036=ADVANCED_FACE('',(#1201),#630,.T.);
#9037=ADVANCED_FACE('',(#1202),#631,.T.);
#9038=ADVANCED_FACE('',(#1203),#632,.F.);
#9039=ADVANCED_FACE('',(#1204),#633,.T.);
#9040=ADVANCED_FACE('',(#1205),#634,.T.);
#9041=ADVANCED_FACE('',(#1206),#635,.T.);
#9042=ADVANCED_FACE('',(#1207),#636,.T.);
#9043=ADVANCED_FACE('',(#1208),#637,.T.);
#9044=ADVANCED_FACE('',(#1209),#638,.F.);
#9045=ADVANCED_FACE('',(#1210),#8554,.T.);
#9046=ADVANCED_FACE('',(#1211),#639,.T.);
#9047=ADVANCED_FACE('',(#1212),#640,.F.);
#9048=ADVANCED_FACE('',(#1213),#79,.T.);
#9049=ADVANCED_FACE('',(#1214),#80,.T.);
#9050=ADVANCED_FACE('',(#1215),#81,.T.);
#9051=ADVANCED_FACE('',(#1216),#82,.T.);
#9052=ADVANCED_FACE('',(#1217),#83,.T.);
#9053=ADVANCED_FACE('',(#1218),#8555,.T.);
#9054=ADVANCED_FACE('',(#1219),#84,.T.);
#9055=ADVANCED_FACE('',(#1220),#85,.T.);
#9056=ADVANCED_FACE('',(#1221),#8556,.T.);
#9057=ADVANCED_FACE('',(#1222),#8557,.T.);
#9058=ADVANCED_FACE('',(#1223),#86,.T.);
#9059=ADVANCED_FACE('',(#1224),#8558,.T.);
#9060=ADVANCED_FACE('',(#1225),#8559,.T.);
#9061=ADVANCED_FACE('',(#1226),#8560,.T.);
#9062=ADVANCED_FACE('',(#1227),#8561,.T.);
#9063=ADVANCED_FACE('',(#1228),#8562,.T.);
#9064=ADVANCED_FACE('',(#1229),#8563,.T.);
#9065=ADVANCED_FACE('',(#1230),#8564,.T.);
#9066=ADVANCED_FACE('',(#1231),#8565,.T.);
#9067=ADVANCED_FACE('',(#1232),#8566,.T.);
#9068=ADVANCED_FACE('',(#1233),#641,.T.);
#9069=ADVANCED_FACE('',(#1234),#642,.F.);
#9070=ADVANCED_FACE('',(#1235),#643,.T.);
#9071=ADVANCED_FACE('',(#1236),#644,.T.);
#9072=ADVANCED_FACE('',(#1237),#645,.T.);
#9073=ADVANCED_FACE('',(#1238),#646,.T.);
#9074=ADVANCED_FACE('',(#1239),#647,.T.);
#9075=ADVANCED_FACE('',(#1240),#648,.T.);
#9076=ADVANCED_FACE('',(#1241),#649,.T.);
#9077=ADVANCED_FACE('',(#1242),#650,.T.);
#9078=ADVANCED_FACE('',(#1243),#651,.T.);
#9079=ADVANCED_FACE('',(#1244),#652,.F.);
#9080=ADVANCED_FACE('',(#1245),#653,.T.);
#9081=ADVANCED_FACE('',(#1246),#654,.T.);
#9082=ADVANCED_FACE('',(#1247),#655,.T.);
#9083=ADVANCED_FACE('',(#1248),#656,.T.);
#9084=ADVANCED_FACE('',(#1249),#657,.T.);
#9085=ADVANCED_FACE('',(#1250),#658,.F.);
#9086=ADVANCED_FACE('',(#1251),#87,.T.);
#9087=ADVANCED_FACE('',(#1252),#88,.T.);
#9088=ADVANCED_FACE('',(#1253),#89,.T.);
#9089=ADVANCED_FACE('',(#1254),#90,.T.);
#9090=ADVANCED_FACE('',(#1255),#91,.T.);
#9091=ADVANCED_FACE('',(#1256),#8567,.T.);
#9092=ADVANCED_FACE('',(#1257),#92,.T.);
#9093=ADVANCED_FACE('',(#1258),#93,.T.);
#9094=ADVANCED_FACE('',(#1259),#8568,.T.);
#9095=ADVANCED_FACE('',(#1260),#8569,.T.);
#9096=ADVANCED_FACE('',(#1261),#94,.T.);
#9097=ADVANCED_FACE('',(#1262),#8570,.T.);
#9098=ADVANCED_FACE('',(#1263),#8571,.T.);
#9099=ADVANCED_FACE('',(#1264),#8572,.T.);
#9100=ADVANCED_FACE('',(#1265),#8573,.T.);
#9101=ADVANCED_FACE('',(#1266),#8574,.T.);
#9102=ADVANCED_FACE('',(#1267),#8575,.T.);
#9103=ADVANCED_FACE('',(#1268),#8576,.T.);
#9104=ADVANCED_FACE('',(#1269),#8577,.T.);
#9105=ADVANCED_FACE('',(#1270),#8578,.T.);
#9106=ADVANCED_FACE('',(#1271),#659,.T.);
#9107=ADVANCED_FACE('',(#1272),#660,.F.);
#9108=ADVANCED_FACE('',(#1273),#661,.T.);
#9109=ADVANCED_FACE('',(#1274),#662,.T.);
#9110=ADVANCED_FACE('',(#1275),#663,.T.);
#9111=ADVANCED_FACE('',(#1276),#664,.T.);
#9112=ADVANCED_FACE('',(#1277),#665,.T.);
#9113=ADVANCED_FACE('',(#1278),#666,.T.);
#9114=ADVANCED_FACE('',(#1279),#667,.T.);
#9115=ADVANCED_FACE('',(#1280),#668,.T.);
#9116=ADVANCED_FACE('',(#1281),#669,.T.);
#9117=ADVANCED_FACE('',(#1282),#670,.F.);
#9118=ADVANCED_FACE('',(#1283),#8579,.T.);
#9119=ADVANCED_FACE('',(#1284),#671,.T.);
#9120=ADVANCED_FACE('',(#1285),#672,.F.);
#9121=ADVANCED_FACE('',(#1286),#8580,.T.);
#9122=ADVANCED_FACE('',(#1287),#673,.T.);
#9123=ADVANCED_FACE('',(#1288),#674,.F.);
#9124=ADVANCED_FACE('',(#1289),#8581,.T.);
#9125=ADVANCED_FACE('',(#1290),#675,.T.);
#9126=ADVANCED_FACE('',(#1291),#676,.F.);
#9127=ADVANCED_FACE('',(#1292),#677,.T.);
#9128=ADVANCED_FACE('',(#1293),#678,.T.);
#9129=ADVANCED_FACE('',(#1294),#679,.T.);
#9130=ADVANCED_FACE('',(#1295),#680,.T.);
#9131=ADVANCED_FACE('',(#1296),#681,.T.);
#9132=ADVANCED_FACE('',(#1297),#682,.F.);
#9133=ADVANCED_FACE('',(#1298),#8582,.T.);
#9134=ADVANCED_FACE('',(#1299),#683,.T.);
#9135=ADVANCED_FACE('',(#1300),#684,.F.);
#9136=ADVANCED_FACE('',(#1301),#8583,.T.);
#9137=ADVANCED_FACE('',(#1302),#685,.T.);
#9138=ADVANCED_FACE('',(#1303),#686,.F.);
#9139=ADVANCED_FACE('',(#1304),#8584,.T.);
#9140=ADVANCED_FACE('',(#1305),#687,.T.);
#9141=ADVANCED_FACE('',(#1306),#688,.F.);
#9142=ADVANCED_FACE('',(#1307),#689,.T.);
#9143=ADVANCED_FACE('',(#1308),#690,.T.);
#9144=ADVANCED_FACE('',(#1309),#691,.T.);
#9145=ADVANCED_FACE('',(#1310),#692,.T.);
#9146=ADVANCED_FACE('',(#1311),#693,.T.);
#9147=ADVANCED_FACE('',(#1312),#694,.F.);
#9148=ADVANCED_FACE('',(#1313),#8585,.T.);
#9149=ADVANCED_FACE('',(#1314),#695,.T.);
#9150=ADVANCED_FACE('',(#1315),#696,.F.);
#9151=ADVANCED_FACE('',(#1316),#8586,.T.);
#9152=ADVANCED_FACE('',(#1317),#697,.T.);
#9153=ADVANCED_FACE('',(#1318),#698,.F.);
#9154=ADVANCED_FACE('',(#1319),#8587,.T.);
#9155=ADVANCED_FACE('',(#1320),#699,.T.);
#9156=ADVANCED_FACE('',(#1321),#700,.F.);
#9157=ADVANCED_FACE('',(#1322),#701,.T.);
#9158=ADVANCED_FACE('',(#1323),#702,.T.);
#9159=ADVANCED_FACE('',(#1324),#703,.T.);
#9160=ADVANCED_FACE('',(#1325),#704,.T.);
#9161=ADVANCED_FACE('',(#1326),#705,.T.);
#9162=ADVANCED_FACE('',(#1327),#706,.F.);
#9163=ADVANCED_FACE('',(#1328),#8588,.T.);
#9164=ADVANCED_FACE('',(#1329),#707,.T.);
#9165=ADVANCED_FACE('',(#1330),#708,.F.);
#9166=ADVANCED_FACE('',(#1331),#8589,.T.);
#9167=ADVANCED_FACE('',(#1332),#709,.T.);
#9168=ADVANCED_FACE('',(#1333),#710,.F.);
#9169=ADVANCED_FACE('',(#1334),#8590,.T.);
#9170=ADVANCED_FACE('',(#1335),#711,.T.);
#9171=ADVANCED_FACE('',(#1336),#712,.F.);
#9172=ADVANCED_FACE('',(#1337),#8591,.T.);
#9173=ADVANCED_FACE('',(#1338),#713,.T.);
#9174=ADVANCED_FACE('',(#1339),#714,.F.);
#9175=ADVANCED_FACE('',(#1340),#8592,.F.);
#9176=ADVANCED_FACE('',(#1341),#715,.T.);
#9177=ADVANCED_FACE('',(#1342),#716,.F.);
#9178=ADVANCED_FACE('',(#1343),#717,.T.);
#9179=ADVANCED_FACE('',(#1344),#718,.T.);
#9180=ADVANCED_FACE('',(#1345),#8593,.F.);
#9181=ADVANCED_FACE('',(#1346),#8594,.F.);
#9182=ADVANCED_FACE('',(#1347),#719,.T.);
#9183=ADVANCED_FACE('',(#1348),#720,.F.);
#9184=ADVANCED_FACE('',(#1349),#721,.T.);
#9185=ADVANCED_FACE('',(#1350),#722,.T.);
#9186=ADVANCED_FACE('',(#1351),#8595,.F.);
#9187=ADVANCED_FACE('',(#1352),#723,.T.);
#9188=ADVANCED_FACE('',(#1353),#724,.T.);
#9189=ADVANCED_FACE('',(#1354),#725,.T.);
#9190=ADVANCED_FACE('',(#1355),#726,.T.);
#9191=ADVANCED_FACE('',(#1356),#727,.T.);
#9192=ADVANCED_FACE('',(#1357),#728,.F.);
#9193=ADVANCED_FACE('',(#1358),#729,.T.);
#9194=ADVANCED_FACE('',(#1359),#730,.T.);
#9195=ADVANCED_FACE('',(#1360),#731,.T.);
#9196=ADVANCED_FACE('',(#1361),#732,.T.);
#9197=ADVANCED_FACE('',(#1362),#733,.T.);
#9198=ADVANCED_FACE('',(#1363),#734,.F.);
#9199=ADVANCED_FACE('',(#1364),#735,.T.);
#9200=ADVANCED_FACE('',(#1365),#736,.T.);
#9201=ADVANCED_FACE('',(#1366),#737,.T.);
#9202=ADVANCED_FACE('',(#1367),#738,.T.);
#9203=ADVANCED_FACE('',(#1368),#739,.T.);
#9204=ADVANCED_FACE('',(#1369),#740,.F.);
#9205=ADVANCED_FACE('',(#1370),#741,.T.);
#9206=ADVANCED_FACE('',(#1371),#742,.T.);
#9207=ADVANCED_FACE('',(#1372),#743,.T.);
#9208=ADVANCED_FACE('',(#1373),#744,.T.);
#9209=ADVANCED_FACE('',(#1374),#745,.T.);
#9210=ADVANCED_FACE('',(#1375),#746,.F.);
#9211=ADVANCED_FACE('',(#1376),#747,.T.);
#9212=ADVANCED_FACE('',(#1377),#748,.T.);
#9213=ADVANCED_FACE('',(#1378),#15,.T.);
#9214=ADVANCED_FACE('',(#1379),#16,.T.);
#9215=ADVANCED_FACE('',(#1380),#17,.T.);
#9216=ADVANCED_FACE('',(#1381),#18,.T.);
#9217=ADVANCED_FACE('',(#1382),#749,.T.);
#9218=ADVANCED_FACE('',(#1383),#19,.T.);
#9219=ADVANCED_FACE('',(#1384),#20,.T.);
#9220=ADVANCED_FACE('',(#1385),#21,.T.);
#9221=ADVANCED_FACE('',(#1386),#750,.T.);
#9222=ADVANCED_FACE('',(#1387),#751,.T.);
#9223=ADVANCED_FACE('',(#1388),#752,.T.);
#9224=ADVANCED_FACE('',(#1389),#753,.T.);
#9225=ADVANCED_FACE('',(#1390),#754,.F.);
#9226=ADVANCED_FACE('',(#1391),#755,.T.);
#9227=ADVANCED_FACE('',(#1392),#22,.T.);
#9228=ADVANCED_FACE('',(#1393),#23,.T.);
#9229=ADVANCED_FACE('',(#1394),#24,.T.);
#9230=ADVANCED_FACE('',(#1395),#25,.T.);
#9231=ADVANCED_FACE('',(#1396),#26,.T.);
#9232=ADVANCED_FACE('',(#1397),#27,.T.);
#9233=ADVANCED_FACE('',(#1398),#28,.T.);
#9234=ADVANCED_FACE('',(#1399),#29,.T.);
#9235=ADVANCED_FACE('',(#1400),#30,.T.);
#9236=ADVANCED_FACE('',(#1401),#31,.T.);
#9237=ADVANCED_FACE('',(#1402),#756,.T.);
#9238=ADVANCED_FACE('',(#1403),#32,.T.);
#9239=ADVANCED_FACE('',(#1404),#33,.T.);
#9240=ADVANCED_FACE('',(#1405),#757,.T.);
#9241=ADVANCED_FACE('',(#1406),#34,.T.);
#9242=ADVANCED_FACE('',(#1407),#35,.T.);
#9243=ADVANCED_FACE('',(#1408),#36,.T.);
#9244=ADVANCED_FACE('',(#1409),#37,.T.);
#9245=ADVANCED_FACE('',(#1410),#38,.T.);
#9246=ADVANCED_FACE('',(#1411),#39,.T.);
#9247=ADVANCED_FACE('',(#1412),#40,.T.);
#9248=ADVANCED_FACE('',(#1413),#758,.T.);
#9249=ADVANCED_FACE('',(#1414),#41,.T.);
#9250=ADVANCED_FACE('',(#1415),#42,.T.);
#9251=ADVANCED_FACE('',(#1416),#43,.T.);
#9252=ADVANCED_FACE('',(#1417),#44,.T.);
#9253=ADVANCED_FACE('',(#1418),#45,.T.);
#9254=ADVANCED_FACE('',(#1419),#46,.T.);
#9255=ADVANCED_FACE('',(#1420),#47,.T.);
#9256=ADVANCED_FACE('',(#1421),#48,.T.);
#9257=ADVANCED_FACE('',(#1422),#49,.T.);
#9258=ADVANCED_FACE('',(#1423),#50,.T.);
#9259=ADVANCED_FACE('',(#1424),#51,.T.);
#9260=ADVANCED_FACE('',(#1425),#52,.T.);
#9261=ADVANCED_FACE('',(#1426),#53,.T.);
#9262=ADVANCED_FACE('',(#1427),#54,.T.);
#9263=ADVANCED_FACE('',(#1428,#13),#759,.T.);
#9264=ADVANCED_FACE('',(#1429,#14),#760,.F.);
#9265=CLOSED_SHELL('',(#8596,#8597,#8598,#8599,#8600,#8601,#8602,#8603,
#8604,#8605,#8606,#8607,#8608,#8609,#8610,#8611,#8612,#8613,#8614,#8615,
#8616,#8617,#8618,#8619,#8620,#8621,#8622,#8623,#8624,#8625,#8626));
#9266=CLOSED_SHELL('',(#8627,#8628,#8629,#8630,#8631,#8632));
#9267=CLOSED_SHELL('',(#8633,#8634,#8635,#8636,#8637,#8638));
#9268=CLOSED_SHELL('',(#8639,#8640,#8641,#8642,#8643,#8644));
#9269=CLOSED_SHELL('',(#8645,#8646,#8647,#8648,#8649,#8650));
#9270=CLOSED_SHELL('',(#8651,#8652,#8653,#8654,#8655,#8656,#8657,#8658,
#8659,#8660));
#9271=CLOSED_SHELL('',(#8661,#8662,#8663,#8664,#8665,#8666));
#9272=CLOSED_SHELL('',(#8667,#8668,#8669,#8670,#8671,#8672));
#9273=CLOSED_SHELL('',(#8673,#8674,#8675,#8676,#8677,#8678));
#9274=CLOSED_SHELL('',(#8679,#8680,#8681,#8682,#8683,#8684));
#9275=CLOSED_SHELL('',(#8685,#8686,#8687));
#9276=CLOSED_SHELL('',(#8688,#8689,#8690,#8691,#8692,#8693));
#9277=CLOSED_SHELL('',(#8694,#8695,#8696,#8697,#8698,#8699,#8700,#8701,
#8702,#8703));
#9278=CLOSED_SHELL('',(#8704,#8705,#8706,#8707,#8708,#8709));
#9279=CLOSED_SHELL('',(#8710,#8711,#8712,#8713,#8714,#8715));
#9280=CLOSED_SHELL('',(#8716,#8717,#8718,#8719,#8720,#8721));
#9281=CLOSED_SHELL('',(#8722,#8723,#8724,#8725,#8726,#8727));
#9282=CLOSED_SHELL('',(#8728,#8729,#8730,#8731,#8732,#8733));
#9283=CLOSED_SHELL('',(#8734,#8735,#8736,#8737,#8738,#8739));
#9284=CLOSED_SHELL('',(#8740,#8741,#8742,#8743,#8744,#8745));
#9285=CLOSED_SHELL('',(#8746,#8747,#8748,#8749,#8750,#8751));
#9286=CLOSED_SHELL('',(#8752,#8753,#8754,#8755,#8756,#8757));
#9287=CLOSED_SHELL('',(#8758,#8759,#8760));
#9288=CLOSED_SHELL('',(#8761,#8762,#8763,#8764,#8765,#8766));
#9289=CLOSED_SHELL('',(#8767,#8768,#8769));
#9290=CLOSED_SHELL('',(#8770,#8771,#8772,#8773,#8774));
#9291=CLOSED_SHELL('',(#8775,#8776,#8777));
#9292=CLOSED_SHELL('',(#8778,#8779,#8780));
#9293=CLOSED_SHELL('',(#8781,#8782,#8783));
#9294=CLOSED_SHELL('',(#8784,#8785,#8786));
#9295=CLOSED_SHELL('',(#8787,#8788,#8789));
#9296=CLOSED_SHELL('',(#8790,#8791,#8792));
#9297=CLOSED_SHELL('',(#8793,#8794,#8795));
#9298=CLOSED_SHELL('',(#8796,#8797,#8798));
#9299=CLOSED_SHELL('',(#8799,#8800,#8801));
#9300=CLOSED_SHELL('',(#8802,#8803,#8804,#8805,#8806));
#9301=CLOSED_SHELL('',(#8807,#8808,#8809));
#9302=CLOSED_SHELL('',(#8810,#8811,#8812));
#9303=CLOSED_SHELL('',(#8813,#8814,#8815));
#9304=CLOSED_SHELL('',(#8816,#8817,#8818));
#9305=CLOSED_SHELL('',(#8819,#8820,#8821));
#9306=CLOSED_SHELL('',(#8822,#8823,#8824));
#9307=CLOSED_SHELL('',(#8825,#8826,#8827));
#9308=CLOSED_SHELL('',(#8828,#8829,#8830));
#9309=CLOSED_SHELL('',(#8831,#8832,#8833));
#9310=CLOSED_SHELL('',(#8834,#8835,#8836));
#9311=CLOSED_SHELL('',(#8837,#8838,#8839,#8840,#8841));
#9312=CLOSED_SHELL('',(#8842,#8843,#8844));
#9313=CLOSED_SHELL('',(#8845,#8846,#8847));
#9314=CLOSED_SHELL('',(#8848,#8849,#8850));
#9315=CLOSED_SHELL('',(#8851,#8852,#8853));
#9316=CLOSED_SHELL('',(#8854,#8855,#8856));
#9317=CLOSED_SHELL('',(#8857,#8858,#8859));
#9318=CLOSED_SHELL('',(#8860,#8861,#8862));
#9319=CLOSED_SHELL('',(#8863,#8864,#8865));
#9320=CLOSED_SHELL('',(#8866,#8867,#8868));
#9321=CLOSED_SHELL('',(#8869,#8870,#8871,#8872,#8873));
#9322=CLOSED_SHELL('',(#8874,#8875,#8876));
#9323=CLOSED_SHELL('',(#8877,#8878,#8879));
#9324=CLOSED_SHELL('',(#8880,#8881,#8882));
#9325=CLOSED_SHELL('',(#8883,#8884,#8885));
#9326=CLOSED_SHELL('',(#8886,#8887,#8888));
#9327=CLOSED_SHELL('',(#8889,#8890,#8891));
#9328=CLOSED_SHELL('',(#8892,#8893,#8894));
#9329=CLOSED_SHELL('',(#8895,#8896,#8897));
#9330=CLOSED_SHELL('',(#8898,#8899,#8900));
#9331=CLOSED_SHELL('',(#8901,#8902,#8903,#8904,#8905,#8906,#8907,#8908,
#8909,#8910,#8911,#8912,#8913,#8914,#8915,#8916,#8917,#8918,#8919,#8920,
#8921,#8922,#8923,#8924,#8925,#8926));
#9332=CLOSED_SHELL('',(#8927,#8928,#8929,#8930,#8931,#8932));
#9333=CLOSED_SHELL('',(#8933,#8934,#8935,#8936,#8937,#8938));
#9334=CLOSED_SHELL('',(#8939,#8940,#8941,#8942,#8943,#8944));
#9335=CLOSED_SHELL('',(#8945,#8946,#8947,#8948,#8949,#8950));
#9336=CLOSED_SHELL('',(#8951,#8952,#8953,#8954,#8955,#8956));
#9337=CLOSED_SHELL('',(#8957,#8958,#8959,#8960,#8961,#8962,#8963,#8964,
#8965,#8966,#8967,#8968,#8969,#8970,#8971,#8972,#8973,#8974,#8975,#8976,
#8977,#8978,#8979,#8980,#8981,#8982));
#9338=CLOSED_SHELL('',(#8983,#8984,#8985,#8986,#8987,#8988));
#9339=CLOSED_SHELL('',(#8989,#8990,#8991));
#9340=CLOSED_SHELL('',(#8992,#8993,#8994));
#9341=CLOSED_SHELL('',(#8995,#8996,#8997,#8998,#8999,#9000,#9001,#9002,
#9003,#9004,#9005,#9006,#9007,#9008,#9009,#9010,#9011,#9012,#9013,#9014,
#9015,#9016,#9017,#9018,#9019,#9020));
#9342=CLOSED_SHELL('',(#9021,#9022,#9023,#9024,#9025,#9026));
#9343=CLOSED_SHELL('',(#9027,#9028,#9029));
#9344=CLOSED_SHELL('',(#9030,#9031,#9032));
#9345=CLOSED_SHELL('',(#9033,#9034,#9035,#9036,#9037,#9038));
#9346=CLOSED_SHELL('',(#9039,#9040,#9041,#9042,#9043,#9044));
#9347=CLOSED_SHELL('',(#9045,#9046,#9047));
#9348=CLOSED_SHELL('',(#9048,#9049,#9050,#9051,#9052,#9053,#9054,#9055,
#9056,#9057,#9058,#9059,#9060,#9061,#9062,#9063,#9064,#9065,#9066,#9067,
#9068,#9069,#9070,#9071,#9072,#9073));
#9349=CLOSED_SHELL('',(#9074,#9075,#9076,#9077,#9078,#9079));
#9350=CLOSED_SHELL('',(#9080,#9081,#9082,#9083,#9084,#9085));
#9351=CLOSED_SHELL('',(#9086,#9087,#9088,#9089,#9090,#9091,#9092,#9093,
#9094,#9095,#9096,#9097,#9098,#9099,#9100,#9101,#9102,#9103,#9104,#9105,
#9106,#9107,#9108,#9109,#9110,#9111));
#9352=CLOSED_SHELL('',(#9112,#9113,#9114,#9115,#9116,#9117));
#9353=CLOSED_SHELL('',(#9118,#9119,#9120));
#9354=CLOSED_SHELL('',(#9121,#9122,#9123));
#9355=CLOSED_SHELL('',(#9124,#9125,#9126));
#9356=CLOSED_SHELL('',(#9127,#9128,#9129,#9130,#9131,#9132));
#9357=CLOSED_SHELL('',(#9133,#9134,#9135));
#9358=CLOSED_SHELL('',(#9136,#9137,#9138));
#9359=CLOSED_SHELL('',(#9139,#9140,#9141));
#9360=CLOSED_SHELL('',(#9142,#9143,#9144,#9145,#9146,#9147));
#9361=CLOSED_SHELL('',(#9148,#9149,#9150));
#9362=CLOSED_SHELL('',(#9151,#9152,#9153));
#9363=CLOSED_SHELL('',(#9154,#9155,#9156));
#9364=CLOSED_SHELL('',(#9157,#9158,#9159,#9160,#9161,#9162));
#9365=CLOSED_SHELL('',(#9163,#9164,#9165));
#9366=CLOSED_SHELL('',(#9166,#9167,#9168));
#9367=CLOSED_SHELL('',(#9169,#9170,#9171));
#9368=CLOSED_SHELL('',(#9172,#9173,#9174));
#9369=CLOSED_SHELL('',(#9175,#9176,#9177,#9178,#9179,#9180));
#9370=CLOSED_SHELL('',(#9181,#9182,#9183,#9184,#9185,#9186));
#9371=CLOSED_SHELL('',(#9187,#9188,#9189,#9190,#9191,#9192));
#9372=CLOSED_SHELL('',(#9193,#9194,#9195,#9196,#9197,#9198));
#9373=CLOSED_SHELL('',(#9199,#9200,#9201,#9202,#9203,#9204));
#9374=CLOSED_SHELL('',(#9205,#9206,#9207,#9208,#9209,#9210));
#9375=CLOSED_SHELL('',(#9211,#9212,#9213,#9214,#9215,#9216,#9217,#9218,
#9219,#9220,#9221,#9222,#9223,#9224,#9225));
#9376=CLOSED_SHELL('',(#9226,#9227,#9228,#9229,#9230,#9231,#9232,#9233,
#9234,#9235,#9236,#9237,#9238,#9239,#9240,#9241,#9242,#9243,#9244,#9245,
#9246,#9247,#9248,#9249,#9250,#9251,#9252,#9253,#9254,#9255,#9256,#9257,
#9258,#9259,#9260,#9261,#9262,#9263,#9264));
#9377=DERIVED_UNIT_ELEMENT(#9379,1.);
#9378=DERIVED_UNIT_ELEMENT(#16640,-3.);
#9379=(
MASS_UNIT()
NAMED_UNIT(*)
SI_UNIT(.KILO.,.GRAM.)
);
#9380=DERIVED_UNIT((#9377,#9378));
#9381=MEASURE_REPRESENTATION_ITEM('density measure',
POSITIVE_RATIO_MEASURE(7850.),#9380);
#9382=PROPERTY_DEFINITION_REPRESENTATION(#9387,#9384);
#9383=PROPERTY_DEFINITION_REPRESENTATION(#9388,#9385);
#9384=REPRESENTATION('material name',(#9386),#16637);
#9385=REPRESENTATION('density',(#9381),#16637);
#9386=DESCRIPTIVE_REPRESENTATION_ITEM('Steel','Steel');
#9387=PROPERTY_DEFINITION('material property','material name',#16647);
#9388=PROPERTY_DEFINITION('material property','density of part',#16647);
#9389=AXIS2_PLACEMENT_3D('',#13028,#10341,#10342);
#9390=AXIS2_PLACEMENT_3D('',#13029,#10343,#10344);
#9391=AXIS2_PLACEMENT_3D('',#13032,#10345,#10346);
#9392=AXIS2_PLACEMENT_3D('',#13074,#10348,#10349);
#9393=AXIS2_PLACEMENT_3D('',#13114,#10351,#10352);
#9394=AXIS2_PLACEMENT_3D('',#13118,#10354,#10355);
#9395=AXIS2_PLACEMENT_3D('',#13126,#10359,#10360);
#9396=AXIS2_PLACEMENT_3D('',#13130,#10362,#10363);
#9397=AXIS2_PLACEMENT_3D('',#13134,#10366,#10367);
#9398=AXIS2_PLACEMENT_3D('',#13155,#10369,#10370);
#9399=AXIS2_PLACEMENT_3D('',#13159,#10373,#10374);
#9400=AXIS2_PLACEMENT_3D('',#13180,#10376,#10377);
#9401=AXIS2_PLACEMENT_3D('',#13182,#10378,#10379);
#9402=AXIS2_PLACEMENT_3D('',#13222,#10381,#10382);
#9403=AXIS2_PLACEMENT_3D('',#13228,#10385,#10386);
#9404=AXIS2_PLACEMENT_3D('',#13232,#10388,#10389);
#9405=AXIS2_PLACEMENT_3D('',#13238,#10393,#10394);
#9406=AXIS2_PLACEMENT_3D('',#13241,#10396,#10397);
#9407=AXIS2_PLACEMENT_3D('',#13242,#10398,#10399);
#9408=AXIS2_PLACEMENT_3D('',#13244,#10400,#10401);
#9409=AXIS2_PLACEMENT_3D('',#13246,#10403,#10404);
#9410=AXIS2_PLACEMENT_3D('',#13250,#10407,#10408);
#9411=AXIS2_PLACEMENT_3D('',#13251,#10409,#10410);
#9412=AXIS2_PLACEMENT_3D('',#13252,#10411,#10412);
#9413=AXIS2_PLACEMENT_3D('',#13379,#10414,#10415);
#9414=AXIS2_PLACEMENT_3D('',#13395,#10416,#10417);
#9415=AXIS2_PLACEMENT_3D('',#13396,#10418,#10419);
#9416=AXIS2_PLACEMENT_3D('',#13398,#10420,#10421);
#9417=AXIS2_PLACEMENT_3D('',#13400,#10423,#10424);
#9418=AXIS2_PLACEMENT_3D('',#13403,#10426,#10427);
#9419=AXIS2_PLACEMENT_3D('',#13404,#10428,#10429);
#9420=AXIS2_PLACEMENT_3D('',#13406,#10431,#10432);
#9421=AXIS2_PLACEMENT_3D('',#13517,#10433,#10434);
#9422=AXIS2_PLACEMENT_3D('',#13518,#10435,#10436);
#9423=AXIS2_PLACEMENT_3D('',#13520,#10438,#10439);
#9424=AXIS2_PLACEMENT_3D('',#13522,#10441,#10442);
#9425=AXIS2_PLACEMENT_3D('',#13526,#10445,#10446);
#9426=AXIS2_PLACEMENT_3D('',#13529,#10448,#10449);
#9427=AXIS2_PLACEMENT_3D('',#13530,#10450,#10451);
#9428=AXIS2_PLACEMENT_3D('',#13534,#10454,#10455);
#9429=AXIS2_PLACEMENT_3D('',#13536,#10456,#10457);
#9430=AXIS2_PLACEMENT_3D('',#13538,#10459,#10460);
#9431=AXIS2_PLACEMENT_3D('',#13540,#10461,#10462);
#9432=AXIS2_PLACEMENT_3D('',#13569,#10463,#10464);
#9433=AXIS2_PLACEMENT_3D('',#13571,#10466,#10467);
#9434=AXIS2_PLACEMENT_3D('',#13681,#10468,#10469);
#9435=AXIS2_PLACEMENT_3D('',#13791,#10470,#10471);
#9436=AXIS2_PLACEMENT_3D('',#13792,#10472,#10473);
#9437=AXIS2_PLACEMENT_3D('',#13794,#10475,#10476);
#9438=AXIS2_PLACEMENT_3D('',#13796,#10478,#10479);
#9439=AXIS2_PLACEMENT_3D('',#13797,#10480,#10481);
#9440=AXIS2_PLACEMENT_3D('',#13800,#10482,#10483);
#9441=AXIS2_PLACEMENT_3D('',#13804,#10485,#10486);
#9442=AXIS2_PLACEMENT_3D('',#13806,#10488,#10489);
#9443=AXIS2_PLACEMENT_3D('',#13812,#10493,#10494);
#9444=AXIS2_PLACEMENT_3D('',#13816,#10497,#10498);
#9445=AXIS2_PLACEMENT_3D('',#13820,#10501,#10502);
#9446=AXIS2_PLACEMENT_3D('',#13822,#10504,#10505);
#9447=AXIS2_PLACEMENT_3D('',#13823,#10506,#10507);
#9448=AXIS2_PLACEMENT_3D('',#13826,#10508,#10509);
#9449=AXIS2_PLACEMENT_3D('',#13830,#10511,#10512);
#9450=AXIS2_PLACEMENT_3D('',#13832,#10514,#10515);
#9451=AXIS2_PLACEMENT_3D('',#13838,#10519,#10520);
#9452=AXIS2_PLACEMENT_3D('',#13842,#10523,#10524);
#9453=AXIS2_PLACEMENT_3D('',#13846,#10527,#10528);
#9454=AXIS2_PLACEMENT_3D('',#13848,#10530,#10531);
#9455=AXIS2_PLACEMENT_3D('',#13849,#10532,#10533);
#9456=AXIS2_PLACEMENT_3D('',#13854,#10535,#10536);
#9457=AXIS2_PLACEMENT_3D('',#13857,#10538,#10539);
#9458=AXIS2_PLACEMENT_3D('',#13858,#10540,#10541);
#9459=AXIS2_PLACEMENT_3D('',#13864,#10545,#10546);
#9460=AXIS2_PLACEMENT_3D('',#13868,#10549,#10550);
#9461=AXIS2_PLACEMENT_3D('',#13872,#10553,#10554);
#9462=AXIS2_PLACEMENT_3D('',#13874,#10556,#10557);
#9463=AXIS2_PLACEMENT_3D('',#13875,#10558,#10559);
#9464=AXIS2_PLACEMENT_3D('',#13880,#10561,#10562);
#9465=AXIS2_PLACEMENT_3D('',#13883,#10564,#10565);
#9466=AXIS2_PLACEMENT_3D('',#13884,#10566,#10567);
#9467=AXIS2_PLACEMENT_3D('',#13890,#10571,#10572);
#9468=AXIS2_PLACEMENT_3D('',#13894,#10575,#10576);
#9469=AXIS2_PLACEMENT_3D('',#13898,#10579,#10580);
#9470=AXIS2_PLACEMENT_3D('',#13900,#10582,#10583);
#9471=AXIS2_PLACEMENT_3D('',#13901,#10584,#10585);
#9472=AXIS2_PLACEMENT_3D('',#13904,#10586,#10587);
#9473=AXIS2_PLACEMENT_3D('',#13908,#10589,#10590);
#9474=AXIS2_PLACEMENT_3D('',#13910,#10592,#10593);
#9475=AXIS2_PLACEMENT_3D('',#13912,#10594,#10595);
#9476=AXIS2_PLACEMENT_3D('',#13914,#10596,#10597);
#9477=AXIS2_PLACEMENT_3D('',#13916,#10599,#10600);
#9478=AXIS2_PLACEMENT_3D('',#13922,#10604,#10605);
#9479=AXIS2_PLACEMENT_3D('',#13924,#10606,#10607);
#9480=AXIS2_PLACEMENT_3D('',#13926,#10608,#10609);
#9481=AXIS2_PLACEMENT_3D('',#13928,#10611,#10612);
#9482=AXIS2_PLACEMENT_3D('',#13934,#10616,#10617);
#9483=AXIS2_PLACEMENT_3D('',#13936,#10618,#10619);
#9484=AXIS2_PLACEMENT_3D('',#13938,#10620,#10621);
#9485=AXIS2_PLACEMENT_3D('',#13940,#10623,#10624);
#9486=AXIS2_PLACEMENT_3D('',#13946,#10628,#10629);
#9487=AXIS2_PLACEMENT_3D('',#13947,#10630,#10631);
#9488=AXIS2_PLACEMENT_3D('',#13948,#10632,#10633);
#9489=AXIS2_PLACEMENT_3D('',#13949,#10634,#10635);
#9490=AXIS2_PLACEMENT_3D('',#13950,#10636,#10637);
#9491=AXIS2_PLACEMENT_3D('',#13951,#10638,#10639);
#9492=AXIS2_PLACEMENT_3D('',#13960,#10644,#10645);
#9493=AXIS2_PLACEMENT_3D('',#13966,#10649,#10650);
#9494=AXIS2_PLACEMENT_3D('',#13972,#10654,#10655);
#9495=AXIS2_PLACEMENT_3D('',#13975,#10658,#10659);
#9496=AXIS2_PLACEMENT_3D('',#13976,#10660,#10661);
#9497=AXIS2_PLACEMENT_3D('',#13977,#10662,#10663);
#9498=AXIS2_PLACEMENT_3D('',#13986,#10668,#10669);
#9499=AXIS2_PLACEMENT_3D('',#13992,#10673,#10674);
#9500=AXIS2_PLACEMENT_3D('',#13998,#10678,#10679);
#9501=AXIS2_PLACEMENT_3D('',#14001,#10682,#10683);
#9502=AXIS2_PLACEMENT_3D('',#14002,#10684,#10685);
#9503=AXIS2_PLACEMENT_3D('',#14003,#10686,#10687);
#9504=AXIS2_PLACEMENT_3D('',#14012,#10692,#10693);
#9505=AXIS2_PLACEMENT_3D('',#14018,#10697,#10698);
#9506=AXIS2_PLACEMENT_3D('',#14024,#10702,#10703);
#9507=AXIS2_PLACEMENT_3D('',#14027,#10706,#10707);
#9508=AXIS2_PLACEMENT_3D('',#14028,#10708,#10709);
#9509=AXIS2_PLACEMENT_3D('',#14029,#10710,#10711);
#9510=AXIS2_PLACEMENT_3D('',#14038,#10716,#10717);
#9511=AXIS2_PLACEMENT_3D('',#14044,#10721,#10722);
#9512=AXIS2_PLACEMENT_3D('',#14050,#10726,#10727);
#9513=AXIS2_PLACEMENT_3D('',#14053,#10730,#10731);
#9514=AXIS2_PLACEMENT_3D('',#14054,#10732,#10733);
#9515=AXIS2_PLACEMENT_3D('',#14055,#10734,#10735);
#9516=AXIS2_PLACEMENT_3D('',#14057,#10736,#10737);
#9517=AXIS2_PLACEMENT_3D('',#14060,#10739,#10740);
#9518=AXIS2_PLACEMENT_3D('',#14061,#10741,#10742);
#9519=AXIS2_PLACEMENT_3D('',#14062,#10743,#10744);
#9520=AXIS2_PLACEMENT_3D('',#14063,#10745,#10746);
#9521=AXIS2_PLACEMENT_3D('',#14072,#10751,#10752);
#9522=AXIS2_PLACEMENT_3D('',#14078,#10756,#10757);
#9523=AXIS2_PLACEMENT_3D('',#14084,#10761,#10762);
#9524=AXIS2_PLACEMENT_3D('',#14087,#10765,#10766);
#9525=AXIS2_PLACEMENT_3D('',#14088,#10767,#10768);
#9526=AXIS2_PLACEMENT_3D('',#14089,#10769,#10770);
#9527=AXIS2_PLACEMENT_3D('',#14098,#10775,#10776);
#9528=AXIS2_PLACEMENT_3D('',#14100,#10777,#10778);
#9529=AXIS2_PLACEMENT_3D('',#14102,#10779,#10780);
#9530=AXIS2_PLACEMENT_3D('',#14104,#10782,#10783);
#9531=AXIS2_PLACEMENT_3D('',#14110,#10787,#10788);
#9532=AXIS2_PLACEMENT_3D('',#14112,#10789,#10790);
#9533=AXIS2_PLACEMENT_3D('',#14114,#10791,#10792);
#9534=AXIS2_PLACEMENT_3D('',#14116,#10794,#10795);
#9535=AXIS2_PLACEMENT_3D('',#14122,#10799,#10800);
#9536=AXIS2_PLACEMENT_3D('',#14124,#10801,#10802);
#9537=AXIS2_PLACEMENT_3D('',#14126,#10803,#10804);
#9538=AXIS2_PLACEMENT_3D('',#14128,#10806,#10807);
#9539=AXIS2_PLACEMENT_3D('',#14130,#10808,#10809);
#9540=AXIS2_PLACEMENT_3D('',#14132,#10810,#10811);
#9541=AXIS2_PLACEMENT_3D('',#14134,#10813,#10814);
#9542=AXIS2_PLACEMENT_3D('',#14135,#10815,#10816);
#9543=AXIS2_PLACEMENT_3D('',#14136,#10817,#10818);
#9544=AXIS2_PLACEMENT_3D('',#14137,#10819,#10820);
#9545=AXIS2_PLACEMENT_3D('',#14138,#10821,#10822);
#9546=AXIS2_PLACEMENT_3D('',#14139,#10823,#10824);
#9547=AXIS2_PLACEMENT_3D('',#14148,#10829,#10830);
#9548=AXIS2_PLACEMENT_3D('',#14154,#10834,#10835);
#9549=AXIS2_PLACEMENT_3D('',#14160,#10839,#10840);
#9550=AXIS2_PLACEMENT_3D('',#14163,#10843,#10844);
#9551=AXIS2_PLACEMENT_3D('',#14164,#10845,#10846);
#9552=AXIS2_PLACEMENT_3D('',#14165,#10847,#10848);
#9553=AXIS2_PLACEMENT_3D('',#14174,#10853,#10854);
#9554=AXIS2_PLACEMENT_3D('',#14180,#10858,#10859);
#9555=AXIS2_PLACEMENT_3D('',#14186,#10863,#10864);
#9556=AXIS2_PLACEMENT_3D('',#14189,#10867,#10868);
#9557=AXIS2_PLACEMENT_3D('',#14190,#10869,#10870);
#9558=AXIS2_PLACEMENT_3D('',#14191,#10871,#10872);
#9559=AXIS2_PLACEMENT_3D('',#14200,#10877,#10878);
#9560=AXIS2_PLACEMENT_3D('',#14206,#10882,#10883);
#9561=AXIS2_PLACEMENT_3D('',#14212,#10887,#10888);
#9562=AXIS2_PLACEMENT_3D('',#14215,#10891,#10892);
#9563=AXIS2_PLACEMENT_3D('',#14216,#10893,#10894);
#9564=AXIS2_PLACEMENT_3D('',#14217,#10895,#10896);
#9565=AXIS2_PLACEMENT_3D('',#14226,#10901,#10902);
#9566=AXIS2_PLACEMENT_3D('',#14232,#10906,#10907);
#9567=AXIS2_PLACEMENT_3D('',#14238,#10911,#10912);
#9568=AXIS2_PLACEMENT_3D('',#14241,#10915,#10916);
#9569=AXIS2_PLACEMENT_3D('',#14242,#10917,#10918);
#9570=AXIS2_PLACEMENT_3D('',#14243,#10919,#10920);
#9571=AXIS2_PLACEMENT_3D('',#14252,#10925,#10926);
#9572=AXIS2_PLACEMENT_3D('',#14258,#10930,#10931);
#9573=AXIS2_PLACEMENT_3D('',#14264,#10935,#10936);
#9574=AXIS2_PLACEMENT_3D('',#14267,#10939,#10940);
#9575=AXIS2_PLACEMENT_3D('',#14268,#10941,#10942);
#9576=AXIS2_PLACEMENT_3D('',#14269,#10943,#10944);
#9577=AXIS2_PLACEMENT_3D('',#14278,#10949,#10950);
#9578=AXIS2_PLACEMENT_3D('',#14284,#10954,#10955);
#9579=AXIS2_PLACEMENT_3D('',#14290,#10959,#10960);
#9580=AXIS2_PLACEMENT_3D('',#14293,#10963,#10964);
#9581=AXIS2_PLACEMENT_3D('',#14294,#10965,#10966);
#9582=AXIS2_PLACEMENT_3D('',#14295,#10967,#10968);
#9583=AXIS2_PLACEMENT_3D('',#14304,#10973,#10974);
#9584=AXIS2_PLACEMENT_3D('',#14310,#10978,#10979);
#9585=AXIS2_PLACEMENT_3D('',#14316,#10983,#10984);
#9586=AXIS2_PLACEMENT_3D('',#14319,#10987,#10988);
#9587=AXIS2_PLACEMENT_3D('',#14320,#10989,#10990);
#9588=AXIS2_PLACEMENT_3D('',#14321,#10991,#10992);
#9589=AXIS2_PLACEMENT_3D('',#14330,#10997,#10998);
#9590=AXIS2_PLACEMENT_3D('',#14336,#11002,#11003);
#9591=AXIS2_PLACEMENT_3D('',#14342,#11007,#11008);
#9592=AXIS2_PLACEMENT_3D('',#14345,#11011,#11012);
#9593=AXIS2_PLACEMENT_3D('',#14346,#11013,#11014);
#9594=AXIS2_PLACEMENT_3D('',#14347,#11015,#11016);
#9595=AXIS2_PLACEMENT_3D('',#14356,#11021,#11022);
#9596=AXIS2_PLACEMENT_3D('',#14362,#11026,#11027);
#9597=AXIS2_PLACEMENT_3D('',#14368,#11031,#11032);
#9598=AXIS2_PLACEMENT_3D('',#14371,#11035,#11036);
#9599=AXIS2_PLACEMENT_3D('',#14372,#11037,#11038);
#9600=AXIS2_PLACEMENT_3D('',#14373,#11039,#11040);
#9601=AXIS2_PLACEMENT_3D('',#14375,#11041,#11042);
#9602=AXIS2_PLACEMENT_3D('',#14378,#11044,#11045);
#9603=AXIS2_PLACEMENT_3D('',#14379,#11046,#11047);
#9604=AXIS2_PLACEMENT_3D('',#14380,#11048,#11049);
#9605=AXIS2_PLACEMENT_3D('',#14381,#11050,#11051);
#9606=AXIS2_PLACEMENT_3D('',#14390,#11056,#11057);
#9607=AXIS2_PLACEMENT_3D('',#14396,#11061,#11062);
#9608=AXIS2_PLACEMENT_3D('',#14402,#11066,#11067);
#9609=AXIS2_PLACEMENT_3D('',#14405,#11070,#11071);
#9610=AXIS2_PLACEMENT_3D('',#14406,#11072,#11073);
#9611=AXIS2_PLACEMENT_3D('',#14407,#11074,#11075);
#9612=AXIS2_PLACEMENT_3D('',#14409,#11076,#11077);
#9613=AXIS2_PLACEMENT_3D('',#14412,#11079,#11080);
#9614=AXIS2_PLACEMENT_3D('',#14413,#11081,#11082);
#9615=AXIS2_PLACEMENT_3D('',#14414,#11083,#11084);
#9616=AXIS2_PLACEMENT_3D('',#14415,#11085,#11086);
#9617=AXIS2_PLACEMENT_3D('',#14418,#11087,#11088);
#9618=AXIS2_PLACEMENT_3D('',#14420,#11089,#11090);
#9619=AXIS2_PLACEMENT_3D('',#14421,#11091,#11092);
#9620=AXIS2_PLACEMENT_3D('',#14422,#11093,#11094);
#9621=AXIS2_PLACEMENT_3D('',#14423,#11095,#11096);
#9622=AXIS2_PLACEMENT_3D('',#14426,#11097,#11098);
#9623=AXIS2_PLACEMENT_3D('',#14428,#11100,#11101);
#9624=AXIS2_PLACEMENT_3D('',#14429,#11102,#11103);
#9625=AXIS2_PLACEMENT_3D('',#14430,#11104,#11105);
#9626=AXIS2_PLACEMENT_3D('',#14432,#11106,#11107);
#9627=AXIS2_PLACEMENT_3D('',#14433,#11108,#11109);
#9628=AXIS2_PLACEMENT_3D('',#14434,#11110,#11111);
#9629=AXIS2_PLACEMENT_3D('',#14435,#11112,#11113);
#9630=AXIS2_PLACEMENT_3D('',#14437,#11114,#11115);
#9631=AXIS2_PLACEMENT_3D('',#14440,#11117,#11118);
#9632=AXIS2_PLACEMENT_3D('',#14441,#11119,#11120);
#9633=AXIS2_PLACEMENT_3D('',#14442,#11121,#11122);
#9634=AXIS2_PLACEMENT_3D('',#14443,#11123,#11124);
#9635=AXIS2_PLACEMENT_3D('',#14445,#11125,#11126);
#9636=AXIS2_PLACEMENT_3D('',#14448,#11128,#11129);
#9637=AXIS2_PLACEMENT_3D('',#14449,#11130,#11131);
#9638=AXIS2_PLACEMENT_3D('',#14450,#11132,#11133);
#9639=AXIS2_PLACEMENT_3D('',#14451,#11134,#11135);
#9640=AXIS2_PLACEMENT_3D('',#14453,#11136,#11137);
#9641=AXIS2_PLACEMENT_3D('',#14456,#11139,#11140);
#9642=AXIS2_PLACEMENT_3D('',#14457,#11141,#11142);
#9643=AXIS2_PLACEMENT_3D('',#14458,#11143,#11144);
#9644=AXIS2_PLACEMENT_3D('',#14459,#11145,#11146);
#9645=AXIS2_PLACEMENT_3D('',#14461,#11147,#11148);
#9646=AXIS2_PLACEMENT_3D('',#14464,#11150,#11151);
#9647=AXIS2_PLACEMENT_3D('',#14465,#11152,#11153);
#9648=AXIS2_PLACEMENT_3D('',#14466,#11154,#11155);
#9649=AXIS2_PLACEMENT_3D('',#14467,#11156,#11157);
#9650=AXIS2_PLACEMENT_3D('',#14469,#11158,#11159);
#9651=AXIS2_PLACEMENT_3D('',#14472,#11161,#11162);
#9652=AXIS2_PLACEMENT_3D('',#14473,#11163,#11164);
#9653=AXIS2_PLACEMENT_3D('',#14474,#11165,#11166);
#9654=AXIS2_PLACEMENT_3D('',#14475,#11167,#11168);
#9655=AXIS2_PLACEMENT_3D('',#14477,#11169,#11170);
#9656=AXIS2_PLACEMENT_3D('',#14480,#11172,#11173);
#9657=AXIS2_PLACEMENT_3D('',#14481,#11174,#11175);
#9658=AXIS2_PLACEMENT_3D('',#14482,#11176,#11177);
#9659=AXIS2_PLACEMENT_3D('',#14483,#11178,#11179);
#9660=AXIS2_PLACEMENT_3D('',#14485,#11180,#11181);
#9661=AXIS2_PLACEMENT_3D('',#14488,#11183,#11184);
#9662=AXIS2_PLACEMENT_3D('',#14489,#11185,#11186);
#9663=AXIS2_PLACEMENT_3D('',#14490,#11187,#11188);
#9664=AXIS2_PLACEMENT_3D('',#14491,#11189,#11190);
#9665=AXIS2_PLACEMENT_3D('',#14493,#11191,#11192);
#9666=AXIS2_PLACEMENT_3D('',#14496,#11194,#11195);
#9667=AXIS2_PLACEMENT_3D('',#14497,#11196,#11197);
#9668=AXIS2_PLACEMENT_3D('',#14498,#11198,#11199);
#9669=AXIS2_PLACEMENT_3D('',#14499,#11200,#11201);
#9670=AXIS2_PLACEMENT_3D('',#14501,#11202,#11203);
#9671=AXIS2_PLACEMENT_3D('',#14504,#11205,#11206);
#9672=AXIS2_PLACEMENT_3D('',#14505,#11207,#11208);
#9673=AXIS2_PLACEMENT_3D('',#14506,#11209,#11210);
#9674=AXIS2_PLACEMENT_3D('',#14507,#11211,#11212);
#9675=AXIS2_PLACEMENT_3D('',#14509,#11213,#11214);
#9676=AXIS2_PLACEMENT_3D('',#14511,#11215,#11216);
#9677=AXIS2_PLACEMENT_3D('',#14513,#11217,#11218);
#9678=AXIS2_PLACEMENT_3D('',#14514,#11219,#11220);
#9679=AXIS2_PLACEMENT_3D('',#14515,#11221,#11222);
#9680=AXIS2_PLACEMENT_3D('',#14518,#11223,#11224);
#9681=AXIS2_PLACEMENT_3D('',#14520,#11226,#11227);
#9682=AXIS2_PLACEMENT_3D('',#14521,#11228,#11229);
#9683=AXIS2_PLACEMENT_3D('',#14522,#11230,#11231);
#9684=AXIS2_PLACEMENT_3D('',#14524,#11232,#11233);
#9685=AXIS2_PLACEMENT_3D('',#14525,#11234,#11235);
#9686=AXIS2_PLACEMENT_3D('',#14526,#11236,#11237);
#9687=AXIS2_PLACEMENT_3D('',#14527,#11238,#11239);
#9688=AXIS2_PLACEMENT_3D('',#14529,#11240,#11241);
#9689=AXIS2_PLACEMENT_3D('',#14532,#11243,#11244);
#9690=AXIS2_PLACEMENT_3D('',#14533,#11245,#11246);
#9691=AXIS2_PLACEMENT_3D('',#14534,#11247,#11248);
#9692=AXIS2_PLACEMENT_3D('',#14535,#11249,#11250);
#9693=AXIS2_PLACEMENT_3D('',#14537,#11251,#11252);
#9694=AXIS2_PLACEMENT_3D('',#14540,#11254,#11255);
#9695=AXIS2_PLACEMENT_3D('',#14541,#11256,#11257);
#9696=AXIS2_PLACEMENT_3D('',#14542,#11258,#11259);
#9697=AXIS2_PLACEMENT_3D('',#14543,#11260,#11261);
#9698=AXIS2_PLACEMENT_3D('',#14545,#11262,#11263);
#9699=AXIS2_PLACEMENT_3D('',#14548,#11265,#11266);
#9700=AXIS2_PLACEMENT_3D('',#14549,#11267,#11268);
#9701=AXIS2_PLACEMENT_3D('',#14550,#11269,#11270);
#9702=AXIS2_PLACEMENT_3D('',#14551,#11271,#11272);
#9703=AXIS2_PLACEMENT_3D('',#14553,#11273,#11274);
#9704=AXIS2_PLACEMENT_3D('',#14556,#11276,#11277);
#9705=AXIS2_PLACEMENT_3D('',#14557,#11278,#11279);
#9706=AXIS2_PLACEMENT_3D('',#14558,#11280,#11281);
#9707=AXIS2_PLACEMENT_3D('',#14559,#11282,#11283);
#9708=AXIS2_PLACEMENT_3D('',#14561,#11284,#11285);
#9709=AXIS2_PLACEMENT_3D('',#14564,#11287,#11288);
#9710=AXIS2_PLACEMENT_3D('',#14565,#11289,#11290);
#9711=AXIS2_PLACEMENT_3D('',#14566,#11291,#11292);
#9712=AXIS2_PLACEMENT_3D('',#14567,#11293,#11294);
#9713=AXIS2_PLACEMENT_3D('',#14569,#11295,#11296);
#9714=AXIS2_PLACEMENT_3D('',#14572,#11298,#11299);
#9715=AXIS2_PLACEMENT_3D('',#14573,#11300,#11301);
#9716=AXIS2_PLACEMENT_3D('',#14574,#11302,#11303);
#9717=AXIS2_PLACEMENT_3D('',#14575,#11304,#11305);
#9718=AXIS2_PLACEMENT_3D('',#14577,#11306,#11307);
#9719=AXIS2_PLACEMENT_3D('',#14580,#11309,#11310);
#9720=AXIS2_PLACEMENT_3D('',#14581,#11311,#11312);
#9721=AXIS2_PLACEMENT_3D('',#14582,#11313,#11314);
#9722=AXIS2_PLACEMENT_3D('',#14583,#11315,#11316);
#9723=AXIS2_PLACEMENT_3D('',#14585,#11317,#11318);
#9724=AXIS2_PLACEMENT_3D('',#14588,#11320,#11321);
#9725=AXIS2_PLACEMENT_3D('',#14589,#11322,#11323);
#9726=AXIS2_PLACEMENT_3D('',#14590,#11324,#11325);
#9727=AXIS2_PLACEMENT_3D('',#14591,#11326,#11327);
#9728=AXIS2_PLACEMENT_3D('',#14593,#11328,#11329);
#9729=AXIS2_PLACEMENT_3D('',#14596,#11331,#11332);
#9730=AXIS2_PLACEMENT_3D('',#14597,#11333,#11334);
#9731=AXIS2_PLACEMENT_3D('',#14598,#11335,#11336);
#9732=AXIS2_PLACEMENT_3D('',#14599,#11337,#11338);
#9733=AXIS2_PLACEMENT_3D('',#14601,#11339,#11340);
#9734=AXIS2_PLACEMENT_3D('',#14604,#11342,#11343);
#9735=AXIS2_PLACEMENT_3D('',#14605,#11344,#11345);
#9736=AXIS2_PLACEMENT_3D('',#14606,#11346,#11347);
#9737=AXIS2_PLACEMENT_3D('',#14607,#11348,#11349);
#9738=AXIS2_PLACEMENT_3D('',#14610,#11350,#11351);
#9739=AXIS2_PLACEMENT_3D('',#14612,#11352,#11353);
#9740=AXIS2_PLACEMENT_3D('',#14613,#11354,#11355);
#9741=AXIS2_PLACEMENT_3D('',#14614,#11356,#11357);
#9742=AXIS2_PLACEMENT_3D('',#14615,#11358,#11359);
#9743=AXIS2_PLACEMENT_3D('',#14618,#11360,#11361);
#9744=AXIS2_PLACEMENT_3D('',#14620,#11363,#11364);
#9745=AXIS2_PLACEMENT_3D('',#14621,#11365,#11366);
#9746=AXIS2_PLACEMENT_3D('',#14622,#11367,#11368);
#9747=AXIS2_PLACEMENT_3D('',#14624,#11369,#11370);
#9748=AXIS2_PLACEMENT_3D('',#14625,#11371,#11372);
#9749=AXIS2_PLACEMENT_3D('',#14626,#11373,#11374);
#9750=AXIS2_PLACEMENT_3D('',#14627,#11375,#11376);
#9751=AXIS2_PLACEMENT_3D('',#14629,#11377,#11378);
#9752=AXIS2_PLACEMENT_3D('',#14632,#11380,#11381);
#9753=AXIS2_PLACEMENT_3D('',#14633,#11382,#11383);
#9754=AXIS2_PLACEMENT_3D('',#14634,#11384,#11385);
#9755=AXIS2_PLACEMENT_3D('',#14635,#11386,#11387);
#9756=AXIS2_PLACEMENT_3D('',#14637,#11388,#11389);
#9757=AXIS2_PLACEMENT_3D('',#14640,#11391,#11392);
#9758=AXIS2_PLACEMENT_3D('',#14641,#11393,#11394);
#9759=AXIS2_PLACEMENT_3D('',#14642,#11395,#11396);
#9760=AXIS2_PLACEMENT_3D('',#14643,#11397,#11398);
#9761=AXIS2_PLACEMENT_3D('',#14645,#11399,#11400);
#9762=AXIS2_PLACEMENT_3D('',#14648,#11402,#11403);
#9763=AXIS2_PLACEMENT_3D('',#14649,#11404,#11405);
#9764=AXIS2_PLACEMENT_3D('',#14650,#11406,#11407);
#9765=AXIS2_PLACEMENT_3D('',#14651,#11408,#11409);
#9766=AXIS2_PLACEMENT_3D('',#14653,#11410,#11411);
#9767=AXIS2_PLACEMENT_3D('',#14656,#11413,#11414);
#9768=AXIS2_PLACEMENT_3D('',#14657,#11415,#11416);
#9769=AXIS2_PLACEMENT_3D('',#14658,#11417,#11418);
#9770=AXIS2_PLACEMENT_3D('',#14659,#11419,#11420);
#9771=AXIS2_PLACEMENT_3D('',#14661,#11421,#11422);
#9772=AXIS2_PLACEMENT_3D('',#14664,#11424,#11425);
#9773=AXIS2_PLACEMENT_3D('',#14665,#11426,#11427);
#9774=AXIS2_PLACEMENT_3D('',#14666,#11428,#11429);
#9775=AXIS2_PLACEMENT_3D('',#14667,#11430,#11431);
#9776=AXIS2_PLACEMENT_3D('',#14669,#11432,#11433);
#9777=AXIS2_PLACEMENT_3D('',#14672,#11435,#11436);
#9778=AXIS2_PLACEMENT_3D('',#14673,#11437,#11438);
#9779=AXIS2_PLACEMENT_3D('',#14674,#11439,#11440);
#9780=AXIS2_PLACEMENT_3D('',#14675,#11441,#11442);
#9781=AXIS2_PLACEMENT_3D('',#14677,#11443,#11444);
#9782=AXIS2_PLACEMENT_3D('',#14680,#11446,#11447);
#9783=AXIS2_PLACEMENT_3D('',#14681,#11448,#11449);
#9784=AXIS2_PLACEMENT_3D('',#14682,#11450,#11451);
#9785=AXIS2_PLACEMENT_3D('',#14683,#11452,#11453);
#9786=AXIS2_PLACEMENT_3D('',#14685,#11454,#11455);
#9787=AXIS2_PLACEMENT_3D('',#14688,#11457,#11458);
#9788=AXIS2_PLACEMENT_3D('',#14689,#11459,#11460);
#9789=AXIS2_PLACEMENT_3D('',#14690,#11461,#11462);
#9790=AXIS2_PLACEMENT_3D('',#14691,#11463,#11464);
#9791=AXIS2_PLACEMENT_3D('',#14693,#11465,#11466);
#9792=AXIS2_PLACEMENT_3D('',#14696,#11468,#11469);
#9793=AXIS2_PLACEMENT_3D('',#14697,#11470,#11471);
#9794=AXIS2_PLACEMENT_3D('',#14698,#11472,#11473);
#9795=AXIS2_PLACEMENT_3D('',#14699,#11474,#11475);
#9796=AXIS2_PLACEMENT_3D('',#14701,#11476,#11477);
#9797=AXIS2_PLACEMENT_3D('',#14703,#11478,#11479);
#9798=AXIS2_PLACEMENT_3D('',#14705,#11480,#11481);
#9799=AXIS2_PLACEMENT_3D('',#14706,#11482,#11483);
#9800=AXIS2_PLACEMENT_3D('',#14707,#11484,#11485);
#9801=AXIS2_PLACEMENT_3D('',#14710,#11486,#11487);
#9802=AXIS2_PLACEMENT_3D('',#14712,#11489,#11490);
#9803=AXIS2_PLACEMENT_3D('',#14713,#11491,#11492);
#9804=AXIS2_PLACEMENT_3D('',#14714,#11493,#11494);
#9805=AXIS2_PLACEMENT_3D('',#14716,#11495,#11496);
#9806=AXIS2_PLACEMENT_3D('',#14717,#11497,#11498);
#9807=AXIS2_PLACEMENT_3D('',#14718,#11499,#11500);
#9808=AXIS2_PLACEMENT_3D('',#14719,#11501,#11502);
#9809=AXIS2_PLACEMENT_3D('',#14721,#11503,#11504);
#9810=AXIS2_PLACEMENT_3D('',#14724,#11506,#11507);
#9811=AXIS2_PLACEMENT_3D('',#14725,#11508,#11509);
#9812=AXIS2_PLACEMENT_3D('',#14726,#11510,#11511);
#9813=AXIS2_PLACEMENT_3D('',#14727,#11512,#11513);
#9814=AXIS2_PLACEMENT_3D('',#14729,#11514,#11515);
#9815=AXIS2_PLACEMENT_3D('',#14732,#11517,#11518);
#9816=AXIS2_PLACEMENT_3D('',#14733,#11519,#11520);
#9817=AXIS2_PLACEMENT_3D('',#14734,#11521,#11522);
#9818=AXIS2_PLACEMENT_3D('',#14735,#11523,#11524);
#9819=AXIS2_PLACEMENT_3D('',#14737,#11525,#11526);
#9820=AXIS2_PLACEMENT_3D('',#14740,#11528,#11529);
#9821=AXIS2_PLACEMENT_3D('',#14741,#11530,#11531);
#9822=AXIS2_PLACEMENT_3D('',#14742,#11532,#11533);
#9823=AXIS2_PLACEMENT_3D('',#14743,#11534,#11535);
#9824=AXIS2_PLACEMENT_3D('',#14745,#11536,#11537);
#9825=AXIS2_PLACEMENT_3D('',#14748,#11539,#11540);
#9826=AXIS2_PLACEMENT_3D('',#14749,#11541,#11542);
#9827=AXIS2_PLACEMENT_3D('',#14750,#11543,#11544);
#9828=AXIS2_PLACEMENT_3D('',#14751,#11545,#11546);
#9829=AXIS2_PLACEMENT_3D('',#14753,#11547,#11548);
#9830=AXIS2_PLACEMENT_3D('',#14756,#11550,#11551);
#9831=AXIS2_PLACEMENT_3D('',#14757,#11552,#11553);
#9832=AXIS2_PLACEMENT_3D('',#14758,#11554,#11555);
#9833=AXIS2_PLACEMENT_3D('',#14759,#11556,#11557);
#9834=AXIS2_PLACEMENT_3D('',#14761,#11558,#11559);
#9835=AXIS2_PLACEMENT_3D('',#14764,#11561,#11562);
#9836=AXIS2_PLACEMENT_3D('',#14765,#11563,#11564);
#9837=AXIS2_PLACEMENT_3D('',#14766,#11565,#11566);
#9838=AXIS2_PLACEMENT_3D('',#14767,#11567,#11568);
#9839=AXIS2_PLACEMENT_3D('',#14769,#11569,#11570);
#9840=AXIS2_PLACEMENT_3D('',#14772,#11572,#11573);
#9841=AXIS2_PLACEMENT_3D('',#14773,#11574,#11575);
#9842=AXIS2_PLACEMENT_3D('',#14774,#11576,#11577);
#9843=AXIS2_PLACEMENT_3D('',#14775,#11578,#11579);
#9844=AXIS2_PLACEMENT_3D('',#14777,#11580,#11581);
#9845=AXIS2_PLACEMENT_3D('',#14780,#11583,#11584);
#9846=AXIS2_PLACEMENT_3D('',#14781,#11585,#11586);
#9847=AXIS2_PLACEMENT_3D('',#14782,#11587,#11588);
#9848=AXIS2_PLACEMENT_3D('',#14783,#11589,#11590);
#9849=AXIS2_PLACEMENT_3D('',#14785,#11591,#11592);
#9850=AXIS2_PLACEMENT_3D('',#14788,#11594,#11595);
#9851=AXIS2_PLACEMENT_3D('',#14789,#11596,#11597);
#9852=AXIS2_PLACEMENT_3D('',#14790,#11598,#11599);
#9853=AXIS2_PLACEMENT_3D('',#14791,#11600,#11601);
#9854=AXIS2_PLACEMENT_3D('',#14794,#11602,#11603);
#9855=AXIS2_PLACEMENT_3D('',#14796,#11604,#11605);
#9856=AXIS2_PLACEMENT_3D('',#14797,#11606,#11607);
#9857=AXIS2_PLACEMENT_3D('',#14798,#11608,#11609);
#9858=AXIS2_PLACEMENT_3D('',#14801,#11610,#11611);
#9859=AXIS2_PLACEMENT_3D('',#14803,#11612,#11613);
#9860=AXIS2_PLACEMENT_3D('',#14804,#11614,#11615);
#9861=AXIS2_PLACEMENT_3D('',#14805,#11616,#11617);
#9862=AXIS2_PLACEMENT_3D('',#14808,#11618,#11619);
#9863=AXIS2_PLACEMENT_3D('',#14810,#11620,#11621);
#9864=AXIS2_PLACEMENT_3D('',#14811,#11622,#11623);
#9865=AXIS2_PLACEMENT_3D('',#14812,#11624,#11625);
#9866=AXIS2_PLACEMENT_3D('',#14815,#11626,#11627);
#9867=AXIS2_PLACEMENT_3D('',#14817,#11628,#11629);
#9868=AXIS2_PLACEMENT_3D('',#14818,#11630,#11631);
#9869=AXIS2_PLACEMENT_3D('',#14819,#11632,#11633);
#9870=AXIS2_PLACEMENT_3D('',#14822,#11634,#11635);
#9871=AXIS2_PLACEMENT_3D('',#14824,#11636,#11637);
#9872=AXIS2_PLACEMENT_3D('',#14825,#11638,#11639);
#9873=AXIS2_PLACEMENT_3D('',#14826,#11640,#11641);
#9874=AXIS2_PLACEMENT_3D('',#14829,#11644,#11645);
#9875=AXIS2_PLACEMENT_3D('',#14832,#11646,#11647);
#9876=AXIS2_PLACEMENT_3D('',#14834,#11648,#11649);
#9877=AXIS2_PLACEMENT_3D('',#14835,#11650,#11651);
#9878=AXIS2_PLACEMENT_3D('',#14836,#11652,#11653);
#9879=AXIS2_PLACEMENT_3D('',#14839,#11654,#11655);
#9880=AXIS2_PLACEMENT_3D('',#14841,#11656,#11657);
#9881=AXIS2_PLACEMENT_3D('',#14842,#11658,#11659);
#9882=AXIS2_PLACEMENT_3D('',#14843,#11660,#11661);
#9883=AXIS2_PLACEMENT_3D('',#14846,#11664,#11665);
#9884=AXIS2_PLACEMENT_3D('',#14849,#11668,#11669);
#9885=AXIS2_PLACEMENT_3D('',#14852,#11670,#11671);
#9886=AXIS2_PLACEMENT_3D('',#14854,#11672,#11673);
#9887=AXIS2_PLACEMENT_3D('',#14855,#11674,#11675);
#9888=AXIS2_PLACEMENT_3D('',#14856,#11676,#11677);
#9889=AXIS2_PLACEMENT_3D('',#14859,#11680,#11681);
#9890=AXIS2_PLACEMENT_3D('',#14862,#11684,#11685);
#9891=AXIS2_PLACEMENT_3D('',#14865,#11688,#11689);
#9892=AXIS2_PLACEMENT_3D('',#14868,#11692,#11693);
#9893=AXIS2_PLACEMENT_3D('',#14871,#11696,#11697);
#9894=AXIS2_PLACEMENT_3D('',#14874,#11700,#11701);
#9895=AXIS2_PLACEMENT_3D('',#14877,#11704,#11705);
#9896=AXIS2_PLACEMENT_3D('',#14880,#11708,#11709);
#9897=AXIS2_PLACEMENT_3D('',#14883,#11712,#11713);
#9898=AXIS2_PLACEMENT_3D('',#14884,#11714,#11715);
#9899=AXIS2_PLACEMENT_3D('',#14885,#11716,#11717);
#9900=AXIS2_PLACEMENT_3D('',#14886,#11718,#11719);
#9901=AXIS2_PLACEMENT_3D('',#14887,#11720,#11721);
#9902=AXIS2_PLACEMENT_3D('',#14888,#11722,#11723);
#9903=AXIS2_PLACEMENT_3D('',#14889,#11724,#11725);
#9904=AXIS2_PLACEMENT_3D('',#14898,#11730,#11731);
#9905=AXIS2_PLACEMENT_3D('',#14904,#11735,#11736);
#9906=AXIS2_PLACEMENT_3D('',#14910,#11740,#11741);
#9907=AXIS2_PLACEMENT_3D('',#14913,#11744,#11745);
#9908=AXIS2_PLACEMENT_3D('',#14914,#11746,#11747);
#9909=AXIS2_PLACEMENT_3D('',#14915,#11748,#11749);
#9910=AXIS2_PLACEMENT_3D('',#14924,#11754,#11755);
#9911=AXIS2_PLACEMENT_3D('',#14930,#11759,#11760);
#9912=AXIS2_PLACEMENT_3D('',#14936,#11764,#11765);
#9913=AXIS2_PLACEMENT_3D('',#14939,#11768,#11769);
#9914=AXIS2_PLACEMENT_3D('',#14940,#11770,#11771);
#9915=AXIS2_PLACEMENT_3D('',#14941,#11772,#11773);
#9916=AXIS2_PLACEMENT_3D('',#14950,#11778,#11779);
#9917=AXIS2_PLACEMENT_3D('',#14956,#11783,#11784);
#9918=AXIS2_PLACEMENT_3D('',#14962,#11788,#11789);
#9919=AXIS2_PLACEMENT_3D('',#14965,#11792,#11793);
#9920=AXIS2_PLACEMENT_3D('',#14966,#11794,#11795);
#9921=AXIS2_PLACEMENT_3D('',#14967,#11796,#11797);
#9922=AXIS2_PLACEMENT_3D('',#14976,#11802,#11803);
#9923=AXIS2_PLACEMENT_3D('',#14982,#11807,#11808);
#9924=AXIS2_PLACEMENT_3D('',#14988,#11812,#11813);
#9925=AXIS2_PLACEMENT_3D('',#14991,#11816,#11817);
#9926=AXIS2_PLACEMENT_3D('',#14992,#11818,#11819);
#9927=AXIS2_PLACEMENT_3D('',#14993,#11820,#11821);
#9928=AXIS2_PLACEMENT_3D('',#15002,#11826,#11827);
#9929=AXIS2_PLACEMENT_3D('',#15008,#11831,#11832);
#9930=AXIS2_PLACEMENT_3D('',#15014,#11836,#11837);
#9931=AXIS2_PLACEMENT_3D('',#15017,#11840,#11841);
#9932=AXIS2_PLACEMENT_3D('',#15018,#11842,#11843);
#9933=AXIS2_PLACEMENT_3D('',#15019,#11844,#11845);
#9934=AXIS2_PLACEMENT_3D('',#15022,#11846,#11847);
#9935=AXIS2_PLACEMENT_3D('',#15024,#11848,#11849);
#9936=AXIS2_PLACEMENT_3D('',#15025,#11850,#11851);
#9937=AXIS2_PLACEMENT_3D('',#15026,#11852,#11853);
#9938=AXIS2_PLACEMENT_3D('',#15029,#11854,#11855);
#9939=AXIS2_PLACEMENT_3D('',#15031,#11856,#11857);
#9940=AXIS2_PLACEMENT_3D('',#15032,#11858,#11859);
#9941=AXIS2_PLACEMENT_3D('',#15033,#11860,#11861);
#9942=AXIS2_PLACEMENT_3D('',#15036,#11862,#11863);
#9943=AXIS2_PLACEMENT_3D('',#15038,#11864,#11865);
#9944=AXIS2_PLACEMENT_3D('',#15039,#11866,#11867);
#9945=AXIS2_PLACEMENT_3D('',#15040,#11868,#11869);
#9946=AXIS2_PLACEMENT_3D('',#15043,#11870,#11871);
#9947=AXIS2_PLACEMENT_3D('',#15045,#11872,#11873);
#9948=AXIS2_PLACEMENT_3D('',#15046,#11874,#11875);
#9949=AXIS2_PLACEMENT_3D('',#15047,#11876,#11877);
#9950=AXIS2_PLACEMENT_3D('',#15050,#11878,#11879);
#9951=AXIS2_PLACEMENT_3D('',#15052,#11880,#11881);
#9952=AXIS2_PLACEMENT_3D('',#15053,#11882,#11883);
#9953=AXIS2_PLACEMENT_3D('',#15054,#11884,#11885);
#9954=AXIS2_PLACEMENT_3D('',#15057,#11888,#11889);
#9955=AXIS2_PLACEMENT_3D('',#15060,#11890,#11891);
#9956=AXIS2_PLACEMENT_3D('',#15062,#11892,#11893);
#9957=AXIS2_PLACEMENT_3D('',#15063,#11894,#11895);
#9958=AXIS2_PLACEMENT_3D('',#15064,#11896,#11897);
#9959=AXIS2_PLACEMENT_3D('',#15067,#11898,#11899);
#9960=AXIS2_PLACEMENT_3D('',#15069,#11900,#11901);
#9961=AXIS2_PLACEMENT_3D('',#15070,#11902,#11903);
#9962=AXIS2_PLACEMENT_3D('',#15071,#11904,#11905);
#9963=AXIS2_PLACEMENT_3D('',#15074,#11908,#11909);
#9964=AXIS2_PLACEMENT_3D('',#15077,#11912,#11913);
#9965=AXIS2_PLACEMENT_3D('',#15080,#11914,#11915);
#9966=AXIS2_PLACEMENT_3D('',#15082,#11916,#11917);
#9967=AXIS2_PLACEMENT_3D('',#15083,#11918,#11919);
#9968=AXIS2_PLACEMENT_3D('',#15084,#11920,#11921);
#9969=AXIS2_PLACEMENT_3D('',#15087,#11924,#11925);
#9970=AXIS2_PLACEMENT_3D('',#15090,#11928,#11929);
#9971=AXIS2_PLACEMENT_3D('',#15093,#11932,#11933);
#9972=AXIS2_PLACEMENT_3D('',#15096,#11936,#11937);
#9973=AXIS2_PLACEMENT_3D('',#15099,#11940,#11941);
#9974=AXIS2_PLACEMENT_3D('',#15102,#11944,#11945);
#9975=AXIS2_PLACEMENT_3D('',#15105,#11948,#11949);
#9976=AXIS2_PLACEMENT_3D('',#15108,#11952,#11953);
#9977=AXIS2_PLACEMENT_3D('',#15111,#11956,#11957);
#9978=AXIS2_PLACEMENT_3D('',#15112,#11958,#11959);
#9979=AXIS2_PLACEMENT_3D('',#15113,#11960,#11961);
#9980=AXIS2_PLACEMENT_3D('',#15114,#11962,#11963);
#9981=AXIS2_PLACEMENT_3D('',#15115,#11964,#11965);
#9982=AXIS2_PLACEMENT_3D('',#15116,#11966,#11967);
#9983=AXIS2_PLACEMENT_3D('',#15117,#11968,#11969);
#9984=AXIS2_PLACEMENT_3D('',#15126,#11974,#11975);
#9985=AXIS2_PLACEMENT_3D('',#15132,#11979,#11980);
#9986=AXIS2_PLACEMENT_3D('',#15138,#11984,#11985);
#9987=AXIS2_PLACEMENT_3D('',#15141,#11988,#11989);
#9988=AXIS2_PLACEMENT_3D('',#15142,#11990,#11991);
#9989=AXIS2_PLACEMENT_3D('',#15143,#11992,#11993);
#9990=AXIS2_PLACEMENT_3D('',#15145,#11994,#11995);
#9991=AXIS2_PLACEMENT_3D('',#15148,#11997,#11998);
#9992=AXIS2_PLACEMENT_3D('',#15149,#11999,#12000);
#9993=AXIS2_PLACEMENT_3D('',#15150,#12001,#12002);
#9994=AXIS2_PLACEMENT_3D('',#15151,#12003,#12004);
#9995=AXIS2_PLACEMENT_3D('',#15153,#12005,#12006);
#9996=AXIS2_PLACEMENT_3D('',#15156,#12008,#12009);
#9997=AXIS2_PLACEMENT_3D('',#15157,#12010,#12011);
#9998=AXIS2_PLACEMENT_3D('',#15158,#12012,#12013);
#9999=AXIS2_PLACEMENT_3D('',#15159,#12014,#12015);
#10000=AXIS2_PLACEMENT_3D('',#15162,#12016,#12017);
#10001=AXIS2_PLACEMENT_3D('',#15164,#12018,#12019);
#10002=AXIS2_PLACEMENT_3D('',#15165,#12020,#12021);
#10003=AXIS2_PLACEMENT_3D('',#15166,#12022,#12023);
#10004=AXIS2_PLACEMENT_3D('',#15169,#12024,#12025);
#10005=AXIS2_PLACEMENT_3D('',#15171,#12026,#12027);
#10006=AXIS2_PLACEMENT_3D('',#15172,#12028,#12029);
#10007=AXIS2_PLACEMENT_3D('',#15173,#12030,#12031);
#10008=AXIS2_PLACEMENT_3D('',#15176,#12032,#12033);
#10009=AXIS2_PLACEMENT_3D('',#15178,#12034,#12035);
#10010=AXIS2_PLACEMENT_3D('',#15179,#12036,#12037);
#10011=AXIS2_PLACEMENT_3D('',#15180,#12038,#12039);
#10012=AXIS2_PLACEMENT_3D('',#15183,#12040,#12041);
#10013=AXIS2_PLACEMENT_3D('',#15185,#12042,#12043);
#10014=AXIS2_PLACEMENT_3D('',#15186,#12044,#12045);
#10015=AXIS2_PLACEMENT_3D('',#15187,#12046,#12047);
#10016=AXIS2_PLACEMENT_3D('',#15190,#12048,#12049);
#10017=AXIS2_PLACEMENT_3D('',#15192,#12050,#12051);
#10018=AXIS2_PLACEMENT_3D('',#15193,#12052,#12053);
#10019=AXIS2_PLACEMENT_3D('',#15194,#12054,#12055);
#10020=AXIS2_PLACEMENT_3D('',#15197,#12058,#12059);
#10021=AXIS2_PLACEMENT_3D('',#15200,#12060,#12061);
#10022=AXIS2_PLACEMENT_3D('',#15202,#12062,#12063);
#10023=AXIS2_PLACEMENT_3D('',#15203,#12064,#12065);
#10024=AXIS2_PLACEMENT_3D('',#15204,#12066,#12067);
#10025=AXIS2_PLACEMENT_3D('',#15207,#12068,#12069);
#10026=AXIS2_PLACEMENT_3D('',#15209,#12070,#12071);
#10027=AXIS2_PLACEMENT_3D('',#15210,#12072,#12073);
#10028=AXIS2_PLACEMENT_3D('',#15211,#12074,#12075);
#10029=AXIS2_PLACEMENT_3D('',#15214,#12078,#12079);
#10030=AXIS2_PLACEMENT_3D('',#15217,#12082,#12083);
#10031=AXIS2_PLACEMENT_3D('',#15220,#12084,#12085);
#10032=AXIS2_PLACEMENT_3D('',#15222,#12086,#12087);
#10033=AXIS2_PLACEMENT_3D('',#15223,#12088,#12089);
#10034=AXIS2_PLACEMENT_3D('',#15224,#12090,#12091);
#10035=AXIS2_PLACEMENT_3D('',#15227,#12094,#12095);
#10036=AXIS2_PLACEMENT_3D('',#15230,#12098,#12099);
#10037=AXIS2_PLACEMENT_3D('',#15233,#12102,#12103);
#10038=AXIS2_PLACEMENT_3D('',#15236,#12106,#12107);
#10039=AXIS2_PLACEMENT_3D('',#15239,#12110,#12111);
#10040=AXIS2_PLACEMENT_3D('',#15242,#12114,#12115);
#10041=AXIS2_PLACEMENT_3D('',#15245,#12118,#12119);
#10042=AXIS2_PLACEMENT_3D('',#15248,#12122,#12123);
#10043=AXIS2_PLACEMENT_3D('',#15251,#12126,#12127);
#10044=AXIS2_PLACEMENT_3D('',#15252,#12128,#12129);
#10045=AXIS2_PLACEMENT_3D('',#15253,#12130,#12131);
#10046=AXIS2_PLACEMENT_3D('',#15254,#12132,#12133);
#10047=AXIS2_PLACEMENT_3D('',#15255,#12134,#12135);
#10048=AXIS2_PLACEMENT_3D('',#15256,#12136,#12137);
#10049=AXIS2_PLACEMENT_3D('',#15257,#12138,#12139);
#10050=AXIS2_PLACEMENT_3D('',#15266,#12144,#12145);
#10051=AXIS2_PLACEMENT_3D('',#15272,#12149,#12150);
#10052=AXIS2_PLACEMENT_3D('',#15278,#12154,#12155);
#10053=AXIS2_PLACEMENT_3D('',#15281,#12158,#12159);
#10054=AXIS2_PLACEMENT_3D('',#15282,#12160,#12161);
#10055=AXIS2_PLACEMENT_3D('',#15283,#12162,#12163);
#10056=AXIS2_PLACEMENT_3D('',#15285,#12164,#12165);
#10057=AXIS2_PLACEMENT_3D('',#15288,#12167,#12168);
#10058=AXIS2_PLACEMENT_3D('',#15289,#12169,#12170);
#10059=AXIS2_PLACEMENT_3D('',#15290,#12171,#12172);
#10060=AXIS2_PLACEMENT_3D('',#15291,#12173,#12174);
#10061=AXIS2_PLACEMENT_3D('',#15293,#12175,#12176);
#10062=AXIS2_PLACEMENT_3D('',#15296,#12178,#12179);
#10063=AXIS2_PLACEMENT_3D('',#15297,#12180,#12181);
#10064=AXIS2_PLACEMENT_3D('',#15298,#12182,#12183);
#10065=AXIS2_PLACEMENT_3D('',#15299,#12184,#12185);
#10066=AXIS2_PLACEMENT_3D('',#15308,#12190,#12191);
#10067=AXIS2_PLACEMENT_3D('',#15314,#12195,#12196);
#10068=AXIS2_PLACEMENT_3D('',#15320,#12200,#12201);
#10069=AXIS2_PLACEMENT_3D('',#15323,#12204,#12205);
#10070=AXIS2_PLACEMENT_3D('',#15324,#12206,#12207);
#10071=AXIS2_PLACEMENT_3D('',#15325,#12208,#12209);
#10072=AXIS2_PLACEMENT_3D('',#15334,#12214,#12215);
#10073=AXIS2_PLACEMENT_3D('',#15340,#12219,#12220);
#10074=AXIS2_PLACEMENT_3D('',#15346,#12224,#12225);
#10075=AXIS2_PLACEMENT_3D('',#15349,#12228,#12229);
#10076=AXIS2_PLACEMENT_3D('',#15350,#12230,#12231);
#10077=AXIS2_PLACEMENT_3D('',#15351,#12232,#12233);
#10078=AXIS2_PLACEMENT_3D('',#15353,#12234,#12235);
#10079=AXIS2_PLACEMENT_3D('',#15356,#12237,#12238);
#10080=AXIS2_PLACEMENT_3D('',#15357,#12239,#12240);
#10081=AXIS2_PLACEMENT_3D('',#15358,#12241,#12242);
#10082=AXIS2_PLACEMENT_3D('',#15359,#12243,#12244);
#10083=AXIS2_PLACEMENT_3D('',#15362,#12245,#12246);
#10084=AXIS2_PLACEMENT_3D('',#15364,#12247,#12248);
#10085=AXIS2_PLACEMENT_3D('',#15365,#12249,#12250);
#10086=AXIS2_PLACEMENT_3D('',#15366,#12251,#12252);
#10087=AXIS2_PLACEMENT_3D('',#15369,#12253,#12254);
#10088=AXIS2_PLACEMENT_3D('',#15371,#12255,#12256);
#10089=AXIS2_PLACEMENT_3D('',#15372,#12257,#12258);
#10090=AXIS2_PLACEMENT_3D('',#15373,#12259,#12260);
#10091=AXIS2_PLACEMENT_3D('',#15376,#12261,#12262);
#10092=AXIS2_PLACEMENT_3D('',#15378,#12263,#12264);
#10093=AXIS2_PLACEMENT_3D('',#15379,#12265,#12266);
#10094=AXIS2_PLACEMENT_3D('',#15380,#12267,#12268);
#10095=AXIS2_PLACEMENT_3D('',#15383,#12269,#12270);
#10096=AXIS2_PLACEMENT_3D('',#15385,#12271,#12272);
#10097=AXIS2_PLACEMENT_3D('',#15386,#12273,#12274);
#10098=AXIS2_PLACEMENT_3D('',#15387,#12275,#12276);
#10099=AXIS2_PLACEMENT_3D('',#15390,#12277,#12278);
#10100=AXIS2_PLACEMENT_3D('',#15392,#12279,#12280);
#10101=AXIS2_PLACEMENT_3D('',#15393,#12281,#12282);
#10102=AXIS2_PLACEMENT_3D('',#15394,#12283,#12284);
#10103=AXIS2_PLACEMENT_3D('',#15397,#12287,#12288);
#10104=AXIS2_PLACEMENT_3D('',#15400,#12289,#12290);
#10105=AXIS2_PLACEMENT_3D('',#15402,#12291,#12292);
#10106=AXIS2_PLACEMENT_3D('',#15403,#12293,#12294);
#10107=AXIS2_PLACEMENT_3D('',#15404,#12295,#12296);
#10108=AXIS2_PLACEMENT_3D('',#15407,#12297,#12298);
#10109=AXIS2_PLACEMENT_3D('',#15409,#12299,#12300);
#10110=AXIS2_PLACEMENT_3D('',#15410,#12301,#12302);
#10111=AXIS2_PLACEMENT_3D('',#15411,#12303,#12304);
#10112=AXIS2_PLACEMENT_3D('',#15414,#12307,#12308);
#10113=AXIS2_PLACEMENT_3D('',#15417,#12311,#12312);
#10114=AXIS2_PLACEMENT_3D('',#15420,#12313,#12314);
#10115=AXIS2_PLACEMENT_3D('',#15422,#12315,#12316);
#10116=AXIS2_PLACEMENT_3D('',#15423,#12317,#12318);
#10117=AXIS2_PLACEMENT_3D('',#15424,#12319,#12320);
#10118=AXIS2_PLACEMENT_3D('',#15427,#12323,#12324);
#10119=AXIS2_PLACEMENT_3D('',#15430,#12327,#12328);
#10120=AXIS2_PLACEMENT_3D('',#15433,#12331,#12332);
#10121=AXIS2_PLACEMENT_3D('',#15436,#12335,#12336);
#10122=AXIS2_PLACEMENT_3D('',#15439,#12339,#12340);
#10123=AXIS2_PLACEMENT_3D('',#15442,#12343,#12344);
#10124=AXIS2_PLACEMENT_3D('',#15445,#12347,#12348);
#10125=AXIS2_PLACEMENT_3D('',#15448,#12351,#12352);
#10126=AXIS2_PLACEMENT_3D('',#15451,#12355,#12356);
#10127=AXIS2_PLACEMENT_3D('',#15452,#12357,#12358);
#10128=AXIS2_PLACEMENT_3D('',#15453,#12359,#12360);
#10129=AXIS2_PLACEMENT_3D('',#15454,#12361,#12362);
#10130=AXIS2_PLACEMENT_3D('',#15455,#12363,#12364);
#10131=AXIS2_PLACEMENT_3D('',#15456,#12365,#12366);
#10132=AXIS2_PLACEMENT_3D('',#15457,#12367,#12368);
#10133=AXIS2_PLACEMENT_3D('',#15466,#12373,#12374);
#10134=AXIS2_PLACEMENT_3D('',#15472,#12378,#12379);
#10135=AXIS2_PLACEMENT_3D('',#15478,#12383,#12384);
#10136=AXIS2_PLACEMENT_3D('',#15481,#12387,#12388);
#10137=AXIS2_PLACEMENT_3D('',#15482,#12389,#12390);
#10138=AXIS2_PLACEMENT_3D('',#15483,#12391,#12392);
#10139=AXIS2_PLACEMENT_3D('',#15492,#12397,#12398);
#10140=AXIS2_PLACEMENT_3D('',#15498,#12402,#12403);
#10141=AXIS2_PLACEMENT_3D('',#15504,#12407,#12408);
#10142=AXIS2_PLACEMENT_3D('',#15507,#12411,#12412);
#10143=AXIS2_PLACEMENT_3D('',#15508,#12413,#12414);
#10144=AXIS2_PLACEMENT_3D('',#15509,#12415,#12416);
#10145=AXIS2_PLACEMENT_3D('',#15512,#12417,#12418);
#10146=AXIS2_PLACEMENT_3D('',#15514,#12419,#12420);
#10147=AXIS2_PLACEMENT_3D('',#15515,#12421,#12422);
#10148=AXIS2_PLACEMENT_3D('',#15516,#12423,#12424);
#10149=AXIS2_PLACEMENT_3D('',#15519,#12425,#12426);
#10150=AXIS2_PLACEMENT_3D('',#15521,#12427,#12428);
#10151=AXIS2_PLACEMENT_3D('',#15522,#12429,#12430);
#10152=AXIS2_PLACEMENT_3D('',#15523,#12431,#12432);
#10153=AXIS2_PLACEMENT_3D('',#15526,#12433,#12434);
#10154=AXIS2_PLACEMENT_3D('',#15528,#12435,#12436);
#10155=AXIS2_PLACEMENT_3D('',#15529,#12437,#12438);
#10156=AXIS2_PLACEMENT_3D('',#15530,#12439,#12440);
#10157=AXIS2_PLACEMENT_3D('',#15533,#12441,#12442);
#10158=AXIS2_PLACEMENT_3D('',#15535,#12443,#12444);
#10159=AXIS2_PLACEMENT_3D('',#15536,#12445,#12446);
#10160=AXIS2_PLACEMENT_3D('',#15537,#12447,#12448);
#10161=AXIS2_PLACEMENT_3D('',#15540,#12449,#12450);
#10162=AXIS2_PLACEMENT_3D('',#15542,#12451,#12452);
#10163=AXIS2_PLACEMENT_3D('',#15543,#12453,#12454);
#10164=AXIS2_PLACEMENT_3D('',#15544,#12455,#12456);
#10165=AXIS2_PLACEMENT_3D('',#15547,#12459,#12460);
#10166=AXIS2_PLACEMENT_3D('',#15550,#12461,#12462);
#10167=AXIS2_PLACEMENT_3D('',#15552,#12463,#12464);
#10168=AXIS2_PLACEMENT_3D('',#15553,#12465,#12466);
#10169=AXIS2_PLACEMENT_3D('',#15554,#12467,#12468);
#10170=AXIS2_PLACEMENT_3D('',#15557,#12469,#12470);
#10171=AXIS2_PLACEMENT_3D('',#15559,#12471,#12472);
#10172=AXIS2_PLACEMENT_3D('',#15560,#12473,#12474);
#10173=AXIS2_PLACEMENT_3D('',#15561,#12475,#12476);
#10174=AXIS2_PLACEMENT_3D('',#15564,#12479,#12480);
#10175=AXIS2_PLACEMENT_3D('',#15567,#12483,#12484);
#10176=AXIS2_PLACEMENT_3D('',#15570,#12485,#12486);
#10177=AXIS2_PLACEMENT_3D('',#15572,#12487,#12488);
#10178=AXIS2_PLACEMENT_3D('',#15573,#12489,#12490);
#10179=AXIS2_PLACEMENT_3D('',#15574,#12491,#12492);
#10180=AXIS2_PLACEMENT_3D('',#15577,#12495,#12496);
#10181=AXIS2_PLACEMENT_3D('',#15580,#12499,#12500);
#10182=AXIS2_PLACEMENT_3D('',#15583,#12503,#12504);
#10183=AXIS2_PLACEMENT_3D('',#15586,#12507,#12508);
#10184=AXIS2_PLACEMENT_3D('',#15589,#12511,#12512);
#10185=AXIS2_PLACEMENT_3D('',#15592,#12515,#12516);
#10186=AXIS2_PLACEMENT_3D('',#15595,#12519,#12520);
#10187=AXIS2_PLACEMENT_3D('',#15598,#12523,#12524);
#10188=AXIS2_PLACEMENT_3D('',#15601,#12527,#12528);
#10189=AXIS2_PLACEMENT_3D('',#15602,#12529,#12530);
#10190=AXIS2_PLACEMENT_3D('',#15603,#12531,#12532);
#10191=AXIS2_PLACEMENT_3D('',#15604,#12533,#12534);
#10192=AXIS2_PLACEMENT_3D('',#15605,#12535,#12536);
#10193=AXIS2_PLACEMENT_3D('',#15606,#12537,#12538);
#10194=AXIS2_PLACEMENT_3D('',#15607,#12539,#12540);
#10195=AXIS2_PLACEMENT_3D('',#15616,#12545,#12546);
#10196=AXIS2_PLACEMENT_3D('',#15622,#12550,#12551);
#10197=AXIS2_PLACEMENT_3D('',#15628,#12555,#12556);
#10198=AXIS2_PLACEMENT_3D('',#15631,#12559,#12560);
#10199=AXIS2_PLACEMENT_3D('',#15632,#12561,#12562);
#10200=AXIS2_PLACEMENT_3D('',#15633,#12563,#12564);
#10201=AXIS2_PLACEMENT_3D('',#15635,#12565,#12566);
#10202=AXIS2_PLACEMENT_3D('',#15638,#12568,#12569);
#10203=AXIS2_PLACEMENT_3D('',#15639,#12570,#12571);
#10204=AXIS2_PLACEMENT_3D('',#15640,#12572,#12573);
#10205=AXIS2_PLACEMENT_3D('',#15641,#12574,#12575);
#10206=AXIS2_PLACEMENT_3D('',#15643,#12576,#12577);
#10207=AXIS2_PLACEMENT_3D('',#15646,#12579,#12580);
#10208=AXIS2_PLACEMENT_3D('',#15647,#12581,#12582);
#10209=AXIS2_PLACEMENT_3D('',#15648,#12583,#12584);
#10210=AXIS2_PLACEMENT_3D('',#15649,#12585,#12586);
#10211=AXIS2_PLACEMENT_3D('',#15651,#12587,#12588);
#10212=AXIS2_PLACEMENT_3D('',#15654,#12590,#12591);
#10213=AXIS2_PLACEMENT_3D('',#15655,#12592,#12593);
#10214=AXIS2_PLACEMENT_3D('',#15656,#12594,#12595);
#10215=AXIS2_PLACEMENT_3D('',#15657,#12596,#12597);
#10216=AXIS2_PLACEMENT_3D('',#15666,#12602,#12603);
#10217=AXIS2_PLACEMENT_3D('',#15672,#12607,#12608);
#10218=AXIS2_PLACEMENT_3D('',#15678,#12612,#12613);
#10219=AXIS2_PLACEMENT_3D('',#15681,#12616,#12617);
#10220=AXIS2_PLACEMENT_3D('',#15682,#12618,#12619);
#10221=AXIS2_PLACEMENT_3D('',#15683,#12620,#12621);
#10222=AXIS2_PLACEMENT_3D('',#15685,#12622,#12623);
#10223=AXIS2_PLACEMENT_3D('',#15688,#12625,#12626);
#10224=AXIS2_PLACEMENT_3D('',#15689,#12627,#12628);
#10225=AXIS2_PLACEMENT_3D('',#15690,#12629,#12630);
#10226=AXIS2_PLACEMENT_3D('',#15691,#12631,#12632);
#10227=AXIS2_PLACEMENT_3D('',#15693,#12633,#12634);
#10228=AXIS2_PLACEMENT_3D('',#15696,#12636,#12637);
#10229=AXIS2_PLACEMENT_3D('',#15697,#12638,#12639);
#10230=AXIS2_PLACEMENT_3D('',#15698,#12640,#12641);
#10231=AXIS2_PLACEMENT_3D('',#15699,#12642,#12643);
#10232=AXIS2_PLACEMENT_3D('',#15701,#12644,#12645);
#10233=AXIS2_PLACEMENT_3D('',#15704,#12647,#12648);
#10234=AXIS2_PLACEMENT_3D('',#15705,#12649,#12650);
#10235=AXIS2_PLACEMENT_3D('',#15706,#12651,#12652);
#10236=AXIS2_PLACEMENT_3D('',#15707,#12653,#12654);
#10237=AXIS2_PLACEMENT_3D('',#15716,#12659,#12660);
#10238=AXIS2_PLACEMENT_3D('',#15722,#12664,#12665);
#10239=AXIS2_PLACEMENT_3D('',#15728,#12669,#12670);
#10240=AXIS2_PLACEMENT_3D('',#15731,#12673,#12674);
#10241=AXIS2_PLACEMENT_3D('',#15732,#12675,#12676);
#10242=AXIS2_PLACEMENT_3D('',#15733,#12677,#12678);
#10243=AXIS2_PLACEMENT_3D('',#15735,#12679,#12680);
#10244=AXIS2_PLACEMENT_3D('',#15738,#12682,#12683);
#10245=AXIS2_PLACEMENT_3D('',#15739,#12684,#12685);
#10246=AXIS2_PLACEMENT_3D('',#15740,#12686,#12687);
#10247=AXIS2_PLACEMENT_3D('',#15741,#12688,#12689);
#10248=AXIS2_PLACEMENT_3D('',#15743,#12690,#12691);
#10249=AXIS2_PLACEMENT_3D('',#15746,#12693,#12694);
#10250=AXIS2_PLACEMENT_3D('',#15747,#12695,#12696);
#10251=AXIS2_PLACEMENT_3D('',#15748,#12697,#12698);
#10252=AXIS2_PLACEMENT_3D('',#15749,#12699,#12700);
#10253=AXIS2_PLACEMENT_3D('',#15751,#12701,#12702);
#10254=AXIS2_PLACEMENT_3D('',#15754,#12704,#12705);
#10255=AXIS2_PLACEMENT_3D('',#15755,#12706,#12707);
#10256=AXIS2_PLACEMENT_3D('',#15756,#12708,#12709);
#10257=AXIS2_PLACEMENT_3D('',#15757,#12710,#12711);
#10258=AXIS2_PLACEMENT_3D('',#15766,#12716,#12717);
#10259=AXIS2_PLACEMENT_3D('',#15772,#12721,#12722);
#10260=AXIS2_PLACEMENT_3D('',#15778,#12726,#12727);
#10261=AXIS2_PLACEMENT_3D('',#15781,#12730,#12731);
#10262=AXIS2_PLACEMENT_3D('',#15782,#12732,#12733);
#10263=AXIS2_PLACEMENT_3D('',#15783,#12734,#12735);
#10264=AXIS2_PLACEMENT_3D('',#15785,#12736,#12737);
#10265=AXIS2_PLACEMENT_3D('',#15788,#12739,#12740);
#10266=AXIS2_PLACEMENT_3D('',#15789,#12741,#12742);
#10267=AXIS2_PLACEMENT_3D('',#15790,#12743,#12744);
#10268=AXIS2_PLACEMENT_3D('',#15791,#12745,#12746);
#10269=AXIS2_PLACEMENT_3D('',#15793,#12747,#12748);
#10270=AXIS2_PLACEMENT_3D('',#15796,#12750,#12751);
#10271=AXIS2_PLACEMENT_3D('',#15797,#12752,#12753);
#10272=AXIS2_PLACEMENT_3D('',#15798,#12754,#12755);
#10273=AXIS2_PLACEMENT_3D('',#15799,#12756,#12757);
#10274=AXIS2_PLACEMENT_3D('',#15801,#12758,#12759);
#10275=AXIS2_PLACEMENT_3D('',#15804,#12761,#12762);
#10276=AXIS2_PLACEMENT_3D('',#15805,#12763,#12764);
#10277=AXIS2_PLACEMENT_3D('',#15806,#12765,#12766);
#10278=AXIS2_PLACEMENT_3D('',#15807,#12767,#12768);
#10279=AXIS2_PLACEMENT_3D('',#15809,#12769,#12770);
#10280=AXIS2_PLACEMENT_3D('',#15812,#12772,#12773);
#10281=AXIS2_PLACEMENT_3D('',#15813,#12774,#12775);
#10282=AXIS2_PLACEMENT_3D('',#15814,#12776,#12777);
#10283=AXIS2_PLACEMENT_3D('',#15815,#12778,#12779);
#10284=AXIS2_PLACEMENT_3D('',#15818,#12780,#12781);
#10285=AXIS2_PLACEMENT_3D('',#15822,#12783,#12784);
#10286=AXIS2_PLACEMENT_3D('',#15824,#12786,#12787);
#10287=AXIS2_PLACEMENT_3D('',#15827,#12788,#12789);
#10288=AXIS2_PLACEMENT_3D('',#15830,#12792,#12793);
#10289=AXIS2_PLACEMENT_3D('',#15834,#12796,#12797);
#10290=AXIS2_PLACEMENT_3D('',#15836,#12798,#12799);
#10291=AXIS2_PLACEMENT_3D('',#15838,#12801,#12802);
#10292=AXIS2_PLACEMENT_3D('',#15840,#12804,#12805);
#10293=AXIS2_PLACEMENT_3D('',#15841,#12806,#12807);
#10294=AXIS2_PLACEMENT_3D('',#15844,#12808,#12809);
#10295=AXIS2_PLACEMENT_3D('',#15848,#12811,#12812);
#10296=AXIS2_PLACEMENT_3D('',#15850,#12814,#12815);
#10297=AXIS2_PLACEMENT_3D('',#15853,#12816,#12817);
#10298=AXIS2_PLACEMENT_3D('',#15856,#12820,#12821);
#10299=AXIS2_PLACEMENT_3D('',#15860,#12824,#12825);
#10300=AXIS2_PLACEMENT_3D('',#15862,#12826,#12827);
#10301=AXIS2_PLACEMENT_3D('',#15864,#12829,#12830);
#10302=AXIS2_PLACEMENT_3D('',#15866,#12832,#12833);
#10303=AXIS2_PLACEMENT_3D('',#15867,#12834,#12835);
#10304=AXIS2_PLACEMENT_3D('',#15876,#12840,#12841);
#10305=AXIS2_PLACEMENT_3D('',#15882,#12845,#12846);
#10306=AXIS2_PLACEMENT_3D('',#15888,#12850,#12851);
#10307=AXIS2_PLACEMENT_3D('',#15891,#12854,#12855);
#10308=AXIS2_PLACEMENT_3D('',#15892,#12856,#12857);
#10309=AXIS2_PLACEMENT_3D('',#15893,#12858,#12859);
#10310=AXIS2_PLACEMENT_3D('',#15902,#12864,#12865);
#10311=AXIS2_PLACEMENT_3D('',#15908,#12869,#12870);
#10312=AXIS2_PLACEMENT_3D('',#15914,#12874,#12875);
#10313=AXIS2_PLACEMENT_3D('',#15917,#12878,#12879);
#10314=AXIS2_PLACEMENT_3D('',#15918,#12880,#12881);
#10315=AXIS2_PLACEMENT_3D('',#15919,#12882,#12883);
#10316=AXIS2_PLACEMENT_3D('',#15928,#12888,#12889);
#10317=AXIS2_PLACEMENT_3D('',#15934,#12893,#12894);
#10318=AXIS2_PLACEMENT_3D('',#15940,#12898,#12899);
#10319=AXIS2_PLACEMENT_3D('',#15943,#12902,#12903);
#10320=AXIS2_PLACEMENT_3D('',#15944,#12904,#12905);
#10321=AXIS2_PLACEMENT_3D('',#15945,#12906,#12907);
#10322=AXIS2_PLACEMENT_3D('',#15954,#12912,#12913);
#10323=AXIS2_PLACEMENT_3D('',#15960,#12917,#12918);
#10324=AXIS2_PLACEMENT_3D('',#15966,#12922,#12923);
#10325=AXIS2_PLACEMENT_3D('',#15969,#12926,#12927);
#10326=AXIS2_PLACEMENT_3D('',#15970,#12928,#12929);
#10327=AXIS2_PLACEMENT_3D('',#15971,#12930,#12931);
#10328=AXIS2_PLACEMENT_3D('',#15980,#12936,#12937);
#10329=AXIS2_PLACEMENT_3D('',#16046,#12945,#12946);
#10330=AXIS2_PLACEMENT_3D('',#16097,#12953,#12954);
#10331=AXIS2_PLACEMENT_3D('',#16103,#12958,#12959);
#10332=AXIS2_PLACEMENT_3D('',#16109,#12963,#12964);
#10333=AXIS2_PLACEMENT_3D('',#16112,#12967,#12968);
#10334=AXIS2_PLACEMENT_3D('',#16113,#12969,#12970);
#10335=AXIS2_PLACEMENT_3D('',#16114,#12971,#12972);
#10336=AXIS2_PLACEMENT_3D('',#16273,#12987,#12988);
#10337=AXIS2_PLACEMENT_3D('',#16309,#12994,#12995);
#10338=AXIS2_PLACEMENT_3D('',#16420,#13006,#13007);
#10339=AXIS2_PLACEMENT_3D('',#16633,#13024,#13025);
#10340=AXIS2_PLACEMENT_3D('',#16634,#13026,#13027);
#10341=DIRECTION('axis',(0.,0.,1.));
#10342=DIRECTION('refdir',(1.,0.,0.));
#10343=DIRECTION('center_axis',(0.,1.,0.));
#10344=DIRECTION('ref_axis',(-1.83697019872103E-16,0.,1.));
#10345=DIRECTION('center_axis',(0.,1.,0.));
#10346=DIRECTION('ref_axis',(1.,0.,0.));
#10347=DIRECTION('',(0.,-1.,0.));
#10348=DIRECTION('center_axis',(0.,-1.,0.));
#10349=DIRECTION('ref_axis',(1.,0.,0.));
#10350=DIRECTION('',(0.,1.,0.));
#10351=DIRECTION('center_axis',(0.,1.,0.));
#10352=DIRECTION('ref_axis',(1.,0.,0.));
#10353=DIRECTION('',(1.,0.,0.));
#10354=DIRECTION('center_axis',(0.,-1.,0.));
#10355=DIRECTION('ref_axis',(1.,0.,0.));
#10356=DIRECTION('',(1.,0.,0.));
#10357=DIRECTION('',(0.,0.,-1.));
#10358=DIRECTION('',(-0.159950808001545,0.,-0.987124986523821));
#10359=DIRECTION('center_axis',(0.,-1.,0.));
#10360=DIRECTION('ref_axis',(-0.601022526489328,0.,0.79923208309751));
#10361=DIRECTION('',(-1.,0.,0.));
#10362=DIRECTION('center_axis',(0.,-1.,0.));
#10363=DIRECTION('ref_axis',(0.707106781186547,0.,0.707106781186548));
#10364=DIRECTION('',(0.,0.,1.));
#10365=DIRECTION('',(1.,0.,0.));
#10366=DIRECTION('center_axis',(-1.,0.,0.));
#10367=DIRECTION('ref_axis',(0.,0.707106781186548,-0.707106781186548));
#10368=DIRECTION('',(-1.,0.,0.));
#10369=DIRECTION('center_axis',(0.,0.,-1.));
#10370=DIRECTION('ref_axis',(-1.,0.,0.));
#10371=DIRECTION('',(1.,0.,0.));
#10372=DIRECTION('',(0.,1.,0.));
#10373=DIRECTION('center_axis',(1.,0.,0.));
#10374=DIRECTION('ref_axis',(0.,-0.707106781186548,-0.707106781186548));
#10375=DIRECTION('',(-1.,0.,0.));
#10376=DIRECTION('center_axis',(0.,1.,0.));
#10377=DIRECTION('ref_axis',(6.12323399573677E-17,0.,1.));
#10378=DIRECTION('center_axis',(0.,1.,0.));
#10379=DIRECTION('ref_axis',(1.,0.,0.));
#10380=DIRECTION('',(0.,-1.,0.));
#10381=DIRECTION('center_axis',(0.,1.,0.));
#10382=DIRECTION('ref_axis',(1.,0.,0.));
#10383=DIRECTION('',(-1.,0.,0.));
#10384=DIRECTION('',(0.,0.,-1.));
#10385=DIRECTION('center_axis',(0.,1.,0.));
#10386=DIRECTION('ref_axis',(0.707106781186547,0.,0.707106781186548));
#10387=DIRECTION('',(1.,0.,0.));
#10388=DIRECTION('center_axis',(0.,1.,0.));
#10389=DIRECTION('ref_axis',(-0.601022526489328,0.,0.79923208309751));
#10390=DIRECTION('',(0.159950808001545,0.,0.987124986523821));
#10391=DIRECTION('',(0.,0.,1.));
#10392=DIRECTION('',(-1.,0.,0.));
#10393=DIRECTION('center_axis',(1.,0.,0.));
#10394=DIRECTION('ref_axis',(0.,-0.707106781186548,-0.707106781186548));
#10395=DIRECTION('',(1.,0.,0.));
#10396=DIRECTION('center_axis',(0.707106781186548,0.,0.707106781186548));
#10397=DIRECTION('ref_axis',(0.707106781186548,0.,-0.707106781186548));
#10398=DIRECTION('center_axis',(1.,0.,0.));
#10399=DIRECTION('ref_axis',(0.,-0.707106781186548,-0.707106781186548));
#10400=DIRECTION('center_axis',(0.707106781186548,0.,-0.707106781186548));
#10401=DIRECTION('ref_axis',(-0.707106781186548,0.,-0.707106781186548));
#10402=DIRECTION('',(1.,0.,0.));
#10403=DIRECTION('center_axis',(0.,0.,-1.));
#10404=DIRECTION('ref_axis',(-1.,0.,0.));
#10405=DIRECTION('',(-1.,0.,0.));
#10406=DIRECTION('',(0.,1.,0.));
#10407=DIRECTION('center_axis',(-1.,0.,0.));
#10408=DIRECTION('ref_axis',(0.,0.707106781186548,-0.707106781186548));
#10409=DIRECTION('center_axis',(-0.707106781186548,0.,-0.707106781186548));
#10410=DIRECTION('ref_axis',(0.707106781186548,0.,-0.707106781186548));
#10411=DIRECTION('center_axis',(1.,0.,0.));
#10412=DIRECTION('ref_axis',(0.,0.707106781186548,0.707106781186548));
#10413=DIRECTION('',(1.,0.,0.));
#10414=DIRECTION('center_axis',(0.,1.,0.));
#10415=DIRECTION('ref_axis',(0.,0.,1.));
#10416=DIRECTION('center_axis',(0.,1.,0.));
#10417=DIRECTION('ref_axis',(-0.601022526489328,0.,0.79923208309751));
#10418=DIRECTION('center_axis',(0.159950808001545,0.,0.987124986523821));
#10419=DIRECTION('ref_axis',(-0.698002771849673,0.707106781186548,0.113102300994157));
#10420=DIRECTION('center_axis',(0.0802340746696189,0.,0.996776049703197));
#10421=DIRECTION('ref_axis',(-0.996776049703197,0.,0.0802340746696189));
#10422=DIRECTION('',(0.159950808001545,0.,0.987124986523821));
#10423=DIRECTION('center_axis',(0.,0.,1.));
#10424=DIRECTION('ref_axis',(-0.707106781186548,0.707106781186548,0.));
#10425=DIRECTION('',(0.,0.,1.));
#10426=DIRECTION('center_axis',(-0.707106781186548,0.,0.707106781186548));
#10427=DIRECTION('ref_axis',(-0.707106781186548,0.,-0.707106781186548));
#10428=DIRECTION('center_axis',(-1.,0.,0.));
#10429=DIRECTION('ref_axis',(0.,0.707106781186548,-0.707106781186548));
#10430=DIRECTION('',(-1.,0.,0.));
#10431=DIRECTION('center_axis',(0.,1.,0.));
#10432=DIRECTION('ref_axis',(0.,0.,1.));
#10433=DIRECTION('center_axis',(0.,1.,0.));
#10434=DIRECTION('ref_axis',(0.707106781186547,0.,0.707106781186548));
#10435=DIRECTION('center_axis',(0.,0.,-1.));
#10436=DIRECTION('ref_axis',(0.707106781186548,0.707106781186548,0.));
#10437=DIRECTION('',(0.,0.,-1.));
#10438=DIRECTION('center_axis',(0.,0.,-1.));
#10439=DIRECTION('ref_axis',(-1.,0.,0.));
#10440=DIRECTION('',(0.,1.,0.));
#10441=DIRECTION('center_axis',(1.,0.,0.));
#10442=DIRECTION('ref_axis',(0.,0.,-1.));
#10443=DIRECTION('',(0.,1.,0.));
#10444=DIRECTION('',(0.,0.,1.));
#10445=DIRECTION('center_axis',(0.,1.,0.));
#10446=DIRECTION('ref_axis',(-0.000566508857543235,0.,0.999999839533844));
#10447=DIRECTION('',(0.,1.,0.));
#10448=DIRECTION('center_axis',(0.,-1.,0.));
#10449=DIRECTION('ref_axis',(0.707106781186547,0.,0.707106781186548));
#10450=DIRECTION('center_axis',(0.,0.,1.));
#10451=DIRECTION('ref_axis',(1.,0.,0.));
#10452=DIRECTION('',(0.,1.,0.));
#10453=DIRECTION('',(-1.,0.,0.));
#10454=DIRECTION('center_axis',(0.,0.,-1.));
#10455=DIRECTION('ref_axis',(-0.707106781186548,-0.707106781186548,0.));
#10456=DIRECTION('center_axis',(-0.0802340746696205,0.,-0.996776049703197));
#10457=DIRECTION('ref_axis',(-0.996776049703197,0.,0.0802340746696205));
#10458=DIRECTION('',(0.,0.,-1.));
#10459=DIRECTION('center_axis',(0.,1.,0.));
#10460=DIRECTION('ref_axis',(0.,0.,1.));
#10461=DIRECTION('center_axis',(0.,-1.,0.));
#10462=DIRECTION('ref_axis',(-0.601022526489328,0.,0.79923208309751));
#10463=DIRECTION('center_axis',(-0.159950808001545,0.,-0.987124986523821));
#10464=DIRECTION('ref_axis',(-0.698002771849673,-0.707106781186548,0.113102300994157));
#10465=DIRECTION('',(-0.159950808001545,0.,-0.987124986523821));
#10466=DIRECTION('center_axis',(0.,0.,1.));
#10467=DIRECTION('ref_axis',(0.707106781186548,-0.707106781186548,0.));
#10468=DIRECTION('center_axis',(0.,1.,0.));
#10469=DIRECTION('ref_axis',(0.,0.,1.));
#10470=DIRECTION('center_axis',(-1.,0.,0.));
#10471=DIRECTION('ref_axis',(0.,-0.707106781186548,0.707106781186548));
#10472=DIRECTION('center_axis',(-1.,0.,0.));
#10473=DIRECTION('ref_axis',(0.,0.,1.));
#10474=DIRECTION('',(0.,1.,0.));
#10475=DIRECTION('center_axis',(-0.987124986523821,0.,0.159950808001545));
#10476=DIRECTION('ref_axis',(0.159950808001545,0.,0.987124986523821));
#10477=DIRECTION('',(0.,1.,0.));
#10478=DIRECTION('center_axis',(0.,1.,0.));
#10479=DIRECTION('ref_axis',(-0.98883740805066,0.,0.148998592072722));
#10480=DIRECTION('center_axis',(0.,1.,0.));
#10481=DIRECTION('ref_axis',(-0.949966747586059,0.,0.312351050071494));
#10482=DIRECTION('center_axis',(0.,1.,0.));
#10483=DIRECTION('ref_axis',(1.,0.,0.));
#10484=DIRECTION('',(0.,-1.,0.));
#10485=DIRECTION('center_axis',(0.,-1.,0.));
#10486=DIRECTION('ref_axis',(1.,0.,0.));
#10487=DIRECTION('',(0.,1.,0.));
#10488=DIRECTION('center_axis',(0.,0.,1.));
#10489=DIRECTION('ref_axis',(1.,0.,0.));
#10490=DIRECTION('',(-1.,0.,0.));
#10491=DIRECTION('',(0.,-1.,0.));
#10492=DIRECTION('',(1.,0.,0.));
#10493=DIRECTION('center_axis',(0.,1.,0.));
#10494=DIRECTION('ref_axis',(-1.,0.,0.));
#10495=DIRECTION('',(-1.,0.,0.));
#10496=DIRECTION('',(0.,0.,1.));
#10497=DIRECTION('center_axis',(0.,0.,1.));
#10498=DIRECTION('ref_axis',(1.,0.,0.));
#10499=DIRECTION('',(1.,0.,0.));
#10500=DIRECTION('',(0.,-1.,0.));
#10501=DIRECTION('center_axis',(0.,-1.,0.));
#10502=DIRECTION('ref_axis',(1.,0.,0.));
#10503=DIRECTION('',(0.,0.,1.));
#10504=DIRECTION('center_axis',(-1.,0.,0.));
#10505=DIRECTION('ref_axis',(0.,-1.,0.));
#10506=DIRECTION('center_axis',(0.,1.,0.));
#10507=DIRECTION('ref_axis',(-0.949966747586059,0.,0.312351050071494));
#10508=DIRECTION('center_axis',(0.,1.,0.));
#10509=DIRECTION('ref_axis',(1.,0.,0.));
#10510=DIRECTION('',(0.,-1.,0.));
#10511=DIRECTION('center_axis',(0.,-1.,0.));
#10512=DIRECTION('ref_axis',(1.,0.,0.));
#10513=DIRECTION('',(0.,1.,0.));
#10514=DIRECTION('center_axis',(0.,0.,1.));
#10515=DIRECTION('ref_axis',(1.,0.,0.));
#10516=DIRECTION('',(-1.,0.,0.));
#10517=DIRECTION('',(0.,-1.,0.));
#10518=DIRECTION('',(1.,0.,0.));
#10519=DIRECTION('center_axis',(0.,1.,0.));
#10520=DIRECTION('ref_axis',(-1.,0.,0.));
#10521=DIRECTION('',(-1.,0.,0.));
#10522=DIRECTION('',(0.,0.,1.));
#10523=DIRECTION('center_axis',(0.,0.,1.));
#10524=DIRECTION('ref_axis',(1.,0.,0.));
#10525=DIRECTION('',(1.,0.,0.));
#10526=DIRECTION('',(0.,-1.,0.));
#10527=DIRECTION('center_axis',(0.,-1.,0.));
#10528=DIRECTION('ref_axis',(1.,0.,0.));
#10529=DIRECTION('',(0.,0.,1.));
#10530=DIRECTION('center_axis',(-1.,0.,0.));
#10531=DIRECTION('ref_axis',(0.,-1.,0.));
#10532=DIRECTION('center_axis',(0.,1.,0.));
#10533=DIRECTION('ref_axis',(1.,0.,0.));
#10534=DIRECTION('',(0.,1.,0.));
#10535=DIRECTION('center_axis',(0.,1.,0.));
#10536=DIRECTION('ref_axis',(1.,0.,0.));
#10537=DIRECTION('',(0.,-1.,0.));
#10538=DIRECTION('center_axis',(0.,-1.,0.));
#10539=DIRECTION('ref_axis',(1.,0.,0.));
#10540=DIRECTION('center_axis',(0.,0.,1.));
#10541=DIRECTION('ref_axis',(1.,0.,0.));
#10542=DIRECTION('',(1.,0.,0.));
#10543=DIRECTION('',(0.,1.,0.));
#10544=DIRECTION('',(-1.,0.,0.));
#10545=DIRECTION('center_axis',(0.,1.,0.));
#10546=DIRECTION('ref_axis',(-1.,0.,0.));
#10547=DIRECTION('',(0.,0.,1.));
#10548=DIRECTION('',(-1.,0.,0.));
#10549=DIRECTION('center_axis',(0.,-1.,0.));
#10550=DIRECTION('ref_axis',(1.,0.,0.));
#10551=DIRECTION('',(1.,0.,0.));
#10552=DIRECTION('',(0.,0.,1.));
#10553=DIRECTION('center_axis',(0.,0.,1.));
#10554=DIRECTION('ref_axis',(1.,0.,0.));
#10555=DIRECTION('',(0.,1.,0.));
#10556=DIRECTION('center_axis',(1.,0.,0.));
#10557=DIRECTION('ref_axis',(0.,1.,0.));
#10558=DIRECTION('center_axis',(0.,1.,0.));
#10559=DIRECTION('ref_axis',(1.,0.,0.));
#10560=DIRECTION('',(0.,1.,0.));
#10561=DIRECTION('center_axis',(0.,1.,0.));
#10562=DIRECTION('ref_axis',(1.,0.,0.));
#10563=DIRECTION('',(0.,-1.,0.));
#10564=DIRECTION('center_axis',(0.,-1.,0.));
#10565=DIRECTION('ref_axis',(1.,0.,0.));
#10566=DIRECTION('center_axis',(0.,0.,1.));
#10567=DIRECTION('ref_axis',(1.,0.,0.));
#10568=DIRECTION('',(1.,0.,0.));
#10569=DIRECTION('',(0.,1.,0.));
#10570=DIRECTION('',(-1.,0.,0.));
#10571=DIRECTION('center_axis',(0.,1.,0.));
#10572=DIRECTION('ref_axis',(-1.,0.,0.));
#10573=DIRECTION('',(0.,0.,1.));
#10574=DIRECTION('',(-1.,0.,0.));
#10575=DIRECTION('center_axis',(0.,-1.,0.));
#10576=DIRECTION('ref_axis',(1.,0.,0.));
#10577=DIRECTION('',(1.,0.,0.));
#10578=DIRECTION('',(0.,0.,1.));
#10579=DIRECTION('center_axis',(0.,0.,1.));
#10580=DIRECTION('ref_axis',(1.,0.,0.));
#10581=DIRECTION('',(0.,1.,0.));
#10582=DIRECTION('center_axis',(1.,0.,0.));
#10583=DIRECTION('ref_axis',(0.,1.,0.));
#10584=DIRECTION('center_axis',(0.,-1.,0.));
#10585=DIRECTION('ref_axis',(-0.9702746075354,0.,-0.242006582497308));
#10586=DIRECTION('center_axis',(0.,1.,0.));
#10587=DIRECTION('ref_axis',(-0.9702746075354,0.,-0.242006582497308));
#10588=DIRECTION('',(0.,-1.,0.));
#10589=DIRECTION('center_axis',(0.,-1.,0.));
#10590=DIRECTION('ref_axis',(-0.9702746075354,0.,-0.242006582497308));
#10591=DIRECTION('',(0.,-1.,0.));
#10592=DIRECTION('center_axis',(0.,-1.,0.));
#10593=DIRECTION('ref_axis',(-0.939240193538601,0.,0.343260628155299));
#10594=DIRECTION('center_axis',(0.,1.,0.));
#10595=DIRECTION('ref_axis',(-0.939240193538601,0.,0.343260628155299));
#10596=DIRECTION('center_axis',(0.,-1.,0.));
#10597=DIRECTION('ref_axis',(-0.939240193538601,0.,0.343260628155299));
#10598=DIRECTION('',(0.,-1.,0.));
#10599=DIRECTION('center_axis',(0.,0.,1.));
#10600=DIRECTION('ref_axis',(-1.,0.,0.));
#10601=DIRECTION('',(-1.,0.,0.));
#10602=DIRECTION('',(-1.,0.,0.));
#10603=DIRECTION('',(0.,-1.,0.));
#10604=DIRECTION('center_axis',(0.,-1.,0.));
#10605=DIRECTION('ref_axis',(-0.225062870973818,0.,0.974344243124073));
#10606=DIRECTION('center_axis',(0.,1.,0.));
#10607=DIRECTION('ref_axis',(-0.225062870973818,0.,0.974344243124073));
#10608=DIRECTION('center_axis',(0.,-1.,0.));
#10609=DIRECTION('ref_axis',(-0.225062870973818,0.,0.974344243124073));
#10610=DIRECTION('',(0.,-1.,0.));
#10611=DIRECTION('center_axis',(0.982661653748471,0.,0.185407859197825));
#10612=DIRECTION('ref_axis',(-0.185407859197825,0.,0.982661653748471));
#10613=DIRECTION('',(-0.185407859197825,0.,0.982661653748471));
#10614=DIRECTION('',(-0.185407859197825,0.,0.982661653748471));
#10615=DIRECTION('',(0.,-1.,0.));
#10616=DIRECTION('center_axis',(0.,-1.,0.));
#10617=DIRECTION('ref_axis',(0.98434412640312,0.,-0.176257314218954));
#10618=DIRECTION('center_axis',(0.,1.,0.));
#10619=DIRECTION('ref_axis',(0.98434412640312,0.,-0.176257314218954));
#10620=DIRECTION('center_axis',(0.,-1.,0.));
#10621=DIRECTION('ref_axis',(0.98434412640312,0.,-0.176257314218954));
#10622=DIRECTION('',(0.,-1.,0.));
#10623=DIRECTION('center_axis',(0.,0.,-1.));
#10624=DIRECTION('ref_axis',(1.,0.,0.));
#10625=DIRECTION('',(1.,0.,0.));
#10626=DIRECTION('',(1.,0.,0.));
#10627=DIRECTION('',(0.,-1.,0.));
#10628=DIRECTION('center_axis',(0.,-1.,0.));
#10629=DIRECTION('ref_axis',(0.270593883952497,0.,-0.96269359090393));
#10630=DIRECTION('center_axis',(0.,1.,0.));
#10631=DIRECTION('ref_axis',(0.270593883952497,0.,-0.96269359090393));
#10632=DIRECTION('center_axis',(0.,-1.,0.));
#10633=DIRECTION('ref_axis',(0.270593883952497,0.,-0.96269359090393));
#10634=DIRECTION('center_axis',(0.,1.,0.));
#10635=DIRECTION('ref_axis',(1.,0.,0.));
#10636=DIRECTION('center_axis',(0.,1.,0.));
#10637=DIRECTION('ref_axis',(1.,0.,0.));
#10638=DIRECTION('center_axis',(0.,1.,0.));
#10639=DIRECTION('ref_axis',(-1.,0.,0.));
#10640=DIRECTION('',(-1.,0.,0.));
#10641=DIRECTION('',(0.,0.,1.));
#10642=DIRECTION('',(-1.,0.,0.));
#10643=DIRECTION('',(0.,0.,1.));
#10644=DIRECTION('center_axis',(1.,0.,0.));
#10645=DIRECTION('ref_axis',(0.,1.,0.));
#10646=DIRECTION('',(0.,1.,0.));
#10647=DIRECTION('',(0.,1.,0.));
#10648=DIRECTION('',(0.,0.,1.));
#10649=DIRECTION('center_axis',(0.,-1.,0.));
#10650=DIRECTION('ref_axis',(1.,0.,0.));
#10651=DIRECTION('',(1.,0.,0.));
#10652=DIRECTION('',(1.,0.,0.));
#10653=DIRECTION('',(0.,0.,1.));
#10654=DIRECTION('center_axis',(-1.,0.,0.));
#10655=DIRECTION('ref_axis',(0.,-1.,0.));
#10656=DIRECTION('',(0.,-1.,0.));
#10657=DIRECTION('',(0.,-1.,0.));
#10658=DIRECTION('center_axis',(0.,0.,1.));
#10659=DIRECTION('ref_axis',(1.,0.,0.));
#10660=DIRECTION('center_axis',(0.,0.,1.));
#10661=DIRECTION('ref_axis',(1.,0.,0.));
#10662=DIRECTION('center_axis',(0.,1.,0.));
#10663=DIRECTION('ref_axis',(-1.,0.,0.));
#10664=DIRECTION('',(-1.,0.,0.));
#10665=DIRECTION('',(0.,0.,1.));
#10666=DIRECTION('',(-1.,0.,0.));
#10667=DIRECTION('',(0.,0.,1.));
#10668=DIRECTION('center_axis',(1.,0.,0.));
#10669=DIRECTION('ref_axis',(0.,1.,0.));
#10670=DIRECTION('',(0.,1.,0.));
#10671=DIRECTION('',(0.,1.,0.));
#10672=DIRECTION('',(0.,0.,1.));
#10673=DIRECTION('center_axis',(0.,-1.,0.));
#10674=DIRECTION('ref_axis',(1.,0.,0.));
#10675=DIRECTION('',(1.,0.,0.));
#10676=DIRECTION('',(1.,0.,0.));
#10677=DIRECTION('',(0.,0.,1.));
#10678=DIRECTION('center_axis',(-1.,0.,0.));
#10679=DIRECTION('ref_axis',(0.,-1.,0.));
#10680=DIRECTION('',(0.,-1.,0.));
#10681=DIRECTION('',(0.,-1.,0.));
#10682=DIRECTION('center_axis',(0.,0.,1.));
#10683=DIRECTION('ref_axis',(1.,0.,0.));
#10684=DIRECTION('center_axis',(0.,0.,1.));
#10685=DIRECTION('ref_axis',(1.,0.,0.));
#10686=DIRECTION('center_axis',(0.,1.,0.));
#10687=DIRECTION('ref_axis',(-1.,0.,0.));
#10688=DIRECTION('',(-1.,0.,0.));
#10689=DIRECTION('',(0.,0.,1.));
#10690=DIRECTION('',(-1.,0.,0.));
#10691=DIRECTION('',(0.,0.,1.));
#10692=DIRECTION('center_axis',(1.,0.,0.));
#10693=DIRECTION('ref_axis',(0.,1.,0.));
#10694=DIRECTION('',(0.,1.,0.));
#10695=DIRECTION('',(0.,1.,0.));
#10696=DIRECTION('',(0.,0.,1.));
#10697=DIRECTION('center_axis',(0.,-1.,0.));
#10698=DIRECTION('ref_axis',(1.,0.,0.));
#10699=DIRECTION('',(1.,0.,0.));
#10700=DIRECTION('',(1.,0.,0.));
#10701=DIRECTION('',(0.,0.,1.));
#10702=DIRECTION('center_axis',(-1.,0.,0.));
#10703=DIRECTION('ref_axis',(0.,-1.,0.));
#10704=DIRECTION('',(0.,-1.,0.));
#10705=DIRECTION('',(0.,-1.,0.));
#10706=DIRECTION('center_axis',(0.,0.,1.));
#10707=DIRECTION('ref_axis',(1.,0.,0.));
#10708=DIRECTION('center_axis',(0.,0.,1.));
#10709=DIRECTION('ref_axis',(1.,0.,0.));
#10710=DIRECTION('center_axis',(0.,1.,0.));
#10711=DIRECTION('ref_axis',(-1.,0.,0.));
#10712=DIRECTION('',(-1.,0.,0.));
#10713=DIRECTION('',(0.,0.,1.));
#10714=DIRECTION('',(-1.,0.,0.));
#10715=DIRECTION('',(0.,0.,1.));
#10716=DIRECTION('center_axis',(1.,0.,0.));
#10717=DIRECTION('ref_axis',(0.,1.,0.));
#10718=DIRECTION('',(0.,1.,0.));
#10719=DIRECTION('',(0.,1.,0.));
#10720=DIRECTION('',(0.,0.,1.));
#10721=DIRECTION('center_axis',(0.,-1.,0.));
#10722=DIRECTION('ref_axis',(1.,0.,0.));
#10723=DIRECTION('',(1.,0.,0.));
#10724=DIRECTION('',(1.,0.,0.));
#10725=DIRECTION('',(0.,0.,1.));
#10726=DIRECTION('center_axis',(-1.,0.,0.));
#10727=DIRECTION('ref_axis',(0.,-1.,0.));
#10728=DIRECTION('',(0.,-1.,0.));
#10729=DIRECTION('',(0.,-1.,0.));
#10730=DIRECTION('center_axis',(0.,0.,1.));
#10731=DIRECTION('ref_axis',(1.,0.,0.));
#10732=DIRECTION('center_axis',(0.,0.,1.));
#10733=DIRECTION('ref_axis',(1.,0.,0.));
#10734=DIRECTION('center_axis',(0.,-1.,0.));
#10735=DIRECTION('ref_axis',(1.,0.,0.));
#10736=DIRECTION('center_axis',(0.,-1.,0.));
#10737=DIRECTION('ref_axis',(1.,0.,0.));
#10738=DIRECTION('',(0.,1.,0.));
#10739=DIRECTION('center_axis',(0.,1.,0.));
#10740=DIRECTION('ref_axis',(1.,0.,0.));
#10741=DIRECTION('center_axis',(0.,1.,0.));
#10742=DIRECTION('ref_axis',(1.,0.,0.));
#10743=DIRECTION('center_axis',(0.,1.,0.));
#10744=DIRECTION('ref_axis',(1.,0.,0.));
#10745=DIRECTION('center_axis',(0.,1.,0.));
#10746=DIRECTION('ref_axis',(-1.,0.,0.));
#10747=DIRECTION('',(-1.,0.,0.));
#10748=DIRECTION('',(0.,0.,1.));
#10749=DIRECTION('',(-1.,0.,0.));
#10750=DIRECTION('',(0.,0.,1.));
#10751=DIRECTION('center_axis',(1.,0.,0.));
#10752=DIRECTION('ref_axis',(0.,1.,0.));
#10753=DIRECTION('',(0.,1.,0.));
#10754=DIRECTION('',(0.,1.,0.));
#10755=DIRECTION('',(0.,0.,1.));
#10756=DIRECTION('center_axis',(0.,-1.,0.));
#10757=DIRECTION('ref_axis',(1.,0.,0.));
#10758=DIRECTION('',(1.,0.,0.));
#10759=DIRECTION('',(1.,0.,0.));
#10760=DIRECTION('',(0.,0.,1.));
#10761=DIRECTION('center_axis',(-1.,0.,0.));
#10762=DIRECTION('ref_axis',(0.,-1.,0.));
#10763=DIRECTION('',(0.,-1.,0.));
#10764=DIRECTION('',(0.,-1.,0.));
#10765=DIRECTION('center_axis',(0.,0.,1.));
#10766=DIRECTION('ref_axis',(1.,0.,0.));
#10767=DIRECTION('center_axis',(0.,0.,1.));
#10768=DIRECTION('ref_axis',(1.,0.,0.));
#10769=DIRECTION('center_axis',(0.,0.,-1.));
#10770=DIRECTION('ref_axis',(-1.,0.,0.));
#10771=DIRECTION('',(1.,0.,0.));
#10772=DIRECTION('',(0.,1.,0.));
#10773=DIRECTION('',(-1.,0.,0.));
#10774=DIRECTION('',(0.,1.,0.));
#10775=DIRECTION('center_axis',(0.,1.,0.));
#10776=DIRECTION('ref_axis',(0.98434412640312,0.,-0.176257314218954));
#10777=DIRECTION('center_axis',(0.,1.,0.));
#10778=DIRECTION('ref_axis',(0.98434412640312,0.,-0.176257314218954));
#10779=DIRECTION('center_axis',(0.,1.,0.));
#10780=DIRECTION('ref_axis',(0.98434412640312,0.,-0.176257314218954));
#10781=DIRECTION('',(0.,1.,0.));
#10782=DIRECTION('center_axis',(0.982661653748471,0.,0.185407859197825));
#10783=DIRECTION('ref_axis',(0.185407859197825,0.,-0.982661653748471));
#10784=DIRECTION('',(-0.185407859197825,0.,0.982661653748471));
#10785=DIRECTION('',(0.185407859197825,0.,-0.982661653748471));
#10786=DIRECTION('',(0.,1.,0.));
#10787=DIRECTION('center_axis',(0.,1.,0.));
#10788=DIRECTION('ref_axis',(-0.225062870973818,0.,0.974344243124073));
#10789=DIRECTION('center_axis',(0.,1.,0.));
#10790=DIRECTION('ref_axis',(-0.225062870973818,0.,0.974344243124073));
#10791=DIRECTION('center_axis',(0.,1.,0.));
#10792=DIRECTION('ref_axis',(-0.225062870973818,0.,0.974344243124073));
#10793=DIRECTION('',(0.,1.,0.));
#10794=DIRECTION('center_axis',(0.,0.,1.));
#10795=DIRECTION('ref_axis',(1.,0.,0.));
#10796=DIRECTION('',(-1.,0.,0.));
#10797=DIRECTION('',(1.,0.,0.));
#10798=DIRECTION('',(0.,1.,0.));
#10799=DIRECTION('center_axis',(0.,1.,0.));
#10800=DIRECTION('ref_axis',(-0.939240193538601,0.,0.343260628155299));
#10801=DIRECTION('center_axis',(0.,1.,0.));
#10802=DIRECTION('ref_axis',(-0.939240193538601,0.,0.343260628155299));
#10803=DIRECTION('center_axis',(0.,1.,0.));
#10804=DIRECTION('ref_axis',(-0.939240193538601,0.,0.343260628155299));
#10805=DIRECTION('',(0.,1.,0.));
#10806=DIRECTION('center_axis',(0.,1.,0.));
#10807=DIRECTION('ref_axis',(-0.9702746075354,0.,-0.242006582497308));
#10808=DIRECTION('center_axis',(0.,1.,0.));
#10809=DIRECTION('ref_axis',(-0.9702746075354,0.,-0.242006582497308));
#10810=DIRECTION('center_axis',(0.,1.,0.));
#10811=DIRECTION('ref_axis',(-0.9702746075354,0.,-0.242006582497308));
#10812=DIRECTION('',(0.,1.,0.));
#10813=DIRECTION('center_axis',(0.,1.,0.));
#10814=DIRECTION('ref_axis',(0.270593883952497,0.,-0.96269359090393));
#10815=DIRECTION('center_axis',(0.,1.,0.));
#10816=DIRECTION('ref_axis',(0.270593883952497,0.,-0.96269359090393));
#10817=DIRECTION('center_axis',(0.,1.,0.));
#10818=DIRECTION('ref_axis',(0.270593883952497,0.,-0.96269359090393));
#10819=DIRECTION('center_axis',(0.,1.,0.));
#10820=DIRECTION('ref_axis',(1.,0.,0.));
#10821=DIRECTION('center_axis',(0.,1.,0.));
#10822=DIRECTION('ref_axis',(1.,0.,0.));
#10823=DIRECTION('center_axis',(0.,1.,0.));
#10824=DIRECTION('ref_axis',(-1.,0.,0.));
#10825=DIRECTION('',(-1.,0.,0.));
#10826=DIRECTION('',(0.,0.,1.));
#10827=DIRECTION('',(-1.,0.,0.));
#10828=DIRECTION('',(0.,0.,1.));
#10829=DIRECTION('center_axis',(1.,0.,0.));
#10830=DIRECTION('ref_axis',(0.,1.,0.));
#10831=DIRECTION('',(0.,1.,0.));
#10832=DIRECTION('',(0.,1.,0.));
#10833=DIRECTION('',(0.,0.,1.));
#10834=DIRECTION('center_axis',(0.,-1.,0.));
#10835=DIRECTION('ref_axis',(1.,0.,0.));
#10836=DIRECTION('',(1.,0.,0.));
#10837=DIRECTION('',(1.,0.,0.));
#10838=DIRECTION('',(0.,0.,1.));
#10839=DIRECTION('center_axis',(-1.,0.,0.));
#10840=DIRECTION('ref_axis',(0.,-1.,0.));
#10841=DIRECTION('',(0.,-1.,0.));
#10842=DIRECTION('',(0.,-1.,0.));
#10843=DIRECTION('center_axis',(0.,0.,1.));
#10844=DIRECTION('ref_axis',(1.,0.,0.));
#10845=DIRECTION('center_axis',(0.,0.,1.));
#10846=DIRECTION('ref_axis',(1.,0.,0.));
#10847=DIRECTION('center_axis',(0.,1.,0.));
#10848=DIRECTION('ref_axis',(-1.,0.,0.));
#10849=DIRECTION('',(-1.,0.,0.));
#10850=DIRECTION('',(0.,0.,1.));
#10851=DIRECTION('',(-1.,0.,0.));
#10852=DIRECTION('',(0.,0.,1.));
#10853=DIRECTION('center_axis',(1.,0.,0.));
#10854=DIRECTION('ref_axis',(0.,1.,0.));
#10855=DIRECTION('',(0.,1.,0.));
#10856=DIRECTION('',(0.,1.,0.));
#10857=DIRECTION('',(0.,0.,1.));
#10858=DIRECTION('center_axis',(0.,-1.,0.));
#10859=DIRECTION('ref_axis',(1.,0.,0.));
#10860=DIRECTION('',(1.,0.,0.));
#10861=DIRECTION('',(1.,0.,0.));
#10862=DIRECTION('',(0.,0.,1.));
#10863=DIRECTION('center_axis',(-1.,0.,0.));
#10864=DIRECTION('ref_axis',(0.,-1.,0.));
#10865=DIRECTION('',(0.,-1.,0.));
#10866=DIRECTION('',(0.,-1.,0.));
#10867=DIRECTION('center_axis',(0.,0.,1.));
#10868=DIRECTION('ref_axis',(1.,0.,0.));
#10869=DIRECTION('center_axis',(0.,0.,1.));
#10870=DIRECTION('ref_axis',(1.,0.,0.));
#10871=DIRECTION('center_axis',(0.,1.,0.));
#10872=DIRECTION('ref_axis',(-1.,0.,0.));
#10873=DIRECTION('',(-1.,0.,0.));
#10874=DIRECTION('',(0.,0.,1.));
#10875=DIRECTION('',(-1.,0.,0.));
#10876=DIRECTION('',(0.,0.,1.));
#10877=DIRECTION('center_axis',(1.,0.,0.));
#10878=DIRECTION('ref_axis',(0.,1.,0.));
#10879=DIRECTION('',(0.,1.,0.));
#10880=DIRECTION('',(0.,1.,0.));
#10881=DIRECTION('',(0.,0.,1.));
#10882=DIRECTION('center_axis',(0.,-1.,0.));
#10883=DIRECTION('ref_axis',(1.,0.,0.));
#10884=DIRECTION('',(1.,0.,0.));
#10885=DIRECTION('',(1.,0.,0.));
#10886=DIRECTION('',(0.,0.,1.));
#10887=DIRECTION('center_axis',(-1.,0.,0.));
#10888=DIRECTION('ref_axis',(0.,-1.,0.));
#10889=DIRECTION('',(0.,-1.,0.));
#10890=DIRECTION('',(0.,-1.,0.));
#10891=DIRECTION('center_axis',(0.,0.,1.));
#10892=DIRECTION('ref_axis',(1.,0.,0.));
#10893=DIRECTION('center_axis',(0.,0.,1.));
#10894=DIRECTION('ref_axis',(1.,0.,0.));
#10895=DIRECTION('center_axis',(0.,1.,0.));
#10896=DIRECTION('ref_axis',(-1.,0.,0.));
#10897=DIRECTION('',(-1.,0.,0.));
#10898=DIRECTION('',(0.,0.,1.));
#10899=DIRECTION('',(-1.,0.,0.));
#10900=DIRECTION('',(0.,0.,1.));
#10901=DIRECTION('center_axis',(1.,0.,0.));
#10902=DIRECTION('ref_axis',(0.,1.,0.));
#10903=DIRECTION('',(0.,1.,0.));
#10904=DIRECTION('',(0.,1.,0.));
#10905=DIRECTION('',(0.,0.,1.));
#10906=DIRECTION('center_axis',(0.,-1.,0.));
#10907=DIRECTION('ref_axis',(1.,0.,0.));
#10908=DIRECTION('',(1.,0.,0.));
#10909=DIRECTION('',(1.,0.,0.));
#10910=DIRECTION('',(0.,0.,1.));
#10911=DIRECTION('center_axis',(-1.,0.,0.));
#10912=DIRECTION('ref_axis',(0.,-1.,0.));
#10913=DIRECTION('',(0.,-1.,0.));
#10914=DIRECTION('',(0.,-1.,0.));
#10915=DIRECTION('center_axis',(0.,0.,1.));
#10916=DIRECTION('ref_axis',(1.,0.,0.));
#10917=DIRECTION('center_axis',(0.,0.,1.));
#10918=DIRECTION('ref_axis',(1.,0.,0.));
#10919=DIRECTION('center_axis',(0.,1.,0.));
#10920=DIRECTION('ref_axis',(-1.,0.,0.));
#10921=DIRECTION('',(-1.,0.,0.));
#10922=DIRECTION('',(0.,0.,1.));
#10923=DIRECTION('',(-1.,0.,0.));
#10924=DIRECTION('',(0.,0.,1.));
#10925=DIRECTION('center_axis',(1.,0.,0.));
#10926=DIRECTION('ref_axis',(0.,1.,0.));
#10927=DIRECTION('',(0.,1.,0.));
#10928=DIRECTION('',(0.,1.,0.));
#10929=DIRECTION('',(0.,0.,1.));
#10930=DIRECTION('center_axis',(0.,-1.,0.));
#10931=DIRECTION('ref_axis',(1.,0.,0.));
#10932=DIRECTION('',(1.,0.,0.));
#10933=DIRECTION('',(1.,0.,0.));
#10934=DIRECTION('',(0.,0.,1.));
#10935=DIRECTION('center_axis',(-1.,0.,0.));
#10936=DIRECTION('ref_axis',(0.,-1.,0.));
#10937=DIRECTION('',(0.,-1.,0.));
#10938=DIRECTION('',(0.,-1.,0.));
#10939=DIRECTION('center_axis',(0.,0.,1.));
#10940=DIRECTION('ref_axis',(1.,0.,0.));
#10941=DIRECTION('center_axis',(0.,0.,1.));
#10942=DIRECTION('ref_axis',(1.,0.,0.));
#10943=DIRECTION('center_axis',(0.,1.,0.));
#10944=DIRECTION('ref_axis',(-1.,0.,0.));
#10945=DIRECTION('',(-1.,0.,0.));
#10946=DIRECTION('',(0.,0.,1.));
#10947=DIRECTION('',(-1.,0.,0.));
#10948=DIRECTION('',(0.,0.,1.));
#10949=DIRECTION('center_axis',(1.,0.,0.));
#10950=DIRECTION('ref_axis',(0.,1.,0.));
#10951=DIRECTION('',(0.,1.,0.));
#10952=DIRECTION('',(0.,1.,0.));
#10953=DIRECTION('',(0.,0.,1.));
#10954=DIRECTION('center_axis',(0.,-1.,0.));
#10955=DIRECTION('ref_axis',(1.,0.,0.));
#10956=DIRECTION('',(1.,0.,0.));
#10957=DIRECTION('',(1.,0.,0.));
#10958=DIRECTION('',(0.,0.,1.));
#10959=DIRECTION('center_axis',(-1.,0.,0.));
#10960=DIRECTION('ref_axis',(0.,-1.,0.));
#10961=DIRECTION('',(0.,-1.,0.));
#10962=DIRECTION('',(0.,-1.,0.));
#10963=DIRECTION('center_axis',(0.,0.,1.));
#10964=DIRECTION('ref_axis',(1.,0.,0.));
#10965=DIRECTION('center_axis',(0.,0.,1.));
#10966=DIRECTION('ref_axis',(1.,0.,0.));
#10967=DIRECTION('center_axis',(0.,1.,0.));
#10968=DIRECTION('ref_axis',(-1.,0.,0.));
#10969=DIRECTION('',(-1.,0.,0.));
#10970=DIRECTION('',(0.,0.,1.));
#10971=DIRECTION('',(-1.,0.,0.));
#10972=DIRECTION('',(0.,0.,1.));
#10973=DIRECTION('center_axis',(1.,0.,0.));
#10974=DIRECTION('ref_axis',(0.,1.,0.));
#10975=DIRECTION('',(0.,1.,0.));
#10976=DIRECTION('',(0.,1.,0.));
#10977=DIRECTION('',(0.,0.,1.));
#10978=DIRECTION('center_axis',(0.,-1.,0.));
#10979=DIRECTION('ref_axis',(1.,0.,0.));
#10980=DIRECTION('',(1.,0.,0.));
#10981=DIRECTION('',(1.,0.,0.));
#10982=DIRECTION('',(0.,0.,1.));
#10983=DIRECTION('center_axis',(-1.,0.,0.));
#10984=DIRECTION('ref_axis',(0.,-1.,0.));
#10985=DIRECTION('',(0.,-1.,0.));
#10986=DIRECTION('',(0.,-1.,0.));
#10987=DIRECTION('center_axis',(0.,0.,1.));
#10988=DIRECTION('ref_axis',(1.,0.,0.));
#10989=DIRECTION('center_axis',(0.,0.,1.));
#10990=DIRECTION('ref_axis',(1.,0.,0.));
#10991=DIRECTION('center_axis',(0.,1.,0.));
#10992=DIRECTION('ref_axis',(-1.,0.,0.));
#10993=DIRECTION('',(-1.,0.,0.));
#10994=DIRECTION('',(0.,0.,1.));
#10995=DIRECTION('',(-1.,0.,0.));
#10996=DIRECTION('',(0.,0.,1.));
#10997=DIRECTION('center_axis',(1.,0.,0.));
#10998=DIRECTION('ref_axis',(0.,1.,0.));
#10999=DIRECTION('',(0.,1.,0.));
#11000=DIRECTION('',(0.,1.,0.));
#11001=DIRECTION('',(0.,0.,1.));
#11002=DIRECTION('center_axis',(0.,-1.,0.));
#11003=DIRECTION('ref_axis',(1.,0.,0.));
#11004=DIRECTION('',(1.,0.,0.));
#11005=DIRECTION('',(1.,0.,0.));
#11006=DIRECTION('',(0.,0.,1.));
#11007=DIRECTION('center_axis',(-1.,0.,0.));
#11008=DIRECTION('ref_axis',(0.,-1.,0.));
#11009=DIRECTION('',(0.,-1.,0.));
#11010=DIRECTION('',(0.,-1.,0.));
#11011=DIRECTION('center_axis',(0.,0.,1.));
#11012=DIRECTION('ref_axis',(1.,0.,0.));
#11013=DIRECTION('center_axis',(0.,0.,1.));
#11014=DIRECTION('ref_axis',(1.,0.,0.));
#11015=DIRECTION('center_axis',(0.,1.,0.));
#11016=DIRECTION('ref_axis',(-1.,0.,0.));
#11017=DIRECTION('',(-1.,0.,0.));
#11018=DIRECTION('',(0.,0.,1.));
#11019=DIRECTION('',(-1.,0.,0.));
#11020=DIRECTION('',(0.,0.,1.));
#11021=DIRECTION('center_axis',(1.,0.,0.));
#11022=DIRECTION('ref_axis',(0.,1.,0.));
#11023=DIRECTION('',(0.,1.,0.));
#11024=DIRECTION('',(0.,1.,0.));
#11025=DIRECTION('',(0.,0.,1.));
#11026=DIRECTION('center_axis',(0.,-1.,0.));
#11027=DIRECTION('ref_axis',(1.,0.,0.));
#11028=DIRECTION('',(1.,0.,0.));
#11029=DIRECTION('',(1.,0.,0.));
#11030=DIRECTION('',(0.,0.,1.));
#11031=DIRECTION('center_axis',(-1.,0.,0.));
#11032=DIRECTION('ref_axis',(0.,-1.,0.));
#11033=DIRECTION('',(0.,-1.,0.));
#11034=DIRECTION('',(0.,-1.,0.));
#11035=DIRECTION('center_axis',(0.,0.,1.));
#11036=DIRECTION('ref_axis',(1.,0.,0.));
#11037=DIRECTION('center_axis',(0.,0.,1.));
#11038=DIRECTION('ref_axis',(1.,0.,0.));
#11039=DIRECTION('center_axis',(0.,1.,0.));
#11040=DIRECTION('ref_axis',(1.,0.,0.));
#11041=DIRECTION('center_axis',(0.,1.,0.));
#11042=DIRECTION('ref_axis',(1.,0.,0.));
#11043=DIRECTION('',(0.,-1.,0.));
#11044=DIRECTION('center_axis',(0.,1.,0.));
#11045=DIRECTION('ref_axis',(1.,0.,0.));
#11046=DIRECTION('center_axis',(0.,1.,0.));
#11047=DIRECTION('ref_axis',(1.,0.,0.));
#11048=DIRECTION('center_axis',(0.,1.,0.));
#11049=DIRECTION('ref_axis',(1.,0.,0.));
#11050=DIRECTION('center_axis',(0.,1.,0.));
#11051=DIRECTION('ref_axis',(-1.,0.,0.));
#11052=DIRECTION('',(-1.,0.,0.));
#11053=DIRECTION('',(0.,0.,1.));
#11054=DIRECTION('',(-1.,0.,0.));
#11055=DIRECTION('',(0.,0.,1.));
#11056=DIRECTION('center_axis',(1.,0.,0.));
#11057=DIRECTION('ref_axis',(0.,1.,0.));
#11058=DIRECTION('',(0.,1.,0.));
#11059=DIRECTION('',(0.,1.,0.));
#11060=DIRECTION('',(0.,0.,1.));
#11061=DIRECTION('center_axis',(0.,-1.,0.));
#11062=DIRECTION('ref_axis',(1.,0.,0.));
#11063=DIRECTION('',(1.,0.,0.));
#11064=DIRECTION('',(1.,0.,0.));
#11065=DIRECTION('',(0.,0.,1.));
#11066=DIRECTION('center_axis',(-1.,0.,0.));
#11067=DIRECTION('ref_axis',(0.,-1.,0.));
#11068=DIRECTION('',(0.,-1.,0.));
#11069=DIRECTION('',(0.,-1.,0.));
#11070=DIRECTION('center_axis',(0.,0.,1.));
#11071=DIRECTION('ref_axis',(1.,0.,0.));
#11072=DIRECTION('center_axis',(0.,0.,1.));
#11073=DIRECTION('ref_axis',(1.,0.,0.));
#11074=DIRECTION('center_axis',(0.,1.,0.));
#11075=DIRECTION('ref_axis',(1.,0.,0.));
#11076=DIRECTION('center_axis',(0.,1.,0.));
#11077=DIRECTION('ref_axis',(1.,0.,0.));
#11078=DIRECTION('',(0.,-1.,0.));
#11079=DIRECTION('center_axis',(0.,1.,0.));
#11080=DIRECTION('ref_axis',(1.,0.,0.));
#11081=DIRECTION('center_axis',(0.,1.,0.));
#11082=DIRECTION('ref_axis',(1.,0.,0.));
#11083=DIRECTION('center_axis',(0.,1.,0.));
#11084=DIRECTION('ref_axis',(1.,0.,0.));
#11085=DIRECTION('center_axis',(0.,1.,0.));
#11086=DIRECTION('ref_axis',(0.,0.,1.));
#11087=DIRECTION('center_axis',(0.,-1.,0.));
#11088=DIRECTION('ref_axis',(1.,0.,0.));
#11089=DIRECTION('center_axis',(-1.,0.,0.));
#11090=DIRECTION('ref_axis',(0.,0.,-1.));
#11091=DIRECTION('center_axis',(0.,1.,0.));
#11092=DIRECTION('ref_axis',(1.,0.,0.));
#11093=DIRECTION('center_axis',(0.,-1.,0.));
#11094=DIRECTION('ref_axis',(1.,0.,0.));
#11095=DIRECTION('center_axis',(0.,1.,0.));
#11096=DIRECTION('ref_axis',(1.,0.,0.));
#11097=DIRECTION('center_axis',(0.,1.,0.));
#11098=DIRECTION('ref_axis',(1.,0.,0.));
#11099=DIRECTION('',(0.,-1.,0.));
#11100=DIRECTION('center_axis',(0.,1.,0.));
#11101=DIRECTION('ref_axis',(1.,0.,0.));
#11102=DIRECTION('center_axis',(0.,1.,0.));
#11103=DIRECTION('ref_axis',(1.,0.,0.));
#11104=DIRECTION('center_axis',(0.,1.,0.));
#11105=DIRECTION('ref_axis',(0.,0.,1.));
#11106=DIRECTION('center_axis',(0.,-1.,0.));
#11107=DIRECTION('ref_axis',(1.,0.,0.));
#11108=DIRECTION('center_axis',(-1.,0.,0.));
#11109=DIRECTION('ref_axis',(0.,0.,-1.));
#11110=DIRECTION('center_axis',(0.,1.,0.));
#11111=DIRECTION('ref_axis',(1.,0.,0.));
#11112=DIRECTION('center_axis',(0.,1.,0.));
#11113=DIRECTION('ref_axis',(1.,0.,0.));
#11114=DIRECTION('center_axis',(0.,1.,0.));
#11115=DIRECTION('ref_axis',(1.,0.,0.));
#11116=DIRECTION('',(0.,-1.,0.));
#11117=DIRECTION('center_axis',(0.,1.,0.));
#11118=DIRECTION('ref_axis',(1.,0.,0.));
#11119=DIRECTION('center_axis',(0.,1.,0.));
#11120=DIRECTION('ref_axis',(1.,0.,0.));
#11121=DIRECTION('center_axis',(0.,1.,0.));
#11122=DIRECTION('ref_axis',(1.,0.,0.));
#11123=DIRECTION('center_axis',(0.,1.,0.));
#11124=DIRECTION('ref_axis',(1.,0.,0.));
#11125=DIRECTION('center_axis',(0.,1.,0.));
#11126=DIRECTION('ref_axis',(1.,0.,0.));
#11127=DIRECTION('',(0.,-1.,0.));
#11128=DIRECTION('center_axis',(0.,1.,0.));
#11129=DIRECTION('ref_axis',(1.,0.,0.));
#11130=DIRECTION('center_axis',(0.,1.,0.));
#11131=DIRECTION('ref_axis',(1.,0.,0.));
#11132=DIRECTION('center_axis',(0.,1.,0.));
#11133=DIRECTION('ref_axis',(1.,0.,0.));
#11134=DIRECTION('center_axis',(0.,1.,0.));
#11135=DIRECTION('ref_axis',(1.,0.,0.));
#11136=DIRECTION('center_axis',(0.,1.,0.));
#11137=DIRECTION('ref_axis',(1.,0.,0.));
#11138=DIRECTION('',(0.,-1.,0.));
#11139=DIRECTION('center_axis',(0.,1.,0.));
#11140=DIRECTION('ref_axis',(1.,0.,0.));
#11141=DIRECTION('center_axis',(0.,1.,0.));
#11142=DIRECTION('ref_axis',(1.,0.,0.));
#11143=DIRECTION('center_axis',(0.,1.,0.));
#11144=DIRECTION('ref_axis',(1.,0.,0.));
#11145=DIRECTION('center_axis',(0.,1.,0.));
#11146=DIRECTION('ref_axis',(1.,0.,0.));
#11147=DIRECTION('center_axis',(0.,1.,0.));
#11148=DIRECTION('ref_axis',(1.,0.,0.));
#11149=DIRECTION('',(0.,-1.,0.));
#11150=DIRECTION('center_axis',(0.,1.,0.));
#11151=DIRECTION('ref_axis',(1.,0.,0.));
#11152=DIRECTION('center_axis',(0.,1.,0.));
#11153=DIRECTION('ref_axis',(1.,0.,0.));
#11154=DIRECTION('center_axis',(0.,1.,0.));
#11155=DIRECTION('ref_axis',(1.,0.,0.));
#11156=DIRECTION('center_axis',(0.,1.,0.));
#11157=DIRECTION('ref_axis',(1.,0.,0.));
#11158=DIRECTION('center_axis',(0.,1.,0.));
#11159=DIRECTION('ref_axis',(1.,0.,0.));
#11160=DIRECTION('',(0.,-1.,0.));
#11161=DIRECTION('center_axis',(0.,1.,0.));
#11162=DIRECTION('ref_axis',(1.,0.,0.));
#11163=DIRECTION('center_axis',(0.,1.,0.));
#11164=DIRECTION('ref_axis',(1.,0.,0.));
#11165=DIRECTION('center_axis',(0.,1.,0.));
#11166=DIRECTION('ref_axis',(1.,0.,0.));
#11167=DIRECTION('center_axis',(0.,1.,0.));
#11168=DIRECTION('ref_axis',(1.,0.,0.));
#11169=DIRECTION('center_axis',(0.,1.,0.));
#11170=DIRECTION('ref_axis',(1.,0.,0.));
#11171=DIRECTION('',(0.,-1.,0.));
#11172=DIRECTION('center_axis',(0.,1.,0.));
#11173=DIRECTION('ref_axis',(1.,0.,0.));
#11174=DIRECTION('center_axis',(0.,1.,0.));
#11175=DIRECTION('ref_axis',(1.,0.,0.));
#11176=DIRECTION('center_axis',(0.,1.,0.));
#11177=DIRECTION('ref_axis',(1.,0.,0.));
#11178=DIRECTION('center_axis',(0.,1.,0.));
#11179=DIRECTION('ref_axis',(1.,0.,0.));
#11180=DIRECTION('center_axis',(0.,1.,0.));
#11181=DIRECTION('ref_axis',(1.,0.,0.));
#11182=DIRECTION('',(0.,-1.,0.));
#11183=DIRECTION('center_axis',(0.,1.,0.));
#11184=DIRECTION('ref_axis',(1.,0.,0.));
#11185=DIRECTION('center_axis',(0.,1.,0.));
#11186=DIRECTION('ref_axis',(1.,0.,0.));
#11187=DIRECTION('center_axis',(0.,1.,0.));
#11188=DIRECTION('ref_axis',(1.,0.,0.));
#11189=DIRECTION('center_axis',(0.,1.,0.));
#11190=DIRECTION('ref_axis',(1.,0.,0.));
#11191=DIRECTION('center_axis',(0.,1.,0.));
#11192=DIRECTION('ref_axis',(1.,0.,0.));
#11193=DIRECTION('',(0.,-1.,0.));
#11194=DIRECTION('center_axis',(0.,1.,0.));
#11195=DIRECTION('ref_axis',(1.,0.,0.));
#11196=DIRECTION('center_axis',(0.,1.,0.));
#11197=DIRECTION('ref_axis',(1.,0.,0.));
#11198=DIRECTION('center_axis',(0.,1.,0.));
#11199=DIRECTION('ref_axis',(1.,0.,0.));
#11200=DIRECTION('center_axis',(0.,1.,0.));
#11201=DIRECTION('ref_axis',(1.,0.,0.));
#11202=DIRECTION('center_axis',(0.,1.,0.));
#11203=DIRECTION('ref_axis',(1.,0.,0.));
#11204=DIRECTION('',(0.,-1.,0.));
#11205=DIRECTION('center_axis',(0.,1.,0.));
#11206=DIRECTION('ref_axis',(1.,0.,0.));
#11207=DIRECTION('center_axis',(0.,1.,0.));
#11208=DIRECTION('ref_axis',(1.,0.,0.));
#11209=DIRECTION('center_axis',(0.,1.,0.));
#11210=DIRECTION('ref_axis',(1.,0.,0.));
#11211=DIRECTION('center_axis',(0.,1.,0.));
#11212=DIRECTION('ref_axis',(0.,0.,1.));
#11213=DIRECTION('center_axis',(0.,-1.,0.));
#11214=DIRECTION('ref_axis',(1.,0.,0.));
#11215=DIRECTION('center_axis',(-1.,0.,0.));
#11216=DIRECTION('ref_axis',(0.,0.,-1.));
#11217=DIRECTION('center_axis',(0.,1.,0.));
#11218=DIRECTION('ref_axis',(1.,0.,0.));
#11219=DIRECTION('center_axis',(0.,1.,0.));
#11220=DIRECTION('ref_axis',(1.,0.,0.));
#11221=DIRECTION('center_axis',(0.,-1.,0.));
#11222=DIRECTION('ref_axis',(1.,0.,0.));
#11223=DIRECTION('center_axis',(0.,-1.,0.));
#11224=DIRECTION('ref_axis',(1.,0.,0.));
#11225=DIRECTION('',(0.,1.,0.));
#11226=DIRECTION('center_axis',(0.,-1.,0.));
#11227=DIRECTION('ref_axis',(1.,0.,0.));
#11228=DIRECTION('center_axis',(0.,1.,0.));
#11229=DIRECTION('ref_axis',(1.,0.,0.));
#11230=DIRECTION('center_axis',(0.,-1.,0.));
#11231=DIRECTION('ref_axis',(0.,0.,-1.));
#11232=DIRECTION('center_axis',(0.,1.,0.));
#11233=DIRECTION('ref_axis',(1.,0.,0.));
#11234=DIRECTION('center_axis',(-1.,0.,0.));
#11235=DIRECTION('ref_axis',(0.,0.,1.));
#11236=DIRECTION('center_axis',(0.,1.,0.));
#11237=DIRECTION('ref_axis',(1.,0.,0.));
#11238=DIRECTION('center_axis',(0.,-1.,0.));
#11239=DIRECTION('ref_axis',(1.,0.,0.));
#11240=DIRECTION('center_axis',(0.,-1.,0.));
#11241=DIRECTION('ref_axis',(1.,0.,0.));
#11242=DIRECTION('',(0.,1.,0.));
#11243=DIRECTION('center_axis',(0.,1.,0.));
#11244=DIRECTION('ref_axis',(1.,0.,0.));
#11245=DIRECTION('center_axis',(0.,1.,0.));
#11246=DIRECTION('ref_axis',(1.,0.,0.));
#11247=DIRECTION('center_axis',(0.,1.,0.));
#11248=DIRECTION('ref_axis',(1.,0.,0.));
#11249=DIRECTION('center_axis',(0.,-1.,0.));
#11250=DIRECTION('ref_axis',(1.,0.,0.));
#11251=DIRECTION('center_axis',(0.,-1.,0.));
#11252=DIRECTION('ref_axis',(1.,0.,0.));
#11253=DIRECTION('',(0.,1.,0.));
#11254=DIRECTION('center_axis',(0.,1.,0.));
#11255=DIRECTION('ref_axis',(1.,0.,0.));
#11256=DIRECTION('center_axis',(0.,1.,0.));
#11257=DIRECTION('ref_axis',(1.,0.,0.));
#11258=DIRECTION('center_axis',(0.,1.,0.));
#11259=DIRECTION('ref_axis',(1.,0.,0.));
#11260=DIRECTION('center_axis',(0.,-1.,0.));
#11261=DIRECTION('ref_axis',(1.,0.,0.));
#11262=DIRECTION('center_axis',(0.,-1.,0.));
#11263=DIRECTION('ref_axis',(1.,0.,0.));
#11264=DIRECTION('',(0.,1.,0.));
#11265=DIRECTION('center_axis',(0.,1.,0.));
#11266=DIRECTION('ref_axis',(1.,0.,0.));
#11267=DIRECTION('center_axis',(0.,1.,0.));
#11268=DIRECTION('ref_axis',(1.,0.,0.));
#11269=DIRECTION('center_axis',(0.,1.,0.));
#11270=DIRECTION('ref_axis',(1.,0.,0.));
#11271=DIRECTION('center_axis',(0.,-1.,0.));
#11272=DIRECTION('ref_axis',(1.,0.,0.));
#11273=DIRECTION('center_axis',(0.,-1.,0.));
#11274=DIRECTION('ref_axis',(1.,0.,0.));
#11275=DIRECTION('',(0.,1.,0.));
#11276=DIRECTION('center_axis',(0.,1.,0.));
#11277=DIRECTION('ref_axis',(1.,0.,0.));
#11278=DIRECTION('center_axis',(0.,1.,0.));
#11279=DIRECTION('ref_axis',(1.,0.,0.));
#11280=DIRECTION('center_axis',(0.,1.,0.));
#11281=DIRECTION('ref_axis',(1.,0.,0.));
#11282=DIRECTION('center_axis',(0.,-1.,0.));
#11283=DIRECTION('ref_axis',(1.,0.,0.));
#11284=DIRECTION('center_axis',(0.,-1.,0.));
#11285=DIRECTION('ref_axis',(1.,0.,0.));
#11286=DIRECTION('',(0.,1.,0.));
#11287=DIRECTION('center_axis',(0.,1.,0.));
#11288=DIRECTION('ref_axis',(1.,0.,0.));
#11289=DIRECTION('center_axis',(0.,1.,0.));
#11290=DIRECTION('ref_axis',(1.,0.,0.));
#11291=DIRECTION('center_axis',(0.,1.,0.));
#11292=DIRECTION('ref_axis',(1.,0.,0.));
#11293=DIRECTION('center_axis',(0.,-1.,0.));
#11294=DIRECTION('ref_axis',(1.,0.,0.));
#11295=DIRECTION('center_axis',(0.,-1.,0.));
#11296=DIRECTION('ref_axis',(1.,0.,0.));
#11297=DIRECTION('',(0.,1.,0.));
#11298=DIRECTION('center_axis',(0.,1.,0.));
#11299=DIRECTION('ref_axis',(1.,0.,0.));
#11300=DIRECTION('center_axis',(0.,1.,0.));
#11301=DIRECTION('ref_axis',(1.,0.,0.));
#11302=DIRECTION('center_axis',(0.,1.,0.));
#11303=DIRECTION('ref_axis',(1.,0.,0.));
#11304=DIRECTION('center_axis',(0.,-1.,0.));
#11305=DIRECTION('ref_axis',(1.,0.,0.));
#11306=DIRECTION('center_axis',(0.,-1.,0.));
#11307=DIRECTION('ref_axis',(1.,0.,0.));
#11308=DIRECTION('',(0.,1.,0.));
#11309=DIRECTION('center_axis',(0.,1.,0.));
#11310=DIRECTION('ref_axis',(1.,0.,0.));
#11311=DIRECTION('center_axis',(0.,1.,0.));
#11312=DIRECTION('ref_axis',(1.,0.,0.));
#11313=DIRECTION('center_axis',(0.,1.,0.));
#11314=DIRECTION('ref_axis',(1.,0.,0.));
#11315=DIRECTION('center_axis',(0.,-1.,0.));
#11316=DIRECTION('ref_axis',(1.,0.,0.));
#11317=DIRECTION('center_axis',(0.,-1.,0.));
#11318=DIRECTION('ref_axis',(1.,0.,0.));
#11319=DIRECTION('',(0.,1.,0.));
#11320=DIRECTION('center_axis',(0.,1.,0.));
#11321=DIRECTION('ref_axis',(1.,0.,0.));
#11322=DIRECTION('center_axis',(0.,1.,0.));
#11323=DIRECTION('ref_axis',(1.,0.,0.));
#11324=DIRECTION('center_axis',(0.,1.,0.));
#11325=DIRECTION('ref_axis',(1.,0.,0.));
#11326=DIRECTION('center_axis',(0.,-1.,0.));
#11327=DIRECTION('ref_axis',(1.,0.,0.));
#11328=DIRECTION('center_axis',(0.,-1.,0.));
#11329=DIRECTION('ref_axis',(1.,0.,0.));
#11330=DIRECTION('',(0.,1.,0.));
#11331=DIRECTION('center_axis',(0.,1.,0.));
#11332=DIRECTION('ref_axis',(1.,0.,0.));
#11333=DIRECTION('center_axis',(0.,1.,0.));
#11334=DIRECTION('ref_axis',(1.,0.,0.));
#11335=DIRECTION('center_axis',(0.,1.,0.));
#11336=DIRECTION('ref_axis',(1.,0.,0.));
#11337=DIRECTION('center_axis',(0.,1.,0.));
#11338=DIRECTION('ref_axis',(1.,0.,0.));
#11339=DIRECTION('center_axis',(0.,1.,0.));
#11340=DIRECTION('ref_axis',(1.,0.,0.));
#11341=DIRECTION('',(0.,-1.,0.));
#11342=DIRECTION('center_axis',(0.,1.,0.));
#11343=DIRECTION('ref_axis',(1.,0.,0.));
#11344=DIRECTION('center_axis',(0.,1.,0.));
#11345=DIRECTION('ref_axis',(1.,0.,0.));
#11346=DIRECTION('center_axis',(0.,1.,0.));
#11347=DIRECTION('ref_axis',(1.,0.,0.));
#11348=DIRECTION('center_axis',(0.,1.,0.));
#11349=DIRECTION('ref_axis',(0.,0.,1.));
#11350=DIRECTION('center_axis',(0.,-1.,0.));
#11351=DIRECTION('ref_axis',(1.,0.,0.));
#11352=DIRECTION('center_axis',(-1.,0.,0.));
#11353=DIRECTION('ref_axis',(0.,0.,-1.));
#11354=DIRECTION('center_axis',(0.,1.,0.));
#11355=DIRECTION('ref_axis',(1.,0.,0.));
#11356=DIRECTION('center_axis',(0.,-1.,0.));
#11357=DIRECTION('ref_axis',(1.,0.,0.));
#11358=DIRECTION('center_axis',(0.,1.,0.));
#11359=DIRECTION('ref_axis',(1.,0.,0.));
#11360=DIRECTION('center_axis',(0.,1.,0.));
#11361=DIRECTION('ref_axis',(1.,0.,0.));
#11362=DIRECTION('',(0.,-1.,0.));
#11363=DIRECTION('center_axis',(0.,1.,0.));
#11364=DIRECTION('ref_axis',(1.,0.,0.));
#11365=DIRECTION('center_axis',(0.,1.,0.));
#11366=DIRECTION('ref_axis',(1.,0.,0.));
#11367=DIRECTION('center_axis',(0.,1.,0.));
#11368=DIRECTION('ref_axis',(0.,0.,1.));
#11369=DIRECTION('center_axis',(0.,-1.,0.));
#11370=DIRECTION('ref_axis',(1.,0.,0.));
#11371=DIRECTION('center_axis',(-1.,0.,0.));
#11372=DIRECTION('ref_axis',(0.,0.,-1.));
#11373=DIRECTION('center_axis',(0.,1.,0.));
#11374=DIRECTION('ref_axis',(1.,0.,0.));
#11375=DIRECTION('center_axis',(0.,1.,0.));
#11376=DIRECTION('ref_axis',(1.,0.,0.));
#11377=DIRECTION('center_axis',(0.,1.,0.));
#11378=DIRECTION('ref_axis',(1.,0.,0.));
#11379=DIRECTION('',(0.,-1.,0.));
#11380=DIRECTION('center_axis',(0.,1.,0.));
#11381=DIRECTION('ref_axis',(1.,0.,0.));
#11382=DIRECTION('center_axis',(0.,1.,0.));
#11383=DIRECTION('ref_axis',(1.,0.,0.));
#11384=DIRECTION('center_axis',(0.,1.,0.));
#11385=DIRECTION('ref_axis',(1.,0.,0.));
#11386=DIRECTION('center_axis',(0.,1.,0.));
#11387=DIRECTION('ref_axis',(1.,0.,0.));
#11388=DIRECTION('center_axis',(0.,1.,0.));
#11389=DIRECTION('ref_axis',(1.,0.,0.));
#11390=DIRECTION('',(0.,-1.,0.));
#11391=DIRECTION('center_axis',(0.,1.,0.));
#11392=DIRECTION('ref_axis',(1.,0.,0.));
#11393=DIRECTION('center_axis',(0.,1.,0.));
#11394=DIRECTION('ref_axis',(1.,0.,0.));
#11395=DIRECTION('center_axis',(0.,1.,0.));
#11396=DIRECTION('ref_axis',(1.,0.,0.));
#11397=DIRECTION('center_axis',(0.,1.,0.));
#11398=DIRECTION('ref_axis',(1.,0.,0.));
#11399=DIRECTION('center_axis',(0.,1.,0.));
#11400=DIRECTION('ref_axis',(1.,0.,0.));
#11401=DIRECTION('',(0.,-1.,0.));
#11402=DIRECTION('center_axis',(0.,1.,0.));
#11403=DIRECTION('ref_axis',(1.,0.,0.));
#11404=DIRECTION('center_axis',(0.,1.,0.));
#11405=DIRECTION('ref_axis',(1.,0.,0.));
#11406=DIRECTION('center_axis',(0.,1.,0.));
#11407=DIRECTION('ref_axis',(1.,0.,0.));
#11408=DIRECTION('center_axis',(0.,1.,0.));
#11409=DIRECTION('ref_axis',(1.,0.,0.));
#11410=DIRECTION('center_axis',(0.,1.,0.));
#11411=DIRECTION('ref_axis',(1.,0.,0.));
#11412=DIRECTION('',(0.,-1.,0.));
#11413=DIRECTION('center_axis',(0.,1.,0.));
#11414=DIRECTION('ref_axis',(1.,0.,0.));
#11415=DIRECTION('center_axis',(0.,1.,0.));
#11416=DIRECTION('ref_axis',(1.,0.,0.));
#11417=DIRECTION('center_axis',(0.,1.,0.));
#11418=DIRECTION('ref_axis',(1.,0.,0.));
#11419=DIRECTION('center_axis',(0.,1.,0.));
#11420=DIRECTION('ref_axis',(1.,0.,0.));
#11421=DIRECTION('center_axis',(0.,1.,0.));
#11422=DIRECTION('ref_axis',(1.,0.,0.));
#11423=DIRECTION('',(0.,-1.,0.));
#11424=DIRECTION('center_axis',(0.,1.,0.));
#11425=DIRECTION('ref_axis',(1.,0.,0.));
#11426=DIRECTION('center_axis',(0.,1.,0.));
#11427=DIRECTION('ref_axis',(1.,0.,0.));
#11428=DIRECTION('center_axis',(0.,1.,0.));
#11429=DIRECTION('ref_axis',(1.,0.,0.));
#11430=DIRECTION('center_axis',(0.,1.,0.));
#11431=DIRECTION('ref_axis',(1.,0.,0.));
#11432=DIRECTION('center_axis',(0.,1.,0.));
#11433=DIRECTION('ref_axis',(1.,0.,0.));
#11434=DIRECTION('',(0.,-1.,0.));
#11435=DIRECTION('center_axis',(0.,1.,0.));
#11436=DIRECTION('ref_axis',(1.,0.,0.));
#11437=DIRECTION('center_axis',(0.,1.,0.));
#11438=DIRECTION('ref_axis',(1.,0.,0.));
#11439=DIRECTION('center_axis',(0.,1.,0.));
#11440=DIRECTION('ref_axis',(1.,0.,0.));
#11441=DIRECTION('center_axis',(0.,1.,0.));
#11442=DIRECTION('ref_axis',(1.,0.,0.));
#11443=DIRECTION('center_axis',(0.,1.,0.));
#11444=DIRECTION('ref_axis',(1.,0.,0.));
#11445=DIRECTION('',(0.,-1.,0.));
#11446=DIRECTION('center_axis',(0.,1.,0.));
#11447=DIRECTION('ref_axis',(1.,0.,0.));
#11448=DIRECTION('center_axis',(0.,1.,0.));
#11449=DIRECTION('ref_axis',(1.,0.,0.));
#11450=DIRECTION('center_axis',(0.,1.,0.));
#11451=DIRECTION('ref_axis',(1.,0.,0.));
#11452=DIRECTION('center_axis',(0.,1.,0.));
#11453=DIRECTION('ref_axis',(1.,0.,0.));
#11454=DIRECTION('center_axis',(0.,1.,0.));
#11455=DIRECTION('ref_axis',(1.,0.,0.));
#11456=DIRECTION('',(0.,-1.,0.));
#11457=DIRECTION('center_axis',(0.,1.,0.));
#11458=DIRECTION('ref_axis',(1.,0.,0.));
#11459=DIRECTION('center_axis',(0.,1.,0.));
#11460=DIRECTION('ref_axis',(1.,0.,0.));
#11461=DIRECTION('center_axis',(0.,1.,0.));
#11462=DIRECTION('ref_axis',(1.,0.,0.));
#11463=DIRECTION('center_axis',(0.,1.,0.));
#11464=DIRECTION('ref_axis',(1.,0.,0.));
#11465=DIRECTION('center_axis',(0.,1.,0.));
#11466=DIRECTION('ref_axis',(1.,0.,0.));
#11467=DIRECTION('',(0.,-1.,0.));
#11468=DIRECTION('center_axis',(0.,1.,0.));
#11469=DIRECTION('ref_axis',(1.,0.,0.));
#11470=DIRECTION('center_axis',(0.,1.,0.));
#11471=DIRECTION('ref_axis',(1.,0.,0.));
#11472=DIRECTION('center_axis',(0.,1.,0.));
#11473=DIRECTION('ref_axis',(1.,0.,0.));
#11474=DIRECTION('center_axis',(0.,1.,0.));
#11475=DIRECTION('ref_axis',(0.,0.,1.));
#11476=DIRECTION('center_axis',(0.,-1.,0.));
#11477=DIRECTION('ref_axis',(1.,0.,0.));
#11478=DIRECTION('center_axis',(-1.,0.,0.));
#11479=DIRECTION('ref_axis',(0.,0.,-1.));
#11480=DIRECTION('center_axis',(0.,1.,0.));
#11481=DIRECTION('ref_axis',(1.,0.,0.));
#11482=DIRECTION('center_axis',(0.,1.,0.));
#11483=DIRECTION('ref_axis',(1.,0.,0.));
#11484=DIRECTION('center_axis',(0.,-1.,0.));
#11485=DIRECTION('ref_axis',(1.,0.,0.));
#11486=DIRECTION('center_axis',(0.,-1.,0.));
#11487=DIRECTION('ref_axis',(1.,0.,0.));
#11488=DIRECTION('',(0.,1.,0.));
#11489=DIRECTION('center_axis',(0.,-1.,0.));
#11490=DIRECTION('ref_axis',(1.,0.,0.));
#11491=DIRECTION('center_axis',(0.,1.,0.));
#11492=DIRECTION('ref_axis',(1.,0.,0.));
#11493=DIRECTION('center_axis',(0.,-1.,0.));
#11494=DIRECTION('ref_axis',(0.,0.,-1.));
#11495=DIRECTION('center_axis',(0.,1.,0.));
#11496=DIRECTION('ref_axis',(1.,0.,0.));
#11497=DIRECTION('center_axis',(-1.,0.,0.));
#11498=DIRECTION('ref_axis',(0.,0.,1.));
#11499=DIRECTION('center_axis',(0.,1.,0.));
#11500=DIRECTION('ref_axis',(1.,0.,0.));
#11501=DIRECTION('center_axis',(0.,-1.,0.));
#11502=DIRECTION('ref_axis',(1.,0.,0.));
#11503=DIRECTION('center_axis',(0.,-1.,0.));
#11504=DIRECTION('ref_axis',(1.,0.,0.));
#11505=DIRECTION('',(0.,1.,0.));
#11506=DIRECTION('center_axis',(0.,1.,0.));
#11507=DIRECTION('ref_axis',(1.,0.,0.));
#11508=DIRECTION('center_axis',(0.,1.,0.));
#11509=DIRECTION('ref_axis',(1.,0.,0.));
#11510=DIRECTION('center_axis',(0.,1.,0.));
#11511=DIRECTION('ref_axis',(1.,0.,0.));
#11512=DIRECTION('center_axis',(0.,-1.,0.));
#11513=DIRECTION('ref_axis',(1.,0.,0.));
#11514=DIRECTION('center_axis',(0.,-1.,0.));
#11515=DIRECTION('ref_axis',(1.,0.,0.));
#11516=DIRECTION('',(0.,1.,0.));
#11517=DIRECTION('center_axis',(0.,1.,0.));
#11518=DIRECTION('ref_axis',(1.,0.,0.));
#11519=DIRECTION('center_axis',(0.,1.,0.));
#11520=DIRECTION('ref_axis',(1.,0.,0.));
#11521=DIRECTION('center_axis',(0.,1.,0.));
#11522=DIRECTION('ref_axis',(1.,0.,0.));
#11523=DIRECTION('center_axis',(0.,-1.,0.));
#11524=DIRECTION('ref_axis',(1.,0.,0.));
#11525=DIRECTION('center_axis',(0.,-1.,0.));
#11526=DIRECTION('ref_axis',(1.,0.,0.));
#11527=DIRECTION('',(0.,1.,0.));
#11528=DIRECTION('center_axis',(0.,1.,0.));
#11529=DIRECTION('ref_axis',(1.,0.,0.));
#11530=DIRECTION('center_axis',(0.,1.,0.));
#11531=DIRECTION('ref_axis',(1.,0.,0.));
#11532=DIRECTION('center_axis',(0.,1.,0.));
#11533=DIRECTION('ref_axis',(1.,0.,0.));
#11534=DIRECTION('center_axis',(0.,-1.,0.));
#11535=DIRECTION('ref_axis',(1.,0.,0.));
#11536=DIRECTION('center_axis',(0.,-1.,0.));
#11537=DIRECTION('ref_axis',(1.,0.,0.));
#11538=DIRECTION('',(0.,1.,0.));
#11539=DIRECTION('center_axis',(0.,1.,0.));
#11540=DIRECTION('ref_axis',(1.,0.,0.));
#11541=DIRECTION('center_axis',(0.,1.,0.));
#11542=DIRECTION('ref_axis',(1.,0.,0.));
#11543=DIRECTION('center_axis',(0.,1.,0.));
#11544=DIRECTION('ref_axis',(1.,0.,0.));
#11545=DIRECTION('center_axis',(0.,-1.,0.));
#11546=DIRECTION('ref_axis',(1.,0.,0.));
#11547=DIRECTION('center_axis',(0.,-1.,0.));
#11548=DIRECTION('ref_axis',(1.,0.,0.));
#11549=DIRECTION('',(0.,1.,0.));
#11550=DIRECTION('center_axis',(0.,1.,0.));
#11551=DIRECTION('ref_axis',(1.,0.,0.));
#11552=DIRECTION('center_axis',(0.,1.,0.));
#11553=DIRECTION('ref_axis',(1.,0.,0.));
#11554=DIRECTION('center_axis',(0.,1.,0.));
#11555=DIRECTION('ref_axis',(1.,0.,0.));
#11556=DIRECTION('center_axis',(0.,-1.,0.));
#11557=DIRECTION('ref_axis',(1.,0.,0.));
#11558=DIRECTION('center_axis',(0.,-1.,0.));
#11559=DIRECTION('ref_axis',(1.,0.,0.));
#11560=DIRECTION('',(0.,1.,0.));
#11561=DIRECTION('center_axis',(0.,1.,0.));
#11562=DIRECTION('ref_axis',(1.,0.,0.));
#11563=DIRECTION('center_axis',(0.,1.,0.));
#11564=DIRECTION('ref_axis',(1.,0.,0.));
#11565=DIRECTION('center_axis',(0.,1.,0.));
#11566=DIRECTION('ref_axis',(1.,0.,0.));
#11567=DIRECTION('center_axis',(0.,-1.,0.));
#11568=DIRECTION('ref_axis',(1.,0.,0.));
#11569=DIRECTION('center_axis',(0.,-1.,0.));
#11570=DIRECTION('ref_axis',(1.,0.,0.));
#11571=DIRECTION('',(0.,1.,0.));
#11572=DIRECTION('center_axis',(0.,1.,0.));
#11573=DIRECTION('ref_axis',(1.,0.,0.));
#11574=DIRECTION('center_axis',(0.,1.,0.));
#11575=DIRECTION('ref_axis',(1.,0.,0.));
#11576=DIRECTION('center_axis',(0.,1.,0.));
#11577=DIRECTION('ref_axis',(1.,0.,0.));
#11578=DIRECTION('center_axis',(0.,-1.,0.));
#11579=DIRECTION('ref_axis',(1.,0.,0.));
#11580=DIRECTION('center_axis',(0.,-1.,0.));
#11581=DIRECTION('ref_axis',(1.,0.,0.));
#11582=DIRECTION('',(0.,1.,0.));
#11583=DIRECTION('center_axis',(0.,1.,0.));
#11584=DIRECTION('ref_axis',(1.,0.,0.));
#11585=DIRECTION('center_axis',(0.,1.,0.));
#11586=DIRECTION('ref_axis',(1.,0.,0.));
#11587=DIRECTION('center_axis',(0.,1.,0.));
#11588=DIRECTION('ref_axis',(1.,0.,0.));
#11589=DIRECTION('center_axis',(0.,-1.,0.));
#11590=DIRECTION('ref_axis',(1.,0.,0.));
#11591=DIRECTION('center_axis',(0.,-1.,0.));
#11592=DIRECTION('ref_axis',(1.,0.,0.));
#11593=DIRECTION('',(0.,1.,0.));
#11594=DIRECTION('center_axis',(0.,1.,0.));
#11595=DIRECTION('ref_axis',(1.,0.,0.));
#11596=DIRECTION('center_axis',(0.,1.,0.));
#11597=DIRECTION('ref_axis',(1.,0.,0.));
#11598=DIRECTION('center_axis',(0.,1.,0.));
#11599=DIRECTION('ref_axis',(1.,0.,0.));
#11600=DIRECTION('center_axis',(0.408248290463863,-0.816496580927726,-0.408248290463863));
#11601=DIRECTION('ref_axis',(-0.577350269189625,-0.577350269189626,0.577350269189626));
#11602=DIRECTION('center_axis',(0.,-1.,0.));
#11603=DIRECTION('ref_axis',(-1.,0.,0.));
#11604=DIRECTION('center_axis',(0.,0.,1.));
#11605=DIRECTION('ref_axis',(0.,-1.,0.));
#11606=DIRECTION('center_axis',(-1.,0.,0.));
#11607=DIRECTION('ref_axis',(0.,0.,1.));
#11608=DIRECTION('center_axis',(-0.408248290463863,-0.816496580927726,-0.408248290463863));
#11609=DIRECTION('ref_axis',(0.577350269189625,-0.577350269189626,0.577350269189626));
#11610=DIRECTION('center_axis',(1.,0.,0.));
#11611=DIRECTION('ref_axis',(0.,-1.,0.));
#11612=DIRECTION('center_axis',(0.,0.,1.));
#11613=DIRECTION('ref_axis',(1.,0.,0.));
#11614=DIRECTION('center_axis',(0.,-1.,0.));
#11615=DIRECTION('ref_axis',(0.,0.,1.));
#11616=DIRECTION('center_axis',(0.408248290463863,-0.816496580927726,0.408248290463863));
#11617=DIRECTION('ref_axis',(-0.577350269189626,-0.577350269189626,-0.577350269189625));
#11618=DIRECTION('center_axis',(0.,0.,-1.));
#11619=DIRECTION('ref_axis',(-1.,0.,0.));
#11620=DIRECTION('center_axis',(0.,-1.,0.));
#11621=DIRECTION('ref_axis',(0.,0.,-1.));
#11622=DIRECTION('center_axis',(-1.,0.,0.));
#11623=DIRECTION('ref_axis',(0.,-1.,0.));
#11624=DIRECTION('center_axis',(-0.408248290463863,-0.816496580927726,0.408248290463863));
#11625=DIRECTION('ref_axis',(-0.577350269189625,0.577350269189626,0.577350269189626));
#11626=DIRECTION('center_axis',(-1.,0.,0.));
#11627=DIRECTION('ref_axis',(0.,1.,0.));
#11628=DIRECTION('center_axis',(0.,0.,1.));
#11629=DIRECTION('ref_axis',(-1.,0.,0.));
#11630=DIRECTION('center_axis',(0.,1.,0.));
#11631=DIRECTION('ref_axis',(0.,0.,1.));
#11632=DIRECTION('center_axis',(-0.408248290463863,-0.816496580927726,0.408248290463863));
#11633=DIRECTION('ref_axis',(0.577350269189626,-0.577350269189626,-0.577350269189625));
#11634=DIRECTION('center_axis',(0.,0.,-1.));
#11635=DIRECTION('ref_axis',(0.,-1.,0.));
#11636=DIRECTION('center_axis',(1.,0.,0.));
#11637=DIRECTION('ref_axis',(0.,0.,-1.));
#11638=DIRECTION('center_axis',(0.,-1.,0.));
#11639=DIRECTION('ref_axis',(1.,0.,0.));
#11640=DIRECTION('center_axis',(1.,0.,0.));
#11641=DIRECTION('ref_axis',(0.,-0.707106781186547,-0.707106781186547));
#11642=DIRECTION('',(-1.,0.,0.));
#11643=DIRECTION('',(1.,0.,0.));
#11644=DIRECTION('center_axis',(0.408248290463863,-0.816496580927726,0.408248290463863));
#11645=DIRECTION('ref_axis',(0.577350269189625,0.577350269189626,0.577350269189626));
#11646=DIRECTION('center_axis',(0.,1.,0.));
#11647=DIRECTION('ref_axis',(1.,0.,0.));
#11648=DIRECTION('center_axis',(0.,0.,1.));
#11649=DIRECTION('ref_axis',(0.,1.,0.));
#11650=DIRECTION('center_axis',(1.,0.,0.));
#11651=DIRECTION('ref_axis',(0.,0.,1.));
#11652=DIRECTION('center_axis',(-0.408248290463863,-0.816496580927726,-0.408248290463863));
#11653=DIRECTION('ref_axis',(-0.577350269189626,0.577350269189626,-0.577350269189625));
#11654=DIRECTION('center_axis',(-1.,0.,0.));
#11655=DIRECTION('ref_axis',(0.,0.,-1.));
#11656=DIRECTION('center_axis',(0.,1.,0.));
#11657=DIRECTION('ref_axis',(-1.,0.,0.));
#11658=DIRECTION('center_axis',(0.,0.,-1.));
#11659=DIRECTION('ref_axis',(0.,1.,0.));
#11660=DIRECTION('center_axis',(0.,-1.,0.));
#11661=DIRECTION('ref_axis',(-0.707106781186547,0.,-0.707106781186547));
#11662=DIRECTION('',(0.,1.,0.));
#11663=DIRECTION('',(0.,-1.,0.));
#11664=DIRECTION('center_axis',(0.,0.,1.));
#11665=DIRECTION('ref_axis',(-0.707106781186547,0.707106781186547,0.));
#11666=DIRECTION('',(0.,0.,-1.));
#11667=DIRECTION('',(0.,0.,1.));
#11668=DIRECTION('center_axis',(0.408248290463863,-0.816496580927726,-0.408248290463863));
#11669=DIRECTION('ref_axis',(0.577350269189626,0.577350269189626,-0.577350269189625));
#11670=DIRECTION('center_axis',(0.,0.,-1.));
#11671=DIRECTION('ref_axis',(1.,0.,0.));
#11672=DIRECTION('center_axis',(0.,1.,0.));
#11673=DIRECTION('ref_axis',(0.,0.,-1.));
#11674=DIRECTION('center_axis',(1.,0.,0.));
#11675=DIRECTION('ref_axis',(0.,1.,0.));
#11676=DIRECTION('center_axis',(0.,1.,0.));
#11677=DIRECTION('ref_axis',(0.707106781186547,0.,-0.707106781186547));
#11678=DIRECTION('',(0.,-1.,0.));
#11679=DIRECTION('',(0.,1.,0.));
#11680=DIRECTION('center_axis',(-1.,0.,0.));
#11681=DIRECTION('ref_axis',(0.,0.707106781186547,-0.707106781186547));
#11682=DIRECTION('',(1.,0.,0.));
#11683=DIRECTION('',(-1.,0.,0.));
#11684=DIRECTION('center_axis',(0.,0.,1.));
#11685=DIRECTION('ref_axis',(0.707106781186547,0.707106781186547,0.));
#11686=DIRECTION('',(0.,0.,-1.));
#11687=DIRECTION('',(0.,0.,1.));
#11688=DIRECTION('center_axis',(-1.,0.,0.));
#11689=DIRECTION('ref_axis',(0.,0.707106781186547,0.707106781186547));
#11690=DIRECTION('',(1.,0.,0.));
#11691=DIRECTION('',(-1.,0.,0.));
#11692=DIRECTION('center_axis',(0.,1.,0.));
#11693=DIRECTION('ref_axis',(0.707106781186547,0.,0.707106781186547));
#11694=DIRECTION('',(0.,-1.,0.));
#11695=DIRECTION('',(0.,1.,0.));
#11696=DIRECTION('center_axis',(0.,0.,1.));
#11697=DIRECTION('ref_axis',(0.707106781186547,-0.707106781186547,0.));
#11698=DIRECTION('',(0.,0.,-1.));
#11699=DIRECTION('',(0.,0.,1.));
#11700=DIRECTION('center_axis',(0.,-1.,0.));
#11701=DIRECTION('ref_axis',(-0.707106781186547,0.,0.707106781186547));
#11702=DIRECTION('',(0.,1.,0.));
#11703=DIRECTION('',(0.,-1.,0.));
#11704=DIRECTION('center_axis',(0.,0.,1.));
#11705=DIRECTION('ref_axis',(-0.707106781186547,-0.707106781186547,0.));
#11706=DIRECTION('',(0.,0.,-1.));
#11707=DIRECTION('',(0.,0.,1.));
#11708=DIRECTION('center_axis',(1.,0.,0.));
#11709=DIRECTION('ref_axis',(0.,-0.707106781186547,0.707106781186547));
#11710=DIRECTION('',(-1.,0.,0.));
#11711=DIRECTION('',(1.,0.,0.));
#11712=DIRECTION('center_axis',(0.,-1.,0.));
#11713=DIRECTION('ref_axis',(1.,0.,0.));
#11714=DIRECTION('center_axis',(0.,0.,1.));
#11715=DIRECTION('ref_axis',(1.,0.,0.));
#11716=DIRECTION('center_axis',(-1.,0.,0.));
#11717=DIRECTION('ref_axis',(0.,-1.,0.));
#11718=DIRECTION('center_axis',(0.,1.,0.));
#11719=DIRECTION('ref_axis',(-1.,0.,0.));
#11720=DIRECTION('center_axis',(1.,0.,0.));
#11721=DIRECTION('ref_axis',(0.,1.,0.));
#11722=DIRECTION('center_axis',(0.,0.,1.));
#11723=DIRECTION('ref_axis',(1.,0.,0.));
#11724=DIRECTION('center_axis',(0.,1.,0.));
#11725=DIRECTION('ref_axis',(-1.,0.,0.));
#11726=DIRECTION('',(-1.,0.,0.));
#11727=DIRECTION('',(0.,0.,1.));
#11728=DIRECTION('',(-1.,0.,0.));
#11729=DIRECTION('',(0.,0.,1.));
#11730=DIRECTION('center_axis',(1.,0.,0.));
#11731=DIRECTION('ref_axis',(0.,1.,0.));
#11732=DIRECTION('',(0.,1.,0.));
#11733=DIRECTION('',(0.,1.,0.));
#11734=DIRECTION('',(0.,0.,1.));
#11735=DIRECTION('center_axis',(0.,-1.,0.));
#11736=DIRECTION('ref_axis',(1.,0.,0.));
#11737=DIRECTION('',(1.,0.,0.));
#11738=DIRECTION('',(1.,0.,0.));
#11739=DIRECTION('',(0.,0.,1.));
#11740=DIRECTION('center_axis',(-1.,0.,0.));
#11741=DIRECTION('ref_axis',(0.,-1.,0.));
#11742=DIRECTION('',(0.,-1.,0.));
#11743=DIRECTION('',(0.,-1.,0.));
#11744=DIRECTION('center_axis',(0.,0.,1.));
#11745=DIRECTION('ref_axis',(1.,0.,0.));
#11746=DIRECTION('center_axis',(0.,0.,1.));
#11747=DIRECTION('ref_axis',(1.,0.,0.));
#11748=DIRECTION('center_axis',(0.,1.,0.));
#11749=DIRECTION('ref_axis',(-1.,0.,0.));
#11750=DIRECTION('',(-1.,0.,0.));
#11751=DIRECTION('',(0.,0.,1.));
#11752=DIRECTION('',(-1.,0.,0.));
#11753=DIRECTION('',(0.,0.,1.));
#11754=DIRECTION('center_axis',(1.,0.,0.));
#11755=DIRECTION('ref_axis',(0.,1.,0.));
#11756=DIRECTION('',(0.,1.,0.));
#11757=DIRECTION('',(0.,1.,0.));
#11758=DIRECTION('',(0.,0.,1.));
#11759=DIRECTION('center_axis',(0.,-1.,0.));
#11760=DIRECTION('ref_axis',(1.,0.,0.));
#11761=DIRECTION('',(1.,0.,0.));
#11762=DIRECTION('',(1.,0.,0.));
#11763=DIRECTION('',(0.,0.,1.));
#11764=DIRECTION('center_axis',(-1.,0.,0.));
#11765=DIRECTION('ref_axis',(0.,-1.,0.));
#11766=DIRECTION('',(0.,-1.,0.));
#11767=DIRECTION('',(0.,-1.,0.));
#11768=DIRECTION('center_axis',(0.,0.,1.));
#11769=DIRECTION('ref_axis',(1.,0.,0.));
#11770=DIRECTION('center_axis',(0.,0.,1.));
#11771=DIRECTION('ref_axis',(1.,0.,0.));
#11772=DIRECTION('center_axis',(0.,1.,0.));
#11773=DIRECTION('ref_axis',(-1.,0.,0.));
#11774=DIRECTION('',(-1.,0.,0.));
#11775=DIRECTION('',(0.,0.,1.));
#11776=DIRECTION('',(-1.,0.,0.));
#11777=DIRECTION('',(0.,0.,1.));
#11778=DIRECTION('center_axis',(1.,0.,0.));
#11779=DIRECTION('ref_axis',(0.,1.,0.));
#11780=DIRECTION('',(0.,1.,0.));
#11781=DIRECTION('',(0.,1.,0.));
#11782=DIRECTION('',(0.,0.,1.));
#11783=DIRECTION('center_axis',(0.,-1.,0.));
#11784=DIRECTION('ref_axis',(1.,0.,0.));
#11785=DIRECTION('',(1.,0.,0.));
#11786=DIRECTION('',(1.,0.,0.));
#11787=DIRECTION('',(0.,0.,1.));
#11788=DIRECTION('center_axis',(-1.,0.,0.));
#11789=DIRECTION('ref_axis',(0.,-1.,0.));
#11790=DIRECTION('',(0.,-1.,0.));
#11791=DIRECTION('',(0.,-1.,0.));
#11792=DIRECTION('center_axis',(0.,0.,1.));
#11793=DIRECTION('ref_axis',(1.,0.,0.));
#11794=DIRECTION('center_axis',(0.,0.,1.));
#11795=DIRECTION('ref_axis',(1.,0.,0.));
#11796=DIRECTION('center_axis',(0.,1.,0.));
#11797=DIRECTION('ref_axis',(-1.,0.,0.));
#11798=DIRECTION('',(-1.,0.,0.));
#11799=DIRECTION('',(0.,0.,1.));
#11800=DIRECTION('',(-1.,0.,0.));
#11801=DIRECTION('',(0.,0.,1.));
#11802=DIRECTION('center_axis',(1.,0.,0.));
#11803=DIRECTION('ref_axis',(0.,1.,0.));
#11804=DIRECTION('',(0.,1.,0.));
#11805=DIRECTION('',(0.,1.,0.));
#11806=DIRECTION('',(0.,0.,1.));
#11807=DIRECTION('center_axis',(0.,-1.,0.));
#11808=DIRECTION('ref_axis',(1.,0.,0.));
#11809=DIRECTION('',(1.,0.,0.));
#11810=DIRECTION('',(1.,0.,0.));
#11811=DIRECTION('',(0.,0.,1.));
#11812=DIRECTION('center_axis',(-1.,0.,0.));
#11813=DIRECTION('ref_axis',(0.,-1.,0.));
#11814=DIRECTION('',(0.,-1.,0.));
#11815=DIRECTION('',(0.,-1.,0.));
#11816=DIRECTION('center_axis',(0.,0.,1.));
#11817=DIRECTION('ref_axis',(1.,0.,0.));
#11818=DIRECTION('center_axis',(0.,0.,1.));
#11819=DIRECTION('ref_axis',(1.,0.,0.));
#11820=DIRECTION('center_axis',(0.,1.,0.));
#11821=DIRECTION('ref_axis',(-1.,0.,0.));
#11822=DIRECTION('',(-1.,0.,0.));
#11823=DIRECTION('',(0.,0.,1.));
#11824=DIRECTION('',(-1.,0.,0.));
#11825=DIRECTION('',(0.,0.,1.));
#11826=DIRECTION('center_axis',(1.,0.,0.));
#11827=DIRECTION('ref_axis',(0.,1.,0.));
#11828=DIRECTION('',(0.,1.,0.));
#11829=DIRECTION('',(0.,1.,0.));
#11830=DIRECTION('',(0.,0.,1.));
#11831=DIRECTION('center_axis',(0.,-1.,0.));
#11832=DIRECTION('ref_axis',(1.,0.,0.));
#11833=DIRECTION('',(1.,0.,0.));
#11834=DIRECTION('',(1.,0.,0.));
#11835=DIRECTION('',(0.,0.,1.));
#11836=DIRECTION('center_axis',(-1.,0.,0.));
#11837=DIRECTION('ref_axis',(0.,-1.,0.));
#11838=DIRECTION('',(0.,-1.,0.));
#11839=DIRECTION('',(0.,-1.,0.));
#11840=DIRECTION('center_axis',(0.,0.,1.));
#11841=DIRECTION('ref_axis',(1.,0.,0.));
#11842=DIRECTION('center_axis',(0.,0.,1.));
#11843=DIRECTION('ref_axis',(1.,0.,0.));
#11844=DIRECTION('center_axis',(0.408248290463863,-0.816496580927726,-0.408248290463863));
#11845=DIRECTION('ref_axis',(-0.577350269189625,-0.577350269189626,0.577350269189626));
#11846=DIRECTION('center_axis',(0.,-1.,0.));
#11847=DIRECTION('ref_axis',(-1.,0.,0.));
#11848=DIRECTION('center_axis',(0.,0.,1.));
#11849=DIRECTION('ref_axis',(0.,-1.,0.));
#11850=DIRECTION('center_axis',(-1.,0.,0.));
#11851=DIRECTION('ref_axis',(0.,0.,1.));
#11852=DIRECTION('center_axis',(-0.408248290463864,-0.816496580927725,-0.408248290463865));
#11853=DIRECTION('ref_axis',(0.577350269189624,-0.577350269189627,0.577350269189627));
#11854=DIRECTION('center_axis',(1.,0.,0.));
#11855=DIRECTION('ref_axis',(0.,-1.,0.));
#11856=DIRECTION('center_axis',(0.,0.,1.));
#11857=DIRECTION('ref_axis',(1.,0.,0.));
#11858=DIRECTION('center_axis',(0.,-1.,0.));
#11859=DIRECTION('ref_axis',(0.,0.,1.));
#11860=DIRECTION('center_axis',(-0.816496580927728,0.408248290463863,0.408248290463859));
#11861=DIRECTION('ref_axis',(-0.577350269189622,-0.57735026918963,-0.577350269189625));
#11862=DIRECTION('center_axis',(0.,0.,-1.));
#11863=DIRECTION('ref_axis',(-1.,0.,0.));
#11864=DIRECTION('center_axis',(5.9211894646675E-15,-1.,0.));
#11865=DIRECTION('ref_axis',(0.,0.,-1.));
#11866=DIRECTION('center_axis',(-1.,0.,-9.25185853854295E-17));
#11867=DIRECTION('ref_axis',(0.,-1.,0.));
#11868=DIRECTION('center_axis',(-0.408248290463864,-0.816496580927725,0.408248290463865));
#11869=DIRECTION('ref_axis',(-0.577350269189624,0.577350269189627,0.577350269189627));
#11870=DIRECTION('center_axis',(-1.,0.,0.));
#11871=DIRECTION('ref_axis',(0.,1.,0.));
#11872=DIRECTION('center_axis',(0.,0.,1.));
#11873=DIRECTION('ref_axis',(-1.,0.,0.));
#11874=DIRECTION('center_axis',(0.,1.,0.));
#11875=DIRECTION('ref_axis',(0.,0.,1.));
#11876=DIRECTION('center_axis',(-0.816496580927728,-0.408248290463863,-0.408248290463858));
#11877=DIRECTION('ref_axis',(0.577350269189622,-0.57735026918963,-0.577350269189625));
#11878=DIRECTION('center_axis',(0.,0.,-1.));
#11879=DIRECTION('ref_axis',(0.,-1.,0.));
#11880=DIRECTION('center_axis',(1.,0.,0.));
#11881=DIRECTION('ref_axis',(0.,0.,-1.));
#11882=DIRECTION('center_axis',(0.,-1.,-5.92118946466749E-15));
#11883=DIRECTION('ref_axis',(1.,0.,0.));
#11884=DIRECTION('center_axis',(1.,0.,0.));
#11885=DIRECTION('ref_axis',(0.,-0.707106781186552,-0.707106781186543));
#11886=DIRECTION('',(-1.,0.,0.));
#11887=DIRECTION('',(1.,0.,0.));
#11888=DIRECTION('center_axis',(0.408248290463863,-0.816496580927726,0.408248290463863));
#11889=DIRECTION('ref_axis',(0.577350269189625,0.577350269189626,0.577350269189626));
#11890=DIRECTION('center_axis',(0.,1.,0.));
#11891=DIRECTION('ref_axis',(1.,0.,0.));
#11892=DIRECTION('center_axis',(0.,0.,1.));
#11893=DIRECTION('ref_axis',(0.,1.,0.));
#11894=DIRECTION('center_axis',(1.,0.,0.));
#11895=DIRECTION('ref_axis',(0.,0.,1.));
#11896=DIRECTION('center_axis',(-0.408248290463861,-0.816496580927727,-0.408248290463864));
#11897=DIRECTION('ref_axis',(-0.577350269189627,0.577350269189623,-0.577350269189628));
#11898=DIRECTION('center_axis',(-1.,0.,0.));
#11899=DIRECTION('ref_axis',(0.,0.,-1.));
#11900=DIRECTION('center_axis',(0.,1.,-5.92118946466749E-15));
#11901=DIRECTION('ref_axis',(-1.,0.,0.));
#11902=DIRECTION('center_axis',(0.,0.,-1.));
#11903=DIRECTION('ref_axis',(0.,1.,0.));
#11904=DIRECTION('center_axis',(0.,-1.,0.));
#11905=DIRECTION('ref_axis',(-0.707106781186547,0.,-0.707106781186548));
#11906=DIRECTION('',(0.,1.,0.));
#11907=DIRECTION('',(0.,-1.,0.));
#11908=DIRECTION('center_axis',(0.,0.,1.));
#11909=DIRECTION('ref_axis',(-0.707106781186547,0.707106781186548,0.));
#11910=DIRECTION('',(0.,0.,-1.));
#11911=DIRECTION('',(0.,0.,1.));
#11912=DIRECTION('center_axis',(-0.816496580927728,0.408248290463863,-0.408248290463858));
#11913=DIRECTION('ref_axis',(0.577350269189622,0.57735026918963,-0.577350269189625));
#11914=DIRECTION('center_axis',(0.,0.,-1.));
#11915=DIRECTION('ref_axis',(1.,0.,0.));
#11916=DIRECTION('center_axis',(-5.9211894646675E-15,1.,0.));
#11917=DIRECTION('ref_axis',(0.,0.,-1.));
#11918=DIRECTION('center_axis',(1.,0.,0.));
#11919=DIRECTION('ref_axis',(0.,1.,0.));
#11920=DIRECTION('center_axis',(0.,1.,0.));
#11921=DIRECTION('ref_axis',(0.707106781186547,0.,-0.707106781186548));
#11922=DIRECTION('',(0.,-1.,0.));
#11923=DIRECTION('',(0.,1.,0.));
#11924=DIRECTION('center_axis',(-1.,0.,0.));
#11925=DIRECTION('ref_axis',(0.,0.707106781186552,-0.707106781186543));
#11926=DIRECTION('',(1.,0.,0.));
#11927=DIRECTION('',(-1.,0.,0.));
#11928=DIRECTION('center_axis',(0.,0.,1.));
#11929=DIRECTION('ref_axis',(0.707106781186547,0.707106781186548,0.));
#11930=DIRECTION('',(0.,0.,-1.));
#11931=DIRECTION('',(0.,0.,1.));
#11932=DIRECTION('center_axis',(-1.,0.,0.));
#11933=DIRECTION('ref_axis',(0.,0.707106781186548,0.707106781186548));
#11934=DIRECTION('',(1.,0.,0.));
#11935=DIRECTION('',(-1.,0.,0.));
#11936=DIRECTION('center_axis',(0.,1.,0.));
#11937=DIRECTION('ref_axis',(0.707106781186547,0.,0.707106781186548));
#11938=DIRECTION('',(0.,-1.,0.));
#11939=DIRECTION('',(0.,1.,0.));
#11940=DIRECTION('center_axis',(0.,0.,1.));
#11941=DIRECTION('ref_axis',(0.707106781186547,-0.707106781186548,0.));
#11942=DIRECTION('',(0.,0.,-1.));
#11943=DIRECTION('',(0.,0.,1.));
#11944=DIRECTION('center_axis',(0.,-1.,0.));
#11945=DIRECTION('ref_axis',(-0.707106781186547,0.,0.707106781186548));
#11946=DIRECTION('',(0.,1.,0.));
#11947=DIRECTION('',(0.,-1.,0.));
#11948=DIRECTION('center_axis',(0.,0.,1.));
#11949=DIRECTION('ref_axis',(-0.707106781186547,-0.707106781186548,0.));
#11950=DIRECTION('',(0.,0.,-1.));
#11951=DIRECTION('',(0.,0.,1.));
#11952=DIRECTION('center_axis',(1.,0.,0.));
#11953=DIRECTION('ref_axis',(0.,-0.707106781186548,0.707106781186548));
#11954=DIRECTION('',(-1.,0.,0.));
#11955=DIRECTION('',(1.,0.,0.));
#11956=DIRECTION('center_axis',(0.,-1.,0.));
#11957=DIRECTION('ref_axis',(1.,0.,0.));
#11958=DIRECTION('center_axis',(0.,0.,1.));
#11959=DIRECTION('ref_axis',(1.,0.,0.));
#11960=DIRECTION('center_axis',(-1.,0.,0.));
#11961=DIRECTION('ref_axis',(0.,-1.,0.));
#11962=DIRECTION('center_axis',(0.,1.,0.));
#11963=DIRECTION('ref_axis',(-1.,0.,0.));
#11964=DIRECTION('center_axis',(1.,0.,0.));
#11965=DIRECTION('ref_axis',(0.,1.,0.));
#11966=DIRECTION('center_axis',(0.,0.,1.));
#11967=DIRECTION('ref_axis',(1.,0.,0.));
#11968=DIRECTION('center_axis',(0.,1.,0.));
#11969=DIRECTION('ref_axis',(-1.,0.,0.));
#11970=DIRECTION('',(-1.,0.,0.));
#11971=DIRECTION('',(0.,0.,1.));
#11972=DIRECTION('',(-1.,0.,0.));
#11973=DIRECTION('',(0.,0.,1.));
#11974=DIRECTION('center_axis',(1.,0.,0.));
#11975=DIRECTION('ref_axis',(0.,1.,0.));
#11976=DIRECTION('',(0.,1.,0.));
#11977=DIRECTION('',(0.,1.,0.));
#11978=DIRECTION('',(0.,0.,1.));
#11979=DIRECTION('center_axis',(0.,-1.,0.));
#11980=DIRECTION('ref_axis',(1.,0.,0.));
#11981=DIRECTION('',(1.,0.,0.));
#11982=DIRECTION('',(1.,0.,0.));
#11983=DIRECTION('',(0.,0.,1.));
#11984=DIRECTION('center_axis',(-1.,0.,0.));
#11985=DIRECTION('ref_axis',(0.,-1.,0.));
#11986=DIRECTION('',(0.,-1.,0.));
#11987=DIRECTION('',(0.,-1.,0.));
#11988=DIRECTION('center_axis',(0.,0.,1.));
#11989=DIRECTION('ref_axis',(1.,0.,0.));
#11990=DIRECTION('center_axis',(0.,0.,1.));
#11991=DIRECTION('ref_axis',(1.,0.,0.));
#11992=DIRECTION('center_axis',(1.,0.,0.));
#11993=DIRECTION('ref_axis',(0.,0.,-1.));
#11994=DIRECTION('center_axis',(1.,0.,0.));
#11995=DIRECTION('ref_axis',(0.,0.,-1.));
#11996=DIRECTION('',(-1.,0.,0.));
#11997=DIRECTION('center_axis',(1.,0.,0.));
#11998=DIRECTION('ref_axis',(0.,0.,-1.));
#11999=DIRECTION('center_axis',(1.,0.,0.));
#12000=DIRECTION('ref_axis',(0.,0.,-1.));
#12001=DIRECTION('center_axis',(1.,0.,0.));
#12002=DIRECTION('ref_axis',(0.,0.,-1.));
#12003=DIRECTION('center_axis',(1.,0.,0.));
#12004=DIRECTION('ref_axis',(0.,0.,-1.));
#12005=DIRECTION('center_axis',(1.,0.,0.));
#12006=DIRECTION('ref_axis',(0.,0.,-1.));
#12007=DIRECTION('',(-1.,0.,0.));
#12008=DIRECTION('center_axis',(1.,0.,0.));
#12009=DIRECTION('ref_axis',(0.,0.,-1.));
#12010=DIRECTION('center_axis',(1.,0.,0.));
#12011=DIRECTION('ref_axis',(0.,0.,-1.));
#12012=DIRECTION('center_axis',(1.,0.,0.));
#12013=DIRECTION('ref_axis',(0.,0.,-1.));
#12014=DIRECTION('center_axis',(0.408248290463863,-0.816496580927726,-0.408248290463863));
#12015=DIRECTION('ref_axis',(-0.577350269189625,-0.577350269189626,0.577350269189626));
#12016=DIRECTION('center_axis',(0.,-1.,0.));
#12017=DIRECTION('ref_axis',(-1.,0.,0.));
#12018=DIRECTION('center_axis',(0.,0.,1.));
#12019=DIRECTION('ref_axis',(0.,-1.,0.));
#12020=DIRECTION('center_axis',(-1.,0.,0.));
#12021=DIRECTION('ref_axis',(0.,0.,1.));
#12022=DIRECTION('center_axis',(-0.408248290463864,-0.816496580927725,-0.408248290463865));
#12023=DIRECTION('ref_axis',(0.577350269189624,-0.577350269189627,0.577350269189627));
#12024=DIRECTION('center_axis',(1.,0.,0.));
#12025=DIRECTION('ref_axis',(0.,-1.,0.));
#12026=DIRECTION('center_axis',(0.,0.,1.));
#12027=DIRECTION('ref_axis',(1.,0.,0.));
#12028=DIRECTION('center_axis',(0.,-1.,0.));
#12029=DIRECTION('ref_axis',(0.,0.,1.));
#12030=DIRECTION('center_axis',(-0.816496580927728,0.408248290463863,0.408248290463859));
#12031=DIRECTION('ref_axis',(-0.577350269189622,-0.57735026918963,-0.577350269189625));
#12032=DIRECTION('center_axis',(0.,0.,-1.));
#12033=DIRECTION('ref_axis',(-1.,0.,0.));
#12034=DIRECTION('center_axis',(5.9211894646675E-15,-1.,0.));
#12035=DIRECTION('ref_axis',(0.,0.,-1.));
#12036=DIRECTION('center_axis',(-1.,0.,-9.25185853854295E-17));
#12037=DIRECTION('ref_axis',(0.,-1.,0.));
#12038=DIRECTION('center_axis',(-0.408248290463864,-0.816496580927725,0.408248290463865));
#12039=DIRECTION('ref_axis',(-0.577350269189624,0.577350269189627,0.577350269189627));
#12040=DIRECTION('center_axis',(-1.,0.,0.));
#12041=DIRECTION('ref_axis',(0.,1.,0.));
#12042=DIRECTION('center_axis',(0.,0.,1.));
#12043=DIRECTION('ref_axis',(-1.,0.,0.));
#12044=DIRECTION('center_axis',(0.,1.,0.));
#12045=DIRECTION('ref_axis',(0.,0.,1.));
#12046=DIRECTION('center_axis',(-0.816496580927728,-0.408248290463863,-0.408248290463858));
#12047=DIRECTION('ref_axis',(0.577350269189622,-0.57735026918963,-0.577350269189625));
#12048=DIRECTION('center_axis',(0.,0.,-1.));
#12049=DIRECTION('ref_axis',(0.,-1.,0.));
#12050=DIRECTION('center_axis',(1.,0.,0.));
#12051=DIRECTION('ref_axis',(0.,0.,-1.));
#12052=DIRECTION('center_axis',(0.,-1.,-5.92118946466749E-15));
#12053=DIRECTION('ref_axis',(1.,0.,0.));
#12054=DIRECTION('center_axis',(1.,0.,0.));
#12055=DIRECTION('ref_axis',(0.,-0.707106781186552,-0.707106781186543));
#12056=DIRECTION('',(-1.,0.,0.));
#12057=DIRECTION('',(1.,0.,0.));
#12058=DIRECTION('center_axis',(0.408248290463863,-0.816496580927726,0.408248290463863));
#12059=DIRECTION('ref_axis',(0.577350269189625,0.577350269189626,0.577350269189626));
#12060=DIRECTION('center_axis',(0.,1.,0.));
#12061=DIRECTION('ref_axis',(1.,0.,0.));
#12062=DIRECTION('center_axis',(0.,0.,1.));
#12063=DIRECTION('ref_axis',(0.,1.,0.));
#12064=DIRECTION('center_axis',(1.,0.,0.));
#12065=DIRECTION('ref_axis',(0.,0.,1.));
#12066=DIRECTION('center_axis',(-0.408248290463861,-0.816496580927727,-0.408248290463864));
#12067=DIRECTION('ref_axis',(-0.577350269189627,0.577350269189623,-0.577350269189628));
#12068=DIRECTION('center_axis',(-1.,0.,0.));
#12069=DIRECTION('ref_axis',(0.,0.,-1.));
#12070=DIRECTION('center_axis',(0.,1.,-5.92118946466749E-15));
#12071=DIRECTION('ref_axis',(-1.,0.,0.));
#12072=DIRECTION('center_axis',(0.,0.,-1.));
#12073=DIRECTION('ref_axis',(0.,1.,0.));
#12074=DIRECTION('center_axis',(0.,-1.,0.));
#12075=DIRECTION('ref_axis',(-0.707106781186547,0.,-0.707106781186548));
#12076=DIRECTION('',(0.,1.,0.));
#12077=DIRECTION('',(0.,-1.,0.));
#12078=DIRECTION('center_axis',(0.,0.,1.));
#12079=DIRECTION('ref_axis',(-0.707106781186547,0.707106781186548,0.));
#12080=DIRECTION('',(0.,0.,-1.));
#12081=DIRECTION('',(0.,0.,1.));
#12082=DIRECTION('center_axis',(-0.816496580927728,0.408248290463863,-0.408248290463858));
#12083=DIRECTION('ref_axis',(0.577350269189622,0.57735026918963,-0.577350269189625));
#12084=DIRECTION('center_axis',(0.,0.,-1.));
#12085=DIRECTION('ref_axis',(1.,0.,0.));
#12086=DIRECTION('center_axis',(-5.9211894646675E-15,1.,0.));
#12087=DIRECTION('ref_axis',(0.,0.,-1.));
#12088=DIRECTION('center_axis',(1.,0.,0.));
#12089=DIRECTION('ref_axis',(0.,1.,0.));
#12090=DIRECTION('center_axis',(0.,1.,0.));
#12091=DIRECTION('ref_axis',(0.707106781186547,0.,-0.707106781186548));
#12092=DIRECTION('',(0.,-1.,0.));
#12093=DIRECTION('',(0.,1.,0.));
#12094=DIRECTION('center_axis',(-1.,0.,0.));
#12095=DIRECTION('ref_axis',(0.,0.707106781186552,-0.707106781186543));
#12096=DIRECTION('',(1.,0.,0.));
#12097=DIRECTION('',(-1.,0.,0.));
#12098=DIRECTION('center_axis',(0.,0.,1.));
#12099=DIRECTION('ref_axis',(0.707106781186547,0.707106781186548,0.));
#12100=DIRECTION('',(0.,0.,-1.));
#12101=DIRECTION('',(0.,0.,1.));
#12102=DIRECTION('center_axis',(-1.,0.,0.));
#12103=DIRECTION('ref_axis',(0.,0.707106781186548,0.707106781186548));
#12104=DIRECTION('',(1.,0.,0.));
#12105=DIRECTION('',(-1.,0.,0.));
#12106=DIRECTION('center_axis',(0.,1.,0.));
#12107=DIRECTION('ref_axis',(0.707106781186547,0.,0.707106781186548));
#12108=DIRECTION('',(0.,-1.,0.));
#12109=DIRECTION('',(0.,1.,0.));
#12110=DIRECTION('center_axis',(0.,0.,1.));
#12111=DIRECTION('ref_axis',(0.707106781186547,-0.707106781186548,0.));
#12112=DIRECTION('',(0.,0.,-1.));
#12113=DIRECTION('',(0.,0.,1.));
#12114=DIRECTION('center_axis',(0.,-1.,0.));
#12115=DIRECTION('ref_axis',(-0.707106781186547,0.,0.707106781186548));
#12116=DIRECTION('',(0.,1.,0.));
#12117=DIRECTION('',(0.,-1.,0.));
#12118=DIRECTION('center_axis',(0.,0.,1.));
#12119=DIRECTION('ref_axis',(-0.707106781186547,-0.707106781186548,0.));
#12120=DIRECTION('',(0.,0.,-1.));
#12121=DIRECTION('',(0.,0.,1.));
#12122=DIRECTION('center_axis',(1.,0.,0.));
#12123=DIRECTION('ref_axis',(0.,-0.707106781186548,0.707106781186548));
#12124=DIRECTION('',(-1.,0.,0.));
#12125=DIRECTION('',(1.,0.,0.));
#12126=DIRECTION('center_axis',(0.,-1.,0.));
#12127=DIRECTION('ref_axis',(1.,0.,0.));
#12128=DIRECTION('center_axis',(0.,0.,1.));
#12129=DIRECTION('ref_axis',(1.,0.,0.));
#12130=DIRECTION('center_axis',(-1.,0.,0.));
#12131=DIRECTION('ref_axis',(0.,-1.,0.));
#12132=DIRECTION('center_axis',(0.,1.,0.));
#12133=DIRECTION('ref_axis',(-1.,0.,0.));
#12134=DIRECTION('center_axis',(1.,0.,0.));
#12135=DIRECTION('ref_axis',(0.,1.,0.));
#12136=DIRECTION('center_axis',(0.,0.,1.));
#12137=DIRECTION('ref_axis',(1.,0.,0.));
#12138=DIRECTION('center_axis',(0.,1.,0.));
#12139=DIRECTION('ref_axis',(-1.,0.,0.));
#12140=DIRECTION('',(-1.,0.,0.));
#12141=DIRECTION('',(0.,0.,1.));
#12142=DIRECTION('',(-1.,0.,0.));
#12143=DIRECTION('',(0.,0.,1.));
#12144=DIRECTION('center_axis',(1.,0.,0.));
#12145=DIRECTION('ref_axis',(0.,1.,0.));
#12146=DIRECTION('',(0.,1.,0.));
#12147=DIRECTION('',(0.,1.,0.));
#12148=DIRECTION('',(0.,0.,1.));
#12149=DIRECTION('center_axis',(0.,-1.,0.));
#12150=DIRECTION('ref_axis',(1.,0.,0.));
#12151=DIRECTION('',(1.,0.,0.));
#12152=DIRECTION('',(1.,0.,0.));
#12153=DIRECTION('',(0.,0.,1.));
#12154=DIRECTION('center_axis',(-1.,0.,0.));
#12155=DIRECTION('ref_axis',(0.,-1.,0.));
#12156=DIRECTION('',(0.,-1.,0.));
#12157=DIRECTION('',(0.,-1.,0.));
#12158=DIRECTION('center_axis',(0.,0.,1.));
#12159=DIRECTION('ref_axis',(1.,0.,0.));
#12160=DIRECTION('center_axis',(0.,0.,1.));
#12161=DIRECTION('ref_axis',(1.,0.,0.));
#12162=DIRECTION('center_axis',(1.,0.,0.));
#12163=DIRECTION('ref_axis',(0.,0.,-1.));
#12164=DIRECTION('center_axis',(1.,0.,0.));
#12165=DIRECTION('ref_axis',(0.,0.,-1.));
#12166=DIRECTION('',(-1.,0.,0.));
#12167=DIRECTION('center_axis',(1.,0.,0.));
#12168=DIRECTION('ref_axis',(0.,0.,-1.));
#12169=DIRECTION('center_axis',(1.,0.,0.));
#12170=DIRECTION('ref_axis',(0.,0.,-1.));
#12171=DIRECTION('center_axis',(1.,0.,0.));
#12172=DIRECTION('ref_axis',(0.,0.,-1.));
#12173=DIRECTION('center_axis',(1.,0.,0.));
#12174=DIRECTION('ref_axis',(0.,0.,-1.));
#12175=DIRECTION('center_axis',(1.,0.,0.));
#12176=DIRECTION('ref_axis',(0.,0.,-1.));
#12177=DIRECTION('',(-1.,0.,0.));
#12178=DIRECTION('center_axis',(1.,0.,0.));
#12179=DIRECTION('ref_axis',(0.,0.,-1.));
#12180=DIRECTION('center_axis',(1.,0.,0.));
#12181=DIRECTION('ref_axis',(0.,0.,-1.));
#12182=DIRECTION('center_axis',(1.,0.,0.));
#12183=DIRECTION('ref_axis',(0.,0.,-1.));
#12184=DIRECTION('center_axis',(0.,1.,0.));
#12185=DIRECTION('ref_axis',(-1.,0.,0.));
#12186=DIRECTION('',(-1.,0.,0.));
#12187=DIRECTION('',(0.,0.,1.));
#12188=DIRECTION('',(-1.,0.,0.));
#12189=DIRECTION('',(0.,0.,1.));
#12190=DIRECTION('center_axis',(1.,0.,0.));
#12191=DIRECTION('ref_axis',(0.,1.,0.));
#12192=DIRECTION('',(0.,1.,0.));
#12193=DIRECTION('',(0.,1.,0.));
#12194=DIRECTION('',(0.,0.,1.));
#12195=DIRECTION('center_axis',(0.,-1.,0.));
#12196=DIRECTION('ref_axis',(1.,0.,0.));
#12197=DIRECTION('',(1.,0.,0.));
#12198=DIRECTION('',(1.,0.,0.));
#12199=DIRECTION('',(0.,0.,1.));
#12200=DIRECTION('center_axis',(-1.,0.,0.));
#12201=DIRECTION('ref_axis',(0.,-1.,0.));
#12202=DIRECTION('',(0.,-1.,0.));
#12203=DIRECTION('',(0.,-1.,0.));
#12204=DIRECTION('center_axis',(0.,0.,1.));
#12205=DIRECTION('ref_axis',(1.,0.,0.));
#12206=DIRECTION('center_axis',(0.,0.,1.));
#12207=DIRECTION('ref_axis',(1.,0.,0.));
#12208=DIRECTION('center_axis',(0.,1.,0.));
#12209=DIRECTION('ref_axis',(-1.,0.,0.));
#12210=DIRECTION('',(-1.,0.,0.));
#12211=DIRECTION('',(0.,0.,1.));
#12212=DIRECTION('',(-1.,0.,0.));
#12213=DIRECTION('',(0.,0.,1.));
#12214=DIRECTION('center_axis',(1.,0.,0.));
#12215=DIRECTION('ref_axis',(0.,1.,0.));
#12216=DIRECTION('',(0.,1.,0.));
#12217=DIRECTION('',(0.,1.,0.));
#12218=DIRECTION('',(0.,0.,1.));
#12219=DIRECTION('center_axis',(0.,-1.,0.));
#12220=DIRECTION('ref_axis',(1.,0.,0.));
#12221=DIRECTION('',(1.,0.,0.));
#12222=DIRECTION('',(1.,0.,0.));
#12223=DIRECTION('',(0.,0.,1.));
#12224=DIRECTION('center_axis',(-1.,0.,0.));
#12225=DIRECTION('ref_axis',(0.,-1.,0.));
#12226=DIRECTION('',(0.,-1.,0.));
#12227=DIRECTION('',(0.,-1.,0.));
#12228=DIRECTION('center_axis',(0.,0.,1.));
#12229=DIRECTION('ref_axis',(1.,0.,0.));
#12230=DIRECTION('center_axis',(0.,0.,1.));
#12231=DIRECTION('ref_axis',(1.,0.,0.));
#12232=DIRECTION('center_axis',(1.,0.,0.));
#12233=DIRECTION('ref_axis',(0.,0.,-1.));
#12234=DIRECTION('center_axis',(1.,0.,0.));
#12235=DIRECTION('ref_axis',(0.,0.,-1.));
#12236=DIRECTION('',(-1.,0.,0.));
#12237=DIRECTION('center_axis',(1.,0.,0.));
#12238=DIRECTION('ref_axis',(0.,0.,-1.));
#12239=DIRECTION('center_axis',(1.,0.,0.));
#12240=DIRECTION('ref_axis',(0.,0.,-1.));
#12241=DIRECTION('center_axis',(1.,0.,0.));
#12242=DIRECTION('ref_axis',(0.,0.,-1.));
#12243=DIRECTION('center_axis',(0.408248290463861,-0.816496580927727,-0.408248290463863));
#12244=DIRECTION('ref_axis',(-0.577350269189628,-0.577350269189625,0.577350269189625));
#12245=DIRECTION('center_axis',(0.,-1.,0.));
#12246=DIRECTION('ref_axis',(-1.,0.,0.));
#12247=DIRECTION('center_axis',(0.,0.,1.));
#12248=DIRECTION('ref_axis',(0.,-1.,0.));
#12249=DIRECTION('center_axis',(-1.,0.,0.));
#12250=DIRECTION('ref_axis',(0.,0.,1.));
#12251=DIRECTION('center_axis',(-0.408248290463861,-0.816496580927727,-0.408248290463863));
#12252=DIRECTION('ref_axis',(0.577350269189628,-0.577350269189625,0.577350269189625));
#12253=DIRECTION('center_axis',(1.,0.,0.));
#12254=DIRECTION('ref_axis',(0.,-1.,0.));
#12255=DIRECTION('center_axis',(0.,0.,1.));
#12256=DIRECTION('ref_axis',(1.,0.,0.));
#12257=DIRECTION('center_axis',(0.,-1.,0.));
#12258=DIRECTION('ref_axis',(0.,0.,1.));
#12259=DIRECTION('center_axis',(0.408248290463861,-0.816496580927727,0.408248290463863));
#12260=DIRECTION('ref_axis',(-0.577350269189628,-0.577350269189625,-0.577350269189625));
#12261=DIRECTION('center_axis',(0.,0.,-1.));
#12262=DIRECTION('ref_axis',(-1.,0.,0.));
#12263=DIRECTION('center_axis',(0.,-1.,0.));
#12264=DIRECTION('ref_axis',(0.,0.,-1.));
#12265=DIRECTION('center_axis',(-1.,0.,0.));
#12266=DIRECTION('ref_axis',(0.,-1.,0.));
#12267=DIRECTION('center_axis',(-0.408248290463861,-0.816496580927727,0.408248290463863));
#12268=DIRECTION('ref_axis',(-0.577350269189628,0.577350269189625,0.577350269189625));
#12269=DIRECTION('center_axis',(-1.,0.,0.));
#12270=DIRECTION('ref_axis',(0.,1.,0.));
#12271=DIRECTION('center_axis',(0.,0.,1.));
#12272=DIRECTION('ref_axis',(-1.,0.,0.));
#12273=DIRECTION('center_axis',(0.,1.,0.));
#12274=DIRECTION('ref_axis',(0.,0.,1.));
#12275=DIRECTION('center_axis',(-0.408248290463861,-0.816496580927727,0.408248290463863));
#12276=DIRECTION('ref_axis',(0.577350269189628,-0.577350269189625,-0.577350269189625));
#12277=DIRECTION('center_axis',(0.,0.,-1.));
#12278=DIRECTION('ref_axis',(0.,-1.,0.));
#12279=DIRECTION('center_axis',(1.,0.,0.));
#12280=DIRECTION('ref_axis',(0.,0.,-1.));
#12281=DIRECTION('center_axis',(0.,-1.,0.));
#12282=DIRECTION('ref_axis',(1.,0.,0.));
#12283=DIRECTION('center_axis',(1.,0.,0.));
#12284=DIRECTION('ref_axis',(0.,-0.707106781186548,-0.707106781186548));
#12285=DIRECTION('',(-1.,0.,0.));
#12286=DIRECTION('',(1.,0.,0.));
#12287=DIRECTION('center_axis',(0.408248290463861,-0.816496580927727,0.408248290463863));
#12288=DIRECTION('ref_axis',(0.577350269189628,0.577350269189625,0.577350269189625));
#12289=DIRECTION('center_axis',(0.,1.,0.));
#12290=DIRECTION('ref_axis',(1.,0.,0.));
#12291=DIRECTION('center_axis',(0.,0.,1.));
#12292=DIRECTION('ref_axis',(0.,1.,0.));
#12293=DIRECTION('center_axis',(1.,0.,0.));
#12294=DIRECTION('ref_axis',(0.,0.,1.));
#12295=DIRECTION('center_axis',(-0.408248290463861,-0.816496580927727,-0.408248290463863));
#12296=DIRECTION('ref_axis',(-0.577350269189628,0.577350269189625,-0.577350269189625));
#12297=DIRECTION('center_axis',(-1.,0.,0.));
#12298=DIRECTION('ref_axis',(0.,0.,-1.));
#12299=DIRECTION('center_axis',(0.,1.,0.));
#12300=DIRECTION('ref_axis',(-1.,0.,0.));
#12301=DIRECTION('center_axis',(0.,0.,-1.));
#12302=DIRECTION('ref_axis',(0.,1.,0.));
#12303=DIRECTION('center_axis',(0.,-1.,0.));
#12304=DIRECTION('ref_axis',(-0.707106781186548,0.,-0.707106781186548));
#12305=DIRECTION('',(0.,1.,0.));
#12306=DIRECTION('',(0.,-1.,0.));
#12307=DIRECTION('center_axis',(0.,0.,1.));
#12308=DIRECTION('ref_axis',(-0.707106781186548,0.707106781186548,0.));
#12309=DIRECTION('',(0.,0.,-1.));
#12310=DIRECTION('',(0.,0.,1.));
#12311=DIRECTION('center_axis',(0.408248290463861,-0.816496580927727,-0.408248290463863));
#12312=DIRECTION('ref_axis',(0.577350269189628,0.577350269189625,-0.577350269189625));
#12313=DIRECTION('center_axis',(0.,0.,-1.));
#12314=DIRECTION('ref_axis',(1.,0.,0.));
#12315=DIRECTION('center_axis',(0.,1.,0.));
#12316=DIRECTION('ref_axis',(0.,0.,-1.));
#12317=DIRECTION('center_axis',(1.,0.,0.));
#12318=DIRECTION('ref_axis',(0.,1.,0.));
#12319=DIRECTION('center_axis',(0.,1.,0.));
#12320=DIRECTION('ref_axis',(0.707106781186548,0.,-0.707106781186548));
#12321=DIRECTION('',(0.,-1.,0.));
#12322=DIRECTION('',(0.,1.,0.));
#12323=DIRECTION('center_axis',(-1.,0.,0.));
#12324=DIRECTION('ref_axis',(0.,0.707106781186548,-0.707106781186548));
#12325=DIRECTION('',(1.,0.,0.));
#12326=DIRECTION('',(-1.,0.,0.));
#12327=DIRECTION('center_axis',(0.,0.,1.));
#12328=DIRECTION('ref_axis',(0.707106781186548,0.707106781186548,0.));
#12329=DIRECTION('',(0.,0.,-1.));
#12330=DIRECTION('',(0.,0.,1.));
#12331=DIRECTION('center_axis',(-1.,0.,0.));
#12332=DIRECTION('ref_axis',(0.,0.707106781186548,0.707106781186548));
#12333=DIRECTION('',(1.,0.,0.));
#12334=DIRECTION('',(-1.,0.,0.));
#12335=DIRECTION('center_axis',(0.,1.,0.));
#12336=DIRECTION('ref_axis',(0.707106781186548,0.,0.707106781186548));
#12337=DIRECTION('',(0.,-1.,0.));
#12338=DIRECTION('',(0.,1.,0.));
#12339=DIRECTION('center_axis',(0.,0.,1.));
#12340=DIRECTION('ref_axis',(0.707106781186548,-0.707106781186548,0.));
#12341=DIRECTION('',(0.,0.,-1.));
#12342=DIRECTION('',(0.,0.,1.));
#12343=DIRECTION('center_axis',(0.,-1.,0.));
#12344=DIRECTION('ref_axis',(-0.707106781186548,0.,0.707106781186548));
#12345=DIRECTION('',(0.,1.,0.));
#12346=DIRECTION('',(0.,-1.,0.));
#12347=DIRECTION('center_axis',(0.,0.,1.));
#12348=DIRECTION('ref_axis',(-0.707106781186548,-0.707106781186548,0.));
#12349=DIRECTION('',(0.,0.,-1.));
#12350=DIRECTION('',(0.,0.,1.));
#12351=DIRECTION('center_axis',(1.,0.,0.));
#12352=DIRECTION('ref_axis',(0.,-0.707106781186548,0.707106781186548));
#12353=DIRECTION('',(-1.,0.,0.));
#12354=DIRECTION('',(1.,0.,0.));
#12355=DIRECTION('center_axis',(0.,-1.,0.));
#12356=DIRECTION('ref_axis',(1.,0.,0.));
#12357=DIRECTION('center_axis',(0.,0.,1.));
#12358=DIRECTION('ref_axis',(1.,0.,0.));
#12359=DIRECTION('center_axis',(-1.,0.,0.));
#12360=DIRECTION('ref_axis',(0.,-1.,0.));
#12361=DIRECTION('center_axis',(0.,1.,0.));
#12362=DIRECTION('ref_axis',(-1.,0.,0.));
#12363=DIRECTION('center_axis',(1.,0.,0.));
#12364=DIRECTION('ref_axis',(0.,1.,0.));
#12365=DIRECTION('center_axis',(0.,0.,1.));
#12366=DIRECTION('ref_axis',(1.,0.,0.));
#12367=DIRECTION('center_axis',(0.,1.,0.));
#12368=DIRECTION('ref_axis',(-1.,0.,0.));
#12369=DIRECTION('',(-1.,0.,0.));
#12370=DIRECTION('',(0.,0.,1.));
#12371=DIRECTION('',(-1.,0.,0.));
#12372=DIRECTION('',(0.,0.,1.));
#12373=DIRECTION('center_axis',(1.,0.,0.));
#12374=DIRECTION('ref_axis',(0.,1.,0.));
#12375=DIRECTION('',(0.,1.,0.));
#12376=DIRECTION('',(0.,1.,0.));
#12377=DIRECTION('',(0.,0.,1.));
#12378=DIRECTION('center_axis',(0.,-1.,0.));
#12379=DIRECTION('ref_axis',(1.,0.,0.));
#12380=DIRECTION('',(1.,0.,0.));
#12381=DIRECTION('',(1.,0.,0.));
#12382=DIRECTION('',(0.,0.,1.));
#12383=DIRECTION('center_axis',(-1.,0.,0.));
#12384=DIRECTION('ref_axis',(0.,-1.,0.));
#12385=DIRECTION('',(0.,-1.,0.));
#12386=DIRECTION('',(0.,-1.,0.));
#12387=DIRECTION('center_axis',(0.,0.,1.));
#12388=DIRECTION('ref_axis',(1.,0.,0.));
#12389=DIRECTION('center_axis',(0.,0.,1.));
#12390=DIRECTION('ref_axis',(1.,0.,0.));
#12391=DIRECTION('center_axis',(0.,1.,0.));
#12392=DIRECTION('ref_axis',(-1.,0.,0.));
#12393=DIRECTION('',(-1.,0.,0.));
#12394=DIRECTION('',(0.,0.,1.));
#12395=DIRECTION('',(-1.,0.,0.));
#12396=DIRECTION('',(0.,0.,1.));
#12397=DIRECTION('center_axis',(1.,0.,0.));
#12398=DIRECTION('ref_axis',(0.,1.,0.));
#12399=DIRECTION('',(0.,1.,0.));
#12400=DIRECTION('',(0.,1.,0.));
#12401=DIRECTION('',(0.,0.,1.));
#12402=DIRECTION('center_axis',(0.,-1.,0.));
#12403=DIRECTION('ref_axis',(1.,0.,0.));
#12404=DIRECTION('',(1.,0.,0.));
#12405=DIRECTION('',(1.,0.,0.));
#12406=DIRECTION('',(0.,0.,1.));
#12407=DIRECTION('center_axis',(-1.,0.,0.));
#12408=DIRECTION('ref_axis',(0.,-1.,0.));
#12409=DIRECTION('',(0.,-1.,0.));
#12410=DIRECTION('',(0.,-1.,0.));
#12411=DIRECTION('center_axis',(0.,0.,1.));
#12412=DIRECTION('ref_axis',(1.,0.,0.));
#12413=DIRECTION('center_axis',(0.,0.,1.));
#12414=DIRECTION('ref_axis',(1.,0.,0.));
#12415=DIRECTION('center_axis',(0.408248290463864,-0.816496580927729,-0.408248290463857));
#12416=DIRECTION('ref_axis',(-0.577350269189627,-0.577350269189623,0.577350269189627));
#12417=DIRECTION('center_axis',(0.,-1.,0.));
#12418=DIRECTION('ref_axis',(-1.,0.,0.));
#12419=DIRECTION('center_axis',(0.,0.,1.));
#12420=DIRECTION('ref_axis',(0.,-1.,0.));
#12421=DIRECTION('center_axis',(-1.,0.,0.));
#12422=DIRECTION('ref_axis',(0.,0.,1.));
#12423=DIRECTION('center_axis',(-0.408248290463858,-0.816496580927731,-0.408248290463858));
#12424=DIRECTION('ref_axis',(0.577350269189627,-0.577350269189623,0.577350269189627));
#12425=DIRECTION('center_axis',(1.,0.,0.));
#12426=DIRECTION('ref_axis',(0.,-1.,0.));
#12427=DIRECTION('center_axis',(0.,0.,1.));
#12428=DIRECTION('ref_axis',(1.,0.,0.));
#12429=DIRECTION('center_axis',(0.,-1.,0.));
#12430=DIRECTION('ref_axis',(0.,0.,1.));
#12431=DIRECTION('center_axis',(0.408248290463864,-0.816496580927729,0.408248290463857));
#12432=DIRECTION('ref_axis',(-0.577350269189627,-0.577350269189623,-0.577350269189627));
#12433=DIRECTION('center_axis',(0.,0.,-1.));
#12434=DIRECTION('ref_axis',(-1.,0.,0.));
#12435=DIRECTION('center_axis',(0.,-1.,0.));
#12436=DIRECTION('ref_axis',(0.,0.,-1.));
#12437=DIRECTION('center_axis',(-1.,0.,0.));
#12438=DIRECTION('ref_axis',(0.,-1.,0.));
#12439=DIRECTION('center_axis',(-0.408248290463864,-0.816496580927729,0.408248290463857));
#12440=DIRECTION('ref_axis',(-0.577350269189627,0.577350269189623,0.577350269189627));
#12441=DIRECTION('center_axis',(-1.,0.,0.));
#12442=DIRECTION('ref_axis',(0.,1.,0.));
#12443=DIRECTION('center_axis',(0.,0.,1.));
#12444=DIRECTION('ref_axis',(-1.,0.,0.));
#12445=DIRECTION('center_axis',(0.,1.,0.));
#12446=DIRECTION('ref_axis',(0.,0.,1.));
#12447=DIRECTION('center_axis',(-0.408248290463858,-0.816496580927731,0.408248290463858));
#12448=DIRECTION('ref_axis',(0.577350269189627,-0.577350269189623,-0.577350269189627));
#12449=DIRECTION('center_axis',(0.,0.,-1.));
#12450=DIRECTION('ref_axis',(0.,-1.,0.));
#12451=DIRECTION('center_axis',(1.,0.,0.));
#12452=DIRECTION('ref_axis',(0.,0.,-1.));
#12453=DIRECTION('center_axis',(0.,-1.,0.));
#12454=DIRECTION('ref_axis',(1.,0.,0.));
#12455=DIRECTION('center_axis',(1.,0.,0.));
#12456=DIRECTION('ref_axis',(0.,-0.707106781186547,-0.707106781186547));
#12457=DIRECTION('',(-1.,0.,0.));
#12458=DIRECTION('',(1.,0.,0.));
#12459=DIRECTION('center_axis',(0.408248290463858,-0.816496580927731,0.408248290463858));
#12460=DIRECTION('ref_axis',(0.577350269189627,0.577350269189623,0.577350269189627));
#12461=DIRECTION('center_axis',(0.,1.,0.));
#12462=DIRECTION('ref_axis',(1.,0.,0.));
#12463=DIRECTION('center_axis',(0.,0.,1.));
#12464=DIRECTION('ref_axis',(0.,1.,0.));
#12465=DIRECTION('center_axis',(1.,0.,0.));
#12466=DIRECTION('ref_axis',(0.,0.,1.));
#12467=DIRECTION('center_axis',(-0.408248290463864,-0.816496580927729,-0.408248290463857));
#12468=DIRECTION('ref_axis',(-0.577350269189627,0.577350269189623,-0.577350269189627));
#12469=DIRECTION('center_axis',(-1.,0.,0.));
#12470=DIRECTION('ref_axis',(0.,0.,-1.));
#12471=DIRECTION('center_axis',(0.,1.,0.));
#12472=DIRECTION('ref_axis',(-1.,0.,0.));
#12473=DIRECTION('center_axis',(0.,0.,-1.));
#12474=DIRECTION('ref_axis',(0.,1.,0.));
#12475=DIRECTION('center_axis',(0.,-1.,0.));
#12476=DIRECTION('ref_axis',(-0.707106781186547,0.,-0.707106781186547));
#12477=DIRECTION('',(0.,1.,0.));
#12478=DIRECTION('',(0.,-1.,0.));
#12479=DIRECTION('center_axis',(0.,0.,1.));
#12480=DIRECTION('ref_axis',(-0.707106781186547,0.707106781186547,0.));
#12481=DIRECTION('',(0.,0.,-1.));
#12482=DIRECTION('',(0.,0.,1.));
#12483=DIRECTION('center_axis',(0.408248290463858,-0.816496580927731,-0.408248290463858));
#12484=DIRECTION('ref_axis',(0.577350269189627,0.577350269189623,-0.577350269189627));
#12485=DIRECTION('center_axis',(0.,0.,-1.));
#12486=DIRECTION('ref_axis',(1.,0.,0.));
#12487=DIRECTION('center_axis',(0.,1.,0.));
#12488=DIRECTION('ref_axis',(0.,0.,-1.));
#12489=DIRECTION('center_axis',(1.,0.,0.));
#12490=DIRECTION('ref_axis',(0.,1.,0.));
#12491=DIRECTION('center_axis',(0.,1.,0.));
#12492=DIRECTION('ref_axis',(0.707106781186547,0.,-0.707106781186547));
#12493=DIRECTION('',(0.,-1.,0.));
#12494=DIRECTION('',(0.,1.,0.));
#12495=DIRECTION('center_axis',(-1.,0.,0.));
#12496=DIRECTION('ref_axis',(0.,0.707106781186547,-0.707106781186547));
#12497=DIRECTION('',(1.,0.,0.));
#12498=DIRECTION('',(-1.,0.,0.));
#12499=DIRECTION('center_axis',(0.,0.,1.));
#12500=DIRECTION('ref_axis',(0.707106781186547,0.707106781186547,0.));
#12501=DIRECTION('',(0.,0.,-1.));
#12502=DIRECTION('',(0.,0.,1.));
#12503=DIRECTION('center_axis',(-1.,0.,0.));
#12504=DIRECTION('ref_axis',(0.,0.707106781186547,0.707106781186547));
#12505=DIRECTION('',(1.,0.,0.));
#12506=DIRECTION('',(-1.,0.,0.));
#12507=DIRECTION('center_axis',(0.,1.,0.));
#12508=DIRECTION('ref_axis',(0.707106781186547,0.,0.707106781186547));
#12509=DIRECTION('',(0.,-1.,0.));
#12510=DIRECTION('',(0.,1.,0.));
#12511=DIRECTION('center_axis',(0.,0.,1.));
#12512=DIRECTION('ref_axis',(0.707106781186547,-0.707106781186547,0.));
#12513=DIRECTION('',(0.,0.,-1.));
#12514=DIRECTION('',(0.,0.,1.));
#12515=DIRECTION('center_axis',(0.,-1.,0.));
#12516=DIRECTION('ref_axis',(-0.707106781186547,0.,0.707106781186547));
#12517=DIRECTION('',(0.,1.,0.));
#12518=DIRECTION('',(0.,-1.,0.));
#12519=DIRECTION('center_axis',(0.,0.,1.));
#12520=DIRECTION('ref_axis',(-0.707106781186547,-0.707106781186547,0.));
#12521=DIRECTION('',(0.,0.,-1.));
#12522=DIRECTION('',(0.,0.,1.));
#12523=DIRECTION('center_axis',(1.,0.,0.));
#12524=DIRECTION('ref_axis',(0.,-0.707106781186547,0.707106781186547));
#12525=DIRECTION('',(-1.,0.,0.));
#12526=DIRECTION('',(1.,0.,0.));
#12527=DIRECTION('center_axis',(0.,-1.,0.));
#12528=DIRECTION('ref_axis',(1.,0.,0.));
#12529=DIRECTION('center_axis',(0.,0.,1.));
#12530=DIRECTION('ref_axis',(1.,0.,0.));
#12531=DIRECTION('center_axis',(-1.,0.,0.));
#12532=DIRECTION('ref_axis',(0.,-1.,0.));
#12533=DIRECTION('center_axis',(0.,1.,0.));
#12534=DIRECTION('ref_axis',(-1.,0.,0.));
#12535=DIRECTION('center_axis',(1.,0.,0.));
#12536=DIRECTION('ref_axis',(0.,1.,0.));
#12537=DIRECTION('center_axis',(0.,0.,1.));
#12538=DIRECTION('ref_axis',(1.,0.,0.));
#12539=DIRECTION('center_axis',(0.,1.,0.));
#12540=DIRECTION('ref_axis',(-1.,0.,0.));
#12541=DIRECTION('',(-1.,0.,0.));
#12542=DIRECTION('',(0.,0.,1.));
#12543=DIRECTION('',(-1.,0.,0.));
#12544=DIRECTION('',(0.,0.,1.));
#12545=DIRECTION('center_axis',(1.,0.,0.));
#12546=DIRECTION('ref_axis',(0.,1.,0.));
#12547=DIRECTION('',(0.,1.,0.));
#12548=DIRECTION('',(0.,1.,0.));
#12549=DIRECTION('',(0.,0.,1.));
#12550=DIRECTION('center_axis',(0.,-1.,0.));
#12551=DIRECTION('ref_axis',(1.,0.,0.));
#12552=DIRECTION('',(1.,0.,0.));
#12553=DIRECTION('',(1.,0.,0.));
#12554=DIRECTION('',(0.,0.,1.));
#12555=DIRECTION('center_axis',(-1.,0.,0.));
#12556=DIRECTION('ref_axis',(0.,-1.,0.));
#12557=DIRECTION('',(0.,-1.,0.));
#12558=DIRECTION('',(0.,-1.,0.));
#12559=DIRECTION('center_axis',(0.,0.,1.));
#12560=DIRECTION('ref_axis',(1.,0.,0.));
#12561=DIRECTION('center_axis',(0.,0.,1.));
#12562=DIRECTION('ref_axis',(1.,0.,0.));
#12563=DIRECTION('center_axis',(0.,0.,1.));
#12564=DIRECTION('ref_axis',(1.,0.,0.));
#12565=DIRECTION('center_axis',(0.,0.,1.));
#12566=DIRECTION('ref_axis',(1.,0.,0.));
#12567=DIRECTION('',(0.,0.,-1.));
#12568=DIRECTION('center_axis',(0.,0.,1.));
#12569=DIRECTION('ref_axis',(1.,0.,0.));
#12570=DIRECTION('center_axis',(0.,0.,1.));
#12571=DIRECTION('ref_axis',(1.,0.,0.));
#12572=DIRECTION('center_axis',(0.,0.,1.));
#12573=DIRECTION('ref_axis',(1.,0.,0.));
#12574=DIRECTION('center_axis',(0.,0.,1.));
#12575=DIRECTION('ref_axis',(1.,0.,0.));
#12576=DIRECTION('center_axis',(0.,0.,1.));
#12577=DIRECTION('ref_axis',(1.,0.,0.));
#12578=DIRECTION('',(0.,0.,-1.));
#12579=DIRECTION('center_axis',(0.,0.,1.));
#12580=DIRECTION('ref_axis',(1.,0.,0.));
#12581=DIRECTION('center_axis',(0.,0.,1.));
#12582=DIRECTION('ref_axis',(1.,0.,0.));
#12583=DIRECTION('center_axis',(0.,0.,1.));
#12584=DIRECTION('ref_axis',(1.,0.,0.));
#12585=DIRECTION('center_axis',(0.,0.,1.));
#12586=DIRECTION('ref_axis',(1.,0.,0.));
#12587=DIRECTION('center_axis',(0.,0.,1.));
#12588=DIRECTION('ref_axis',(1.,0.,0.));
#12589=DIRECTION('',(0.,0.,-1.));
#12590=DIRECTION('center_axis',(0.,0.,1.));
#12591=DIRECTION('ref_axis',(1.,0.,0.));
#12592=DIRECTION('center_axis',(0.,0.,1.));
#12593=DIRECTION('ref_axis',(1.,0.,0.));
#12594=DIRECTION('center_axis',(0.,0.,1.));
#12595=DIRECTION('ref_axis',(1.,0.,0.));
#12596=DIRECTION('center_axis',(0.,1.,0.));
#12597=DIRECTION('ref_axis',(-1.,0.,0.));
#12598=DIRECTION('',(-1.,0.,0.));
#12599=DIRECTION('',(0.,0.,1.));
#12600=DIRECTION('',(-1.,0.,0.));
#12601=DIRECTION('',(0.,0.,1.));
#12602=DIRECTION('center_axis',(1.,0.,0.));
#12603=DIRECTION('ref_axis',(0.,1.,0.));
#12604=DIRECTION('',(0.,1.,0.));
#12605=DIRECTION('',(0.,1.,0.));
#12606=DIRECTION('',(0.,0.,1.));
#12607=DIRECTION('center_axis',(0.,-1.,0.));
#12608=DIRECTION('ref_axis',(1.,0.,0.));
#12609=DIRECTION('',(1.,0.,0.));
#12610=DIRECTION('',(1.,0.,0.));
#12611=DIRECTION('',(0.,0.,1.));
#12612=DIRECTION('center_axis',(-1.,0.,0.));
#12613=DIRECTION('ref_axis',(0.,-1.,0.));
#12614=DIRECTION('',(0.,-1.,0.));
#12615=DIRECTION('',(0.,-1.,0.));
#12616=DIRECTION('center_axis',(0.,0.,1.));
#12617=DIRECTION('ref_axis',(1.,0.,0.));
#12618=DIRECTION('center_axis',(0.,0.,1.));
#12619=DIRECTION('ref_axis',(1.,0.,0.));
#12620=DIRECTION('center_axis',(0.,0.,1.));
#12621=DIRECTION('ref_axis',(1.,0.,0.));
#12622=DIRECTION('center_axis',(0.,0.,1.));
#12623=DIRECTION('ref_axis',(1.,0.,0.));
#12624=DIRECTION('',(0.,0.,-1.));
#12625=DIRECTION('center_axis',(0.,0.,1.));
#12626=DIRECTION('ref_axis',(1.,0.,0.));
#12627=DIRECTION('center_axis',(0.,0.,1.));
#12628=DIRECTION('ref_axis',(1.,0.,0.));
#12629=DIRECTION('center_axis',(0.,0.,1.));
#12630=DIRECTION('ref_axis',(1.,0.,0.));
#12631=DIRECTION('center_axis',(0.,0.,1.));
#12632=DIRECTION('ref_axis',(1.,0.,0.));
#12633=DIRECTION('center_axis',(0.,0.,1.));
#12634=DIRECTION('ref_axis',(1.,0.,0.));
#12635=DIRECTION('',(0.,0.,-1.));
#12636=DIRECTION('center_axis',(0.,0.,1.));
#12637=DIRECTION('ref_axis',(1.,0.,0.));
#12638=DIRECTION('center_axis',(0.,0.,1.));
#12639=DIRECTION('ref_axis',(1.,0.,0.));
#12640=DIRECTION('center_axis',(0.,0.,1.));
#12641=DIRECTION('ref_axis',(1.,0.,0.));
#12642=DIRECTION('center_axis',(0.,0.,1.));
#12643=DIRECTION('ref_axis',(1.,0.,0.));
#12644=DIRECTION('center_axis',(0.,0.,1.));
#12645=DIRECTION('ref_axis',(1.,0.,0.));
#12646=DIRECTION('',(0.,0.,-1.));
#12647=DIRECTION('center_axis',(0.,0.,1.));
#12648=DIRECTION('ref_axis',(1.,0.,0.));
#12649=DIRECTION('center_axis',(0.,0.,1.));
#12650=DIRECTION('ref_axis',(1.,0.,0.));
#12651=DIRECTION('center_axis',(0.,0.,1.));
#12652=DIRECTION('ref_axis',(1.,0.,0.));
#12653=DIRECTION('center_axis',(0.,1.,0.));
#12654=DIRECTION('ref_axis',(-1.,0.,0.));
#12655=DIRECTION('',(-1.,0.,0.));
#12656=DIRECTION('',(0.,0.,1.));
#12657=DIRECTION('',(-1.,0.,0.));
#12658=DIRECTION('',(0.,0.,1.));
#12659=DIRECTION('center_axis',(1.,0.,0.));
#12660=DIRECTION('ref_axis',(0.,1.,0.));
#12661=DIRECTION('',(0.,1.,0.));
#12662=DIRECTION('',(0.,1.,0.));
#12663=DIRECTION('',(0.,0.,1.));
#12664=DIRECTION('center_axis',(0.,-1.,0.));
#12665=DIRECTION('ref_axis',(1.,0.,0.));
#12666=DIRECTION('',(1.,0.,0.));
#12667=DIRECTION('',(1.,0.,0.));
#12668=DIRECTION('',(0.,0.,1.));
#12669=DIRECTION('center_axis',(-1.,0.,0.));
#12670=DIRECTION('ref_axis',(0.,-1.,0.));
#12671=DIRECTION('',(0.,-1.,0.));
#12672=DIRECTION('',(0.,-1.,0.));
#12673=DIRECTION('center_axis',(0.,0.,1.));
#12674=DIRECTION('ref_axis',(1.,0.,0.));
#12675=DIRECTION('center_axis',(0.,0.,1.));
#12676=DIRECTION('ref_axis',(1.,0.,0.));
#12677=DIRECTION('center_axis',(0.,0.,1.));
#12678=DIRECTION('ref_axis',(1.,0.,0.));
#12679=DIRECTION('center_axis',(0.,0.,1.));
#12680=DIRECTION('ref_axis',(1.,0.,0.));
#12681=DIRECTION('',(0.,0.,-1.));
#12682=DIRECTION('center_axis',(0.,0.,1.));
#12683=DIRECTION('ref_axis',(1.,0.,0.));
#12684=DIRECTION('center_axis',(0.,0.,1.));
#12685=DIRECTION('ref_axis',(1.,0.,0.));
#12686=DIRECTION('center_axis',(0.,0.,1.));
#12687=DIRECTION('ref_axis',(1.,0.,0.));
#12688=DIRECTION('center_axis',(0.,0.,1.));
#12689=DIRECTION('ref_axis',(1.,0.,0.));
#12690=DIRECTION('center_axis',(0.,0.,1.));
#12691=DIRECTION('ref_axis',(1.,0.,0.));
#12692=DIRECTION('',(0.,0.,-1.));
#12693=DIRECTION('center_axis',(0.,0.,1.));
#12694=DIRECTION('ref_axis',(1.,0.,0.));
#12695=DIRECTION('center_axis',(0.,0.,1.));
#12696=DIRECTION('ref_axis',(1.,0.,0.));
#12697=DIRECTION('center_axis',(0.,0.,1.));
#12698=DIRECTION('ref_axis',(1.,0.,0.));
#12699=DIRECTION('center_axis',(0.,0.,1.));
#12700=DIRECTION('ref_axis',(1.,0.,0.));
#12701=DIRECTION('center_axis',(0.,0.,1.));
#12702=DIRECTION('ref_axis',(1.,0.,0.));
#12703=DIRECTION('',(0.,0.,-1.));
#12704=DIRECTION('center_axis',(0.,0.,1.));
#12705=DIRECTION('ref_axis',(1.,0.,0.));
#12706=DIRECTION('center_axis',(0.,0.,1.));
#12707=DIRECTION('ref_axis',(1.,0.,0.));
#12708=DIRECTION('center_axis',(0.,0.,1.));
#12709=DIRECTION('ref_axis',(1.,0.,0.));
#12710=DIRECTION('center_axis',(0.,1.,0.));
#12711=DIRECTION('ref_axis',(-1.,0.,0.));
#12712=DIRECTION('',(-1.,0.,0.));
#12713=DIRECTION('',(0.,0.,1.));
#12714=DIRECTION('',(-1.,0.,0.));
#12715=DIRECTION('',(0.,0.,1.));
#12716=DIRECTION('center_axis',(1.,0.,0.));
#12717=DIRECTION('ref_axis',(0.,1.,0.));
#12718=DIRECTION('',(0.,1.,0.));
#12719=DIRECTION('',(0.,1.,0.));
#12720=DIRECTION('',(0.,0.,1.));
#12721=DIRECTION('center_axis',(0.,-1.,0.));
#12722=DIRECTION('ref_axis',(1.,0.,0.));
#12723=DIRECTION('',(1.,0.,0.));
#12724=DIRECTION('',(1.,0.,0.));
#12725=DIRECTION('',(0.,0.,1.));
#12726=DIRECTION('center_axis',(-1.,0.,0.));
#12727=DIRECTION('ref_axis',(0.,-1.,0.));
#12728=DIRECTION('',(0.,-1.,0.));
#12729=DIRECTION('',(0.,-1.,0.));
#12730=DIRECTION('center_axis',(0.,0.,1.));
#12731=DIRECTION('ref_axis',(1.,0.,0.));
#12732=DIRECTION('center_axis',(0.,0.,1.));
#12733=DIRECTION('ref_axis',(1.,0.,0.));
#12734=DIRECTION('center_axis',(0.,0.,1.));
#12735=DIRECTION('ref_axis',(1.,0.,0.));
#12736=DIRECTION('center_axis',(0.,0.,1.));
#12737=DIRECTION('ref_axis',(1.,0.,0.));
#12738=DIRECTION('',(0.,0.,-1.));
#12739=DIRECTION('center_axis',(0.,0.,1.));
#12740=DIRECTION('ref_axis',(1.,0.,0.));
#12741=DIRECTION('center_axis',(0.,0.,1.));
#12742=DIRECTION('ref_axis',(1.,0.,0.));
#12743=DIRECTION('center_axis',(0.,0.,1.));
#12744=DIRECTION('ref_axis',(1.,0.,0.));
#12745=DIRECTION('center_axis',(0.,0.,1.));
#12746=DIRECTION('ref_axis',(1.,0.,0.));
#12747=DIRECTION('center_axis',(0.,0.,1.));
#12748=DIRECTION('ref_axis',(1.,0.,0.));
#12749=DIRECTION('',(0.,0.,-1.));
#12750=DIRECTION('center_axis',(0.,0.,1.));
#12751=DIRECTION('ref_axis',(1.,0.,0.));
#12752=DIRECTION('center_axis',(0.,0.,1.));
#12753=DIRECTION('ref_axis',(1.,0.,0.));
#12754=DIRECTION('center_axis',(0.,0.,1.));
#12755=DIRECTION('ref_axis',(1.,0.,0.));
#12756=DIRECTION('center_axis',(0.,0.,1.));
#12757=DIRECTION('ref_axis',(1.,0.,0.));
#12758=DIRECTION('center_axis',(0.,0.,1.));
#12759=DIRECTION('ref_axis',(1.,0.,0.));
#12760=DIRECTION('',(0.,0.,-1.));
#12761=DIRECTION('center_axis',(0.,0.,1.));
#12762=DIRECTION('ref_axis',(1.,0.,0.));
#12763=DIRECTION('center_axis',(0.,0.,1.));
#12764=DIRECTION('ref_axis',(1.,0.,0.));
#12765=DIRECTION('center_axis',(0.,0.,1.));
#12766=DIRECTION('ref_axis',(1.,0.,0.));
#12767=DIRECTION('center_axis',(0.,0.,1.));
#12768=DIRECTION('ref_axis',(1.,0.,0.));
#12769=DIRECTION('center_axis',(0.,0.,1.));
#12770=DIRECTION('ref_axis',(1.,0.,0.));
#12771=DIRECTION('',(0.,0.,-1.));
#12772=DIRECTION('center_axis',(0.,0.,1.));
#12773=DIRECTION('ref_axis',(1.,0.,0.));
#12774=DIRECTION('center_axis',(0.,0.,1.));
#12775=DIRECTION('ref_axis',(1.,0.,0.));
#12776=DIRECTION('center_axis',(0.,0.,1.));
#12777=DIRECTION('ref_axis',(1.,0.,0.));
#12778=DIRECTION('center_axis',(0.,1.,0.));
#12779=DIRECTION('ref_axis',(1.,0.,0.));
#12780=DIRECTION('center_axis',(0.,1.,0.));
#12781=DIRECTION('ref_axis',(1.,0.,0.));
#12782=DIRECTION('',(0.,-1.,0.));
#12783=DIRECTION('center_axis',(0.,-1.,0.));
#12784=DIRECTION('ref_axis',(1.,0.,0.));
#12785=DIRECTION('',(0.,1.,0.));
#12786=DIRECTION('center_axis',(0.,-1.,0.));
#12787=DIRECTION('ref_axis',(1.,0.,0.));
#12788=DIRECTION('center_axis',(0.,1.,0.));
#12789=DIRECTION('ref_axis',(1.,0.,0.));
#12790=DIRECTION('',(1.,0.,0.));
#12791=DIRECTION('',(1.,0.,0.));
#12792=DIRECTION('center_axis',(0.,0.,1.));
#12793=DIRECTION('ref_axis',(1.,0.,0.));
#12794=DIRECTION('',(0.,-1.,0.));
#12795=DIRECTION('',(-1.,0.,0.));
#12796=DIRECTION('center_axis',(0.,1.,0.));
#12797=DIRECTION('ref_axis',(-1.,0.,0.));
#12798=DIRECTION('center_axis',(0.,-1.,0.));
#12799=DIRECTION('ref_axis',(1.,0.,0.));
#12800=DIRECTION('',(-1.,0.,0.));
#12801=DIRECTION('center_axis',(0.,0.,1.));
#12802=DIRECTION('ref_axis',(1.,0.,0.));
#12803=DIRECTION('',(0.,1.,0.));
#12804=DIRECTION('center_axis',(0.,1.,0.));
#12805=DIRECTION('ref_axis',(-0.949966747586059,0.,0.312351050071493));
#12806=DIRECTION('center_axis',(0.,1.,0.));
#12807=DIRECTION('ref_axis',(1.,0.,0.));
#12808=DIRECTION('center_axis',(0.,1.,0.));
#12809=DIRECTION('ref_axis',(1.,0.,0.));
#12810=DIRECTION('',(0.,-1.,0.));
#12811=DIRECTION('center_axis',(0.,-1.,0.));
#12812=DIRECTION('ref_axis',(1.,0.,0.));
#12813=DIRECTION('',(0.,1.,0.));
#12814=DIRECTION('center_axis',(0.,-1.,0.));
#12815=DIRECTION('ref_axis',(1.,0.,0.));
#12816=DIRECTION('center_axis',(0.,1.,0.));
#12817=DIRECTION('ref_axis',(1.,0.,0.));
#12818=DIRECTION('',(1.,0.,0.));
#12819=DIRECTION('',(1.,0.,0.));
#12820=DIRECTION('center_axis',(0.,0.,1.));
#12821=DIRECTION('ref_axis',(1.,0.,0.));
#12822=DIRECTION('',(0.,-1.,0.));
#12823=DIRECTION('',(-1.,0.,0.));
#12824=DIRECTION('center_axis',(0.,1.,0.));
#12825=DIRECTION('ref_axis',(-1.,0.,0.));
#12826=DIRECTION('center_axis',(0.,-1.,0.));
#12827=DIRECTION('ref_axis',(1.,0.,0.));
#12828=DIRECTION('',(-1.,0.,0.));
#12829=DIRECTION('center_axis',(0.,0.,1.));
#12830=DIRECTION('ref_axis',(1.,0.,0.));
#12831=DIRECTION('',(0.,1.,0.));
#12832=DIRECTION('center_axis',(0.,1.,0.));
#12833=DIRECTION('ref_axis',(-0.949966747586059,0.,0.312351050071493));
#12834=DIRECTION('center_axis',(0.,1.,0.));
#12835=DIRECTION('ref_axis',(-1.,0.,0.));
#12836=DIRECTION('',(-1.,0.,0.));
#12837=DIRECTION('',(0.,0.,1.));
#12838=DIRECTION('',(-1.,0.,0.));
#12839=DIRECTION('',(0.,0.,1.));
#12840=DIRECTION('center_axis',(1.,0.,0.));
#12841=DIRECTION('ref_axis',(0.,1.,0.));
#12842=DIRECTION('',(0.,1.,0.));
#12843=DIRECTION('',(0.,1.,0.));
#12844=DIRECTION('',(0.,0.,1.));
#12845=DIRECTION('center_axis',(0.,-1.,0.));
#12846=DIRECTION('ref_axis',(1.,0.,0.));
#12847=DIRECTION('',(1.,0.,0.));
#12848=DIRECTION('',(1.,0.,0.));
#12849=DIRECTION('',(0.,0.,1.));
#12850=DIRECTION('center_axis',(-1.,0.,0.));
#12851=DIRECTION('ref_axis',(0.,-1.,0.));
#12852=DIRECTION('',(0.,-1.,0.));
#12853=DIRECTION('',(0.,-1.,0.));
#12854=DIRECTION('center_axis',(0.,0.,1.));
#12855=DIRECTION('ref_axis',(1.,0.,0.));
#12856=DIRECTION('center_axis',(0.,0.,1.));
#12857=DIRECTION('ref_axis',(1.,0.,0.));
#12858=DIRECTION('center_axis',(0.,0.,-1.));
#12859=DIRECTION('ref_axis',(-1.,0.,0.));
#12860=DIRECTION('',(-1.,0.,0.));
#12861=DIRECTION('',(0.,1.,0.));
#12862=DIRECTION('',(-1.,0.,0.));
#12863=DIRECTION('',(0.,1.,0.));
#12864=DIRECTION('center_axis',(1.,0.,0.));
#12865=DIRECTION('ref_axis',(0.,-1.22464679914735E-16,-1.));
#12866=DIRECTION('',(0.,-1.22464679914735E-16,-1.));
#12867=DIRECTION('',(0.,-1.22464679914735E-16,-1.));
#12868=DIRECTION('',(0.,1.,0.));
#12869=DIRECTION('center_axis',(0.,0.,1.));
#12870=DIRECTION('ref_axis',(1.,0.,0.));
#12871=DIRECTION('',(1.,0.,0.));
#12872=DIRECTION('',(1.,0.,0.));
#12873=DIRECTION('',(0.,1.,0.));
#12874=DIRECTION('center_axis',(-1.,0.,0.));
#12875=DIRECTION('ref_axis',(0.,1.22464679914735E-16,1.));
#12876=DIRECTION('',(0.,1.22464679914735E-16,1.));
#12877=DIRECTION('',(0.,1.22464679914735E-16,1.));
#12878=DIRECTION('center_axis',(0.,1.,0.));
#12879=DIRECTION('ref_axis',(0.,0.,1.));
#12880=DIRECTION('center_axis',(1.70749447248014E-15,1.,-2.72574159303435E-15));
#12881=DIRECTION('ref_axis',(1.,-1.70749447248014E-15,0.));
#12882=DIRECTION('center_axis',(0.,0.,-1.));
#12883=DIRECTION('ref_axis',(-1.,0.,0.));
#12884=DIRECTION('',(-1.,0.,0.));
#12885=DIRECTION('',(0.,1.,0.));
#12886=DIRECTION('',(-1.,0.,0.));
#12887=DIRECTION('',(0.,1.,0.));
#12888=DIRECTION('center_axis',(1.,0.,0.));
#12889=DIRECTION('ref_axis',(0.,-1.22464679914735E-16,-1.));
#12890=DIRECTION('',(0.,-1.22464679914735E-16,-1.));
#12891=DIRECTION('',(0.,-1.22464679914735E-16,-1.));
#12892=DIRECTION('',(0.,1.,0.));
#12893=DIRECTION('center_axis',(0.,0.,1.));
#12894=DIRECTION('ref_axis',(1.,0.,0.));
#12895=DIRECTION('',(1.,0.,0.));
#12896=DIRECTION('',(1.,0.,0.));
#12897=DIRECTION('',(0.,1.,0.));
#12898=DIRECTION('center_axis',(-1.,0.,0.));
#12899=DIRECTION('ref_axis',(0.,1.22464679914735E-16,1.));
#12900=DIRECTION('',(0.,1.22464679914735E-16,1.));
#12901=DIRECTION('',(0.,1.22464679914735E-16,1.));
#12902=DIRECTION('center_axis',(0.,1.,0.));
#12903=DIRECTION('ref_axis',(0.,0.,1.));
#12904=DIRECTION('center_axis',(1.70749447248014E-15,1.,-2.72574159303435E-15));
#12905=DIRECTION('ref_axis',(1.,-1.70749447248014E-15,0.));
#12906=DIRECTION('center_axis',(0.,0.,-1.));
#12907=DIRECTION('ref_axis',(-1.,0.,0.));
#12908=DIRECTION('',(-1.,0.,0.));
#12909=DIRECTION('',(0.,1.,0.));
#12910=DIRECTION('',(-1.,0.,0.));
#12911=DIRECTION('',(0.,1.,0.));
#12912=DIRECTION('center_axis',(1.,0.,0.));
#12913=DIRECTION('ref_axis',(0.,-1.22464679914736E-16,-1.));
#12914=DIRECTION('',(0.,-1.22464679914736E-16,-1.));
#12915=DIRECTION('',(0.,-1.22464679914736E-16,-1.));
#12916=DIRECTION('',(0.,1.,0.));
#12917=DIRECTION('center_axis',(0.,0.,1.));
#12918=DIRECTION('ref_axis',(1.,0.,0.));
#12919=DIRECTION('',(1.,0.,0.));
#12920=DIRECTION('',(1.,0.,0.));
#12921=DIRECTION('',(0.,1.,0.));
#12922=DIRECTION('center_axis',(-1.,0.,0.));
#12923=DIRECTION('ref_axis',(0.,1.22464679914736E-16,1.));
#12924=DIRECTION('',(0.,1.22464679914736E-16,1.));
#12925=DIRECTION('',(0.,1.22464679914736E-16,1.));
#12926=DIRECTION('center_axis',(0.,1.,0.));
#12927=DIRECTION('ref_axis',(0.,0.,1.));
#12928=DIRECTION('center_axis',(1.70749447248014E-15,1.,-2.72574159303435E-15));
#12929=DIRECTION('ref_axis',(1.,-1.70749447248014E-15,0.));
#12930=DIRECTION('center_axis',(0.,0.,-1.));
#12931=DIRECTION('ref_axis',(-1.,0.,0.));
#12932=DIRECTION('',(-1.,0.,0.));
#12933=DIRECTION('',(0.,1.,0.));
#12934=DIRECTION('',(-1.,0.,0.));
#12935=DIRECTION('',(0.,1.,0.));
#12936=DIRECTION('center_axis',(1.,0.,0.));
#12937=DIRECTION('ref_axis',(0.,-1.22464679914735E-16,-1.));
#12938=DIRECTION('',(0.,-1.22464679914735E-16,-1.));
#12939=DIRECTION('',(0.,-1.22464679914735E-16,-1.));
#12940=DIRECTION('',(0.,1.,0.));
#12941=DIRECTION('',(0.,1.,0.));
#12942=DIRECTION('',(0.,1.,0.));
#12943=DIRECTION('',(0.,1.,0.));
#12944=DIRECTION('',(0.,1.,0.));
#12945=DIRECTION('center_axis',(0.93747791910013,0.,-0.348044754592984));
#12946=DIRECTION('ref_axis',(-0.348044754592984,-1.1480793328973E-16,-0.93747791910013));
#12947=DIRECTION('',(-0.348044754592984,-1.1480793328973E-16,-0.93747791910013));
#12948=DIRECTION('',(-0.348044754592984,-1.1480793328973E-16,-0.93747791910013));
#12949=DIRECTION('',(0.,1.,0.));
#12950=DIRECTION('',(0.,1.,0.));
#12951=DIRECTION('',(0.,1.,0.));
#12952=DIRECTION('',(0.,1.,0.));
#12953=DIRECTION('center_axis',(1.,0.,0.));
#12954=DIRECTION('ref_axis',(0.,-1.22464679914736E-16,-1.));
#12955=DIRECTION('',(0.,-1.22464679914736E-16,-1.));
#12956=DIRECTION('',(0.,-1.22464679914736E-16,-1.));
#12957=DIRECTION('',(0.,1.,0.));
#12958=DIRECTION('center_axis',(0.,0.,1.));
#12959=DIRECTION('ref_axis',(1.,0.,0.));
#12960=DIRECTION('',(1.,0.,0.));
#12961=DIRECTION('',(1.,0.,0.));
#12962=DIRECTION('',(0.,1.,0.));
#12963=DIRECTION('center_axis',(-1.,0.,0.));
#12964=DIRECTION('ref_axis',(0.,1.22464679914735E-16,1.));
#12965=DIRECTION('',(0.,1.22464679914735E-16,1.));
#12966=DIRECTION('',(0.,1.22464679914735E-16,1.));
#12967=DIRECTION('center_axis',(1.70749447248014E-15,1.,-2.72574159303435E-15));
#12968=DIRECTION('ref_axis',(1.,-1.70749447248014E-15,0.));
#12969=DIRECTION('center_axis',(1.70749447248014E-15,1.,-2.72574159303435E-15));
#12970=DIRECTION('ref_axis',(1.,-1.70749447248014E-15,0.));
#12971=DIRECTION('center_axis',(-1.,0.,0.));
#12972=DIRECTION('ref_axis',(0.,1.22464679914735E-16,1.));
#12973=DIRECTION('',(0.,1.22464679914735E-16,1.));
#12974=DIRECTION('',(0.,1.,0.));
#12975=DIRECTION('',(0.,1.22464679914735E-16,1.));
#12976=DIRECTION('',(0.,1.,0.));
#12977=DIRECTION('',(0.,1.,0.));
#12978=DIRECTION('',(0.,1.,0.));
#12979=DIRECTION('',(0.,1.,0.));
#12980=DIRECTION('',(0.,1.,0.));
#12981=DIRECTION('',(0.,1.,0.));
#12982=DIRECTION('',(0.,1.,0.));
#12983=DIRECTION('',(0.,1.,0.));
#12984=DIRECTION('',(0.,1.,0.));
#12985=DIRECTION('',(0.,1.,0.));
#12986=DIRECTION('',(0.,1.,0.));
#12987=DIRECTION('center_axis',(0.,0.,-1.));
#12988=DIRECTION('ref_axis',(-1.,0.,0.));
#12989=DIRECTION('',(-1.,0.,0.));
#12990=DIRECTION('',(-1.,0.,0.));
#12991=DIRECTION('',(0.,1.,0.));
#12992=DIRECTION('',(0.,1.,0.));
#12993=DIRECTION('',(0.,1.,0.));
#12994=DIRECTION('center_axis',(1.,0.,0.));
#12995=DIRECTION('ref_axis',(0.,-1.22464679914735E-16,-1.));
#12996=DIRECTION('',(0.,-1.22464679914735E-16,-1.));
#12997=DIRECTION('',(0.,-1.22464679914735E-16,-1.));
#12998=DIRECTION('',(0.,1.,0.));
#12999=DIRECTION('',(0.,1.,0.));
#13000=DIRECTION('',(0.,1.,0.));
#13001=DIRECTION('',(0.,1.,0.));
#13002=DIRECTION('',(0.,1.,0.));
#13003=DIRECTION('',(0.,1.,0.));
#13004=DIRECTION('',(0.,1.,0.));
#13005=DIRECTION('',(0.,1.,0.));
#13006=DIRECTION('center_axis',(-0.135113524036741,0.,-0.99083012450287));
#13007=DIRECTION('ref_axis',(-0.99083012450287,1.65466344733115E-17,0.135113524036741));
#13008=DIRECTION('',(-0.99083012450287,1.65466344733115E-17,0.135113524036741));
#13009=DIRECTION('',(-0.99083012450287,1.65466344733115E-17,0.135113524036741));
#13010=DIRECTION('',(0.,1.,0.));
#13011=DIRECTION('',(0.,1.,0.));
#13012=DIRECTION('',(0.,1.,0.));
#13013=DIRECTION('',(0.,1.,0.));
#13014=DIRECTION('',(0.,1.,0.));
#13015=DIRECTION('',(0.,1.,0.));
#13016=DIRECTION('',(0.,1.,0.));
#13017=DIRECTION('',(0.,1.,0.));
#13018=DIRECTION('',(0.,1.,0.));
#13019=DIRECTION('',(0.,1.,0.));
#13020=DIRECTION('',(0.,1.,0.));
#13021=DIRECTION('',(0.,1.,0.));
#13022=DIRECTION('',(0.,1.,0.));
#13023=DIRECTION('',(0.,1.,0.));
#13024=DIRECTION('center_axis',(1.70749447248014E-15,1.,-2.72574159303435E-15));
#13025=DIRECTION('ref_axis',(1.,-1.70749447248014E-15,0.));
#13026=DIRECTION('center_axis',(1.70749447248014E-15,1.,-2.72574159303435E-15));
#13027=DIRECTION('ref_axis',(1.,-1.70749447248014E-15,0.));
#13028=CARTESIAN_POINT('',(0.,0.,0.));
#13029=CARTESIAN_POINT('Origin',(4650.,-1100.,360.));
#13030=CARTESIAN_POINT('',(4245.27787310304,-1025.,345.));
#13031=CARTESIAN_POINT('',(5054.72212689696,-1025.,345.));
#13032=CARTESIAN_POINT('Origin',(4650.,-1025.,360.));
#13033=CARTESIAN_POINT('',(4257.53981093619,-940.,260.));
#13034=CARTESIAN_POINT('Ctrl Pts',(4257.53981093619,-940.,260.));
#13035=CARTESIAN_POINT('Ctrl Pts',(4257.53981093619,-945.355613615379,260.));
#13036=CARTESIAN_POINT('Ctrl Pts',(4257.4075384824,-950.886954930676,260.514339163331));
#13037=CARTESIAN_POINT('Ctrl Pts',(4256.86693265899,-961.875710376249,262.672568538773));
#13038=CARTESIAN_POINT('Ctrl Pts',(4256.45899567015,-967.333248958134,264.315924332664));
#13039=CARTESIAN_POINT('Ctrl Pts',(4255.43005286277,-977.788309305002,268.651650196093));
#13040=CARTESIAN_POINT('Ctrl Pts',(4254.80909394505,-982.794583014346,271.347477793049));
#13041=CARTESIAN_POINT('Ctrl Pts',(4253.46512283054,-992.046611156169,277.566917383814));
#13042=CARTESIAN_POINT('Ctrl Pts',(4252.74324357794,-996.292237981924,281.090963965505));
#13043=CARTESIAN_POINT('Ctrl Pts',(4251.32428660806,-1003.819288632,288.604333300199));
#13044=CARTESIAN_POINT('Ctrl Pts',(4250.57700530313,-1007.35922675273,292.856422363524));
#13045=CARTESIAN_POINT('Ctrl Pts',(4249.12947312806,-1013.60526380566,302.122462079918));
#13046=CARTESIAN_POINT('Ctrl Pts',(4248.43029515786,-1016.31181300181,307.13627679021));
#13047=CARTESIAN_POINT('Ctrl Pts',(4247.19017201475,-1020.66509375149,317.608449505944));
#13048=CARTESIAN_POINT('Ctrl Pts',(4246.64896114519,-1022.31519920913,323.075326177264));
#13049=CARTESIAN_POINT('Ctrl Pts',(4245.79218821109,-1024.48294078561,334.08596961115));
#13050=CARTESIAN_POINT('Ctrl Pts',(4245.47690330672,-1025.,339.629871509879));
#13051=CARTESIAN_POINT('Ctrl Pts',(4245.27787310304,-1025.,345.));
#13052=CARTESIAN_POINT('',(4257.53981093619,940.,260.));
#13053=CARTESIAN_POINT('',(4257.53981093619,-1100.,260.));
#13054=CARTESIAN_POINT('',(4245.27787310304,1025.,345.));
#13055=CARTESIAN_POINT('Ctrl Pts',(4245.27787310304,1025.,345.));
#13056=CARTESIAN_POINT('Ctrl Pts',(4245.47690330672,1025.,339.629871509879));
#13057=CARTESIAN_POINT('Ctrl Pts',(4245.79218821109,1024.48294078561,334.08596961115));
#13058=CARTESIAN_POINT('Ctrl Pts',(4246.64896114519,1022.31519920913,323.075326177264));
#13059=CARTESIAN_POINT('Ctrl Pts',(4247.19017201475,1020.66509375149,317.608449505944));
#13060=CARTESIAN_POINT('Ctrl Pts',(4248.43029515786,1016.31181300181,307.13627679021));
#13061=CARTESIAN_POINT('Ctrl Pts',(4249.12947312806,1013.60526380566,302.122462079918));
#13062=CARTESIAN_POINT('Ctrl Pts',(4250.57700530313,1007.35922675273,292.856422363524));
#13063=CARTESIAN_POINT('Ctrl Pts',(4251.32428660806,1003.819288632,288.604333300199));
#13064=CARTESIAN_POINT('Ctrl Pts',(4252.74324357794,996.292237981924,281.090963965505));
#13065=CARTESIAN_POINT('Ctrl Pts',(4253.46512283054,992.04661115617,277.566917383814));
#13066=CARTESIAN_POINT('Ctrl Pts',(4254.80909394505,982.794583014346,271.347477793049));
#13067=CARTESIAN_POINT('Ctrl Pts',(4255.43005286277,977.788309305002,268.651650196093));
#13068=CARTESIAN_POINT('Ctrl Pts',(4256.45899567015,967.333248958134,264.315924332664));
#13069=CARTESIAN_POINT('Ctrl Pts',(4256.86693265899,961.875710376249,262.672568538772));
#13070=CARTESIAN_POINT('Ctrl Pts',(4257.4075384824,950.886954930676,260.514339163331));
#13071=CARTESIAN_POINT('Ctrl Pts',(4257.53981093619,945.355613615379,260.));
#13072=CARTESIAN_POINT('Ctrl Pts',(4257.53981093619,940.,260.));
#13073=CARTESIAN_POINT('',(5054.72212689696,1025.,345.));
#13074=CARTESIAN_POINT('Origin',(4650.,1025.,360.));
#13075=CARTESIAN_POINT('',(5042.46018906381,940.,260.));
#13076=CARTESIAN_POINT('Ctrl Pts',(5042.46018906381,940.,260.));
#13077=CARTESIAN_POINT('Ctrl Pts',(5042.46018906381,945.355613615379,260.));
#13078=CARTESIAN_POINT('Ctrl Pts',(5042.5924615176,950.886954930676,260.514339163331));
#13079=CARTESIAN_POINT('Ctrl Pts',(5043.13306734101,961.875710376249,262.672568538772));
#13080=CARTESIAN_POINT('Ctrl Pts',(5043.54100432985,967.333248958134,264.315924332664));
#13081=CARTESIAN_POINT('Ctrl Pts',(5044.56994713723,977.788309305002,268.651650196093));
#13082=CARTESIAN_POINT('Ctrl Pts',(5045.19090605495,982.794583014346,271.347477793049));
#13083=CARTESIAN_POINT('Ctrl Pts',(5046.53487716946,992.04661115617,277.566917383814));
#13084=CARTESIAN_POINT('Ctrl Pts',(5047.25675642206,996.292237981924,281.090963965505));
#13085=CARTESIAN_POINT('Ctrl Pts',(5048.67571339194,1003.819288632,288.604333300199));
#13086=CARTESIAN_POINT('Ctrl Pts',(5049.42299469687,1007.35922675273,292.856422363524));
#13087=CARTESIAN_POINT('Ctrl Pts',(5050.87052687194,1013.60526380566,302.122462079918));
#13088=CARTESIAN_POINT('Ctrl Pts',(5051.56970484214,1016.31181300181,307.13627679021));
#13089=CARTESIAN_POINT('Ctrl Pts',(5052.80982798525,1020.66509375149,317.608449505944));
#13090=CARTESIAN_POINT('Ctrl Pts',(5053.35103885481,1022.31519920913,323.075326177264));
#13091=CARTESIAN_POINT('Ctrl Pts',(5054.20781178891,1024.48294078561,334.08596961115));
#13092=CARTESIAN_POINT('Ctrl Pts',(5054.52309669328,1025.,339.629871509879));
#13093=CARTESIAN_POINT('Ctrl Pts',(5054.72212689696,1025.,345.));
#13094=CARTESIAN_POINT('',(5042.46018906381,-940.,260.));
#13095=CARTESIAN_POINT('',(5042.46018906381,-1100.,260.));
#13096=CARTESIAN_POINT('Ctrl Pts',(5054.72212689696,-1025.,345.));
#13097=CARTESIAN_POINT('Ctrl Pts',(5054.52309669328,-1025.,339.629871509879));
#13098=CARTESIAN_POINT('Ctrl Pts',(5054.20781178891,-1024.48294078561,334.08596961115));
#13099=CARTESIAN_POINT('Ctrl Pts',(5053.35103885481,-1022.31519920913,323.075326177265));
#13100=CARTESIAN_POINT('Ctrl Pts',(5052.80982798525,-1020.66509375149,317.608449505944));
#13101=CARTESIAN_POINT('Ctrl Pts',(5051.56970484214,-1016.31181300181,307.13627679021));
#13102=CARTESIAN_POINT('Ctrl Pts',(5050.87052687194,-1013.60526380566,302.122462079918));
#13103=CARTESIAN_POINT('Ctrl Pts',(5049.42299469687,-1007.35922675273,292.856422363524));
#13104=CARTESIAN_POINT('Ctrl Pts',(5048.67571339194,-1003.819288632,288.604333300199));
#13105=CARTESIAN_POINT('Ctrl Pts',(5047.25675642206,-996.292237981924,281.090963965505));
#13106=CARTESIAN_POINT('Ctrl Pts',(5046.53487716946,-992.046611156169,277.566917383814));
#13107=CARTESIAN_POINT('Ctrl Pts',(5045.19090605495,-982.794583014346,271.347477793049));
#13108=CARTESIAN_POINT('Ctrl Pts',(5044.56994713723,-977.788309305002,268.651650196093));
#13109=CARTESIAN_POINT('Ctrl Pts',(5043.54100432985,-967.333248958134,264.315924332664));
#13110=CARTESIAN_POINT('Ctrl Pts',(5043.13306734101,-961.875710376249,262.672568538773));
#13111=CARTESIAN_POINT('Ctrl Pts',(5042.5924615176,-950.886954930676,260.514339163331));
#13112=CARTESIAN_POINT('Ctrl Pts',(5042.46018906381,-945.355613615379,260.));
#13113=CARTESIAN_POINT('Ctrl Pts',(5042.46018906381,-940.,260.));
#13114=CARTESIAN_POINT('Origin',(2750.00004410322,1025.,1457.41528024361));
#13115=CARTESIAN_POINT('',(1254.72212689696,1025.,345.));
#13116=CARTESIAN_POINT('',(4125.00002205161,1025.,345.));
#13117=CARTESIAN_POINT('',(445.277873103039,1025.,345.));
#13118=CARTESIAN_POINT('Origin',(850.,1025.,360.));
#13119=CARTESIAN_POINT('',(85.,1025.,345.));
#13120=CARTESIAN_POINT('',(4125.00002205161,1025.,345.));
#13121=CARTESIAN_POINT('',(85.,1025.,1093.15804553194));
#13122=CARTESIAN_POINT('',(85.,1025.,858.707640121806));
#13123=CARTESIAN_POINT('',(258.984093749647,1025.,2166.88845267262));
#13124=CARTESIAN_POINT('',(147.300389760293,1025.,1477.64045090975));
#13125=CARTESIAN_POINT('',(794.162919674669,1025.,2565.));
#13126=CARTESIAN_POINT('Origin',(726.738476953908,1025.,2096.86372745491));
#13127=CARTESIAN_POINT('',(4950.02407662645,1025.,2565.));
#13128=CARTESIAN_POINT('',(1775.00002205161,1025.,2565.));
#13129=CARTESIAN_POINT('',(5414.99999937627,1025.,2100.02407663105));
#13130=CARTESIAN_POINT('Origin',(4950.31140350877,1025.,2100.31140350877));
#13131=CARTESIAN_POINT('',(5415.,1025.,345.));
#13132=CARTESIAN_POINT('',(5415.,1025.,1778.70764012181));
#13133=CARTESIAN_POINT('',(4125.00002205161,1025.,345.));
#13134=CARTESIAN_POINT('Origin',(4125.00002205161,940.,345.));
#13135=CARTESIAN_POINT('',(1242.46018906381,940.,260.));
#13136=CARTESIAN_POINT('',(4125.00002205161,940.,260.));
#13137=CARTESIAN_POINT('Ctrl Pts',(1242.46018906381,940.,260.));
#13138=CARTESIAN_POINT('Ctrl Pts',(1242.46018906381,945.355613615379,260.));
#13139=CARTESIAN_POINT('Ctrl Pts',(1242.5924615176,950.886954930676,260.514339163331));
#13140=CARTESIAN_POINT('Ctrl Pts',(1243.13306734101,961.875710376249,262.672568538773));
#13141=CARTESIAN_POINT('Ctrl Pts',(1243.54100432985,967.333248958134,264.315924332664));
#13142=CARTESIAN_POINT('Ctrl Pts',(1244.56994713723,977.788309305002,268.651650196093));
#13143=CARTESIAN_POINT('Ctrl Pts',(1245.19090605495,982.794583014346,271.347477793049));
#13144=CARTESIAN_POINT('Ctrl Pts',(1246.53487716946,992.04661115617,277.566917383814));
#13145=CARTESIAN_POINT('Ctrl Pts',(1247.25675642206,996.292237981924,281.090963965505));
#13146=CARTESIAN_POINT('Ctrl Pts',(1248.67571339194,1003.819288632,288.604333300199));
#13147=CARTESIAN_POINT('Ctrl Pts',(1249.42299469687,1007.35922675273,292.856422363524));
#13148=CARTESIAN_POINT('Ctrl Pts',(1250.87052687194,1013.60526380566,302.122462079918));
#13149=CARTESIAN_POINT('Ctrl Pts',(1251.56970484214,1016.31181300181,307.13627679021));
#13150=CARTESIAN_POINT('Ctrl Pts',(1252.80982798525,1020.66509375149,317.608449505944));
#13151=CARTESIAN_POINT('Ctrl Pts',(1253.35103885481,1022.31519920913,323.075326177264));
#13152=CARTESIAN_POINT('Ctrl Pts',(1254.20781178891,1024.48294078561,334.08596961115));
#13153=CARTESIAN_POINT('Ctrl Pts',(1254.52309669328,1025.,339.629871509879));
#13154=CARTESIAN_POINT('Ctrl Pts',(1254.72212689696,1025.,345.));
#13155=CARTESIAN_POINT('Origin',(5500.,-1025.,260.));
#13156=CARTESIAN_POINT('',(1242.46018906381,-940.,260.));
#13157=CARTESIAN_POINT('',(4125.00002205161,-940.,260.));
#13158=CARTESIAN_POINT('',(1242.46018906381,-1100.,260.));
#13159=CARTESIAN_POINT('Origin',(4125.00002205161,-940.,345.));
#13160=CARTESIAN_POINT('',(1254.72212689696,-1025.,345.));
#13161=CARTESIAN_POINT('',(4125.00002205161,-1025.,345.));
#13162=CARTESIAN_POINT('Ctrl Pts',(1254.72212689696,-1025.,345.));
#13163=CARTESIAN_POINT('Ctrl Pts',(1254.52309669328,-1025.,339.629871509879));
#13164=CARTESIAN_POINT('Ctrl Pts',(1254.20781178891,-1024.48294078561,334.08596961115));
#13165=CARTESIAN_POINT('Ctrl Pts',(1253.35103885481,-1022.31519920913,323.075326177264));
#13166=CARTESIAN_POINT('Ctrl Pts',(1252.80982798525,-1020.66509375149,317.608449505944));
#13167=CARTESIAN_POINT('Ctrl Pts',(1251.56970484214,-1016.31181300181,307.13627679021));
#13168=CARTESIAN_POINT('Ctrl Pts',(1250.87052687194,-1013.60526380566,302.122462079918));
#13169=CARTESIAN_POINT('Ctrl Pts',(1249.42299469687,-1007.35922675273,292.856422363524));
#13170=CARTESIAN_POINT('Ctrl Pts',(1248.67571339194,-1003.819288632,288.604333300199));
#13171=CARTESIAN_POINT('Ctrl Pts',(1247.25675642206,-996.292237981924,281.090963965505));
#13172=CARTESIAN_POINT('Ctrl Pts',(1246.53487716946,-992.04661115617,277.566917383814));
#13173=CARTESIAN_POINT('Ctrl Pts',(1245.19090605495,-982.794583014346,271.347477793049));
#13174=CARTESIAN_POINT('Ctrl Pts',(1244.56994713723,-977.788309305002,268.651650196093));
#13175=CARTESIAN_POINT('Ctrl Pts',(1243.54100432985,-967.333248958134,264.315924332664));
#13176=CARTESIAN_POINT('Ctrl Pts',(1243.13306734101,-961.875710376249,262.672568538773));
#13177=CARTESIAN_POINT('Ctrl Pts',(1242.5924615176,-950.886954930676,260.514339163331));
#13178=CARTESIAN_POINT('Ctrl Pts',(1242.46018906381,-945.355613615379,260.));
#13179=CARTESIAN_POINT('Ctrl Pts',(1242.46018906381,-940.,260.));
#13180=CARTESIAN_POINT('Origin',(850.,-1100.,360.));
#13181=CARTESIAN_POINT('',(445.277873103039,-1025.,345.));
#13182=CARTESIAN_POINT('Origin',(850.,-1025.,360.));
#13183=CARTESIAN_POINT('',(457.539810936192,-940.,260.));
#13184=CARTESIAN_POINT('Ctrl Pts',(457.539810936192,-940.,260.));
#13185=CARTESIAN_POINT('Ctrl Pts',(457.539810936192,-945.355613615379,260.));
#13186=CARTESIAN_POINT('Ctrl Pts',(457.407538482403,-950.886954930676,260.514339163331));
#13187=CARTESIAN_POINT('Ctrl Pts',(456.866932658989,-961.875710376249,262.672568538773));
#13188=CARTESIAN_POINT('Ctrl Pts',(456.458995670147,-967.333248958134,264.315924332664));
#13189=CARTESIAN_POINT('Ctrl Pts',(455.430052862773,-977.788309305002,268.651650196093));
#13190=CARTESIAN_POINT('Ctrl Pts',(454.809093945048,-982.794583014346,271.347477793049));
#13191=CARTESIAN_POINT('Ctrl Pts',(453.465122830544,-992.04661115617,277.566917383814));
#13192=CARTESIAN_POINT('Ctrl Pts',(452.743243577943,-996.292237981924,281.090963965505));
#13193=CARTESIAN_POINT('Ctrl Pts',(451.324286608059,-1003.819288632,288.604333300199));
#13194=CARTESIAN_POINT('Ctrl Pts',(450.577005303134,-1007.35922675273,292.856422363524));
#13195=CARTESIAN_POINT('Ctrl Pts',(449.129473128065,-1013.60526380566,302.122462079918));
#13196=CARTESIAN_POINT('Ctrl Pts',(448.430295157864,-1016.31181300181,307.13627679021));
#13197=CARTESIAN_POINT('Ctrl Pts',(447.190172014749,-1020.66509375149,317.608449505944));
#13198=CARTESIAN_POINT('Ctrl Pts',(446.648961145192,-1022.31519920913,323.075326177264));
#13199=CARTESIAN_POINT('Ctrl Pts',(445.792188211087,-1024.48294078561,334.08596961115));
#13200=CARTESIAN_POINT('Ctrl Pts',(445.476903306723,-1025.,339.629871509879));
#13201=CARTESIAN_POINT('Ctrl Pts',(445.277873103039,-1025.,345.));
#13202=CARTESIAN_POINT('',(457.539810936192,940.,260.));
#13203=CARTESIAN_POINT('',(457.539810936192,-1100.,260.));
#13204=CARTESIAN_POINT('Ctrl Pts',(445.277873103039,1025.,345.));
#13205=CARTESIAN_POINT('Ctrl Pts',(445.476903306723,1025.,339.629871509879));
#13206=CARTESIAN_POINT('Ctrl Pts',(445.792188211087,1024.48294078561,334.08596961115));
#13207=CARTESIAN_POINT('Ctrl Pts',(446.648961145192,1022.31519920913,323.075326177264));
#13208=CARTESIAN_POINT('Ctrl Pts',(447.190172014749,1020.66509375149,317.608449505944));
#13209=CARTESIAN_POINT('Ctrl Pts',(448.430295157864,1016.31181300181,307.13627679021));
#13210=CARTESIAN_POINT('Ctrl Pts',(449.129473128065,1013.60526380566,302.122462079918));
#13211=CARTESIAN_POINT('Ctrl Pts',(450.577005303134,1007.35922675273,292.856422363524));
#13212=CARTESIAN_POINT('Ctrl Pts',(451.324286608059,1003.819288632,288.604333300199));
#13213=CARTESIAN_POINT('Ctrl Pts',(452.743243577943,996.292237981924,281.090963965505));
#13214=CARTESIAN_POINT('Ctrl Pts',(453.465122830544,992.04661115617,277.566917383814));
#13215=CARTESIAN_POINT('Ctrl Pts',(454.809093945048,982.794583014346,271.347477793049));
#13216=CARTESIAN_POINT('Ctrl Pts',(455.430052862773,977.788309305002,268.651650196093));
#13217=CARTESIAN_POINT('Ctrl Pts',(456.458995670147,967.333248958134,264.315924332664));
#13218=CARTESIAN_POINT('Ctrl Pts',(456.866932658989,961.875710376249,262.672568538773));
#13219=CARTESIAN_POINT('Ctrl Pts',(457.407538482403,950.886954930676,260.514339163331));
#13220=CARTESIAN_POINT('Ctrl Pts',(457.539810936192,945.355613615379,260.));
#13221=CARTESIAN_POINT('Ctrl Pts',(457.539810936192,940.,260.));
#13222=CARTESIAN_POINT('Origin',(2750.00004410322,-1025.,1457.41528024361));
#13223=CARTESIAN_POINT('',(5415.,-1025.,345.));
#13224=CARTESIAN_POINT('',(4125.00002205161,-1025.,345.));
#13225=CARTESIAN_POINT('',(5415.,-1025.,2100.02407662645));
#13226=CARTESIAN_POINT('',(5415.,-1025.,1778.70764012181));
#13227=CARTESIAN_POINT('',(4950.02407663105,-1025.,2564.99999937627));
#13228=CARTESIAN_POINT('Origin',(4950.31140350877,-1025.,2100.31140350877));
#13229=CARTESIAN_POINT('',(794.162919674669,-1025.,2565.));
#13230=CARTESIAN_POINT('',(1775.00002205161,-1025.,2565.));
#13231=CARTESIAN_POINT('',(258.984093749645,-1025.,2166.88845267262));
#13232=CARTESIAN_POINT('Origin',(726.738476953908,-1025.,2096.86372745491));
#13233=CARTESIAN_POINT('',(85.,-1025.,1093.15804553194));
#13234=CARTESIAN_POINT('',(147.300389760293,-1025.,1477.64045090975));
#13235=CARTESIAN_POINT('',(85.,-1025.,345.));
#13236=CARTESIAN_POINT('',(85.,-1025.,858.707640121806));
#13237=CARTESIAN_POINT('',(4125.00002205161,-1025.,345.));
#13238=CARTESIAN_POINT('Origin',(4125.00002205161,-940.,345.));
#13239=CARTESIAN_POINT('',(5500.,-940.,260.));
#13240=CARTESIAN_POINT('',(4125.00002205161,-940.,260.));
#13241=CARTESIAN_POINT('Origin',(5415.,-940.,345.));
#13242=CARTESIAN_POINT('Origin',(4125.00002205161,-940.,345.));
#13243=CARTESIAN_POINT('',(0.,-940.,260.));
#13244=CARTESIAN_POINT('Origin',(85.,-940.,345.));
#13245=CARTESIAN_POINT('',(4125.00002205161,-940.,260.));
#13246=CARTESIAN_POINT('Origin',(5500.,-1025.,260.));
#13247=CARTESIAN_POINT('',(5500.,940.,260.));
#13248=CARTESIAN_POINT('',(4125.00002205161,940.,260.));
#13249=CARTESIAN_POINT('',(5500.,-1025.,260.));
#13250=CARTESIAN_POINT('Origin',(4125.00002205161,940.,345.));
#13251=CARTESIAN_POINT('Origin',(5415.,940.,345.));
#13252=CARTESIAN_POINT('Origin',(1775.00002205161,940.,2565.));
#13253=CARTESIAN_POINT('',(4950.,940.,2650.));
#13254=CARTESIAN_POINT('Ctrl Pts',(4950.,940.,2650.));
#13255=CARTESIAN_POINT('Ctrl Pts',(4950.0002237756,941.24095459474,2650.));
#13256=CARTESIAN_POINT('Ctrl Pts',(4950.00044755119,942.481909113377,2649.97281974525));
#13257=CARTESIAN_POINT('Ctrl Pts',(4950.00067132679,943.721673637014,2649.91848529819));
#13258=CARTESIAN_POINT('Ctrl Pts',(4950.0008951022,944.961437133972,2649.86415089613));
#13259=CARTESIAN_POINT('Ctrl Pts',(4950.00111887761,946.200010485843,2649.7826623534));
#13260=CARTESIAN_POINT('Ctrl Pts',(4950.00134265302,947.436206058933,2649.67409780712));
#13261=CARTESIAN_POINT('Ctrl Pts',(4950.00156642825,948.672400637246,2649.56553334819));
#13262=CARTESIAN_POINT('Ctrl Pts',(4950.00179020348,949.906217288985,2649.42989294261));
#13263=CARTESIAN_POINT('Ctrl Pts',(4950.00201397872,951.13647294343,2649.26730665199));
#13264=CARTESIAN_POINT('Ctrl Pts',(4950.00224379796,952.399956962924,2649.10032901669));
#13265=CARTESIAN_POINT('Ctrl Pts',(4950.00247361721,953.659684828525,2648.90493003265));
#13266=CARTESIAN_POINT('Ctrl Pts',(4950.00270343646,954.914382512905,2648.68130731686));
#13267=CARTESIAN_POINT('Ctrl Pts',(4950.00292721931,956.136124497613,2648.46355824151));
#13268=CARTESIAN_POINT('Ctrl Pts',(4950.00315100216,957.353096960334,2648.21904886516));
#13269=CARTESIAN_POINT('Ctrl Pts',(4950.00337478501,958.564132902313,2647.94801365666));
#13270=CARTESIAN_POINT('Ctrl Pts',(4950.0035985672,959.775165289285,2647.67697924378));
#13271=CARTESIAN_POINT('Ctrl Pts',(4950.00382234939,960.980261041821,2647.37941918776));
#13272=CARTESIAN_POINT('Ctrl Pts',(4950.00404613158,962.178264556951,2647.05561882797));
#13273=CARTESIAN_POINT('Ctrl Pts',(4950.00426991314,963.37626466758,2646.73181938837));
#13274=CARTESIAN_POINT('Ctrl Pts',(4950.0044936947,964.567172434168,2646.38177983389));
#13275=CARTESIAN_POINT('Ctrl Pts',(4950.00471747625,965.749845865525,2646.0058358262));
#13276=CARTESIAN_POINT('Ctrl Pts',(4950.0049412572,966.932516046754,2645.62989285165));
#13277=CARTESIAN_POINT('Ctrl Pts',(4950.00516503814,968.106951792948,2645.22804561241));
#13278=CARTESIAN_POINT('Ctrl Pts',(4950.00538881908,969.272026914537,2644.8006794477));
#13279=CARTESIAN_POINT('Ctrl Pts',(4950.00561259943,970.437098943518,2644.37331441741));
#13280=CARTESIAN_POINT('Ctrl Pts',(4950.00583637978,971.592810254686,2643.92043064957));
#13281=CARTESIAN_POINT('Ctrl Pts',(4950.00606016012,972.738052619584,2643.44246242105));
#13282=CARTESIAN_POINT('Ctrl Pts',(4950.0062839399,973.883292051818,2642.96449541648));
#13283=CARTESIAN_POINT('Ctrl Pts',(4950.00650771967,975.01806245093,2642.46144413834));
#13284=CARTESIAN_POINT('Ctrl Pts',(4950.00673149945,976.141275674582,2641.93379096739));
#13285=CARTESIAN_POINT('Ctrl Pts',(4950.00695527867,977.264486127207,2641.40613909818));
#13286=CARTESIAN_POINT('Ctrl Pts',(4950.00717905789,978.376139323632,2640.85388552229));
#13287=CARTESIAN_POINT('Ctrl Pts',(4950.00740283711,979.475169294085,2640.27755979841));
#13288=CARTESIAN_POINT('Ctrl Pts',(4950.00762661581,980.57419665614,2639.70123544236));
#13289=CARTESIAN_POINT('Ctrl Pts',(4950.0078503945,981.660600717347,2639.10083912329));
#13290=CARTESIAN_POINT('Ctrl Pts',(4950.00807417319,982.733339724398,2638.47694656148));
#13291=CARTESIAN_POINT('Ctrl Pts',(4950.00829795137,983.806076285947,2637.85305542195));
#13292=CARTESIAN_POINT('Ctrl Pts',(4950.00852172955,984.865147724074,2637.20566822336));
#13293=CARTESIAN_POINT('Ctrl Pts',(4950.00874550773,985.909538499366,2636.53540574272));
#13294=CARTESIAN_POINT('Ctrl Pts',(4950.00896928543,986.953926991623,2635.86514472727));
#13295=CARTESIAN_POINT('Ctrl Pts',(4950.00919306312,987.983634757138,2635.17200861202));
#13296=CARTESIAN_POINT('Ctrl Pts',(4950.00941684081,988.997674417521,2634.45666203954));
#13297=CARTESIAN_POINT('Ctrl Pts',(4950.00964061803,990.011711956211,2633.74131696379));
#13298=CARTESIAN_POINT('Ctrl Pts',(4950.00986439526,991.010081330968,2633.00376161151));
#13299=CARTESIAN_POINT('Ctrl Pts',(4950.01008817248,991.991825217535,2632.24470321556));
#13300=CARTESIAN_POINT('Ctrl Pts',(4950.01031194926,992.973567141951,2631.4856463367));
#13301=CARTESIAN_POINT('Ctrl Pts',(4950.01053572604,993.938683524229,2630.70508659324));
#13302=CARTESIAN_POINT('Ctrl Pts',(4950.01075950281,994.886248929701,2629.90377245143));
#13303=CARTESIAN_POINT('Ctrl Pts',(4950.01098327916,995.833812530102,2629.10245983609));
#13304=CARTESIAN_POINT('Ctrl Pts',(4950.01120705551,996.763825104354,2628.28039299978));
#13305=CARTESIAN_POINT('Ctrl Pts',(4950.01143083186,997.675394881665,2627.43836020624));
#13306=CARTESIAN_POINT('Ctrl Pts',(4950.01165460781,998.586963007868,2626.59632893785));
#13307=CARTESIAN_POINT('Ctrl Pts',(4950.01187838375,999.480088292144,2625.73433188786));
#13308=CARTESIAN_POINT('Ctrl Pts',(4950.0121021597,1000.3539143373,2624.85319560529));
#13309=CARTESIAN_POINT('Ctrl Pts',(4950.01232593526,1001.22773888157,2623.97206083617));
#13310=CARTESIAN_POINT('Ctrl Pts',(4950.01254971082,1002.08226414586,2623.07178700832));
#13311=CARTESIAN_POINT('Ctrl Pts',(4950.01277348638,1002.91667074844,2622.15323737053));
#13312=CARTESIAN_POINT('Ctrl Pts',(4950.01300896847,1003.7947282342,2621.18663501743));
#13313=CARTESIAN_POINT('Ctrl Pts',(4950.01324445055,1004.65050653162,2620.19979447663));
#13314=CARTESIAN_POINT('Ctrl Pts',(4950.01347993264,1005.48309698439,2619.19376356494));
#13315=CARTESIAN_POINT('Ctrl Pts',(4950.01370371531,1006.27432199887,2618.23771510195));
#13316=CARTESIAN_POINT('Ctrl Pts',(4950.01392749798,1007.044606261,2617.2643361863));
#13317=CARTESIAN_POINT('Ctrl Pts',(4950.01415128065,1007.7932111186,2616.27456022463));
#13318=CARTESIAN_POINT('Ctrl Pts',(4950.01437506204,1008.54181168884,2615.28478993153));
#13319=CARTESIAN_POINT('Ctrl Pts',(4950.01459884343,1009.26873301109,2614.27862290167));
#13320=CARTESIAN_POINT('Ctrl Pts',(4950.01482262482,1009.97327802338,2613.25702397229));
#13321=CARTESIAN_POINT('Ctrl Pts',(4950.01504640501,1010.67781926469,2612.23543051088));
#13322=CARTESIAN_POINT('Ctrl Pts',(4950.0152701852,1011.3599843492,2611.19840544048));
#13323=CARTESIAN_POINT('Ctrl Pts',(4950.0154939654,1012.01911913975,2610.14694317819));
#13324=CARTESIAN_POINT('Ctrl Pts',(4950.01571774448,1012.67825064938,2609.09548614967));
#13325=CARTESIAN_POINT('Ctrl Pts',(4950.01594152355,1013.31435201351,2608.02959220199));
#13326=CARTESIAN_POINT('Ctrl Pts',(4950.01616530263,1013.92681327216,2606.95028342483));
#13327=CARTESIAN_POINT('Ctrl Pts',(4950.01638908068,1014.53927171174,2605.87097961557));
#13328=CARTESIAN_POINT('Ctrl Pts',(4950.01661285873,1015.12809018838,2604.77826123273));
#13329=CARTESIAN_POINT('Ctrl Pts',(4950.01683663678,1015.69270408705,2603.6731760784));
#13330=CARTESIAN_POINT('Ctrl Pts',(4950.01706041388,1016.25731559845,2602.56809559652));
#13331=CARTESIAN_POINT('Ctrl Pts',(4950.01728419098,1016.79772266733,2601.45064858328));
#13332=CARTESIAN_POINT('Ctrl Pts',(4950.01750796808,1017.31340710449,2600.32190654388));
#13333=CARTESIAN_POINT('Ctrl Pts',(4950.01773174432,1017.82908955451,2599.19316885399));
#13334=CARTESIAN_POINT('Ctrl Pts',(4950.01795552056,1018.32004950012,2598.05313636344));
#13335=CARTESIAN_POINT('Ctrl Pts',(4950.0181792968,1018.78581616994,2596.90290222591));
#13336=CARTESIAN_POINT('Ctrl Pts',(4950.01840307226,1019.2515812195,2595.75267208971));
#13337=CARTESIAN_POINT('Ctrl Pts',(4950.01862684772,1019.69215311144,2594.5922405186));
#13338=CARTESIAN_POINT('Ctrl Pts',(4950.01885062319,1020.10710939339,2593.42272021879));
#13339=CARTESIAN_POINT('Ctrl Pts',(4950.01907440557,1020.52207852023,2592.25316371672));
#13340=CARTESIAN_POINT('Ctrl Pts',(4950.01929818796,1020.91143040004,2591.07451806663));
#13341=CARTESIAN_POINT('Ctrl Pts',(4950.01952197035,1021.27479167082,2589.88791350966));
#13342=CARTESIAN_POINT('Ctrl Pts',(4950.0197457503,1021.63814897445,2588.70132190797));
#13343=CARTESIAN_POINT('Ctrl Pts',(4950.01996953024,1021.97551619208,2587.50677171877));
#13344=CARTESIAN_POINT('Ctrl Pts',(4950.02019331019,1022.28656981855,2586.30540840954));
#13345=CARTESIAN_POINT('Ctrl Pts',(4950.02041708802,1022.59762051522,2585.10405641588));
#13346=CARTESIAN_POINT('Ctrl Pts',(4950.02064086586,1022.88235807833,2583.89589157793));
#13347=CARTESIAN_POINT('Ctrl Pts',(4950.0208646437,1023.14050947499,2582.6820723966));
#13348=CARTESIAN_POINT('Ctrl Pts',(4950.02108841976,1023.3986588271,2581.46826282874));
#13349=CARTESIAN_POINT('Ctrl Pts',(4950.02131219583,1023.63022240229,2580.24879915597));
#13350=CARTESIAN_POINT('Ctrl Pts',(4950.02153597189,1023.83497815937,2579.02485069506));
#13351=CARTESIAN_POINT('Ctrl Pts',(4950.02175975373,1024.03973919454,2577.8008706838));
#13352=CARTESIAN_POINT('Ctrl Pts',(4950.02198353556,1024.21769100417,2576.57240580328));
#13353=CARTESIAN_POINT('Ctrl Pts',(4950.02220731739,1024.3686629454,2575.34063406207));
#13354=CARTESIAN_POINT('Ctrl Pts',(4950.02243109482,1024.51963191388,2574.10888657533));
#13355=CARTESIAN_POINT('Ctrl Pts',(4950.02265487225,1024.64362205812,2572.87383250923));
#13356=CARTESIAN_POINT('Ctrl Pts',(4950.02287864967,1024.74051448524,2571.63665614425));
#13357=CARTESIAN_POINT('Ctrl Pts',(4950.02310243044,1024.83740835994,2570.39946129586));
#13358=CARTESIAN_POINT('Ctrl Pts',(4950.02332621121,1024.90720369582,2569.1601442369));
#13359=CARTESIAN_POINT('Ctrl Pts',(4950.02354999198,1024.94983356488,2567.91989337111));
#13360=CARTESIAN_POINT('Ctrl Pts',(4950.0237255368,1024.98327456481,2566.94697860449));
#13361=CARTESIAN_POINT('Ctrl Pts',(4950.02390108163,1025.,2565.97348931355));
#13362=CARTESIAN_POINT('Ctrl Pts',(4950.02407662645,1025.,2565.));
#13363=CARTESIAN_POINT('',(800.,940.,2650.));
#13364=CARTESIAN_POINT('Ctrl Pts',(794.162919674669,1025.,2565.));
#13365=CARTESIAN_POINT('Ctrl Pts',(794.164253100539,1025.,2565.0186118146));
#13366=CARTESIAN_POINT('Ctrl Pts',(794.165586486982,1024.99999388707,2565.03722363023));
#13367=CARTESIAN_POINT('Ctrl Pts',(794.576663039605,1024.99622459771,2570.77532632302));
#13368=CARTESIAN_POINT('Ctrl Pts',(794.981604914187,1024.41519610663,2576.48039635613));
#13369=CARTESIAN_POINT('Ctrl Pts',(795.770275244417,1022.11592586915,2587.68662598387));
#13370=CARTESIAN_POINT('Ctrl Pts',(796.152037943461,1020.40374152015,2593.15970944528));
#13371=CARTESIAN_POINT('Ctrl Pts',(797.220294051749,1013.80519144555,2608.59072997922));
#13372=CARTESIAN_POINT('Ctrl Pts',(797.84844595098,1007.51032625792,2617.81975119697));
#13373=CARTESIAN_POINT('Ctrl Pts',(798.894558290049,991.745933079876,2633.33281888473));
#13374=CARTESIAN_POINT('Ctrl Pts',(799.30324181932,982.434299234442,2639.47505156389));
#13375=CARTESIAN_POINT('Ctrl Pts',(799.85842294161,961.984638027263,2647.84691342772));
#13376=CARTESIAN_POINT('Ctrl Pts',(800.000000000001,951.045767080483,2650.));
#13377=CARTESIAN_POINT('Ctrl Pts',(800.000000000001,940.,2650.));
#13378=CARTESIAN_POINT('',(1775.00002205161,940.,2650.));
#13379=CARTESIAN_POINT('Origin',(726.738476953908,940.,2096.86372745491));
#13380=CARTESIAN_POINT('',(175.,940.,2180.));
#13381=CARTESIAN_POINT('Ctrl Pts',(258.98409374963,1025.,2166.88845267262));
#13382=CARTESIAN_POINT('Ctrl Pts',(258.930770505039,1025.,2166.89676388718));
#13383=CARTESIAN_POINT('Ctrl Pts',(258.877447280241,1024.99994860578,2166.90507513053));
#13384=CARTESIAN_POINT('Ctrl Pts',(253.211225140083,1024.98902611055,2167.78824534576));
#13385=CARTESIAN_POINT('Ctrl Pts',(247.613554728036,1024.40878244279,2168.66104525115));
#13386=CARTESIAN_POINT('Ctrl Pts',(236.616685338932,1022.12686116189,2170.37626136891));
#13387=CARTESIAN_POINT('Ctrl Pts',(231.245127902437,1020.43092133847,2171.21436564108));
#13388=CARTESIAN_POINT('Ctrl Pts',(216.019217978686,1013.86927993626,2173.59068887616));
#13389=CARTESIAN_POINT('Ctrl Pts',(206.890526304266,1007.58550393163,2175.01632589349));
#13390=CARTESIAN_POINT('Ctrl Pts',(191.527047776171,991.830186776572,2177.41648458103));
#13391=CARTESIAN_POINT('Ctrl Pts',(185.439095019109,982.509326040133,2178.36804489587));
#13392=CARTESIAN_POINT('Ctrl Pts',(177.135892884245,962.030375031737,2179.66601163554));
#13393=CARTESIAN_POINT('Ctrl Pts',(174.999999999998,951.068100652705,2179.99999999999));
#13394=CARTESIAN_POINT('Ctrl Pts',(174.999999999995,940.,2179.99999999997));
#13395=CARTESIAN_POINT('Origin',(726.738476953908,940.,2096.86372745491));
#13396=CARTESIAN_POINT('Origin',(147.300389760293,940.,1477.64045090975));
#13397=CARTESIAN_POINT('',(0.,940.,1100.));
#13398=CARTESIAN_POINT('Origin',(85.,940.,1093.15804553194));
#13399=CARTESIAN_POINT('',(63.3947659057679,940.,1491.23626958988));
#13400=CARTESIAN_POINT('Origin',(85.,940.,858.707640121806));
#13401=CARTESIAN_POINT('',(0.,940.,260.));
#13402=CARTESIAN_POINT('',(0.,940.,858.707640121806));
#13403=CARTESIAN_POINT('Origin',(85.,940.,345.));
#13404=CARTESIAN_POINT('Origin',(4125.00002205161,940.,345.));
#13405=CARTESIAN_POINT('',(4125.00002205161,940.,260.));
#13406=CARTESIAN_POINT('Origin',(4950.31140350877,940.,2100.31140350877));
#13407=CARTESIAN_POINT('',(5500.,940.,2100.));
#13408=CARTESIAN_POINT('Ctrl Pts',(5500.,940.,2100.));
#13409=CARTESIAN_POINT('Ctrl Pts',(5499.99999985004,941.24095459272,2099.99973529183));
#13410=CARTESIAN_POINT('Ctrl Pts',(5499.97281944959,942.481909109338,2099.99948598153));
#13411=CARTESIAN_POINT('Ctrl Pts',(5499.91848486116,943.721673630961,2099.99925217205));
#13412=CARTESIAN_POINT('Ctrl Pts',(5499.86415031771,944.961437125896,2099.99901836277));
#13413=CARTESIAN_POINT('Ctrl Pts',(5499.78266163793,946.200010475749,2099.99880005432));
#13414=CARTESIAN_POINT('Ctrl Pts',(5499.67409695896,947.436206046833,2099.99859731977));
#13415=CARTESIAN_POINT('Ctrl Pts',(5499.56553236736,948.672400623133,2099.99839458538));
#13416=CARTESIAN_POINT('Ctrl Pts',(5499.42989183347,949.906217272872,2099.99820742489));
#13417=CARTESIAN_POINT('Ctrl Pts',(5499.26730541896,951.136472925333,2099.99803588122));
#13418=CARTESIAN_POINT('Ctrl Pts',(5499.10032765614,952.399956945052,2099.99785970427));
#13419=CARTESIAN_POINT('Ctrl Pts',(5498.90492854913,953.659684810881,2099.99769999928));
#13420=CARTESIAN_POINT('Ctrl Pts',(5498.68130571497,954.914382495496,2099.99755677938));
#13421=CARTESIAN_POINT('Ctrl Pts',(5498.46355652476,956.136124478224,2099.99741732126));
#13422=CARTESIAN_POINT('Ctrl Pts',(5498.21904703801,957.353096938987,2099.99729349348));
#13423=CARTESIAN_POINT('Ctrl Pts',(5497.94801172359,958.564132879034,2099.99718527715));
#13424=CARTESIAN_POINT('Ctrl Pts',(5497.6769772048,959.775165264063,2099.99707706114));
#13425=CARTESIAN_POINT('Ctrl Pts',(5497.37941704735,960.980261014682,2099.99698445648));
#13426=CARTESIAN_POINT('Ctrl Pts',(5497.05561659064,962.178264527929,2099.99690741361));
#13427=CARTESIAN_POINT('Ctrl Pts',(5496.73181705412,963.37626463666,2099.99683037096));
#13428=CARTESIAN_POINT('Ctrl Pts',(5496.38177740723,964.567172401382,2099.99676889));
#13429=CARTESIAN_POINT('Ctrl Pts',(5496.00583331165,965.749845830912,2099.99672289042));
#13430=CARTESIAN_POINT('Ctrl Pts',(5495.62989024921,966.932516010298,2099.99667689097));
#13431=CARTESIAN_POINT('Ctrl Pts',(5495.22804292658,968.106951754688,2099.9966463728));
#13432=CARTESIAN_POINT('Ctrl Pts',(5494.80067668301,969.272026874517,2099.99663122488));
#13433=CARTESIAN_POINT('Ctrl Pts',(5494.37331157386,970.43709890172,2099.99661607699));
#13434=CARTESIAN_POINT('Ctrl Pts',(5493.92042773168,971.592810211156,2099.99661629925));
#13435=CARTESIAN_POINT('Ctrl Pts',(5493.44245943332,972.738052574371,2099.99663174996));
#13436=CARTESIAN_POINT('Ctrl Pts',(5492.96449235893,973.883292004899,2099.99664720062));
#13437=CARTESIAN_POINT('Ctrl Pts',(5492.46144101547,975.018062402357,2099.99667787964));
#13438=CARTESIAN_POINT('Ctrl Pts',(5491.93378778368,976.14127562441,2099.99672361476));
#13439=CARTESIAN_POINT('Ctrl Pts',(5491.40613585364,977.26448607542,2099.99676934977));
#13440=CARTESIAN_POINT('Ctrl Pts',(5490.8538822214,978.376139270285,2099.99683014081));
#13441=CARTESIAN_POINT('Ctrl Pts',(5490.27755644563,979.47516923924,2099.99690578529));
#13442=CARTESIAN_POINT('Ctrl Pts',(5489.7012320377,980.574196599777,2099.99698142959));
#13443=CARTESIAN_POINT('Ctrl Pts',(5489.10083567121,981.660600659527,2099.99707192725));
#13444=CARTESIAN_POINT('Ctrl Pts',(5488.47694306639,982.733339665188,2099.99717704561));
#13445=CARTESIAN_POINT('Ctrl Pts',(5487.85305188387,983.806076225326,2099.99728216374));
#13446=CARTESIAN_POINT('Ctrl Pts',(5487.20566464669,984.865147662112,2099.99740190247));
#13447=CARTESIAN_POINT('Ctrl Pts',(5486.53540213184,985.909538436134,2099.9975359994));
#13448=CARTESIAN_POINT('Ctrl Pts',(5485.8651410822,986.953926927096,2099.99767009603));
#13449=CARTESIAN_POINT('Ctrl Pts',(5485.17200493713,987.983634691389,2099.99781855077));
#13450=CARTESIAN_POINT('Ctrl Pts',(5484.45665833913,988.997674350628,2099.99798107179));
#13451=CARTESIAN_POINT('Ctrl Pts',(5483.74131323788,990.011711888155,2099.99814359247));
#13452=CARTESIAN_POINT('Ctrl Pts',(5483.00375786441,991.010081261828,2099.99832017936));
#13453=CARTESIAN_POINT('Ctrl Pts',(5482.24469945151,991.991825147393,2099.99851051167));
#13454=CARTESIAN_POINT('Ctrl Pts',(5481.48564255571,992.97356707079,2099.9987008436));
#13455=CARTESIAN_POINT('Ctrl Pts',(5480.70508279955,993.938683452132,2099.99890492088));
#13456=CARTESIAN_POINT('Ctrl Pts',(5479.90376864922,994.886248856757,2099.99912239427));
#13457=CARTESIAN_POINT('Ctrl Pts',(5479.10245602537,995.833812456287,2099.99933986724));
#13458=CARTESIAN_POINT('Ctrl Pts',(5478.28038918471,996.763825029757,2099.99957073623));
#13459=CARTESIAN_POINT('Ctrl Pts',(5477.4383563909,997.675394806378,2099.99981462411));
#13460=CARTESIAN_POINT('Ctrl Pts',(5476.59632512227,998.586962931868,2100.00005851155));
#13461=CARTESIAN_POINT('Ctrl Pts',(5475.73432807611,999.480088215525,2100.00031541778));
#13462=CARTESIAN_POINT('Ctrl Pts',(5474.85319180135,1000.35391426016,2100.00058493837));
#13463=CARTESIAN_POINT('Ctrl Pts',(5473.97205704007,1001.22773880389,2100.0008544585));
#13464=CARTESIAN_POINT('Ctrl Pts',(5473.07178322403,1002.08226406773,2100.00113659289));
#13465=CARTESIAN_POINT('Ctrl Pts',(5472.15323360193,1002.91667066997,2100.0014309105));
#13466=CARTESIAN_POINT('Ctrl Pts',(5471.18663126168,1003.79472815869,2100.00174062494));
#13467=CARTESIAN_POINT('Ctrl Pts',(5470.19979073786,1004.65050645902,2100.00206383082));
#13468=CARTESIAN_POINT('Ctrl Pts',(5469.19375984718,1005.48309691463,2100.00239999486));
#13469=CARTESIAN_POINT('Ctrl Pts',(5468.23771140781,1006.27432192878,2100.00271945732));
#13470=CARTESIAN_POINT('Ctrl Pts',(5467.26433251954,1007.04460619068,2100.00305062204));
#13471=CARTESIAN_POINT('Ctrl Pts',(5466.27455658889,1007.79321104816,2100.00339300558));
#13472=CARTESIAN_POINT('Ctrl Pts',(5465.28478632683,1008.54181161826,2100.00373538716));
#13473=CARTESIAN_POINT('Ctrl Pts',(5464.27861933164,1009.26873294048,2100.00408898738));
#13474=CARTESIAN_POINT('Ctrl Pts',(5463.25702044042,1009.97327795286,2100.00445329854));
#13475=CARTESIAN_POINT('Ctrl Pts',(5462.2354270172,1010.67781919425,2100.00481760775));
#13476=CARTESIAN_POINT('Ctrl Pts',(5461.19840198848,1011.35998427894,2100.00519262772));
#13477=CARTESIAN_POINT('Ctrl Pts',(5460.14693977123,1012.01911906978,2100.0055778274));
#13478=CARTESIAN_POINT('Ctrl Pts',(5459.09548278777,1012.6782505797,2100.00596302516));
#13479=CARTESIAN_POINT('Ctrl Pts',(5458.0295888885,1013.31435194422,2100.00635840247));
#13480=CARTESIAN_POINT('Ctrl Pts',(5456.95028016295,1013.9268132034,2100.00676340584));
#13481=CARTESIAN_POINT('Ctrl Pts',(5455.87097640533,1014.53927164348,2100.00716840734));
#13482=CARTESIAN_POINT('Ctrl Pts',(5454.77825807734,1015.12809012075,2100.00758303475));
#13483=CARTESIAN_POINT('Ctrl Pts',(5453.67317298089,1015.69270402016,2100.00800671313));
#13484=CARTESIAN_POINT('Ctrl Pts',(5452.56809255691,1016.25731553231,2100.00843038972));
#13485=CARTESIAN_POINT('Ctrl Pts',(5451.45064560462,1016.79772260205,2100.00886311714));
#13486=CARTESIAN_POINT('Ctrl Pts',(5450.32190362903,1017.3134070402,2100.00930430005));
#13487=CARTESIAN_POINT('Ctrl Pts',(5449.19316600298,1017.8290894912,2100.00974548126));
#13488=CARTESIAN_POINT('Ctrl Pts',(5448.05313357914,1018.32004943791,2100.01019511783));
#13489=CARTESIAN_POINT('Ctrl Pts',(5446.90289951102,1018.78581610895,2100.01065259507));
#13490=CARTESIAN_POINT('Ctrl Pts',(5445.75266944426,1019.25158115972,2100.01111007072));
#13491=CARTESIAN_POINT('Ctrl Pts',(5444.59223794529,1019.692153053,2100.01157538692));
#13492=CARTESIAN_POINT('Ctrl Pts',(5443.42271772012,1020.10710933642,2100.01204791078));
#13493=CARTESIAN_POINT('Ctrl Pts',(5442.25316129273,1020.52207846472,2100.01252044926));
#13494=CARTESIAN_POINT('Ctrl Pts',(5441.07451571983,1020.91143034612,2100.01300019577));
#13495=CARTESIAN_POINT('Ctrl Pts',(5439.88791124237,1021.27479161862,2100.01348650029));
#13496=CARTESIAN_POINT('Ctrl Pts',(5438.70131972021,1021.63814892395,2100.01397279951));
#13497=CARTESIAN_POINT('Ctrl Pts',(5437.50676961286,1021.97551614343,2100.01446565651));
#13498=CARTESIAN_POINT('Ctrl Pts',(5436.30540638762,1022.28656977186,2100.01496440544));
#13499=CARTESIAN_POINT('Ctrl Pts',(5435.10405447796,1022.59762047049,2100.01546314967));
#13500=CARTESIAN_POINT('Ctrl Pts',(5433.89588972613,1022.8823580357,2100.01596778565));
#13501=CARTESIAN_POINT('Ctrl Pts',(5432.68207063285,1023.14050943458,2100.01647763289));
#13502=CARTESIAN_POINT('Ctrl Pts',(5431.46826115305,1023.3986587889,2100.0169874761));
#13503=CARTESIAN_POINT('Ctrl Pts',(5430.24879757027,1023.63022236644,2100.01750253041));
#13504=CARTESIAN_POINT('Ctrl Pts',(5429.02484920106,1023.83497812599,2100.01802210203));
#13505=CARTESIAN_POINT('Ctrl Pts',(5427.80086928151,1024.03973916363,2100.01854168704));
#13506=CARTESIAN_POINT('Ctrl Pts',(5426.57240449442,1024.21769097586,2100.01906578949));
#13507=CARTESIAN_POINT('Ctrl Pts',(5425.34063284813,1024.36866291981,2100.01959370348));
#13508=CARTESIAN_POINT('Ctrl Pts',(5424.10888545633,1024.51963189101,2100.02012160707));
#13509=CARTESIAN_POINT('Ctrl Pts',(5422.87383148665,1024.64362203809,2100.02065332195));
#13510=CARTESIAN_POINT('Ctrl Pts',(5421.63665521937,1024.74051446818,2100.02118813154));
#13511=CARTESIAN_POINT('Ctrl Pts',(5420.39946046869,1024.83740834585,2100.02172294911));
#13512=CARTESIAN_POINT('Ctrl Pts',(5419.16014350873,1024.90720368483,2100.02226086139));
#13513=CARTESIAN_POINT('Ctrl Pts',(5417.91989274298,1024.9498335571,2100.02280114238));
#13514=CARTESIAN_POINT('Ctrl Pts',(5416.94697797726,1024.98327456221,2100.02322496583));
#13515=CARTESIAN_POINT('Ctrl Pts',(5415.97348868778,1025.,2100.02365024669));
#13516=CARTESIAN_POINT('Ctrl Pts',(5414.99999937627,1025.,2100.02407663105));
#13517=CARTESIAN_POINT('Origin',(4950.31140350877,940.,2100.31140350877));
#13518=CARTESIAN_POINT('Origin',(5415.,940.,1778.70764012181));
#13519=CARTESIAN_POINT('',(5500.,940.,1778.70764012181));
#13520=CARTESIAN_POINT('Origin',(5500.,-1025.,260.));
#13521=CARTESIAN_POINT('',(0.,-1025.,260.));
#13522=CARTESIAN_POINT('Origin',(5500.,-1025.,2100.));
#13523=CARTESIAN_POINT('',(5500.,-940.,2100.));
#13524=CARTESIAN_POINT('',(5500.,-1025.,2100.));
#13525=CARTESIAN_POINT('',(5500.,-940.,1778.70764012181));
#13526=CARTESIAN_POINT('Origin',(4950.31140350877,-1025.,2100.31140350877));
#13527=CARTESIAN_POINT('',(4950.,-940.,2650.));
#13528=CARTESIAN_POINT('',(4950.,-1025.,2650.));
#13529=CARTESIAN_POINT('Origin',(4950.31140350877,-940.,2100.31140350877));
#13530=CARTESIAN_POINT('Origin',(800.,-1025.,2650.));
#13531=CARTESIAN_POINT('',(800.,-940.,2650.));
#13532=CARTESIAN_POINT('',(800.,-1025.,2650.));
#13533=CARTESIAN_POINT('',(1775.00002205161,-940.,2650.));
#13534=CARTESIAN_POINT('Origin',(85.,-940.,858.707640121806));
#13535=CARTESIAN_POINT('',(0.,-940.,1100.));
#13536=CARTESIAN_POINT('Origin',(85.,-940.,1093.15804553194));
#13537=CARTESIAN_POINT('',(0.,-940.,858.707640121806));
#13538=CARTESIAN_POINT('Origin',(726.738476953908,-940.,2096.86372745491));
#13539=CARTESIAN_POINT('',(175.,-940.,2180.));
#13540=CARTESIAN_POINT('Origin',(726.738476953908,-940.,2096.86372745491));
#13541=CARTESIAN_POINT('Ctrl Pts',(174.999999999995,-940.,2179.99999999997));
#13542=CARTESIAN_POINT('Ctrl Pts',(174.999999999998,-951.068100652705,2179.99999999999));
#13543=CARTESIAN_POINT('Ctrl Pts',(177.135892884245,-962.030375031737,2179.66601163554));
#13544=CARTESIAN_POINT('Ctrl Pts',(185.439095019109,-982.509326040133,2178.36804489587));
#13545=CARTESIAN_POINT('Ctrl Pts',(191.527047776171,-991.830186776572,2177.41648458103));
#13546=CARTESIAN_POINT('Ctrl Pts',(206.890526304265,-1007.58550393163,2175.01632589349));
#13547=CARTESIAN_POINT('Ctrl Pts',(216.019217978674,-1013.86927993625,2173.59068887616));
#13548=CARTESIAN_POINT('Ctrl Pts',(231.245127902438,-1020.43092133847,2171.21436564108));
#13549=CARTESIAN_POINT('Ctrl Pts',(236.616685338929,-1022.12686116189,2170.3762613689));
#13550=CARTESIAN_POINT('Ctrl Pts',(247.613554728047,-1024.40878244279,2168.66104525114));
#13551=CARTESIAN_POINT('Ctrl Pts',(253.211225140081,-1024.98902611055,2167.78824534541));
#13552=CARTESIAN_POINT('Ctrl Pts',(258.877447280241,-1024.99994860578,2166.90507513054));
#13553=CARTESIAN_POINT('Ctrl Pts',(258.93077050504,-1025.,2166.89676388717));
#13554=CARTESIAN_POINT('Ctrl Pts',(258.984093749629,-1025.,2166.88845267262));
#13555=CARTESIAN_POINT('Ctrl Pts',(794.162919674669,-1025.,2565.));
#13556=CARTESIAN_POINT('Ctrl Pts',(794.164253100539,-1025.,2565.0186118146));
#13557=CARTESIAN_POINT('Ctrl Pts',(794.165586486982,-1024.99999388707,2565.03722363023));
#13558=CARTESIAN_POINT('Ctrl Pts',(794.576663039632,-1024.99622459771,2570.77532632302));
#13559=CARTESIAN_POINT('Ctrl Pts',(794.981604914189,-1024.41519610663,2576.48039635613));
#13560=CARTESIAN_POINT('Ctrl Pts',(795.77027524442,-1022.11592586915,2587.68662598386));
#13561=CARTESIAN_POINT('Ctrl Pts',(796.152037943456,-1020.40374152015,2593.15970944528));
#13562=CARTESIAN_POINT('Ctrl Pts',(797.220294051746,-1013.80519144555,2608.59072997922));
#13563=CARTESIAN_POINT('Ctrl Pts',(797.84844595098,-1007.51032625792,2617.81975119697));
#13564=CARTESIAN_POINT('Ctrl Pts',(798.894558290049,-991.745933079876,2633.33281888473));
#13565=CARTESIAN_POINT('Ctrl Pts',(799.30324181932,-982.434299234442,2639.47505156389));
#13566=CARTESIAN_POINT('Ctrl Pts',(799.85842294161,-961.984638027263,2647.84691342772));
#13567=CARTESIAN_POINT('Ctrl Pts',(800.000000000001,-951.045767080483,2650.));
#13568=CARTESIAN_POINT('Ctrl Pts',(800.000000000001,-940.,2650.));
#13569=CARTESIAN_POINT('Origin',(147.300389760293,-940.,1477.64045090975));
#13570=CARTESIAN_POINT('',(63.3947659057679,-940.,1491.23626958988));
#13571=CARTESIAN_POINT('Origin',(5415.,-940.,1778.70764012181));
#13572=CARTESIAN_POINT('Ctrl Pts',(5500.,-940.,2100.));
#13573=CARTESIAN_POINT('Ctrl Pts',(5500.,-941.24095459474,2100.0002237756));
#13574=CARTESIAN_POINT('Ctrl Pts',(5499.97281974525,-942.481909113377,2100.00044755119));
#13575=CARTESIAN_POINT('Ctrl Pts',(5499.91848529819,-943.721673637014,2100.00067132679));
#13576=CARTESIAN_POINT('Ctrl Pts',(5499.86415089613,-944.961437133972,2100.0008951022));
#13577=CARTESIAN_POINT('Ctrl Pts',(5499.7826623534,-946.200010485843,2100.00111887761));
#13578=CARTESIAN_POINT('Ctrl Pts',(5499.67409780712,-947.436206058933,2100.00134265302));
#13579=CARTESIAN_POINT('Ctrl Pts',(5499.56553334819,-948.672400637246,2100.00156642825));
#13580=CARTESIAN_POINT('Ctrl Pts',(5499.42989294261,-949.906217288985,2100.00179020348));
#13581=CARTESIAN_POINT('Ctrl Pts',(5499.26730665199,-951.13647294343,2100.00201397872));
#13582=CARTESIAN_POINT('Ctrl Pts',(5499.10032901669,-952.399956962924,2100.00224379796));
#13583=CARTESIAN_POINT('Ctrl Pts',(5498.90493003265,-953.659684828525,2100.00247361721));
#13584=CARTESIAN_POINT('Ctrl Pts',(5498.68130731686,-954.914382512905,2100.00270343646));
#13585=CARTESIAN_POINT('Ctrl Pts',(5498.46355824151,-956.136124497613,2100.00292721931));
#13586=CARTESIAN_POINT('Ctrl Pts',(5498.21904886516,-957.353096960334,2100.00315100216));
#13587=CARTESIAN_POINT('Ctrl Pts',(5497.94801365666,-958.564132902313,2100.00337478501));
#13588=CARTESIAN_POINT('Ctrl Pts',(5497.67697924378,-959.775165289285,2100.0035985672));
#13589=CARTESIAN_POINT('Ctrl Pts',(5497.37941918776,-960.980261041821,2100.00382234939));
#13590=CARTESIAN_POINT('Ctrl Pts',(5497.05561882798,-962.178264556951,2100.00404613158));
#13591=CARTESIAN_POINT('Ctrl Pts',(5496.73181938837,-963.37626466758,2100.00426991314));
#13592=CARTESIAN_POINT('Ctrl Pts',(5496.38177983389,-964.567172434168,2100.0044936947));
#13593=CARTESIAN_POINT('Ctrl Pts',(5496.0058358262,-965.749845865525,2100.00471747625));
#13594=CARTESIAN_POINT('Ctrl Pts',(5495.62989285165,-966.932516046754,2100.0049412572));
#13595=CARTESIAN_POINT('Ctrl Pts',(5495.22804561241,-968.106951792948,2100.00516503814));
#13596=CARTESIAN_POINT('Ctrl Pts',(5494.8006794477,-969.272026914537,2100.00538881908));
#13597=CARTESIAN_POINT('Ctrl Pts',(5494.37331441741,-970.437098943518,2100.00561259943));
#13598=CARTESIAN_POINT('Ctrl Pts',(5493.92043064957,-971.592810254686,2100.00583637977));
#13599=CARTESIAN_POINT('Ctrl Pts',(5493.44246242105,-972.738052619584,2100.00606016012));
#13600=CARTESIAN_POINT('Ctrl Pts',(5492.96449541648,-973.883292051818,2100.0062839399));
#13601=CARTESIAN_POINT('Ctrl Pts',(5492.46144413834,-975.01806245093,2100.00650771967));
#13602=CARTESIAN_POINT('Ctrl Pts',(5491.93379096739,-976.141275674582,2100.00673149945));
#13603=CARTESIAN_POINT('Ctrl Pts',(5491.40613909818,-977.264486127207,2100.00695527867));
#13604=CARTESIAN_POINT('Ctrl Pts',(5490.85388552229,-978.376139323632,2100.00717905789));
#13605=CARTESIAN_POINT('Ctrl Pts',(5490.27755979841,-979.475169294085,2100.00740283711));
#13606=CARTESIAN_POINT('Ctrl Pts',(5489.70123544236,-980.57419665614,2100.00762661581));
#13607=CARTESIAN_POINT('Ctrl Pts',(5489.10083912329,-981.660600717347,2100.0078503945));
#13608=CARTESIAN_POINT('Ctrl Pts',(5488.47694656148,-982.733339724398,2100.00807417319));
#13609=CARTESIAN_POINT('Ctrl Pts',(5487.85305542195,-983.806076285947,2100.00829795137));
#13610=CARTESIAN_POINT('Ctrl Pts',(5487.20566822336,-984.865147724074,2100.00852172955));
#13611=CARTESIAN_POINT('Ctrl Pts',(5486.53540574272,-985.909538499366,2100.00874550773));
#13612=CARTESIAN_POINT('Ctrl Pts',(5485.86514472727,-986.953926991623,2100.00896928543));
#13613=CARTESIAN_POINT('Ctrl Pts',(5485.17200861202,-987.983634757138,2100.00919306312));
#13614=CARTESIAN_POINT('Ctrl Pts',(5484.45666203954,-988.997674417521,2100.00941684081));
#13615=CARTESIAN_POINT('Ctrl Pts',(5483.74131696379,-990.011711956211,2100.00964061803));
#13616=CARTESIAN_POINT('Ctrl Pts',(5483.00376161151,-991.010081330968,2100.00986439526));
#13617=CARTESIAN_POINT('Ctrl Pts',(5482.24470321556,-991.991825217535,2100.01008817248));
#13618=CARTESIAN_POINT('Ctrl Pts',(5481.4856463367,-992.973567141951,2100.01031194926));
#13619=CARTESIAN_POINT('Ctrl Pts',(5480.70508659324,-993.938683524229,2100.01053572603));
#13620=CARTESIAN_POINT('Ctrl Pts',(5479.90377245143,-994.886248929701,2100.01075950281));
#13621=CARTESIAN_POINT('Ctrl Pts',(5479.10245983609,-995.833812530102,2100.01098327916));
#13622=CARTESIAN_POINT('Ctrl Pts',(5478.28039299978,-996.763825104354,2100.01120705551));
#13623=CARTESIAN_POINT('Ctrl Pts',(5477.43836020624,-997.675394881665,2100.01143083186));
#13624=CARTESIAN_POINT('Ctrl Pts',(5476.59632893785,-998.586963007868,2100.01165460781));
#13625=CARTESIAN_POINT('Ctrl Pts',(5475.73433188786,-999.480088292144,2100.01187838375));
#13626=CARTESIAN_POINT('Ctrl Pts',(5474.85319560529,-1000.3539143373,2100.0121021597));
#13627=CARTESIAN_POINT('Ctrl Pts',(5473.97206083617,-1001.22773888157,2100.01232593526));
#13628=CARTESIAN_POINT('Ctrl Pts',(5473.07178700832,-1002.08226414586,2100.01254971082));
#13629=CARTESIAN_POINT('Ctrl Pts',(5472.15323737053,-1002.91667074844,2100.01277348638));
#13630=CARTESIAN_POINT('Ctrl Pts',(5471.18663501743,-1003.7947282342,2100.01300896847));
#13631=CARTESIAN_POINT('Ctrl Pts',(5470.19979447663,-1004.65050653162,2100.01324445055));
#13632=CARTESIAN_POINT('Ctrl Pts',(5469.19376356494,-1005.48309698439,2100.01347993263));
#13633=CARTESIAN_POINT('Ctrl Pts',(5468.23771510195,-1006.27432199887,2100.01370371531));
#13634=CARTESIAN_POINT('Ctrl Pts',(5467.2643361863,-1007.044606261,2100.01392749798));
#13635=CARTESIAN_POINT('Ctrl Pts',(5466.27456022463,-1007.7932111186,2100.01415128065));
#13636=CARTESIAN_POINT('Ctrl Pts',(5465.28478993153,-1008.54181168884,2100.01437506204));
#13637=CARTESIAN_POINT('Ctrl Pts',(5464.27862290167,-1009.26873301109,2100.01459884343));
#13638=CARTESIAN_POINT('Ctrl Pts',(5463.25702397229,-1009.97327802338,2100.01482262482));
#13639=CARTESIAN_POINT('Ctrl Pts',(5462.23543051088,-1010.67781926469,2100.01504640501));
#13640=CARTESIAN_POINT('Ctrl Pts',(5461.19840544048,-1011.3599843492,2100.0152701852));
#13641=CARTESIAN_POINT('Ctrl Pts',(5460.14694317819,-1012.01911913975,2100.0154939654));
#13642=CARTESIAN_POINT('Ctrl Pts',(5459.09548614967,-1012.67825064938,2100.01571774447));
#13643=CARTESIAN_POINT('Ctrl Pts',(5458.02959220199,-1013.31435201351,2100.01594152355));
#13644=CARTESIAN_POINT('Ctrl Pts',(5456.95028342483,-1013.92681327216,2100.01616530263));
#13645=CARTESIAN_POINT('Ctrl Pts',(5455.87097961557,-1014.53927171174,2100.01638908068));
#13646=CARTESIAN_POINT('Ctrl Pts',(5454.77826123273,-1015.12809018838,2100.01661285873));
#13647=CARTESIAN_POINT('Ctrl Pts',(5453.6731760784,-1015.69270408705,2100.01683663678));
#13648=CARTESIAN_POINT('Ctrl Pts',(5452.56809559652,-1016.25731559845,2100.01706041388));
#13649=CARTESIAN_POINT('Ctrl Pts',(5451.45064858328,-1016.79772266733,2100.01728419098));
#13650=CARTESIAN_POINT('Ctrl Pts',(5450.32190654388,-1017.31340710449,2100.01750796808));
#13651=CARTESIAN_POINT('Ctrl Pts',(5449.19316885399,-1017.82908955451,2100.01773174432));
#13652=CARTESIAN_POINT('Ctrl Pts',(5448.05313636344,-1018.32004950012,2100.01795552056));
#13653=CARTESIAN_POINT('Ctrl Pts',(5446.90290222591,-1018.78581616994,2100.0181792968));
#13654=CARTESIAN_POINT('Ctrl Pts',(5445.75267208971,-1019.2515812195,2100.01840307226));
#13655=CARTESIAN_POINT('Ctrl Pts',(5444.5922405186,-1019.69215311144,2100.01862684772));
#13656=CARTESIAN_POINT('Ctrl Pts',(5443.42272021879,-1020.10710939339,2100.01885062319));
#13657=CARTESIAN_POINT('Ctrl Pts',(5442.25316371672,-1020.52207852023,2100.01907440557));
#13658=CARTESIAN_POINT('Ctrl Pts',(5441.07451806663,-1020.91143040004,2100.01929818796));
#13659=CARTESIAN_POINT('Ctrl Pts',(5439.88791350966,-1021.27479167082,2100.01952197035));
#13660=CARTESIAN_POINT('Ctrl Pts',(5438.70132190797,-1021.63814897445,2100.0197457503));
#13661=CARTESIAN_POINT('Ctrl Pts',(5437.50677171877,-1021.97551619208,2100.01996953024));
#13662=CARTESIAN_POINT('Ctrl Pts',(5436.30540840954,-1022.28656981855,2100.02019331019));
#13663=CARTESIAN_POINT('Ctrl Pts',(5435.10405641588,-1022.59762051522,2100.02041708802));
#13664=CARTESIAN_POINT('Ctrl Pts',(5433.89589157793,-1022.88235807833,2100.02064086586));
#13665=CARTESIAN_POINT('Ctrl Pts',(5432.6820723966,-1023.14050947499,2100.0208646437));
#13666=CARTESIAN_POINT('Ctrl Pts',(5431.46826282874,-1023.3986588271,2100.02108841976));
#13667=CARTESIAN_POINT('Ctrl Pts',(5430.24879915597,-1023.63022240229,2100.02131219583));
#13668=CARTESIAN_POINT('Ctrl Pts',(5429.02485069506,-1023.83497815937,2100.02153597189));
#13669=CARTESIAN_POINT('Ctrl Pts',(5427.8008706838,-1024.03973919454,2100.02175975373));
#13670=CARTESIAN_POINT('Ctrl Pts',(5426.57240580328,-1024.21769100417,2100.02198353556));
#13671=CARTESIAN_POINT('Ctrl Pts',(5425.34063406207,-1024.3686629454,2100.02220731739));
#13672=CARTESIAN_POINT('Ctrl Pts',(5424.10888657533,-1024.51963191388,2100.02243109482));
#13673=CARTESIAN_POINT('Ctrl Pts',(5422.87383250924,-1024.64362205812,2100.02265487225));
#13674=CARTESIAN_POINT('Ctrl Pts',(5421.63665614425,-1024.74051448524,2100.02287864967));
#13675=CARTESIAN_POINT('Ctrl Pts',(5420.39946129586,-1024.83740835994,2100.02310243044));
#13676=CARTESIAN_POINT('Ctrl Pts',(5419.1601442369,-1024.90720369582,2100.02332621121));
#13677=CARTESIAN_POINT('Ctrl Pts',(5417.91989337111,-1024.94983356488,2100.02354999198));
#13678=CARTESIAN_POINT('Ctrl Pts',(5416.94697860449,-1024.98327456481,2100.0237255368));
#13679=CARTESIAN_POINT('Ctrl Pts',(5415.97348931355,-1025.,2100.02390108162));
#13680=CARTESIAN_POINT('Ctrl Pts',(5415.,-1025.,2100.02407662645));
#13681=CARTESIAN_POINT('Origin',(4950.31140350877,-940.,2100.31140350877));
#13682=CARTESIAN_POINT('Ctrl Pts',(4950.,-940.,2650.));
#13683=CARTESIAN_POINT('Ctrl Pts',(4949.99973529183,-941.24095459272,2649.99999985004));
#13684=CARTESIAN_POINT('Ctrl Pts',(4949.99948598153,-942.481909109337,2649.97281944959));
#13685=CARTESIAN_POINT('Ctrl Pts',(4949.99925217205,-943.72167363096,2649.91848486115));
#13686=CARTESIAN_POINT('Ctrl Pts',(4949.99901836277,-944.961437125895,2649.86415031771));
#13687=CARTESIAN_POINT('Ctrl Pts',(4949.99880005432,-946.200010475749,2649.78266163793));
#13688=CARTESIAN_POINT('Ctrl Pts',(4949.99859731977,-947.436206046833,2649.67409695896));
#13689=CARTESIAN_POINT('Ctrl Pts',(4949.99839458538,-948.672400623133,2649.56553236735));
#13690=CARTESIAN_POINT('Ctrl Pts',(4949.99820742489,-949.906217272872,2649.42989183347));
#13691=CARTESIAN_POINT('Ctrl Pts',(4949.99803588122,-951.136472925334,2649.26730541896));
#13692=CARTESIAN_POINT('Ctrl Pts',(4949.99785970427,-952.399956945052,2649.10032765614));
#13693=CARTESIAN_POINT('Ctrl Pts',(4949.99769999928,-953.659684810882,2648.90492854912));
#13694=CARTESIAN_POINT('Ctrl Pts',(4949.99755677938,-954.914382495496,2648.68130571497));
#13695=CARTESIAN_POINT('Ctrl Pts',(4949.99741732126,-956.136124478224,2648.46355652476));
#13696=CARTESIAN_POINT('Ctrl Pts',(4949.99729349348,-957.353096938987,2648.21904703801));
#13697=CARTESIAN_POINT('Ctrl Pts',(4949.99718527715,-958.564132879034,2647.94801172359));
#13698=CARTESIAN_POINT('Ctrl Pts',(4949.99707706114,-959.775165264063,2647.6769772048));
#13699=CARTESIAN_POINT('Ctrl Pts',(4949.99698445648,-960.980261014682,2647.37941704735));
#13700=CARTESIAN_POINT('Ctrl Pts',(4949.99690741361,-962.17826452793,2647.05561659064));
#13701=CARTESIAN_POINT('Ctrl Pts',(4949.99683037096,-963.37626463666,2646.73181705412));
#13702=CARTESIAN_POINT('Ctrl Pts',(4949.99676889,-964.567172401382,2646.38177740723));
#13703=CARTESIAN_POINT('Ctrl Pts',(4949.99672289042,-965.749845830912,2646.00583331165));
#13704=CARTESIAN_POINT('Ctrl Pts',(4949.99667689097,-966.932516010298,2645.6298902492));
#13705=CARTESIAN_POINT('Ctrl Pts',(4949.9966463728,-968.106951754687,2645.22804292658));
#13706=CARTESIAN_POINT('Ctrl Pts',(4949.99663122488,-969.272026874516,2644.80067668301));
#13707=CARTESIAN_POINT('Ctrl Pts',(4949.99661607699,-970.437098901719,2644.37331157386));
#13708=CARTESIAN_POINT('Ctrl Pts',(4949.99661629925,-971.592810211154,2643.92042773168));
#13709=CARTESIAN_POINT('Ctrl Pts',(4949.99663174996,-972.73805257437,2643.44245943332));
#13710=CARTESIAN_POINT('Ctrl Pts',(4949.99664720062,-973.8832920049,2642.96449235892));
#13711=CARTESIAN_POINT('Ctrl Pts',(4949.99667787964,-975.01806240236,2642.46144101546));
#13712=CARTESIAN_POINT('Ctrl Pts',(4949.99672361476,-976.141275624414,2641.93378778367));
#13713=CARTESIAN_POINT('Ctrl Pts',(4949.99676934977,-977.264486075424,2641.40613585364));
#13714=CARTESIAN_POINT('Ctrl Pts',(4949.99683014081,-978.376139270289,2640.8538822214));
#13715=CARTESIAN_POINT('Ctrl Pts',(4949.99690578529,-979.475169239244,2640.27755644563));
#13716=CARTESIAN_POINT('Ctrl Pts',(4949.99698142959,-980.574196599779,2639.7012320377));
#13717=CARTESIAN_POINT('Ctrl Pts',(4949.99707192725,-981.660600659528,2639.10083567121));
#13718=CARTESIAN_POINT('Ctrl Pts',(4949.99717704561,-982.733339665188,2638.47694306639));
#13719=CARTESIAN_POINT('Ctrl Pts',(4949.99728216374,-983.806076225326,2637.85305188387));
#13720=CARTESIAN_POINT('Ctrl Pts',(4949.99740190247,-984.86514766211,2637.20566464669));
#13721=CARTESIAN_POINT('Ctrl Pts',(4949.9975359994,-985.909538436132,2636.53540213184));
#13722=CARTESIAN_POINT('Ctrl Pts',(4949.99767009603,-986.953926927092,2635.8651410822));
#13723=CARTESIAN_POINT('Ctrl Pts',(4949.99781855077,-987.983634691383,2635.17200493713));
#13724=CARTESIAN_POINT('Ctrl Pts',(4949.99798107179,-988.99767435062,2634.45665833914));
#13725=CARTESIAN_POINT('Ctrl Pts',(4949.99814359247,-990.011711888144,2633.74131323789));
#13726=CARTESIAN_POINT('Ctrl Pts',(4949.99832017936,-991.010081261813,2633.00375786442));
#13727=CARTESIAN_POINT('Ctrl Pts',(4949.99851051167,-991.991825147376,2632.24469945153));
#13728=CARTESIAN_POINT('Ctrl Pts',(4949.9987008436,-992.973567070772,2631.48564255573));
#13729=CARTESIAN_POINT('Ctrl Pts',(4949.99890492088,-993.938683452114,2630.70508279957));
#13730=CARTESIAN_POINT('Ctrl Pts',(4949.99912239427,-994.886248856739,2629.90376864923));
#13731=CARTESIAN_POINT('Ctrl Pts',(4949.99933986724,-995.83381245627,2629.10245602538));
#13732=CARTESIAN_POINT('Ctrl Pts',(4949.99957073623,-996.76382502974,2628.28038918473));
#13733=CARTESIAN_POINT('Ctrl Pts',(4949.99981462411,-997.675394806363,2627.43835639092));
#13734=CARTESIAN_POINT('Ctrl Pts',(4950.00005851155,-998.586962931855,2626.59632512228));
#13735=CARTESIAN_POINT('Ctrl Pts',(4950.00031541778,-999.480088215516,2625.73432807611));
#13736=CARTESIAN_POINT('Ctrl Pts',(4950.00058493837,-1000.35391426016,2624.85319180136));
#13737=CARTESIAN_POINT('Ctrl Pts',(4950.0008544585,-1001.22773880388,2623.97205704007));
#13738=CARTESIAN_POINT('Ctrl Pts',(4950.00113659289,-1002.08226406772,2623.07178322403));
#13739=CARTESIAN_POINT('Ctrl Pts',(4950.0014309105,-1002.91667066996,2622.15323360193));
#13740=CARTESIAN_POINT('Ctrl Pts',(4950.00174062494,-1003.79472815868,2621.18663126168));
#13741=CARTESIAN_POINT('Ctrl Pts',(4950.00206383082,-1004.65050645901,2620.19979073787));
#13742=CARTESIAN_POINT('Ctrl Pts',(4950.00239999486,-1005.48309691462,2619.19375984718));
#13743=CARTESIAN_POINT('Ctrl Pts',(4950.00271945732,-1006.27432192877,2618.23771140782));
#13744=CARTESIAN_POINT('Ctrl Pts',(4950.00305062204,-1007.04460619067,2617.26433251955));
#13745=CARTESIAN_POINT('Ctrl Pts',(4950.00339300558,-1007.79321104815,2616.2745565889));
#13746=CARTESIAN_POINT('Ctrl Pts',(4950.00373538716,-1008.54181161825,2615.28478632684));
#13747=CARTESIAN_POINT('Ctrl Pts',(4950.00408898738,-1009.26873294048,2614.27861933165));
#13748=CARTESIAN_POINT('Ctrl Pts',(4950.00445329854,-1009.97327795286,2613.25702044043));
#13749=CARTESIAN_POINT('Ctrl Pts',(4950.00481760775,-1010.67781919424,2612.2354270172));
#13750=CARTESIAN_POINT('Ctrl Pts',(4950.00519262772,-1011.35998427893,2611.19840198849));
#13751=CARTESIAN_POINT('Ctrl Pts',(4950.0055778274,-1012.01911906977,2610.14693977124));
#13752=CARTESIAN_POINT('Ctrl Pts',(4950.00596302516,-1012.67825057969,2609.09548278778));
#13753=CARTESIAN_POINT('Ctrl Pts',(4950.00635840247,-1013.31435194422,2608.02958888851));
#13754=CARTESIAN_POINT('Ctrl Pts',(4950.00676340584,-1013.92681320339,2606.95028016296));
#13755=CARTESIAN_POINT('Ctrl Pts',(4950.00716840734,-1014.53927164348,2605.87097640534));
#13756=CARTESIAN_POINT('Ctrl Pts',(4950.00758303475,-1015.12809012075,2604.77825807734));
#13757=CARTESIAN_POINT('Ctrl Pts',(4950.00800671313,-1015.69270402017,2603.67317298089));
#13758=CARTESIAN_POINT('Ctrl Pts',(4950.00843038972,-1016.25731553231,2602.56809255691));
#13759=CARTESIAN_POINT('Ctrl Pts',(4950.00886311714,-1016.79772260205,2601.45064560461));
#13760=CARTESIAN_POINT('Ctrl Pts',(4950.00930430005,-1017.3134070402,2600.32190362903));
#13761=CARTESIAN_POINT('Ctrl Pts',(4950.00974548126,-1017.8290894912,2599.19316600298));
#13762=CARTESIAN_POINT('Ctrl Pts',(4950.01019511783,-1018.3200494379,2598.05313357914));
#13763=CARTESIAN_POINT('Ctrl Pts',(4950.01065259507,-1018.78581610895,2596.90289951104));
#13764=CARTESIAN_POINT('Ctrl Pts',(4950.01111007072,-1019.25158115971,2595.75266944427));
#13765=CARTESIAN_POINT('Ctrl Pts',(4950.01157538692,-1019.692153053,2594.59223794529));
#13766=CARTESIAN_POINT('Ctrl Pts',(4950.01204791078,-1020.10710933642,2593.42271772013));
#13767=CARTESIAN_POINT('Ctrl Pts',(4950.01252044926,-1020.52207846472,2592.25316129274));
#13768=CARTESIAN_POINT('Ctrl Pts',(4950.01300019577,-1020.91143034612,2591.07451571984));
#13769=CARTESIAN_POINT('Ctrl Pts',(4950.01348650029,-1021.27479161862,2589.88791124238));
#13770=CARTESIAN_POINT('Ctrl Pts',(4950.01397279951,-1021.63814892395,2588.70131972022));
#13771=CARTESIAN_POINT('Ctrl Pts',(4950.01446565651,-1021.97551614343,2587.50676961287));
#13772=CARTESIAN_POINT('Ctrl Pts',(4950.01496440544,-1022.28656977186,2586.30540638763));
#13773=CARTESIAN_POINT('Ctrl Pts',(4950.01546314967,-1022.59762047049,2585.10405447797));
#13774=CARTESIAN_POINT('Ctrl Pts',(4950.01596778565,-1022.88235803569,2583.89588972613));
#13775=CARTESIAN_POINT('Ctrl Pts',(4950.01647763289,-1023.14050943458,2582.68207063285));
#13776=CARTESIAN_POINT('Ctrl Pts',(4950.0169874761,-1023.3986587889,2581.46826115305));
#13777=CARTESIAN_POINT('Ctrl Pts',(4950.01750253042,-1023.63022236644,2580.24879757027));
#13778=CARTESIAN_POINT('Ctrl Pts',(4950.01802210203,-1023.83497812599,2579.02484920106));
#13779=CARTESIAN_POINT('Ctrl Pts',(4950.01854168704,-1024.03973916363,2577.80086928151));
#13780=CARTESIAN_POINT('Ctrl Pts',(4950.01906578949,-1024.21769097585,2576.57240449442));
#13781=CARTESIAN_POINT('Ctrl Pts',(4950.01959370348,-1024.36866291981,2575.34063284814));
#13782=CARTESIAN_POINT('Ctrl Pts',(4950.02012160707,-1024.51963189101,2574.10888545633));
#13783=CARTESIAN_POINT('Ctrl Pts',(4950.02065332195,-1024.64362203809,2572.87383148666));
#13784=CARTESIAN_POINT('Ctrl Pts',(4950.02118813154,-1024.74051446818,2571.63665521938));
#13785=CARTESIAN_POINT('Ctrl Pts',(4950.02172294911,-1024.83740834585,2570.3994604687));
#13786=CARTESIAN_POINT('Ctrl Pts',(4950.02226086139,-1024.90720368483,2569.16014350874));
#13787=CARTESIAN_POINT('Ctrl Pts',(4950.02280114238,-1024.9498335571,2567.91989274298));
#13788=CARTESIAN_POINT('Ctrl Pts',(4950.02322496583,-1024.98327456221,2566.94697797726));
#13789=CARTESIAN_POINT('Ctrl Pts',(4950.02365024669,-1025.,2565.97348868778));
#13790=CARTESIAN_POINT('Ctrl Pts',(4950.02407663105,-1025.,2564.99999937627));
#13791=CARTESIAN_POINT('Origin',(1775.00002205161,-940.,2565.));
#13792=CARTESIAN_POINT('Origin',(0.,-1025.,260.));
#13793=CARTESIAN_POINT('',(0.,-1025.,1100.));
#13794=CARTESIAN_POINT('Origin',(0.,-1025.,1100.));
#13795=CARTESIAN_POINT('',(175.,-1025.,2180.));
#13796=CARTESIAN_POINT('Origin',(726.738476953908,-1025.,2096.86372745491));
#13797=CARTESIAN_POINT('Origin',(850.,-1100.,360.));
#13798=CARTESIAN_POINT('',(452.979849377894,-1026.,280.));
#13799=CARTESIAN_POINT('',(577.924642791744,-1026.,660.));
#13800=CARTESIAN_POINT('Origin',(850.,-1026.,360.));
#13801=CARTESIAN_POINT('',(452.979849377894,-1014.,280.));
#13802=CARTESIAN_POINT('',(452.979849377894,-1100.,280.));
#13803=CARTESIAN_POINT('',(577.924642791744,-1014.,660.));
#13804=CARTESIAN_POINT('Origin',(850.,-1014.,360.));
#13805=CARTESIAN_POINT('',(577.924642791744,-1100.,660.));
#13806=CARTESIAN_POINT('Origin',(2750.,-1020.,660.));
#13807=CARTESIAN_POINT('',(65.,-1014.,660.));
#13808=CARTESIAN_POINT('',(5435.,-1014.,660.));
#13809=CARTESIAN_POINT('',(65.,-1026.,660.));
#13810=CARTESIAN_POINT('',(65.,-1014.,660.));
#13811=CARTESIAN_POINT('',(65.,-1026.,660.));
#13812=CARTESIAN_POINT('Origin',(5435.,-1014.,280.));
#13813=CARTESIAN_POINT('',(65.,-1014.,280.));
#13814=CARTESIAN_POINT('',(5435.,-1014.,280.));
#13815=CARTESIAN_POINT('',(65.,-1014.,280.));
#13816=CARTESIAN_POINT('Origin',(2750.,-1020.,280.));
#13817=CARTESIAN_POINT('',(65.,-1026.,280.));
#13818=CARTESIAN_POINT('',(65.,-1026.,280.));
#13819=CARTESIAN_POINT('',(65.,-1014.,280.));
#13820=CARTESIAN_POINT('Origin',(65.,-1026.,280.));
#13821=CARTESIAN_POINT('',(65.,-1026.,280.));
#13822=CARTESIAN_POINT('Origin',(65.,-1014.,280.));
#13823=CARTESIAN_POINT('Origin',(850.,-1100.,360.));
#13824=CARTESIAN_POINT('',(452.979849377894,1014.,280.));
#13825=CARTESIAN_POINT('',(577.924642791744,1014.,660.));
#13826=CARTESIAN_POINT('Origin',(850.,1014.,360.));
#13827=CARTESIAN_POINT('',(452.979849377894,1026.,280.));
#13828=CARTESIAN_POINT('',(452.979849377894,-1100.,280.));
#13829=CARTESIAN_POINT('',(577.924642791744,1026.,660.));
#13830=CARTESIAN_POINT('Origin',(850.,1026.,360.));
#13831=CARTESIAN_POINT('',(577.924642791744,-1100.,660.));
#13832=CARTESIAN_POINT('Origin',(2750.,1020.,660.));
#13833=CARTESIAN_POINT('',(65.,1026.,660.));
#13834=CARTESIAN_POINT('',(5435.,1026.,660.));
#13835=CARTESIAN_POINT('',(65.,1014.,660.));
#13836=CARTESIAN_POINT('',(65.,1026.,660.));
#13837=CARTESIAN_POINT('',(65.,1014.,660.));
#13838=CARTESIAN_POINT('Origin',(5435.,1026.,280.));
#13839=CARTESIAN_POINT('',(65.,1026.,280.));
#13840=CARTESIAN_POINT('',(5435.,1026.,280.));
#13841=CARTESIAN_POINT('',(65.,1026.,280.));
#13842=CARTESIAN_POINT('Origin',(2750.,1020.,280.));
#13843=CARTESIAN_POINT('',(65.,1014.,280.));
#13844=CARTESIAN_POINT('',(65.,1014.,280.));
#13845=CARTESIAN_POINT('',(65.,1026.,280.));
#13846=CARTESIAN_POINT('Origin',(65.,1014.,280.));
#13847=CARTESIAN_POINT('',(65.,1014.,280.));
#13848=CARTESIAN_POINT('Origin',(65.,1026.,280.));
#13849=CARTESIAN_POINT('Origin',(4650.,-1100.,360.));
#13850=CARTESIAN_POINT('',(5047.02015062211,-1026.,280.));
#13851=CARTESIAN_POINT('',(5047.02015062211,-1014.,280.));
#13852=CARTESIAN_POINT('',(5047.02015062211,-1100.,280.));
#13853=CARTESIAN_POINT('',(4922.07535720826,-1026.,660.));
#13854=CARTESIAN_POINT('Origin',(4650.,-1026.,360.));
#13855=CARTESIAN_POINT('',(4922.07535720826,-1014.,660.));
#13856=CARTESIAN_POINT('',(4922.07535720826,-1100.,660.));
#13857=CARTESIAN_POINT('Origin',(4650.,-1014.,360.));
#13858=CARTESIAN_POINT('Origin',(2750.,-1020.,660.));
#13859=CARTESIAN_POINT('',(5435.,-1026.,660.));
#13860=CARTESIAN_POINT('',(65.,-1026.,660.));
#13861=CARTESIAN_POINT('',(5435.,-1014.,660.));
#13862=CARTESIAN_POINT('',(5435.,-1026.,660.));
#13863=CARTESIAN_POINT('',(5435.,-1014.,660.));
#13864=CARTESIAN_POINT('Origin',(5435.,-1014.,280.));
#13865=CARTESIAN_POINT('',(5435.,-1014.,280.));
#13866=CARTESIAN_POINT('',(5435.,-1014.,280.));
#13867=CARTESIAN_POINT('',(5435.,-1014.,280.));
#13868=CARTESIAN_POINT('Origin',(65.,-1026.,280.));
#13869=CARTESIAN_POINT('',(5435.,-1026.,280.));
#13870=CARTESIAN_POINT('',(65.,-1026.,280.));
#13871=CARTESIAN_POINT('',(5435.,-1026.,280.));
#13872=CARTESIAN_POINT('Origin',(2750.,-1020.,280.));
#13873=CARTESIAN_POINT('',(5435.,-1026.,280.));
#13874=CARTESIAN_POINT('Origin',(5435.,-1026.,280.));
#13875=CARTESIAN_POINT('Origin',(4650.,-1100.,360.));
#13876=CARTESIAN_POINT('',(5047.02015062211,1014.,280.));
#13877=CARTESIAN_POINT('',(5047.02015062211,1026.,280.));
#13878=CARTESIAN_POINT('',(5047.02015062211,-1100.,280.));
#13879=CARTESIAN_POINT('',(4922.07535720826,1014.,660.));
#13880=CARTESIAN_POINT('Origin',(4650.,1014.,360.));
#13881=CARTESIAN_POINT('',(4922.07535720826,1026.,660.));
#13882=CARTESIAN_POINT('',(4922.07535720826,-1100.,660.));
#13883=CARTESIAN_POINT('Origin',(4650.,1026.,360.));
#13884=CARTESIAN_POINT('Origin',(2750.,1020.,660.));
#13885=CARTESIAN_POINT('',(5435.,1014.,660.));
#13886=CARTESIAN_POINT('',(65.,1014.,660.));
#13887=CARTESIAN_POINT('',(5435.,1026.,660.));
#13888=CARTESIAN_POINT('',(5435.,1014.,660.));
#13889=CARTESIAN_POINT('',(5435.,1026.,660.));
#13890=CARTESIAN_POINT('Origin',(5435.,1026.,280.));
#13891=CARTESIAN_POINT('',(5435.,1026.,280.));
#13892=CARTESIAN_POINT('',(5435.,1026.,280.));
#13893=CARTESIAN_POINT('',(5435.,1026.,280.));
#13894=CARTESIAN_POINT('Origin',(65.,1014.,280.));
#13895=CARTESIAN_POINT('',(5435.,1014.,280.));
#13896=CARTESIAN_POINT('',(65.,1014.,280.));
#13897=CARTESIAN_POINT('',(5435.,1014.,280.));
#13898=CARTESIAN_POINT('Origin',(2750.,1020.,280.));
#13899=CARTESIAN_POINT('',(5435.,1014.,280.));
#13900=CARTESIAN_POINT('Origin',(5435.,1014.,280.));
#13901=CARTESIAN_POINT('Origin',(2738.58288770054,-1025.,1700.93582887701));
#13902=CARTESIAN_POINT('',(650.,-1025.,1180.));
#13903=CARTESIAN_POINT('',(640.,-1025.,2180.));
#13904=CARTESIAN_POINT('Origin',(2738.58288770054,-1025.,1700.93582887701));
#13905=CARTESIAN_POINT('',(650.,-1031.,1180.));
#13906=CARTESIAN_POINT('',(650.,-1025.,1180.));
#13907=CARTESIAN_POINT('',(640.,-1031.,2180.));
#13908=CARTESIAN_POINT('Origin',(2738.58288770054,-1031.,1700.93582887701));
#13909=CARTESIAN_POINT('',(640.,-1025.,2180.));
#13910=CARTESIAN_POINT('Origin',(1071.37404580153,-1025.,2022.34732824427));
#13911=CARTESIAN_POINT('',(1110.,-1025.,2480.));
#13912=CARTESIAN_POINT('Origin',(1071.37404580153,-1025.,2022.34732824427));
#13913=CARTESIAN_POINT('',(1110.,-1031.,2480.));
#13914=CARTESIAN_POINT('Origin',(1071.37404580153,-1031.,2022.34732824427));
#13915=CARTESIAN_POINT('',(1110.,-1025.,2480.));
#13916=CARTESIAN_POINT('Origin',(4450.,-1025.,2480.));
#13917=CARTESIAN_POINT('',(4450.,-1025.,2480.));
#13918=CARTESIAN_POINT('',(4450.,-1025.,2480.));
#13919=CARTESIAN_POINT('',(4450.,-1031.,2480.));
#13920=CARTESIAN_POINT('',(4450.,-1031.,2480.));
#13921=CARTESIAN_POINT('',(4450.,-1025.,2480.));
#13922=CARTESIAN_POINT('Origin',(4574.08713692946,-1025.,1942.80082987552));
#13923=CARTESIAN_POINT('',(5120.,-1025.,2020.));
#13924=CARTESIAN_POINT('Origin',(4574.08713692946,-1025.,1942.80082987552));
#13925=CARTESIAN_POINT('',(5120.,-1031.,2020.));
#13926=CARTESIAN_POINT('Origin',(4574.08713692946,-1031.,1942.80082987552));
#13927=CARTESIAN_POINT('',(5120.,-1025.,2020.));
#13928=CARTESIAN_POINT('Origin',(5220.,-1025.,1490.));
#13929=CARTESIAN_POINT('',(5220.,-1025.,1490.));
#13930=CARTESIAN_POINT('',(5220.,-1025.,1490.));
#13931=CARTESIAN_POINT('',(5220.,-1031.,1490.));
#13932=CARTESIAN_POINT('',(5220.,-1031.,1490.));
#13933=CARTESIAN_POINT('',(5220.,-1025.,1490.));
#13934=CARTESIAN_POINT('Origin',(4632.64367816092,-1025.,1595.1724137931));
#13935=CARTESIAN_POINT('',(4590.,-1025.,1000.));
#13936=CARTESIAN_POINT('Origin',(4632.64367816092,-1025.,1595.1724137931));
#13937=CARTESIAN_POINT('',(4590.,-1031.,1000.));
#13938=CARTESIAN_POINT('Origin',(4632.64367816092,-1031.,1595.1724137931));
#13939=CARTESIAN_POINT('',(4590.,-1025.,1000.));
#13940=CARTESIAN_POINT('Origin',(1270.,-1025.,1000.));
#13941=CARTESIAN_POINT('',(1270.,-1025.,1000.));
#13942=CARTESIAN_POINT('',(1270.,-1025.,1000.));
#13943=CARTESIAN_POINT('',(1270.,-1031.,1000.));
#13944=CARTESIAN_POINT('',(1270.,-1031.,1000.));
#13945=CARTESIAN_POINT('',(1270.,-1025.,1000.));
#13946=CARTESIAN_POINT('Origin',(1104.65397923875,-1025.,1588.25259515571));
#13947=CARTESIAN_POINT('Origin',(1104.65397923875,-1025.,1588.25259515571));
#13948=CARTESIAN_POINT('Origin',(1104.65397923875,-1031.,1588.25259515571));
#13949=CARTESIAN_POINT('Origin',(2903.00702319241,-1025.,1735.67456299922));
#13950=CARTESIAN_POINT('Origin',(2903.00702319241,-1031.,1735.67456299922));
#13951=CARTESIAN_POINT('Origin',(1738.,-1030.,1060.));
#13952=CARTESIAN_POINT('',(1738.,-1030.,1060.));
#13953=CARTESIAN_POINT('',(1710.,-1030.,1060.));
#13954=CARTESIAN_POINT('',(1738.,-1030.,1060.));
#13955=CARTESIAN_POINT('',(1710.,-1030.,2450.));
#13956=CARTESIAN_POINT('',(1710.,-1030.,1060.));
#13957=CARTESIAN_POINT('',(1738.,-1030.,2450.));
#13958=CARTESIAN_POINT('',(1738.,-1030.,2450.));
#13959=CARTESIAN_POINT('',(1738.,-1030.,1060.));
#13960=CARTESIAN_POINT('Origin',(1738.,-1036.,1060.));
#13961=CARTESIAN_POINT('',(1738.,-1036.,1060.));
#13962=CARTESIAN_POINT('',(1738.,-1036.,1060.));
#13963=CARTESIAN_POINT('',(1738.,-1036.,2450.));
#13964=CARTESIAN_POINT('',(1738.,-1036.,2450.));
#13965=CARTESIAN_POINT('',(1738.,-1036.,1060.));
#13966=CARTESIAN_POINT('Origin',(1710.,-1036.,1060.));
#13967=CARTESIAN_POINT('',(1710.,-1036.,1060.));
#13968=CARTESIAN_POINT('',(1710.,-1036.,1060.));
#13969=CARTESIAN_POINT('',(1710.,-1036.,2450.));
#13970=CARTESIAN_POINT('',(1710.,-1036.,2450.));
#13971=CARTESIAN_POINT('',(1710.,-1036.,1060.));
#13972=CARTESIAN_POINT('Origin',(1710.,-1030.,1060.));
#13973=CARTESIAN_POINT('',(1710.,-1030.,1060.));
#13974=CARTESIAN_POINT('',(1710.,-1030.,2450.));
#13975=CARTESIAN_POINT('Origin',(1724.,-1033.,2450.));
#13976=CARTESIAN_POINT('Origin',(1724.,-1033.,1060.));
#13977=CARTESIAN_POINT('Origin',(3218.,-1030.,1060.));
#13978=CARTESIAN_POINT('',(3218.,-1030.,1060.));
#13979=CARTESIAN_POINT('',(3190.,-1030.,1060.));
#13980=CARTESIAN_POINT('',(3218.,-1030.,1060.));
#13981=CARTESIAN_POINT('',(3190.,-1030.,2450.));
#13982=CARTESIAN_POINT('',(3190.,-1030.,1060.));
#13983=CARTESIAN_POINT('',(3218.,-1030.,2450.));
#13984=CARTESIAN_POINT('',(3218.,-1030.,2450.));
#13985=CARTESIAN_POINT('',(3218.,-1030.,1060.));
#13986=CARTESIAN_POINT('Origin',(3218.,-1036.,1060.));
#13987=CARTESIAN_POINT('',(3218.,-1036.,1060.));
#13988=CARTESIAN_POINT('',(3218.,-1036.,1060.));
#13989=CARTESIAN_POINT('',(3218.,-1036.,2450.));
#13990=CARTESIAN_POINT('',(3218.,-1036.,2450.));
#13991=CARTESIAN_POINT('',(3218.,-1036.,1060.));
#13992=CARTESIAN_POINT('Origin',(3190.,-1036.,1060.));
#13993=CARTESIAN_POINT('',(3190.,-1036.,1060.));
#13994=CARTESIAN_POINT('',(3190.,-1036.,1060.));
#13995=CARTESIAN_POINT('',(3190.,-1036.,2450.));
#13996=CARTESIAN_POINT('',(3190.,-1036.,2450.));
#13997=CARTESIAN_POINT('',(3190.,-1036.,1060.));
#13998=CARTESIAN_POINT('Origin',(3190.,-1030.,1060.));
#13999=CARTESIAN_POINT('',(3190.,-1030.,1060.));
#14000=CARTESIAN_POINT('',(3190.,-1030.,2450.));
#14001=CARTESIAN_POINT('Origin',(3204.,-1033.,2450.));
#14002=CARTESIAN_POINT('Origin',(3204.,-1033.,1060.));
#14003=CARTESIAN_POINT('Origin',(4438.,-1030.,1060.));
#14004=CARTESIAN_POINT('',(4438.,-1030.,1060.));
#14005=CARTESIAN_POINT('',(4410.,-1030.,1060.));
#14006=CARTESIAN_POINT('',(4438.,-1030.,1060.));
#14007=CARTESIAN_POINT('',(4410.,-1030.,2450.));
#14008=CARTESIAN_POINT('',(4410.,-1030.,1060.));
#14009=CARTESIAN_POINT('',(4438.,-1030.,2450.));
#14010=CARTESIAN_POINT('',(4438.,-1030.,2450.));
#14011=CARTESIAN_POINT('',(4438.,-1030.,1060.));
#14012=CARTESIAN_POINT('Origin',(4438.,-1036.,1060.));
#14013=CARTESIAN_POINT('',(4438.,-1036.,1060.));
#14014=CARTESIAN_POINT('',(4438.,-1036.,1060.));
#14015=CARTESIAN_POINT('',(4438.,-1036.,2450.));
#14016=CARTESIAN_POINT('',(4438.,-1036.,2450.));
#14017=CARTESIAN_POINT('',(4438.,-1036.,1060.));
#14018=CARTESIAN_POINT('Origin',(4410.,-1036.,1060.));
#14019=CARTESIAN_POINT('',(4410.,-1036.,1060.));
#14020=CARTESIAN_POINT('',(4410.,-1036.,1060.));
#14021=CARTESIAN_POINT('',(4410.,-1036.,2450.));
#14022=CARTESIAN_POINT('',(4410.,-1036.,2450.));
#14023=CARTESIAN_POINT('',(4410.,-1036.,1060.));
#14024=CARTESIAN_POINT('Origin',(4410.,-1030.,1060.));
#14025=CARTESIAN_POINT('',(4410.,-1030.,1060.));
#14026=CARTESIAN_POINT('',(4410.,-1030.,2450.));
#14027=CARTESIAN_POINT('Origin',(4424.,-1033.,2450.));
#14028=CARTESIAN_POINT('Origin',(4424.,-1033.,1060.));
#14029=CARTESIAN_POINT('Origin',(4200.,-1027.,700.));
#14030=CARTESIAN_POINT('',(4200.,-1027.,700.));
#14031=CARTESIAN_POINT('',(1300.,-1027.,700.));
#14032=CARTESIAN_POINT('',(4200.,-1027.,700.));
#14033=CARTESIAN_POINT('',(1300.,-1027.,717.));
#14034=CARTESIAN_POINT('',(1300.,-1027.,700.));
#14035=CARTESIAN_POINT('',(4200.,-1027.,717.));
#14036=CARTESIAN_POINT('',(4200.,-1027.,717.));
#14037=CARTESIAN_POINT('',(4200.,-1027.,700.));
#14038=CARTESIAN_POINT('Origin',(4200.,-1033.,700.));
#14039=CARTESIAN_POINT('',(4200.,-1033.,700.));
#14040=CARTESIAN_POINT('',(4200.,-1033.,700.));
#14041=CARTESIAN_POINT('',(4200.,-1033.,717.));
#14042=CARTESIAN_POINT('',(4200.,-1033.,717.));
#14043=CARTESIAN_POINT('',(4200.,-1033.,700.));
#14044=CARTESIAN_POINT('Origin',(1300.,-1033.,700.));
#14045=CARTESIAN_POINT('',(1300.,-1033.,700.));
#14046=CARTESIAN_POINT('',(1300.,-1033.,700.));
#14047=CARTESIAN_POINT('',(1300.,-1033.,717.));
#14048=CARTESIAN_POINT('',(1300.,-1033.,717.));
#14049=CARTESIAN_POINT('',(1300.,-1033.,700.));
#14050=CARTESIAN_POINT('Origin',(1300.,-1027.,700.));
#14051=CARTESIAN_POINT('',(1300.,-1027.,700.));
#14052=CARTESIAN_POINT('',(1300.,-1027.,717.));
#14053=CARTESIAN_POINT('Origin',(2750.,-1030.,717.));
#14054=CARTESIAN_POINT('Origin',(2750.,-1030.,700.));
#14055=CARTESIAN_POINT('Origin',(2050.,-1041.,1750.));
#14056=CARTESIAN_POINT('',(1740.,-1045.,1750.));
#14057=CARTESIAN_POINT('Origin',(2050.,-1045.,1750.));
#14058=CARTESIAN_POINT('',(1740.,-1041.,1750.));
#14059=CARTESIAN_POINT('',(1740.,-1041.,1750.));
#14060=CARTESIAN_POINT('Origin',(2050.,-1041.,1750.));
#14061=CARTESIAN_POINT('Origin',(2050.,-1041.,1750.));
#14062=CARTESIAN_POINT('Origin',(2050.,-1045.,1750.));
#14063=CARTESIAN_POINT('Origin',(595.,-1028.,1050.));
#14064=CARTESIAN_POINT('',(595.,-1028.,1050.));
#14065=CARTESIAN_POINT('',(520.,-1028.,1050.));
#14066=CARTESIAN_POINT('',(595.,-1028.,1050.));
#14067=CARTESIAN_POINT('',(520.,-1028.,1080.));
#14068=CARTESIAN_POINT('',(520.,-1028.,1050.));
#14069=CARTESIAN_POINT('',(595.,-1028.,1080.));
#14070=CARTESIAN_POINT('',(595.,-1028.,1080.));
#14071=CARTESIAN_POINT('',(595.,-1028.,1050.));
#14072=CARTESIAN_POINT('Origin',(595.,-1036.,1050.));
#14073=CARTESIAN_POINT('',(595.,-1036.,1050.));
#14074=CARTESIAN_POINT('',(595.,-1036.,1050.));
#14075=CARTESIAN_POINT('',(595.,-1036.,1080.));
#14076=CARTESIAN_POINT('',(595.,-1036.,1080.));
#14077=CARTESIAN_POINT('',(595.,-1036.,1050.));
#14078=CARTESIAN_POINT('Origin',(520.,-1036.,1050.));
#14079=CARTESIAN_POINT('',(520.,-1036.,1050.));
#14080=CARTESIAN_POINT('',(520.,-1036.,1050.));
#14081=CARTESIAN_POINT('',(520.,-1036.,1080.));
#14082=CARTESIAN_POINT('',(520.,-1036.,1080.));
#14083=CARTESIAN_POINT('',(520.,-1036.,1050.));
#14084=CARTESIAN_POINT('Origin',(520.,-1028.,1050.));
#14085=CARTESIAN_POINT('',(520.,-1028.,1050.));
#14086=CARTESIAN_POINT('',(520.,-1028.,1080.));
#14087=CARTESIAN_POINT('Origin',(557.5,-1032.,1080.));
#14088=CARTESIAN_POINT('Origin',(557.5,-1032.,1050.));
#14089=CARTESIAN_POINT('Origin',(4590.,1025.,1000.));
#14090=CARTESIAN_POINT('',(1270.,1025.,1000.));
#14091=CARTESIAN_POINT('',(4590.,1025.,1000.));
#14092=CARTESIAN_POINT('',(1270.,1025.,1000.));
#14093=CARTESIAN_POINT('',(1270.,1031.,1000.));
#14094=CARTESIAN_POINT('',(1270.,1025.,1000.));
#14095=CARTESIAN_POINT('',(4590.,1031.,1000.));
#14096=CARTESIAN_POINT('',(1270.,1031.,1000.));
#14097=CARTESIAN_POINT('',(4590.,1025.,1000.));
#14098=CARTESIAN_POINT('Origin',(4632.64367816092,1025.,1595.1724137931));
#14099=CARTESIAN_POINT('',(5220.,1025.,1490.));
#14100=CARTESIAN_POINT('Origin',(4632.64367816092,1025.,1595.1724137931));
#14101=CARTESIAN_POINT('',(5220.,1031.,1490.));
#14102=CARTESIAN_POINT('Origin',(4632.64367816092,1031.,1595.1724137931));
#14103=CARTESIAN_POINT('',(5220.,1025.,1490.));
#14104=CARTESIAN_POINT('Origin',(5120.,1025.,2020.));
#14105=CARTESIAN_POINT('',(5120.,1025.,2020.));
#14106=CARTESIAN_POINT('',(5220.,1025.,1490.));
#14107=CARTESIAN_POINT('',(5120.,1031.,2020.));
#14108=CARTESIAN_POINT('',(5220.,1031.,1490.));
#14109=CARTESIAN_POINT('',(5120.,1025.,2020.));
#14110=CARTESIAN_POINT('Origin',(4574.08713692946,1025.,1942.80082987552));
#14111=CARTESIAN_POINT('',(4450.,1025.,2480.));
#14112=CARTESIAN_POINT('Origin',(4574.08713692946,1025.,1942.80082987552));
#14113=CARTESIAN_POINT('',(4450.,1031.,2480.));
#14114=CARTESIAN_POINT('Origin',(4574.08713692946,1031.,1942.80082987552));
#14115=CARTESIAN_POINT('',(4450.,1025.,2480.));
#14116=CARTESIAN_POINT('Origin',(1110.,1025.,2480.));
#14117=CARTESIAN_POINT('',(1110.,1025.,2480.));
#14118=CARTESIAN_POINT('',(4450.,1025.,2480.));
#14119=CARTESIAN_POINT('',(1110.,1031.,2480.));
#14120=CARTESIAN_POINT('',(4450.,1031.,2480.));
#14121=CARTESIAN_POINT('',(1110.,1025.,2480.));
#14122=CARTESIAN_POINT('Origin',(1071.37404580153,1025.,2022.34732824427));
#14123=CARTESIAN_POINT('',(640.,1025.,2180.));
#14124=CARTESIAN_POINT('Origin',(1071.37404580153,1025.,2022.34732824427));
#14125=CARTESIAN_POINT('',(640.,1031.,2180.));
#14126=CARTESIAN_POINT('Origin',(1071.37404580153,1031.,2022.34732824427));
#14127=CARTESIAN_POINT('',(640.,1025.,2180.));
#14128=CARTESIAN_POINT('Origin',(2738.58288770054,1025.,1700.93582887701));
#14129=CARTESIAN_POINT('',(650.,1025.,1180.));
#14130=CARTESIAN_POINT('Origin',(2738.58288770054,1025.,1700.93582887701));
#14131=CARTESIAN_POINT('',(650.,1031.,1180.));
#14132=CARTESIAN_POINT('Origin',(2738.58288770054,1031.,1700.93582887701));
#14133=CARTESIAN_POINT('',(650.,1025.,1180.));
#14134=CARTESIAN_POINT('Origin',(1104.65397923875,1025.,1588.25259515571));
#14135=CARTESIAN_POINT('Origin',(1104.65397923875,1025.,1588.25259515571));
#14136=CARTESIAN_POINT('Origin',(1104.65397923875,1031.,1588.25259515571));
#14137=CARTESIAN_POINT('Origin',(2903.00702319241,1031.,1735.67456299922));
#14138=CARTESIAN_POINT('Origin',(2903.00702319241,1025.,1735.67456299922));
#14139=CARTESIAN_POINT('Origin',(1738.,1036.,1060.));
#14140=CARTESIAN_POINT('',(1738.,1036.,1060.));
#14141=CARTESIAN_POINT('',(1710.,1036.,1060.));
#14142=CARTESIAN_POINT('',(1738.,1036.,1060.));
#14143=CARTESIAN_POINT('',(1710.,1036.,2450.));
#14144=CARTESIAN_POINT('',(1710.,1036.,1060.));
#14145=CARTESIAN_POINT('',(1738.,1036.,2450.));
#14146=CARTESIAN_POINT('',(1738.,1036.,2450.));
#14147=CARTESIAN_POINT('',(1738.,1036.,1060.));
#14148=CARTESIAN_POINT('Origin',(1738.,1030.,1060.));
#14149=CARTESIAN_POINT('',(1738.,1030.,1060.));
#14150=CARTESIAN_POINT('',(1738.,1030.,1060.));
#14151=CARTESIAN_POINT('',(1738.,1030.,2450.));
#14152=CARTESIAN_POINT('',(1738.,1030.,2450.));
#14153=CARTESIAN_POINT('',(1738.,1030.,1060.));
#14154=CARTESIAN_POINT('Origin',(1710.,1030.,1060.));
#14155=CARTESIAN_POINT('',(1710.,1030.,1060.));
#14156=CARTESIAN_POINT('',(1710.,1030.,1060.));
#14157=CARTESIAN_POINT('',(1710.,1030.,2450.));
#14158=CARTESIAN_POINT('',(1710.,1030.,2450.));
#14159=CARTESIAN_POINT('',(1710.,1030.,1060.));
#14160=CARTESIAN_POINT('Origin',(1710.,1036.,1060.));
#14161=CARTESIAN_POINT('',(1710.,1036.,1060.));
#14162=CARTESIAN_POINT('',(1710.,1036.,2450.));
#14163=CARTESIAN_POINT('Origin',(1724.,1033.,2450.));
#14164=CARTESIAN_POINT('Origin',(1724.,1033.,1060.));
#14165=CARTESIAN_POINT('Origin',(3218.,1036.,1060.));
#14166=CARTESIAN_POINT('',(3218.,1036.,1060.));
#14167=CARTESIAN_POINT('',(3190.,1036.,1060.));
#14168=CARTESIAN_POINT('',(3218.,1036.,1060.));
#14169=CARTESIAN_POINT('',(3190.,1036.,2450.));
#14170=CARTESIAN_POINT('',(3190.,1036.,1060.));
#14171=CARTESIAN_POINT('',(3218.,1036.,2450.));
#14172=CARTESIAN_POINT('',(3218.,1036.,2450.));
#14173=CARTESIAN_POINT('',(3218.,1036.,1060.));
#14174=CARTESIAN_POINT('Origin',(3218.,1030.,1060.));
#14175=CARTESIAN_POINT('',(3218.,1030.,1060.));
#14176=CARTESIAN_POINT('',(3218.,1030.,1060.));
#14177=CARTESIAN_POINT('',(3218.,1030.,2450.));
#14178=CARTESIAN_POINT('',(3218.,1030.,2450.));
#14179=CARTESIAN_POINT('',(3218.,1030.,1060.));
#14180=CARTESIAN_POINT('Origin',(3190.,1030.,1060.));
#14181=CARTESIAN_POINT('',(3190.,1030.,1060.));
#14182=CARTESIAN_POINT('',(3190.,1030.,1060.));
#14183=CARTESIAN_POINT('',(3190.,1030.,2450.));
#14184=CARTESIAN_POINT('',(3190.,1030.,2450.));
#14185=CARTESIAN_POINT('',(3190.,1030.,1060.));
#14186=CARTESIAN_POINT('Origin',(3190.,1036.,1060.));
#14187=CARTESIAN_POINT('',(3190.,1036.,1060.));
#14188=CARTESIAN_POINT('',(3190.,1036.,2450.));
#14189=CARTESIAN_POINT('Origin',(3204.,1033.,2450.));
#14190=CARTESIAN_POINT('Origin',(3204.,1033.,1060.));
#14191=CARTESIAN_POINT('Origin',(4438.,1036.,1060.));
#14192=CARTESIAN_POINT('',(4438.,1036.,1060.));
#14193=CARTESIAN_POINT('',(4410.,1036.,1060.));
#14194=CARTESIAN_POINT('',(4438.,1036.,1060.));
#14195=CARTESIAN_POINT('',(4410.,1036.,2450.));
#14196=CARTESIAN_POINT('',(4410.,1036.,1060.));
#14197=CARTESIAN_POINT('',(4438.,1036.,2450.));
#14198=CARTESIAN_POINT('',(4438.,1036.,2450.));
#14199=CARTESIAN_POINT('',(4438.,1036.,1060.));
#14200=CARTESIAN_POINT('Origin',(4438.,1030.,1060.));
#14201=CARTESIAN_POINT('',(4438.,1030.,1060.));
#14202=CARTESIAN_POINT('',(4438.,1030.,1060.));
#14203=CARTESIAN_POINT('',(4438.,1030.,2450.));
#14204=CARTESIAN_POINT('',(4438.,1030.,2450.));
#14205=CARTESIAN_POINT('',(4438.,1030.,1060.));
#14206=CARTESIAN_POINT('Origin',(4410.,1030.,1060.));
#14207=CARTESIAN_POINT('',(4410.,1030.,1060.));
#14208=CARTESIAN_POINT('',(4410.,1030.,1060.));
#14209=CARTESIAN_POINT('',(4410.,1030.,2450.));
#14210=CARTESIAN_POINT('',(4410.,1030.,2450.));
#14211=CARTESIAN_POINT('',(4410.,1030.,1060.));
#14212=CARTESIAN_POINT('Origin',(4410.,1036.,1060.));
#14213=CARTESIAN_POINT('',(4410.,1036.,1060.));
#14214=CARTESIAN_POINT('',(4410.,1036.,2450.));
#14215=CARTESIAN_POINT('Origin',(4424.,1033.,2450.));
#14216=CARTESIAN_POINT('Origin',(4424.,1033.,1060.));
#14217=CARTESIAN_POINT('Origin',(4200.,1033.,700.));
#14218=CARTESIAN_POINT('',(4200.,1033.,700.));
#14219=CARTESIAN_POINT('',(1300.,1033.,700.));
#14220=CARTESIAN_POINT('',(4200.,1033.,700.));
#14221=CARTESIAN_POINT('',(1300.,1033.,717.));
#14222=CARTESIAN_POINT('',(1300.,1033.,700.));
#14223=CARTESIAN_POINT('',(4200.,1033.,717.));
#14224=CARTESIAN_POINT('',(4200.,1033.,717.));
#14225=CARTESIAN_POINT('',(4200.,1033.,700.));
#14226=CARTESIAN_POINT('Origin',(4200.,1027.,700.));
#14227=CARTESIAN_POINT('',(4200.,1027.,700.));
#14228=CARTESIAN_POINT('',(4200.,1027.,700.));
#14229=CARTESIAN_POINT('',(4200.,1027.,717.));
#14230=CARTESIAN_POINT('',(4200.,1027.,717.));
#14231=CARTESIAN_POINT('',(4200.,1027.,700.));
#14232=CARTESIAN_POINT('Origin',(1300.,1027.,700.));
#14233=CARTESIAN_POINT('',(1300.,1027.,700.));
#14234=CARTESIAN_POINT('',(1300.,1027.,700.));
#14235=CARTESIAN_POINT('',(1300.,1027.,717.));
#14236=CARTESIAN_POINT('',(1300.,1027.,717.));
#14237=CARTESIAN_POINT('',(1300.,1027.,700.));
#14238=CARTESIAN_POINT('Origin',(1300.,1033.,700.));
#14239=CARTESIAN_POINT('',(1300.,1033.,700.));
#14240=CARTESIAN_POINT('',(1300.,1033.,717.));
#14241=CARTESIAN_POINT('Origin',(2750.,1030.,717.));
#14242=CARTESIAN_POINT('Origin',(2750.,1030.,700.));
#14243=CARTESIAN_POINT('Origin',(2530.,1038.,320.));
#14244=CARTESIAN_POINT('',(2530.,1038.,320.));
#14245=CARTESIAN_POINT('',(2500.,1038.,320.));
#14246=CARTESIAN_POINT('',(2530.,1038.,320.));
#14247=CARTESIAN_POINT('',(2500.,1038.,2350.));
#14248=CARTESIAN_POINT('',(2500.,1038.,320.));
#14249=CARTESIAN_POINT('',(2530.,1038.,2350.));
#14250=CARTESIAN_POINT('',(2530.,1038.,2350.));
#14251=CARTESIAN_POINT('',(2530.,1038.,320.));
#14252=CARTESIAN_POINT('Origin',(2530.,1029.,320.));
#14253=CARTESIAN_POINT('',(2530.,1029.,320.));
#14254=CARTESIAN_POINT('',(2530.,1029.,320.));
#14255=CARTESIAN_POINT('',(2530.,1029.,2350.));
#14256=CARTESIAN_POINT('',(2530.,1029.,2350.));
#14257=CARTESIAN_POINT('',(2530.,1029.,320.));
#14258=CARTESIAN_POINT('Origin',(2500.,1029.,320.));
#14259=CARTESIAN_POINT('',(2500.,1029.,320.));
#14260=CARTESIAN_POINT('',(2500.,1029.,320.));
#14261=CARTESIAN_POINT('',(2500.,1029.,2350.));
#14262=CARTESIAN_POINT('',(2500.,1029.,2350.));
#14263=CARTESIAN_POINT('',(2500.,1029.,320.));
#14264=CARTESIAN_POINT('Origin',(2500.,1038.,320.));
#14265=CARTESIAN_POINT('',(2500.,1038.,320.));
#14266=CARTESIAN_POINT('',(2500.,1038.,2350.));
#14267=CARTESIAN_POINT('Origin',(2515.,1033.5,2350.));
#14268=CARTESIAN_POINT('Origin',(2515.,1033.5,320.));
#14269=CARTESIAN_POINT('Origin',(3530.,1038.,320.));
#14270=CARTESIAN_POINT('',(3530.,1038.,320.));
#14271=CARTESIAN_POINT('',(3500.,1038.,320.));
#14272=CARTESIAN_POINT('',(3530.,1038.,320.));
#14273=CARTESIAN_POINT('',(3500.,1038.,2350.));
#14274=CARTESIAN_POINT('',(3500.,1038.,320.));
#14275=CARTESIAN_POINT('',(3530.,1038.,2350.));
#14276=CARTESIAN_POINT('',(3530.,1038.,2350.));
#14277=CARTESIAN_POINT('',(3530.,1038.,320.));
#14278=CARTESIAN_POINT('Origin',(3530.,1029.,320.));
#14279=CARTESIAN_POINT('',(3530.,1029.,320.));
#14280=CARTESIAN_POINT('',(3530.,1029.,320.));
#14281=CARTESIAN_POINT('',(3530.,1029.,2350.));
#14282=CARTESIAN_POINT('',(3530.,1029.,2350.));
#14283=CARTESIAN_POINT('',(3530.,1029.,320.));
#14284=CARTESIAN_POINT('Origin',(3500.,1029.,320.));
#14285=CARTESIAN_POINT('',(3500.,1029.,320.));
#14286=CARTESIAN_POINT('',(3500.,1029.,320.));
#14287=CARTESIAN_POINT('',(3500.,1029.,2350.));
#14288=CARTESIAN_POINT('',(3500.,1029.,2350.));
#14289=CARTESIAN_POINT('',(3500.,1029.,320.));
#14290=CARTESIAN_POINT('Origin',(3500.,1038.,320.));
#14291=CARTESIAN_POINT('',(3500.,1038.,320.));
#14292=CARTESIAN_POINT('',(3500.,1038.,2350.));
#14293=CARTESIAN_POINT('Origin',(3515.,1033.5,2350.));
#14294=CARTESIAN_POINT('Origin',(3515.,1033.5,320.));
#14295=CARTESIAN_POINT('Origin',(3018.,1040.,350.));
#14296=CARTESIAN_POINT('',(3018.,1040.,350.));
#14297=CARTESIAN_POINT('',(3000.,1040.,350.));
#14298=CARTESIAN_POINT('',(3018.,1040.,350.));
#14299=CARTESIAN_POINT('',(3000.,1040.,2310.));
#14300=CARTESIAN_POINT('',(3000.,1040.,350.));
#14301=CARTESIAN_POINT('',(3018.,1040.,2310.));
#14302=CARTESIAN_POINT('',(3018.,1040.,2310.));
#14303=CARTESIAN_POINT('',(3018.,1040.,350.));
#14304=CARTESIAN_POINT('Origin',(3018.,1032.,350.));
#14305=CARTESIAN_POINT('',(3018.,1032.,350.));
#14306=CARTESIAN_POINT('',(3018.,1032.,350.));
#14307=CARTESIAN_POINT('',(3018.,1032.,2310.));
#14308=CARTESIAN_POINT('',(3018.,1032.,2310.));
#14309=CARTESIAN_POINT('',(3018.,1032.,350.));
#14310=CARTESIAN_POINT('Origin',(3000.,1032.,350.));
#14311=CARTESIAN_POINT('',(3000.,1032.,350.));
#14312=CARTESIAN_POINT('',(3000.,1032.,350.));
#14313=CARTESIAN_POINT('',(3000.,1032.,2310.));
#14314=CARTESIAN_POINT('',(3000.,1032.,2310.));
#14315=CARTESIAN_POINT('',(3000.,1032.,350.));
#14316=CARTESIAN_POINT('Origin',(3000.,1040.,350.));
#14317=CARTESIAN_POINT('',(3000.,1040.,350.));
#14318=CARTESIAN_POINT('',(3000.,1040.,2310.));
#14319=CARTESIAN_POINT('Origin',(3009.,1036.,2310.));
#14320=CARTESIAN_POINT('Origin',(3009.,1036.,350.));
#14321=CARTESIAN_POINT('Origin',(3505.,1040.,320.));
#14322=CARTESIAN_POINT('',(3505.,1040.,320.));
#14323=CARTESIAN_POINT('',(2520.,1040.,320.));
#14324=CARTESIAN_POINT('',(3505.,1040.,320.));
#14325=CARTESIAN_POINT('',(2520.,1040.,350.));
#14326=CARTESIAN_POINT('',(2520.,1040.,320.));
#14327=CARTESIAN_POINT('',(3505.,1040.,350.));
#14328=CARTESIAN_POINT('',(3505.,1040.,350.));
#14329=CARTESIAN_POINT('',(3505.,1040.,320.));
#14330=CARTESIAN_POINT('Origin',(3505.,1032.,320.));
#14331=CARTESIAN_POINT('',(3505.,1032.,320.));
#14332=CARTESIAN_POINT('',(3505.,1032.,320.));
#14333=CARTESIAN_POINT('',(3505.,1032.,350.));
#14334=CARTESIAN_POINT('',(3505.,1032.,350.));
#14335=CARTESIAN_POINT('',(3505.,1032.,320.));
#14336=CARTESIAN_POINT('Origin',(2520.,1032.,320.));
#14337=CARTESIAN_POINT('',(2520.,1032.,320.));
#14338=CARTESIAN_POINT('',(2520.,1032.,320.));
#14339=CARTESIAN_POINT('',(2520.,1032.,350.));
#14340=CARTESIAN_POINT('',(2520.,1032.,350.));
#14341=CARTESIAN_POINT('',(2520.,1032.,320.));
#14342=CARTESIAN_POINT('Origin',(2520.,1040.,320.));
#14343=CARTESIAN_POINT('',(2520.,1040.,320.));
#14344=CARTESIAN_POINT('',(2520.,1040.,350.));
#14345=CARTESIAN_POINT('Origin',(3012.5,1036.,350.));
#14346=CARTESIAN_POINT('Origin',(3012.5,1036.,320.));
#14347=CARTESIAN_POINT('Origin',(3380.,1051.,980.));
#14348=CARTESIAN_POINT('',(3380.,1051.,980.));
#14349=CARTESIAN_POINT('',(3240.,1051.,980.));
#14350=CARTESIAN_POINT('',(3380.,1051.,980.));
#14351=CARTESIAN_POINT('',(3240.,1051.,1020.));
#14352=CARTESIAN_POINT('',(3240.,1051.,980.));
#14353=CARTESIAN_POINT('',(3380.,1051.,1020.));
#14354=CARTESIAN_POINT('',(3380.,1051.,1020.));
#14355=CARTESIAN_POINT('',(3380.,1051.,980.));
#14356=CARTESIAN_POINT('Origin',(3380.,1037.,980.));
#14357=CARTESIAN_POINT('',(3380.,1037.,980.));
#14358=CARTESIAN_POINT('',(3380.,1037.,980.));
#14359=CARTESIAN_POINT('',(3380.,1037.,1020.));
#14360=CARTESIAN_POINT('',(3380.,1037.,1020.));
#14361=CARTESIAN_POINT('',(3380.,1037.,980.));
#14362=CARTESIAN_POINT('Origin',(3240.,1037.,980.));
#14363=CARTESIAN_POINT('',(3240.,1037.,980.));
#14364=CARTESIAN_POINT('',(3240.,1037.,980.));
#14365=CARTESIAN_POINT('',(3240.,1037.,1020.));
#14366=CARTESIAN_POINT('',(3240.,1037.,1020.));
#14367=CARTESIAN_POINT('',(3240.,1037.,980.));
#14368=CARTESIAN_POINT('Origin',(3240.,1051.,980.));
#14369=CARTESIAN_POINT('',(3240.,1051.,980.));
#14370=CARTESIAN_POINT('',(3240.,1051.,1020.));
#14371=CARTESIAN_POINT('Origin',(3310.,1044.,1020.));
#14372=CARTESIAN_POINT('Origin',(3310.,1044.,980.));
#14373=CARTESIAN_POINT('Origin',(2050.,1041.,1750.));
#14374=CARTESIAN_POINT('',(1740.,1045.,1750.));
#14375=CARTESIAN_POINT('Origin',(2050.,1045.,1750.));
#14376=CARTESIAN_POINT('',(1740.,1041.,1750.));
#14377=CARTESIAN_POINT('',(1740.,1041.,1750.));
#14378=CARTESIAN_POINT('Origin',(2050.,1041.,1750.));
#14379=CARTESIAN_POINT('Origin',(2050.,1045.,1750.));
#14380=CARTESIAN_POINT('Origin',(2050.,1041.,1750.));
#14381=CARTESIAN_POINT('Origin',(595.,1036.,1050.));
#14382=CARTESIAN_POINT('',(595.,1036.,1050.));
#14383=CARTESIAN_POINT('',(520.,1036.,1050.));
#14384=CARTESIAN_POINT('',(595.,1036.,1050.));
#14385=CARTESIAN_POINT('',(520.,1036.,1080.));
#14386=CARTESIAN_POINT('',(520.,1036.,1050.));
#14387=CARTESIAN_POINT('',(595.,1036.,1080.));
#14388=CARTESIAN_POINT('',(595.,1036.,1080.));
#14389=CARTESIAN_POINT('',(595.,1036.,1050.));
#14390=CARTESIAN_POINT('Origin',(595.,1028.,1050.));
#14391=CARTESIAN_POINT('',(595.,1028.,1050.));
#14392=CARTESIAN_POINT('',(595.,1028.,1050.));
#14393=CARTESIAN_POINT('',(595.,1028.,1080.));
#14394=CARTESIAN_POINT('',(595.,1028.,1080.));
#14395=CARTESIAN_POINT('',(595.,1028.,1050.));
#14396=CARTESIAN_POINT('Origin',(520.,1028.,1050.));
#14397=CARTESIAN_POINT('',(520.,1028.,1050.));
#14398=CARTESIAN_POINT('',(520.,1028.,1050.));
#14399=CARTESIAN_POINT('',(520.,1028.,1080.));
#14400=CARTESIAN_POINT('',(520.,1028.,1080.));
#14401=CARTESIAN_POINT('',(520.,1028.,1050.));
#14402=CARTESIAN_POINT('Origin',(520.,1036.,1050.));
#14403=CARTESIAN_POINT('',(520.,1036.,1050.));
#14404=CARTESIAN_POINT('',(520.,1036.,1080.));
#14405=CARTESIAN_POINT('Origin',(557.5,1032.,1080.));
#14406=CARTESIAN_POINT('Origin',(557.5,1032.,1050.));
#14407=CARTESIAN_POINT('Origin',(850.,-825.,360.));
#14408=CARTESIAN_POINT('',(792.,825.,360.));
#14409=CARTESIAN_POINT('Origin',(850.,825.,360.));
#14410=CARTESIAN_POINT('',(792.,-825.,360.));
#14411=CARTESIAN_POINT('',(792.,-825.,360.));
#14412=CARTESIAN_POINT('Origin',(850.,-825.,360.));
#14413=CARTESIAN_POINT('Origin',(850.,825.,360.));
#14414=CARTESIAN_POINT('Origin',(850.,-825.,360.));
#14415=CARTESIAN_POINT('Origin',(850.,-987.,360.));
#14416=CARTESIAN_POINT('',(490.,-987.,360.));
#14417=CARTESIAN_POINT('',(850.,-987.,0.));
#14418=CARTESIAN_POINT('Origin',(850.,-987.,360.));
#14419=CARTESIAN_POINT('',(850.,-1015.,28.));
#14420=CARTESIAN_POINT('Origin',(850.,-987.,28.));
#14421=CARTESIAN_POINT('Origin',(850.,-1015.,360.));
#14422=CARTESIAN_POINT('Origin',(850.,-987.,360.));
#14423=CARTESIAN_POINT('Origin',(850.,-1015.,360.));
#14424=CARTESIAN_POINT('',(490.,-803.,360.));
#14425=CARTESIAN_POINT('',(850.,-803.,0.));
#14426=CARTESIAN_POINT('Origin',(850.,-803.,360.));
#14427=CARTESIAN_POINT('',(490.,-1015.,360.));
#14428=CARTESIAN_POINT('Origin',(850.,-803.,360.));
#14429=CARTESIAN_POINT('Origin',(850.,-1015.,360.));
#14430=CARTESIAN_POINT('Origin',(850.,-803.,360.));
#14431=CARTESIAN_POINT('',(850.,-775.,28.));
#14432=CARTESIAN_POINT('Origin',(850.,-775.,360.));
#14433=CARTESIAN_POINT('Origin',(850.,-803.,28.));
#14434=CARTESIAN_POINT('Origin',(850.,-775.,360.));
#14435=CARTESIAN_POINT('Origin',(850.,-1018.,360.));
#14436=CARTESIAN_POINT('',(608.,-985.,360.));
#14437=CARTESIAN_POINT('Origin',(850.,-985.,360.));
#14438=CARTESIAN_POINT('',(608.,-1018.,360.));
#14439=CARTESIAN_POINT('',(608.,-1018.,360.));
#14440=CARTESIAN_POINT('Origin',(850.,-1018.,360.));
#14441=CARTESIAN_POINT('Origin',(850.,-985.,360.));
#14442=CARTESIAN_POINT('Origin',(850.,-1018.,360.));
#14443=CARTESIAN_POINT('Origin',(850.,-1021.,360.));
#14444=CARTESIAN_POINT('',(672.,-1011.,360.));
#14445=CARTESIAN_POINT('Origin',(850.,-1011.,360.));
#14446=CARTESIAN_POINT('',(672.,-1021.,360.));
#14447=CARTESIAN_POINT('',(672.,-1021.,360.));
#14448=CARTESIAN_POINT('Origin',(850.,-1021.,360.));
#14449=CARTESIAN_POINT('Origin',(850.,-1011.,360.));
#14450=CARTESIAN_POINT('Origin',(850.,-1021.,360.));
#14451=CARTESIAN_POINT('Origin',(850.,-1027.,360.));
#14452=CARTESIAN_POINT('',(759.,-1009.,360.));
#14453=CARTESIAN_POINT('Origin',(850.,-1009.,360.));
#14454=CARTESIAN_POINT('',(759.,-1027.,360.));
#14455=CARTESIAN_POINT('',(759.,-1027.,360.));
#14456=CARTESIAN_POINT('Origin',(850.,-1027.,360.));
#14457=CARTESIAN_POINT('Origin',(850.,-1009.,360.));
#14458=CARTESIAN_POINT('Origin',(850.,-1027.,360.));
#14459=CARTESIAN_POINT('Origin',(976.,-1029.,360.));
#14460=CARTESIAN_POINT('',(955.,-1023.,360.));
#14461=CARTESIAN_POINT('Origin',(976.,-1023.,360.));
#14462=CARTESIAN_POINT('',(955.,-1029.,360.));
#14463=CARTESIAN_POINT('',(955.,-1029.,360.));
#14464=CARTESIAN_POINT('Origin',(976.,-1029.,360.));
#14465=CARTESIAN_POINT('Origin',(976.,-1023.,360.));
#14466=CARTESIAN_POINT('Origin',(976.,-1029.,360.));
#14467=CARTESIAN_POINT('Origin',(913.,-1029.,469.119200876839));
#14468=CARTESIAN_POINT('',(892.,-1023.,469.119200876839));
#14469=CARTESIAN_POINT('Origin',(913.,-1023.,469.119200876839));
#14470=CARTESIAN_POINT('',(892.,-1029.,469.119200876839));
#14471=CARTESIAN_POINT('',(892.,-1029.,469.119200876839));
#14472=CARTESIAN_POINT('Origin',(913.,-1029.,469.119200876839));
#14473=CARTESIAN_POINT('Origin',(913.,-1023.,469.119200876839));
#14474=CARTESIAN_POINT('Origin',(913.,-1029.,469.119200876839));
#14475=CARTESIAN_POINT('Origin',(787.,-1029.,469.119200876839));
#14476=CARTESIAN_POINT('',(766.,-1023.,469.119200876839));
#14477=CARTESIAN_POINT('Origin',(787.,-1023.,469.119200876839));
#14478=CARTESIAN_POINT('',(766.,-1029.,469.119200876839));
#14479=CARTESIAN_POINT('',(766.,-1029.,469.119200876839));
#14480=CARTESIAN_POINT('Origin',(787.,-1029.,469.119200876839));
#14481=CARTESIAN_POINT('Origin',(787.,-1023.,469.119200876839));
#14482=CARTESIAN_POINT('Origin',(787.,-1029.,469.119200876839));
#14483=CARTESIAN_POINT('Origin',(724.,-1029.,360.));
#14484=CARTESIAN_POINT('',(703.,-1023.,360.));
#14485=CARTESIAN_POINT('Origin',(724.,-1023.,360.));
#14486=CARTESIAN_POINT('',(703.,-1029.,360.));
#14487=CARTESIAN_POINT('',(703.,-1029.,360.));
#14488=CARTESIAN_POINT('Origin',(724.,-1029.,360.));
#14489=CARTESIAN_POINT('Origin',(724.,-1023.,360.));
#14490=CARTESIAN_POINT('Origin',(724.,-1029.,360.));
#14491=CARTESIAN_POINT('Origin',(787.,-1029.,250.880799123161));
#14492=CARTESIAN_POINT('',(766.,-1023.,250.880799123161));
#14493=CARTESIAN_POINT('Origin',(787.,-1023.,250.880799123161));
#14494=CARTESIAN_POINT('',(766.,-1029.,250.880799123161));
#14495=CARTESIAN_POINT('',(766.,-1029.,250.880799123161));
#14496=CARTESIAN_POINT('Origin',(787.,-1029.,250.880799123161));
#14497=CARTESIAN_POINT('Origin',(787.,-1023.,250.880799123161));
#14498=CARTESIAN_POINT('Origin',(787.,-1029.,250.880799123161));
#14499=CARTESIAN_POINT('Origin',(913.,-1029.,250.880799123161));
#14500=CARTESIAN_POINT('',(892.,-1023.,250.880799123161));
#14501=CARTESIAN_POINT('Origin',(913.,-1023.,250.880799123161));
#14502=CARTESIAN_POINT('',(892.,-1029.,250.880799123161));
#14503=CARTESIAN_POINT('',(892.,-1029.,250.880799123161));
#14504=CARTESIAN_POINT('Origin',(913.,-1029.,250.880799123161));
#14505=CARTESIAN_POINT('Origin',(913.,-1023.,250.880799123161));
#14506=CARTESIAN_POINT('Origin',(913.,-1029.,250.880799123161));
#14507=CARTESIAN_POINT('Origin',(850.,987.,360.));
#14508=CARTESIAN_POINT('',(850.,1015.,28.));
#14509=CARTESIAN_POINT('Origin',(850.,1015.,360.));
#14510=CARTESIAN_POINT('',(850.,987.,0.));
#14511=CARTESIAN_POINT('Origin',(850.,987.,28.));
#14512=CARTESIAN_POINT('',(490.,987.,360.));
#14513=CARTESIAN_POINT('Origin',(850.,987.,360.));
#14514=CARTESIAN_POINT('Origin',(850.,987.,360.));
#14515=CARTESIAN_POINT('Origin',(850.,1015.,360.));
#14516=CARTESIAN_POINT('',(490.,803.,360.));
#14517=CARTESIAN_POINT('',(850.,803.,720.));
#14518=CARTESIAN_POINT('Origin',(850.,803.,360.));
#14519=CARTESIAN_POINT('',(490.,1015.,360.));
#14520=CARTESIAN_POINT('Origin',(850.,803.,360.));
#14521=CARTESIAN_POINT('Origin',(850.,1015.,360.));
#14522=CARTESIAN_POINT('Origin',(850.,803.,360.));
#14523=CARTESIAN_POINT('',(850.,775.,692.));
#14524=CARTESIAN_POINT('Origin',(850.,775.,360.));
#14525=CARTESIAN_POINT('Origin',(850.,803.,692.));
#14526=CARTESIAN_POINT('Origin',(850.,775.,360.));
#14527=CARTESIAN_POINT('Origin',(850.,1018.,360.));
#14528=CARTESIAN_POINT('',(608.,985.,360.));
#14529=CARTESIAN_POINT('Origin',(850.,985.,360.));
#14530=CARTESIAN_POINT('',(608.,1018.,360.));
#14531=CARTESIAN_POINT('',(608.,1018.,360.));
#14532=CARTESIAN_POINT('Origin',(850.,1018.,360.));
#14533=CARTESIAN_POINT('Origin',(850.,1018.,360.));
#14534=CARTESIAN_POINT('Origin',(850.,985.,360.));
#14535=CARTESIAN_POINT('Origin',(850.,1021.,360.));
#14536=CARTESIAN_POINT('',(672.,1011.,360.));
#14537=CARTESIAN_POINT('Origin',(850.,1011.,360.));
#14538=CARTESIAN_POINT('',(672.,1021.,360.));
#14539=CARTESIAN_POINT('',(672.,1021.,360.));
#14540=CARTESIAN_POINT('Origin',(850.,1021.,360.));
#14541=CARTESIAN_POINT('Origin',(850.,1021.,360.));
#14542=CARTESIAN_POINT('Origin',(850.,1011.,360.));
#14543=CARTESIAN_POINT('Origin',(850.,1027.,360.));
#14544=CARTESIAN_POINT('',(759.,1009.,360.));
#14545=CARTESIAN_POINT('Origin',(850.,1009.,360.));
#14546=CARTESIAN_POINT('',(759.,1027.,360.));
#14547=CARTESIAN_POINT('',(759.,1027.,360.));
#14548=CARTESIAN_POINT('Origin',(850.,1027.,360.));
#14549=CARTESIAN_POINT('Origin',(850.,1027.,360.));
#14550=CARTESIAN_POINT('Origin',(850.,1009.,360.));
#14551=CARTESIAN_POINT('Origin',(976.,1029.,360.));
#14552=CARTESIAN_POINT('',(955.,1023.,360.));
#14553=CARTESIAN_POINT('Origin',(976.,1023.,360.));
#14554=CARTESIAN_POINT('',(955.,1029.,360.));
#14555=CARTESIAN_POINT('',(955.,1029.,360.));
#14556=CARTESIAN_POINT('Origin',(976.,1029.,360.));
#14557=CARTESIAN_POINT('Origin',(976.,1029.,360.));
#14558=CARTESIAN_POINT('Origin',(976.,1023.,360.));
#14559=CARTESIAN_POINT('Origin',(913.,1029.,469.119200876839));
#14560=CARTESIAN_POINT('',(892.,1023.,469.119200876839));
#14561=CARTESIAN_POINT('Origin',(913.,1023.,469.119200876839));
#14562=CARTESIAN_POINT('',(892.,1029.,469.119200876839));
#14563=CARTESIAN_POINT('',(892.,1029.,469.119200876839));
#14564=CARTESIAN_POINT('Origin',(913.,1029.,469.119200876839));
#14565=CARTESIAN_POINT('Origin',(913.,1029.,469.119200876839));
#14566=CARTESIAN_POINT('Origin',(913.,1023.,469.119200876839));
#14567=CARTESIAN_POINT('Origin',(787.,1029.,469.119200876839));
#14568=CARTESIAN_POINT('',(766.,1023.,469.119200876839));
#14569=CARTESIAN_POINT('Origin',(787.,1023.,469.119200876839));
#14570=CARTESIAN_POINT('',(766.,1029.,469.119200876839));
#14571=CARTESIAN_POINT('',(766.,1029.,469.119200876839));
#14572=CARTESIAN_POINT('Origin',(787.,1029.,469.119200876839));
#14573=CARTESIAN_POINT('Origin',(787.,1029.,469.119200876839));
#14574=CARTESIAN_POINT('Origin',(787.,1023.,469.119200876839));
#14575=CARTESIAN_POINT('Origin',(724.,1029.,360.));
#14576=CARTESIAN_POINT('',(703.,1023.,360.));
#14577=CARTESIAN_POINT('Origin',(724.,1023.,360.));
#14578=CARTESIAN_POINT('',(703.,1029.,360.));
#14579=CARTESIAN_POINT('',(703.,1029.,360.));
#14580=CARTESIAN_POINT('Origin',(724.,1029.,360.));
#14581=CARTESIAN_POINT('Origin',(724.,1029.,360.));
#14582=CARTESIAN_POINT('Origin',(724.,1023.,360.));
#14583=CARTESIAN_POINT('Origin',(787.,1029.,250.880799123161));
#14584=CARTESIAN_POINT('',(766.,1023.,250.880799123161));
#14585=CARTESIAN_POINT('Origin',(787.,1023.,250.880799123161));
#14586=CARTESIAN_POINT('',(766.,1029.,250.880799123161));
#14587=CARTESIAN_POINT('',(766.,1029.,250.880799123161));
#14588=CARTESIAN_POINT('Origin',(787.,1029.,250.880799123161));
#14589=CARTESIAN_POINT('Origin',(787.,1029.,250.880799123161));
#14590=CARTESIAN_POINT('Origin',(787.,1023.,250.880799123161));
#14591=CARTESIAN_POINT('Origin',(913.,1029.,250.880799123161));
#14592=CARTESIAN_POINT('',(892.,1023.,250.880799123161));
#14593=CARTESIAN_POINT('Origin',(913.,1023.,250.880799123161));
#14594=CARTESIAN_POINT('',(892.,1029.,250.880799123161));
#14595=CARTESIAN_POINT('',(892.,1029.,250.880799123161));
#14596=CARTESIAN_POINT('Origin',(913.,1029.,250.880799123161));
#14597=CARTESIAN_POINT('Origin',(913.,1029.,250.880799123161));
#14598=CARTESIAN_POINT('Origin',(913.,1023.,250.880799123161));
#14599=CARTESIAN_POINT('Origin',(4650.,-825.,360.));
#14600=CARTESIAN_POINT('',(4592.,825.,360.));
#14601=CARTESIAN_POINT('Origin',(4650.,825.,360.));
#14602=CARTESIAN_POINT('',(4592.,-825.,360.));
#14603=CARTESIAN_POINT('',(4592.,-825.,360.));
#14604=CARTESIAN_POINT('Origin',(4650.,-825.,360.));
#14605=CARTESIAN_POINT('Origin',(4650.,825.,360.));
#14606=CARTESIAN_POINT('Origin',(4650.,-825.,360.));
#14607=CARTESIAN_POINT('Origin',(4650.,-987.,360.));
#14608=CARTESIAN_POINT('',(4290.,-987.,360.));
#14609=CARTESIAN_POINT('',(4650.,-987.,0.));
#14610=CARTESIAN_POINT('Origin',(4650.,-987.,360.));
#14611=CARTESIAN_POINT('',(4650.,-1015.,28.));
#14612=CARTESIAN_POINT('Origin',(4650.,-987.,28.));
#14613=CARTESIAN_POINT('Origin',(4650.,-1015.,360.));
#14614=CARTESIAN_POINT('Origin',(4650.,-987.,360.));
#14615=CARTESIAN_POINT('Origin',(4650.,-1015.,360.));
#14616=CARTESIAN_POINT('',(4290.,-803.,360.));
#14617=CARTESIAN_POINT('',(4650.,-803.,0.));
#14618=CARTESIAN_POINT('Origin',(4650.,-803.,360.));
#14619=CARTESIAN_POINT('',(4290.,-1015.,360.));
#14620=CARTESIAN_POINT('Origin',(4650.,-803.,360.));
#14621=CARTESIAN_POINT('Origin',(4650.,-1015.,360.));
#14622=CARTESIAN_POINT('Origin',(4650.,-803.,360.));
#14623=CARTESIAN_POINT('',(4650.,-775.,28.));
#14624=CARTESIAN_POINT('Origin',(4650.,-775.,360.));
#14625=CARTESIAN_POINT('Origin',(4650.,-803.,28.));
#14626=CARTESIAN_POINT('Origin',(4650.,-775.,360.));
#14627=CARTESIAN_POINT('Origin',(4650.,-1018.,360.));
#14628=CARTESIAN_POINT('',(4408.,-985.,360.));
#14629=CARTESIAN_POINT('Origin',(4650.,-985.,360.));
#14630=CARTESIAN_POINT('',(4408.,-1018.,360.));
#14631=CARTESIAN_POINT('',(4408.,-1018.,360.));
#14632=CARTESIAN_POINT('Origin',(4650.,-1018.,360.));
#14633=CARTESIAN_POINT('Origin',(4650.,-985.,360.));
#14634=CARTESIAN_POINT('Origin',(4650.,-1018.,360.));
#14635=CARTESIAN_POINT('Origin',(4650.,-1021.,360.));
#14636=CARTESIAN_POINT('',(4472.,-1011.,360.));
#14637=CARTESIAN_POINT('Origin',(4650.,-1011.,360.));
#14638=CARTESIAN_POINT('',(4472.,-1021.,360.));
#14639=CARTESIAN_POINT('',(4472.,-1021.,360.));
#14640=CARTESIAN_POINT('Origin',(4650.,-1021.,360.));
#14641=CARTESIAN_POINT('Origin',(4650.,-1011.,360.));
#14642=CARTESIAN_POINT('Origin',(4650.,-1021.,360.));
#14643=CARTESIAN_POINT('Origin',(4650.,-1027.,360.));
#14644=CARTESIAN_POINT('',(4559.,-1009.,360.));
#14645=CARTESIAN_POINT('Origin',(4650.,-1009.,360.));
#14646=CARTESIAN_POINT('',(4559.,-1027.,360.));
#14647=CARTESIAN_POINT('',(4559.,-1027.,360.));
#14648=CARTESIAN_POINT('Origin',(4650.,-1027.,360.));
#14649=CARTESIAN_POINT('Origin',(4650.,-1009.,360.));
#14650=CARTESIAN_POINT('Origin',(4650.,-1027.,360.));
#14651=CARTESIAN_POINT('Origin',(4776.,-1029.,360.));
#14652=CARTESIAN_POINT('',(4755.,-1023.,360.));
#14653=CARTESIAN_POINT('Origin',(4776.,-1023.,360.));
#14654=CARTESIAN_POINT('',(4755.,-1029.,360.));
#14655=CARTESIAN_POINT('',(4755.,-1029.,360.));
#14656=CARTESIAN_POINT('Origin',(4776.,-1029.,360.));
#14657=CARTESIAN_POINT('Origin',(4776.,-1023.,360.));
#14658=CARTESIAN_POINT('Origin',(4776.,-1029.,360.));
#14659=CARTESIAN_POINT('Origin',(4713.,-1029.,469.119200876839));
#14660=CARTESIAN_POINT('',(4692.,-1023.,469.119200876839));
#14661=CARTESIAN_POINT('Origin',(4713.,-1023.,469.119200876839));
#14662=CARTESIAN_POINT('',(4692.,-1029.,469.119200876839));
#14663=CARTESIAN_POINT('',(4692.,-1029.,469.119200876839));
#14664=CARTESIAN_POINT('Origin',(4713.,-1029.,469.119200876839));
#14665=CARTESIAN_POINT('Origin',(4713.,-1023.,469.119200876839));
#14666=CARTESIAN_POINT('Origin',(4713.,-1029.,469.119200876839));
#14667=CARTESIAN_POINT('Origin',(4587.,-1029.,469.119200876839));
#14668=CARTESIAN_POINT('',(4566.,-1023.,469.119200876839));
#14669=CARTESIAN_POINT('Origin',(4587.,-1023.,469.119200876839));
#14670=CARTESIAN_POINT('',(4566.,-1029.,469.119200876839));
#14671=CARTESIAN_POINT('',(4566.,-1029.,469.119200876839));
#14672=CARTESIAN_POINT('Origin',(4587.,-1029.,469.119200876839));
#14673=CARTESIAN_POINT('Origin',(4587.,-1023.,469.119200876839));
#14674=CARTESIAN_POINT('Origin',(4587.,-1029.,469.119200876839));
#14675=CARTESIAN_POINT('Origin',(4524.,-1029.,360.));
#14676=CARTESIAN_POINT('',(4503.,-1023.,360.));
#14677=CARTESIAN_POINT('Origin',(4524.,-1023.,360.));
#14678=CARTESIAN_POINT('',(4503.,-1029.,360.));
#14679=CARTESIAN_POINT('',(4503.,-1029.,360.));
#14680=CARTESIAN_POINT('Origin',(4524.,-1029.,360.));
#14681=CARTESIAN_POINT('Origin',(4524.,-1023.,360.));
#14682=CARTESIAN_POINT('Origin',(4524.,-1029.,360.));
#14683=CARTESIAN_POINT('Origin',(4587.,-1029.,250.880799123161));
#14684=CARTESIAN_POINT('',(4566.,-1023.,250.880799123161));
#14685=CARTESIAN_POINT('Origin',(4587.,-1023.,250.880799123161));
#14686=CARTESIAN_POINT('',(4566.,-1029.,250.880799123161));
#14687=CARTESIAN_POINT('',(4566.,-1029.,250.880799123161));
#14688=CARTESIAN_POINT('Origin',(4587.,-1029.,250.880799123161));
#14689=CARTESIAN_POINT('Origin',(4587.,-1023.,250.880799123161));
#14690=CARTESIAN_POINT('Origin',(4587.,-1029.,250.880799123161));
#14691=CARTESIAN_POINT('Origin',(4713.,-1029.,250.880799123161));
#14692=CARTESIAN_POINT('',(4692.,-1023.,250.880799123161));
#14693=CARTESIAN_POINT('Origin',(4713.,-1023.,250.880799123161));
#14694=CARTESIAN_POINT('',(4692.,-1029.,250.880799123161));
#14695=CARTESIAN_POINT('',(4692.,-1029.,250.880799123161));
#14696=CARTESIAN_POINT('Origin',(4713.,-1029.,250.880799123161));
#14697=CARTESIAN_POINT('Origin',(4713.,-1023.,250.880799123161));
#14698=CARTESIAN_POINT('Origin',(4713.,-1029.,250.880799123161));
#14699=CARTESIAN_POINT('Origin',(4650.,987.,360.));
#14700=CARTESIAN_POINT('',(4650.,1015.,28.));
#14701=CARTESIAN_POINT('Origin',(4650.,1015.,360.));
#14702=CARTESIAN_POINT('',(4650.,987.,0.));
#14703=CARTESIAN_POINT('Origin',(4650.,987.,28.));
#14704=CARTESIAN_POINT('',(4290.,987.,360.));
#14705=CARTESIAN_POINT('Origin',(4650.,987.,360.));
#14706=CARTESIAN_POINT('Origin',(4650.,987.,360.));
#14707=CARTESIAN_POINT('Origin',(4650.,1015.,360.));
#14708=CARTESIAN_POINT('',(4290.,803.,360.));
#14709=CARTESIAN_POINT('',(4650.,803.,720.));
#14710=CARTESIAN_POINT('Origin',(4650.,803.,360.));
#14711=CARTESIAN_POINT('',(4290.,1015.,360.));
#14712=CARTESIAN_POINT('Origin',(4650.,803.,360.));
#14713=CARTESIAN_POINT('Origin',(4650.,1015.,360.));
#14714=CARTESIAN_POINT('Origin',(4650.,803.,360.));
#14715=CARTESIAN_POINT('',(4650.,775.,692.));
#14716=CARTESIAN_POINT('Origin',(4650.,775.,360.));
#14717=CARTESIAN_POINT('Origin',(4650.,803.,692.));
#14718=CARTESIAN_POINT('Origin',(4650.,775.,360.));
#14719=CARTESIAN_POINT('Origin',(4650.,1018.,360.));
#14720=CARTESIAN_POINT('',(4408.,985.,360.));
#14721=CARTESIAN_POINT('Origin',(4650.,985.,360.));
#14722=CARTESIAN_POINT('',(4408.,1018.,360.));
#14723=CARTESIAN_POINT('',(4408.,1018.,360.));
#14724=CARTESIAN_POINT('Origin',(4650.,1018.,360.));
#14725=CARTESIAN_POINT('Origin',(4650.,1018.,360.));
#14726=CARTESIAN_POINT('Origin',(4650.,985.,360.));
#14727=CARTESIAN_POINT('Origin',(4650.,1021.,360.));
#14728=CARTESIAN_POINT('',(4472.,1011.,360.));
#14729=CARTESIAN_POINT('Origin',(4650.,1011.,360.));
#14730=CARTESIAN_POINT('',(4472.,1021.,360.));
#14731=CARTESIAN_POINT('',(4472.,1021.,360.));
#14732=CARTESIAN_POINT('Origin',(4650.,1021.,360.));
#14733=CARTESIAN_POINT('Origin',(4650.,1021.,360.));
#14734=CARTESIAN_POINT('Origin',(4650.,1011.,360.));
#14735=CARTESIAN_POINT('Origin',(4650.,1027.,360.));
#14736=CARTESIAN_POINT('',(4559.,1009.,360.));
#14737=CARTESIAN_POINT('Origin',(4650.,1009.,360.));
#14738=CARTESIAN_POINT('',(4559.,1027.,360.));
#14739=CARTESIAN_POINT('',(4559.,1027.,360.));
#14740=CARTESIAN_POINT('Origin',(4650.,1027.,360.));
#14741=CARTESIAN_POINT('Origin',(4650.,1027.,360.));
#14742=CARTESIAN_POINT('Origin',(4650.,1009.,360.));
#14743=CARTESIAN_POINT('Origin',(4776.,1029.,360.));
#14744=CARTESIAN_POINT('',(4755.,1023.,360.));
#14745=CARTESIAN_POINT('Origin',(4776.,1023.,360.));
#14746=CARTESIAN_POINT('',(4755.,1029.,360.));
#14747=CARTESIAN_POINT('',(4755.,1029.,360.));
#14748=CARTESIAN_POINT('Origin',(4776.,1029.,360.));
#14749=CARTESIAN_POINT('Origin',(4776.,1029.,360.));
#14750=CARTESIAN_POINT('Origin',(4776.,1023.,360.));
#14751=CARTESIAN_POINT('Origin',(4713.,1029.,469.119200876839));
#14752=CARTESIAN_POINT('',(4692.,1023.,469.119200876839));
#14753=CARTESIAN_POINT('Origin',(4713.,1023.,469.119200876839));
#14754=CARTESIAN_POINT('',(4692.,1029.,469.119200876839));
#14755=CARTESIAN_POINT('',(4692.,1029.,469.119200876839));
#14756=CARTESIAN_POINT('Origin',(4713.,1029.,469.119200876839));
#14757=CARTESIAN_POINT('Origin',(4713.,1029.,469.119200876839));
#14758=CARTESIAN_POINT('Origin',(4713.,1023.,469.119200876839));
#14759=CARTESIAN_POINT('Origin',(4587.,1029.,469.119200876839));
#14760=CARTESIAN_POINT('',(4566.,1023.,469.119200876839));
#14761=CARTESIAN_POINT('Origin',(4587.,1023.,469.119200876839));
#14762=CARTESIAN_POINT('',(4566.,1029.,469.119200876839));
#14763=CARTESIAN_POINT('',(4566.,1029.,469.119200876839));
#14764=CARTESIAN_POINT('Origin',(4587.,1029.,469.119200876839));
#14765=CARTESIAN_POINT('Origin',(4587.,1029.,469.119200876839));
#14766=CARTESIAN_POINT('Origin',(4587.,1023.,469.119200876839));
#14767=CARTESIAN_POINT('Origin',(4524.,1029.,360.));
#14768=CARTESIAN_POINT('',(4503.,1023.,360.));
#14769=CARTESIAN_POINT('Origin',(4524.,1023.,360.));
#14770=CARTESIAN_POINT('',(4503.,1029.,360.));
#14771=CARTESIAN_POINT('',(4503.,1029.,360.));
#14772=CARTESIAN_POINT('Origin',(4524.,1029.,360.));
#14773=CARTESIAN_POINT('Origin',(4524.,1029.,360.));
#14774=CARTESIAN_POINT('Origin',(4524.,1023.,360.));
#14775=CARTESIAN_POINT('Origin',(4587.,1029.,250.880799123161));
#14776=CARTESIAN_POINT('',(4566.,1023.,250.880799123161));
#14777=CARTESIAN_POINT('Origin',(4587.,1023.,250.880799123161));
#14778=CARTESIAN_POINT('',(4566.,1029.,250.880799123161));
#14779=CARTESIAN_POINT('',(4566.,1029.,250.880799123161));
#14780=CARTESIAN_POINT('Origin',(4587.,1029.,250.880799123161));
#14781=CARTESIAN_POINT('Origin',(4587.,1029.,250.880799123161));
#14782=CARTESIAN_POINT('Origin',(4587.,1023.,250.880799123161));
#14783=CARTESIAN_POINT('Origin',(4713.,1029.,250.880799123161));
#14784=CARTESIAN_POINT('',(4692.,1023.,250.880799123161));
#14785=CARTESIAN_POINT('Origin',(4713.,1023.,250.880799123161));
#14786=CARTESIAN_POINT('',(4692.,1029.,250.880799123161));
#14787=CARTESIAN_POINT('',(4692.,1029.,250.880799123161));
#14788=CARTESIAN_POINT('Origin',(4713.,1029.,250.880799123161));
#14789=CARTESIAN_POINT('Origin',(4713.,1029.,250.880799123161));
#14790=CARTESIAN_POINT('Origin',(4713.,1023.,250.880799123161));
#14791=CARTESIAN_POINT('Origin',(60.,-875.,775.));
#14792=CARTESIAN_POINT('',(0.,-875.,775.));
#14793=CARTESIAN_POINT('',(60.,-875.,835.));
#14794=CARTESIAN_POINT('Origin',(60.,-875.,775.));
#14795=CARTESIAN_POINT('',(60.,-935.,775.));
#14796=CARTESIAN_POINT('Origin',(60.,-875.,775.));
#14797=CARTESIAN_POINT('Origin',(60.,-875.,775.));
#14798=CARTESIAN_POINT('Origin',(90.,-875.,775.));
#14799=CARTESIAN_POINT('',(90.,-935.,775.));
#14800=CARTESIAN_POINT('',(90.,-875.,835.));
#14801=CARTESIAN_POINT('Origin',(90.,-875.,775.));
#14802=CARTESIAN_POINT('',(150.,-875.,775.));
#14803=CARTESIAN_POINT('Origin',(90.,-875.,775.));
#14804=CARTESIAN_POINT('Origin',(90.,-875.,775.));
#14805=CARTESIAN_POINT('Origin',(60.,-875.,415.));
#14806=CARTESIAN_POINT('',(0.,-875.,415.));
#14807=CARTESIAN_POINT('',(60.,-935.,415.));
#14808=CARTESIAN_POINT('Origin',(60.,-875.,415.));
#14809=CARTESIAN_POINT('',(60.,-875.,355.));
#14810=CARTESIAN_POINT('Origin',(60.,-875.,415.));
#14811=CARTESIAN_POINT('Origin',(60.,-875.,415.));
#14812=CARTESIAN_POINT('Origin',(60.,875.,775.));
#14813=CARTESIAN_POINT('',(60.,935.,775.));
#14814=CARTESIAN_POINT('',(60.,875.,835.));
#14815=CARTESIAN_POINT('Origin',(60.,875.,775.));
#14816=CARTESIAN_POINT('',(0.,875.,775.));
#14817=CARTESIAN_POINT('Origin',(60.,875.,775.));
#14818=CARTESIAN_POINT('Origin',(60.,875.,775.));
#14819=CARTESIAN_POINT('Origin',(90.,-875.,415.));
#14820=CARTESIAN_POINT('',(90.,-935.,415.));
#14821=CARTESIAN_POINT('',(150.,-875.,415.));
#14822=CARTESIAN_POINT('Origin',(90.,-875.,415.));
#14823=CARTESIAN_POINT('',(90.,-875.,355.));
#14824=CARTESIAN_POINT('Origin',(90.,-875.,415.));
#14825=CARTESIAN_POINT('Origin',(90.,-875.,415.));
#14826=CARTESIAN_POINT('Origin',(37.5,-875.,415.));
#14827=CARTESIAN_POINT('',(37.5,-935.,415.));
#14828=CARTESIAN_POINT('',(37.5,-875.,355.));
#14829=CARTESIAN_POINT('Origin',(90.,875.,775.));
#14830=CARTESIAN_POINT('',(150.,875.,775.));
#14831=CARTESIAN_POINT('',(90.,875.,835.));
#14832=CARTESIAN_POINT('Origin',(90.,875.,775.));
#14833=CARTESIAN_POINT('',(90.,935.,775.));
#14834=CARTESIAN_POINT('Origin',(90.,875.,775.));
#14835=CARTESIAN_POINT('Origin',(90.,875.,775.));
#14836=CARTESIAN_POINT('Origin',(60.,875.,415.));
#14837=CARTESIAN_POINT('',(60.,875.,355.));
#14838=CARTESIAN_POINT('',(60.,935.,415.));
#14839=CARTESIAN_POINT('Origin',(60.,875.,415.));
#14840=CARTESIAN_POINT('',(0.,875.,415.));
#14841=CARTESIAN_POINT('Origin',(60.,875.,415.));
#14842=CARTESIAN_POINT('Origin',(60.,875.,415.));
#14843=CARTESIAN_POINT('Origin',(60.,467.5,415.));
#14844=CARTESIAN_POINT('',(0.,467.5,415.));
#14845=CARTESIAN_POINT('',(60.,467.5,355.));
#14846=CARTESIAN_POINT('Origin',(60.,875.,355.));
#14847=CARTESIAN_POINT('',(60.,935.,355.));
#14848=CARTESIAN_POINT('',(0.,875.,355.));
#14849=CARTESIAN_POINT('Origin',(90.,875.,415.));
#14850=CARTESIAN_POINT('',(150.,875.,415.));
#14851=CARTESIAN_POINT('',(90.,935.,415.));
#14852=CARTESIAN_POINT('Origin',(90.,875.,415.));
#14853=CARTESIAN_POINT('',(90.,875.,355.));
#14854=CARTESIAN_POINT('Origin',(90.,875.,415.));
#14855=CARTESIAN_POINT('Origin',(90.,875.,415.));
#14856=CARTESIAN_POINT('Origin',(90.,-467.5,415.));
#14857=CARTESIAN_POINT('',(150.,-467.5,415.));
#14858=CARTESIAN_POINT('',(90.,-467.5,355.));
#14859=CARTESIAN_POINT('Origin',(112.5,875.,415.));
#14860=CARTESIAN_POINT('',(112.5,935.,415.));
#14861=CARTESIAN_POINT('',(112.5,875.,355.));
#14862=CARTESIAN_POINT('Origin',(90.,875.,355.));
#14863=CARTESIAN_POINT('',(150.,875.,355.));
#14864=CARTESIAN_POINT('',(90.,935.,355.));
#14865=CARTESIAN_POINT('Origin',(112.5,875.,775.));
#14866=CARTESIAN_POINT('',(112.5,875.,835.));
#14867=CARTESIAN_POINT('',(112.5,935.,775.));
#14868=CARTESIAN_POINT('Origin',(90.,-467.5,775.));
#14869=CARTESIAN_POINT('',(90.,-467.5,835.));
#14870=CARTESIAN_POINT('',(150.,-467.5,775.));
#14871=CARTESIAN_POINT('Origin',(90.,-875.,355.));
#14872=CARTESIAN_POINT('',(90.,-935.,355.));
#14873=CARTESIAN_POINT('',(150.,-875.,355.));
#14874=CARTESIAN_POINT('Origin',(60.,467.5,775.));
#14875=CARTESIAN_POINT('',(60.,467.5,835.));
#14876=CARTESIAN_POINT('',(0.,467.5,775.));
#14877=CARTESIAN_POINT('Origin',(60.,-875.,355.));
#14878=CARTESIAN_POINT('',(0.,-875.,355.));
#14879=CARTESIAN_POINT('',(60.,-935.,355.));
#14880=CARTESIAN_POINT('Origin',(37.5,-875.,775.));
#14881=CARTESIAN_POINT('',(37.5,-875.,835.));
#14882=CARTESIAN_POINT('',(37.5,-935.,775.));
#14883=CARTESIAN_POINT('Origin',(0.,-935.,355.));
#14884=CARTESIAN_POINT('Origin',(75.,0.,355.));
#14885=CARTESIAN_POINT('Origin',(0.,935.,355.));
#14886=CARTESIAN_POINT('Origin',(150.,935.,355.));
#14887=CARTESIAN_POINT('Origin',(150.,-935.,355.));
#14888=CARTESIAN_POINT('Origin',(75.,0.,835.));
#14889=CARTESIAN_POINT('Origin',(6.,635.,625.));
#14890=CARTESIAN_POINT('',(6.,635.,625.));
#14891=CARTESIAN_POINT('',(-4.,635.,625.));
#14892=CARTESIAN_POINT('',(6.,635.,625.));
#14893=CARTESIAN_POINT('',(-4.,635.,745.));
#14894=CARTESIAN_POINT('',(-4.,635.,625.));
#14895=CARTESIAN_POINT('',(6.,635.,745.));
#14896=CARTESIAN_POINT('',(6.,635.,745.));
#14897=CARTESIAN_POINT('',(6.,635.,625.));
#14898=CARTESIAN_POINT('Origin',(6.,-635.,625.));
#14899=CARTESIAN_POINT('',(6.,-635.,625.));
#14900=CARTESIAN_POINT('',(6.,-635.,625.));
#14901=CARTESIAN_POINT('',(6.,-635.,745.));
#14902=CARTESIAN_POINT('',(6.,-635.,745.));
#14903=CARTESIAN_POINT('',(6.,-635.,625.));
#14904=CARTESIAN_POINT('Origin',(-4.,-635.,625.));
#14905=CARTESIAN_POINT('',(-4.,-635.,625.));
#14906=CARTESIAN_POINT('',(-4.,-635.,625.));
#14907=CARTESIAN_POINT('',(-4.,-635.,745.));
#14908=CARTESIAN_POINT('',(-4.,-635.,745.));
#14909=CARTESIAN_POINT('',(-4.,-635.,625.));
#14910=CARTESIAN_POINT('Origin',(-4.,635.,625.));
#14911=CARTESIAN_POINT('',(-4.,635.,625.));
#14912=CARTESIAN_POINT('',(-4.,635.,745.));
#14913=CARTESIAN_POINT('Origin',(1.,0.,745.));
#14914=CARTESIAN_POINT('Origin',(1.,0.,625.));
#14915=CARTESIAN_POINT('Origin',(-3.,610.,646.));
#14916=CARTESIAN_POINT('',(-3.,610.,646.));
#14917=CARTESIAN_POINT('',(-7.,610.,646.));
#14918=CARTESIAN_POINT('',(-3.,610.,646.));
#14919=CARTESIAN_POINT('',(-7.,610.,653.));
#14920=CARTESIAN_POINT('',(-7.,610.,646.));
#14921=CARTESIAN_POINT('',(-3.,610.,653.));
#14922=CARTESIAN_POINT('',(-3.,610.,653.));
#14923=CARTESIAN_POINT('',(-3.,610.,646.));
#14924=CARTESIAN_POINT('Origin',(-3.,-610.,646.));
#14925=CARTESIAN_POINT('',(-3.,-610.,646.));
#14926=CARTESIAN_POINT('',(-3.,-610.,646.));
#14927=CARTESIAN_POINT('',(-3.,-610.,653.));
#14928=CARTESIAN_POINT('',(-3.,-610.,653.));
#14929=CARTESIAN_POINT('',(-3.,-610.,646.));
#14930=CARTESIAN_POINT('Origin',(-7.,-610.,646.));
#14931=CARTESIAN_POINT('',(-7.,-610.,646.));
#14932=CARTESIAN_POINT('',(-7.,-610.,646.));
#14933=CARTESIAN_POINT('',(-7.,-610.,653.));
#14934=CARTESIAN_POINT('',(-7.,-610.,653.));
#14935=CARTESIAN_POINT('',(-7.,-610.,646.));
#14936=CARTESIAN_POINT('Origin',(-7.,610.,646.));
#14937=CARTESIAN_POINT('',(-7.,610.,646.));
#14938=CARTESIAN_POINT('',(-7.,610.,653.));
#14939=CARTESIAN_POINT('Origin',(-5.,0.,653.));
#14940=CARTESIAN_POINT('Origin',(-5.,0.,646.));
#14941=CARTESIAN_POINT('Origin',(-3.,610.,678.));
#14942=CARTESIAN_POINT('',(-3.,610.,678.));
#14943=CARTESIAN_POINT('',(-7.,610.,678.));
#14944=CARTESIAN_POINT('',(-3.,610.,678.));
#14945=CARTESIAN_POINT('',(-7.,610.,685.));
#14946=CARTESIAN_POINT('',(-7.,610.,678.));
#14947=CARTESIAN_POINT('',(-3.,610.,685.));
#14948=CARTESIAN_POINT('',(-3.,610.,685.));
#14949=CARTESIAN_POINT('',(-3.,610.,678.));
#14950=CARTESIAN_POINT('Origin',(-3.,-610.,678.));
#14951=CARTESIAN_POINT('',(-3.,-610.,678.));
#14952=CARTESIAN_POINT('',(-3.,-610.,678.));
#14953=CARTESIAN_POINT('',(-3.,-610.,685.));
#14954=CARTESIAN_POINT('',(-3.,-610.,685.));
#14955=CARTESIAN_POINT('',(-3.,-610.,678.));
#14956=CARTESIAN_POINT('Origin',(-7.,-610.,678.));
#14957=CARTESIAN_POINT('',(-7.,-610.,678.));
#14958=CARTESIAN_POINT('',(-7.,-610.,678.));
#14959=CARTESIAN_POINT('',(-7.,-610.,685.));
#14960=CARTESIAN_POINT('',(-7.,-610.,685.));
#14961=CARTESIAN_POINT('',(-7.,-610.,678.));
#14962=CARTESIAN_POINT('Origin',(-7.,610.,678.));
#14963=CARTESIAN_POINT('',(-7.,610.,678.));
#14964=CARTESIAN_POINT('',(-7.,610.,685.));
#14965=CARTESIAN_POINT('Origin',(-5.,0.,685.));
#14966=CARTESIAN_POINT('Origin',(-5.,0.,678.));
#14967=CARTESIAN_POINT('Origin',(-3.,610.,710.));
#14968=CARTESIAN_POINT('',(-3.,610.,710.));
#14969=CARTESIAN_POINT('',(-7.,610.,710.));
#14970=CARTESIAN_POINT('',(-3.,610.,710.));
#14971=CARTESIAN_POINT('',(-7.,610.,717.));
#14972=CARTESIAN_POINT('',(-7.,610.,710.));
#14973=CARTESIAN_POINT('',(-3.,610.,717.));
#14974=CARTESIAN_POINT('',(-3.,610.,717.));
#14975=CARTESIAN_POINT('',(-3.,610.,710.));
#14976=CARTESIAN_POINT('Origin',(-3.,-610.,710.));
#14977=CARTESIAN_POINT('',(-3.,-610.,710.));
#14978=CARTESIAN_POINT('',(-3.,-610.,710.));
#14979=CARTESIAN_POINT('',(-3.,-610.,717.));
#14980=CARTESIAN_POINT('',(-3.,-610.,717.));
#14981=CARTESIAN_POINT('',(-3.,-610.,710.));
#14982=CARTESIAN_POINT('Origin',(-7.,-610.,710.));
#14983=CARTESIAN_POINT('',(-7.,-610.,710.));
#14984=CARTESIAN_POINT('',(-7.,-610.,710.));
#14985=CARTESIAN_POINT('',(-7.,-610.,717.));
#14986=CARTESIAN_POINT('',(-7.,-610.,717.));
#14987=CARTESIAN_POINT('',(-7.,-610.,710.));
#14988=CARTESIAN_POINT('Origin',(-7.,610.,710.));
#14989=CARTESIAN_POINT('',(-7.,610.,710.));
#14990=CARTESIAN_POINT('',(-7.,610.,717.));
#14991=CARTESIAN_POINT('Origin',(-5.,0.,717.));
#14992=CARTESIAN_POINT('Origin',(-5.,0.,710.));
#14993=CARTESIAN_POINT('Origin',(0.,210.,385.));
#14994=CARTESIAN_POINT('',(0.,210.,385.));
#14995=CARTESIAN_POINT('',(-10.,210.,385.));
#14996=CARTESIAN_POINT('',(0.,210.,385.));
#14997=CARTESIAN_POINT('',(-10.,210.,490.));
#14998=CARTESIAN_POINT('',(-10.,210.,385.));
#14999=CARTESIAN_POINT('',(0.,210.,490.));
#15000=CARTESIAN_POINT('',(0.,210.,490.));
#15001=CARTESIAN_POINT('',(0.,210.,385.));
#15002=CARTESIAN_POINT('Origin',(0.,-210.,385.));
#15003=CARTESIAN_POINT('',(0.,-210.,385.));
#15004=CARTESIAN_POINT('',(0.,-210.,385.));
#15005=CARTESIAN_POINT('',(0.,-210.,490.));
#15006=CARTESIAN_POINT('',(0.,-210.,490.));
#15007=CARTESIAN_POINT('',(0.,-210.,385.));
#15008=CARTESIAN_POINT('Origin',(-10.,-210.,385.));
#15009=CARTESIAN_POINT('',(-10.,-210.,385.));
#15010=CARTESIAN_POINT('',(-10.,-210.,385.));
#15011=CARTESIAN_POINT('',(-10.,-210.,490.));
#15012=CARTESIAN_POINT('',(-10.,-210.,490.));
#15013=CARTESIAN_POINT('',(-10.,-210.,385.));
#15014=CARTESIAN_POINT('Origin',(-10.,210.,385.));
#15015=CARTESIAN_POINT('',(-10.,210.,385.));
#15016=CARTESIAN_POINT('',(-10.,210.,490.));
#15017=CARTESIAN_POINT('Origin',(-5.,0.,490.));
#15018=CARTESIAN_POINT('Origin',(-5.,0.,385.));
#15019=CARTESIAN_POINT('Origin',(16.,-884.,916.));
#15020=CARTESIAN_POINT('',(-8.,-884.,916.));
#15021=CARTESIAN_POINT('',(16.,-884.,940.));
#15022=CARTESIAN_POINT('Origin',(16.,-884.,916.));
#15023=CARTESIAN_POINT('',(16.,-908.,916.));
#15024=CARTESIAN_POINT('Origin',(16.,-884.,916.));
#15025=CARTESIAN_POINT('Origin',(16.,-884.,916.));
#15026=CARTESIAN_POINT('Origin',(56.,-884.,916.));
#15027=CARTESIAN_POINT('',(56.,-908.,916.));
#15028=CARTESIAN_POINT('',(56.,-884.,940.));
#15029=CARTESIAN_POINT('Origin',(56.,-884.,916.));
#15030=CARTESIAN_POINT('',(80.,-884.,916.));
#15031=CARTESIAN_POINT('Origin',(56.,-884.,916.));
#15032=CARTESIAN_POINT('Origin',(56.,-884.,916.));
#15033=CARTESIAN_POINT('Origin',(16.,-884.,854.));
#15034=CARTESIAN_POINT('',(-8.,-884.,854.));
#15035=CARTESIAN_POINT('',(16.,-908.,854.));
#15036=CARTESIAN_POINT('Origin',(16.,-884.,854.));
#15037=CARTESIAN_POINT('',(16.,-884.,830.));
#15038=CARTESIAN_POINT('Origin',(16.,-884.,854.));
#15039=CARTESIAN_POINT('Origin',(16.,-884.,854.));
#15040=CARTESIAN_POINT('Origin',(16.,-666.,916.));
#15041=CARTESIAN_POINT('',(16.,-642.,916.));
#15042=CARTESIAN_POINT('',(16.,-666.,940.));
#15043=CARTESIAN_POINT('Origin',(16.,-666.,916.));
#15044=CARTESIAN_POINT('',(-8.,-666.,916.));
#15045=CARTESIAN_POINT('Origin',(16.,-666.,916.));
#15046=CARTESIAN_POINT('Origin',(16.,-666.,916.));
#15047=CARTESIAN_POINT('Origin',(56.,-884.,854.));
#15048=CARTESIAN_POINT('',(56.,-908.,854.));
#15049=CARTESIAN_POINT('',(80.,-884.,854.));
#15050=CARTESIAN_POINT('Origin',(56.,-884.,854.));
#15051=CARTESIAN_POINT('',(56.,-884.,830.));
#15052=CARTESIAN_POINT('Origin',(56.,-884.,854.));
#15053=CARTESIAN_POINT('Origin',(56.,-884.,854.));
#15054=CARTESIAN_POINT('Origin',(14.,-884.,854.));
#15055=CARTESIAN_POINT('',(14.,-908.,854.));
#15056=CARTESIAN_POINT('',(14.,-884.,830.));
#15057=CARTESIAN_POINT('Origin',(56.,-666.,916.));
#15058=CARTESIAN_POINT('',(80.,-666.,916.));
#15059=CARTESIAN_POINT('',(56.,-666.,940.));
#15060=CARTESIAN_POINT('Origin',(56.,-666.,916.));
#15061=CARTESIAN_POINT('',(56.,-642.,916.));
#15062=CARTESIAN_POINT('Origin',(56.,-666.,916.));
#15063=CARTESIAN_POINT('Origin',(56.,-666.,916.));
#15064=CARTESIAN_POINT('Origin',(16.,-666.,854.));
#15065=CARTESIAN_POINT('',(16.,-666.,830.));
#15066=CARTESIAN_POINT('',(16.,-642.,854.));
#15067=CARTESIAN_POINT('Origin',(16.,-666.,854.));
#15068=CARTESIAN_POINT('',(-8.,-666.,854.));
#15069=CARTESIAN_POINT('Origin',(16.,-666.,854.));
#15070=CARTESIAN_POINT('Origin',(16.,-666.,854.));
#15071=CARTESIAN_POINT('Origin',(16.,-708.5,854.));
#15072=CARTESIAN_POINT('',(-8.,-708.5,854.));
#15073=CARTESIAN_POINT('',(16.,-708.5,830.));
#15074=CARTESIAN_POINT('Origin',(16.,-666.,830.));
#15075=CARTESIAN_POINT('',(16.,-642.,830.));
#15076=CARTESIAN_POINT('',(-8.,-666.,830.));
#15077=CARTESIAN_POINT('Origin',(56.,-666.,854.));
#15078=CARTESIAN_POINT('',(80.,-666.,854.));
#15079=CARTESIAN_POINT('',(56.,-642.,854.));
#15080=CARTESIAN_POINT('Origin',(56.,-666.,854.));
#15081=CARTESIAN_POINT('',(56.,-666.,830.));
#15082=CARTESIAN_POINT('Origin',(56.,-666.,854.));
#15083=CARTESIAN_POINT('Origin',(56.,-666.,854.));
#15084=CARTESIAN_POINT('Origin',(56.,-841.5,854.));
#15085=CARTESIAN_POINT('',(80.,-841.5,854.));
#15086=CARTESIAN_POINT('',(56.,-841.5,830.));
#15087=CARTESIAN_POINT('Origin',(58.,-666.,854.));
#15088=CARTESIAN_POINT('',(58.,-642.,854.));
#15089=CARTESIAN_POINT('',(58.,-666.,830.));
#15090=CARTESIAN_POINT('Origin',(56.,-666.,830.));
#15091=CARTESIAN_POINT('',(80.,-666.,830.));
#15092=CARTESIAN_POINT('',(56.,-642.,830.));
#15093=CARTESIAN_POINT('Origin',(58.,-666.,916.));
#15094=CARTESIAN_POINT('',(58.,-666.,940.));
#15095=CARTESIAN_POINT('',(58.,-642.,916.));
#15096=CARTESIAN_POINT('Origin',(56.,-841.5,916.));
#15097=CARTESIAN_POINT('',(56.,-841.5,940.));
#15098=CARTESIAN_POINT('',(80.,-841.5,916.));
#15099=CARTESIAN_POINT('Origin',(56.,-884.,830.));
#15100=CARTESIAN_POINT('',(56.,-908.,830.));
#15101=CARTESIAN_POINT('',(80.,-884.,830.));
#15102=CARTESIAN_POINT('Origin',(16.,-708.5,916.));
#15103=CARTESIAN_POINT('',(16.,-708.5,940.));
#15104=CARTESIAN_POINT('',(-8.,-708.5,916.));
#15105=CARTESIAN_POINT('Origin',(16.,-884.,830.));
#15106=CARTESIAN_POINT('',(-8.,-884.,830.));
#15107=CARTESIAN_POINT('',(16.,-908.,830.));
#15108=CARTESIAN_POINT('Origin',(14.,-884.,916.));
#15109=CARTESIAN_POINT('',(14.,-884.,940.));
#15110=CARTESIAN_POINT('',(14.,-908.,916.));
#15111=CARTESIAN_POINT('Origin',(-8.,-908.,830.));
#15112=CARTESIAN_POINT('Origin',(36.,-775.,830.));
#15113=CARTESIAN_POINT('Origin',(-8.,-642.,830.));
#15114=CARTESIAN_POINT('Origin',(80.,-642.,830.));
#15115=CARTESIAN_POINT('Origin',(80.,-908.,830.));
#15116=CARTESIAN_POINT('Origin',(36.,-775.,940.));
#15117=CARTESIAN_POINT('Origin',(-6.,-662.,847.));
#15118=CARTESIAN_POINT('',(-6.,-662.,847.));
#15119=CARTESIAN_POINT('',(-12.,-662.,847.));
#15120=CARTESIAN_POINT('',(-6.,-662.,847.));
#15121=CARTESIAN_POINT('',(-12.,-662.,870.));
#15122=CARTESIAN_POINT('',(-12.,-662.,847.));
#15123=CARTESIAN_POINT('',(-6.,-662.,870.));
#15124=CARTESIAN_POINT('',(-6.,-662.,870.));
#15125=CARTESIAN_POINT('',(-6.,-662.,847.));
#15126=CARTESIAN_POINT('Origin',(-6.,-888.,847.));
#15127=CARTESIAN_POINT('',(-6.,-888.,847.));
#15128=CARTESIAN_POINT('',(-6.,-888.,847.));
#15129=CARTESIAN_POINT('',(-6.,-888.,870.));
#15130=CARTESIAN_POINT('',(-6.,-888.,870.));
#15131=CARTESIAN_POINT('',(-6.,-888.,847.));
#15132=CARTESIAN_POINT('Origin',(-12.,-888.,847.));
#15133=CARTESIAN_POINT('',(-12.,-888.,847.));
#15134=CARTESIAN_POINT('',(-12.,-888.,847.));
#15135=CARTESIAN_POINT('',(-12.,-888.,870.));
#15136=CARTESIAN_POINT('',(-12.,-888.,870.));
#15137=CARTESIAN_POINT('',(-12.,-888.,847.));
#15138=CARTESIAN_POINT('Origin',(-12.,-662.,847.));
#15139=CARTESIAN_POINT('',(-12.,-662.,847.));
#15140=CARTESIAN_POINT('',(-12.,-662.,870.));
#15141=CARTESIAN_POINT('Origin',(-9.,-775.,870.));
#15142=CARTESIAN_POINT('Origin',(-9.,-775.,847.));
#15143=CARTESIAN_POINT('Origin',(-13.,-833.,904.));
#15144=CARTESIAN_POINT('',(-0.999999999999999,-833.,929.));
#15145=CARTESIAN_POINT('Origin',(-0.999999999999999,-833.,904.));
#15146=CARTESIAN_POINT('',(-13.,-833.,929.));
#15147=CARTESIAN_POINT('',(-13.,-833.,929.));
#15148=CARTESIAN_POINT('Origin',(-13.,-833.,904.));
#15149=CARTESIAN_POINT('Origin',(-0.999999999999999,-833.,904.));
#15150=CARTESIAN_POINT('Origin',(-13.,-833.,904.));
#15151=CARTESIAN_POINT('Origin',(-13.,-737.,904.));
#15152=CARTESIAN_POINT('',(-0.999999999999999,-737.,929.));
#15153=CARTESIAN_POINT('Origin',(-0.999999999999999,-737.,904.));
#15154=CARTESIAN_POINT('',(-13.,-737.,929.));
#15155=CARTESIAN_POINT('',(-13.,-737.,929.));
#15156=CARTESIAN_POINT('Origin',(-13.,-737.,904.));
#15157=CARTESIAN_POINT('Origin',(-0.999999999999999,-737.,904.));
#15158=CARTESIAN_POINT('Origin',(-13.,-737.,904.));
#15159=CARTESIAN_POINT('Origin',(16.,666.,916.));
#15160=CARTESIAN_POINT('',(-8.,666.,916.));
#15161=CARTESIAN_POINT('',(16.,666.,940.));
#15162=CARTESIAN_POINT('Origin',(16.,666.,916.));
#15163=CARTESIAN_POINT('',(16.,642.,916.));
#15164=CARTESIAN_POINT('Origin',(16.,666.,916.));
#15165=CARTESIAN_POINT('Origin',(16.,666.,916.));
#15166=CARTESIAN_POINT('Origin',(56.,666.,916.));
#15167=CARTESIAN_POINT('',(56.,642.,916.));
#15168=CARTESIAN_POINT('',(56.,666.,940.));
#15169=CARTESIAN_POINT('Origin',(56.,666.,916.));
#15170=CARTESIAN_POINT('',(80.,666.,916.));
#15171=CARTESIAN_POINT('Origin',(56.,666.,916.));
#15172=CARTESIAN_POINT('Origin',(56.,666.,916.));
#15173=CARTESIAN_POINT('Origin',(16.,666.,854.));
#15174=CARTESIAN_POINT('',(-8.,666.,854.));
#15175=CARTESIAN_POINT('',(16.,642.,854.));
#15176=CARTESIAN_POINT('Origin',(16.,666.,854.));
#15177=CARTESIAN_POINT('',(16.,666.,830.));
#15178=CARTESIAN_POINT('Origin',(16.,666.,854.));
#15179=CARTESIAN_POINT('Origin',(16.,666.,854.));
#15180=CARTESIAN_POINT('Origin',(16.,884.,916.));
#15181=CARTESIAN_POINT('',(16.,908.,916.));
#15182=CARTESIAN_POINT('',(16.,884.,940.));
#15183=CARTESIAN_POINT('Origin',(16.,884.,916.));
#15184=CARTESIAN_POINT('',(-8.,884.,916.));
#15185=CARTESIAN_POINT('Origin',(16.,884.,916.));
#15186=CARTESIAN_POINT('Origin',(16.,884.,916.));
#15187=CARTESIAN_POINT('Origin',(56.,666.,854.));
#15188=CARTESIAN_POINT('',(56.,642.,854.));
#15189=CARTESIAN_POINT('',(80.,666.,854.));
#15190=CARTESIAN_POINT('Origin',(56.,666.,854.));
#15191=CARTESIAN_POINT('',(56.,666.,830.));
#15192=CARTESIAN_POINT('Origin',(56.,666.,854.));
#15193=CARTESIAN_POINT('Origin',(56.,666.,854.));
#15194=CARTESIAN_POINT('Origin',(14.,666.,854.));
#15195=CARTESIAN_POINT('',(14.,642.,854.));
#15196=CARTESIAN_POINT('',(14.,666.,830.));
#15197=CARTESIAN_POINT('Origin',(56.,884.,916.));
#15198=CARTESIAN_POINT('',(80.,884.,916.));
#15199=CARTESIAN_POINT('',(56.,884.,940.));
#15200=CARTESIAN_POINT('Origin',(56.,884.,916.));
#15201=CARTESIAN_POINT('',(56.,908.,916.));
#15202=CARTESIAN_POINT('Origin',(56.,884.,916.));
#15203=CARTESIAN_POINT('Origin',(56.,884.,916.));
#15204=CARTESIAN_POINT('Origin',(16.,884.,854.));
#15205=CARTESIAN_POINT('',(16.,884.,830.));
#15206=CARTESIAN_POINT('',(16.,908.,854.));
#15207=CARTESIAN_POINT('Origin',(16.,884.,854.));
#15208=CARTESIAN_POINT('',(-8.,884.,854.));
#15209=CARTESIAN_POINT('Origin',(16.,884.,854.));
#15210=CARTESIAN_POINT('Origin',(16.,884.,854.));
#15211=CARTESIAN_POINT('Origin',(16.,841.5,854.));
#15212=CARTESIAN_POINT('',(-8.,841.5,854.));
#15213=CARTESIAN_POINT('',(16.,841.5,830.));
#15214=CARTESIAN_POINT('Origin',(16.,884.,830.));
#15215=CARTESIAN_POINT('',(16.,908.,830.));
#15216=CARTESIAN_POINT('',(-8.,884.,830.));
#15217=CARTESIAN_POINT('Origin',(56.,884.,854.));
#15218=CARTESIAN_POINT('',(80.,884.,854.));
#15219=CARTESIAN_POINT('',(56.,908.,854.));
#15220=CARTESIAN_POINT('Origin',(56.,884.,854.));
#15221=CARTESIAN_POINT('',(56.,884.,830.));
#15222=CARTESIAN_POINT('Origin',(56.,884.,854.));
#15223=CARTESIAN_POINT('Origin',(56.,884.,854.));
#15224=CARTESIAN_POINT('Origin',(56.,708.5,854.));
#15225=CARTESIAN_POINT('',(80.,708.5,854.));
#15226=CARTESIAN_POINT('',(56.,708.5,830.));
#15227=CARTESIAN_POINT('Origin',(58.,884.,854.));
#15228=CARTESIAN_POINT('',(58.,908.,854.));
#15229=CARTESIAN_POINT('',(58.,884.,830.));
#15230=CARTESIAN_POINT('Origin',(56.,884.,830.));
#15231=CARTESIAN_POINT('',(80.,884.,830.));
#15232=CARTESIAN_POINT('',(56.,908.,830.));
#15233=CARTESIAN_POINT('Origin',(58.,884.,916.));
#15234=CARTESIAN_POINT('',(58.,884.,940.));
#15235=CARTESIAN_POINT('',(58.,908.,916.));
#15236=CARTESIAN_POINT('Origin',(56.,708.5,916.));
#15237=CARTESIAN_POINT('',(56.,708.5,940.));
#15238=CARTESIAN_POINT('',(80.,708.5,916.));
#15239=CARTESIAN_POINT('Origin',(56.,666.,830.));
#15240=CARTESIAN_POINT('',(56.,642.,830.));
#15241=CARTESIAN_POINT('',(80.,666.,830.));
#15242=CARTESIAN_POINT('Origin',(16.,841.5,916.));
#15243=CARTESIAN_POINT('',(16.,841.5,940.));
#15244=CARTESIAN_POINT('',(-8.,841.5,916.));
#15245=CARTESIAN_POINT('Origin',(16.,666.,830.));
#15246=CARTESIAN_POINT('',(-8.,666.,830.));
#15247=CARTESIAN_POINT('',(16.,642.,830.));
#15248=CARTESIAN_POINT('Origin',(14.,666.,916.));
#15249=CARTESIAN_POINT('',(14.,666.,940.));
#15250=CARTESIAN_POINT('',(14.,642.,916.));
#15251=CARTESIAN_POINT('Origin',(-8.,642.,830.));
#15252=CARTESIAN_POINT('Origin',(36.,775.,830.));
#15253=CARTESIAN_POINT('Origin',(-8.,908.,830.));
#15254=CARTESIAN_POINT('Origin',(80.,908.,830.));
#15255=CARTESIAN_POINT('Origin',(80.,642.,830.));
#15256=CARTESIAN_POINT('Origin',(36.,775.,940.));
#15257=CARTESIAN_POINT('Origin',(-6.,888.,847.));
#15258=CARTESIAN_POINT('',(-6.,888.,847.));
#15259=CARTESIAN_POINT('',(-12.,888.,847.));
#15260=CARTESIAN_POINT('',(-6.,888.,847.));
#15261=CARTESIAN_POINT('',(-12.,888.,870.));
#15262=CARTESIAN_POINT('',(-12.,888.,847.));
#15263=CARTESIAN_POINT('',(-6.,888.,870.));
#15264=CARTESIAN_POINT('',(-6.,888.,870.));
#15265=CARTESIAN_POINT('',(-6.,888.,847.));
#15266=CARTESIAN_POINT('Origin',(-6.,662.,847.));
#15267=CARTESIAN_POINT('',(-6.,662.,847.));
#15268=CARTESIAN_POINT('',(-6.,662.,847.));
#15269=CARTESIAN_POINT('',(-6.,662.,870.));
#15270=CARTESIAN_POINT('',(-6.,662.,870.));
#15271=CARTESIAN_POINT('',(-6.,662.,847.));
#15272=CARTESIAN_POINT('Origin',(-12.,662.,847.));
#15273=CARTESIAN_POINT('',(-12.,662.,847.));
#15274=CARTESIAN_POINT('',(-12.,662.,847.));
#15275=CARTESIAN_POINT('',(-12.,662.,870.));
#15276=CARTESIAN_POINT('',(-12.,662.,870.));
#15277=CARTESIAN_POINT('',(-12.,662.,847.));
#15278=CARTESIAN_POINT('Origin',(-12.,888.,847.));
#15279=CARTESIAN_POINT('',(-12.,888.,847.));
#15280=CARTESIAN_POINT('',(-12.,888.,870.));
#15281=CARTESIAN_POINT('Origin',(-9.,775.,870.));
#15282=CARTESIAN_POINT('Origin',(-9.,775.,847.));
#15283=CARTESIAN_POINT('Origin',(-13.,717.,904.));
#15284=CARTESIAN_POINT('',(-0.999999999999999,717.,929.));
#15285=CARTESIAN_POINT('Origin',(-0.999999999999999,717.,904.));
#15286=CARTESIAN_POINT('',(-13.,717.,929.));
#15287=CARTESIAN_POINT('',(-13.,717.,929.));
#15288=CARTESIAN_POINT('Origin',(-13.,717.,904.));
#15289=CARTESIAN_POINT('Origin',(-0.999999999999999,717.,904.));
#15290=CARTESIAN_POINT('Origin',(-13.,717.,904.));
#15291=CARTESIAN_POINT('Origin',(-13.,813.,904.));
#15292=CARTESIAN_POINT('',(-0.999999999999999,813.,929.));
#15293=CARTESIAN_POINT('Origin',(-0.999999999999999,813.,904.));
#15294=CARTESIAN_POINT('',(-13.,813.,929.));
#15295=CARTESIAN_POINT('',(-13.,813.,929.));
#15296=CARTESIAN_POINT('Origin',(-13.,813.,904.));
#15297=CARTESIAN_POINT('Origin',(-0.999999999999999,813.,904.));
#15298=CARTESIAN_POINT('Origin',(-13.,813.,904.));
#15299=CARTESIAN_POINT('Origin',(15.,660.,1110.));
#15300=CARTESIAN_POINT('',(15.,660.,1110.));
#15301=CARTESIAN_POINT('',(-7.,660.,1110.));
#15302=CARTESIAN_POINT('',(15.,660.,1110.));
#15303=CARTESIAN_POINT('',(-7.,660.,1260.));
#15304=CARTESIAN_POINT('',(-7.,660.,1110.));
#15305=CARTESIAN_POINT('',(15.,660.,1260.));
#15306=CARTESIAN_POINT('',(15.,660.,1260.));
#15307=CARTESIAN_POINT('',(15.,660.,1110.));
#15308=CARTESIAN_POINT('Origin',(15.,-660.,1110.));
#15309=CARTESIAN_POINT('',(15.,-660.,1110.));
#15310=CARTESIAN_POINT('',(15.,-660.,1110.));
#15311=CARTESIAN_POINT('',(15.,-660.,1260.));
#15312=CARTESIAN_POINT('',(15.,-660.,1260.));
#15313=CARTESIAN_POINT('',(15.,-660.,1110.));
#15314=CARTESIAN_POINT('Origin',(-7.,-660.,1110.));
#15315=CARTESIAN_POINT('',(-7.,-660.,1110.));
#15316=CARTESIAN_POINT('',(-7.,-660.,1110.));
#15317=CARTESIAN_POINT('',(-7.,-660.,1260.));
#15318=CARTESIAN_POINT('',(-7.,-660.,1260.));
#15319=CARTESIAN_POINT('',(-7.,-660.,1110.));
#15320=CARTESIAN_POINT('Origin',(-7.,660.,1110.));
#15321=CARTESIAN_POINT('',(-7.,660.,1110.));
#15322=CARTESIAN_POINT('',(-7.,660.,1260.));
#15323=CARTESIAN_POINT('Origin',(4.,0.,1260.));
#15324=CARTESIAN_POINT('Origin',(4.,0.,1110.));
#15325=CARTESIAN_POINT('Origin',(-7.,265.,1167.));
#15326=CARTESIAN_POINT('',(-7.,265.,1167.));
#15327=CARTESIAN_POINT('',(-10.,265.,1167.));
#15328=CARTESIAN_POINT('',(-7.,265.,1167.));
#15329=CARTESIAN_POINT('',(-10.,265.,1195.));
#15330=CARTESIAN_POINT('',(-10.,265.,1167.));
#15331=CARTESIAN_POINT('',(-7.,265.,1195.));
#15332=CARTESIAN_POINT('',(-7.,265.,1195.));
#15333=CARTESIAN_POINT('',(-7.,265.,1167.));
#15334=CARTESIAN_POINT('Origin',(-7.,-265.,1167.));
#15335=CARTESIAN_POINT('',(-7.,-265.,1167.));
#15336=CARTESIAN_POINT('',(-7.,-265.,1167.));
#15337=CARTESIAN_POINT('',(-7.,-265.,1195.));
#15338=CARTESIAN_POINT('',(-7.,-265.,1195.));
#15339=CARTESIAN_POINT('',(-7.,-265.,1167.));
#15340=CARTESIAN_POINT('Origin',(-10.,-265.,1167.));
#15341=CARTESIAN_POINT('',(-10.,-265.,1167.));
#15342=CARTESIAN_POINT('',(-10.,-265.,1167.));
#15343=CARTESIAN_POINT('',(-10.,-265.,1195.));
#15344=CARTESIAN_POINT('',(-10.,-265.,1195.));
#15345=CARTESIAN_POINT('',(-10.,-265.,1167.));
#15346=CARTESIAN_POINT('Origin',(-10.,265.,1167.));
#15347=CARTESIAN_POINT('',(-10.,265.,1167.));
#15348=CARTESIAN_POINT('',(-10.,265.,1195.));
#15349=CARTESIAN_POINT('Origin',(-8.5,0.,1195.));
#15350=CARTESIAN_POINT('Origin',(-8.5,0.,1167.));
#15351=CARTESIAN_POINT('Origin',(-12.,0.,940.));
#15352=CARTESIAN_POINT('',(6.,-7.10295143505464E-15,998.));
#15353=CARTESIAN_POINT('Origin',(6.,0.,940.));
#15354=CARTESIAN_POINT('',(-12.,-7.10295143505464E-15,998.));
#15355=CARTESIAN_POINT('',(-12.,-7.10295143505464E-15,998.));
#15356=CARTESIAN_POINT('Origin',(-12.,0.,940.));
#15357=CARTESIAN_POINT('Origin',(6.,0.,940.));
#15358=CARTESIAN_POINT('Origin',(-12.,0.,940.));
#15359=CARTESIAN_POINT('Origin',(5405.,-895.,745.));
#15360=CARTESIAN_POINT('',(5360.,-895.,745.));
#15361=CARTESIAN_POINT('',(5405.,-895.,790.));
#15362=CARTESIAN_POINT('Origin',(5405.,-895.,745.));
#15363=CARTESIAN_POINT('',(5405.,-940.,745.));
#15364=CARTESIAN_POINT('Origin',(5405.,-895.,745.));
#15365=CARTESIAN_POINT('Origin',(5405.,-895.,745.));
#15366=CARTESIAN_POINT('Origin',(5455.,-895.,745.));
#15367=CARTESIAN_POINT('',(5455.,-940.,745.));
#15368=CARTESIAN_POINT('',(5455.,-895.,790.));
#15369=CARTESIAN_POINT('Origin',(5455.,-895.,745.));
#15370=CARTESIAN_POINT('',(5500.,-895.,745.));
#15371=CARTESIAN_POINT('Origin',(5455.,-895.,745.));
#15372=CARTESIAN_POINT('Origin',(5455.,-895.,745.));
#15373=CARTESIAN_POINT('Origin',(5405.,-895.,395.));
#15374=CARTESIAN_POINT('',(5360.,-895.,395.));
#15375=CARTESIAN_POINT('',(5405.,-940.,395.));
#15376=CARTESIAN_POINT('Origin',(5405.,-895.,395.));
#15377=CARTESIAN_POINT('',(5405.,-895.,350.));
#15378=CARTESIAN_POINT('Origin',(5405.,-895.,395.));
#15379=CARTESIAN_POINT('Origin',(5405.,-895.,395.));
#15380=CARTESIAN_POINT('Origin',(5405.,895.,745.));
#15381=CARTESIAN_POINT('',(5405.,940.,745.));
#15382=CARTESIAN_POINT('',(5405.,895.,790.));
#15383=CARTESIAN_POINT('Origin',(5405.,895.,745.));
#15384=CARTESIAN_POINT('',(5360.,895.,745.));
#15385=CARTESIAN_POINT('Origin',(5405.,895.,745.));
#15386=CARTESIAN_POINT('Origin',(5405.,895.,745.));
#15387=CARTESIAN_POINT('Origin',(5455.,-895.,395.));
#15388=CARTESIAN_POINT('',(5455.,-940.,395.));
#15389=CARTESIAN_POINT('',(5500.,-895.,395.));
#15390=CARTESIAN_POINT('Origin',(5455.,-895.,395.));
#15391=CARTESIAN_POINT('',(5455.,-895.,350.));
#15392=CARTESIAN_POINT('Origin',(5455.,-895.,395.));
#15393=CARTESIAN_POINT('Origin',(5455.,-895.,395.));
#15394=CARTESIAN_POINT('Origin',(5395.,-895.,395.));
#15395=CARTESIAN_POINT('',(5395.,-940.,395.));
#15396=CARTESIAN_POINT('',(5395.,-895.,350.));
#15397=CARTESIAN_POINT('Origin',(5455.,895.,745.));
#15398=CARTESIAN_POINT('',(5500.,895.,745.));
#15399=CARTESIAN_POINT('',(5455.,895.,790.));
#15400=CARTESIAN_POINT('Origin',(5455.,895.,745.));
#15401=CARTESIAN_POINT('',(5455.,940.,745.));
#15402=CARTESIAN_POINT('Origin',(5455.,895.,745.));
#15403=CARTESIAN_POINT('Origin',(5455.,895.,745.));
#15404=CARTESIAN_POINT('Origin',(5405.,895.,395.));
#15405=CARTESIAN_POINT('',(5405.,895.,350.));
#15406=CARTESIAN_POINT('',(5405.,940.,395.));
#15407=CARTESIAN_POINT('Origin',(5405.,895.,395.));
#15408=CARTESIAN_POINT('',(5360.,895.,395.));
#15409=CARTESIAN_POINT('Origin',(5405.,895.,395.));
#15410=CARTESIAN_POINT('Origin',(5405.,895.,395.));
#15411=CARTESIAN_POINT('Origin',(5405.,470.,395.));
#15412=CARTESIAN_POINT('',(5360.,470.,395.));
#15413=CARTESIAN_POINT('',(5405.,470.,350.));
#15414=CARTESIAN_POINT('Origin',(5405.,895.,350.));
#15415=CARTESIAN_POINT('',(5405.,940.,350.));
#15416=CARTESIAN_POINT('',(5360.,895.,350.));
#15417=CARTESIAN_POINT('Origin',(5455.,895.,395.));
#15418=CARTESIAN_POINT('',(5500.,895.,395.));
#15419=CARTESIAN_POINT('',(5455.,940.,395.));
#15420=CARTESIAN_POINT('Origin',(5455.,895.,395.));
#15421=CARTESIAN_POINT('',(5455.,895.,350.));
#15422=CARTESIAN_POINT('Origin',(5455.,895.,395.));
#15423=CARTESIAN_POINT('Origin',(5455.,895.,395.));
#15424=CARTESIAN_POINT('Origin',(5455.,-470.,395.));
#15425=CARTESIAN_POINT('',(5500.,-470.,395.));
#15426=CARTESIAN_POINT('',(5455.,-470.,350.));
#15427=CARTESIAN_POINT('Origin',(5465.,895.,395.));
#15428=CARTESIAN_POINT('',(5465.,940.,395.));
#15429=CARTESIAN_POINT('',(5465.,895.,350.));
#15430=CARTESIAN_POINT('Origin',(5455.,895.,350.));
#15431=CARTESIAN_POINT('',(5500.,895.,350.));
#15432=CARTESIAN_POINT('',(5455.,940.,350.));
#15433=CARTESIAN_POINT('Origin',(5465.,895.,745.));
#15434=CARTESIAN_POINT('',(5465.,895.,790.));
#15435=CARTESIAN_POINT('',(5465.,940.,745.));
#15436=CARTESIAN_POINT('Origin',(5455.,-470.,745.));
#15437=CARTESIAN_POINT('',(5455.,-470.,790.));
#15438=CARTESIAN_POINT('',(5500.,-470.,745.));
#15439=CARTESIAN_POINT('Origin',(5455.,-895.,350.));
#15440=CARTESIAN_POINT('',(5455.,-940.,350.));
#15441=CARTESIAN_POINT('',(5500.,-895.,350.));
#15442=CARTESIAN_POINT('Origin',(5405.,470.,745.));
#15443=CARTESIAN_POINT('',(5405.,470.,790.));
#15444=CARTESIAN_POINT('',(5360.,470.,745.));
#15445=CARTESIAN_POINT('Origin',(5405.,-895.,350.));
#15446=CARTESIAN_POINT('',(5360.,-895.,350.));
#15447=CARTESIAN_POINT('',(5405.,-940.,350.));
#15448=CARTESIAN_POINT('Origin',(5395.,-895.,745.));
#15449=CARTESIAN_POINT('',(5395.,-895.,790.));
#15450=CARTESIAN_POINT('',(5395.,-940.,745.));
#15451=CARTESIAN_POINT('Origin',(5360.,-940.,350.));
#15452=CARTESIAN_POINT('Origin',(5430.,0.,350.));
#15453=CARTESIAN_POINT('Origin',(5360.,940.,350.));
#15454=CARTESIAN_POINT('Origin',(5500.,940.,350.));
#15455=CARTESIAN_POINT('Origin',(5500.,-940.,350.));
#15456=CARTESIAN_POINT('Origin',(5430.,0.,790.));
#15457=CARTESIAN_POINT('Origin',(5506.,-775.,860.));
#15458=CARTESIAN_POINT('',(5506.,-775.,860.));
#15459=CARTESIAN_POINT('',(5495.,-775.,860.));
#15460=CARTESIAN_POINT('',(5506.,-775.,860.));
#15461=CARTESIAN_POINT('',(5495.,-775.,1170.));
#15462=CARTESIAN_POINT('',(5495.,-775.,860.));
#15463=CARTESIAN_POINT('',(5506.,-775.,1170.));
#15464=CARTESIAN_POINT('',(5506.,-775.,1170.));
#15465=CARTESIAN_POINT('',(5506.,-775.,860.));
#15466=CARTESIAN_POINT('Origin',(5506.,-865.,860.));
#15467=CARTESIAN_POINT('',(5506.,-865.,860.));
#15468=CARTESIAN_POINT('',(5506.,-865.,860.));
#15469=CARTESIAN_POINT('',(5506.,-865.,1170.));
#15470=CARTESIAN_POINT('',(5506.,-865.,1170.));
#15471=CARTESIAN_POINT('',(5506.,-865.,860.));
#15472=CARTESIAN_POINT('Origin',(5495.,-865.,860.));
#15473=CARTESIAN_POINT('',(5495.,-865.,860.));
#15474=CARTESIAN_POINT('',(5495.,-865.,860.));
#15475=CARTESIAN_POINT('',(5495.,-865.,1170.));
#15476=CARTESIAN_POINT('',(5495.,-865.,1170.));
#15477=CARTESIAN_POINT('',(5495.,-865.,860.));
#15478=CARTESIAN_POINT('Origin',(5495.,-775.,860.));
#15479=CARTESIAN_POINT('',(5495.,-775.,860.));
#15480=CARTESIAN_POINT('',(5495.,-775.,1170.));
#15481=CARTESIAN_POINT('Origin',(5500.5,-820.,1170.));
#15482=CARTESIAN_POINT('Origin',(5500.5,-820.,860.));
#15483=CARTESIAN_POINT('Origin',(5506.,865.,860.));
#15484=CARTESIAN_POINT('',(5506.,865.,860.));
#15485=CARTESIAN_POINT('',(5495.,865.,860.));
#15486=CARTESIAN_POINT('',(5506.,865.,860.));
#15487=CARTESIAN_POINT('',(5495.,865.,1170.));
#15488=CARTESIAN_POINT('',(5495.,865.,860.));
#15489=CARTESIAN_POINT('',(5506.,865.,1170.));
#15490=CARTESIAN_POINT('',(5506.,865.,1170.));
#15491=CARTESIAN_POINT('',(5506.,865.,860.));
#15492=CARTESIAN_POINT('Origin',(5506.,775.,860.));
#15493=CARTESIAN_POINT('',(5506.,775.,860.));
#15494=CARTESIAN_POINT('',(5506.,775.,860.));
#15495=CARTESIAN_POINT('',(5506.,775.,1170.));
#15496=CARTESIAN_POINT('',(5506.,775.,1170.));
#15497=CARTESIAN_POINT('',(5506.,775.,860.));
#15498=CARTESIAN_POINT('Origin',(5495.,775.,860.));
#15499=CARTESIAN_POINT('',(5495.,775.,860.));
#15500=CARTESIAN_POINT('',(5495.,775.,860.));
#15501=CARTESIAN_POINT('',(5495.,775.,1170.));
#15502=CARTESIAN_POINT('',(5495.,775.,1170.));
#15503=CARTESIAN_POINT('',(5495.,775.,860.));
#15504=CARTESIAN_POINT('Origin',(5495.,865.,860.));
#15505=CARTESIAN_POINT('',(5495.,865.,860.));
#15506=CARTESIAN_POINT('',(5495.,865.,1170.));
#15507=CARTESIAN_POINT('Origin',(5500.5,820.,1170.));
#15508=CARTESIAN_POINT('Origin',(5500.5,820.,860.));
#15509=CARTESIAN_POINT('Origin',(1570.,-620.,2660.));
#15510=CARTESIAN_POINT('',(1540.,-620.,2660.));
#15511=CARTESIAN_POINT('',(1570.,-620.,2690.));
#15512=CARTESIAN_POINT('Origin',(1570.,-620.,2660.));
#15513=CARTESIAN_POINT('',(1570.,-650.,2660.));
#15514=CARTESIAN_POINT('Origin',(1570.,-620.,2660.));
#15515=CARTESIAN_POINT('Origin',(1570.,-620.,2660.));
#15516=CARTESIAN_POINT('Origin',(3700.,-620.,2660.));
#15517=CARTESIAN_POINT('',(3700.,-650.,2660.));
#15518=CARTESIAN_POINT('',(3700.,-620.,2690.));
#15519=CARTESIAN_POINT('Origin',(3700.,-620.,2660.));
#15520=CARTESIAN_POINT('',(3730.,-620.,2660.));
#15521=CARTESIAN_POINT('Origin',(3700.,-620.,2660.));
#15522=CARTESIAN_POINT('Origin',(3700.,-620.,2660.));
#15523=CARTESIAN_POINT('Origin',(1570.,-620.,2645.));
#15524=CARTESIAN_POINT('',(1540.,-620.,2645.));
#15525=CARTESIAN_POINT('',(1570.,-650.,2645.));
#15526=CARTESIAN_POINT('Origin',(1570.,-620.,2645.));
#15527=CARTESIAN_POINT('',(1570.,-620.,2615.));
#15528=CARTESIAN_POINT('Origin',(1570.,-620.,2645.));
#15529=CARTESIAN_POINT('Origin',(1570.,-620.,2645.));
#15530=CARTESIAN_POINT('Origin',(1570.,620.,2660.));
#15531=CARTESIAN_POINT('',(1570.,650.,2660.));
#15532=CARTESIAN_POINT('',(1570.,620.,2690.));
#15533=CARTESIAN_POINT('Origin',(1570.,620.,2660.));
#15534=CARTESIAN_POINT('',(1540.,620.,2660.));
#15535=CARTESIAN_POINT('Origin',(1570.,620.,2660.));
#15536=CARTESIAN_POINT('Origin',(1570.,620.,2660.));
#15537=CARTESIAN_POINT('Origin',(3700.,-620.,2645.));
#15538=CARTESIAN_POINT('',(3700.,-650.,2645.));
#15539=CARTESIAN_POINT('',(3730.,-620.,2645.));
#15540=CARTESIAN_POINT('Origin',(3700.,-620.,2645.));
#15541=CARTESIAN_POINT('',(3700.,-620.,2615.));
#15542=CARTESIAN_POINT('Origin',(3700.,-620.,2645.));
#15543=CARTESIAN_POINT('Origin',(3700.,-620.,2645.));
#15544=CARTESIAN_POINT('Origin',(2087.5,-620.,2645.));
#15545=CARTESIAN_POINT('',(2087.5,-650.,2645.));
#15546=CARTESIAN_POINT('',(2087.5,-620.,2615.));
#15547=CARTESIAN_POINT('Origin',(3700.,620.,2660.));
#15548=CARTESIAN_POINT('',(3730.,620.,2660.));
#15549=CARTESIAN_POINT('',(3700.,620.,2690.));
#15550=CARTESIAN_POINT('Origin',(3700.,620.,2660.));
#15551=CARTESIAN_POINT('',(3700.,650.,2660.));
#15552=CARTESIAN_POINT('Origin',(3700.,620.,2660.));
#15553=CARTESIAN_POINT('Origin',(3700.,620.,2660.));
#15554=CARTESIAN_POINT('Origin',(1570.,620.,2645.));
#15555=CARTESIAN_POINT('',(1570.,620.,2615.));
#15556=CARTESIAN_POINT('',(1570.,650.,2645.));
#15557=CARTESIAN_POINT('Origin',(1570.,620.,2645.));
#15558=CARTESIAN_POINT('',(1540.,620.,2645.));
#15559=CARTESIAN_POINT('Origin',(1570.,620.,2645.));
#15560=CARTESIAN_POINT('Origin',(1570.,620.,2645.));
#15561=CARTESIAN_POINT('Origin',(1570.,325.,2645.));
#15562=CARTESIAN_POINT('',(1540.,325.,2645.));
#15563=CARTESIAN_POINT('',(1570.,325.,2615.));
#15564=CARTESIAN_POINT('Origin',(1570.,620.,2615.));
#15565=CARTESIAN_POINT('',(1570.,650.,2615.));
#15566=CARTESIAN_POINT('',(1540.,620.,2615.));
#15567=CARTESIAN_POINT('Origin',(3700.,620.,2645.));
#15568=CARTESIAN_POINT('',(3730.,620.,2645.));
#15569=CARTESIAN_POINT('',(3700.,650.,2645.));
#15570=CARTESIAN_POINT('Origin',(3700.,620.,2645.));
#15571=CARTESIAN_POINT('',(3700.,620.,2615.));
#15572=CARTESIAN_POINT('Origin',(3700.,620.,2645.));
#15573=CARTESIAN_POINT('Origin',(3700.,620.,2645.));
#15574=CARTESIAN_POINT('Origin',(3700.,-325.,2645.));
#15575=CARTESIAN_POINT('',(3730.,-325.,2645.));
#15576=CARTESIAN_POINT('',(3700.,-325.,2615.));
#15577=CARTESIAN_POINT('Origin',(3182.5,620.,2645.));
#15578=CARTESIAN_POINT('',(3182.5,650.,2645.));
#15579=CARTESIAN_POINT('',(3182.5,620.,2615.));
#15580=CARTESIAN_POINT('Origin',(3700.,620.,2615.));
#15581=CARTESIAN_POINT('',(3730.,620.,2615.));
#15582=CARTESIAN_POINT('',(3700.,650.,2615.));
#15583=CARTESIAN_POINT('Origin',(3182.5,620.,2660.));
#15584=CARTESIAN_POINT('',(3182.5,620.,2690.));
#15585=CARTESIAN_POINT('',(3182.5,650.,2660.));
#15586=CARTESIAN_POINT('Origin',(3700.,-325.,2660.));
#15587=CARTESIAN_POINT('',(3700.,-325.,2690.));
#15588=CARTESIAN_POINT('',(3730.,-325.,2660.));
#15589=CARTESIAN_POINT('Origin',(3700.,-620.,2615.));
#15590=CARTESIAN_POINT('',(3700.,-650.,2615.));
#15591=CARTESIAN_POINT('',(3730.,-620.,2615.));
#15592=CARTESIAN_POINT('Origin',(1570.,325.,2660.));
#15593=CARTESIAN_POINT('',(1570.,325.,2690.));
#15594=CARTESIAN_POINT('',(1540.,325.,2660.));
#15595=CARTESIAN_POINT('Origin',(1570.,-620.,2615.));
#15596=CARTESIAN_POINT('',(1540.,-620.,2615.));
#15597=CARTESIAN_POINT('',(1570.,-650.,2615.));
#15598=CARTESIAN_POINT('Origin',(2087.5,-620.,2660.));
#15599=CARTESIAN_POINT('',(2087.5,-620.,2690.));
#15600=CARTESIAN_POINT('',(2087.5,-650.,2660.));
#15601=CARTESIAN_POINT('Origin',(1540.,-650.,2615.));
#15602=CARTESIAN_POINT('Origin',(2635.,0.,2615.));
#15603=CARTESIAN_POINT('Origin',(1540.,650.,2615.));
#15604=CARTESIAN_POINT('Origin',(3730.,650.,2615.));
#15605=CARTESIAN_POINT('Origin',(3730.,-650.,2615.));
#15606=CARTESIAN_POINT('Origin',(2635.,0.,2690.));
#15607=CARTESIAN_POINT('Origin',(490.,-910.,2220.));
#15608=CARTESIAN_POINT('',(490.,-910.,2220.));
#15609=CARTESIAN_POINT('',(370.,-910.,2220.));
#15610=CARTESIAN_POINT('',(490.,-910.,2220.));
#15611=CARTESIAN_POINT('',(370.,-910.,2290.));
#15612=CARTESIAN_POINT('',(370.,-910.,2220.));
#15613=CARTESIAN_POINT('',(490.,-910.,2290.));
#15614=CARTESIAN_POINT('',(490.,-910.,2290.));
#15615=CARTESIAN_POINT('',(490.,-910.,2220.));
#15616=CARTESIAN_POINT('Origin',(490.,-1110.,2220.));
#15617=CARTESIAN_POINT('',(490.,-1110.,2220.));
#15618=CARTESIAN_POINT('',(490.,-1110.,2220.));
#15619=CARTESIAN_POINT('',(490.,-1110.,2290.));
#15620=CARTESIAN_POINT('',(490.,-1110.,2290.));
#15621=CARTESIAN_POINT('',(490.,-1110.,2220.));
#15622=CARTESIAN_POINT('Origin',(370.,-1110.,2220.));
#15623=CARTESIAN_POINT('',(370.,-1110.,2220.));
#15624=CARTESIAN_POINT('',(370.,-1110.,2220.));
#15625=CARTESIAN_POINT('',(370.,-1110.,2290.));
#15626=CARTESIAN_POINT('',(370.,-1110.,2290.));
#15627=CARTESIAN_POINT('',(370.,-1110.,2220.));
#15628=CARTESIAN_POINT('Origin',(370.,-910.,2220.));
#15629=CARTESIAN_POINT('',(370.,-910.,2220.));
#15630=CARTESIAN_POINT('',(370.,-910.,2290.));
#15631=CARTESIAN_POINT('Origin',(430.,-1010.,2290.));
#15632=CARTESIAN_POINT('Origin',(430.,-1010.,2220.));
#15633=CARTESIAN_POINT('Origin',(430.,-1110.,2275.));
#15634=CARTESIAN_POINT('',(353.,-1110.,2380.));
#15635=CARTESIAN_POINT('Origin',(430.,-1110.,2380.));
#15636=CARTESIAN_POINT('',(353.,-1110.,2275.));
#15637=CARTESIAN_POINT('',(353.,-1110.,2275.));
#15638=CARTESIAN_POINT('Origin',(430.,-1110.,2275.));
#15639=CARTESIAN_POINT('Origin',(430.,-1110.,2380.));
#15640=CARTESIAN_POINT('Origin',(430.,-1110.,2275.));
#15641=CARTESIAN_POINT('Origin',(430.,-1110.,2380.));
#15642=CARTESIAN_POINT('',(360.,-1110.,2475.));
#15643=CARTESIAN_POINT('Origin',(430.,-1110.,2475.));
#15644=CARTESIAN_POINT('',(360.,-1110.,2380.));
#15645=CARTESIAN_POINT('',(360.,-1110.,2380.));
#15646=CARTESIAN_POINT('Origin',(430.,-1110.,2380.));
#15647=CARTESIAN_POINT('Origin',(430.,-1110.,2475.));
#15648=CARTESIAN_POINT('Origin',(430.,-1110.,2380.));
#15649=CARTESIAN_POINT('Origin',(430.,-1110.,2475.));
#15650=CARTESIAN_POINT('',(364.,-1110.,2505.));
#15651=CARTESIAN_POINT('Origin',(430.,-1110.,2505.));
#15652=CARTESIAN_POINT('',(364.,-1110.,2475.));
#15653=CARTESIAN_POINT('',(364.,-1110.,2475.));
#15654=CARTESIAN_POINT('Origin',(430.,-1110.,2475.));
#15655=CARTESIAN_POINT('Origin',(430.,-1110.,2505.));
#15656=CARTESIAN_POINT('Origin',(430.,-1110.,2475.));
#15657=CARTESIAN_POINT('Origin',(490.,1110.,2220.));
#15658=CARTESIAN_POINT('',(490.,1110.,2220.));
#15659=CARTESIAN_POINT('',(370.,1110.,2220.));
#15660=CARTESIAN_POINT('',(490.,1110.,2220.));
#15661=CARTESIAN_POINT('',(370.,1110.,2290.));
#15662=CARTESIAN_POINT('',(370.,1110.,2220.));
#15663=CARTESIAN_POINT('',(490.,1110.,2290.));
#15664=CARTESIAN_POINT('',(490.,1110.,2290.));
#15665=CARTESIAN_POINT('',(490.,1110.,2220.));
#15666=CARTESIAN_POINT('Origin',(490.,910.,2220.));
#15667=CARTESIAN_POINT('',(490.,910.,2220.));
#15668=CARTESIAN_POINT('',(490.,910.,2220.));
#15669=CARTESIAN_POINT('',(490.,910.,2290.));
#15670=CARTESIAN_POINT('',(490.,910.,2290.));
#15671=CARTESIAN_POINT('',(490.,910.,2220.));
#15672=CARTESIAN_POINT('Origin',(370.,910.,2220.));
#15673=CARTESIAN_POINT('',(370.,910.,2220.));
#15674=CARTESIAN_POINT('',(370.,910.,2220.));
#15675=CARTESIAN_POINT('',(370.,910.,2290.));
#15676=CARTESIAN_POINT('',(370.,910.,2290.));
#15677=CARTESIAN_POINT('',(370.,910.,2220.));
#15678=CARTESIAN_POINT('Origin',(370.,1110.,2220.));
#15679=CARTESIAN_POINT('',(370.,1110.,2220.));
#15680=CARTESIAN_POINT('',(370.,1110.,2290.));
#15681=CARTESIAN_POINT('Origin',(430.,1010.,2290.));
#15682=CARTESIAN_POINT('Origin',(430.,1010.,2220.));
#15683=CARTESIAN_POINT('Origin',(430.,1110.,2275.));
#15684=CARTESIAN_POINT('',(353.,1110.,2380.));
#15685=CARTESIAN_POINT('Origin',(430.,1110.,2380.));
#15686=CARTESIAN_POINT('',(353.,1110.,2275.));
#15687=CARTESIAN_POINT('',(353.,1110.,2275.));
#15688=CARTESIAN_POINT('Origin',(430.,1110.,2275.));
#15689=CARTESIAN_POINT('Origin',(430.,1110.,2380.));
#15690=CARTESIAN_POINT('Origin',(430.,1110.,2275.));
#15691=CARTESIAN_POINT('Origin',(430.,1110.,2380.));
#15692=CARTESIAN_POINT('',(360.,1110.,2475.));
#15693=CARTESIAN_POINT('Origin',(430.,1110.,2475.));
#15694=CARTESIAN_POINT('',(360.,1110.,2380.));
#15695=CARTESIAN_POINT('',(360.,1110.,2380.));
#15696=CARTESIAN_POINT('Origin',(430.,1110.,2380.));
#15697=CARTESIAN_POINT('Origin',(430.,1110.,2475.));
#15698=CARTESIAN_POINT('Origin',(430.,1110.,2380.));
#15699=CARTESIAN_POINT('Origin',(430.,1110.,2475.));
#15700=CARTESIAN_POINT('',(364.,1110.,2505.));
#15701=CARTESIAN_POINT('Origin',(430.,1110.,2505.));
#15702=CARTESIAN_POINT('',(364.,1110.,2475.));
#15703=CARTESIAN_POINT('',(364.,1110.,2475.));
#15704=CARTESIAN_POINT('Origin',(430.,1110.,2475.));
#15705=CARTESIAN_POINT('Origin',(430.,1110.,2505.));
#15706=CARTESIAN_POINT('Origin',(430.,1110.,2475.));
#15707=CARTESIAN_POINT('Origin',(5170.,-910.,2220.));
#15708=CARTESIAN_POINT('',(5170.,-910.,2220.));
#15709=CARTESIAN_POINT('',(5050.,-910.,2220.));
#15710=CARTESIAN_POINT('',(5170.,-910.,2220.));
#15711=CARTESIAN_POINT('',(5050.,-910.,2290.));
#15712=CARTESIAN_POINT('',(5050.,-910.,2220.));
#15713=CARTESIAN_POINT('',(5170.,-910.,2290.));
#15714=CARTESIAN_POINT('',(5170.,-910.,2290.));
#15715=CARTESIAN_POINT('',(5170.,-910.,2220.));
#15716=CARTESIAN_POINT('Origin',(5170.,-1110.,2220.));
#15717=CARTESIAN_POINT('',(5170.,-1110.,2220.));
#15718=CARTESIAN_POINT('',(5170.,-1110.,2220.));
#15719=CARTESIAN_POINT('',(5170.,-1110.,2290.));
#15720=CARTESIAN_POINT('',(5170.,-1110.,2290.));
#15721=CARTESIAN_POINT('',(5170.,-1110.,2220.));
#15722=CARTESIAN_POINT('Origin',(5050.,-1110.,2220.));
#15723=CARTESIAN_POINT('',(5050.,-1110.,2220.));
#15724=CARTESIAN_POINT('',(5050.,-1110.,2220.));
#15725=CARTESIAN_POINT('',(5050.,-1110.,2290.));
#15726=CARTESIAN_POINT('',(5050.,-1110.,2290.));
#15727=CARTESIAN_POINT('',(5050.,-1110.,2220.));
#15728=CARTESIAN_POINT('Origin',(5050.,-910.,2220.));
#15729=CARTESIAN_POINT('',(5050.,-910.,2220.));
#15730=CARTESIAN_POINT('',(5050.,-910.,2290.));
#15731=CARTESIAN_POINT('Origin',(5110.,-1010.,2290.));
#15732=CARTESIAN_POINT('Origin',(5110.,-1010.,2220.));
#15733=CARTESIAN_POINT('Origin',(5110.,-1110.,2275.));
#15734=CARTESIAN_POINT('',(5033.,-1110.,2380.));
#15735=CARTESIAN_POINT('Origin',(5110.,-1110.,2380.));
#15736=CARTESIAN_POINT('',(5033.,-1110.,2275.));
#15737=CARTESIAN_POINT('',(5033.,-1110.,2275.));
#15738=CARTESIAN_POINT('Origin',(5110.,-1110.,2275.));
#15739=CARTESIAN_POINT('Origin',(5110.,-1110.,2380.));
#15740=CARTESIAN_POINT('Origin',(5110.,-1110.,2275.));
#15741=CARTESIAN_POINT('Origin',(5110.,-1110.,2380.));
#15742=CARTESIAN_POINT('',(5040.,-1110.,2475.));
#15743=CARTESIAN_POINT('Origin',(5110.,-1110.,2475.));
#15744=CARTESIAN_POINT('',(5040.,-1110.,2380.));
#15745=CARTESIAN_POINT('',(5040.,-1110.,2380.));
#15746=CARTESIAN_POINT('Origin',(5110.,-1110.,2380.));
#15747=CARTESIAN_POINT('Origin',(5110.,-1110.,2475.));
#15748=CARTESIAN_POINT('Origin',(5110.,-1110.,2380.));
#15749=CARTESIAN_POINT('Origin',(5110.,-1110.,2475.));
#15750=CARTESIAN_POINT('',(5044.,-1110.,2505.));
#15751=CARTESIAN_POINT('Origin',(5110.,-1110.,2505.));
#15752=CARTESIAN_POINT('',(5044.,-1110.,2475.));
#15753=CARTESIAN_POINT('',(5044.,-1110.,2475.));
#15754=CARTESIAN_POINT('Origin',(5110.,-1110.,2475.));
#15755=CARTESIAN_POINT('Origin',(5110.,-1110.,2505.));
#15756=CARTESIAN_POINT('Origin',(5110.,-1110.,2475.));
#15757=CARTESIAN_POINT('Origin',(5170.,1110.,2220.));
#15758=CARTESIAN_POINT('',(5170.,1110.,2220.));
#15759=CARTESIAN_POINT('',(5050.,1110.,2220.));
#15760=CARTESIAN_POINT('',(5170.,1110.,2220.));
#15761=CARTESIAN_POINT('',(5050.,1110.,2290.));
#15762=CARTESIAN_POINT('',(5050.,1110.,2220.));
#15763=CARTESIAN_POINT('',(5170.,1110.,2290.));
#15764=CARTESIAN_POINT('',(5170.,1110.,2290.));
#15765=CARTESIAN_POINT('',(5170.,1110.,2220.));
#15766=CARTESIAN_POINT('Origin',(5170.,910.,2220.));
#15767=CARTESIAN_POINT('',(5170.,910.,2220.));
#15768=CARTESIAN_POINT('',(5170.,910.,2220.));
#15769=CARTESIAN_POINT('',(5170.,910.,2290.));
#15770=CARTESIAN_POINT('',(5170.,910.,2290.));
#15771=CARTESIAN_POINT('',(5170.,910.,2220.));
#15772=CARTESIAN_POINT('Origin',(5050.,910.,2220.));
#15773=CARTESIAN_POINT('',(5050.,910.,2220.));
#15774=CARTESIAN_POINT('',(5050.,910.,2220.));
#15775=CARTESIAN_POINT('',(5050.,910.,2290.));
#15776=CARTESIAN_POINT('',(5050.,910.,2290.));
#15777=CARTESIAN_POINT('',(5050.,910.,2220.));
#15778=CARTESIAN_POINT('Origin',(5050.,1110.,2220.));
#15779=CARTESIAN_POINT('',(5050.,1110.,2220.));
#15780=CARTESIAN_POINT('',(5050.,1110.,2290.));
#15781=CARTESIAN_POINT('Origin',(5110.,1010.,2290.));
#15782=CARTESIAN_POINT('Origin',(5110.,1010.,2220.));
#15783=CARTESIAN_POINT('Origin',(5110.,1110.,2275.));
#15784=CARTESIAN_POINT('',(5033.,1110.,2380.));
#15785=CARTESIAN_POINT('Origin',(5110.,1110.,2380.));
#15786=CARTESIAN_POINT('',(5033.,1110.,2275.));
#15787=CARTESIAN_POINT('',(5033.,1110.,2275.));
#15788=CARTESIAN_POINT('Origin',(5110.,1110.,2275.));
#15789=CARTESIAN_POINT('Origin',(5110.,1110.,2380.));
#15790=CARTESIAN_POINT('Origin',(5110.,1110.,2275.));
#15791=CARTESIAN_POINT('Origin',(5110.,1110.,2380.));
#15792=CARTESIAN_POINT('',(5040.,1110.,2475.));
#15793=CARTESIAN_POINT('Origin',(5110.,1110.,2475.));
#15794=CARTESIAN_POINT('',(5040.,1110.,2380.));
#15795=CARTESIAN_POINT('',(5040.,1110.,2380.));
#15796=CARTESIAN_POINT('Origin',(5110.,1110.,2380.));
#15797=CARTESIAN_POINT('Origin',(5110.,1110.,2475.));
#15798=CARTESIAN_POINT('Origin',(5110.,1110.,2380.));
#15799=CARTESIAN_POINT('Origin',(5110.,1110.,2475.));
#15800=CARTESIAN_POINT('',(5044.,1110.,2505.));
#15801=CARTESIAN_POINT('Origin',(5110.,1110.,2505.));
#15802=CARTESIAN_POINT('',(5044.,1110.,2475.));
#15803=CARTESIAN_POINT('',(5044.,1110.,2475.));
#15804=CARTESIAN_POINT('Origin',(5110.,1110.,2475.));
#15805=CARTESIAN_POINT('Origin',(5110.,1110.,2505.));
#15806=CARTESIAN_POINT('Origin',(5110.,1110.,2475.));
#15807=CARTESIAN_POINT('Origin',(1050.,0.,2650.));
#15808=CARTESIAN_POINT('',(988.,-7.59281015471359E-15,2745.));
#15809=CARTESIAN_POINT('Origin',(1050.,0.,2745.));
#15810=CARTESIAN_POINT('',(988.,-7.59281015471359E-15,2650.));
#15811=CARTESIAN_POINT('',(988.,-7.59281015471359E-15,2650.));
#15812=CARTESIAN_POINT('Origin',(1050.,0.,2650.));
#15813=CARTESIAN_POINT('Origin',(1050.,0.,2745.));
#15814=CARTESIAN_POINT('Origin',(1050.,0.,2650.));
#15815=CARTESIAN_POINT('Origin',(850.,-1100.,360.));
#15816=CARTESIAN_POINT('',(1122.07535720826,-1026.,660.));
#15817=CARTESIAN_POINT('',(1247.02015062211,-1026.,280.));
#15818=CARTESIAN_POINT('Origin',(850.,-1026.,360.));
#15819=CARTESIAN_POINT('',(1122.07535720826,-1014.,660.));
#15820=CARTESIAN_POINT('',(1122.07535720826,-1100.,660.));
#15821=CARTESIAN_POINT('',(1247.02015062211,-1014.,280.));
#15822=CARTESIAN_POINT('Origin',(850.,-1014.,360.));
#15823=CARTESIAN_POINT('',(1247.02015062211,-1100.,280.));
#15824=CARTESIAN_POINT('Origin',(65.,-1026.,280.));
#15825=CARTESIAN_POINT('',(4252.97984937789,-1026.,280.));
#15826=CARTESIAN_POINT('',(4377.92464279174,-1026.,660.));
#15827=CARTESIAN_POINT('Origin',(4650.,-1026.,360.));
#15828=CARTESIAN_POINT('',(65.,-1026.,660.));
#15829=CARTESIAN_POINT('',(65.,-1026.,280.));
#15830=CARTESIAN_POINT('Origin',(2750.,-1020.,280.));
#15831=CARTESIAN_POINT('',(4252.97984937789,-1014.,280.));
#15832=CARTESIAN_POINT('',(4252.97984937789,-1100.,280.));
#15833=CARTESIAN_POINT('',(5435.,-1014.,280.));
#15834=CARTESIAN_POINT('Origin',(5435.,-1014.,280.));
#15835=CARTESIAN_POINT('',(4377.92464279174,-1014.,660.));
#15836=CARTESIAN_POINT('Origin',(4650.,-1014.,360.));
#15837=CARTESIAN_POINT('',(5435.,-1014.,660.));
#15838=CARTESIAN_POINT('Origin',(2750.,-1020.,660.));
#15839=CARTESIAN_POINT('',(4377.92464279174,-1100.,660.));
#15840=CARTESIAN_POINT('Origin',(4650.,-1100.,360.));
#15841=CARTESIAN_POINT('Origin',(850.,-1100.,360.));
#15842=CARTESIAN_POINT('',(1122.07535720826,1014.,660.));
#15843=CARTESIAN_POINT('',(1247.02015062211,1014.,280.));
#15844=CARTESIAN_POINT('Origin',(850.,1014.,360.));
#15845=CARTESIAN_POINT('',(1122.07535720826,1026.,660.));
#15846=CARTESIAN_POINT('',(1122.07535720826,-1100.,660.));
#15847=CARTESIAN_POINT('',(1247.02015062211,1026.,280.));
#15848=CARTESIAN_POINT('Origin',(850.,1026.,360.));
#15849=CARTESIAN_POINT('',(1247.02015062211,-1100.,280.));
#15850=CARTESIAN_POINT('Origin',(65.,1014.,280.));
#15851=CARTESIAN_POINT('',(4252.97984937789,1014.,280.));
#15852=CARTESIAN_POINT('',(4377.92464279174,1014.,660.));
#15853=CARTESIAN_POINT('Origin',(4650.,1014.,360.));
#15854=CARTESIAN_POINT('',(65.,1014.,660.));
#15855=CARTESIAN_POINT('',(65.,1014.,280.));
#15856=CARTESIAN_POINT('Origin',(2750.,1020.,280.));
#15857=CARTESIAN_POINT('',(4252.97984937789,1026.,280.));
#15858=CARTESIAN_POINT('',(4252.97984937789,-1100.,280.));
#15859=CARTESIAN_POINT('',(5435.,1026.,280.));
#15860=CARTESIAN_POINT('Origin',(5435.,1026.,280.));
#15861=CARTESIAN_POINT('',(4377.92464279174,1026.,660.));
#15862=CARTESIAN_POINT('Origin',(4650.,1026.,360.));
#15863=CARTESIAN_POINT('',(5435.,1026.,660.));
#15864=CARTESIAN_POINT('Origin',(2750.,1020.,660.));
#15865=CARTESIAN_POINT('',(4377.92464279174,-1100.,660.));
#15866=CARTESIAN_POINT('Origin',(4650.,-1100.,360.));
#15867=CARTESIAN_POINT('Origin',(0.,935.,355.));
#15868=CARTESIAN_POINT('',(0.,935.,355.));
#15869=CARTESIAN_POINT('',(-2.,935.,355.));
#15870=CARTESIAN_POINT('',(0.,935.,355.));
#15871=CARTESIAN_POINT('',(-2.,935.,835.));
#15872=CARTESIAN_POINT('',(-2.,935.,355.));
#15873=CARTESIAN_POINT('',(0.,935.,835.));
#15874=CARTESIAN_POINT('',(0.,935.,835.));
#15875=CARTESIAN_POINT('',(0.,935.,355.));
#15876=CARTESIAN_POINT('Origin',(0.,-935.,355.));
#15877=CARTESIAN_POINT('',(0.,-935.,355.));
#15878=CARTESIAN_POINT('',(0.,-935.,355.));
#15879=CARTESIAN_POINT('',(0.,-935.,835.));
#15880=CARTESIAN_POINT('',(0.,-935.,835.));
#15881=CARTESIAN_POINT('',(0.,-935.,355.));
#15882=CARTESIAN_POINT('Origin',(-2.,-935.,355.));
#15883=CARTESIAN_POINT('',(-2.,-935.,355.));
#15884=CARTESIAN_POINT('',(-2.,-935.,355.));
#15885=CARTESIAN_POINT('',(-2.,-935.,835.));
#15886=CARTESIAN_POINT('',(-2.,-935.,835.));
#15887=CARTESIAN_POINT('',(-2.,-935.,355.));
#15888=CARTESIAN_POINT('Origin',(-2.,935.,355.));
#15889=CARTESIAN_POINT('',(-2.,935.,355.));
#15890=CARTESIAN_POINT('',(-2.,935.,835.));
#15891=CARTESIAN_POINT('Origin',(-1.,0.,835.));
#15892=CARTESIAN_POINT('Origin',(-1.,0.,355.));
#15893=CARTESIAN_POINT('Origin',(2047.22373366356,-1048.,1838.93589019775));
#15894=CARTESIAN_POINT('',(2047.22373366356,-1048.,1838.93589019775));
#15895=CARTESIAN_POINT('',(2020.21146178246,-1048.,1838.93589019775));
#15896=CARTESIAN_POINT('',(2047.22373366356,-1048.,1838.93589019775));
#15897=CARTESIAN_POINT('',(2020.21146178246,-1045.,1838.93589019775));
#15898=CARTESIAN_POINT('',(2020.21146178246,-1048.,1838.93589019775));
#15899=CARTESIAN_POINT('',(2047.22373366356,-1045.,1838.93589019775));
#15900=CARTESIAN_POINT('',(2047.22373366356,-1045.,1838.93589019775));
#15901=CARTESIAN_POINT('',(2047.22373366356,-1048.,1838.93589019775));
#15902=CARTESIAN_POINT('Origin',(2047.22373366356,-1048.,1870.));
#15903=CARTESIAN_POINT('',(2047.22373366356,-1048.,1870.));
#15904=CARTESIAN_POINT('',(2047.22373366356,-1048.,1870.));
#15905=CARTESIAN_POINT('',(2047.22373366356,-1045.,1870.));
#15906=CARTESIAN_POINT('',(2047.22373366356,-1045.,1870.));
#15907=CARTESIAN_POINT('',(2047.22373366356,-1048.,1870.));
#15908=CARTESIAN_POINT('Origin',(2020.21146178246,-1048.,1870.));
#15909=CARTESIAN_POINT('',(2020.21146178246,-1048.,1870.));
#15910=CARTESIAN_POINT('',(2020.21146178246,-1048.,1870.));
#15911=CARTESIAN_POINT('',(2020.21146178246,-1045.,1870.));
#15912=CARTESIAN_POINT('',(2020.21146178246,-1045.,1870.));
#15913=CARTESIAN_POINT('',(2020.21146178246,-1048.,1870.));
#15914=CARTESIAN_POINT('Origin',(2020.21146178246,-1048.,1838.93589019775));
#15915=CARTESIAN_POINT('',(2020.21146178246,-1048.,1838.93589019775));
#15916=CARTESIAN_POINT('',(2020.21146178246,-1045.,1838.93589019775));
#15917=CARTESIAN_POINT('Origin',(2049.99998688698,-1045.,1758.19917678833));
#15918=CARTESIAN_POINT('Origin',(2049.99998688698,-1048.,1758.19917678833));
#15919=CARTESIAN_POINT('Origin',(2047.22373366356,-1048.,1650.));
#15920=CARTESIAN_POINT('',(2047.22373366356,-1048.,1650.));
#15921=CARTESIAN_POINT('',(2020.21146178246,-1048.,1650.));
#15922=CARTESIAN_POINT('',(2047.22373366356,-1048.,1650.));
#15923=CARTESIAN_POINT('',(2020.21146178246,-1045.,1650.));
#15924=CARTESIAN_POINT('',(2020.21146178246,-1048.,1650.));
#15925=CARTESIAN_POINT('',(2047.22373366356,-1045.,1650.));
#15926=CARTESIAN_POINT('',(2047.22373366356,-1045.,1650.));
#15927=CARTESIAN_POINT('',(2047.22373366356,-1048.,1650.));
#15928=CARTESIAN_POINT('Origin',(2047.22373366356,-1048.,1809.37244415283));
#15929=CARTESIAN_POINT('',(2047.22373366356,-1048.,1809.37244415283));
#15930=CARTESIAN_POINT('',(2047.22373366356,-1048.,1809.37244415283));
#15931=CARTESIAN_POINT('',(2047.22373366356,-1045.,1809.37244415283));
#15932=CARTESIAN_POINT('',(2047.22373366356,-1045.,1809.37244415283));
#15933=CARTESIAN_POINT('',(2047.22373366356,-1048.,1809.37244415283));
#15934=CARTESIAN_POINT('Origin',(2020.21146178246,-1048.,1809.37244415283));
#15935=CARTESIAN_POINT('',(2020.21146178246,-1048.,1809.37244415283));
#15936=CARTESIAN_POINT('',(2020.21146178246,-1048.,1809.37244415283));
#15937=CARTESIAN_POINT('',(2020.21146178246,-1045.,1809.37244415283));
#15938=CARTESIAN_POINT('',(2020.21146178246,-1045.,1809.37244415283));
#15939=CARTESIAN_POINT('',(2020.21146178246,-1048.,1809.37244415283));
#15940=CARTESIAN_POINT('Origin',(2020.21146178246,-1048.,1650.));
#15941=CARTESIAN_POINT('',(2020.21146178246,-1048.,1650.));
#15942=CARTESIAN_POINT('',(2020.21146178246,-1045.,1650.));
#15943=CARTESIAN_POINT('Origin',(2049.99998688698,-1045.,1758.19917678833));
#15944=CARTESIAN_POINT('Origin',(2049.99998688698,-1048.,1758.19917678833));
#15945=CARTESIAN_POINT('Origin',(2126.75990462303,-1048.,1650.));
#15946=CARTESIAN_POINT('',(2126.75990462303,-1048.,1650.));
#15947=CARTESIAN_POINT('',(2095.99591612816,-1048.,1650.));
#15948=CARTESIAN_POINT('',(2126.75990462303,-1048.,1650.));
#15949=CARTESIAN_POINT('',(2095.99591612816,-1045.,1650.));
#15950=CARTESIAN_POINT('',(2095.99591612816,-1048.,1650.));
#15951=CARTESIAN_POINT('',(2126.75990462303,-1045.,1650.));
#15952=CARTESIAN_POINT('',(2126.75990462303,-1045.,1650.));
#15953=CARTESIAN_POINT('',(2126.75990462303,-1048.,1650.));
#15954=CARTESIAN_POINT('Origin',(2126.75990462303,-1048.,1680.76398849487));
#15955=CARTESIAN_POINT('',(2126.75990462303,-1048.,1680.76398849487));
#15956=CARTESIAN_POINT('',(2126.75990462303,-1048.,1680.76398849487));
#15957=CARTESIAN_POINT('',(2126.75990462303,-1045.,1680.76398849487));
#15958=CARTESIAN_POINT('',(2126.75990462303,-1045.,1680.76398849487));
#15959=CARTESIAN_POINT('',(2126.75990462303,-1048.,1680.76398849487));
#15960=CARTESIAN_POINT('Origin',(2095.99591612816,-1048.,1680.76398849487));
#15961=CARTESIAN_POINT('',(2095.99591612816,-1048.,1680.76398849487));
#15962=CARTESIAN_POINT('',(2095.99591612816,-1048.,1680.76398849487));
#15963=CARTESIAN_POINT('',(2095.99591612816,-1045.,1680.76398849487));
#15964=CARTESIAN_POINT('',(2095.99591612816,-1045.,1680.76398849487));
#15965=CARTESIAN_POINT('',(2095.99591612816,-1048.,1680.76398849487));
#15966=CARTESIAN_POINT('Origin',(2095.99591612816,-1048.,1650.));
#15967=CARTESIAN_POINT('',(2095.99591612816,-1048.,1650.));
#15968=CARTESIAN_POINT('',(2095.99591612816,-1045.,1650.));
#15969=CARTESIAN_POINT('Origin',(2049.99998688698,-1045.,1758.19917678833));
#15970=CARTESIAN_POINT('Origin',(2049.99998688698,-1048.,1758.19917678833));
#15971=CARTESIAN_POINT('Origin',(2200.44341444969,-1048.,1650.));
#15972=CARTESIAN_POINT('',(2200.44341444969,-1048.,1650.));
#15973=CARTESIAN_POINT('',(2173.43108534813,-1048.,1650.));
#15974=CARTESIAN_POINT('',(2200.44341444969,-1048.,1650.));
#15975=CARTESIAN_POINT('',(2173.43108534813,-1045.,1650.));
#15976=CARTESIAN_POINT('',(2173.43108534813,-1048.,1650.));
#15977=CARTESIAN_POINT('',(2200.44341444969,-1045.,1650.));
#15978=CARTESIAN_POINT('',(2200.44341444969,-1045.,1650.));
#15979=CARTESIAN_POINT('',(2200.44341444969,-1048.,1650.));
#15980=CARTESIAN_POINT('Origin',(2200.44341444969,-1048.,1733.4379196167));
#15981=CARTESIAN_POINT('',(2200.44341444969,-1048.,1733.4379196167));
#15982=CARTESIAN_POINT('',(2200.44341444969,-1048.,1733.4379196167));
#15983=CARTESIAN_POINT('',(2200.44341444969,-1045.,1733.4379196167));
#15984=CARTESIAN_POINT('',(2200.44341444969,-1045.,1733.4379196167));
#15985=CARTESIAN_POINT('',(2200.44341444969,-1048.,1733.4379196167));
#15986=CARTESIAN_POINT('Ctrl Pts',(2204.94544386864,-1048.,1764.95225906372));
#15987=CARTESIAN_POINT('Ctrl Pts',(2204.94544386864,-1045.,1764.95225906372));
#15988=CARTESIAN_POINT('Ctrl Pts',(2200.44341444969,-1048.,1750.54571151733));
#15989=CARTESIAN_POINT('Ctrl Pts',(2200.44341444969,-1045.,1750.54571151733));
#15990=CARTESIAN_POINT('Ctrl Pts',(2200.44341444969,-1048.,1733.4379196167));
#15991=CARTESIAN_POINT('Ctrl Pts',(2200.44341444969,-1045.,1733.4379196167));
#15992=CARTESIAN_POINT('',(2204.94544386864,-1048.,1764.95225906372));
#15993=CARTESIAN_POINT('Ctrl Pts',(2204.94544386864,-1048.,1764.95225906372));
#15994=CARTESIAN_POINT('Ctrl Pts',(2200.44341444969,-1048.,1750.54571151733));
#15995=CARTESIAN_POINT('Ctrl Pts',(2200.44341444969,-1048.,1733.4379196167));
#15996=CARTESIAN_POINT('',(2204.94544386864,-1045.,1764.95225906372));
#15997=CARTESIAN_POINT('Ctrl Pts',(2204.94544386864,-1045.,1764.95225906372));
#15998=CARTESIAN_POINT('Ctrl Pts',(2200.44341444969,-1045.,1750.54571151733));
#15999=CARTESIAN_POINT('Ctrl Pts',(2200.44341444969,-1045.,1733.4379196167));
#16000=CARTESIAN_POINT('',(2204.94544386864,-1048.,1764.95225906372));
#16001=CARTESIAN_POINT('Ctrl Pts',(2214.99999403954,-1048.,1779.73398208618));
#16002=CARTESIAN_POINT('Ctrl Pts',(2214.99999403954,-1045.,1779.73398208618));
#16003=CARTESIAN_POINT('Ctrl Pts',(2207.94677138329,-1048.,1774.40654754639));
#16004=CARTESIAN_POINT('Ctrl Pts',(2207.94677138329,-1045.,1774.40654754639));
#16005=CARTESIAN_POINT('Ctrl Pts',(2204.94544386864,-1048.,1764.95225906372));
#16006=CARTESIAN_POINT('Ctrl Pts',(2204.94544386864,-1045.,1764.95225906372));
#16007=CARTESIAN_POINT('',(2214.99999403954,-1048.,1779.73398208618));
#16008=CARTESIAN_POINT('Ctrl Pts',(2214.99999403954,-1048.,1779.73398208618));
#16009=CARTESIAN_POINT('Ctrl Pts',(2207.94677138329,-1048.,1774.40654754639));
#16010=CARTESIAN_POINT('Ctrl Pts',(2204.94544386864,-1048.,1764.95225906372));
#16011=CARTESIAN_POINT('',(2214.99999403954,-1045.,1779.73398208618));
#16012=CARTESIAN_POINT('Ctrl Pts',(2214.99999403954,-1045.,1779.73398208618));
#16013=CARTESIAN_POINT('Ctrl Pts',(2207.94677138329,-1045.,1774.40654754639));
#16014=CARTESIAN_POINT('Ctrl Pts',(2204.94544386864,-1045.,1764.95225906372));
#16015=CARTESIAN_POINT('',(2214.99999403954,-1048.,1779.73398208618));
#16016=CARTESIAN_POINT('Ctrl Pts',(2230.90720534325,-1048.,1785.06141662598));
#16017=CARTESIAN_POINT('Ctrl Pts',(2230.90720534325,-1045.,1785.06141662598));
#16018=CARTESIAN_POINT('Ctrl Pts',(2222.05321669579,-1048.,1785.06141662598));
#16019=CARTESIAN_POINT('Ctrl Pts',(2222.05321669579,-1045.,1785.06141662598));
#16020=CARTESIAN_POINT('Ctrl Pts',(2214.99999403954,-1048.,1779.73398208618));
#16021=CARTESIAN_POINT('Ctrl Pts',(2214.99999403954,-1045.,1779.73398208618));
#16022=CARTESIAN_POINT('',(2230.90720534325,-1048.,1785.06141662598));
#16023=CARTESIAN_POINT('Ctrl Pts',(2230.90720534325,-1048.,1785.06141662598));
#16024=CARTESIAN_POINT('Ctrl Pts',(2222.05321669579,-1048.,1785.06141662598));
#16025=CARTESIAN_POINT('Ctrl Pts',(2214.99999403954,-1048.,1779.73398208618));
#16026=CARTESIAN_POINT('',(2230.90720534325,-1045.,1785.06141662598));
#16027=CARTESIAN_POINT('Ctrl Pts',(2230.90720534325,-1045.,1785.06141662598));
#16028=CARTESIAN_POINT('Ctrl Pts',(2222.05321669579,-1045.,1785.06141662598));
#16029=CARTESIAN_POINT('Ctrl Pts',(2214.99999403954,-1045.,1779.73398208618));
#16030=CARTESIAN_POINT('',(2230.90720534325,-1048.,1785.06141662598));
#16031=CARTESIAN_POINT('Ctrl Pts',(2250.71624159813,-1048.,1779.20875549316));
#16032=CARTESIAN_POINT('Ctrl Pts',(2250.71624159813,-1045.,1779.20875549316));
#16033=CARTESIAN_POINT('Ctrl Pts',(2240.81176161766,-1048.,1785.06141662598));
#16034=CARTESIAN_POINT('Ctrl Pts',(2240.81176161766,-1045.,1785.06141662598));
#16035=CARTESIAN_POINT('Ctrl Pts',(2230.90720534325,-1048.,1785.06141662598));
#16036=CARTESIAN_POINT('Ctrl Pts',(2230.90720534325,-1045.,1785.06141662598));
#16037=CARTESIAN_POINT('',(2250.71624159813,-1048.,1779.20875549316));
#16038=CARTESIAN_POINT('Ctrl Pts',(2250.71624159813,-1048.,1779.20875549316));
#16039=CARTESIAN_POINT('Ctrl Pts',(2240.81176161766,-1048.,1785.06141662598));
#16040=CARTESIAN_POINT('Ctrl Pts',(2230.90720534325,-1048.,1785.06141662598));
#16041=CARTESIAN_POINT('',(2250.71624159813,-1045.,1779.20875549316));
#16042=CARTESIAN_POINT('Ctrl Pts',(2250.71624159813,-1045.,1779.20875549316));
#16043=CARTESIAN_POINT('Ctrl Pts',(2240.81176161766,-1045.,1785.06141662598));
#16044=CARTESIAN_POINT('Ctrl Pts',(2230.90720534325,-1045.,1785.06141662598));
#16045=CARTESIAN_POINT('',(2250.71624159813,-1048.,1779.20875549316));
#16046=CARTESIAN_POINT('Origin',(2260.02044081688,-1048.,1804.27013397217));
#16047=CARTESIAN_POINT('',(2260.02044081688,-1048.,1804.27013397217));
#16048=CARTESIAN_POINT('',(2260.02044081688,-1048.,1804.27013397217));
#16049=CARTESIAN_POINT('',(2260.02044081688,-1045.,1804.27013397217));
#16050=CARTESIAN_POINT('',(2260.02044081688,-1045.,1804.27013397217));
#16051=CARTESIAN_POINT('',(2260.02044081688,-1048.,1804.27013397217));
#16052=CARTESIAN_POINT('Ctrl Pts',(2232.25783705711,-1048.,1812.97409057617));
#16053=CARTESIAN_POINT('Ctrl Pts',(2232.25783705711,-1045.,1812.97409057617));
#16054=CARTESIAN_POINT('Ctrl Pts',(2245.91407179832,-1048.,1812.97409057617));
#16055=CARTESIAN_POINT('Ctrl Pts',(2245.91407179832,-1045.,1812.97409057617));
#16056=CARTESIAN_POINT('Ctrl Pts',(2260.02044081688,-1048.,1804.27013397217));
#16057=CARTESIAN_POINT('Ctrl Pts',(2260.02044081688,-1045.,1804.27013397217));
#16058=CARTESIAN_POINT('',(2232.25783705711,-1048.,1812.97409057617));
#16059=CARTESIAN_POINT('Ctrl Pts',(2232.25783705711,-1048.,1812.97409057617));
#16060=CARTESIAN_POINT('Ctrl Pts',(2245.91407179832,-1048.,1812.97409057617));
#16061=CARTESIAN_POINT('Ctrl Pts',(2260.02044081688,-1048.,1804.27013397217));
#16062=CARTESIAN_POINT('',(2232.25783705711,-1045.,1812.97409057617));
#16063=CARTESIAN_POINT('Ctrl Pts',(2232.25783705711,-1045.,1812.97409057617));
#16064=CARTESIAN_POINT('Ctrl Pts',(2245.91407179832,-1045.,1812.97409057617));
#16065=CARTESIAN_POINT('Ctrl Pts',(2260.02044081688,-1045.,1804.27013397217));
#16066=CARTESIAN_POINT('',(2232.25783705711,-1048.,1812.97409057617));
#16067=CARTESIAN_POINT('Ctrl Pts',(2214.92499709129,-1048.,1807.57164001465));
#16068=CARTESIAN_POINT('Ctrl Pts',(2214.92499709129,-1045.,1807.57164001465));
#16069=CARTESIAN_POINT('Ctrl Pts',(2222.80356764793,-1048.,1812.97409057617));
#16070=CARTESIAN_POINT('Ctrl Pts',(2222.80356764793,-1045.,1812.97409057617));
#16071=CARTESIAN_POINT('Ctrl Pts',(2232.25783705711,-1048.,1812.97409057617));
#16072=CARTESIAN_POINT('Ctrl Pts',(2232.25783705711,-1045.,1812.97409057617));
#16073=CARTESIAN_POINT('',(2214.92499709129,-1048.,1807.57164001465));
#16074=CARTESIAN_POINT('Ctrl Pts',(2214.92499709129,-1048.,1807.57164001465));
#16075=CARTESIAN_POINT('Ctrl Pts',(2222.80356764793,-1048.,1812.97409057617));
#16076=CARTESIAN_POINT('Ctrl Pts',(2232.25783705711,-1048.,1812.97409057617));
#16077=CARTESIAN_POINT('',(2214.92499709129,-1045.,1807.57164001465));
#16078=CARTESIAN_POINT('Ctrl Pts',(2214.92499709129,-1045.,1807.57164001465));
#16079=CARTESIAN_POINT('Ctrl Pts',(2222.80356764793,-1045.,1812.97409057617));
#16080=CARTESIAN_POINT('Ctrl Pts',(2232.25783705711,-1045.,1812.97409057617));
#16081=CARTESIAN_POINT('',(2214.92499709129,-1048.,1807.57164001465));
#16082=CARTESIAN_POINT('Ctrl Pts',(2197.74215102196,-1048.,1785.21146774292));
#16083=CARTESIAN_POINT('Ctrl Pts',(2197.74215102196,-1045.,1785.21146774292));
#16084=CARTESIAN_POINT('Ctrl Pts',(2207.04635024071,-1048.,1802.16918945313));
#16085=CARTESIAN_POINT('Ctrl Pts',(2207.04635024071,-1045.,1802.16918945313));
#16086=CARTESIAN_POINT('Ctrl Pts',(2214.92499709129,-1048.,1807.57164001465));
#16087=CARTESIAN_POINT('Ctrl Pts',(2214.92499709129,-1045.,1807.57164001465));
#16088=CARTESIAN_POINT('',(2197.74215102196,-1048.,1785.21146774292));
#16089=CARTESIAN_POINT('Ctrl Pts',(2197.74215102196,-1048.,1785.21146774292));
#16090=CARTESIAN_POINT('Ctrl Pts',(2207.04635024071,-1048.,1802.16918945313));
#16091=CARTESIAN_POINT('Ctrl Pts',(2214.92499709129,-1048.,1807.57164001465));
#16092=CARTESIAN_POINT('',(2197.74215102196,-1045.,1785.21146774292));
#16093=CARTESIAN_POINT('Ctrl Pts',(2197.74215102196,-1045.,1785.21146774292));
#16094=CARTESIAN_POINT('Ctrl Pts',(2207.04635024071,-1045.,1802.16918945313));
#16095=CARTESIAN_POINT('Ctrl Pts',(2214.92499709129,-1045.,1807.57164001465));
#16096=CARTESIAN_POINT('',(2197.74215102196,-1048.,1785.21146774292));
#16097=CARTESIAN_POINT('Origin',(2197.74215102196,-1048.,1809.37244415283));
#16098=CARTESIAN_POINT('',(2197.74215102196,-1048.,1809.37244415283));
#16099=CARTESIAN_POINT('',(2197.74215102196,-1048.,1809.37244415283));
#16100=CARTESIAN_POINT('',(2197.74215102196,-1045.,1809.37244415283));
#16101=CARTESIAN_POINT('',(2197.74215102196,-1045.,1809.37244415283));
#16102=CARTESIAN_POINT('',(2197.74215102196,-1048.,1809.37244415283));
#16103=CARTESIAN_POINT('Origin',(2173.43108534813,-1048.,1809.37244415283));
#16104=CARTESIAN_POINT('',(2173.43108534813,-1048.,1809.37244415283));
#16105=CARTESIAN_POINT('',(2173.43108534813,-1048.,1809.37244415283));
#16106=CARTESIAN_POINT('',(2173.43108534813,-1045.,1809.37244415283));
#16107=CARTESIAN_POINT('',(2173.43108534813,-1045.,1809.37244415283));
#16108=CARTESIAN_POINT('',(2173.43108534813,-1048.,1809.37244415283));
#16109=CARTESIAN_POINT('Origin',(2173.43108534813,-1048.,1650.));
#16110=CARTESIAN_POINT('',(2173.43108534813,-1048.,1650.));
#16111=CARTESIAN_POINT('',(2173.43108534813,-1045.,1650.));
#16112=CARTESIAN_POINT('Origin',(2049.99998688698,-1045.,1758.19917678833));
#16113=CARTESIAN_POINT('Origin',(2049.99998688698,-1048.,1758.19917678833));
#16114=CARTESIAN_POINT('Origin',(1950.87994933128,-1048.,1720.08186340332));
#16115=CARTESIAN_POINT('',(1950.87994933128,-1048.,1720.08186340332));
#16116=CARTESIAN_POINT('',(1950.87994933128,-1048.,1729.98636245728));
#16117=CARTESIAN_POINT('',(1950.87994933128,-1048.,1720.08186340332));
#16118=CARTESIAN_POINT('',(1950.87994933128,-1045.,1729.98636245728));
#16119=CARTESIAN_POINT('',(1950.87994933128,-1048.,1729.98636245728));
#16120=CARTESIAN_POINT('',(1950.87994933128,-1045.,1720.08186340332));
#16121=CARTESIAN_POINT('',(1950.87994933128,-1045.,1720.08186340332));
#16122=CARTESIAN_POINT('',(1950.87994933128,-1048.,1720.08186340332));
#16123=CARTESIAN_POINT('Ctrl Pts',(1946.52797102928,-1048.,1693.06957244873));
#16124=CARTESIAN_POINT('Ctrl Pts',(1946.52797102928,-1045.,1693.06957244873));
#16125=CARTESIAN_POINT('Ctrl Pts',(1950.87994933128,-1048.,1702.22373962402));
#16126=CARTESIAN_POINT('Ctrl Pts',(1950.87994933128,-1045.,1702.22373962402));
#16127=CARTESIAN_POINT('Ctrl Pts',(1950.87994933128,-1048.,1720.08186340332));
#16128=CARTESIAN_POINT('Ctrl Pts',(1950.87994933128,-1045.,1720.08186340332));
#16129=CARTESIAN_POINT('',(1946.52797102928,-1048.,1693.06957244873));
#16130=CARTESIAN_POINT('Ctrl Pts',(1946.52797102928,-1048.,1693.06957244873));
#16131=CARTESIAN_POINT('Ctrl Pts',(1950.87994933128,-1048.,1702.22373962402));
#16132=CARTESIAN_POINT('Ctrl Pts',(1950.87994933128,-1048.,1720.08186340332));
#16133=CARTESIAN_POINT('',(1946.52797102928,-1045.,1693.06957244873));
#16134=CARTESIAN_POINT('Ctrl Pts',(1946.52797102928,-1045.,1693.06957244873));
#16135=CARTESIAN_POINT('Ctrl Pts',(1950.87994933128,-1045.,1702.22373962402));
#16136=CARTESIAN_POINT('Ctrl Pts',(1950.87994933128,-1045.,1720.08186340332));
#16137=CARTESIAN_POINT('',(1946.52797102928,-1048.,1693.06957244873));
#16138=CARTESIAN_POINT('Ctrl Pts',(1928.66985678673,-1048.,1674.38608169556));
#16139=CARTESIAN_POINT('Ctrl Pts',(1928.66985678673,-1045.,1674.38608169556));
#16140=CARTESIAN_POINT('Ctrl Pts',(1940.8253800869,-1048.,1681.21417999268));
#16141=CARTESIAN_POINT('Ctrl Pts',(1940.8253800869,-1045.,1681.21417999268));
#16142=CARTESIAN_POINT('Ctrl Pts',(1946.52797102928,-1048.,1693.06957244873));
#16143=CARTESIAN_POINT('Ctrl Pts',(1946.52797102928,-1045.,1693.06957244873));
#16144=CARTESIAN_POINT('',(1928.66985678673,-1048.,1674.38608169556));
#16145=CARTESIAN_POINT('Ctrl Pts',(1928.66985678673,-1048.,1674.38608169556));
#16146=CARTESIAN_POINT('Ctrl Pts',(1940.8253800869,-1048.,1681.21417999268));
#16147=CARTESIAN_POINT('Ctrl Pts',(1946.52797102928,-1048.,1693.06957244873));
#16148=CARTESIAN_POINT('',(1928.66985678673,-1045.,1674.38608169556));
#16149=CARTESIAN_POINT('Ctrl Pts',(1928.66985678673,-1045.,1674.38608169556));
#16150=CARTESIAN_POINT('Ctrl Pts',(1940.8253800869,-1045.,1681.21417999268));
#16151=CARTESIAN_POINT('Ctrl Pts',(1946.52797102928,-1045.,1693.06957244873));
#16152=CARTESIAN_POINT('',(1928.66985678673,-1048.,1674.38608169556));
#16153=CARTESIAN_POINT('Ctrl Pts',(1900.90722441673,-1048.,1667.55798339844));
#16154=CARTESIAN_POINT('Ctrl Pts',(1900.90722441673,-1045.,1667.55798339844));
#16155=CARTESIAN_POINT('Ctrl Pts',(1916.51432394981,-1048.,1667.55798339844));
#16156=CARTESIAN_POINT('Ctrl Pts',(1916.51432394981,-1045.,1667.55798339844));
#16157=CARTESIAN_POINT('Ctrl Pts',(1928.66985678673,-1048.,1674.38608169556));
#16158=CARTESIAN_POINT('Ctrl Pts',(1928.66985678673,-1045.,1674.38608169556));
#16159=CARTESIAN_POINT('',(1900.90722441673,-1048.,1667.55798339844));
#16160=CARTESIAN_POINT('Ctrl Pts',(1900.90722441673,-1048.,1667.55798339844));
#16161=CARTESIAN_POINT('Ctrl Pts',(1916.51432394981,-1048.,1667.55798339844));
#16162=CARTESIAN_POINT('Ctrl Pts',(1928.66985678673,-1048.,1674.38608169556));
#16163=CARTESIAN_POINT('',(1900.90722441673,-1045.,1667.55798339844));
#16164=CARTESIAN_POINT('Ctrl Pts',(1900.90722441673,-1045.,1667.55798339844));
#16165=CARTESIAN_POINT('Ctrl Pts',(1916.51432394981,-1045.,1667.55798339844));
#16166=CARTESIAN_POINT('Ctrl Pts',(1928.66985678673,-1045.,1674.38608169556));
#16167=CARTESIAN_POINT('',(1900.90722441673,-1048.,1667.55798339844));
#16168=CARTESIAN_POINT('Ctrl Pts',(1876.97135329247,-1048.,1674.76125717163));
#16169=CARTESIAN_POINT('Ctrl Pts',(1876.97135329247,-1045.,1674.76125717163));
#16170=CARTESIAN_POINT('Ctrl Pts',(1885.15006422997,-1048.,1667.55798339844));
#16171=CARTESIAN_POINT('Ctrl Pts',(1885.15006422997,-1045.,1667.55798339844));
#16172=CARTESIAN_POINT('Ctrl Pts',(1900.90722441673,-1048.,1667.55798339844));
#16173=CARTESIAN_POINT('Ctrl Pts',(1900.90722441673,-1045.,1667.55798339844));
#16174=CARTESIAN_POINT('',(1876.97135329247,-1048.,1674.76125717163));
#16175=CARTESIAN_POINT('Ctrl Pts',(1876.97135329247,-1048.,1674.76125717163));
#16176=CARTESIAN_POINT('Ctrl Pts',(1885.15006422997,-1048.,1667.55798339844));
#16177=CARTESIAN_POINT('Ctrl Pts',(1900.90722441673,-1048.,1667.55798339844));
#16178=CARTESIAN_POINT('',(1876.97135329247,-1045.,1674.76125717163));
#16179=CARTESIAN_POINT('Ctrl Pts',(1876.97135329247,-1045.,1674.76125717163));
#16180=CARTESIAN_POINT('Ctrl Pts',(1885.15006422997,-1045.,1667.55798339844));
#16181=CARTESIAN_POINT('Ctrl Pts',(1900.90722441673,-1045.,1667.55798339844));
#16182=CARTESIAN_POINT('',(1876.97135329247,-1048.,1674.76125717163));
#16183=CARTESIAN_POINT('Ctrl Pts',(1868.79263281822,-1048.,1692.76943206787));
#16184=CARTESIAN_POINT('Ctrl Pts',(1868.79263281822,-1045.,1692.76943206787));
#16185=CARTESIAN_POINT('Ctrl Pts',(1868.79263281822,-1048.,1681.96453094482));
#16186=CARTESIAN_POINT('Ctrl Pts',(1868.79263281822,-1045.,1681.96453094482));
#16187=CARTESIAN_POINT('Ctrl Pts',(1876.97135329247,-1048.,1674.76125717163));
#16188=CARTESIAN_POINT('Ctrl Pts',(1876.97135329247,-1045.,1674.76125717163));
#16189=CARTESIAN_POINT('',(1868.79263281822,-1048.,1692.76943206787));
#16190=CARTESIAN_POINT('Ctrl Pts',(1868.79263281822,-1048.,1692.76943206787));
#16191=CARTESIAN_POINT('Ctrl Pts',(1868.79263281822,-1048.,1681.96453094482));
#16192=CARTESIAN_POINT('Ctrl Pts',(1876.97135329247,-1048.,1674.76125717163));
#16193=CARTESIAN_POINT('',(1868.79263281822,-1045.,1692.76943206787));
#16194=CARTESIAN_POINT('Ctrl Pts',(1868.79263281822,-1045.,1692.76943206787));
#16195=CARTESIAN_POINT('Ctrl Pts',(1868.79263281822,-1045.,1681.96453094482));
#16196=CARTESIAN_POINT('Ctrl Pts',(1876.97135329247,-1045.,1674.76125717163));
#16197=CARTESIAN_POINT('',(1868.79263281822,-1048.,1692.76943206787));
#16198=CARTESIAN_POINT('Ctrl Pts',(1872.54433989525,-1048.,1705.60028076172));
#16199=CARTESIAN_POINT('Ctrl Pts',(1872.54433989525,-1045.,1705.60028076172));
#16200=CARTESIAN_POINT('Ctrl Pts',(1868.79263281822,-1048.,1699.82265472412));
#16201=CARTESIAN_POINT('Ctrl Pts',(1868.79263281822,-1045.,1699.82265472412));
#16202=CARTESIAN_POINT('Ctrl Pts',(1868.79263281822,-1048.,1692.76943206787));
#16203=CARTESIAN_POINT('Ctrl Pts',(1868.79263281822,-1045.,1692.76943206787));
#16204=CARTESIAN_POINT('',(1872.54433989525,-1048.,1705.60028076172));
#16205=CARTESIAN_POINT('Ctrl Pts',(1872.54433989525,-1048.,1705.60028076172));
#16206=CARTESIAN_POINT('Ctrl Pts',(1868.79263281822,-1048.,1699.82265472412));
#16207=CARTESIAN_POINT('Ctrl Pts',(1868.79263281822,-1048.,1692.76943206787));
#16208=CARTESIAN_POINT('',(1872.54433989525,-1045.,1705.60028076172));
#16209=CARTESIAN_POINT('Ctrl Pts',(1872.54433989525,-1045.,1705.60028076172));
#16210=CARTESIAN_POINT('Ctrl Pts',(1868.79263281822,-1045.,1699.82265472412));
#16211=CARTESIAN_POINT('Ctrl Pts',(1868.79263281822,-1045.,1692.76943206787));
#16212=CARTESIAN_POINT('',(1872.54433989525,-1048.,1705.60028076172));
#16213=CARTESIAN_POINT('Ctrl Pts',(1883.19918036461,-1048.,1714.37927246094));
#16214=CARTESIAN_POINT('Ctrl Pts',(1883.19918036461,-1045.,1714.37927246094));
#16215=CARTESIAN_POINT('Ctrl Pts',(1876.29603743553,-1048.,1711.37790679932));
#16216=CARTESIAN_POINT('Ctrl Pts',(1876.29603743553,-1045.,1711.37790679932));
#16217=CARTESIAN_POINT('Ctrl Pts',(1872.54433989525,-1048.,1705.60028076172));
#16218=CARTESIAN_POINT('Ctrl Pts',(1872.54433989525,-1045.,1705.60028076172));
#16219=CARTESIAN_POINT('',(1883.19918036461,-1048.,1714.37927246094));
#16220=CARTESIAN_POINT('Ctrl Pts',(1883.19918036461,-1048.,1714.37927246094));
#16221=CARTESIAN_POINT('Ctrl Pts',(1876.29603743553,-1048.,1711.37790679932));
#16222=CARTESIAN_POINT('Ctrl Pts',(1872.54433989525,-1048.,1705.60028076172));
#16223=CARTESIAN_POINT('',(1883.19918036461,-1045.,1714.37927246094));
#16224=CARTESIAN_POINT('Ctrl Pts',(1883.19918036461,-1045.,1714.37927246094));
#16225=CARTESIAN_POINT('Ctrl Pts',(1876.29603743553,-1045.,1711.37790679932));
#16226=CARTESIAN_POINT('Ctrl Pts',(1872.54433989525,-1045.,1705.60028076172));
#16227=CARTESIAN_POINT('',(1883.19918036461,-1048.,1714.37927246094));
#16228=CARTESIAN_POINT('Ctrl Pts',(1906.75988554955,-1048.,1719.78172302246));
#16229=CARTESIAN_POINT('Ctrl Pts',(1906.75988554955,-1045.,1719.78172302246));
#16230=CARTESIAN_POINT('Ctrl Pts',(1890.10232329369,-1048.,1717.38063812256));
#16231=CARTESIAN_POINT('Ctrl Pts',(1890.10232329369,-1045.,1717.38063812256));
#16232=CARTESIAN_POINT('Ctrl Pts',(1883.19918036461,-1048.,1714.37927246094));
#16233=CARTESIAN_POINT('Ctrl Pts',(1883.19918036461,-1045.,1714.37927246094));
#16234=CARTESIAN_POINT('',(1906.75988554955,-1048.,1719.78172302246));
#16235=CARTESIAN_POINT('Ctrl Pts',(1906.75988554955,-1048.,1719.78172302246));
#16236=CARTESIAN_POINT('Ctrl Pts',(1890.10232329369,-1048.,1717.38063812256));
#16237=CARTESIAN_POINT('Ctrl Pts',(1883.19918036461,-1048.,1714.37927246094));
#16238=CARTESIAN_POINT('',(1906.75988554955,-1045.,1719.78172302246));
#16239=CARTESIAN_POINT('Ctrl Pts',(1906.75988554955,-1045.,1719.78172302246));
#16240=CARTESIAN_POINT('Ctrl Pts',(1890.10232329369,-1045.,1717.38063812256));
#16241=CARTESIAN_POINT('Ctrl Pts',(1883.19918036461,-1045.,1714.37927246094));
#16242=CARTESIAN_POINT('',(1906.75988554955,-1048.,1719.78172302246));
#16243=CARTESIAN_POINT('Ctrl Pts',(1950.87994933128,-1048.,1729.98636245728));
#16244=CARTESIAN_POINT('Ctrl Pts',(1950.87994933128,-1045.,1729.98636245728));
#16245=CARTESIAN_POINT('Ctrl Pts',(1936.17326140404,-1048.,1723.98363113403));
#16246=CARTESIAN_POINT('Ctrl Pts',(1936.17326140404,-1045.,1723.98363113403));
#16247=CARTESIAN_POINT('Ctrl Pts',(1906.75988554955,-1048.,1719.78172302246));
#16248=CARTESIAN_POINT('Ctrl Pts',(1906.75988554955,-1045.,1719.78172302246));
#16249=CARTESIAN_POINT('Ctrl Pts',(1950.87994933128,-1048.,1729.98636245728));
#16250=CARTESIAN_POINT('Ctrl Pts',(1936.17326140404,-1048.,1723.98363113403));
#16251=CARTESIAN_POINT('Ctrl Pts',(1906.75988554955,-1048.,1719.78172302246));
#16252=CARTESIAN_POINT('Ctrl Pts',(1950.87994933128,-1045.,1729.98636245728));
#16253=CARTESIAN_POINT('Ctrl Pts',(1936.17326140404,-1045.,1723.98363113403));
#16254=CARTESIAN_POINT('Ctrl Pts',(1906.75988554955,-1045.,1719.78172302246));
#16255=CARTESIAN_POINT('Ctrl Pts',(1958.53343367577,-1048.,1650.));
#16256=CARTESIAN_POINT('Ctrl Pts',(1958.53343367577,-1045.,1650.));
#16257=CARTESIAN_POINT('Ctrl Pts',(1954.33150649071,-1048.,1658.40381622314));
#16258=CARTESIAN_POINT('Ctrl Pts',(1954.33150649071,-1045.,1658.40381622314));
#16259=CARTESIAN_POINT('Ctrl Pts',(1953.13098311424,-1048.,1669.65892791748));
#16260=CARTESIAN_POINT('Ctrl Pts',(1953.13098311424,-1045.,1669.65892791748));
#16261=CARTESIAN_POINT('',(1958.53343367577,-1048.,1650.));
#16262=CARTESIAN_POINT('',(1953.13098311424,-1048.,1669.65892791748));
#16263=CARTESIAN_POINT('Ctrl Pts',(1958.53343367577,-1048.,1650.));
#16264=CARTESIAN_POINT('Ctrl Pts',(1954.33150649071,-1048.,1658.40381622314));
#16265=CARTESIAN_POINT('Ctrl Pts',(1953.13098311424,-1048.,1669.65892791748));
#16266=CARTESIAN_POINT('',(1953.13098311424,-1045.,1669.65892791748));
#16267=CARTESIAN_POINT('',(1953.13098311424,-1048.,1669.65892791748));
#16268=CARTESIAN_POINT('',(1958.53343367577,-1045.,1650.));
#16269=CARTESIAN_POINT('Ctrl Pts',(1958.53343367577,-1045.,1650.));
#16270=CARTESIAN_POINT('Ctrl Pts',(1954.33150649071,-1045.,1658.40381622314));
#16271=CARTESIAN_POINT('Ctrl Pts',(1953.13098311424,-1045.,1669.65892791748));
#16272=CARTESIAN_POINT('',(1958.53343367577,-1048.,1650.));
#16273=CARTESIAN_POINT('Origin',(1986.74624800682,-1048.,1650.));
#16274=CARTESIAN_POINT('',(1986.74624800682,-1048.,1650.));
#16275=CARTESIAN_POINT('',(1986.74624800682,-1048.,1650.));
#16276=CARTESIAN_POINT('',(1986.74624800682,-1045.,1650.));
#16277=CARTESIAN_POINT('',(1986.74624800682,-1045.,1650.));
#16278=CARTESIAN_POINT('',(1986.74624800682,-1048.,1650.));
#16279=CARTESIAN_POINT('Ctrl Pts',(1979.9181497097,-1048.,1669.13370132446));
#16280=CARTESIAN_POINT('Ctrl Pts',(1979.9181497097,-1045.,1669.13370132446));
#16281=CARTESIAN_POINT('Ctrl Pts',(1981.64393782616,-1048.,1659.15416717529));
#16282=CARTESIAN_POINT('Ctrl Pts',(1981.64393782616,-1045.,1659.15416717529));
#16283=CARTESIAN_POINT('Ctrl Pts',(1986.74624800682,-1048.,1650.));
#16284=CARTESIAN_POINT('Ctrl Pts',(1986.74624800682,-1045.,1650.));
#16285=CARTESIAN_POINT('',(1979.9181497097,-1048.,1669.13370132446));
#16286=CARTESIAN_POINT('Ctrl Pts',(1979.9181497097,-1048.,1669.13370132446));
#16287=CARTESIAN_POINT('Ctrl Pts',(1981.64393782616,-1048.,1659.15416717529));
#16288=CARTESIAN_POINT('Ctrl Pts',(1986.74624800682,-1048.,1650.));
#16289=CARTESIAN_POINT('',(1979.9181497097,-1045.,1669.13370132446));
#16290=CARTESIAN_POINT('Ctrl Pts',(1979.9181497097,-1045.,1669.13370132446));
#16291=CARTESIAN_POINT('Ctrl Pts',(1981.64393782616,-1045.,1659.15416717529));
#16292=CARTESIAN_POINT('Ctrl Pts',(1986.74624800682,-1045.,1650.));
#16293=CARTESIAN_POINT('',(1979.9181497097,-1048.,1669.13370132446));
#16294=CARTESIAN_POINT('Ctrl Pts',(1978.19236159325,-1048.,1716.78035736084));
#16295=CARTESIAN_POINT('Ctrl Pts',(1978.19236159325,-1045.,1716.78035736084));
#16296=CARTESIAN_POINT('Ctrl Pts',(1978.19236159325,-1048.,1679.11323547363));
#16297=CARTESIAN_POINT('Ctrl Pts',(1978.19236159325,-1045.,1679.11323547363));
#16298=CARTESIAN_POINT('Ctrl Pts',(1979.9181497097,-1048.,1669.13370132446));
#16299=CARTESIAN_POINT('Ctrl Pts',(1979.9181497097,-1045.,1669.13370132446));
#16300=CARTESIAN_POINT('',(1978.19236159325,-1048.,1716.78035736084));
#16301=CARTESIAN_POINT('Ctrl Pts',(1978.19236159325,-1048.,1716.78035736084));
#16302=CARTESIAN_POINT('Ctrl Pts',(1978.19236159325,-1048.,1679.11323547363));
#16303=CARTESIAN_POINT('Ctrl Pts',(1979.9181497097,-1048.,1669.13370132446));
#16304=CARTESIAN_POINT('',(1978.19236159325,-1045.,1716.78035736084));
#16305=CARTESIAN_POINT('Ctrl Pts',(1978.19236159325,-1045.,1716.78035736084));
#16306=CARTESIAN_POINT('Ctrl Pts',(1978.19236159325,-1045.,1679.11323547363));
#16307=CARTESIAN_POINT('Ctrl Pts',(1979.9181497097,-1045.,1669.13370132446));
#16308=CARTESIAN_POINT('',(1978.19236159325,-1048.,1716.78035736084));
#16309=CARTESIAN_POINT('Origin',(1978.19236159325,-1048.,1752.79672622681));
#16310=CARTESIAN_POINT('',(1978.19236159325,-1048.,1752.79672622681));
#16311=CARTESIAN_POINT('',(1978.19236159325,-1048.,1752.79672622681));
#16312=CARTESIAN_POINT('',(1978.19236159325,-1045.,1752.79672622681));
#16313=CARTESIAN_POINT('',(1978.19236159325,-1045.,1752.79672622681));
#16314=CARTESIAN_POINT('',(1978.19236159325,-1048.,1752.79672622681));
#16315=CARTESIAN_POINT('Ctrl Pts',(1976.84174895287,-1048.,1777.70805358887));
#16316=CARTESIAN_POINT('Ctrl Pts',(1976.84174895287,-1045.,1777.70805358887));
#16317=CARTESIAN_POINT('Ctrl Pts',(1978.19236159325,-1048.,1770.80490112305));
#16318=CARTESIAN_POINT('Ctrl Pts',(1978.19236159325,-1045.,1770.80490112305));
#16319=CARTESIAN_POINT('Ctrl Pts',(1978.19236159325,-1048.,1752.79672622681));
#16320=CARTESIAN_POINT('Ctrl Pts',(1978.19236159325,-1045.,1752.79672622681));
#16321=CARTESIAN_POINT('',(1976.84174895287,-1048.,1777.70805358887));
#16322=CARTESIAN_POINT('Ctrl Pts',(1976.84174895287,-1048.,1777.70805358887));
#16323=CARTESIAN_POINT('Ctrl Pts',(1978.19236159325,-1048.,1770.80490112305));
#16324=CARTESIAN_POINT('Ctrl Pts',(1978.19236159325,-1048.,1752.79672622681));
#16325=CARTESIAN_POINT('',(1976.84174895287,-1045.,1777.70805358887));
#16326=CARTESIAN_POINT('Ctrl Pts',(1976.84174895287,-1045.,1777.70805358887));
#16327=CARTESIAN_POINT('Ctrl Pts',(1978.19236159325,-1045.,1770.80490112305));
#16328=CARTESIAN_POINT('Ctrl Pts',(1978.19236159325,-1045.,1752.79672622681));
#16329=CARTESIAN_POINT('',(1976.84174895287,-1048.,1777.70805358887));
#16330=CARTESIAN_POINT('Ctrl Pts',(1968.43793272972,-1048.,1796.09140396118));
#16331=CARTESIAN_POINT('Ctrl Pts',(1968.43793272972,-1045.,1796.09140396118));
#16332=CARTESIAN_POINT('Ctrl Pts',(1974.44064497948,-1048.,1788.81309509277));
#16333=CARTESIAN_POINT('Ctrl Pts',(1974.44064497948,-1045.,1788.81309509277));
#16334=CARTESIAN_POINT('Ctrl Pts',(1976.84174895287,-1048.,1777.70805358887));
#16335=CARTESIAN_POINT('Ctrl Pts',(1976.84174895287,-1045.,1777.70805358887));
#16336=CARTESIAN_POINT('',(1968.43793272972,-1048.,1796.09140396118));
#16337=CARTESIAN_POINT('Ctrl Pts',(1968.43793272972,-1048.,1796.09140396118));
#16338=CARTESIAN_POINT('Ctrl Pts',(1974.44064497948,-1048.,1788.81309509277));
#16339=CARTESIAN_POINT('Ctrl Pts',(1976.84174895287,-1048.,1777.70805358887));
#16340=CARTESIAN_POINT('',(1968.43793272972,-1045.,1796.09140396118));
#16341=CARTESIAN_POINT('Ctrl Pts',(1968.43793272972,-1045.,1796.09140396118));
#16342=CARTESIAN_POINT('Ctrl Pts',(1974.44064497948,-1045.,1788.81309509277));
#16343=CARTESIAN_POINT('Ctrl Pts',(1976.84174895287,-1045.,1777.70805358887));
#16344=CARTESIAN_POINT('',(1968.43793272972,-1048.,1796.09140396118));
#16345=CARTESIAN_POINT('Ctrl Pts',(1949.67940688133,-1048.,1808.17188262939));
#16346=CARTESIAN_POINT('Ctrl Pts',(1949.67940688133,-1045.,1808.17188262939));
#16347=CARTESIAN_POINT('Ctrl Pts',(1962.43520140648,-1048.,1803.36971282959));
#16348=CARTESIAN_POINT('Ctrl Pts',(1962.43520140648,-1045.,1803.36971282959));
#16349=CARTESIAN_POINT('Ctrl Pts',(1968.43793272972,-1048.,1796.09140396118));
#16350=CARTESIAN_POINT('Ctrl Pts',(1968.43793272972,-1045.,1796.09140396118));
#16351=CARTESIAN_POINT('',(1949.67940688133,-1048.,1808.17188262939));
#16352=CARTESIAN_POINT('Ctrl Pts',(1949.67940688133,-1048.,1808.17188262939));
#16353=CARTESIAN_POINT('Ctrl Pts',(1962.43520140648,-1048.,1803.36971282959));
#16354=CARTESIAN_POINT('Ctrl Pts',(1968.43793272972,-1048.,1796.09140396118));
#16355=CARTESIAN_POINT('',(1949.67940688133,-1045.,1808.17188262939));
#16356=CARTESIAN_POINT('Ctrl Pts',(1949.67940688133,-1045.,1808.17188262939));
#16357=CARTESIAN_POINT('Ctrl Pts',(1962.43520140648,-1045.,1803.36971282959));
#16358=CARTESIAN_POINT('Ctrl Pts',(1968.43793272972,-1045.,1796.09140396118));
#16359=CARTESIAN_POINT('',(1949.67940688133,-1048.,1808.17188262939));
#16360=CARTESIAN_POINT('Ctrl Pts',(1916.51432394981,-1048.,1812.97407150269));
#16361=CARTESIAN_POINT('Ctrl Pts',(1916.51432394981,-1045.,1812.97407150269));
#16362=CARTESIAN_POINT('Ctrl Pts',(1936.92360281944,-1048.,1812.97407150269));
#16363=CARTESIAN_POINT('Ctrl Pts',(1936.92360281944,-1045.,1812.97407150269));
#16364=CARTESIAN_POINT('Ctrl Pts',(1949.67940688133,-1048.,1808.17188262939));
#16365=CARTESIAN_POINT('Ctrl Pts',(1949.67940688133,-1045.,1808.17188262939));
#16366=CARTESIAN_POINT('',(1916.51432394981,-1048.,1812.97407150269));
#16367=CARTESIAN_POINT('Ctrl Pts',(1916.51432394981,-1048.,1812.97407150269));
#16368=CARTESIAN_POINT('Ctrl Pts',(1936.92360281944,-1048.,1812.97407150269));
#16369=CARTESIAN_POINT('Ctrl Pts',(1949.67940688133,-1048.,1808.17188262939));
#16370=CARTESIAN_POINT('',(1916.51432394981,-1045.,1812.97407150269));
#16371=CARTESIAN_POINT('Ctrl Pts',(1916.51432394981,-1045.,1812.97407150269));
#16372=CARTESIAN_POINT('Ctrl Pts',(1936.92360281944,-1045.,1812.97407150269));
#16373=CARTESIAN_POINT('Ctrl Pts',(1949.67940688133,-1045.,1808.17188262939));
#16374=CARTESIAN_POINT('',(1916.51432394981,-1048.,1812.97407150269));
#16375=CARTESIAN_POINT('Ctrl Pts',(1880.34788489342,-1048.,1807.346534729));
#16376=CARTESIAN_POINT('Ctrl Pts',(1880.34788489342,-1045.,1807.346534729));
#16377=CARTESIAN_POINT('Ctrl Pts',(1895.9549844265,-1048.,1812.97407150269));
#16378=CARTESIAN_POINT('Ctrl Pts',(1895.9549844265,-1045.,1812.97407150269));
#16379=CARTESIAN_POINT('Ctrl Pts',(1916.51432394981,-1048.,1812.97407150269));
#16380=CARTESIAN_POINT('Ctrl Pts',(1916.51432394981,-1045.,1812.97407150269));
#16381=CARTESIAN_POINT('',(1880.34788489342,-1048.,1807.346534729));
#16382=CARTESIAN_POINT('Ctrl Pts',(1880.34788489342,-1048.,1807.346534729));
#16383=CARTESIAN_POINT('Ctrl Pts',(1895.9549844265,-1048.,1812.97407150269));
#16384=CARTESIAN_POINT('Ctrl Pts',(1916.51432394981,-1048.,1812.97407150269));
#16385=CARTESIAN_POINT('',(1880.34788489342,-1045.,1807.346534729));
#16386=CARTESIAN_POINT('Ctrl Pts',(1880.34788489342,-1045.,1807.346534729));
#16387=CARTESIAN_POINT('Ctrl Pts',(1895.9549844265,-1045.,1812.97407150269));
#16388=CARTESIAN_POINT('Ctrl Pts',(1916.51432394981,-1045.,1812.97407150269));
#16389=CARTESIAN_POINT('',(1880.34788489342,-1048.,1807.346534729));
#16390=CARTESIAN_POINT('Ctrl Pts',(1856.48703932762,-1048.,1791.28921508789));
#16391=CARTESIAN_POINT('Ctrl Pts',(1856.48703932762,-1045.,1791.28921508789));
#16392=CARTESIAN_POINT('Ctrl Pts',(1864.74079012871,-1048.,1801.71897888184));
#16393=CARTESIAN_POINT('Ctrl Pts',(1864.74079012871,-1045.,1801.71897888184));
#16394=CARTESIAN_POINT('Ctrl Pts',(1880.34788489342,-1048.,1807.346534729));
#16395=CARTESIAN_POINT('Ctrl Pts',(1880.34788489342,-1045.,1807.346534729));
#16396=CARTESIAN_POINT('',(1856.48703932762,-1048.,1791.28921508789));
#16397=CARTESIAN_POINT('Ctrl Pts',(1856.48703932762,-1048.,1791.28921508789));
#16398=CARTESIAN_POINT('Ctrl Pts',(1864.74079012871,-1048.,1801.71897888184));
#16399=CARTESIAN_POINT('Ctrl Pts',(1880.34788489342,-1048.,1807.346534729));
#16400=CARTESIAN_POINT('',(1856.48703932762,-1045.,1791.28921508789));
#16401=CARTESIAN_POINT('Ctrl Pts',(1856.48703932762,-1045.,1791.28921508789));
#16402=CARTESIAN_POINT('Ctrl Pts',(1864.74079012871,-1045.,1801.71897888184));
#16403=CARTESIAN_POINT('Ctrl Pts',(1880.34788489342,-1045.,1807.346534729));
#16404=CARTESIAN_POINT('',(1856.48703932762,-1048.,1791.28921508789));
#16405=CARTESIAN_POINT('Ctrl Pts',(1844.63164687157,-1048.,1763.9017868042));
#16406=CARTESIAN_POINT('Ctrl Pts',(1844.63164687157,-1045.,1763.9017868042));
#16407=CARTESIAN_POINT('Ctrl Pts',(1848.23328375816,-1048.,1780.85948944092));
#16408=CARTESIAN_POINT('Ctrl Pts',(1848.23328375816,-1045.,1780.85948944092));
#16409=CARTESIAN_POINT('Ctrl Pts',(1856.48703932762,-1048.,1791.28921508789));
#16410=CARTESIAN_POINT('Ctrl Pts',(1856.48703932762,-1045.,1791.28921508789));
#16411=CARTESIAN_POINT('',(1844.63164687157,-1048.,1763.9017868042));
#16412=CARTESIAN_POINT('Ctrl Pts',(1844.63164687157,-1048.,1763.9017868042));
#16413=CARTESIAN_POINT('Ctrl Pts',(1848.23328375816,-1048.,1780.85948944092));
#16414=CARTESIAN_POINT('Ctrl Pts',(1856.48703932762,-1048.,1791.28921508789));
#16415=CARTESIAN_POINT('',(1844.63164687157,-1045.,1763.9017868042));
#16416=CARTESIAN_POINT('Ctrl Pts',(1844.63164687157,-1045.,1763.9017868042));
#16417=CARTESIAN_POINT('Ctrl Pts',(1848.23328375816,-1045.,1780.85948944092));
#16418=CARTESIAN_POINT('Ctrl Pts',(1856.48703932762,-1045.,1791.28921508789));
#16419=CARTESIAN_POINT('',(1844.63164687157,-1048.,1763.9017868042));
#16420=CARTESIAN_POINT('Origin',(1871.04365706444,-1048.,1760.30014038086));
#16421=CARTESIAN_POINT('',(1871.04365706444,-1048.,1760.30014038086));
#16422=CARTESIAN_POINT('',(1871.04365706444,-1048.,1760.30014038086));
#16423=CARTESIAN_POINT('',(1871.04365706444,-1045.,1760.30014038086));
#16424=CARTESIAN_POINT('',(1871.04365706444,-1045.,1760.30014038086));
#16425=CARTESIAN_POINT('',(1871.04365706444,-1048.,1760.30014038086));
#16426=CARTESIAN_POINT('Ctrl Pts',(1884.47475790977,-1048.,1783.93589019775));
#16427=CARTESIAN_POINT('Ctrl Pts',(1884.47475790977,-1045.,1783.93589019775));
#16428=CARTESIAN_POINT('Ctrl Pts',(1875.39563536644,-1048.,1777.25784301758));
#16429=CARTESIAN_POINT('Ctrl Pts',(1875.39563536644,-1045.,1777.25784301758));
#16430=CARTESIAN_POINT('Ctrl Pts',(1871.04365706444,-1048.,1760.30014038086));
#16431=CARTESIAN_POINT('Ctrl Pts',(1871.04365706444,-1045.,1760.30014038086));
#16432=CARTESIAN_POINT('',(1884.47475790977,-1048.,1783.93589019775));
#16433=CARTESIAN_POINT('Ctrl Pts',(1884.47475790977,-1048.,1783.93589019775));
#16434=CARTESIAN_POINT('Ctrl Pts',(1875.39563536644,-1048.,1777.25784301758));
#16435=CARTESIAN_POINT('Ctrl Pts',(1871.04365706444,-1048.,1760.30014038086));
#16436=CARTESIAN_POINT('',(1884.47475790977,-1045.,1783.93589019775));
#16437=CARTESIAN_POINT('Ctrl Pts',(1884.47475790977,-1045.,1783.93589019775));
#16438=CARTESIAN_POINT('Ctrl Pts',(1875.39563536644,-1045.,1777.25784301758));
#16439=CARTESIAN_POINT('Ctrl Pts',(1871.04365706444,-1045.,1760.30014038086));
#16440=CARTESIAN_POINT('',(1884.47475790977,-1048.,1783.93589019775));
#16441=CARTESIAN_POINT('Ctrl Pts',(1912.6125562191,-1048.,1790.61391830444));
#16442=CARTESIAN_POINT('Ctrl Pts',(1912.6125562191,-1045.,1790.61391830444));
#16443=CARTESIAN_POINT('Ctrl Pts',(1893.55388045311,-1048.,1790.61391830444));
#16444=CARTESIAN_POINT('Ctrl Pts',(1893.55388045311,-1045.,1790.61391830444));
#16445=CARTESIAN_POINT('Ctrl Pts',(1884.47475790977,-1048.,1783.93589019775));
#16446=CARTESIAN_POINT('Ctrl Pts',(1884.47475790977,-1045.,1783.93589019775));
#16447=CARTESIAN_POINT('',(1912.6125562191,-1048.,1790.61391830444));
#16448=CARTESIAN_POINT('Ctrl Pts',(1912.6125562191,-1048.,1790.61391830444));
#16449=CARTESIAN_POINT('Ctrl Pts',(1893.55388045311,-1048.,1790.61391830444));
#16450=CARTESIAN_POINT('Ctrl Pts',(1884.47475790977,-1048.,1783.93589019775));
#16451=CARTESIAN_POINT('',(1912.6125562191,-1045.,1790.61391830444));
#16452=CARTESIAN_POINT('Ctrl Pts',(1912.6125562191,-1045.,1790.61391830444));
#16453=CARTESIAN_POINT('Ctrl Pts',(1893.55388045311,-1045.,1790.61391830444));
#16454=CARTESIAN_POINT('Ctrl Pts',(1884.47475790977,-1045.,1783.93589019775));
#16455=CARTESIAN_POINT('',(1912.6125562191,-1048.,1790.61391830444));
#16456=CARTESIAN_POINT('Ctrl Pts',(1943.37653517723,-1048.,1781.45977020264));
#16457=CARTESIAN_POINT('Ctrl Pts',(1943.37653517723,-1045.,1781.45977020264));
#16458=CARTESIAN_POINT('Ctrl Pts',(1933.02183508873,-1048.,1790.61391830444));
#16459=CARTESIAN_POINT('Ctrl Pts',(1933.02183508873,-1045.,1790.61391830444));
#16460=CARTESIAN_POINT('Ctrl Pts',(1912.6125562191,-1048.,1790.61391830444));
#16461=CARTESIAN_POINT('Ctrl Pts',(1912.6125562191,-1045.,1790.61391830444));
#16462=CARTESIAN_POINT('',(1943.37653517723,-1048.,1781.45977020264));
#16463=CARTESIAN_POINT('Ctrl Pts',(1943.37653517723,-1048.,1781.45977020264));
#16464=CARTESIAN_POINT('Ctrl Pts',(1933.02183508873,-1048.,1790.61391830444));
#16465=CARTESIAN_POINT('Ctrl Pts',(1912.6125562191,-1048.,1790.61391830444));
#16466=CARTESIAN_POINT('',(1943.37653517723,-1045.,1781.45977020264));
#16467=CARTESIAN_POINT('Ctrl Pts',(1943.37653517723,-1045.,1781.45977020264));
#16468=CARTESIAN_POINT('Ctrl Pts',(1933.02183508873,-1045.,1790.61391830444));
#16469=CARTESIAN_POINT('Ctrl Pts',(1912.6125562191,-1045.,1790.61391830444));
#16470=CARTESIAN_POINT('',(1943.37653517723,-1048.,1781.45977020264));
#16471=CARTESIAN_POINT('Ctrl Pts',(1951.03001952171,-1048.,1758.19919586182));
#16472=CARTESIAN_POINT('Ctrl Pts',(1951.03001952171,-1045.,1758.19919586182));
#16473=CARTESIAN_POINT('Ctrl Pts',(1951.03001952171,-1048.,1774.70668792725));
#16474=CARTESIAN_POINT('Ctrl Pts',(1951.03001952171,-1045.,1774.70668792725));
#16475=CARTESIAN_POINT('Ctrl Pts',(1943.37653517723,-1048.,1781.45977020264));
#16476=CARTESIAN_POINT('Ctrl Pts',(1943.37653517723,-1045.,1781.45977020264));
#16477=CARTESIAN_POINT('',(1951.03001952171,-1048.,1758.19919586182));
#16478=CARTESIAN_POINT('Ctrl Pts',(1951.03001952171,-1048.,1758.19919586182));
#16479=CARTESIAN_POINT('Ctrl Pts',(1951.03001952171,-1048.,1774.70668792725));
#16480=CARTESIAN_POINT('Ctrl Pts',(1943.37653517723,-1048.,1781.45977020264));
#16481=CARTESIAN_POINT('',(1951.03001952171,-1045.,1758.19919586182));
#16482=CARTESIAN_POINT('Ctrl Pts',(1951.03001952171,-1045.,1758.19919586182));
#16483=CARTESIAN_POINT('Ctrl Pts',(1951.03001952171,-1045.,1774.70668792725));
#16484=CARTESIAN_POINT('Ctrl Pts',(1943.37653517723,-1045.,1781.45977020264));
#16485=CARTESIAN_POINT('',(1951.03001952171,-1048.,1758.19919586182));
#16486=CARTESIAN_POINT('Ctrl Pts',(1950.87994933128,-1048.,1751.14597320557));
#16487=CARTESIAN_POINT('Ctrl Pts',(1950.87994933128,-1045.,1751.14597320557));
#16488=CARTESIAN_POINT('Ctrl Pts',(1951.03001952171,-1048.,1756.69849395752));
#16489=CARTESIAN_POINT('Ctrl Pts',(1951.03001952171,-1045.,1756.69849395752));
#16490=CARTESIAN_POINT('Ctrl Pts',(1951.03001952171,-1048.,1758.19919586182));
#16491=CARTESIAN_POINT('Ctrl Pts',(1951.03001952171,-1045.,1758.19919586182));
#16492=CARTESIAN_POINT('',(1950.87994933128,-1048.,1751.14597320557));
#16493=CARTESIAN_POINT('Ctrl Pts',(1950.87994933128,-1048.,1751.14597320557));
#16494=CARTESIAN_POINT('Ctrl Pts',(1951.03001952171,-1048.,1756.69849395752));
#16495=CARTESIAN_POINT('Ctrl Pts',(1951.03001952171,-1048.,1758.19919586182));
#16496=CARTESIAN_POINT('',(1950.87994933128,-1045.,1751.14597320557));
#16497=CARTESIAN_POINT('Ctrl Pts',(1950.87994933128,-1045.,1751.14597320557));
#16498=CARTESIAN_POINT('Ctrl Pts',(1951.03001952171,-1045.,1756.69849395752));
#16499=CARTESIAN_POINT('Ctrl Pts',(1951.03001952171,-1045.,1758.19919586182));
#16500=CARTESIAN_POINT('',(1950.87994933128,-1048.,1751.14597320557));
#16501=CARTESIAN_POINT('Ctrl Pts',(1902.7080476284,-1048.,1741.84173583984));
#16502=CARTESIAN_POINT('Ctrl Pts',(1902.7080476284,-1045.,1741.84173583984));
#16503=CARTESIAN_POINT('Ctrl Pts',(1935.42291998863,-1048.,1745.74352264404));
#16504=CARTESIAN_POINT('Ctrl Pts',(1935.42291998863,-1045.,1745.74352264404));
#16505=CARTESIAN_POINT('Ctrl Pts',(1950.87994933128,-1048.,1751.14597320557));
#16506=CARTESIAN_POINT('Ctrl Pts',(1950.87994933128,-1045.,1751.14597320557));
#16507=CARTESIAN_POINT('',(1902.7080476284,-1048.,1741.84173583984));
#16508=CARTESIAN_POINT('Ctrl Pts',(1902.7080476284,-1048.,1741.84173583984));
#16509=CARTESIAN_POINT('Ctrl Pts',(1935.42291998863,-1048.,1745.74352264404));
#16510=CARTESIAN_POINT('Ctrl Pts',(1950.87994933128,-1048.,1751.14597320557));
#16511=CARTESIAN_POINT('',(1902.7080476284,-1045.,1741.84173583984));
#16512=CARTESIAN_POINT('Ctrl Pts',(1902.7080476284,-1045.,1741.84173583984));
#16513=CARTESIAN_POINT('Ctrl Pts',(1935.42291998863,-1045.,1745.74352264404));
#16514=CARTESIAN_POINT('Ctrl Pts',(1950.87994933128,-1045.,1751.14597320557));
#16515=CARTESIAN_POINT('',(1902.7080476284,-1048.,1741.84173583984));
#16516=CARTESIAN_POINT('Ctrl Pts',(1878.69713187218,-1048.,1737.78991699219));
#16517=CARTESIAN_POINT('Ctrl Pts',(1878.69713187218,-1045.,1737.78991699219));
#16518=CARTESIAN_POINT('Ctrl Pts',(1886.65074706078,-1048.,1739.89086151123));
#16519=CARTESIAN_POINT('Ctrl Pts',(1886.65074706078,-1045.,1739.89086151123));
#16520=CARTESIAN_POINT('Ctrl Pts',(1902.7080476284,-1048.,1741.84173583984));
#16521=CARTESIAN_POINT('Ctrl Pts',(1902.7080476284,-1045.,1741.84173583984));
#16522=CARTESIAN_POINT('',(1878.69713187218,-1048.,1737.78991699219));
#16523=CARTESIAN_POINT('Ctrl Pts',(1878.69713187218,-1048.,1737.78991699219));
#16524=CARTESIAN_POINT('Ctrl Pts',(1886.65074706078,-1048.,1739.89086151123));
#16525=CARTESIAN_POINT('Ctrl Pts',(1902.7080476284,-1048.,1741.84173583984));
#16526=CARTESIAN_POINT('',(1878.69713187218,-1045.,1737.78991699219));
#16527=CARTESIAN_POINT('Ctrl Pts',(1878.69713187218,-1045.,1737.78991699219));
#16528=CARTESIAN_POINT('Ctrl Pts',(1886.65074706078,-1045.,1739.89086151123));
#16529=CARTESIAN_POINT('Ctrl Pts',(1902.7080476284,-1045.,1741.84173583984));
#16530=CARTESIAN_POINT('',(1878.69713187218,-1048.,1737.78991699219));
#16531=CARTESIAN_POINT('Ctrl Pts',(1859.2632997036,-1048.,1728.93589019775));
#16532=CARTESIAN_POINT('Ctrl Pts',(1859.2632997036,-1045.,1728.93589019775));
#16533=CARTESIAN_POINT('Ctrl Pts',(1867.89222121239,-1048.,1734.78855133057));
#16534=CARTESIAN_POINT('Ctrl Pts',(1867.89222121239,-1045.,1734.78855133057));
#16535=CARTESIAN_POINT('Ctrl Pts',(1878.69713187218,-1048.,1737.78991699219));
#16536=CARTESIAN_POINT('Ctrl Pts',(1878.69713187218,-1045.,1737.78991699219));
#16537=CARTESIAN_POINT('',(1859.2632997036,-1048.,1728.93589019775));
#16538=CARTESIAN_POINT('Ctrl Pts',(1859.2632997036,-1048.,1728.93589019775));
#16539=CARTESIAN_POINT('Ctrl Pts',(1867.89222121239,-1048.,1734.78855133057));
#16540=CARTESIAN_POINT('Ctrl Pts',(1878.69713187218,-1048.,1737.78991699219));
#16541=CARTESIAN_POINT('',(1859.2632997036,-1045.,1728.93589019775));
#16542=CARTESIAN_POINT('Ctrl Pts',(1859.2632997036,-1045.,1728.93589019775));
#16543=CARTESIAN_POINT('Ctrl Pts',(1867.89222121239,-1045.,1734.78855133057));
#16544=CARTESIAN_POINT('Ctrl Pts',(1878.69713187218,-1045.,1737.78991699219));
#16545=CARTESIAN_POINT('',(1859.2632997036,-1048.,1728.93589019775));
#16546=CARTESIAN_POINT('Ctrl Pts',(1845.30695319176,-1048.,1713.40381622314));
#16547=CARTESIAN_POINT('Ctrl Pts',(1845.30695319176,-1045.,1713.40381622314));
#16548=CARTESIAN_POINT('Ctrl Pts',(1850.63437819481,-1048.,1723.08322906494));
#16549=CARTESIAN_POINT('Ctrl Pts',(1850.63437819481,-1045.,1723.08322906494));
#16550=CARTESIAN_POINT('Ctrl Pts',(1859.2632997036,-1048.,1728.93589019775));
#16551=CARTESIAN_POINT('Ctrl Pts',(1859.2632997036,-1045.,1728.93589019775));
#16552=CARTESIAN_POINT('',(1845.30695319176,-1048.,1713.40381622314));
#16553=CARTESIAN_POINT('Ctrl Pts',(1845.30695319176,-1048.,1713.40381622314));
#16554=CARTESIAN_POINT('Ctrl Pts',(1850.63437819481,-1048.,1723.08322906494));
#16555=CARTESIAN_POINT('Ctrl Pts',(1859.2632997036,-1048.,1728.93589019775));
#16556=CARTESIAN_POINT('',(1845.30695319176,-1045.,1713.40381622314));
#16557=CARTESIAN_POINT('Ctrl Pts',(1845.30695319176,-1045.,1713.40381622314));
#16558=CARTESIAN_POINT('Ctrl Pts',(1850.63437819481,-1045.,1723.08322906494));
#16559=CARTESIAN_POINT('Ctrl Pts',(1859.2632997036,-1045.,1728.93589019775));
#16560=CARTESIAN_POINT('',(1845.30695319176,-1048.,1713.40381622314));
#16561=CARTESIAN_POINT('Ctrl Pts',(1839.97953295708,-1048.,1692.01910018921));
#16562=CARTESIAN_POINT('Ctrl Pts',(1839.97953295708,-1045.,1692.01910018921));
#16563=CARTESIAN_POINT('Ctrl Pts',(1839.97953295708,-1048.,1703.72442245483));
#16564=CARTESIAN_POINT('Ctrl Pts',(1839.97953295708,-1045.,1703.72442245483));
#16565=CARTESIAN_POINT('Ctrl Pts',(1845.30695319176,-1048.,1713.40381622314));
#16566=CARTESIAN_POINT('Ctrl Pts',(1845.30695319176,-1045.,1713.40381622314));
#16567=CARTESIAN_POINT('',(1839.97953295708,-1048.,1692.01910018921));
#16568=CARTESIAN_POINT('Ctrl Pts',(1839.97953295708,-1048.,1692.01910018921));
#16569=CARTESIAN_POINT('Ctrl Pts',(1839.97953295708,-1048.,1703.72442245483));
#16570=CARTESIAN_POINT('Ctrl Pts',(1845.30695319176,-1048.,1713.40381622314));
#16571=CARTESIAN_POINT('',(1839.97953295708,-1045.,1692.01910018921));
#16572=CARTESIAN_POINT('Ctrl Pts',(1839.97953295708,-1045.,1692.01910018921));
#16573=CARTESIAN_POINT('Ctrl Pts',(1839.97953295708,-1045.,1703.72442245483));
#16574=CARTESIAN_POINT('Ctrl Pts',(1845.30695319176,-1045.,1713.40381622314));
#16575=CARTESIAN_POINT('',(1839.97953295708,-1048.,1692.01910018921));
#16576=CARTESIAN_POINT('Ctrl Pts',(1854.08594489098,-1048.,1659.22920227051));
#16577=CARTESIAN_POINT('Ctrl Pts',(1854.08594489098,-1045.,1659.22920227051));
#16578=CARTESIAN_POINT('Ctrl Pts',(1839.97953295708,-1048.,1672.06003189087));
#16579=CARTESIAN_POINT('Ctrl Pts',(1839.97953295708,-1045.,1672.06003189087));
#16580=CARTESIAN_POINT('Ctrl Pts',(1839.97953295708,-1048.,1692.01910018921));
#16581=CARTESIAN_POINT('Ctrl Pts',(1839.97953295708,-1045.,1692.01910018921));
#16582=CARTESIAN_POINT('',(1854.08594489098,-1048.,1659.22920227051));
#16583=CARTESIAN_POINT('Ctrl Pts',(1854.08594489098,-1048.,1659.22920227051));
#16584=CARTESIAN_POINT('Ctrl Pts',(1839.97953295708,-1048.,1672.06003189087));
#16585=CARTESIAN_POINT('Ctrl Pts',(1839.97953295708,-1048.,1692.01910018921));
#16586=CARTESIAN_POINT('',(1854.08594489098,-1045.,1659.22920227051));
#16587=CARTESIAN_POINT('Ctrl Pts',(1854.08594489098,-1045.,1659.22920227051));
#16588=CARTESIAN_POINT('Ctrl Pts',(1839.97953295708,-1045.,1672.06003189087));
#16589=CARTESIAN_POINT('Ctrl Pts',(1839.97953295708,-1045.,1692.01910018921));
#16590=CARTESIAN_POINT('',(1854.08594489098,-1048.,1659.22920227051));
#16591=CARTESIAN_POINT('Ctrl Pts',(1894.45430159569,-1048.,1646.39835357666));
#16592=CARTESIAN_POINT('Ctrl Pts',(1894.45430159569,-1045.,1646.39835357666));
#16593=CARTESIAN_POINT('Ctrl Pts',(1868.19235682487,-1048.,1646.39835357666));
#16594=CARTESIAN_POINT('Ctrl Pts',(1868.19235682487,-1045.,1646.39835357666));
#16595=CARTESIAN_POINT('Ctrl Pts',(1854.08594489098,-1048.,1659.22920227051));
#16596=CARTESIAN_POINT('Ctrl Pts',(1854.08594489098,-1045.,1659.22920227051));
#16597=CARTESIAN_POINT('',(1894.45430159569,-1048.,1646.39835357666));
#16598=CARTESIAN_POINT('Ctrl Pts',(1894.45430159569,-1048.,1646.39835357666));
#16599=CARTESIAN_POINT('Ctrl Pts',(1868.19235682487,-1048.,1646.39835357666));
#16600=CARTESIAN_POINT('Ctrl Pts',(1854.08594489098,-1048.,1659.22920227051));
#16601=CARTESIAN_POINT('',(1894.45430159569,-1045.,1646.39835357666));
#16602=CARTESIAN_POINT('Ctrl Pts',(1894.45430159569,-1045.,1646.39835357666));
#16603=CARTESIAN_POINT('Ctrl Pts',(1868.19235682487,-1045.,1646.39835357666));
#16604=CARTESIAN_POINT('Ctrl Pts',(1854.08594489098,-1045.,1659.22920227051));
#16605=CARTESIAN_POINT('',(1894.45430159569,-1048.,1646.39835357666));
#16606=CARTESIAN_POINT('Ctrl Pts',(1924.24284338951,-1048.,1651.65073394775));
#16607=CARTESIAN_POINT('Ctrl Pts',(1924.24284338951,-1045.,1651.65073394775));
#16608=CARTESIAN_POINT('Ctrl Pts',(1910.36153197289,-1048.,1646.39835357666));
#16609=CARTESIAN_POINT('Ctrl Pts',(1910.36153197289,-1045.,1646.39835357666));
#16610=CARTESIAN_POINT('Ctrl Pts',(1894.45430159569,-1048.,1646.39835357666));
#16611=CARTESIAN_POINT('Ctrl Pts',(1894.45430159569,-1045.,1646.39835357666));
#16612=CARTESIAN_POINT('',(1924.24284338951,-1048.,1651.65073394775));
#16613=CARTESIAN_POINT('Ctrl Pts',(1924.24284338951,-1048.,1651.65073394775));
#16614=CARTESIAN_POINT('Ctrl Pts',(1910.36153197289,-1048.,1646.39835357666));
#16615=CARTESIAN_POINT('Ctrl Pts',(1894.45430159569,-1048.,1646.39835357666));
#16616=CARTESIAN_POINT('',(1924.24284338951,-1045.,1651.65073394775));
#16617=CARTESIAN_POINT('Ctrl Pts',(1924.24284338951,-1045.,1651.65073394775));
#16618=CARTESIAN_POINT('Ctrl Pts',(1910.36153197289,-1045.,1646.39835357666));
#16619=CARTESIAN_POINT('Ctrl Pts',(1894.45430159569,-1045.,1646.39835357666));
#16620=CARTESIAN_POINT('',(1924.24284338951,-1048.,1651.65073394775));
#16621=CARTESIAN_POINT('Ctrl Pts',(1953.13098311424,-1048.,1669.65892791748));
#16622=CARTESIAN_POINT('Ctrl Pts',(1953.13098311424,-1045.,1669.65892791748));
#16623=CARTESIAN_POINT('Ctrl Pts',(1938.12415480614,-1048.,1656.90315246582));
#16624=CARTESIAN_POINT('Ctrl Pts',(1938.12415480614,-1045.,1656.90315246582));
#16625=CARTESIAN_POINT('Ctrl Pts',(1924.24284338951,-1048.,1651.65073394775));
#16626=CARTESIAN_POINT('Ctrl Pts',(1924.24284338951,-1045.,1651.65073394775));
#16627=CARTESIAN_POINT('Ctrl Pts',(1953.13098311424,-1048.,1669.65892791748));
#16628=CARTESIAN_POINT('Ctrl Pts',(1938.12415480614,-1048.,1656.90315246582));
#16629=CARTESIAN_POINT('Ctrl Pts',(1924.24284338951,-1048.,1651.65073394775));
#16630=CARTESIAN_POINT('Ctrl Pts',(1953.13098311424,-1045.,1669.65892791748));
#16631=CARTESIAN_POINT('Ctrl Pts',(1938.12415480614,-1045.,1656.90315246582));
#16632=CARTESIAN_POINT('Ctrl Pts',(1924.24284338951,-1045.,1651.65073394775));
#16633=CARTESIAN_POINT('Origin',(2049.99998688698,-1045.,1758.19917678833));
#16634=CARTESIAN_POINT('Origin',(2049.99998688698,-1048.,1758.19917678833));
#16635=UNCERTAINTY_MEASURE_WITH_UNIT(LENGTH_MEASURE(0.01),#16639,
'DISTANCE_ACCURACY_VALUE',
'Maximum model space distance between geometric entities at asserted c
onnectivities');
#16636=UNCERTAINTY_MEASURE_WITH_UNIT(LENGTH_MEASURE(0.01),#16639,
'DISTANCE_ACCURACY_VALUE',
'Maximum model space distance between geometric entities at asserted c
onnectivities');
#16637=(
GEOMETRIC_REPRESENTATION_CONTEXT(3)
GLOBAL_UNCERTAINTY_ASSIGNED_CONTEXT((#16635))
GLOBAL_UNIT_ASSIGNED_CONTEXT((#16639,#16641,#16642))
REPRESENTATION_CONTEXT('','3D')
);
#16638=(
GEOMETRIC_REPRESENTATION_CONTEXT(3)
GLOBAL_UNCERTAINTY_ASSIGNED_CONTEXT((#16636))
GLOBAL_UNIT_ASSIGNED_CONTEXT((#16639,#16641,#16642))
REPRESENTATION_CONTEXT('','3D')
);
#16639=(
LENGTH_UNIT()
NAMED_UNIT(*)
SI_UNIT(.MILLI.,.METRE.)
);
#16640=(
LENGTH_UNIT()
NAMED_UNIT(*)
SI_UNIT($,.METRE.)
);
#16641=(
NAMED_UNIT(*)
PLANE_ANGLE_UNIT()
SI_UNIT($,.RADIAN.)
);
#16642=(
NAMED_UNIT(*)
SI_UNIT($,.STERADIAN.)
SOLID_ANGLE_UNIT()
);
#16643=SHAPE_DEFINITION_REPRESENTATION(#16644,#16645);
#16644=PRODUCT_DEFINITION_SHAPE('',$,#16647);
#16645=SHAPE_REPRESENTATION('',(#9389),#16637);
#16646=PRODUCT_DEFINITION_CONTEXT('part definition',#16651,'design');
#16647=PRODUCT_DEFINITION('2026-09-15-11-24-33-291','(Unsaved)',#16648,
#16646);
#16648=PRODUCT_DEFINITION_FORMATION('',$,#16653);
#16649=PRODUCT_RELATED_PRODUCT_CATEGORY('(Unsaved)','(Unsaved)',(#16653));
#16650=APPLICATION_PROTOCOL_DEFINITION('international standard',
'automotive_design',2009,#16651);
#16651=APPLICATION_CONTEXT(
'Core Data for Automotive Mechanical Design Process');
#16652=PRODUCT_CONTEXT('part definition',#16651,'mechanical');
#16653=PRODUCT('2026-09-15-11-24-33-291','(Unsaved)',$,(#16652));
#16654=PRESENTATION_STYLE_ASSIGNMENT((#16663));
#16655=PRESENTATION_STYLE_ASSIGNMENT((#16664));
#16656=PRESENTATION_STYLE_ASSIGNMENT((#16665));
#16657=PRESENTATION_STYLE_ASSIGNMENT((#16666));
#16658=PRESENTATION_STYLE_ASSIGNMENT((#16667));
#16659=PRESENTATION_STYLE_ASSIGNMENT((#16668));
#16660=PRESENTATION_STYLE_ASSIGNMENT((#16669));
#16661=PRESENTATION_STYLE_ASSIGNMENT((#16670));
#16662=PRESENTATION_STYLE_ASSIGNMENT((#16671));
#16663=SURFACE_STYLE_USAGE(.BOTH.,#16672);
#16664=SURFACE_STYLE_USAGE(.BOTH.,#16673);
#16665=SURFACE_STYLE_USAGE(.BOTH.,#16674);
#16666=SURFACE_STYLE_USAGE(.BOTH.,#16675);
#16667=SURFACE_STYLE_USAGE(.BOTH.,#16676);
#16668=SURFACE_STYLE_USAGE(.BOTH.,#16677);
#16669=SURFACE_STYLE_USAGE(.BOTH.,#16678);
#16670=SURFACE_STYLE_USAGE(.BOTH.,#16679);
#16671=SURFACE_STYLE_USAGE(.BOTH.,#16680);
#16672=SURFACE_SIDE_STYLE('',(#16681));
#16673=SURFACE_SIDE_STYLE('',(#16682));
#16674=SURFACE_SIDE_STYLE('',(#16683));
#16675=SURFACE_SIDE_STYLE('',(#16684));
#16676=SURFACE_SIDE_STYLE('',(#16685));
#16677=SURFACE_SIDE_STYLE('',(#16686));
#16678=SURFACE_SIDE_STYLE('',(#16687));
#16679=SURFACE_SIDE_STYLE('',(#16688));
#16680=SURFACE_SIDE_STYLE('',(#16689));
#16681=SURFACE_STYLE_FILL_AREA(#16690);
#16682=SURFACE_STYLE_FILL_AREA(#16691);
#16683=SURFACE_STYLE_FILL_AREA(#16692);
#16684=SURFACE_STYLE_FILL_AREA(#16693);
#16685=SURFACE_STYLE_FILL_AREA(#16694);
#16686=SURFACE_STYLE_FILL_AREA(#16695);
#16687=SURFACE_STYLE_FILL_AREA(#16696);
#16688=SURFACE_STYLE_FILL_AREA(#16697);
#16689=SURFACE_STYLE_FILL_AREA(#16698);
#16690=FILL_AREA_STYLE('Steel - Satin',(#16699));
#16691=FILL_AREA_STYLE('Ai.R violet body',(#16700));
#16692=FILL_AREA_STYLE('Smoked blue glazing - opaque exterior study',(#16701));
#16693=FILL_AREA_STYLE('Satin silver lower body',(#16702));
#16694=FILL_AREA_STYLE('Rubber and trim',(#16703));
#16695=FILL_AREA_STYLE('Lamp lenses and markings',(#16704));
#16696=FILL_AREA_STYLE('Amber indicators',(#16705));
#16697=FILL_AREA_STYLE('Rear lamp red',(#16706));
#16698=FILL_AREA_STYLE('Sensor teal',(#16707));
#16699=FILL_AREA_STYLE_COLOUR('Steel - Satin',#16708);
#16700=FILL_AREA_STYLE_COLOUR('Ai.R violet body',#16709);
#16701=FILL_AREA_STYLE_COLOUR(
'Smoked blue glazing - opaque exterior study',#16710);
#16702=FILL_AREA_STYLE_COLOUR('Satin silver lower body',#16711);
#16703=FILL_AREA_STYLE_COLOUR('Rubber and trim',#16712);
#16704=FILL_AREA_STYLE_COLOUR('Lamp lenses and markings',#16713);
#16705=FILL_AREA_STYLE_COLOUR('Amber indicators',#16714);
#16706=FILL_AREA_STYLE_COLOUR('Rear lamp red',#16715);
#16707=FILL_AREA_STYLE_COLOUR('Sensor teal',#16716);
#16708=COLOUR_RGB('Steel - Satin',0.627450980392157,0.627450980392157,0.627450980392157);
#16709=COLOUR_RGB('Ai.R violet body',0.435294117647059,0.172549019607843,
0.737254901960784);
#16710=COLOUR_RGB('Smoked blue glazing - opaque exterior study',0.0509803921568627,
0.105882352941176,0.172549019607843);
#16711=COLOUR_RGB('Satin silver lower body',0.643137254901961,0.682352941176471,
0.733333333333333);
#16712=COLOUR_RGB('Rubber and trim',0.0784313725490196,0.0862745098039216,
0.105882352941176);
#16713=COLOUR_RGB('Lamp lenses and markings',0.905882352941176,0.945098039215686,
1.);
#16714=COLOUR_RGB('Amber indicators',1.,0.564705882352941,0.0588235294117647);
#16715=COLOUR_RGB('Rear lamp red',0.764705882352941,0.0588235294117647,
0.125490196078431);
#16716=COLOUR_RGB('Sensor teal',0.0745098039215686,0.698039215686274,0.686274509803922);
ENDSEC;
END-ISO-10303-21;
