; generated by PrusaSlicer 2.9.6 on 2026-09-25 at 17:32:22 UTC

; 

; external perimeters extrusion width = 0.45mm
; perimeters extrusion width = 0.45mm
; infill extrusion width = 0.45mm
; solid infill extrusion width = 0.45mm
; top infill extrusion width = 0.42mm
; first layer extrusion width = 0.50mm

M73 P0 R66
M73 Q0 S69
M201 X10000 Y10000 Z400 E5000 ; sets maximum accelerations, mm/sec^2
M203 X350 Y350 Z12 E100 ; sets maximum feedrates, mm / sec
M204 P7000 R2500 T7000 ; sets acceleration (P, T) and retract acceleration (R), mm/sec^2
M205 X10.00 Y10.00 Z2.00 E10.00 ; sets the jerk limits, mm/sec
M205 S0 T0 ; sets the minimum extruding and travel feed rate, mm/sec

M486 S0
M486 Aplate_02_roof.stl
M486 S-1

;TYPE:Custom
M17 ; enable steppers
M862.1 P0.4 A0 F0 ; nozzle check
M862.3 P "COREONE" ; printer model check
M862.5 P2 ; g-code level check
M862.6 P"Input shaper" ; FW feature check
M115 U6.4.0+11974

M555 X2.1 Y-1.9 W233.8 H159.2

G90 ; use absolute coordinates
M83 ; extruder relative mode


M140 S60 ; set bed temp


M109 R170 ; wait for temp

M84 E ; turn off E motor

G28 ; home all without mesh bed level


M141 S20 ; set nominal chamber temp


M106 S70
G0 Z40 F10000
M104 T0 S170
M190 R60 ; wait for bed temp
M107

G29 G ; absorb heat

M109 R170 ; wait for MBL temp

M302 S155 ; lower cold extrusion limit to 155C


G1 E-2 F2400 ; retraction


M84 E ; turn off E motor

G29 P9 X208 Y-2.5 W32 H4

;
; MBL
;
M84 E ; turn off E motor
G29 P1 ; invalidate mbl & probe print area
G29 P1 X150 Y0 W100 H20 C ; probe near purge place
G29 P3.2 ; interpolate mbl probes
G29 P3.13 ; extrapolate mbl outside probe area
G29 A ; activate mbl

; prepare for purge
M104 S230
G0 X249 Y-2.5 Z15 F4800 ; move away and ready for the purge
M109 S230

G92 E0
M569 S0 E ; set spreadcycle mode for extruder

M591 S0 ; disable stuck detection

;
; Extrude purge line
;
G92 E0 ; reset extruder position
G1 E2 F2400 ; deretraction after the initial one
G0 E5 X235 Z0.2 F500 ; purge
G0 X225 E4 F500 ; purge
G0 X215 E4 F650 ; purge
G0 X205 E4 F800 ; purge
G0 X202 Z0.05 F8000 ; wipe, move close to the bed
G0 X199 Z0.2 F8000 ; wipe, move quickly away from the bed

M591 R ; restore stuck detection

G92 E0
M221 S100 ; set flow to 100%
G21 ; set units to millimeters
G90 ; use absolute coordinates
M83 ; use relative distances for extrusion
M572 S0.03 ; Filament gcode

M142 S36 ; set heatbreak target temp
M107
;LAYER_CHANGE
;Z:0.2
;HEIGHT:0.2
G1 E-.8 F2700
G1 Z.8 F720
G1 X120.586 Y4.955 F21000
G1 Z.2 F720
G1 E.8 F1500
;TYPE:Skirt/Brim
;WIDTH:0.5
G1 F2700
G1 X120.7 Y4.384 E.02213
G1 X121.045 Y3.691 E.02942
G1 X121.508 Y3.195 E.02579
G1 X121.86 Y2.936 E.01661
G1 X122.413 Y2.691 E.02299
G1 X122.954 Y2.586 E.02095
G1 X233.095 Y2.59 E4.18605
G1 X233.595 Y2.694 E.01941
G1 X234.097 Y2.911 E.02079
G1 X234.453 Y3.161 E.01653
G1 X234.822 Y3.526 E.01973
G1 X235.102 Y3.929 E.01865
G1 X235.3 Y4.383 E.01882
G1 X235.414 Y4.955 E.02217
G1 X235.414 Y154.445 E5.68157
G1 X235.3 Y155.016 E.02213
G1 X234.955 Y155.709 E.02942
G1 X234.492 Y156.205 E.02579
G1 X234.14 Y156.464 E.01661
G1 X233.587 Y156.709 E.02299
G1 X233.046 Y156.814 E.02095
G1 X122.955 Y156.814 E4.18415
G1 X122.384 Y156.7 E.02213
G1 X121.691 Y156.355 E.02942
G1 X121.195 Y155.892 E.02579
G1 X120.936 Y155.54 E.01661
G1 X120.691 Y154.987 E.02299
G1 X120.586 Y154.446 E.02095
G1 X120.586 Y5.015 E5.67932
M204 T7000
G1 X121.043 Y5.015 F21000
G1 F2700
G1 X121.043 Y4.978 E.00141
G1 X121.131 Y4.538 E.01705
G1 X121.268 Y4.206 E.01365
G1 X121.423 Y3.949 E.01141
G1 X121.826 Y3.524 E.02226
G1 X122.072 Y3.341 E.01165
G1 X122.531 Y3.134 E.01914
G1 X122.978 Y3.043 E.01734
G1 X233.07 Y3.048 E4.18419
G1 X233.473 Y3.135 E.01567
G1 X233.889 Y3.319 E.01729
G1 X234.483 Y3.833 E.02985
G1 X234.711 Y4.167 E.01537
G1 X234.87 Y4.54 E.01541
G1 X234.957 Y4.978 E.01697
G1 X234.957 Y154.422 E5.67982
G1 X234.869 Y154.862 E.01705
G1 X234.577 Y155.451 E.02499
G1 X234.174 Y155.876 E.02226
G1 X233.928 Y156.059 E.01165
G1 X233.469 Y156.266 E.01914
G1 X233.022 Y156.357 E.01734
G1 X122.978 Y156.357 E4.18237
G1 X122.538 Y156.269 E.01705
G1 X121.949 Y155.977 E.02499
G1 X121.524 Y155.574 E.02226
G1 X121.341 Y155.328 E.01165
G1 X121.134 Y154.869 E.01914
G1 X121.043 Y154.422 E.01734
G1 X121.043 Y5.075 E5.67613
G1 X121.5 Y5.075 F21000
M73 Q0 S68
G1 F2700
G1 X121.5 Y5 E.00285
G1 X121.561 Y4.693 E.0119
G1 X121.798 Y4.211 E.02041
G1 X122.319 Y3.727 E.02703
G1 X122.691 Y3.562 E.01547
G1 X123 Y3.5 E.01198
G1 X233.045 Y3.505 E4.18241
G1 X233.309 Y3.562 E.01026
G1 X233.681 Y3.727 E.01547
G1 X234.143 Y4.139 E.02353
G1 X234.439 Y4.693 E.02387
G1 X234.5 Y5 E.0119
G1 X234.5 Y154.4 E5.67815
G1 X234.439 Y154.707 E.0119
M73 P1 R66
M73 Q1 S68
G1 X234.202 Y155.189 E.02041
G1 X233.681 Y155.673 E.02703
G1 X233.309 Y155.838 E.01547
G1 X233 Y155.9 E.01198
G1 X123 Y155.9 E4.1807
G1 X122.693 Y155.839 E.0119
G1 X122.211 Y155.602 E.02041
G1 X121.727 Y155.081 E.02703
G1 X121.562 Y154.709 E.01547
G1 X121.5 Y154.4 E.01198
G1 X121.5 Y5.135 E5.67301
G1 X121.957 Y5.135 F21000
M73 P1 R65
G1 F2700
G1 X121.957 Y5.023 E.00426
G1 X122.097 Y4.593 E.01719
G1 X122.45 Y4.193 E.02028
G1 X122.848 Y3.992 E.01695
G1 X123.023 Y3.957 E.00678
G1 X233.019 Y3.962 E4.18054
G1 X233.44 Y4.116 E.01704
G1 X233.804 Y4.447 E.0187
G1 X234.008 Y4.847 E.01707
G1 X234.043 Y5.023 E.00682
G1 X234.043 Y154.377 E5.6764
G1 X233.903 Y154.807 E.01719
G1 X233.55 Y155.207 E.02028
G1 X233.152 Y155.408 E.01695
G1 X232.977 Y155.443 E.00678
G1 X123.023 Y155.443 E4.17895
G1 X122.593 Y155.303 E.01719
G1 X122.193 Y154.95 E.02028
G1 X121.992 Y154.552 E.01695
G1 X121.957 Y154.377 E.00678
G1 X121.957 Y5.195 E5.66986
G1 X122.414 Y5.195 F21000
G1 F2700
G1 X122.414 Y5.045 E.0057
G1 X122.535 Y4.754 E.01198
G1 X122.791 Y4.51 E.01344
G1 X123.045 Y4.414 E.01032
G1 X232.999 Y4.423 E4.17895
G1 X233.246 Y4.535 E.01031
G1 X233.465 Y4.754 E.01177
G1 X233.586 Y5.045 E.01198
G1 X233.586 Y154.355 E5.67472
G1 X233.465 Y154.646 E.01198
G1 X233.209 Y154.89 E.01344
G1 X232.955 Y154.986 E.01032
G1 X123.045 Y154.986 E4.17728
G1 X122.754 Y154.865 E.01198
G1 X122.51 Y154.609 E.01344
G1 X122.414 Y154.355 E.01032
G1 X122.414 Y5.255 E5.66674
G1 X122.871 Y5.255 F21000
G1 F2700
G1 X122.871 Y5.113 E.0054
G1 X122.906 Y5.029 E.00346
G1 X123.113 Y4.871 E.0099
G1 X232.887 Y4.871 E4.17211
G1 X232.971 Y4.906 E.00346
G1 X233.129 Y5.113 E.0099
G1 X233.129 Y154.287 E5.66956
G1 X233.094 Y154.371 E.00346
G1 X232.887 Y154.529 E.0099
G1 X123.113 Y154.529 E4.17211
G1 X123.029 Y154.494 E.00346
G1 X122.871 Y154.287 E.0099
G1 X122.871 Y5.315 E5.66188
G1 E-.16
M73 P2 R65
;WIPE_START
G1 F16800
G1 X122.871 Y5.255 E-.00916
G1 X122.871 Y5.113 E-.02168
G1 X122.906 Y5.029 E-.01389
G1 X123.113 Y4.871 E-.03976
G1 X126.751 Y4.871 E-.55551
;WIPE_END
G1 X117.414 Y5.315 Z.363 F21000
M73 Q2 S68
G1 Z.2 F720
G1 E.8 F1500
G1 F2700
G1 X117.414 Y154.445 E5.66788
G1 X117.3 Y155.016 E.02213
G1 X116.955 Y155.709 E.02942
G1 X116.492 Y156.205 E.02579
G1 X116.14 Y156.464 E.01661
G1 X115.587 Y156.709 E.02299
G1 X115.046 Y156.814 E.02095
G1 X4.955 Y156.814 E4.18415
G1 X4.384 Y156.7 E.02213
G1 X3.691 Y156.355 E.02942
G1 X3.195 Y155.892 E.02579
G1 X2.936 Y155.54 E.01661
G1 X2.691 Y154.987 E.02299
G1 X2.586 Y154.446 E.02095
G1 X2.586 Y4.955 E5.6816
G1 X2.7 Y4.384 E.02213
G1 X3.045 Y3.691 E.02942
G1 X3.508 Y3.195 E.02579
G1 X3.86 Y2.936 E.01661
G1 X4.413 Y2.691 E.02299
G1 X4.954 Y2.586 E.02095
G1 X115.095 Y2.59 E4.18605
G1 X115.595 Y2.694 E.01941
G1 X116.097 Y2.911 E.02079
G1 X116.453 Y3.161 E.01653
G1 X116.822 Y3.526 E.01973
G1 X117.102 Y3.929 E.01865
G1 X117.3 Y4.383 E.01882
G1 X117.414 Y4.955 E.02217
G1 X117.414 Y5.255 E.0114
G1 X116.957 Y5.255 F21000
G1 F2700
G1 X116.957 Y154.422 E5.66929
G1 X116.869 Y154.862 E.01705
M73 Q2 S67
G1 X116.577 Y155.451 E.02499
G1 X116.174 Y155.876 E.02226
G1 X115.928 Y156.059 E.01165
G1 X115.469 Y156.266 E.01914
G1 X115.022 Y156.357 E.01734
G1 X4.978 Y156.357 E4.18237
G1 X4.538 Y156.269 E.01705
G1 X3.949 Y155.977 E.02499
G1 X3.524 Y155.574 E.02226
G1 X3.341 Y155.328 E.01165
G1 X3.134 Y154.869 E.01914
G1 X3.043 Y154.422 E.01734
G1 X3.043 Y4.978 E5.67982
G1 X3.131 Y4.538 E.01705
G1 X3.268 Y4.206 E.01365
G1 X3.423 Y3.949 E.01141
G1 X3.826 Y3.524 E.02226
G1 X4.072 Y3.341 E.01165
G1 X4.531 Y3.134 E.01914
G1 X4.978 Y3.043 E.01734
G1 X115.07 Y3.048 E4.18419
G1 X115.473 Y3.135 E.01567
M73 P2 R64
G1 X115.889 Y3.319 E.01729
G1 X116.483 Y3.833 E.02985
G1 X116.711 Y4.167 E.01537
G1 X116.87 Y4.54 E.01541
G1 X116.957 Y4.978 E.01697
G1 X116.957 Y5.195 E.00825
G1 X116.5 Y5.195 F21000
G1 F2700
G1 X116.5 Y154.4 E5.67073
G1 X116.439 Y154.707 E.0119
G1 X116.202 Y155.189 E.02041
G1 X115.681 Y155.673 E.02703
G1 X115.309 Y155.838 E.01547
G1 X115 Y155.9 E.01198
G1 X5 Y155.9 E4.1807
G1 X4.693 Y155.839 E.0119
G1 X4.211 Y155.602 E.02041
G1 X3.727 Y155.081 E.02703
G1 X3.562 Y154.709 E.01547
G1 X3.5 Y154.4 E.01198
G1 X3.5 Y5 E5.67815
G1 X3.561 Y4.693 E.0119
G1 X3.798 Y4.211 E.02041
G1 X4.319 Y3.727 E.02703
G1 X4.691 Y3.562 E.01547
G1 X5 Y3.5 E.01198
G1 X115.045 Y3.505 E4.18241
G1 X115.309 Y3.562 E.01026
G1 X115.681 Y3.727 E.01547
G1 X116.143 Y4.139 E.02353
G1 X116.439 Y4.693 E.02387
G1 X116.5 Y5 E.0119
G1 X116.5 Y5.135 E.00513
G1 X116.043 Y5.135 F21000
G1 F2700
G1 X116.043 Y154.377 E5.67214
G1 X115.903 Y154.807 E.01719
M73 P3 R64
G1 X115.55 Y155.207 E.02028
G1 X115.152 Y155.408 E.01695
G1 X114.977 Y155.443 E.00678
G1 X5.023 Y155.443 E4.17895
G1 X4.593 Y155.303 E.01719
G1 X4.193 Y154.95 E.02028
G1 X3.992 Y154.552 E.01695
G1 X3.957 Y154.377 E.00678
G1 X3.957 Y5.023 E5.6764
G1 X4.097 Y4.593 E.01719
M73 Q3 S67
G1 X4.45 Y4.193 E.02028
G1 X4.848 Y3.992 E.01695
G1 X5.023 Y3.957 E.00678
G1 X115.019 Y3.962 E4.18054
G1 X115.44 Y4.116 E.01704
G1 X115.804 Y4.447 E.0187
G1 X116.008 Y4.847 E.01707
G1 X116.043 Y5.023 E.00682
G1 X116.043 Y5.075 E.00198
G1 X115.586 Y5.075 F21000
G1 F2700
G1 X115.586 Y154.355 E5.67358
G1 X115.465 Y154.646 E.01198
G1 X115.209 Y154.89 E.01344
G1 X114.955 Y154.986 E.01032
G1 X5.045 Y154.986 E4.17728
G1 X4.754 Y154.865 E.01198
G1 X4.51 Y154.609 E.01344
G1 X4.414 Y154.355 E.01032
G1 X4.414 Y5.045 E5.67472
G1 X4.535 Y4.754 E.01198
G1 X4.791 Y4.51 E.01344
G1 X5.045 Y4.414 E.01032
G1 X114.999 Y4.423 E4.17895
G1 X115.246 Y4.535 E.01031
G1 X115.465 Y4.754 E.01177
G1 X115.574 Y5.018 E.01086
G1 X115.129 Y5.113 F21000
G1 F2700
G1 X115.129 Y154.287 E5.66956
G1 X115.094 Y154.371 E.00346
G1 X114.887 Y154.529 E.0099
G1 X5.113 Y154.529 E4.17211
G1 X5.029 Y154.494 E.00346
G1 X4.871 Y154.287 E.0099
G1 X4.871 Y5.113 E5.66956
G1 X4.906 Y5.029 E.00346
G1 X5.113 Y4.871 E.0099
G1 X114.887 Y4.871 E4.17211
G1 X114.971 Y4.906 E.00346
G1 X115.092 Y5.065 E.00759
G1 E-.16
;WIPE_START
G1 F16800
G1 X115.129 Y5.113 E-.00925
G1 X115.129 Y9.244 E-.63075
;WIPE_END
G1 X116.99 Y38.213 Z.707 F21000
G1 X117.127 Y40.347 Z.74
G1 X117.264 Y42.48 Z.766
G1 X117.401 Y44.614 Z.785
G1 X117.675 Y48.882 Z.8
M486 S0
G1 X124.364 Y153.036
G1 Z.2 F720
G1 E.8 F1500
;TYPE:Perimeter
;WIDTH:0.499999
G1 F2700
M73 Q3 S66
G1 X124.364 Y6.364 E5.57446
G1 X231.636 Y6.364 E4.07701
G1 X231.636 Y153.036 E5.57446
G1 X124.424 Y153.036 E4.07473
M73 P4 R64
G1 X123.907 Y153.493 F21000
G1 F2700
G1 X123.907 Y5.907 E5.60919
G1 X232.093 Y5.907 E4.11175
M73 P4 R63
M73 Q4 S66
G1 X232.093 Y153.493 E5.60919
G1 X123.967 Y153.493 E4.10947
M204 T250
G1 X123.45 Y153.95 F21000
M204 T7000
;TYPE:External perimeter
G1 F2700
G1 X123.45 Y5.45 E5.64393
G1 X232.55 Y5.45 E4.14648
G1 X232.55 Y153.95 E5.64393
G1 X123.51 Y153.95 E4.1442
G1 E-.16
;WIPE_START
G1 F16800
G1 X123.45 Y153.95 E-.00916
G1 X123.45 Y149.818 E-.63084
;WIPE_END
G1 X140.996 Y126.693 Z.707 F21000
G1 X142.289 Y124.989 Z.74
G1 X143.581 Y123.286 Z.766
G1 X144.873 Y121.582 Z.785
G1 X147.458 Y118.176 Z.8
G1 X231.453 Y7.473
G1 Z.2 F720
G1 E.8 F1500
;TYPE:Solid infill
;WIDTH:0.501008
G1 F6000
G1 X230.733 Y6.753 E.03878
G1 X230.085 Y6.753 E.02468
G1 X231.247 Y7.915 E.06259
G1 X231.247 Y8.563 E.02468
G1 X229.437 Y6.753 E.0975
G1 X228.789 Y6.753 E.02468
G1 X231.247 Y9.211 E.13241
G1 X231.247 Y9.859 E.02468
G1 X228.141 Y6.753 E.16731
G1 X227.493 Y6.753 E.02468
G1 X231.247 Y10.507 E.20222
G1 X231.247 Y11.154 E.02464
G1 X226.846 Y6.753 E.23707
G1 X226.198 Y6.753 E.02468
G1 X231.247 Y11.802 E.27198
G1 X231.247 Y12.45 E.02468
G1 X225.55 Y6.753 E.30688
G1 X224.902 Y6.753 E.02468
G1 X231.247 Y13.098 E.34179
G1 X231.247 Y13.746 E.02468
G1 X224.254 Y6.753 E.3767
G1 X223.606 Y6.753 E.02468
G1 X231.247 Y14.394 E.4116
G1 X231.247 Y15.041 E.02464
G1 X222.959 Y6.753 E.44646
G1 X222.311 Y6.753 E.02468
G1 X231.247 Y15.689 E.48136
G1 X231.247 Y16.337 E.02468
G1 X221.663 Y6.753 E.51627
G1 X221.015 Y6.753 E.02468
G1 X231.247 Y16.985 E.55117
G1 X231.247 Y17.633 E.02468
G1 X220.367 Y6.753 E.58608
G1 X219.719 Y6.753 E.02468
G1 X231.247 Y18.281 E.62099
G1 X231.247 Y18.928 E.02464
G1 X219.072 Y6.753 E.65584
G1 X218.424 Y6.753 E.02468
G1 X231.247 Y19.576 E.69074
G1 X231.247 Y20.224 E.02468
G1 X217.776 Y6.753 E.72565
G1 X217.128 Y6.753 E.02468
G1 X231.247 Y20.872 E.76056
G1 X231.247 Y21.52 E.02468
G1 X216.48 Y6.753 E.79546
G1 X215.832 Y6.753 E.02468
G1 X231.247 Y22.168 E.83037
G1 X231.247 Y22.815 E.02464
G1 X215.185 Y6.753 E.86522
G1 X214.537 Y6.753 E.02468
G1 X231.247 Y23.463 E.90013
G1 X231.247 Y24.111 E.02468
G1 X213.889 Y6.753 E.93503
G1 X213.241 Y6.753 E.02468
G1 X231.247 Y24.759 E.96994
G1 X231.247 Y25.407 E.02468
G1 X212.593 Y6.753 E1.00485
G1 X211.945 Y6.753 E.02468
G1 X231.247 Y26.055 E1.03975
G1 X231.247 Y26.702 E.02464
G1 X211.298 Y6.753 E1.07461
G1 X210.65 Y6.753 E.02468
G1 X231.247 Y27.35 E1.10951
G1 X231.247 Y27.998 E.02468
G1 X210.002 Y6.753 E1.14442
G1 X209.354 Y6.753 E.02468
G1 X231.247 Y28.646 E1.17932
G1 X231.247 Y29.294 E.02468
G1 X208.706 Y6.753 E1.21423
G1 X208.058 Y6.753 E.02468
G1 X231.247 Y29.942 E1.24914
G1 X231.247 Y30.589 E.02464
G1 X207.411 Y6.753 E1.28399
G1 X206.763 Y6.753 E.02468
G1 X231.247 Y31.237 E1.3189
G1 X231.247 Y31.885 E.02468
G1 X206.115 Y6.753 E1.3538
G1 X205.467 Y6.753 E.02468
G1 X231.247 Y32.533 E1.38871
G1 X231.247 Y33.181 E.02468
G1 X204.819 Y6.753 E1.42361
G1 X204.171 Y6.753 E.02468
G1 X231.247 Y33.829 E1.45852
G1 X231.247 Y34.476 E.02464
G1 X203.524 Y6.753 E1.49337
G1 X202.876 Y6.753 E.02468
G1 X231.247 Y35.124 E1.52828
G1 X231.247 Y35.772 E.02468
G1 X202.228 Y6.753 E1.56319
G1 X201.58 Y6.753 E.02468
G1 X231.247 Y36.42 E1.59809
G1 X231.247 Y37.068 E.02468
G1 X200.932 Y6.753 E1.633
G1 X200.284 Y6.753 E.02468
M73 P5 R63
G1 X231.247 Y37.716 E1.6679
G1 X231.247 Y38.363 E.02464
G1 X199.637 Y6.753 E1.70276
G1 X198.989 Y6.753 E.02468
G1 X231.247 Y39.011 E1.73766
G1 X231.247 Y39.659 E.02468
G1 X198.341 Y6.753 E1.77257
G1 X197.693 Y6.753 E.02468
G1 X231.247 Y40.307 E1.80747
G1 X231.247 Y40.955 E.02468
G1 X197.045 Y6.753 E1.84238
G1 X196.397 Y6.753 E.02468
G1 X231.247 Y41.603 E1.87729
G1 X231.247 Y42.25 E.02464
G1 X195.75 Y6.753 E1.91214
G1 X195.102 Y6.753 E.02468
G1 X231.247 Y42.898 E1.94705
G1 X231.247 Y43.546 E.02468
M73 Q5 S66
G1 X194.454 Y6.753 E1.98195
G1 X193.806 Y6.753 E.02468
G1 X231.247 Y44.194 E2.01686
G1 X231.247 Y44.842 E.02468
G1 X193.158 Y6.753 E2.05176
G1 X192.51 Y6.753 E.02468
G1 X231.247 Y45.49 E2.08667
G1 X231.247 Y46.137 E.02464
G1 X191.863 Y6.753 E2.12152
G1 X191.215 Y6.753 E.02468
G1 X231.247 Y46.785 E2.15643
G1 X231.247 Y47.433 E.02468
G1 X190.567 Y6.753 E2.19134
G1 X189.919 Y6.753 E.02468
G1 X231.247 Y48.081 E2.22624
G1 X231.247 Y48.729 E.02468
G1 X189.271 Y6.753 E2.26115
G1 X188.623 Y6.753 E.02468
G1 X231.247 Y49.377 E2.29605
G1 X231.247 Y50.024 E.02464
G1 X187.976 Y6.753 E2.33091
G1 X187.328 Y6.753 E.02468
M73 Q5 S65
G1 X231.247 Y50.672 E2.36581
G1 X231.247 Y51.32 E.02468
G1 X186.68 Y6.753 E2.40072
G1 X186.032 Y6.753 E.02468
G1 X231.247 Y51.968 E2.43563
G1 X231.247 Y52.616 E.02468
G1 X185.384 Y6.753 E2.47053
G1 X184.736 Y6.753 E.02468
G1 X231.247 Y53.264 E2.50544
G1 X231.247 Y53.911 E.02464
G1 X184.089 Y6.753 E2.54029
G1 X183.441 Y6.753 E.02468
G1 X231.247 Y54.559 E2.5752
G1 X231.247 Y55.207 E.02468
G1 X182.793 Y6.753 E2.6101
G1 X182.145 Y6.753 E.02468
G1 X231.247 Y55.855 E2.64501
G1 X231.247 Y56.503 E.02468
G1 X181.497 Y6.753 E2.67992
G1 X180.849 Y6.753 E.02468
G1 X231.247 Y57.151 E2.71482
G1 X231.247 Y57.798 E.02464
G1 X180.202 Y6.753 E2.74967
G1 X179.554 Y6.753 E.02468
G1 X231.247 Y58.446 E2.78458
G1 X231.247 Y59.094 E.02468
G1 X178.906 Y6.753 E2.81949
G1 X178.258 Y6.753 E.02468
G1 X231.247 Y59.742 E2.85439
G1 X231.247 Y60.39 E.02468
G1 X177.61 Y6.753 E2.8893
G1 X176.962 Y6.753 E.02468
G1 X231.247 Y61.038 E2.9242
G1 X231.247 Y61.685 E.02464
G1 X176.315 Y6.753 E2.95906
G1 X175.667 Y6.753 E.02468
G1 X231.247 Y62.333 E2.99396
G1 X231.247 Y62.981 E.02468
G1 X175.019 Y6.753 E3.02887
G1 X174.371 Y6.753 E.02468
G1 X231.247 Y63.629 E3.06378
G1 X231.247 Y64.277 E.02468
M73 P5 R62
G1 X173.723 Y6.753 E3.09868
G1 X173.075 Y6.753 E.02468
G1 X231.247 Y64.925 E3.13359
G1 X231.247 Y65.572 E.02464
G1 X172.428 Y6.753 E3.16844
G1 X171.78 Y6.753 E.02468
G1 X231.247 Y66.22 E3.20335
G1 X231.247 Y66.868 E.02468
G1 X171.132 Y6.753 E3.23825
G1 X170.484 Y6.753 E.02468
G1 X231.247 Y67.516 E3.27316
G1 X231.247 Y68.164 E.02468
G1 X169.836 Y6.753 E3.30807
G1 X169.188 Y6.753 E.02468
G1 X231.247 Y68.812 E3.34297
G1 X231.247 Y69.459 E.02464
G1 X168.541 Y6.753 E3.37782
G1 X167.893 Y6.753 E.02468
G1 X231.247 Y70.107 E3.41273
G1 X231.247 Y70.755 E.02468
G1 X167.245 Y6.753 E3.44764
G1 X166.597 Y6.753 E.02468
G1 X231.247 Y71.403 E3.48254
G1 X231.247 Y72.051 E.02468
G1 X165.949 Y6.753 E3.51745
G1 X165.301 Y6.753 E.02468
G1 X231.247 Y72.699 E3.55236
G1 X231.247 Y73.347 E.02468
G1 X164.654 Y6.753 E3.58723
G1 X164.006 Y6.753 E.02468
M73 P6 R62
G1 X231.247 Y73.994 E3.62211
G1 X231.247 Y74.642 E.02468
G1 X163.358 Y6.753 E3.65702
G1 X162.71 Y6.753 E.02468
G1 X231.247 Y75.29 E3.69193
G1 X231.247 Y75.938 E.02468
G1 X162.062 Y6.753 E3.72683
G1 X161.414 Y6.753 E.02468
G1 X231.247 Y76.586 E3.76174
G1 X231.247 Y77.234 E.02468
M73 Q6 S65
G1 X160.766 Y6.753 E3.79665
G1 X160.119 Y6.753 E.02464
G1 X231.247 Y77.881 E3.8315
G1 X231.247 Y78.529 E.02468
G1 X159.471 Y6.753 E3.8664
G1 X158.823 Y6.753 E.02468
G1 X231.247 Y79.177 E3.90131
G1 X231.247 Y79.825 E.02468
G1 X158.175 Y6.753 E3.93622
G1 X157.527 Y6.753 E.02468
G1 X231.247 Y80.473 E3.97112
G1 X231.247 Y81.121 E.02468
G1 X156.879 Y6.753 E4.00603
G1 X156.232 Y6.753 E.02464
G1 X231.247 Y81.768 E4.04088
G1 X231.247 Y82.416 E.02468
G1 X155.584 Y6.753 E4.07579
G1 X154.936 Y6.753 E.02468
G1 X231.247 Y83.064 E4.11069
G1 X231.247 Y83.712 E.02468
G1 X154.288 Y6.753 E4.1456
G1 X153.64 Y6.753 E.02468
G1 X231.247 Y84.36 E4.18051
G1 X231.247 Y85.008 E.02468
G1 X152.992 Y6.753 E4.21541
G1 X152.345 Y6.753 E.02464
G1 X231.247 Y85.655 E4.25026
G1 X231.247 Y86.303 E.02468
G1 X151.697 Y6.753 E4.28517
G1 X151.049 Y6.753 E.02468
G1 X231.247 Y86.951 E4.32008
G1 X231.247 Y87.599 E.02468
G1 X150.401 Y6.753 E4.35498
G1 X149.753 Y6.753 E.02468
G1 X231.247 Y88.247 E4.38989
G1 X231.247 Y88.895 E.02468
G1 X149.105 Y6.753 E4.4248
G1 X148.458 Y6.753 E.02464
G1 X231.247 Y89.542 E4.45965
G1 X231.247 Y90.19 E.02468
G1 X147.81 Y6.753 E4.49455
G1 X147.162 Y6.753 E.02468
G1 X231.247 Y90.838 E4.52946
G1 X231.247 Y91.486 E.02468
M73 Q6 S64
G1 X146.514 Y6.753 E4.56437
G1 X145.866 Y6.753 E.02468
G1 X231.247 Y92.134 E4.59927
G1 X231.247 Y92.782 E.02468
G1 X145.218 Y6.753 E4.63418
G1 X144.571 Y6.753 E.02464
G1 X231.247 Y93.429 E4.66903
G1 X231.247 Y94.077 E.02468
G1 X143.923 Y6.753 E4.70394
G1 X143.275 Y6.753 E.02468
G1 X231.247 Y94.725 E4.73884
G1 X231.247 Y95.373 E.02468
G1 X142.627 Y6.753 E4.77375
G1 X141.979 Y6.753 E.02468
G1 X231.247 Y96.021 E4.80866
G1 X231.247 Y96.669 E.02468
G1 X141.331 Y6.753 E4.84356
G1 X140.684 Y6.753 E.02464
M73 P7 R62
G1 X231.247 Y97.316 E4.87842
G1 X231.247 Y97.964 E.02468
G1 X140.036 Y6.753 E4.91332
G1 X139.388 Y6.753 E.02468
G1 X231.247 Y98.612 E4.94823
G1 X231.247 Y99.26 E.02468
M73 Q7 S64
G1 X138.74 Y6.753 E4.98313
G1 X138.092 Y6.753 E.02468
M73 P7 R61
G1 X231.247 Y99.908 E5.01804
G1 X231.247 Y100.556 E.02468
G1 X137.444 Y6.753 E5.05295
G1 X136.797 Y6.753 E.02464
G1 X231.247 Y101.203 E5.0878
G1 X231.247 Y101.851 E.02468
G1 X136.149 Y6.753 E5.1227
G1 X135.501 Y6.753 E.02468
G1 X231.247 Y102.499 E5.15761
G1 X231.247 Y103.147 E.02468
G1 X134.853 Y6.753 E5.19252
G1 X134.205 Y6.753 E.02468
G1 X231.247 Y103.795 E5.22742
G1 X231.247 Y104.443 E.02468
G1 X133.557 Y6.753 E5.26233
G1 X132.91 Y6.753 E.02464
G1 X231.247 Y105.09 E5.29718
G1 X231.247 Y105.738 E.02468
G1 X132.262 Y6.753 E5.33209
G1 X131.614 Y6.753 E.02468
G1 X231.247 Y106.386 E5.36699
G1 X231.247 Y107.034 E.02468
G1 X130.966 Y6.753 E5.4019
G1 X130.318 Y6.753 E.02468
G1 X231.247 Y107.682 E5.43681
G1 X231.247 Y108.33 E.02468
G1 X129.67 Y6.753 E5.47171
G1 X129.023 Y6.753 E.02464
G1 X231.247 Y108.977 E5.50657
G1 X231.247 Y109.625 E.02468
G1 X128.375 Y6.753 E5.54147
G1 X127.727 Y6.753 E.02468
G1 X231.247 Y110.273 E5.57638
G1 X231.247 Y110.921 E.02468
G1 X127.079 Y6.753 E5.61128
G1 X126.431 Y6.753 E.02468
G1 X231.247 Y111.569 E5.64619
G1 X231.247 Y112.217 E.02468
G1 X125.783 Y6.753 E5.6811
G1 X125.136 Y6.753 E.02464
G1 X231.247 Y112.864 E5.71595
G1 X231.247 Y113.512 E.02468
G1 X124.753 Y7.018 E5.73658
G1 X124.753 Y7.665 E.02464
G1 X231.247 Y114.16 E5.73661
G1 X231.247 Y114.808 E.02468
G1 X124.753 Y8.313 E5.73661
G1 X124.753 Y8.961 E.02468
M73 P8 R61
G1 X231.247 Y115.456 E5.73661
G1 X231.247 Y116.104 E.02468
G1 X124.753 Y9.609 E5.73661
G1 X124.753 Y10.257 E.02468
G1 X231.247 Y116.751 E5.73658
G1 X231.247 Y117.399 E.02468
G1 X124.753 Y10.905 E5.73658
G1 X124.753 Y11.552 E.02464
M73 Q8 S64
G1 X231.247 Y118.047 E5.73661
G1 X231.247 Y118.695 E.02468
M73 Q8 S63
G1 X124.753 Y12.2 E5.73661
G1 X124.753 Y12.848 E.02468
G1 X231.247 Y119.343 E5.73661
G1 X231.247 Y119.991 E.02468
G1 X124.753 Y13.496 E5.73661
G1 X124.753 Y14.144 E.02468
G1 X231.247 Y120.638 E5.73658
G1 X231.247 Y121.286 E.02468
G1 X124.753 Y14.792 E5.73658
G1 X124.753 Y15.439 E.02464
G1 X231.247 Y121.934 E5.73661
G1 X231.247 Y122.582 E.02468
G1 X124.753 Y16.087 E5.73661
G1 X124.753 Y16.735 E.02468
G1 X231.247 Y123.23 E5.73661
G1 X231.247 Y123.878 E.02468
G1 X124.753 Y17.383 E5.73661
G1 X124.753 Y18.031 E.02468
G1 X231.247 Y124.525 E5.73658
G1 X231.247 Y125.173 E.02468
G1 X124.753 Y18.679 E5.73658
G1 X124.753 Y19.326 E.02464
G1 X231.247 Y125.821 E5.73661
G1 X231.247 Y126.469 E.02468
M73 P8 R60
G1 X124.753 Y19.974 E5.73661
G1 X124.753 Y20.622 E.02468
G1 X231.247 Y127.117 E5.73661
G1 X231.247 Y127.765 E.02468
G1 X124.753 Y21.27 E5.73661
G1 X124.753 Y21.918 E.02468
G1 X231.247 Y128.412 E5.73658
G1 X231.247 Y129.06 E.02468
G1 X124.753 Y22.566 E5.73658
G1 X124.753 Y23.213 E.02464
G1 X231.247 Y129.708 E5.73661
G1 X231.247 Y130.356 E.02468
G1 X124.753 Y23.861 E5.73661
G1 X124.753 Y24.509 E.02468
G1 X231.247 Y131.004 E5.73661
G1 X231.247 Y131.652 E.02468
G1 X124.753 Y25.157 E5.73661
G1 X124.753 Y25.805 E.02468
M73 P9 R60
G1 X231.247 Y132.299 E5.73658
G1 X231.247 Y132.947 E.02468
G1 X124.753 Y26.453 E5.73658
G1 X124.753 Y27.1 E.02464
G1 X231.247 Y133.595 E5.73661
G1 X231.247 Y134.243 E.02468
G1 X124.753 Y27.748 E5.73661
G1 X124.753 Y28.396 E.02468
M73 Q9 S63
G1 X231.247 Y134.891 E5.73661
G1 X231.247 Y135.539 E.02468
G1 X124.753 Y29.044 E5.73661
G1 X124.753 Y29.692 E.02468
G1 X231.247 Y136.186 E5.73658
G1 X231.247 Y136.834 E.02468
G1 X124.753 Y30.34 E5.73658
G1 X124.753 Y30.987 E.02464
G1 X231.247 Y137.482 E5.73661
G1 X231.247 Y138.13 E.02468
G1 X124.753 Y31.635 E5.73661
G1 X124.753 Y32.283 E.02468
G1 X231.247 Y138.778 E5.73661
G1 X231.247 Y139.426 E.02468
G1 X124.753 Y32.931 E5.73661
G1 X124.753 Y33.579 E.02468
G1 X231.247 Y140.073 E5.73658
G1 X231.247 Y140.721 E.02468
G1 X124.753 Y34.227 E5.73658
G1 X124.753 Y34.874 E.02464
G1 X231.247 Y141.369 E5.73661
G1 X231.247 Y142.017 E.02468
G1 X124.753 Y35.522 E5.73661
G1 X124.753 Y36.17 E.02468
G1 X231.247 Y142.665 E5.73661
G1 X231.247 Y143.313 E.02468
M73 Q9 S62
G1 X124.753 Y36.818 E5.73661
G1 X124.753 Y37.466 E.02468
G1 X231.247 Y143.96 E5.73658
G1 X231.247 Y144.608 E.02468
G1 X124.753 Y38.114 E5.73658
G1 X124.753 Y38.761 E.02464
G1 X231.247 Y145.256 E5.73661
G1 X231.247 Y145.904 E.02468
G1 X124.753 Y39.409 E5.73661
G1 X124.753 Y40.057 E.02468
G1 X231.247 Y146.552 E5.73661
G1 X231.247 Y147.2 E.02468
G1 X124.753 Y40.705 E5.73661
G1 X124.753 Y41.353 E.02468
G1 X231.247 Y147.847 E5.73658
G1 X231.247 Y148.495 E.02468
G1 X124.753 Y42.001 E5.73658
G1 X124.753 Y42.648 E.02464
M73 P10 R60
G1 X231.247 Y149.143 E5.73661
G1 X231.247 Y149.791 E.02468
G1 X124.753 Y43.296 E5.73661
G1 X124.753 Y43.944 E.02468
G1 X231.247 Y150.439 E5.73661
G1 X231.247 Y151.087 E.02468
G1 X124.753 Y44.592 E5.73661
G1 X124.753 Y45.24 E.02468
M73 P10 R59
G1 X231.247 Y151.734 E5.73658
G1 X231.247 Y152.382 E.02468
M73 Q10 S62
G1 X124.753 Y45.888 E5.73658
G1 X124.753 Y46.535 E.02464
G1 X230.865 Y152.647 E5.716
G1 X230.217 Y152.647 E.02468
G1 X124.753 Y47.183 E5.6811
G1 X124.753 Y47.831 E.02468
G1 X229.569 Y152.647 E5.64619
G1 X228.921 Y152.647 E.02468
G1 X124.753 Y48.479 E5.61128
G1 X124.753 Y49.127 E.02468
G1 X228.273 Y152.647 E5.57638
G1 X227.625 Y152.647 E.02468
G1 X124.753 Y49.775 E5.54147
G1 X124.753 Y50.422 E.02464
G1 X226.978 Y152.647 E5.50662
G1 X226.33 Y152.647 E.02468
G1 X124.753 Y51.07 E5.47171
G1 X124.753 Y51.718 E.02468
G1 X225.682 Y152.647 E5.43681
G1 X225.034 Y152.647 E.02468
G1 X124.753 Y52.366 E5.4019
G1 X124.753 Y53.014 E.02468
G1 X224.386 Y152.647 E5.36699
G1 X223.738 Y152.647 E.02468
G1 X124.753 Y53.662 E5.33209
G1 X124.753 Y54.309 E.02464
G1 X223.091 Y152.647 E5.29724
G1 X222.443 Y152.647 E.02468
G1 X124.753 Y54.957 E5.26233
G1 X124.753 Y55.605 E.02468
G1 X221.795 Y152.647 E5.22742
G1 X221.147 Y152.647 E.02468
G1 X124.753 Y56.253 E5.19252
G1 X124.753 Y56.901 E.02468
G1 X220.499 Y152.647 E5.15761
G1 X219.851 Y152.647 E.02468
G1 X124.753 Y57.549 E5.1227
G1 X124.753 Y58.196 E.02464
G1 X219.204 Y152.647 E5.08785
G1 X218.556 Y152.647 E.02468
G1 X124.753 Y58.844 E5.05295
G1 X124.753 Y59.492 E.02468
G1 X217.908 Y152.647 E5.01804
G1 X217.26 Y152.647 E.02468
G1 X124.753 Y60.14 E4.98313
G1 X124.753 Y60.788 E.02468
M73 P11 R59
G1 X216.612 Y152.647 E4.94823
G1 X215.964 Y152.647 E.02468
G1 X124.753 Y61.436 E4.91332
G1 X124.753 Y62.083 E.02464
G1 X215.317 Y152.647 E4.87847
G1 X214.669 Y152.647 E.02468
M73 Q10 S61
G1 X124.753 Y62.731 E4.84356
G1 X124.753 Y63.379 E.02468
G1 X214.021 Y152.647 E4.80866
G1 X213.373 Y152.647 E.02468
G1 X124.753 Y64.027 E4.77375
G1 X124.753 Y64.675 E.02468
M73 Q11 S61
G1 X212.725 Y152.647 E4.73884
G1 X212.077 Y152.647 E.02468
G1 X124.753 Y65.323 E4.70394
G1 X124.753 Y65.97 E.02464
G1 X211.43 Y152.647 E4.66909
G1 X210.782 Y152.647 E.02468
G1 X124.753 Y66.618 E4.63418
G1 X124.753 Y67.266 E.02468
G1 X210.134 Y152.647 E4.59927
G1 X209.486 Y152.647 E.02468
G1 X124.753 Y67.914 E4.56437
G1 X124.753 Y68.562 E.02468
G1 X208.838 Y152.647 E4.52946
G1 X208.19 Y152.647 E.02468
G1 X124.753 Y69.21 E4.49455
G1 X124.753 Y69.857 E.02464
G1 X207.543 Y152.647 E4.4597
G1 X206.895 Y152.647 E.02468
G1 X124.753 Y70.505 E4.4248
G1 X124.753 Y71.153 E.02468
G1 X206.247 Y152.647 E4.38989
G1 X205.599 Y152.647 E.02468
G1 X124.753 Y71.801 E4.35498
G1 X124.753 Y72.449 E.02468
G1 X204.951 Y152.647 E4.32008
G1 X204.303 Y152.647 E.02468
G1 X124.753 Y73.097 E4.28517
G1 X124.753 Y73.744 E.02464
M73 P11 R58
G1 X203.656 Y152.647 E4.25032
G1 X203.008 Y152.647 E.02468
G1 X124.753 Y74.392 E4.21541
G1 X124.753 Y75.04 E.02468
G1 X202.36 Y152.647 E4.18051
G1 X201.712 Y152.647 E.02468
G1 X124.753 Y75.688 E4.1456
G1 X124.753 Y76.336 E.02468
G1 X201.064 Y152.647 E4.11069
G1 X200.416 Y152.647 E.02468
G1 X124.753 Y76.984 E4.07579
G1 X124.753 Y77.631 E.02464
G1 X199.769 Y152.647 E4.04093
G1 X199.121 Y152.647 E.02468
G1 X124.753 Y78.279 E4.00603
G1 X124.753 Y78.927 E.02468
G1 X198.473 Y152.647 E3.97112
G1 X197.825 Y152.647 E.02468
G1 X124.753 Y79.575 E3.93622
G1 X124.753 Y80.223 E.02468
G1 X197.177 Y152.647 E3.90131
G1 X196.529 Y152.647 E.02468
G1 X124.753 Y80.871 E3.8664
G1 X124.753 Y81.518 E.02464
G1 X195.882 Y152.647 E3.83155
G1 X195.234 Y152.647 E.02468
M73 P12 R58
G1 X124.753 Y82.166 E3.79665
G1 X124.753 Y82.814 E.02468
G1 X194.586 Y152.647 E3.76174
G1 X193.938 Y152.647 E.02468
G1 X124.753 Y83.462 E3.72683
G1 X124.753 Y84.11 E.02468
G1 X193.29 Y152.647 E3.69193
G1 X192.642 Y152.647 E.02468
G1 X124.753 Y84.758 E3.65702
G1 X124.753 Y85.406 E.02468
G1 X191.994 Y152.647 E3.62211
G1 X191.347 Y152.647 E.02464
G1 X124.753 Y86.053 E3.58726
G1 X124.753 Y86.701 E.02468
G1 X190.699 Y152.647 E3.55236
G1 X190.051 Y152.647 E.02468
G1 X124.753 Y87.349 E3.51745
G1 X124.753 Y87.997 E.02468
M73 Q12 S61
G1 X189.403 Y152.647 E3.48254
G1 X188.755 Y152.647 E.02468
G1 X124.753 Y88.645 E3.44764
G1 X124.753 Y89.293 E.02468
G1 X188.107 Y152.647 E3.41273
G1 X187.46 Y152.647 E.02464
G1 X124.753 Y89.94 E3.37788
G1 X124.753 Y90.588 E.02468
G1 X186.812 Y152.647 E3.34297
G1 X186.164 Y152.647 E.02468
G1 X124.753 Y91.236 E3.30807
G1 X124.753 Y91.884 E.02468
G1 X185.516 Y152.647 E3.27316
G1 X184.868 Y152.647 E.02468
G1 X124.753 Y92.532 E3.23825
G1 X124.753 Y93.18 E.02468
G1 X184.22 Y152.647 E3.20335
G1 X183.573 Y152.647 E.02464
G1 X124.753 Y93.827 E3.16849
G1 X124.753 Y94.475 E.02468
G1 X182.925 Y152.647 E3.13359
G1 X182.277 Y152.647 E.02468
G1 X124.753 Y95.123 E3.09868
G1 X124.753 Y95.771 E.02468
G1 X181.629 Y152.647 E3.06378
G1 X180.981 Y152.647 E.02468
G1 X124.753 Y96.419 E3.02887
G1 X124.753 Y97.067 E.02468
G1 X180.333 Y152.647 E2.99396
G1 X179.686 Y152.647 E.02464
G1 X124.753 Y97.714 E2.95911
G1 X124.753 Y98.362 E.02468
G1 X179.038 Y152.647 E2.9242
M73 Q12 S60
G1 X178.39 Y152.647 E.02468
G1 X124.753 Y99.01 E2.8893
G1 X124.753 Y99.658 E.02468
G1 X177.742 Y152.647 E2.85439
G1 X177.094 Y152.647 E.02468
G1 X124.753 Y100.306 E2.81949
G1 X124.753 Y100.954 E.02468
G1 X176.446 Y152.647 E2.78458
G1 X175.799 Y152.647 E.02464
G1 X124.753 Y101.601 E2.74973
G1 X124.753 Y102.249 E.02468
G1 X175.151 Y152.647 E2.71482
G1 X174.503 Y152.647 E.02468
G1 X124.753 Y102.897 E2.67992
G1 X124.753 Y103.545 E.02468
G1 X173.855 Y152.647 E2.64501
G1 X173.207 Y152.647 E.02468
G1 X124.753 Y104.193 E2.6101
G1 X124.753 Y104.841 E.02468
G1 X172.559 Y152.647 E2.5752
G1 X171.912 Y152.647 E.02464
G1 X124.753 Y105.488 E2.54034
G1 X124.753 Y106.136 E.02468
G1 X171.264 Y152.647 E2.50544
G1 X170.616 Y152.647 E.02468
G1 X124.753 Y106.784 E2.47053
G1 X124.753 Y107.432 E.02468
G1 X169.968 Y152.647 E2.43563
G1 X169.32 Y152.647 E.02468
G1 X124.753 Y108.08 E2.40072
G1 X124.753 Y108.728 E.02468
G1 X168.672 Y152.647 E2.36581
G1 X168.025 Y152.647 E.02464
G1 X124.753 Y109.375 E2.33096
G1 X124.753 Y110.023 E.02468
G1 X167.377 Y152.647 E2.29605
G1 X166.729 Y152.647 E.02468
G1 X124.753 Y110.671 E2.26115
G1 X124.753 Y111.319 E.02468
G1 X166.081 Y152.647 E2.22624
G1 X165.433 Y152.647 E.02468
G1 X124.753 Y111.967 E2.19134
G1 X124.753 Y112.615 E.02468
G1 X164.785 Y152.647 E2.15643
G1 X164.138 Y152.647 E.02464
G1 X124.753 Y113.262 E2.12158
G1 X124.753 Y113.91 E.02468
G1 X163.49 Y152.647 E2.08667
G1 X162.842 Y152.647 E.02468
M73 P13 R58
G1 X124.753 Y114.558 E2.05176
G1 X124.753 Y115.206 E.02468
G1 X162.194 Y152.647 E2.01686
G1 X161.546 Y152.647 E.02468
G1 X124.753 Y115.854 E1.98195
G1 X124.753 Y116.502 E.02468
G1 X160.898 Y152.647 E1.94705
G1 X160.251 Y152.647 E.02464
G1 X124.753 Y117.149 E1.91219
G1 X124.753 Y117.797 E.02468
G1 X159.603 Y152.647 E1.87729
G1 X158.955 Y152.647 E.02468
G1 X124.753 Y118.445 E1.84238
G1 X124.753 Y119.093 E.02468
G1 X158.307 Y152.647 E1.80747
G1 X157.659 Y152.647 E.02468
G1 X124.753 Y119.741 E1.77257
G1 X124.753 Y120.389 E.02468
G1 X157.011 Y152.647 E1.73766
G1 X156.364 Y152.647 E.02464
G1 X124.753 Y121.036 E1.70281
G1 X124.753 Y121.684 E.02468
M73 P13 R57
G1 X155.716 Y152.647 E1.6679
G1 X155.068 Y152.647 E.02468
G1 X124.753 Y122.332 E1.633
G1 X124.753 Y122.98 E.02468
G1 X154.42 Y152.647 E1.59809
G1 X153.772 Y152.647 E.02468
G1 X124.753 Y123.628 E1.56319
G1 X124.753 Y124.276 E.02468
G1 X153.124 Y152.647 E1.52828
G1 X152.477 Y152.647 E.02464
G1 X124.753 Y124.923 E1.49343
G1 X124.753 Y125.571 E.02468
G1 X151.829 Y152.647 E1.45852
G1 X151.181 Y152.647 E.02468
M73 Q13 S60
G1 X124.753 Y126.219 E1.42361
G1 X124.753 Y126.867 E.02468
G1 X150.533 Y152.647 E1.38871
G1 X149.885 Y152.647 E.02468
G1 X124.753 Y127.515 E1.3538
G1 X124.753 Y128.163 E.02468
G1 X149.237 Y152.647 E1.3189
G1 X148.59 Y152.647 E.02464
G1 X124.753 Y128.81 E1.28404
G1 X124.753 Y129.458 E.02468
G1 X147.942 Y152.647 E1.24914
G1 X147.294 Y152.647 E.02468
G1 X124.753 Y130.106 E1.21423
G1 X124.753 Y130.754 E.02468
G1 X146.646 Y152.647 E1.17932
G1 X145.998 Y152.647 E.02468
G1 X124.753 Y131.402 E1.14442
G1 X124.753 Y132.05 E.02468
G1 X145.35 Y152.647 E1.10951
G1 X144.703 Y152.647 E.02464
G1 X124.753 Y132.697 E1.07466
G1 X124.753 Y133.345 E.02468
G1 X144.055 Y152.647 E1.03975
G1 X143.407 Y152.647 E.02468
G1 X124.753 Y133.993 E1.00485
G1 X124.753 Y134.641 E.02468
G1 X142.759 Y152.647 E.96994
G1 X142.111 Y152.647 E.02468
G1 X124.753 Y135.289 E.93503
G1 X124.753 Y135.937 E.02468
G1 X141.463 Y152.647 E.90013
G1 X140.816 Y152.647 E.02464
G1 X124.753 Y136.584 E.86528
G1 X124.753 Y137.232 E.02468
G1 X140.168 Y152.647 E.83037
G1 X139.52 Y152.647 E.02468
G1 X124.753 Y137.88 E.79546
G1 X124.753 Y138.528 E.02468
G1 X138.872 Y152.647 E.76056
G1 X138.224 Y152.647 E.02468
G1 X124.753 Y139.176 E.72565
G1 X124.753 Y139.824 E.02468
G1 X137.576 Y152.647 E.69074
G1 X136.929 Y152.647 E.02464
G1 X124.753 Y140.471 E.65589
G1 X124.753 Y141.119 E.02468
G1 X136.281 Y152.647 E.62099
G1 X135.633 Y152.647 E.02468
G1 X124.753 Y141.767 E.58608
G1 X124.753 Y142.415 E.02468
G1 X134.985 Y152.647 E.55117
G1 X134.337 Y152.647 E.02468
G1 X124.753 Y143.063 E.51627
G1 X124.753 Y143.711 E.02468
G1 X133.689 Y152.647 E.48136
G1 X133.042 Y152.647 E.02464
G1 X124.753 Y144.358 E.44651
G1 X124.753 Y145.006 E.02468
G1 X132.394 Y152.647 E.4116
G1 X131.746 Y152.647 E.02468
G1 X124.753 Y145.654 E.3767
G1 X124.753 Y146.302 E.02468
G1 X131.098 Y152.647 E.34179
G1 X130.45 Y152.647 E.02468
G1 X124.753 Y146.95 E.30688
G1 X124.753 Y147.598 E.02468
G1 X129.802 Y152.647 E.27198
G1 X129.155 Y152.647 E.02464
G1 X124.753 Y148.245 E.23713
G1 X124.753 Y148.893 E.02468
G1 X128.507 Y152.647 E.20222
G1 X127.859 Y152.647 E.02468
G1 X124.753 Y149.541 E.16731
G1 X124.753 Y150.189 E.02468
G1 X127.211 Y152.647 E.13241
G1 X126.563 Y152.647 E.02468
G1 X124.753 Y150.837 E.0975
G1 X124.753 Y151.485 E.02468
G1 X125.915 Y152.647 E.06259
G1 X125.268 Y152.647 E.02464
G1 X124.547 Y151.927 E.03881
G1 E-.16 F2700
;WIPE_START
G1 F16800
G1 X125.268 Y152.647 E-.15557
G1 X125.915 Y152.647 E-.09878
G1 X124.753 Y151.485 E-.2509
G1 X124.753 Y150.837 E-.09894
G1 X124.919 Y151.003 E-.03581
;WIPE_END
G1 X113.636 Y153.036 Z.4 F21000
G1 Z.2 F720
G1 E.8 F1500
;TYPE:Perimeter
;WIDTH:0.499999
G1 F2700
G1 X6.364 Y153.036 E4.07701
G1 X6.364 Y6.364 E5.57446
G1 X113.636 Y6.364 E4.07701
G1 X113.636 Y152.976 E5.57218
G1 X114.093 Y153.493 F21000
G1 F2700
G1 X5.907 Y153.493 E4.11175
G1 X5.907 Y5.907 E5.60919
G1 X114.093 Y5.907 E4.11175
G1 X114.093 Y153.433 E5.60691
M204 T250
G1 X114.55 Y153.95 F21000
M73 P14 R57
M73 Q13 S59
M204 T7000
;TYPE:External perimeter
G1 F2700
G1 X5.45 Y153.95 E4.14648
G1 X5.45 Y5.45 E5.64393
G1 X114.55 Y5.45 E4.14648
G1 X114.55 Y153.89 E5.64165
G1 E-.16
M73 Q14 S59
;WIPE_START
G1 F16800
G1 X114.55 Y153.95 E-.00916
G1 X110.418 Y153.95 E-.63084
;WIPE_END
G1 X111.019 Y124.928 Z.707 F21000
G1 X111.064 Y122.79 Z.74
G1 X111.108 Y120.652 Z.766
G1 X111.152 Y118.515 Z.785
G1 X111.241 Y114.239 Z.8
G1 X113.453 Y7.473
G1 Z.2 F720
G1 E.8 F1500
;TYPE:Solid infill
;WIDTH:0.501008
G1 F6000
G1 X112.733 Y6.753 E.03878
G1 X112.085 Y6.753 E.02468
G1 X113.247 Y7.915 E.06259
G1 X113.247 Y8.563 E.02468
G1 X111.437 Y6.753 E.0975
G1 X110.789 Y6.753 E.02468
G1 X113.247 Y9.211 E.13241
G1 X113.247 Y9.859 E.02468
G1 X110.141 Y6.753 E.16731
G1 X109.493 Y6.753 E.02468
G1 X113.247 Y10.507 E.20222
G1 X113.247 Y11.154 E.02464
G1 X108.846 Y6.753 E.23707
G1 X108.198 Y6.753 E.02468
G1 X113.247 Y11.802 E.27198
G1 X113.247 Y12.45 E.02468
G1 X107.55 Y6.753 E.30688
G1 X106.902 Y6.753 E.02468
G1 X113.247 Y13.098 E.34179
G1 X113.247 Y13.746 E.02468
G1 X106.254 Y6.753 E.3767
G1 X105.606 Y6.753 E.02468
G1 X113.247 Y14.394 E.4116
G1 X113.247 Y15.041 E.02464
G1 X104.959 Y6.753 E.44646
G1 X104.311 Y6.753 E.02468
G1 X113.247 Y15.689 E.48136
G1 X113.247 Y16.337 E.02468
G1 X103.663 Y6.753 E.51627
G1 X103.015 Y6.753 E.02468
G1 X113.247 Y16.985 E.55117
G1 X113.247 Y17.633 E.02468
G1 X102.367 Y6.753 E.58608
G1 X101.719 Y6.753 E.02468
G1 X113.247 Y18.281 E.62099
G1 X113.247 Y18.928 E.02464
G1 X101.072 Y6.753 E.65584
G1 X100.424 Y6.753 E.02468
G1 X113.247 Y19.576 E.69074
G1 X113.247 Y20.224 E.02468
G1 X99.776 Y6.753 E.72565
G1 X99.128 Y6.753 E.02468
G1 X113.247 Y20.872 E.76056
G1 X113.247 Y21.52 E.02468
G1 X98.48 Y6.753 E.79546
G1 X97.832 Y6.753 E.02468
G1 X113.247 Y22.168 E.83037
G1 X113.247 Y22.815 E.02464
G1 X97.185 Y6.753 E.86522
G1 X96.537 Y6.753 E.02468
G1 X113.247 Y23.463 E.90013
G1 X113.247 Y24.111 E.02468
G1 X95.889 Y6.753 E.93503
G1 X95.241 Y6.753 E.02468
G1 X113.247 Y24.759 E.96994
G1 X113.247 Y25.407 E.02468
G1 X94.593 Y6.753 E1.00485
G1 X93.945 Y6.753 E.02468
G1 X113.247 Y26.055 E1.03975
G1 X113.247 Y26.702 E.02464
G1 X93.298 Y6.753 E1.07461
G1 X92.65 Y6.753 E.02468
G1 X113.247 Y27.35 E1.10951
G1 X113.247 Y27.998 E.02468
G1 X92.002 Y6.753 E1.14442
G1 X91.354 Y6.753 E.02468
G1 X113.247 Y28.646 E1.17932
G1 X113.247 Y29.294 E.02468
G1 X90.706 Y6.753 E1.21423
G1 X90.058 Y6.753 E.02468
G1 X113.247 Y29.942 E1.24914
G1 X113.247 Y30.589 E.02464
G1 X89.411 Y6.753 E1.28399
G1 X88.763 Y6.753 E.02468
G1 X113.247 Y31.237 E1.3189
G1 X113.247 Y31.885 E.02468
G1 X88.115 Y6.753 E1.3538
G1 X87.467 Y6.753 E.02468
G1 X113.247 Y32.533 E1.38871
G1 X113.247 Y33.181 E.02468
G1 X86.819 Y6.753 E1.42361
G1 X86.171 Y6.753 E.02468
G1 X113.247 Y33.829 E1.45852
G1 X113.247 Y34.476 E.02464
G1 X85.524 Y6.753 E1.49337
G1 X84.876 Y6.753 E.02468
G1 X113.247 Y35.124 E1.52828
G1 X113.247 Y35.772 E.02468
G1 X84.228 Y6.753 E1.56319
G1 X83.58 Y6.753 E.02468
G1 X113.247 Y36.42 E1.59809
G1 X113.247 Y37.068 E.02468
G1 X82.932 Y6.753 E1.633
G1 X82.284 Y6.753 E.02468
G1 X113.247 Y37.716 E1.6679
G1 X113.247 Y38.363 E.02464
G1 X81.637 Y6.753 E1.70276
G1 X80.989 Y6.753 E.02468
G1 X113.247 Y39.011 E1.73766
G1 X113.247 Y39.659 E.02468
M73 P14 R56
G1 X80.341 Y6.753 E1.77257
G1 X79.693 Y6.753 E.02468
G1 X113.247 Y40.307 E1.80747
G1 X113.247 Y40.955 E.02468
G1 X79.045 Y6.753 E1.84238
G1 X78.397 Y6.753 E.02468
G1 X113.247 Y41.603 E1.87729
G1 X113.247 Y42.25 E.02464
G1 X77.75 Y6.753 E1.91214
G1 X77.102 Y6.753 E.02468
G1 X113.247 Y42.898 E1.94705
G1 X113.247 Y43.546 E.02468
G1 X76.454 Y6.753 E1.98195
G1 X75.806 Y6.753 E.02468
G1 X113.247 Y44.194 E2.01686
G1 X113.247 Y44.842 E.02468
G1 X75.158 Y6.753 E2.05176
G1 X74.51 Y6.753 E.02468
G1 X113.247 Y45.49 E2.08667
G1 X113.247 Y46.137 E.02464
G1 X73.863 Y6.753 E2.12152
G1 X73.215 Y6.753 E.02468
G1 X113.247 Y46.785 E2.15643
G1 X113.247 Y47.433 E.02468
G1 X72.567 Y6.753 E2.19134
G1 X71.919 Y6.753 E.02468
G1 X113.247 Y48.081 E2.22624
G1 X113.247 Y48.729 E.02468
G1 X71.271 Y6.753 E2.26115
G1 X70.623 Y6.753 E.02468
G1 X113.247 Y49.377 E2.29605
G1 X113.247 Y50.024 E.02464
G1 X69.976 Y6.753 E2.33091
G1 X69.328 Y6.753 E.02468
G1 X113.247 Y50.672 E2.36581
G1 X113.247 Y51.32 E.02468
G1 X68.68 Y6.753 E2.40072
G1 X68.032 Y6.753 E.02468
G1 X113.247 Y51.968 E2.43563
G1 X113.247 Y52.616 E.02468
G1 X67.384 Y6.753 E2.47053
G1 X66.736 Y6.753 E.02468
G1 X113.247 Y53.264 E2.50544
G1 X113.247 Y53.911 E.02464
G1 X66.089 Y6.753 E2.54029
G1 X65.441 Y6.753 E.02468
G1 X113.247 Y54.559 E2.5752
G1 X113.247 Y55.207 E.02468
M73 P15 R56
G1 X64.793 Y6.753 E2.6101
G1 X64.145 Y6.753 E.02468
G1 X113.247 Y55.855 E2.64501
G1 X113.247 Y56.503 E.02468
G1 X63.497 Y6.753 E2.67992
G1 X62.849 Y6.753 E.02468
G1 X113.247 Y57.151 E2.71482
G1 X113.247 Y57.798 E.02464
G1 X62.202 Y6.753 E2.74967
G1 X61.554 Y6.753 E.02468
G1 X113.247 Y58.446 E2.78458
G1 X113.247 Y59.094 E.02468
G1 X60.906 Y6.753 E2.81949
G1 X60.258 Y6.753 E.02468
G1 X113.247 Y59.742 E2.85439
G1 X113.247 Y60.39 E.02468
G1 X59.61 Y6.753 E2.8893
G1 X58.962 Y6.753 E.02468
G1 X113.247 Y61.038 E2.9242
G1 X113.247 Y61.685 E.02464
M73 Q15 S59
G1 X58.315 Y6.753 E2.95906
G1 X57.667 Y6.753 E.02468
G1 X113.247 Y62.333 E2.99396
G1 X113.247 Y62.981 E.02468
G1 X57.019 Y6.753 E3.02887
G1 X56.371 Y6.753 E.02468
G1 X113.247 Y63.629 E3.06378
G1 X113.247 Y64.277 E.02468
G1 X55.723 Y6.753 E3.09868
G1 X55.075 Y6.753 E.02468
G1 X113.247 Y64.925 E3.13359
G1 X113.247 Y65.572 E.02464
G1 X54.428 Y6.753 E3.16844
G1 X53.78 Y6.753 E.02468
G1 X113.247 Y66.22 E3.20335
G1 X113.247 Y66.868 E.02468
G1 X53.132 Y6.753 E3.23825
G1 X52.484 Y6.753 E.02468
G1 X113.247 Y67.516 E3.27316
G1 X113.247 Y68.164 E.02468
G1 X51.836 Y6.753 E3.30807
G1 X51.188 Y6.753 E.02468
M73 Q15 S58
G1 X113.247 Y68.812 E3.34297
G1 X113.247 Y69.459 E.02464
G1 X50.541 Y6.753 E3.37782
G1 X49.893 Y6.753 E.02468
G1 X113.247 Y70.107 E3.41273
G1 X113.247 Y70.755 E.02468
G1 X49.245 Y6.753 E3.44764
G1 X48.597 Y6.753 E.02468
G1 X113.247 Y71.403 E3.48254
G1 X113.247 Y72.051 E.02468
G1 X47.949 Y6.753 E3.51745
G1 X47.301 Y6.753 E.02468
G1 X113.247 Y72.699 E3.55236
G1 X113.247 Y73.347 E.02468
G1 X46.654 Y6.753 E3.58723
G1 X46.006 Y6.753 E.02468
G1 X113.247 Y73.994 E3.62211
G1 X113.247 Y74.642 E.02468
G1 X45.358 Y6.753 E3.65702
G1 X44.71 Y6.753 E.02468
G1 X113.247 Y75.29 E3.69193
G1 X113.247 Y75.938 E.02468
G1 X44.062 Y6.753 E3.72683
G1 X43.414 Y6.753 E.02468
G1 X113.247 Y76.586 E3.76174
G1 X113.247 Y77.234 E.02468
G1 X42.766 Y6.753 E3.79665
G1 X42.119 Y6.753 E.02464
G1 X113.247 Y77.881 E3.8315
G1 X113.247 Y78.529 E.02468
G1 X41.471 Y6.753 E3.8664
G1 X40.823 Y6.753 E.02468
G1 X113.247 Y79.177 E3.90131
G1 X113.247 Y79.825 E.02468
G1 X40.175 Y6.753 E3.93622
G1 X39.527 Y6.753 E.02468
G1 X113.247 Y80.473 E3.97112
G1 X113.247 Y81.121 E.02468
G1 X38.879 Y6.753 E4.00603
G1 X38.232 Y6.753 E.02464
G1 X113.247 Y81.768 E4.04088
G1 X113.247 Y82.416 E.02468
G1 X37.584 Y6.753 E4.07579
G1 X36.936 Y6.753 E.02468
G1 X113.247 Y83.064 E4.11069
G1 X113.247 Y83.712 E.02468
G1 X36.288 Y6.753 E4.1456
G1 X35.64 Y6.753 E.02468
M73 P16 R56
G1 X113.247 Y84.36 E4.18051
G1 X113.247 Y85.008 E.02468
G1 X34.992 Y6.753 E4.21541
G1 X34.345 Y6.753 E.02464
G1 X113.247 Y85.655 E4.25026
G1 X113.247 Y86.303 E.02468
G1 X33.697 Y6.753 E4.28517
G1 X33.049 Y6.753 E.02468
M73 P16 R55
G1 X113.247 Y86.951 E4.32008
G1 X113.247 Y87.599 E.02468
G1 X32.401 Y6.753 E4.35498
G1 X31.753 Y6.753 E.02468
M73 Q16 S58
G1 X113.247 Y88.247 E4.38989
G1 X113.247 Y88.895 E.02468
G1 X31.105 Y6.753 E4.4248
G1 X30.458 Y6.753 E.02464
G1 X113.247 Y89.542 E4.45965
G1 X113.247 Y90.19 E.02468
G1 X29.81 Y6.753 E4.49455
G1 X29.162 Y6.753 E.02468
G1 X113.247 Y90.838 E4.52946
G1 X113.247 Y91.486 E.02468
G1 X28.514 Y6.753 E4.56437
G1 X27.866 Y6.753 E.02468
G1 X113.247 Y92.134 E4.59927
G1 X113.247 Y92.782 E.02468
G1 X27.218 Y6.753 E4.63418
G1 X26.571 Y6.753 E.02464
G1 X113.247 Y93.429 E4.66903
G1 X113.247 Y94.077 E.02468
G1 X25.923 Y6.753 E4.70394
G1 X25.275 Y6.753 E.02468
G1 X113.247 Y94.725 E4.73884
G1 X113.247 Y95.373 E.02468
G1 X24.627 Y6.753 E4.77375
G1 X23.979 Y6.753 E.02468
G1 X113.247 Y96.021 E4.80866
G1 X113.247 Y96.669 E.02468
G1 X23.331 Y6.753 E4.84356
G1 X22.684 Y6.753 E.02464
G1 X113.247 Y97.316 E4.87842
G1 X113.247 Y97.964 E.02468
G1 X22.036 Y6.753 E4.91332
G1 X21.388 Y6.753 E.02468
G1 X113.247 Y98.612 E4.94823
G1 X113.247 Y99.26 E.02468
G1 X20.74 Y6.753 E4.98313
G1 X20.092 Y6.753 E.02468
G1 X113.247 Y99.908 E5.01804
G1 X113.247 Y100.556 E.02468
G1 X19.444 Y6.753 E5.05295
G1 X18.797 Y6.753 E.02464
G1 X113.247 Y101.203 E5.0878
G1 X113.247 Y101.851 E.02468
G1 X18.149 Y6.753 E5.1227
G1 X17.501 Y6.753 E.02468
M73 Q16 S57
G1 X113.247 Y102.499 E5.15761
G1 X113.247 Y103.147 E.02468
G1 X16.853 Y6.753 E5.19252
G1 X16.205 Y6.753 E.02468
G1 X113.247 Y103.795 E5.22742
G1 X113.247 Y104.443 E.02468
M73 P17 R55
G1 X15.557 Y6.753 E5.26233
G1 X14.91 Y6.753 E.02464
G1 X113.247 Y105.09 E5.29718
G1 X113.247 Y105.738 E.02468
G1 X14.262 Y6.753 E5.33209
G1 X13.614 Y6.753 E.02468
G1 X113.247 Y106.386 E5.36699
G1 X113.247 Y107.034 E.02468
G1 X12.966 Y6.753 E5.4019
G1 X12.318 Y6.753 E.02468
G1 X113.247 Y107.682 E5.43681
G1 X113.247 Y108.33 E.02468
M73 Q17 S57
G1 X11.67 Y6.753 E5.47171
G1 X11.023 Y6.753 E.02464
G1 X113.247 Y108.977 E5.50657
G1 X113.247 Y109.625 E.02468
G1 X10.375 Y6.753 E5.54147
G1 X9.727 Y6.753 E.02468
G1 X113.247 Y110.273 E5.57638
G1 X113.247 Y110.921 E.02468
G1 X9.079 Y6.753 E5.61128
G1 X8.431 Y6.753 E.02468
G1 X113.247 Y111.569 E5.64619
G1 X113.247 Y112.217 E.02468
G1 X7.783 Y6.753 E5.6811
G1 X7.136 Y6.753 E.02464
G1 X113.247 Y112.864 E5.71595
G1 X113.247 Y113.512 E.02468
G1 X6.753 Y7.018 E5.73658
G1 X6.753 Y7.665 E.02464
G1 X113.247 Y114.16 E5.73661
G1 X113.247 Y114.808 E.02468
G1 X6.753 Y8.313 E5.73661
G1 X6.753 Y8.961 E.02468
G1 X113.247 Y115.456 E5.73661
G1 X113.247 Y116.104 E.02468
M73 P17 R54
G1 X6.753 Y9.609 E5.73661
G1 X6.753 Y10.257 E.02468
G1 X113.247 Y116.751 E5.73658
G1 X113.247 Y117.399 E.02468
G1 X6.753 Y10.905 E5.73658
G1 X6.753 Y11.552 E.02464
G1 X113.247 Y118.047 E5.73661
G1 X113.247 Y118.695 E.02468
G1 X6.753 Y12.2 E5.73661
G1 X6.753 Y12.848 E.02468
G1 X113.247 Y119.343 E5.73661
G1 X113.247 Y119.991 E.02468
G1 X6.753 Y13.496 E5.73661
G1 X6.753 Y14.144 E.02468
G1 X113.247 Y120.638 E5.73658
G1 X113.247 Y121.286 E.02468
G1 X6.753 Y14.792 E5.73658
G1 X6.753 Y15.439 E.02464
M73 P18 R54
G1 X113.247 Y121.934 E5.73661
G1 X113.247 Y122.582 E.02468
G1 X6.753 Y16.087 E5.73661
G1 X6.753 Y16.735 E.02468
G1 X113.247 Y123.23 E5.73661
G1 X113.247 Y123.878 E.02468
G1 X6.753 Y17.383 E5.73661
G1 X6.753 Y18.031 E.02468
G1 X113.247 Y124.525 E5.73658
G1 X113.247 Y125.173 E.02468
G1 X6.753 Y18.679 E5.73658
G1 X6.753 Y19.326 E.02464
M73 Q18 S57
G1 X113.247 Y125.821 E5.73661
G1 X113.247 Y126.469 E.02468
G1 X6.753 Y19.974 E5.73661
G1 X6.753 Y20.622 E.02468
G1 X113.247 Y127.117 E5.73661
G1 X113.247 Y127.765 E.02468
M73 Q18 S56
G1 X6.753 Y21.27 E5.73661
G1 X6.753 Y21.918 E.02468
G1 X113.247 Y128.412 E5.73658
G1 X113.247 Y129.06 E.02468
G1 X6.753 Y22.566 E5.73658
G1 X6.753 Y23.213 E.02464
G1 X113.247 Y129.708 E5.73661
G1 X113.247 Y130.356 E.02468
G1 X6.753 Y23.861 E5.73661
G1 X6.753 Y24.509 E.02468
G1 X113.247 Y131.004 E5.73661
G1 X113.247 Y131.652 E.02468
G1 X6.753 Y25.157 E5.73661
G1 X6.753 Y25.805 E.02468
G1 X113.247 Y132.299 E5.73658
G1 X113.247 Y132.947 E.02468
G1 X6.753 Y26.453 E5.73658
G1 X6.753 Y27.1 E.02464
G1 X113.247 Y133.595 E5.73661
G1 X113.247 Y134.243 E.02468
G1 X6.753 Y27.748 E5.73661
G1 X6.753 Y28.396 E.02468
G1 X113.247 Y134.891 E5.73661
G1 X113.247 Y135.539 E.02468
G1 X6.753 Y29.044 E5.73661
G1 X6.753 Y29.692 E.02468
G1 X113.247 Y136.186 E5.73658
G1 X113.247 Y136.834 E.02468
G1 X6.753 Y30.34 E5.73658
G1 X6.753 Y30.987 E.02464
G1 X113.247 Y137.482 E5.73661
G1 X113.247 Y138.13 E.02468
G1 X6.753 Y31.635 E5.73661
G1 X6.753 Y32.283 E.02468
M73 P19 R54
G1 X113.247 Y138.778 E5.73661
G1 X113.247 Y139.426 E.02468
G1 X6.753 Y32.931 E5.73661
G1 X6.753 Y33.579 E.02468
G1 X113.247 Y140.073 E5.73658
G1 X113.247 Y140.721 E.02468
G1 X6.753 Y34.227 E5.73658
G1 X6.753 Y34.874 E.02464
M73 P19 R53
G1 X113.247 Y141.369 E5.73661
G1 X113.247 Y142.017 E.02468
G1 X6.753 Y35.522 E5.73661
G1 X6.753 Y36.17 E.02468
G1 X113.247 Y142.665 E5.73661
G1 X113.247 Y143.313 E.02468
M73 Q19 S56
G1 X6.753 Y36.818 E5.73661
G1 X6.753 Y37.466 E.02468
G1 X113.247 Y143.96 E5.73658
G1 X113.247 Y144.608 E.02468
G1 X6.753 Y38.114 E5.73658
G1 X6.753 Y38.761 E.02464
G1 X113.247 Y145.256 E5.73661
G1 X113.247 Y145.904 E.02468
G1 X6.753 Y39.409 E5.73661
G1 X6.753 Y40.057 E.02468
G1 X113.247 Y146.552 E5.73661
G1 X113.247 Y147.2 E.02468
G1 X6.753 Y40.705 E5.73661
G1 X6.753 Y41.353 E.02468
G1 X113.247 Y147.847 E5.73658
G1 X113.247 Y148.495 E.02468
G1 X6.753 Y42.001 E5.73658
G1 X6.753 Y42.648 E.02464
G1 X113.247 Y149.143 E5.73661
G1 X113.247 Y149.791 E.02468
G1 X6.753 Y43.296 E5.73661
G1 X6.753 Y43.944 E.02468
G1 X113.247 Y150.439 E5.73661
G1 X113.247 Y151.087 E.02468
G1 X6.753 Y44.592 E5.73661
G1 X6.753 Y45.24 E.02468
G1 X113.247 Y151.734 E5.73658
G1 X113.247 Y152.382 E.02468
M73 Q19 S55
G1 X6.753 Y45.888 E5.73658
G1 X6.753 Y46.535 E.02464
G1 X112.865 Y152.647 E5.716
G1 X112.217 Y152.647 E.02468
G1 X6.753 Y47.183 E5.6811
G1 X6.753 Y47.831 E.02468
G1 X111.569 Y152.647 E5.64619
G1 X110.921 Y152.647 E.02468
G1 X6.753 Y48.479 E5.61128
G1 X6.753 Y49.127 E.02468
M73 P20 R53
G1 X110.273 Y152.647 E5.57638
G1 X109.625 Y152.647 E.02468
G1 X6.753 Y49.775 E5.54147
G1 X6.753 Y50.422 E.02464
G1 X108.978 Y152.647 E5.50662
G1 X108.33 Y152.647 E.02468
G1 X6.753 Y51.07 E5.47171
G1 X6.753 Y51.718 E.02468
G1 X107.682 Y152.647 E5.43681
G1 X107.034 Y152.647 E.02468
G1 X6.753 Y52.366 E5.4019
G1 X6.753 Y53.014 E.02468
G1 X106.386 Y152.647 E5.36699
G1 X105.738 Y152.647 E.02468
G1 X6.753 Y53.662 E5.33209
G1 X6.753 Y54.309 E.02464
M73 Q20 S55
G1 X105.091 Y152.647 E5.29724
G1 X104.443 Y152.647 E.02468
G1 X6.753 Y54.957 E5.26233
G1 X6.753 Y55.605 E.02468
G1 X103.795 Y152.647 E5.22742
G1 X103.147 Y152.647 E.02468
G1 X6.753 Y56.253 E5.19252
G1 X6.753 Y56.901 E.02468
G1 X102.499 Y152.647 E5.15761
G1 X101.851 Y152.647 E.02468
G1 X6.753 Y57.549 E5.1227
G1 X6.753 Y58.196 E.02464
G1 X101.204 Y152.647 E5.08785
G1 X100.556 Y152.647 E.02468
G1 X6.753 Y58.844 E5.05295
G1 X6.753 Y59.492 E.02468
G1 X99.908 Y152.647 E5.01804
G1 X99.26 Y152.647 E.02468
G1 X6.753 Y60.14 E4.98313
G1 X6.753 Y60.788 E.02468
M73 P20 R52
G1 X98.612 Y152.647 E4.94823
G1 X97.964 Y152.647 E.02468
G1 X6.753 Y61.436 E4.91332
G1 X6.753 Y62.083 E.02464
G1 X97.317 Y152.647 E4.87847
G1 X96.669 Y152.647 E.02468
G1 X6.753 Y62.731 E4.84356
G1 X6.753 Y63.379 E.02468
G1 X96.021 Y152.647 E4.80866
G1 X95.373 Y152.647 E.02468
G1 X6.753 Y64.027 E4.77375
G1 X6.753 Y64.675 E.02468
G1 X94.725 Y152.647 E4.73884
G1 X94.077 Y152.647 E.02468
G1 X6.753 Y65.323 E4.70394
G1 X6.753 Y65.97 E.02464
G1 X93.43 Y152.647 E4.66909
G1 X92.782 Y152.647 E.02468
G1 X6.753 Y66.618 E4.63418
G1 X6.753 Y67.266 E.02468
G1 X92.134 Y152.647 E4.59927
G1 X91.486 Y152.647 E.02468
G1 X6.753 Y67.914 E4.56437
G1 X6.753 Y68.562 E.02468
M73 P21 R52
G1 X90.838 Y152.647 E4.52946
G1 X90.19 Y152.647 E.02468
G1 X6.753 Y69.21 E4.49455
G1 X6.753 Y69.857 E.02464
G1 X89.543 Y152.647 E4.4597
G1 X88.895 Y152.647 E.02468
G1 X6.753 Y70.505 E4.4248
G1 X6.753 Y71.153 E.02468
G1 X88.247 Y152.647 E4.38989
G1 X87.599 Y152.647 E.02468
G1 X6.753 Y71.801 E4.35498
G1 X6.753 Y72.449 E.02468
G1 X86.951 Y152.647 E4.32008
G1 X86.303 Y152.647 E.02468
G1 X6.753 Y73.097 E4.28517
G1 X6.753 Y73.744 E.02464
G1 X85.656 Y152.647 E4.25032
G1 X85.008 Y152.647 E.02468
M73 Q20 S54
G1 X6.753 Y74.392 E4.21541
G1 X6.753 Y75.04 E.02468
M73 Q21 S54
G1 X84.36 Y152.647 E4.18051
G1 X83.712 Y152.647 E.02468
G1 X6.753 Y75.688 E4.1456
G1 X6.753 Y76.336 E.02468
G1 X83.064 Y152.647 E4.11069
G1 X82.416 Y152.647 E.02468
G1 X6.753 Y76.984 E4.07579
G1 X6.753 Y77.631 E.02464
G1 X81.769 Y152.647 E4.04093
G1 X81.121 Y152.647 E.02468
G1 X6.753 Y78.279 E4.00603
G1 X6.753 Y78.927 E.02468
G1 X80.473 Y152.647 E3.97112
G1 X79.825 Y152.647 E.02468
G1 X6.753 Y79.575 E3.93622
G1 X6.753 Y80.223 E.02468
G1 X79.177 Y152.647 E3.90131
G1 X78.529 Y152.647 E.02468
G1 X6.753 Y80.871 E3.8664
G1 X6.753 Y81.518 E.02464
G1 X77.882 Y152.647 E3.83155
G1 X77.234 Y152.647 E.02468
G1 X6.753 Y82.166 E3.79665
G1 X6.753 Y82.814 E.02468
G1 X76.586 Y152.647 E3.76174
G1 X75.938 Y152.647 E.02468
G1 X6.753 Y83.462 E3.72683
G1 X6.753 Y84.11 E.02468
G1 X75.29 Y152.647 E3.69193
G1 X74.642 Y152.647 E.02468
G1 X6.753 Y84.758 E3.65702
G1 X6.753 Y85.406 E.02468
G1 X73.994 Y152.647 E3.62211
G1 X73.347 Y152.647 E.02464
G1 X6.753 Y86.053 E3.58726
G1 X6.753 Y86.701 E.02468
G1 X72.699 Y152.647 E3.55236
G1 X72.051 Y152.647 E.02468
G1 X6.753 Y87.349 E3.51745
G1 X6.753 Y87.997 E.02468
G1 X71.403 Y152.647 E3.48254
G1 X70.755 Y152.647 E.02468
G1 X6.753 Y88.645 E3.44764
G1 X6.753 Y89.293 E.02468
G1 X70.107 Y152.647 E3.41273
G1 X69.46 Y152.647 E.02464
G1 X6.753 Y89.94 E3.37788
G1 X6.753 Y90.588 E.02468
G1 X68.812 Y152.647 E3.34297
G1 X68.164 Y152.647 E.02468
G1 X6.753 Y91.236 E3.30807
G1 X6.753 Y91.884 E.02468
G1 X67.516 Y152.647 E3.27316
G1 X66.868 Y152.647 E.02468
G1 X6.753 Y92.532 E3.23825
G1 X6.753 Y93.18 E.02468
M73 P22 R52
G1 X66.22 Y152.647 E3.20335
G1 X65.573 Y152.647 E.02464
G1 X6.753 Y93.827 E3.16849
G1 X6.753 Y94.475 E.02468
G1 X64.925 Y152.647 E3.13359
G1 X64.277 Y152.647 E.02468
G1 X6.753 Y95.123 E3.09868
G1 X6.753 Y95.771 E.02468
G1 X63.629 Y152.647 E3.06378
G1 X62.981 Y152.647 E.02468
G1 X6.753 Y96.419 E3.02887
G1 X6.753 Y97.067 E.02468
M73 P22 R51
G1 X62.333 Y152.647 E2.99396
G1 X61.686 Y152.647 E.02464
G1 X6.753 Y97.714 E2.95911
G1 X6.753 Y98.362 E.02468
G1 X61.038 Y152.647 E2.9242
G1 X60.39 Y152.647 E.02468
G1 X6.753 Y99.01 E2.8893
G1 X6.753 Y99.658 E.02468
G1 X59.742 Y152.647 E2.85439
G1 X59.094 Y152.647 E.02468
G1 X6.753 Y100.306 E2.81949
G1 X6.753 Y100.954 E.02468
G1 X58.446 Y152.647 E2.78458
G1 X57.799 Y152.647 E.02464
G1 X6.753 Y101.601 E2.74973
G1 X6.753 Y102.249 E.02468
G1 X57.151 Y152.647 E2.71482
G1 X56.503 Y152.647 E.02468
M73 Q22 S54
G1 X6.753 Y102.897 E2.67992
G1 X6.753 Y103.545 E.02468
G1 X55.855 Y152.647 E2.64501
G1 X55.207 Y152.647 E.02468
G1 X6.753 Y104.193 E2.6101
G1 X6.753 Y104.841 E.02468
G1 X54.559 Y152.647 E2.5752
G1 X53.912 Y152.647 E.02464
G1 X6.753 Y105.488 E2.54034
G1 X6.753 Y106.136 E.02468
G1 X53.264 Y152.647 E2.50544
G1 X52.616 Y152.647 E.02468
G1 X6.753 Y106.784 E2.47053
G1 X6.753 Y107.432 E.02468
G1 X51.968 Y152.647 E2.43563
G1 X51.32 Y152.647 E.02468
G1 X6.753 Y108.08 E2.40072
G1 X6.753 Y108.728 E.02468
G1 X50.672 Y152.647 E2.36581
G1 X50.025 Y152.647 E.02464
G1 X6.753 Y109.375 E2.33096
G1 X6.753 Y110.023 E.02468
G1 X49.377 Y152.647 E2.29605
G1 X48.729 Y152.647 E.02468
G1 X6.753 Y110.671 E2.26115
G1 X6.753 Y111.319 E.02468
G1 X48.081 Y152.647 E2.22624
G1 X47.433 Y152.647 E.02468
G1 X6.753 Y111.967 E2.19134
G1 X6.753 Y112.615 E.02468
G1 X46.785 Y152.647 E2.15643
G1 X46.138 Y152.647 E.02464
G1 X6.753 Y113.262 E2.12158
G1 X6.753 Y113.91 E.02468
G1 X45.49 Y152.647 E2.08667
G1 X44.842 Y152.647 E.02468
G1 X6.753 Y114.558 E2.05176
G1 X6.753 Y115.206 E.02468
G1 X44.194 Y152.647 E2.01686
G1 X43.546 Y152.647 E.02468
G1 X6.753 Y115.854 E1.98195
G1 X6.753 Y116.502 E.02468
G1 X42.898 Y152.647 E1.94705
G1 X42.251 Y152.647 E.02464
G1 X6.753 Y117.149 E1.91219
G1 X6.753 Y117.797 E.02468
G1 X41.603 Y152.647 E1.87729
G1 X40.955 Y152.647 E.02468
G1 X6.753 Y118.445 E1.84238
G1 X6.753 Y119.093 E.02468
G1 X40.307 Y152.647 E1.80747
G1 X39.659 Y152.647 E.02468
M73 Q22 S53
G1 X6.753 Y119.741 E1.77257
G1 X6.753 Y120.389 E.02468
G1 X39.011 Y152.647 E1.73766
G1 X38.364 Y152.647 E.02464
G1 X6.753 Y121.036 E1.70281
G1 X6.753 Y121.684 E.02468
G1 X37.716 Y152.647 E1.6679
G1 X37.068 Y152.647 E.02468
G1 X6.753 Y122.332 E1.633
G1 X6.753 Y122.98 E.02468
G1 X36.42 Y152.647 E1.59809
G1 X35.772 Y152.647 E.02468
G1 X6.753 Y123.628 E1.56319
G1 X6.753 Y124.276 E.02468
G1 X35.124 Y152.647 E1.52828
G1 X34.477 Y152.647 E.02464
G1 X6.753 Y124.923 E1.49343
G1 X6.753 Y125.571 E.02468
G1 X33.829 Y152.647 E1.45852
G1 X33.181 Y152.647 E.02468
G1 X6.753 Y126.219 E1.42361
G1 X6.753 Y126.867 E.02468
G1 X32.533 Y152.647 E1.38871
G1 X31.885 Y152.647 E.02468
G1 X6.753 Y127.515 E1.3538
G1 X6.753 Y128.163 E.02468
G1 X31.237 Y152.647 E1.3189
G1 X30.59 Y152.647 E.02464
G1 X6.753 Y128.81 E1.28404
G1 X6.753 Y129.458 E.02468
G1 X29.942 Y152.647 E1.24914
G1 X29.294 Y152.647 E.02468
G1 X6.753 Y130.106 E1.21423
G1 X6.753 Y130.754 E.02468
G1 X28.646 Y152.647 E1.17932
G1 X27.998 Y152.647 E.02468
G1 X6.753 Y131.402 E1.14442
G1 X6.753 Y132.05 E.02468
G1 X27.35 Y152.647 E1.10951
G1 X26.703 Y152.647 E.02464
G1 X6.753 Y132.697 E1.07466
G1 X6.753 Y133.345 E.02468
G1 X26.055 Y152.647 E1.03975
G1 X25.407 Y152.647 E.02468
G1 X6.753 Y133.993 E1.00485
G1 X6.753 Y134.641 E.02468
G1 X24.759 Y152.647 E.96994
G1 X24.111 Y152.647 E.02468
G1 X6.753 Y135.289 E.93503
G1 X6.753 Y135.937 E.02468
G1 X23.463 Y152.647 E.90013
G1 X22.816 Y152.647 E.02464
G1 X6.753 Y136.584 E.86528
G1 X6.753 Y137.232 E.02468
G1 X22.168 Y152.647 E.83037
G1 X21.52 Y152.647 E.02468
G1 X6.753 Y137.88 E.79546
G1 X6.753 Y138.528 E.02468
G1 X20.872 Y152.647 E.76056
G1 X20.224 Y152.647 E.02468
G1 X6.753 Y139.176 E.72565
G1 X6.753 Y139.824 E.02468
G1 X19.576 Y152.647 E.69074
G1 X18.929 Y152.647 E.02464
G1 X6.753 Y140.471 E.65589
G1 X6.753 Y141.119 E.02468
G1 X18.281 Y152.647 E.62099
G1 X17.633 Y152.647 E.02468
M73 P23 R51
G1 X6.753 Y141.767 E.58608
G1 X6.753 Y142.415 E.02468
G1 X16.985 Y152.647 E.55117
G1 X16.337 Y152.647 E.02468
G1 X6.753 Y143.063 E.51627
G1 X6.753 Y143.711 E.02468
G1 X15.689 Y152.647 E.48136
G1 X15.042 Y152.647 E.02464
G1 X6.753 Y144.358 E.44651
G1 X6.753 Y145.006 E.02468
G1 X14.394 Y152.647 E.4116
G1 X13.746 Y152.647 E.02468
G1 X6.753 Y145.654 E.3767
G1 X6.753 Y146.302 E.02468
G1 X13.098 Y152.647 E.34179
G1 X12.45 Y152.647 E.02468
G1 X6.753 Y146.95 E.30688
G1 X6.753 Y147.598 E.02468
G1 X11.802 Y152.647 E.27198
G1 X11.155 Y152.647 E.02464
G1 X6.753 Y148.245 E.23713
G1 X6.753 Y148.893 E.02468
G1 X10.507 Y152.647 E.20222
G1 X9.859 Y152.647 E.02468
G1 X6.753 Y149.541 E.16731
G1 X6.753 Y150.189 E.02468
G1 X9.211 Y152.647 E.13241
G1 X8.563 Y152.647 E.02468
G1 X6.753 Y150.837 E.0975
G1 X6.753 Y151.485 E.02468
G1 X7.915 Y152.647 E.06259
G1 X7.268 Y152.647 E.02464
G1 X6.547 Y151.927 E.03881
M106 S109.65
;LAYER_CHANGE
;Z:0.44
;HEIGHT:0.24
;BEFORE_LAYER_CHANGE
G92 E0.0
;0.44


G1 E-.16 F2700
;WIPE_START
G1 F16800
G1 X7.268 Y152.647 E-.15557
G1 X7.915 Y152.647 E-.09878
G1 X6.753 Y151.485 E-.2509
G1 X6.753 Y150.837 E-.09894
G1 X6.919 Y151.003 E-.03581
;WIPE_END
G1 X6.919 Y151.003 Z.2 F21000
G1 X35.941 Y151.592 Z.707
G1 X38.079 Y151.635 Z.74
G1 X40.217 Y151.678 Z.766
G1 X42.355 Y151.722 Z.785
G1 X46.63 Y151.808 Z.8
G1 X124.022 Y153.378 Z.8
;AFTER_LAYER_CHANGE
;0.44
M104 S220 ; set temperature
G1 Z.44 F720
G1 E.8 F1500
;TYPE:Perimeter
;WIDTH:0.449999
G1 F4200
G1 X124.022 Y6.022 E5.85917
G1 X231.978 Y6.022 E4.29255
G1 X231.978 Y153.378 E5.85917
G1 X124.082 Y153.378 E4.29016
G1 X123.623 Y153.777 F21000
G1 F4200
G1 X123.623 Y5.623 E5.8909
G1 X232.377 Y5.623 E4.32428
M73 Q23 S53
G1 X232.377 Y153.777 E5.8909
G1 X123.683 Y153.777 E4.32189
M204 T250
G1 X123.225 Y154.175 F21000
M204 T7000
;TYPE:External perimeter
G1 F2888.327
G1 X123.225 Y153.5 E.02684
G1 F3000
G1 X123.225 Y5.9 E5.86887
G1 F2890.892
G1 X123.225 Y5.225 E.02684
G1 F2905.838
G1 X123.9 Y5.225 E.02684
G1 F2999.998
G1 X232.1 Y5.225 E4.30225
G1 F2903.627
G1 X232.775 Y5.225 E.02684
G1 F2888.329
G1 X232.775 Y5.9 E.02684
G1 F3000
G1 X232.775 Y153.5 E5.86887
G1 F2858.134
M73 P23 R50
G1 X232.775 Y154.175 E.02684
G1 X232.1 Y154.175 E.02684
G1 F3000
G1 X123.9 Y154.175 E4.30225
G1 F2903.626
G1 X123.285 Y154.175 E.02445
G1 E-.16 F2700
;WIPE_START
G1 F16800
G1 X123.225 Y154.175 E-.00916
G1 X123.225 Y153.5 E-.10306
G1 X123.225 Y150.043 E-.52778
;WIPE_END
G1 X123.476 Y121.016 Z.947 F21000
G1 X123.495 Y118.878 Z.98
G1 X123.513 Y116.739 Z1.006
G1 X123.532 Y114.601 Z1.025
G1 X123.569 Y110.325 Z1.04
G1 X124.469 Y6.393
G1 Z.44 F720
G1 E.8 F1500
;TYPE:Solid infill
;WIDTH:0.546684
G1 F7573.004
G1 X124.425 Y6.349 E.00307
G1 X124.365 Y6.365 E.00307
G1 X124.349 Y6.425 E.00307
G1 X124.393 Y6.469 E.00307
G1 X124.453 Y6.453 E.00307
;WIDTH:0.449999
G1 F8400
G1 X125.089 Y6.361 E.02555
G1 X124.361 Y7.089 E.04094
G1 X124.361 Y7.653 E.02243
G1 X125.653 Y6.361 E.07265
G1 X126.216 Y6.361 E.02239
G1 X124.361 Y8.216 E.10431
G1 X124.361 Y8.78 E.02243
G1 X126.78 Y6.361 E.13603
G1 X127.344 Y6.361 E.02243
G1 X124.361 Y9.344 E.16774
G1 X124.361 Y9.907 E.02239
G1 X127.907 Y6.361 E.1994
G1 X128.471 Y6.361 E.02243
G1 X124.361 Y10.471 E.23111
G1 X124.361 Y11.034 E.02239
G1 X129.034 Y6.361 E.26277
G1 X129.598 Y6.361 E.02243
G1 X124.361 Y11.598 E.29449
G1 X124.361 Y12.161 E.02239
G1 X130.161 Y6.361 E.32615
G1 X130.725 Y6.361 E.02243
G1 X124.361 Y12.725 E.35786
G1 X124.361 Y13.288 E.02239
G1 X131.288 Y6.361 E.38952
G1 X131.852 Y6.361 E.02243
G1 X124.361 Y13.852 E.42123
G1 X124.361 Y14.416 E.02243
G1 X132.416 Y6.361 E.45295
G1 X132.979 Y6.361 E.02239
G1 X124.361 Y14.979 E.48461
G1 X124.361 Y15.543 E.02243
G1 X133.543 Y6.361 E.51632
G1 X134.106 Y6.361 E.02239
G1 X124.361 Y16.106 E.54798
G1 X124.361 Y16.67 E.02243
G1 X134.67 Y6.361 E.5797
G1 X135.233 Y6.361 E.02239
G1 X124.361 Y17.233 E.61135
G1 X124.361 Y17.797 E.02243
G1 X135.797 Y6.361 E.64307
G1 X136.36 Y6.361 E.02239
G1 X124.361 Y18.36 E.67473
G1 X124.361 Y18.924 E.02243
G1 X136.924 Y6.361 E.70644
G1 X137.488 Y6.361 E.02243
G1 X124.361 Y19.488 E.73816
G1 X124.361 Y20.051 E.02239
G1 X138.051 Y6.361 E.76982
G1 X138.615 Y6.361 E.02243
G1 X124.361 Y20.615 E.80153
G1 X124.361 Y21.178 E.02239
G1 X139.178 Y6.361 E.83319
G1 X139.742 Y6.361 E.02243
G1 X124.361 Y21.742 E.8649
G1 X124.361 Y22.305 E.02239
G1 X140.305 Y6.361 E.89656
G1 X140.869 Y6.361 E.02243
G1 X124.361 Y22.869 E.92828
G1 X124.361 Y23.432 E.02239
G1 X141.432 Y6.361 E.95994
G1 X141.996 Y6.361 E.02243
G1 X124.361 Y23.996 E.99165
G1 X124.361 Y24.56 E.02243
G1 X142.56 Y6.361 E1.02337
G1 X143.123 Y6.361 E.02239
G1 X124.361 Y25.123 E1.05502
G1 X124.361 Y25.687 E.02243
G1 X143.687 Y6.361 E1.08674
G1 X144.25 Y6.361 E.02239
G1 X124.361 Y26.25 E1.1184
G1 X124.361 Y26.814 E.02243
G1 X144.814 Y6.361 E1.15011
G1 X145.377 Y6.361 E.02239
G1 X124.361 Y27.377 E1.18177
G1 X124.361 Y27.941 E.02243
G1 X145.941 Y6.361 E1.21349
G1 X146.504 Y6.361 E.02239
G1 X124.361 Y28.504 E1.24514
G1 X124.361 Y29.068 E.02243
G1 X147.068 Y6.361 E1.27686
G1 X147.632 Y6.361 E.02243
G1 X124.361 Y29.632 E1.30857
G1 X124.361 Y30.195 E.02239
G1 X148.195 Y6.361 E1.34023
G1 X148.759 Y6.361 E.02243
G1 X124.361 Y30.759 E1.37195
G1 X124.361 Y31.322 E.02239
G1 X149.322 Y6.361 E1.40361
G1 X149.886 Y6.361 E.02243
G1 X124.361 Y31.886 E1.43532
G1 X124.361 Y32.449 E.02239
G1 X150.449 Y6.361 E1.46698
G1 X151.013 Y6.361 E.02243
G1 X124.361 Y33.013 E1.49869
G1 X124.361 Y33.576 E.02239
G1 X151.577 Y6.361 E1.53038
G1 X152.14 Y6.361 E.02239
G1 X124.361 Y34.14 E1.56207
G1 X124.361 Y34.704 E.02243
G1 X152.704 Y6.361 E1.59378
G1 X153.267 Y6.361 E.02239
G1 X124.361 Y35.267 E1.62544
G1 X124.361 Y35.831 E.02243
G1 X153.831 Y6.361 E1.65716
G1 X154.394 Y6.361 E.02239
G1 X124.361 Y36.394 E1.68881
G1 X124.361 Y36.958 E.02243
G1 X154.958 Y6.361 E1.72053
G1 X155.521 Y6.361 E.02239
G1 X124.361 Y37.521 E1.75219
G1 X124.361 Y38.085 E.02243
G1 X156.085 Y6.361 E1.7839
G1 X156.649 Y6.361 E.02243
G1 X124.361 Y38.649 E1.81562
G1 X124.361 Y39.212 E.02239
G1 X157.212 Y6.361 E1.84728
G1 X157.776 Y6.361 E.02243
G1 X124.361 Y39.776 E1.87899
G1 X124.361 Y40.339 E.02239
M73 P24 R50
G1 X158.339 Y6.361 E1.91065
G1 X158.903 Y6.361 E.02243
G1 X124.361 Y40.903 E1.94236
G1 X124.361 Y41.466 E.02239
G1 X159.466 Y6.361 E1.97402
G1 X160.03 Y6.361 E.02243
G1 X124.361 Y42.03 E2.00574
G1 X124.361 Y42.593 E.02239
G1 X160.593 Y6.361 E2.0374
G1 X161.157 Y6.361 E.02243
G1 X124.361 Y43.157 E2.06911
G1 X124.361 Y43.721 E.02243
G1 X161.721 Y6.361 E2.10083
M73 Q23 S52
G1 X162.284 Y6.361 E.02239
G1 X124.361 Y44.284 E2.13248
G1 X124.361 Y44.848 E.02243
G1 X162.848 Y6.361 E2.1642
G1 X163.411 Y6.361 E.02239
G1 X124.361 Y45.411 E2.19586
G1 X124.361 Y45.975 E.02243
G1 X163.975 Y6.361 E2.22757
G1 X164.538 Y6.361 E.02239
G1 X124.361 Y46.538 E2.25923
G1 X124.361 Y47.102 E.02243
G1 X165.102 Y6.361 E2.29095
G1 X165.665 Y6.361 E.02239
G1 X124.361 Y47.665 E2.3226
G1 X124.361 Y48.229 E.02243
G1 X166.229 Y6.361 E2.35432
G1 X166.793 Y6.361 E.02243
G1 X124.361 Y48.793 E2.38603
G1 X124.361 Y49.356 E.02239
G1 X167.356 Y6.361 E2.41769
G1 X167.92 Y6.361 E.02243
G1 X124.361 Y49.92 E2.44941
G1 X124.361 Y50.483 E.02239
G1 X168.483 Y6.361 E2.48107
G1 X169.047 Y6.361 E.02243
G1 X124.361 Y51.047 E2.51278
G1 X124.361 Y51.61 E.02239
M73 Q24 S52
G1 X169.61 Y6.361 E2.54444
G1 X170.174 Y6.361 E.02243
G1 X124.361 Y52.174 E2.57615
G1 X124.361 Y52.737 E.02239
G1 X170.737 Y6.361 E2.60781
G1 X171.301 Y6.361 E.02243
G1 X124.361 Y53.301 E2.63953
G1 X124.361 Y53.865 E.02243
G1 X171.865 Y6.361 E2.67124
G1 X172.428 Y6.361 E.02239
G1 X124.361 Y54.428 E2.7029
G1 X124.361 Y54.992 E.02243
G1 X172.992 Y6.361 E2.73462
G1 X173.555 Y6.361 E.02239
G1 X124.361 Y55.555 E2.76627
G1 X124.361 Y56.119 E.02243
G1 X174.119 Y6.361 E2.79799
G1 X174.682 Y6.361 E.02239
G1 X124.361 Y56.682 E2.82965
G1 X124.361 Y57.246 E.02243
G1 X175.246 Y6.361 E2.86136
G1 X175.809 Y6.361 E.02239
G1 X124.361 Y57.809 E2.89302
G1 X124.361 Y58.373 E.02243
G1 X176.373 Y6.361 E2.92474
G1 X176.937 Y6.361 E.02243
G1 X124.361 Y58.937 E2.95645
G1 X124.361 Y59.5 E.02239
G1 X177.5 Y6.361 E2.98811
G1 X178.064 Y6.361 E.02243
G1 X124.361 Y60.064 E3.01982
G1 X124.361 Y60.627 E.02239
G1 X178.627 Y6.361 E3.05148
G1 X179.191 Y6.361 E.02243
G1 X124.361 Y61.191 E3.0832
G1 X124.361 Y61.754 E.02239
G1 X179.754 Y6.361 E3.11486
G1 X180.318 Y6.361 E.02243
G1 X124.361 Y62.318 E3.14657
G1 X124.361 Y62.881 E.02239
G1 X180.881 Y6.361 E3.17823
G1 X181.445 Y6.361 E.02243
G1 X124.361 Y63.445 E3.20994
G1 X124.361 Y64.009 E.02243
G1 X182.009 Y6.361 E3.24166
G1 X182.572 Y6.361 E.02239
G1 X124.361 Y64.572 E3.27332
G1 X124.361 Y65.136 E.02243
G1 X183.136 Y6.361 E3.30503
G1 X183.699 Y6.361 E.02239
G1 X124.361 Y65.699 E3.33669
G1 X124.361 Y66.263 E.02243
G1 X184.263 Y6.361 E3.36841
G1 X184.826 Y6.361 E.02239
G1 X124.361 Y66.826 E3.40006
G1 X124.361 Y67.39 E.02243
G1 X185.39 Y6.361 E3.43178
G1 X185.953 Y6.361 E.02239
G1 X124.361 Y67.953 E3.46344
G1 X124.361 Y68.517 E.02243
G1 X186.517 Y6.361 E3.49515
G1 X187.081 Y6.361 E.02243
G1 X124.361 Y69.081 E3.52687
G1 X124.361 Y69.644 E.02239
G1 X187.644 Y6.361 E3.55853
G1 X188.208 Y6.361 E.02243
G1 X124.361 Y70.208 E3.59024
G1 X124.361 Y70.771 E.02239
G1 X188.771 Y6.361 E3.6219
G1 X189.335 Y6.361 E.02243
G1 X124.361 Y71.335 E3.65361
G1 X124.361 Y71.898 E.02239
G1 X189.898 Y6.361 E3.68527
G1 X190.462 Y6.361 E.02243
G1 X124.361 Y72.462 E3.71699
G1 X124.361 Y73.025 E.02239
G1 X191.026 Y6.361 E3.74867
G1 X191.589 Y6.361 E.02239
G1 X124.361 Y73.589 E3.78036
G1 X124.361 Y74.153 E.02243
G1 X192.153 Y6.361 E3.81208
G1 X192.716 Y6.361 E.02239
G1 X124.361 Y74.716 E3.84373
G1 X124.361 Y75.28 E.02243
G1 X193.28 Y6.361 E3.87545
G1 X193.843 Y6.361 E.02239
G1 X124.361 Y75.843 E3.90711
G1 X124.361 Y76.407 E.02243
G1 X194.407 Y6.361 E3.93882
G1 X194.97 Y6.361 E.02239
G1 X124.361 Y76.97 E3.97048
G1 X124.361 Y77.534 E.02243
G1 X195.534 Y6.361 E4.0022
G1 X196.098 Y6.361 E.02243
G1 X124.361 Y78.097 E4.03388
G1 X124.361 Y78.661 E.02243
G1 X196.661 Y6.361 E4.06557
G1 X197.225 Y6.361 E.02243
G1 X124.361 Y79.225 E4.09728
G1 X124.361 Y79.788 E.02239
M73 P25 R50
G1 X197.788 Y6.361 E4.12894
G1 X198.352 Y6.361 E.02243
G1 X124.361 Y80.352 E4.16066
G1 X124.361 Y80.915 E.02239
G1 X198.915 Y6.361 E4.19232
G1 X199.479 Y6.361 E.02243
G1 X124.361 Y81.479 E4.22403
G1 X124.361 Y82.042 E.02239
G1 X200.042 Y6.361 E4.25569
G1 X200.606 Y6.361 E.02243
G1 X124.361 Y82.606 E4.2874
G1 X124.361 Y83.17 E.02243
G1 X201.17 Y6.361 E4.31912
G1 X201.733 Y6.361 E.02239
M73 P25 R49
G1 X124.361 Y83.733 E4.35078
G1 X124.361 Y84.297 E.02243
G1 X202.297 Y6.361 E4.38249
G1 X202.86 Y6.361 E.02239
G1 X124.361 Y84.86 E4.41415
G1 X124.361 Y85.424 E.02243
M73 Q25 S52
G1 X203.424 Y6.361 E4.44587
G1 X203.987 Y6.361 E.02239
G1 X124.361 Y85.987 E4.47753
G1 X124.361 Y86.551 E.02243
G1 X204.551 Y6.361 E4.50924
G1 X205.114 Y6.361 E.02239
G1 X124.361 Y87.114 E4.5409
G1 X124.361 Y87.678 E.02243
G1 X205.678 Y6.361 E4.57261
G1 X206.242 Y6.361 E.02243
G1 X124.361 Y88.242 E4.60433
G1 X124.361 Y88.805 E.02239
G1 X206.805 Y6.361 E4.63599
G1 X207.369 Y6.361 E.02243
G1 X124.361 Y89.369 E4.6677
G1 X124.361 Y89.932 E.02239
G1 X207.932 Y6.361 E4.69936
G1 X208.496 Y6.361 E.02243
G1 X124.361 Y90.496 E4.73107
G1 X124.361 Y91.059 E.02239
G1 X209.059 Y6.361 E4.76273
G1 X209.623 Y6.361 E.02243
G1 X124.361 Y91.623 E4.79445
G1 X124.361 Y92.186 E.02239
G1 X210.186 Y6.361 E4.82611
G1 X210.75 Y6.361 E.02243
M73 Q25 S51
G1 X124.361 Y92.75 E4.85782
G1 X124.361 Y93.314 E.02243
G1 X211.314 Y6.361 E4.88954
G1 X211.877 Y6.361 E.02239
G1 X124.361 Y93.877 E4.9212
G1 X124.361 Y94.441 E.02243
G1 X212.441 Y6.361 E4.95291
G1 X213.004 Y6.361 E.02239
G1 X124.361 Y95.004 E4.98457
G1 X124.361 Y95.568 E.02243
G1 X213.568 Y6.361 E5.01628
G1 X214.131 Y6.361 E.02239
G1 X124.361 Y96.131 E5.04794
G1 X124.361 Y96.695 E.02243
G1 X214.695 Y6.361 E5.07966
G1 X215.258 Y6.361 E.02239
G1 X124.361 Y97.258 E5.11132
G1 X124.361 Y97.822 E.02243
G1 X215.822 Y6.361 E5.14303
G1 X216.386 Y6.361 E.02243
G1 X124.361 Y98.386 E5.17474
G1 X124.361 Y98.949 E.02239
G1 X216.949 Y6.361 E5.2064
G1 X217.513 Y6.361 E.02243
G1 X124.361 Y99.513 E5.23812
G1 X124.361 Y100.076 E.02239
G1 X218.076 Y6.361 E5.26978
G1 X218.64 Y6.361 E.02243
G1 X124.361 Y100.64 E5.30149
G1 X124.361 Y101.203 E.02239
G1 X219.203 Y6.361 E5.33315
G1 X219.767 Y6.361 E.02243
G1 X124.361 Y101.767 E5.36487
G1 X124.361 Y102.33 E.02239
G1 X220.33 Y6.361 E5.39652
G1 X220.894 Y6.361 E.02243
G1 X124.361 Y102.894 E5.42824
G1 X124.361 Y103.458 E.02243
G1 X221.458 Y6.361 E5.45995
G1 X222.021 Y6.361 E.02239
G1 X124.361 Y104.021 E5.49161
G1 X124.361 Y104.585 E.02243
G1 X222.585 Y6.361 E5.52333
G1 X223.148 Y6.361 E.02239
M73 P26 R49
G1 X124.361 Y105.148 E5.55499
G1 X124.361 Y105.712 E.02243
G1 X223.712 Y6.361 E5.5867
G1 X224.275 Y6.361 E.02239
G1 X124.361 Y106.275 E5.61836
G1 X124.361 Y106.839 E.02243
G1 X224.839 Y6.361 E5.65007
G1 X225.402 Y6.361 E.02239
G1 X124.361 Y107.402 E5.68173
G1 X124.361 Y107.966 E.02243
G1 X225.966 Y6.361 E5.71345
G1 X226.53 Y6.361 E.02243
G1 X124.361 Y108.53 E5.74516
G1 X124.361 Y109.093 E.02239
M73 Q26 S51
G1 X227.093 Y6.361 E5.77682
G1 X227.657 Y6.361 E.02243
G1 X124.361 Y109.657 E5.80854
G1 X124.361 Y110.22 E.02239
G1 X228.22 Y6.361 E5.84019
G1 X228.784 Y6.361 E.02243
G1 X124.361 Y110.784 E5.87191
G1 X124.361 Y111.347 E.02239
G1 X229.347 Y6.361 E5.90357
G1 X229.911 Y6.361 E.02243
G1 X124.361 Y111.911 E5.93528
G1 X124.361 Y112.474 E.02239
G1 X230.475 Y6.361 E5.96697
G1 X231.038 Y6.361 E.02239
G1 X124.361 Y113.038 E5.99866
G1 X124.361 Y113.602 E.02243
G1 X231.602 Y6.361 E6.03037
G1 X231.639 Y6.887 E.02097
G1 X124.361 Y114.165 E6.03245
G1 X124.361 Y114.729 E.02243
G1 X231.639 Y7.45 E6.03248
G1 X231.639 Y8.014 E.02243
G1 X124.361 Y115.292 E6.03245
G1 X124.361 Y115.856 E.02243
G1 X231.639 Y8.577 E6.03248
G1 X231.639 Y9.141 E.02243
G1 X124.361 Y116.419 E6.03245
G1 X124.361 Y116.983 E.02243
G1 X231.639 Y9.704 E6.03248
G1 X231.639 Y10.268 E.02243
G1 X124.361 Y117.546 E6.03245
G1 X124.361 Y118.11 E.02243
M73 P26 R48
G1 X231.639 Y10.831 E6.03248
G1 X231.639 Y11.395 E.02243
G1 X124.361 Y118.674 E6.03248
G1 X124.361 Y119.237 E.02239
G1 X231.639 Y11.959 E6.03245
G1 X231.639 Y12.522 E.02239
G1 X124.361 Y119.801 E6.03248
G1 X124.361 Y120.364 E.02239
G1 X231.639 Y13.086 E6.03245
G1 X231.639 Y13.649 E.02239
G1 X124.361 Y120.928 E6.03248
G1 X124.361 Y121.491 E.02239
G1 X231.639 Y14.213 E6.03245
G1 X231.639 Y14.776 E.02239
G1 X124.361 Y122.055 E6.03248
G1 X124.361 Y122.618 E.02239
G1 X231.639 Y15.34 E6.03245
G1 X231.639 Y15.903 E.02239
G1 X124.361 Y123.182 E6.03248
G1 X124.361 Y123.746 E.02243
G1 X231.639 Y16.467 E6.03248
G1 X231.639 Y17.031 E.02243
M73 Q26 S50
G1 X124.361 Y124.309 E6.03245
G1 X124.361 Y124.873 E.02243
G1 X231.639 Y17.594 E6.03248
G1 X231.639 Y18.158 E.02243
G1 X124.361 Y125.436 E6.03245
G1 X124.361 Y126 E.02243
M73 P27 R48
G1 X231.639 Y18.721 E6.03248
G1 X231.639 Y19.285 E.02243
G1 X124.361 Y126.563 E6.03245
G1 X124.361 Y127.127 E.02243
G1 X231.639 Y19.848 E6.03248
G1 X231.639 Y20.412 E.02243
G1 X124.361 Y127.691 E6.03248
G1 X124.361 Y128.254 E.02239
G1 X231.639 Y20.975 E6.03248
G1 X231.639 Y21.539 E.02243
G1 X124.361 Y128.818 E6.03248
G1 X124.361 Y129.381 E.02239
G1 X231.639 Y22.103 E6.03245
G1 X231.639 Y22.666 E.02239
M73 Q27 S50
G1 X124.361 Y129.945 E6.03248
G1 X124.361 Y130.508 E.02239
G1 X231.639 Y23.23 E6.03245
G1 X231.639 Y23.793 E.02239
G1 X124.361 Y131.072 E6.03248
G1 X124.361 Y131.635 E.02239
G1 X231.639 Y24.357 E6.03245
G1 X231.639 Y24.92 E.02239
G1 X124.361 Y132.199 E6.03248
G1 X124.361 Y132.763 E.02243
G1 X231.639 Y25.484 E6.03248
G1 X231.639 Y26.048 E.02243
G1 X124.361 Y133.326 E6.03245
G1 X124.361 Y133.89 E.02243
G1 X231.639 Y26.611 E6.03248
G1 X231.639 Y27.175 E.02243
G1 X124.361 Y134.453 E6.03245
G1 X124.361 Y135.017 E.02243
G1 X231.639 Y27.738 E6.03248
G1 X231.639 Y28.302 E.02243
G1 X124.361 Y135.58 E6.03245
G1 X124.361 Y136.144 E.02243
G1 X231.639 Y28.865 E6.03248
G1 X231.639 Y29.429 E.02243
G1 X124.361 Y136.707 E6.03245
G1 X124.361 Y137.271 E.02243
G1 X231.639 Y29.992 E6.03248
G1 X231.639 Y30.556 E.02243
G1 X124.361 Y137.835 E6.03248
G1 X124.361 Y138.398 E.02239
G1 X231.639 Y31.12 E6.03245
G1 X231.639 Y31.683 E.02239
G1 X124.361 Y138.962 E6.03248
G1 X124.361 Y139.525 E.02239
G1 X231.639 Y32.247 E6.03245
G1 X231.639 Y32.81 E.02239
G1 X124.361 Y140.089 E6.03248
G1 X124.361 Y140.652 E.02239
G1 X231.639 Y33.374 E6.03245
G1 X231.639 Y33.937 E.02239
G1 X124.361 Y141.216 E6.03248
G1 X124.361 Y141.779 E.02239
G1 X231.639 Y34.501 E6.03245
G1 X231.639 Y35.064 E.02239
G1 X124.361 Y142.343 E6.03248
G1 X124.361 Y142.907 E.02243
G1 X231.639 Y35.628 E6.03248
G1 X231.639 Y36.192 E.02243
G1 X124.361 Y143.47 E6.03245
G1 X124.361 Y144.034 E.02243
G1 X231.639 Y36.755 E6.03248
G1 X231.639 Y37.319 E.02243
G1 X124.361 Y144.597 E6.03245
G1 X124.361 Y145.161 E.02243
G1 X231.639 Y37.882 E6.03248
G1 X231.639 Y38.446 E.02243
M73 P28 R48
G1 X124.361 Y145.724 E6.03245
G1 X124.361 Y146.288 E.02243
G1 X231.639 Y39.009 E6.03248
G1 X231.639 Y39.573 E.02243
G1 X124.361 Y146.851 E6.03245
G1 X124.361 Y147.415 E.02243
G1 X231.639 Y40.136 E6.03248
G1 X231.639 Y40.7 E.02243
G1 X124.361 Y147.979 E6.03248
G1 X124.361 Y148.542 E.02239
M73 P28 R47
G1 X231.639 Y41.264 E6.03245
G1 X231.639 Y41.827 E.02239
G1 X124.361 Y149.106 E6.03248
G1 X124.361 Y149.669 E.02239
G1 X231.639 Y42.391 E6.03245
G1 X231.639 Y42.954 E.02239
M73 Q28 S50
G1 X124.361 Y150.233 E6.03248
G1 X124.361 Y150.796 E.02239
G1 X231.639 Y43.518 E6.03245
G1 X231.639 Y44.081 E.02239
G1 X124.361 Y151.36 E6.03248
G1 X124.361 Y151.923 E.02239
G1 X231.639 Y44.645 E6.03245
G1 X231.639 Y45.208 E.02239
G1 X124.361 Y152.487 E6.03248
G1 X124.372 Y153.039 E.02195
M73 Q28 S49
G1 X231.639 Y45.772 E6.03183
G1 X231.639 Y46.336 E.02243
G1 X124.936 Y153.039 E6.00012
G1 X125.499 Y153.039 E.02239
G1 X231.639 Y46.899 E5.96846
G1 X231.639 Y47.463 E.02243
G1 X126.063 Y153.039 E5.93674
G1 X126.626 Y153.039 E.02239
G1 X231.639 Y48.026 E5.90509
G1 X231.639 Y48.59 E.02243
G1 X127.19 Y153.039 E5.87337
G1 X127.753 Y153.039 E.02239
G1 X231.639 Y49.153 E5.84171
G1 X231.639 Y49.717 E.02243
G1 X128.317 Y153.039 E5.81
G1 X128.88 Y153.039 E.02239
G1 X231.639 Y50.28 E5.77834
G1 X231.639 Y50.844 E.02243
G1 X129.444 Y153.039 E5.74662
G1 X130.008 Y153.039 E.02243
G1 X231.639 Y51.408 E5.71491
G1 X231.639 Y51.971 E.02239
G1 X130.571 Y153.039 E5.68325
G1 X131.135 Y153.039 E.02243
G1 X231.639 Y52.535 E5.65154
G1 X231.639 Y53.098 E.02239
G1 X131.698 Y153.039 E5.61988
G1 X132.262 Y153.039 E.02243
G1 X231.639 Y53.662 E5.58816
G1 X231.639 Y54.225 E.02239
G1 X132.825 Y153.039 E5.5565
G1 X133.389 Y153.039 E.02243
G1 X231.639 Y54.789 E5.52479
G1 X231.639 Y55.352 E.02239
G1 X133.952 Y153.039 E5.49313
G1 X134.516 Y153.039 E.02243
G1 X231.639 Y55.916 E5.46142
G1 X231.639 Y56.48 E.02243
G1 X135.08 Y153.039 E5.4297
G1 X135.643 Y153.039 E.02239
G1 X231.639 Y57.043 E5.39804
G1 X231.639 Y57.607 E.02243
G1 X136.207 Y153.039 E5.36633
G1 X136.77 Y153.039 E.02239
G1 X231.639 Y58.17 E5.33467
G1 X231.639 Y58.734 E.02243
G1 X137.334 Y153.039 E5.30295
G1 X137.897 Y153.039 E.02239
G1 X231.639 Y59.297 E5.2713
G1 X231.639 Y59.861 E.02243
M73 P29 R47
G1 X138.461 Y153.039 E5.23958
G1 X139.024 Y153.039 E.02239
G1 X231.639 Y60.424 E5.20792
G1 X231.639 Y60.988 E.02243
G1 X139.588 Y153.039 E5.17621
G1 X140.152 Y153.039 E.02243
G1 X231.639 Y61.552 E5.14449
G1 X231.639 Y62.115 E.02239
G1 X140.715 Y153.039 E5.11283
G1 X141.279 Y153.039 E.02243
G1 X231.639 Y62.679 E5.08112
G1 X231.639 Y63.242 E.02239
G1 X141.842 Y153.039 E5.04946
G1 X142.406 Y153.039 E.02243
G1 X231.639 Y63.806 E5.01775
G1 X231.639 Y64.369 E.02239
G1 X142.969 Y153.039 E4.98609
G1 X143.533 Y153.039 E.02243
M73 Q29 S49
G1 X231.639 Y64.933 E4.95437
G1 X231.639 Y65.496 E.02239
G1 X144.096 Y153.039 E4.92271
G1 X144.66 Y153.039 E.02243
G1 X231.639 Y66.06 E4.891
G1 X231.639 Y66.624 E.02243
G1 X145.224 Y153.039 E4.85928
G1 X145.787 Y153.039 E.02239
G1 X231.639 Y67.187 E4.82763
G1 X231.639 Y67.751 E.02243
G1 X146.351 Y153.039 E4.79591
G1 X146.914 Y153.039 E.02239
G1 X231.639 Y68.314 E4.76425
G1 X231.639 Y68.878 E.02243
G1 X147.478 Y153.039 E4.73254
G1 X148.041 Y153.039 E.02239
G1 X231.639 Y69.441 E4.70088
G1 X231.639 Y70.005 E.02243
G1 X148.605 Y153.039 E4.66916
G1 X149.168 Y153.039 E.02239
G1 X231.639 Y70.569 E4.63748
G1 X231.639 Y71.132 E.02239
G1 X149.732 Y153.039 E4.60579
G1 X150.296 Y153.039 E.02243
G1 X231.639 Y71.696 E4.57408
G1 X231.639 Y72.259 E.02239
G1 X150.859 Y153.039 E4.54242
G1 X151.423 Y153.039 E.02243
G1 X231.639 Y72.823 E4.5107
G1 X231.639 Y73.386 E.02239
G1 X151.986 Y153.039 E4.47904
G1 X152.55 Y153.039 E.02243
G1 X231.639 Y73.95 E4.44733
G1 X231.639 Y74.513 E.02239
G1 X153.113 Y153.039 E4.41567
G1 X153.677 Y153.039 E.02243
M73 P29 R46
G1 X231.639 Y75.077 E4.38396
G1 X231.639 Y75.641 E.02243
G1 X154.24 Y153.039 E4.35227
G1 X154.804 Y153.039 E.02243
G1 X231.639 Y76.204 E4.32058
G1 X231.639 Y76.768 E.02243
G1 X155.368 Y153.039 E4.28887
G1 X155.931 Y153.039 E.02239
G1 X231.639 Y77.331 E4.25721
G1 X231.639 Y77.895 E.02243
G1 X156.495 Y153.039 E4.22549
G1 X157.058 Y153.039 E.02239
G1 X231.639 Y78.458 E4.19383
G1 X231.639 Y79.022 E.02243
G1 X157.622 Y153.039 E4.16212
G1 X158.185 Y153.039 E.02239
G1 X231.639 Y79.585 E4.13046
G1 X231.639 Y80.149 E.02243
M73 Q29 S48
G1 X158.749 Y153.039 E4.09875
G1 X159.313 Y153.039 E.02243
G1 X231.639 Y80.713 E4.06703
G1 X231.639 Y81.276 E.02239
G1 X159.876 Y153.039 E4.03537
G1 X160.44 Y153.039 E.02243
G1 X231.639 Y81.84 E4.00366
G1 X231.639 Y82.403 E.02239
G1 X161.003 Y153.039 E3.972
G1 X161.567 Y153.039 E.02243
G1 X231.639 Y82.967 E3.94029
G1 X231.639 Y83.53 E.02239
G1 X162.13 Y153.039 E3.90863
G1 X162.694 Y153.039 E.02243
G1 X231.639 Y84.094 E3.87691
G1 X231.639 Y84.657 E.02239
G1 X163.257 Y153.039 E3.84525
G1 X163.821 Y153.039 E.02243
G1 X231.639 Y85.221 E3.81354
G1 X231.639 Y85.785 E.02243
G1 X164.385 Y153.039 E3.78182
G1 X164.948 Y153.039 E.02239
M73 P30 R46
G1 X231.639 Y86.348 E3.75016
G1 X231.639 Y86.912 E.02243
G1 X165.512 Y153.039 E3.71845
G1 X166.075 Y153.039 E.02239
G1 X231.639 Y87.475 E3.68679
G1 X231.639 Y88.039 E.02243
G1 X166.639 Y153.039 E3.65508
G1 X167.202 Y153.039 E.02239
G1 X231.639 Y88.602 E3.62342
G1 X231.639 Y89.166 E.02243
G1 X167.766 Y153.039 E3.5917
G1 X168.329 Y153.039 E.02239
G1 X231.639 Y89.729 E3.56004
G1 X231.639 Y90.293 E.02243
G1 X168.893 Y153.039 E3.52833
G1 X169.457 Y153.039 E.02243
G1 X231.639 Y90.857 E3.49661
G1 X231.639 Y91.42 E.02239
G1 X170.02 Y153.039 E3.46496
G1 X170.584 Y153.039 E.02243
G1 X231.639 Y91.984 E3.43324
G1 X231.639 Y92.547 E.02239
G1 X171.147 Y153.039 E3.40158
G1 X171.711 Y153.039 E.02243
M73 Q30 S48
G1 X231.639 Y93.111 E3.36987
G1 X231.639 Y93.674 E.02239
G1 X172.274 Y153.039 E3.33821
G1 X172.838 Y153.039 E.02243
G1 X231.639 Y94.238 E3.30649
G1 X231.639 Y94.801 E.02239
G1 X173.401 Y153.039 E3.27484
G1 X173.965 Y153.039 E.02243
G1 X231.639 Y95.365 E3.24312
G1 X231.639 Y95.929 E.02243
G1 X174.529 Y153.039 E3.21141
G1 X175.092 Y153.039 E.02239
G1 X231.639 Y96.492 E3.17975
G1 X231.639 Y97.056 E.02243
G1 X175.656 Y153.039 E3.14803
G1 X176.219 Y153.039 E.02239
G1 X231.639 Y97.619 E3.11637
G1 X231.639 Y98.183 E.02243
G1 X176.783 Y153.039 E3.08466
G1 X177.346 Y153.039 E.02239
G1 X231.639 Y98.746 E3.053
G1 X231.639 Y99.31 E.02243
G1 X177.91 Y153.039 E3.02129
G1 X178.473 Y153.039 E.02239
G1 X231.639 Y99.873 E2.98963
G1 X231.639 Y100.437 E.02243
G1 X179.037 Y153.039 E2.95791
G1 X179.601 Y153.039 E.02243
G1 X231.639 Y101.001 E2.9262
G1 X231.639 Y101.564 E.02239
G1 X180.164 Y153.039 E2.89454
G1 X180.728 Y153.039 E.02243
G1 X231.639 Y102.128 E2.86282
G1 X231.639 Y102.691 E.02239
G1 X181.291 Y153.039 E2.83117
G1 X181.855 Y153.039 E.02243
G1 X231.639 Y103.255 E2.79945
G1 X231.639 Y103.818 E.02239
G1 X182.418 Y153.039 E2.76779
G1 X182.982 Y153.039 E.02243
G1 X231.639 Y104.382 E2.73608
G1 X231.639 Y104.945 E.02239
G1 X183.545 Y153.039 E2.70442
G1 X184.109 Y153.039 E.02243
G1 X231.639 Y105.509 E2.6727
G1 X231.639 Y106.073 E.02243
G1 X184.673 Y153.039 E2.64099
G1 X185.236 Y153.039 E.02239
G1 X231.639 Y106.636 E2.60933
G1 X231.639 Y107.2 E.02243
G1 X185.8 Y153.039 E2.57762
G1 X186.363 Y153.039 E.02239
G1 X231.639 Y107.763 E2.54596
G1 X231.639 Y108.327 E.02243
G1 X186.927 Y153.039 E2.51424
G1 X187.49 Y153.039 E.02239
G1 X231.639 Y108.89 E2.48258
G1 X231.639 Y109.454 E.02243
G1 X188.054 Y153.039 E2.45087
G1 X188.617 Y153.039 E.02239
G1 X231.639 Y110.017 E2.41921
G1 X231.639 Y110.581 E.02243
G1 X189.181 Y153.039 E2.3875
G1 X189.745 Y153.039 E.02243
G1 X231.639 Y111.145 E2.35578
G1 X231.639 Y111.708 E.02239
G1 X190.308 Y153.039 E2.32412
G1 X190.872 Y153.039 E.02243
G1 X231.639 Y112.272 E2.29241
G1 X231.639 Y112.835 E.02239
G1 X191.435 Y153.039 E2.26075
G1 X191.999 Y153.039 E.02243
G1 X231.639 Y113.399 E2.22903
G1 X231.639 Y113.962 E.02239
G1 X192.562 Y153.039 E2.19738
G1 X193.126 Y153.039 E.02243
G1 X231.639 Y114.526 E2.16566
G1 X231.639 Y115.09 E.02243
G1 X193.689 Y153.039 E2.13397
G1 X194.253 Y153.039 E.02243
G1 X231.639 Y115.653 E2.10229
G1 X231.639 Y116.217 E.02243
G1 X194.817 Y153.039 E2.07057
G1 X195.38 Y153.039 E.02239
G1 X231.639 Y116.78 E2.03891
G1 X231.639 Y117.344 E.02243
G1 X195.944 Y153.039 E2.0072
G1 X196.507 Y153.039 E.02239
G1 X231.639 Y117.907 E1.97554
G1 X231.639 Y118.471 E.02243
G1 X197.071 Y153.039 E1.94383
G1 X197.634 Y153.039 E.02239
G1 X231.639 Y119.034 E1.91217
G1 X231.639 Y119.598 E.02243
G1 X198.198 Y153.039 E1.88045
G1 X198.762 Y153.039 E.02243
G1 X231.639 Y120.162 E1.84874
G1 X231.639 Y120.725 E.02239
G1 X199.325 Y153.039 E1.81708
G1 X199.889 Y153.039 E.02243
G1 X231.639 Y121.289 E1.78536
G1 X231.639 Y121.852 E.02239
G1 X200.452 Y153.039 E1.75371
G1 X201.016 Y153.039 E.02243
G1 X231.639 Y122.416 E1.72199
G1 X231.639 Y122.979 E.02239
G1 X201.579 Y153.039 E1.69033
G1 X202.143 Y153.039 E.02243
G1 X231.639 Y123.543 E1.65862
G1 X231.639 Y124.106 E.02239
G1 X202.706 Y153.039 E1.62696
G1 X203.27 Y153.039 E.02243
G1 X231.639 Y124.67 E1.59524
G1 X231.639 Y125.234 E.02243
G1 X203.834 Y153.039 E1.56353
G1 X204.397 Y153.039 E.02239
G1 X231.639 Y125.797 E1.53187
G1 X231.639 Y126.361 E.02243
G1 X204.961 Y153.039 E1.50016
G1 X205.524 Y153.039 E.02239
G1 X231.639 Y126.924 E1.4685
G1 X231.639 Y127.488 E.02243
G1 X206.088 Y153.039 E1.43678
G1 X206.651 Y153.039 E.02239
G1 X231.639 Y128.051 E1.40512
G1 X231.639 Y128.615 E.02243
G1 X207.215 Y153.039 E1.37341
G1 X207.778 Y153.039 E.02239
G1 X231.639 Y129.178 E1.34175
G1 X231.639 Y129.742 E.02243
G1 X208.342 Y153.039 E1.31004
G1 X208.906 Y153.039 E.02243
G1 X231.639 Y130.306 E1.27832
G1 X231.639 Y130.869 E.02239
G1 X209.469 Y153.039 E1.24666
G1 X210.033 Y153.039 E.02243
G1 X231.639 Y131.433 E1.21495
G1 X231.639 Y131.996 E.02239
G1 X210.596 Y153.039 E1.18329
G1 X211.16 Y153.039 E.02243
G1 X231.639 Y132.56 E1.15157
G1 X231.639 Y133.123 E.02239
G1 X211.723 Y153.039 E1.11992
G1 X212.287 Y153.039 E.02243
G1 X231.639 Y133.687 E1.0882
G1 X231.639 Y134.25 E.02239
G1 X212.85 Y153.039 E1.05654
G1 X213.414 Y153.039 E.02243
G1 X231.639 Y134.814 E1.02483
G1 X231.639 Y135.378 E.02243
M73 P31 R46
G1 X213.978 Y153.039 E.99311
G1 X214.541 Y153.039 E.02239
G1 X231.639 Y135.941 E.96145
G1 X231.639 Y136.505 E.02243
G1 X215.105 Y153.039 E.92974
G1 X215.668 Y153.039 E.02239
G1 X231.639 Y137.068 E.89808
G1 X231.639 Y137.632 E.02243
G1 X216.232 Y153.039 E.86637
G1 X216.795 Y153.039 E.02239
G1 X231.639 Y138.195 E.83471
G1 X231.639 Y138.759 E.02243
G1 X217.359 Y153.039 E.80299
G1 X217.922 Y153.039 E.02239
G1 X231.639 Y139.322 E.77133
G1 X231.639 Y139.886 E.02243
G1 X218.486 Y153.039 E.73962
G1 X219.05 Y153.039 E.02243
G1 X231.639 Y140.45 E.7079
G1 X231.639 Y141.013 E.02239
G1 X219.613 Y153.039 E.67625
G1 X220.177 Y153.039 E.02243
G1 X231.639 Y141.577 E.64453
G1 X231.639 Y142.14 E.02239
G1 X220.74 Y153.039 E.61287
G1 X221.304 Y153.039 E.02243
G1 X231.639 Y142.704 E.58116
G1 X231.639 Y143.267 E.02239
G1 X221.867 Y153.039 E.5495
G1 X222.431 Y153.039 E.02243
G1 X231.639 Y143.831 E.51778
G1 X231.639 Y144.394 E.02239
G1 X222.994 Y153.039 E.48613
G1 X223.558 Y153.039 E.02243
G1 X231.639 Y144.958 E.45441
G1 X231.639 Y145.522 E.02243
G1 X224.122 Y153.039 E.4227
G1 X224.685 Y153.039 E.02239
G1 X231.639 Y146.085 E.39104
G1 X231.639 Y146.649 E.02243
G1 X225.249 Y153.039 E.35932
G1 X225.812 Y153.039 E.02239
G1 X231.639 Y147.212 E.32766
G1 X231.639 Y147.776 E.02243
G1 X226.376 Y153.039 E.29595
G1 X226.939 Y153.039 E.02239
G1 X231.639 Y148.339 E.26429
G1 X231.639 Y148.903 E.02243
G1 X227.503 Y153.039 E.23258
G1 X228.066 Y153.039 E.02239
G1 X231.639 Y149.466 E.20092
G1 X231.639 Y150.03 E.02243
G1 X228.63 Y153.039 E.1692
G1 X229.194 Y153.039 E.02243
G1 X231.639 Y150.594 E.13749
G1 X231.639 Y151.157 E.02239
G1 X229.757 Y153.039 E.10583
G1 E-.16 F2700
;WIPE_START
G1 F16800
G1 X231.639 Y151.157 E-.40636
G1 X231.639 Y150.594 E-.08596
G1 X230.955 Y151.278 E-.14768
;WIPE_END
G1 X231.498 Y151.862 Z.454 F21000
G1 Z.44 F720
G1 E.8 F1500
G1 F8400
G1 X230.321 Y153.039 E.06619
G1 X231.639 Y153.039 E.05241
G1 X231.639 Y151.721 E.05241
G1 E-.16 F2700
;WIPE_START
G1 F16800
G1 X231.639 Y153.039 E-.20123
G1 X230.321 Y153.039 E-.20123
G1 X231.422 Y151.939 E-.23754
;WIPE_END
G1 X202.396 Y152.295 Z.947 F21000
G1 X200.258 Y152.321 Z.98
G1 X198.12 Y152.347 Z1.006
G1 X195.982 Y152.373 Z1.025
G1 X191.705 Y152.426 Z1.04
G1 X113.978 Y153.378
G1 Z.44 F720
G1 E.8 F1500
;TYPE:Perimeter
G1 F4200
M73 P31 R45
M73 Q31 S48
G1 X6.022 Y153.378 E4.29255
G1 X6.022 Y6.022 E5.85917
M73 Q31 S47
G1 X113.978 Y6.022 E4.29255
G1 X113.978 Y153.318 E5.85678
G1 X114.377 Y153.777 F21000
G1 F4200
G1 X5.623 Y153.777 E4.32428
G1 X5.623 Y5.623 E5.8909
G1 X114.377 Y5.623 E4.32428
G1 X114.377 Y153.717 E5.88851
M204 T250
G1 X114.775 Y154.175 F21000
M204 T7000
;TYPE:External perimeter
G1 F2858.133
G1 X114.1 Y154.175 E.02684
G1 F2999.998
G1 X5.9 Y154.175 E4.30225
G1 F2903.623
G1 X5.225 Y154.175 E.02684
G1 F2888.325
G1 X5.225 Y153.5 E.02684
G1 F2999.998
G1 X5.225 Y5.9 E5.86887
G1 F2890.889
G1 X5.225 Y5.225 E.02684
G1 F2905.836
G1 X5.9 Y5.225 E.02684
G1 F2999.998
G1 X114.1 Y5.225 E4.30225
G1 F2903.626
G1 X114.775 Y5.225 E.02684
G1 F2888.328
G1 X114.775 Y5.9 E.02684
G1 F2999.998
G1 X114.775 Y153.5 E5.86887
G1 F2858.133
G1 X114.775 Y154.115 E.02445
G1 E-.16 F2700
;WIPE_START
G1 F16800
G1 X114.775 Y154.175 E-.00916
G1 X114.1 Y154.175 E-.10306
G1 X110.643 Y154.175 E-.52778
;WIPE_END
G1 X93.918 Y130.449 Z.947 F21000
G1 X92.686 Y128.701 Z.98
G1 X91.454 Y126.954 Z1.006
G1 X90.222 Y125.206 Z1.025
G1 X87.758 Y121.711 Z1.04
G1 X6.469 Y6.393
G1 Z.44 F720
G1 E.8 F1500
;TYPE:Solid infill
;WIDTH:0.546684
G1 F7573.004
G1 X6.425 Y6.349 E.00307
G1 X6.365 Y6.365 E.00307
G1 X6.349 Y6.425 E.00307
G1 X6.393 Y6.469 E.00307
G1 X6.453 Y6.453 E.00307
;WIDTH:0.449999
G1 F8400
G1 X6.361 Y7.089 E.02555
G1 X7.089 Y6.361 E.04094
G1 X7.653 Y6.361 E.02243
G1 X6.361 Y7.653 E.07265
G1 X6.361 Y8.216 E.02239
G1 X8.216 Y6.361 E.10431
G1 X8.78 Y6.361 E.02243
G1 X6.361 Y8.78 E.13603
G1 X6.361 Y9.344 E.02243
G1 X9.344 Y6.361 E.16774
G1 X9.907 Y6.361 E.02239
G1 X6.361 Y9.907 E.1994
G1 X6.361 Y10.471 E.02243
G1 X10.471 Y6.361 E.23111
G1 X11.034 Y6.361 E.02239
G1 X6.361 Y11.034 E.26277
G1 X6.361 Y11.598 E.02243
G1 X11.598 Y6.361 E.29449
G1 X12.161 Y6.361 E.02239
G1 X6.361 Y12.161 E.32615
G1 X6.361 Y12.725 E.02243
G1 X12.725 Y6.361 E.35786
G1 X13.288 Y6.361 E.02239
G1 X6.361 Y13.288 E.38952
G1 X6.361 Y13.852 E.02243
G1 X13.852 Y6.361 E.42123
G1 X14.416 Y6.361 E.02243
G1 X6.361 Y14.416 E.45295
G1 X6.361 Y14.979 E.02239
G1 X14.979 Y6.361 E.48461
G1 X15.543 Y6.361 E.02243
G1 X6.361 Y15.543 E.51632
G1 X6.361 Y16.106 E.02239
G1 X16.106 Y6.361 E.54798
G1 X16.67 Y6.361 E.02243
G1 X6.361 Y16.67 E.5797
G1 X6.361 Y17.233 E.02239
G1 X17.233 Y6.361 E.61135
G1 X17.797 Y6.361 E.02243
G1 X6.361 Y17.797 E.64307
G1 X6.361 Y18.36 E.02239
G1 X18.36 Y6.361 E.67473
G1 X18.924 Y6.361 E.02243
G1 X6.361 Y18.924 E.70644
G1 X6.361 Y19.488 E.02243
G1 X19.488 Y6.361 E.73816
G1 X20.051 Y6.361 E.02239
G1 X6.361 Y20.051 E.76982
G1 X6.361 Y20.615 E.02243
G1 X20.615 Y6.361 E.80153
G1 X21.178 Y6.361 E.02239
G1 X6.361 Y21.178 E.83319
G1 X6.361 Y21.742 E.02243
G1 X21.742 Y6.361 E.8649
G1 X22.305 Y6.361 E.02239
G1 X6.361 Y22.305 E.89656
G1 X6.361 Y22.869 E.02243
G1 X22.869 Y6.361 E.92828
G1 X23.432 Y6.361 E.02239
G1 X6.361 Y23.432 E.95994
G1 X6.361 Y23.996 E.02243
G1 X23.996 Y6.361 E.99165
G1 X24.56 Y6.361 E.02243
G1 X6.361 Y24.56 E1.02337
G1 X6.361 Y25.123 E.02239
G1 X25.123 Y6.361 E1.05502
G1 X25.687 Y6.361 E.02243
G1 X6.361 Y25.687 E1.08674
G1 X6.361 Y26.25 E.02239
G1 X26.25 Y6.361 E1.1184
G1 X26.814 Y6.361 E.02243
G1 X6.361 Y26.814 E1.15011
G1 X6.361 Y27.377 E.02239
G1 X27.377 Y6.361 E1.18177
G1 X27.941 Y6.361 E.02243
G1 X6.361 Y27.941 E1.21349
G1 X6.361 Y28.504 E.02239
G1 X28.504 Y6.361 E1.24514
G1 X29.068 Y6.361 E.02243
G1 X6.361 Y29.068 E1.27686
G1 X6.361 Y29.632 E.02243
G1 X29.632 Y6.361 E1.30857
G1 X30.195 Y6.361 E.02239
G1 X6.361 Y30.195 E1.34023
G1 X6.361 Y30.759 E.02243
G1 X30.759 Y6.361 E1.37195
G1 X31.322 Y6.361 E.02239
G1 X6.361 Y31.322 E1.40361
G1 X6.361 Y31.886 E.02243
G1 X31.886 Y6.361 E1.43532
G1 X32.449 Y6.361 E.02239
G1 X6.361 Y32.449 E1.46698
G1 X6.361 Y33.013 E.02243
G1 X33.013 Y6.361 E1.49869
G1 X33.577 Y6.361 E.02243
G1 X6.361 Y33.576 E1.53038
G1 X6.361 Y34.14 E.02243
G1 X34.14 Y6.361 E1.56207
G1 X34.704 Y6.361 E.02243
G1 X6.361 Y34.704 E1.59378
G1 X6.361 Y35.267 E.02239
G1 X35.267 Y6.361 E1.62544
G1 X35.831 Y6.361 E.02243
G1 X6.361 Y35.831 E1.65716
G1 X6.361 Y36.394 E.02239
M73 P32 R45
G1 X36.394 Y6.361 E1.68881
G1 X36.958 Y6.361 E.02243
G1 X6.361 Y36.958 E1.72053
G1 X6.361 Y37.521 E.02239
G1 X37.521 Y6.361 E1.75219
G1 X38.085 Y6.361 E.02243
G1 X6.361 Y38.085 E1.7839
G1 X6.361 Y38.649 E.02243
G1 X38.649 Y6.361 E1.81562
G1 X39.212 Y6.361 E.02239
G1 X6.361 Y39.212 E1.84728
G1 X6.361 Y39.776 E.02243
G1 X39.776 Y6.361 E1.87899
G1 X40.339 Y6.361 E.02239
G1 X6.361 Y40.339 E1.91065
G1 X6.361 Y40.903 E.02243
G1 X40.903 Y6.361 E1.94236
G1 X41.466 Y6.361 E.02239
M73 Q32 S47
G1 X6.361 Y41.466 E1.97402
G1 X6.361 Y42.03 E.02243
G1 X42.03 Y6.361 E2.00574
G1 X42.593 Y6.361 E.02239
G1 X6.361 Y42.593 E2.0374
G1 X6.361 Y43.157 E.02243
G1 X43.157 Y6.361 E2.06911
G1 X43.721 Y6.361 E.02243
G1 X6.361 Y43.721 E2.10083
G1 X6.361 Y44.284 E.02239
G1 X44.284 Y6.361 E2.13248
G1 X44.848 Y6.361 E.02243
G1 X6.361 Y44.848 E2.1642
G1 X6.361 Y45.411 E.02239
G1 X45.411 Y6.361 E2.19586
G1 X45.975 Y6.361 E.02243
G1 X6.361 Y45.975 E2.22757
G1 X6.361 Y46.538 E.02239
G1 X46.538 Y6.361 E2.25923
G1 X47.102 Y6.361 E.02243
G1 X6.361 Y47.102 E2.29095
G1 X6.361 Y47.665 E.02239
G1 X47.665 Y6.361 E2.3226
G1 X48.229 Y6.361 E.02243
G1 X6.361 Y48.229 E2.35432
G1 X6.361 Y48.793 E.02243
G1 X48.793 Y6.361 E2.38603
G1 X49.356 Y6.361 E.02239
G1 X6.361 Y49.356 E2.41769
G1 X6.361 Y49.92 E.02243
G1 X49.92 Y6.361 E2.44941
G1 X50.483 Y6.361 E.02239
G1 X6.361 Y50.483 E2.48107
G1 X6.361 Y51.047 E.02243
G1 X51.047 Y6.361 E2.51278
G1 X51.61 Y6.361 E.02239
G1 X6.361 Y51.61 E2.54444
G1 X6.361 Y52.174 E.02243
G1 X52.174 Y6.361 E2.57615
G1 X52.737 Y6.361 E.02239
G1 X6.361 Y52.737 E2.60781
G1 X6.361 Y53.301 E.02243
G1 X53.301 Y6.361 E2.63953
G1 X53.865 Y6.361 E.02243
G1 X6.361 Y53.865 E2.67124
G1 X6.361 Y54.428 E.02239
G1 X54.428 Y6.361 E2.7029
G1 X54.992 Y6.361 E.02243
G1 X6.361 Y54.992 E2.73462
G1 X6.361 Y55.555 E.02239
G1 X55.555 Y6.361 E2.76627
G1 X56.119 Y6.361 E.02243
G1 X6.361 Y56.119 E2.79799
G1 X6.361 Y56.682 E.02239
G1 X56.682 Y6.361 E2.82965
G1 X57.246 Y6.361 E.02243
G1 X6.361 Y57.246 E2.86136
G1 X6.361 Y57.809 E.02239
G1 X57.809 Y6.361 E2.89302
G1 X58.373 Y6.361 E.02243
G1 X6.361 Y58.373 E2.92474
G1 X6.361 Y58.937 E.02243
G1 X58.937 Y6.361 E2.95645
G1 X59.5 Y6.361 E.02239
G1 X6.361 Y59.5 E2.98811
G1 X6.361 Y60.064 E.02243
G1 X60.064 Y6.361 E3.01982
G1 X60.627 Y6.361 E.02239
G1 X6.361 Y60.627 E3.05148
G1 X6.361 Y61.191 E.02243
G1 X61.191 Y6.361 E3.0832
G1 X61.754 Y6.361 E.02239
G1 X6.361 Y61.754 E3.11486
G1 X6.361 Y62.318 E.02243
M73 Q32 S46
G1 X62.318 Y6.361 E3.14657
G1 X62.881 Y6.361 E.02239
G1 X6.361 Y62.881 E3.17823
G1 X6.361 Y63.445 E.02243
G1 X63.445 Y6.361 E3.20994
G1 X64.009 Y6.361 E.02243
G1 X6.361 Y64.009 E3.24166
G1 X6.361 Y64.572 E.02239
G1 X64.572 Y6.361 E3.27332
G1 X65.136 Y6.361 E.02243
G1 X6.361 Y65.136 E3.30503
G1 X6.361 Y65.699 E.02239
M73 P32 R44
G1 X65.699 Y6.361 E3.33669
G1 X66.263 Y6.361 E.02243
G1 X6.361 Y66.263 E3.36841
G1 X6.361 Y66.826 E.02239
G1 X66.826 Y6.361 E3.40006
G1 X67.39 Y6.361 E.02243
G1 X6.361 Y67.39 E3.43178
G1 X6.361 Y67.953 E.02239
G1 X67.953 Y6.361 E3.46344
G1 X68.517 Y6.361 E.02243
G1 X6.361 Y68.517 E3.49515
G1 X6.361 Y69.081 E.02243
G1 X69.081 Y6.361 E3.52687
G1 X69.644 Y6.361 E.02239
G1 X6.361 Y69.644 E3.55853
G1 X6.361 Y70.208 E.02243
G1 X70.208 Y6.361 E3.59024
G1 X70.771 Y6.361 E.02239
G1 X6.361 Y70.771 E3.6219
G1 X6.361 Y71.335 E.02243
G1 X71.335 Y6.361 E3.65361
G1 X71.898 Y6.361 E.02239
G1 X6.361 Y71.898 E3.68527
G1 X6.361 Y72.462 E.02243
G1 X72.462 Y6.361 E3.71699
G1 X73.026 Y6.361 E.02243
G1 X6.361 Y73.025 E3.74867
G1 X6.361 Y73.589 E.02243
G1 X73.589 Y6.361 E3.78036
G1 X74.153 Y6.361 E.02243
G1 X6.361 Y74.153 E3.81208
G1 X6.361 Y74.716 E.02239
G1 X74.716 Y6.361 E3.84373
G1 X75.28 Y6.361 E.02243
G1 X6.361 Y75.28 E3.87545
G1 X6.361 Y75.843 E.02239
G1 X75.843 Y6.361 E3.90711
G1 X76.407 Y6.361 E.02243
G1 X6.361 Y76.407 E3.93882
G1 X6.361 Y76.97 E.02239
G1 X76.97 Y6.361 E3.97048
G1 X77.534 Y6.361 E.02243
G1 X6.361 Y77.534 E4.0022
G1 X6.361 Y78.097 E.02239
M73 P33 R44
G1 X78.098 Y6.361 E4.03388
G1 X78.661 Y6.361 E.02239
G1 X6.361 Y78.661 E4.06557
G1 X6.361 Y79.225 E.02243
G1 X79.225 Y6.361 E4.09728
G1 X79.788 Y6.361 E.02239
M73 Q33 S46
G1 X6.361 Y79.788 E4.12894
G1 X6.361 Y80.352 E.02243
G1 X80.352 Y6.361 E4.16066
G1 X80.915 Y6.361 E.02239
G1 X6.361 Y80.915 E4.19232
G1 X6.361 Y81.479 E.02243
G1 X81.479 Y6.361 E4.22403
G1 X82.042 Y6.361 E.02239
G1 X6.361 Y82.042 E4.25569
G1 X6.361 Y82.606 E.02243
G1 X82.606 Y6.361 E4.2874
G1 X83.17 Y6.361 E.02243
G1 X6.361 Y83.17 E4.31912
G1 X6.361 Y83.733 E.02239
G1 X83.733 Y6.361 E4.35078
G1 X84.297 Y6.361 E.02243
G1 X6.361 Y84.297 E4.38249
G1 X6.361 Y84.86 E.02239
G1 X84.86 Y6.361 E4.41415
G1 X85.424 Y6.361 E.02243
G1 X6.361 Y85.424 E4.44587
G1 X6.361 Y85.987 E.02239
G1 X85.987 Y6.361 E4.47753
G1 X86.551 Y6.361 E.02243
G1 X6.361 Y86.551 E4.50924
G1 X6.361 Y87.114 E.02239
G1 X87.114 Y6.361 E4.5409
G1 X87.678 Y6.361 E.02243
G1 X6.361 Y87.678 E4.57261
G1 X6.361 Y88.242 E.02243
G1 X88.242 Y6.361 E4.60433
G1 X88.805 Y6.361 E.02239
G1 X6.361 Y88.805 E4.63599
G1 X6.361 Y89.369 E.02243
G1 X89.369 Y6.361 E4.6677
G1 X89.932 Y6.361 E.02239
G1 X6.361 Y89.932 E4.69936
G1 X6.361 Y90.496 E.02243
G1 X90.496 Y6.361 E4.73107
G1 X91.059 Y6.361 E.02239
G1 X6.361 Y91.059 E4.76273
G1 X6.361 Y91.623 E.02243
G1 X91.623 Y6.361 E4.79445
G1 X92.186 Y6.361 E.02239
G1 X6.361 Y92.186 E4.82611
G1 X6.361 Y92.75 E.02243
G1 X92.75 Y6.361 E4.85782
G1 X93.314 Y6.361 E.02243
G1 X6.361 Y93.314 E4.88954
G1 X6.361 Y93.877 E.02239
G1 X93.877 Y6.361 E4.9212
G1 X94.441 Y6.361 E.02243
G1 X6.361 Y94.441 E4.95291
G1 X6.361 Y95.004 E.02239
G1 X95.004 Y6.361 E4.98457
G1 X95.568 Y6.361 E.02243
G1 X6.361 Y95.568 E5.01628
G1 X6.361 Y96.131 E.02239
G1 X96.131 Y6.361 E5.04794
G1 X96.695 Y6.361 E.02243
G1 X6.361 Y96.695 E5.07966
G1 X6.361 Y97.258 E.02239
G1 X97.258 Y6.361 E5.11132
G1 X97.822 Y6.361 E.02243
G1 X6.361 Y97.822 E5.14303
G1 X6.361 Y98.386 E.02243
G1 X98.386 Y6.361 E5.17474
G1 X98.949 Y6.361 E.02239
G1 X6.361 Y98.949 E5.2064
G1 X6.361 Y99.513 E.02243
G1 X99.513 Y6.361 E5.23812
G1 X100.076 Y6.361 E.02239
G1 X6.361 Y100.076 E5.26978
G1 X6.361 Y100.64 E.02243
G1 X100.64 Y6.361 E5.30149
G1 X101.203 Y6.361 E.02239
G1 X6.361 Y101.203 E5.33315
G1 X6.361 Y101.767 E.02243
G1 X101.767 Y6.361 E5.36487
G1 X102.33 Y6.361 E.02239
G1 X6.361 Y102.33 E5.39652
G1 X6.361 Y102.894 E.02243
M73 Q33 S45
G1 X102.894 Y6.361 E5.42824
G1 X103.458 Y6.361 E.02243
G1 X6.361 Y103.458 E5.45995
G1 X6.361 Y104.021 E.02239
M73 P34 R44
G1 X104.021 Y6.361 E5.49161
G1 X104.585 Y6.361 E.02243
G1 X6.361 Y104.585 E5.52333
G1 X6.361 Y105.148 E.02239
M73 Q34 S45
G1 X105.148 Y6.361 E5.55499
G1 X105.712 Y6.361 E.02243
G1 X6.361 Y105.712 E5.5867
G1 X6.361 Y106.275 E.02239
M73 P34 R43
G1 X106.275 Y6.361 E5.61836
G1 X106.839 Y6.361 E.02243
G1 X6.361 Y106.839 E5.65007
G1 X6.361 Y107.402 E.02239
G1 X107.402 Y6.361 E5.68173
G1 X107.966 Y6.361 E.02243
G1 X6.361 Y107.966 E5.71345
G1 X6.361 Y108.53 E.02243
G1 X108.53 Y6.361 E5.74516
G1 X109.093 Y6.361 E.02239
G1 X6.361 Y109.093 E5.77682
G1 X6.361 Y109.657 E.02243
G1 X109.657 Y6.361 E5.80854
G1 X110.22 Y6.361 E.02239
G1 X6.361 Y110.22 E5.84019
G1 X6.361 Y110.784 E.02243
G1 X110.784 Y6.361 E5.87191
G1 X111.347 Y6.361 E.02239
G1 X6.361 Y111.347 E5.90357
G1 X6.361 Y111.911 E.02243
G1 X111.911 Y6.361 E5.93528
G1 X112.475 Y6.361 E.02243
G1 X6.361 Y112.474 E5.96697
G1 X6.361 Y113.038 E.02243
G1 X113.038 Y6.361 E5.99866
G1 X113.602 Y6.361 E.02243
G1 X6.361 Y113.602 E6.03037
G1 X6.361 Y114.165 E.02239
G1 X113.639 Y6.887 E6.03245
G1 X113.639 Y7.45 E.02239
G1 X6.361 Y114.729 E6.03248
G1 X6.361 Y115.292 E.02239
G1 X113.639 Y8.014 E6.03245
G1 X113.639 Y8.577 E.02239
G1 X6.361 Y115.856 E6.03248
G1 X6.361 Y116.419 E.02239
G1 X113.639 Y9.141 E6.03245
G1 X113.639 Y9.704 E.02239
G1 X6.361 Y116.983 E6.03248
G1 X6.361 Y117.546 E.02239
G1 X113.639 Y10.268 E6.03245
G1 X113.639 Y10.831 E.02239
G1 X6.361 Y118.11 E6.03248
G1 X6.361 Y118.674 E.02243
G1 X113.639 Y11.395 E6.03248
G1 X113.639 Y11.959 E.02243
G1 X6.361 Y119.237 E6.03245
G1 X6.361 Y119.801 E.02243
G1 X113.639 Y12.522 E6.03248
G1 X113.639 Y13.086 E.02243
G1 X6.361 Y120.364 E6.03245
G1 X6.361 Y120.928 E.02243
G1 X113.639 Y13.649 E6.03248
G1 X113.639 Y14.213 E.02243
G1 X6.361 Y121.491 E6.03245
G1 X6.361 Y122.055 E.02243
G1 X113.639 Y14.776 E6.03248
G1 X113.639 Y15.34 E.02243
G1 X6.361 Y122.618 E6.03245
G1 X6.361 Y123.182 E.02243
G1 X113.639 Y15.903 E6.03248
G1 X113.639 Y16.467 E.02243
G1 X6.361 Y123.746 E6.03248
G1 X6.361 Y124.309 E.02239
G1 X113.639 Y17.031 E6.03245
G1 X113.639 Y17.594 E.02239
M73 P35 R43
G1 X6.361 Y124.873 E6.03248
G1 X6.361 Y125.436 E.02239
M73 Q35 S45
G1 X113.639 Y18.158 E6.03245
G1 X113.639 Y18.721 E.02239
G1 X6.361 Y126 E6.03248
G1 X6.361 Y126.563 E.02239
G1 X113.639 Y19.285 E6.03245
G1 X113.639 Y19.848 E.02239
G1 X6.361 Y127.127 E6.03248
G1 X6.361 Y127.691 E.02243
G1 X113.639 Y20.412 E6.03248
G1 X113.639 Y20.975 E.02239
G1 X6.361 Y128.254 E6.03248
G1 X6.361 Y128.818 E.02243
G1 X113.639 Y21.539 E6.03248
G1 X113.639 Y22.103 E.02243
G1 X6.361 Y129.381 E6.03245
G1 X6.361 Y129.945 E.02243
G1 X113.639 Y22.666 E6.03248
G1 X113.639 Y23.23 E.02243
G1 X6.361 Y130.508 E6.03245
G1 X6.361 Y131.072 E.02243
G1 X113.639 Y23.793 E6.03248
G1 X113.639 Y24.357 E.02243
G1 X6.361 Y131.635 E6.03245
G1 X6.361 Y132.199 E.02243
G1 X113.639 Y24.92 E6.03248
G1 X113.639 Y25.484 E.02243
M73 Q35 S44
G1 X6.361 Y132.763 E6.03248
G1 X6.361 Y133.326 E.02239
G1 X113.639 Y26.048 E6.03245
G1 X113.639 Y26.611 E.02239
G1 X6.361 Y133.89 E6.03248
G1 X6.361 Y134.453 E.02239
G1 X113.639 Y27.175 E6.03245
G1 X113.639 Y27.738 E.02239
G1 X6.361 Y135.017 E6.03248
G1 X6.361 Y135.58 E.02239
G1 X113.639 Y28.302 E6.03245
G1 X113.639 Y28.865 E.02239
G1 X6.361 Y136.144 E6.03248
G1 X6.361 Y136.707 E.02239
M73 P35 R42
G1 X113.639 Y29.429 E6.03245
G1 X113.639 Y29.992 E.02239
G1 X6.361 Y137.271 E6.03248
G1 X6.361 Y137.835 E.02243
G1 X113.639 Y30.556 E6.03248
G1 X113.639 Y31.12 E.02243
G1 X6.361 Y138.398 E6.03245
G1 X6.361 Y138.962 E.02243
G1 X113.639 Y31.683 E6.03248
G1 X113.639 Y32.247 E.02243
G1 X6.361 Y139.525 E6.03245
G1 X6.361 Y140.089 E.02243
G1 X113.639 Y32.81 E6.03248
G1 X113.639 Y33.374 E.02243
G1 X6.361 Y140.652 E6.03245
G1 X6.361 Y141.216 E.02243
G1 X113.639 Y33.937 E6.03248
G1 X113.639 Y34.501 E.02243
G1 X6.361 Y141.779 E6.03245
G1 X6.361 Y142.343 E.02243
G1 X113.639 Y35.064 E6.03248
G1 X113.639 Y35.628 E.02243
G1 X6.361 Y142.907 E6.03248
G1 X6.361 Y143.47 E.02239
G1 X113.639 Y36.192 E6.03245
G1 X113.639 Y36.755 E.02239
G1 X6.361 Y144.034 E6.03248
G1 X6.361 Y144.597 E.02239
M73 P36 R42
G1 X113.639 Y37.319 E6.03245
G1 X113.639 Y37.882 E.02239
G1 X6.361 Y145.161 E6.03248
G1 X6.361 Y145.724 E.02239
G1 X113.639 Y38.446 E6.03245
G1 X113.639 Y39.009 E.02239
M73 Q36 S44
G1 X6.361 Y146.288 E6.03248
G1 X6.361 Y146.851 E.02239
G1 X113.639 Y39.573 E6.03245
G1 X113.639 Y40.136 E.02239
G1 X6.361 Y147.415 E6.03248
G1 X6.361 Y147.979 E.02243
G1 X113.639 Y40.7 E6.03248
G1 X113.639 Y41.264 E.02243
G1 X6.361 Y148.542 E6.03245
G1 X6.361 Y149.106 E.02243
G1 X113.639 Y41.827 E6.03248
G1 X113.639 Y42.391 E.02243
G1 X6.361 Y149.669 E6.03245
G1 X6.361 Y150.233 E.02243
G1 X113.639 Y42.954 E6.03248
G1 X113.639 Y43.518 E.02243
G1 X6.361 Y150.796 E6.03245
G1 X6.361 Y151.36 E.02243
G1 X113.639 Y44.081 E6.03248
G1 X113.639 Y44.645 E.02243
G1 X6.361 Y151.923 E6.03245
G1 X6.361 Y152.487 E.02243
G1 X113.639 Y45.208 E6.03248
G1 X113.639 Y45.772 E.02243
G1 X6.372 Y153.039 E6.03183
G1 X6.936 Y153.039 E.02243
G1 X113.639 Y46.336 E6.00012
G1 X113.639 Y46.899 E.02239
G1 X7.499 Y153.039 E5.96846
G1 X8.063 Y153.039 E.02243
G1 X113.639 Y47.463 E5.93674
G1 X113.639 Y48.026 E.02239
G1 X8.626 Y153.039 E5.90509
G1 X9.19 Y153.039 E.02243
G1 X113.639 Y48.59 E5.87337
G1 X113.639 Y49.153 E.02239
G1 X9.753 Y153.039 E5.84171
G1 X10.317 Y153.039 E.02243
G1 X113.639 Y49.717 E5.81
G1 X113.639 Y50.28 E.02239
G1 X10.88 Y153.039 E5.77834
G1 X11.444 Y153.039 E.02243
G1 X113.639 Y50.844 E5.74662
G1 X113.639 Y51.408 E.02243
G1 X12.008 Y153.039 E5.71491
G1 X12.571 Y153.039 E.02239
G1 X113.639 Y51.971 E5.68325
G1 X113.639 Y52.535 E.02243
G1 X13.135 Y153.039 E5.65154
G1 X13.698 Y153.039 E.02239
G1 X113.639 Y53.098 E5.61988
G1 X113.639 Y53.662 E.02243
G1 X14.262 Y153.039 E5.58816
G1 X14.825 Y153.039 E.02239
G1 X113.639 Y54.225 E5.5565
G1 X113.639 Y54.789 E.02243
M73 Q36 S43
G1 X15.389 Y153.039 E5.52479
G1 X15.952 Y153.039 E.02239
G1 X113.639 Y55.352 E5.49313
G1 X113.639 Y55.916 E.02243
G1 X16.516 Y153.039 E5.46142
G1 X17.08 Y153.039 E.02243
G1 X113.639 Y56.48 E5.4297
G1 X113.639 Y57.043 E.02239
G1 X17.643 Y153.039 E5.39804
G1 X18.207 Y153.039 E.02243
G1 X113.639 Y57.607 E5.36633
G1 X113.639 Y58.17 E.02239
G1 X18.77 Y153.039 E5.33467
G1 X19.334 Y153.039 E.02243
M73 P37 R42
G1 X113.639 Y58.734 E5.30295
G1 X113.639 Y59.297 E.02239
G1 X19.897 Y153.039 E5.2713
G1 X20.461 Y153.039 E.02243
M73 Q37 S43
G1 X113.639 Y59.861 E5.23958
G1 X113.639 Y60.424 E.02239
G1 X21.024 Y153.039 E5.20792
G1 X21.588 Y153.039 E.02243
M73 P37 R41
G1 X113.639 Y60.988 E5.17621
G1 X113.639 Y61.552 E.02243
G1 X22.152 Y153.039 E5.14449
G1 X22.715 Y153.039 E.02239
G1 X113.639 Y62.115 E5.11283
G1 X113.639 Y62.679 E.02243
G1 X23.279 Y153.039 E5.08112
G1 X23.842 Y153.039 E.02239
G1 X113.639 Y63.242 E5.04946
G1 X113.639 Y63.806 E.02243
G1 X24.406 Y153.039 E5.01775
G1 X24.969 Y153.039 E.02239
G1 X113.639 Y64.369 E4.98609
G1 X113.639 Y64.933 E.02243
G1 X25.533 Y153.039 E4.95437
G1 X26.096 Y153.039 E.02239
G1 X113.639 Y65.496 E4.92271
G1 X113.639 Y66.06 E.02243
G1 X26.66 Y153.039 E4.891
G1 X27.224 Y153.039 E.02243
G1 X113.639 Y66.624 E4.85928
G1 X113.639 Y67.187 E.02239
G1 X27.787 Y153.039 E4.82763
G1 X28.351 Y153.039 E.02243
G1 X113.639 Y67.751 E4.79591
G1 X113.639 Y68.314 E.02239
G1 X28.914 Y153.039 E4.76425
G1 X29.478 Y153.039 E.02243
G1 X113.639 Y68.878 E4.73254
G1 X113.639 Y69.441 E.02239
G1 X30.041 Y153.039 E4.70088
G1 X30.605 Y153.039 E.02243
G1 X113.639 Y70.005 E4.66916
G1 X113.639 Y70.569 E.02243
G1 X31.168 Y153.039 E4.63748
G1 X31.732 Y153.039 E.02243
G1 X113.639 Y71.132 E4.60579
G1 X113.639 Y71.696 E.02243
G1 X32.296 Y153.039 E4.57408
G1 X32.859 Y153.039 E.02239
G1 X113.639 Y72.259 E4.54242
G1 X113.639 Y72.823 E.02243
G1 X33.423 Y153.039 E4.5107
G1 X33.986 Y153.039 E.02239
G1 X113.639 Y73.386 E4.47904
G1 X113.639 Y73.95 E.02243
G1 X34.55 Y153.039 E4.44733
G1 X35.113 Y153.039 E.02239
G1 X113.639 Y74.513 E4.41567
G1 X113.639 Y75.077 E.02243
G1 X35.677 Y153.039 E4.38396
G1 X36.24 Y153.039 E.02239
G1 X113.639 Y75.641 E4.35227
G1 X113.639 Y76.204 E.02239
G1 X36.804 Y153.039 E4.32058
G1 X37.368 Y153.039 E.02243
G1 X113.639 Y76.768 E4.28887
G1 X113.639 Y77.331 E.02239
G1 X37.931 Y153.039 E4.25721
G1 X38.495 Y153.039 E.02243
G1 X113.639 Y77.895 E4.22549
G1 X113.639 Y78.458 E.02239
G1 X39.058 Y153.039 E4.19383
G1 X39.622 Y153.039 E.02243
G1 X113.639 Y79.022 E4.16212
G1 X113.639 Y79.585 E.02239
G1 X40.185 Y153.039 E4.13046
G1 X40.749 Y153.039 E.02243
G1 X113.639 Y80.149 E4.09875
G1 X113.639 Y80.713 E.02243
G1 X41.313 Y153.039 E4.06703
G1 X41.876 Y153.039 E.02239
G1 X113.639 Y81.276 E4.03537
G1 X113.639 Y81.84 E.02243
G1 X42.44 Y153.039 E4.00366
G1 X43.003 Y153.039 E.02239
G1 X113.639 Y82.403 E3.972
G1 X113.639 Y82.967 E.02243
G1 X43.567 Y153.039 E3.94029
G1 X44.13 Y153.039 E.02239
G1 X113.639 Y83.53 E3.90863
G1 X113.639 Y84.094 E.02243
G1 X44.694 Y153.039 E3.87691
G1 X45.257 Y153.039 E.02239
M73 P38 R41
G1 X113.639 Y84.657 E3.84525
G1 X113.639 Y85.221 E.02243
G1 X45.821 Y153.039 E3.81354
G1 X46.385 Y153.039 E.02243
G1 X113.639 Y85.785 E3.78182
G1 X113.639 Y86.348 E.02239
M73 Q38 S43
G1 X46.948 Y153.039 E3.75016
G1 X47.512 Y153.039 E.02243
G1 X113.639 Y86.912 E3.71845
G1 X113.639 Y87.475 E.02239
G1 X48.075 Y153.039 E3.68679
G1 X48.639 Y153.039 E.02243
G1 X113.639 Y88.039 E3.65508
G1 X113.639 Y88.602 E.02239
G1 X49.202 Y153.039 E3.62342
G1 X49.766 Y153.039 E.02243
G1 X113.639 Y89.166 E3.5917
G1 X113.639 Y89.729 E.02239
G1 X50.329 Y153.039 E3.56004
G1 X50.893 Y153.039 E.02243
G1 X113.639 Y90.293 E3.52833
G1 X113.639 Y90.857 E.02243
G1 X51.457 Y153.039 E3.49661
G1 X52.02 Y153.039 E.02239
G1 X113.639 Y91.42 E3.46496
G1 X113.639 Y91.984 E.02243
G1 X52.584 Y153.039 E3.43324
G1 X53.147 Y153.039 E.02239
G1 X113.639 Y92.547 E3.40158
G1 X113.639 Y93.111 E.02243
G1 X53.711 Y153.039 E3.36987
G1 X54.274 Y153.039 E.02239
M73 Q38 S42
G1 X113.639 Y93.674 E3.33821
G1 X113.639 Y94.238 E.02243
G1 X54.838 Y153.039 E3.30649
G1 X55.401 Y153.039 E.02239
G1 X113.639 Y94.801 E3.27484
G1 X113.639 Y95.365 E.02243
G1 X55.965 Y153.039 E3.24312
G1 X56.529 Y153.039 E.02243
G1 X113.639 Y95.929 E3.21141
G1 X113.639 Y96.492 E.02239
G1 X57.092 Y153.039 E3.17975
G1 X57.656 Y153.039 E.02243
G1 X113.639 Y97.056 E3.14803
G1 X113.639 Y97.619 E.02239
G1 X58.219 Y153.039 E3.11637
G1 X58.783 Y153.039 E.02243
G1 X113.639 Y98.183 E3.08466
G1 X113.639 Y98.746 E.02239
G1 X59.346 Y153.039 E3.053
G1 X59.91 Y153.039 E.02243
G1 X113.639 Y99.31 E3.02129
G1 X113.639 Y99.873 E.02239
G1 X60.473 Y153.039 E2.98963
G1 X61.037 Y153.039 E.02243
G1 X113.639 Y100.437 E2.95791
G1 X113.639 Y101.001 E.02243
G1 X61.601 Y153.039 E2.9262
G1 X62.164 Y153.039 E.02239
G1 X113.639 Y101.564 E2.89454
G1 X113.639 Y102.128 E.02243
G1 X62.728 Y153.039 E2.86282
G1 X63.291 Y153.039 E.02239
G1 X113.639 Y102.691 E2.83117
G1 X113.639 Y103.255 E.02243
G1 X63.855 Y153.039 E2.79945
G1 X64.418 Y153.039 E.02239
G1 X113.639 Y103.818 E2.76779
G1 X113.639 Y104.382 E.02243
G1 X64.982 Y153.039 E2.73608
G1 X65.545 Y153.039 E.02239
G1 X113.639 Y104.945 E2.70442
G1 X113.639 Y105.509 E.02243
G1 X66.109 Y153.039 E2.6727
G1 X66.673 Y153.039 E.02243
G1 X113.639 Y106.073 E2.64099
G1 X113.639 Y106.636 E.02239
G1 X67.236 Y153.039 E2.60933
G1 X67.8 Y153.039 E.02243
M73 P38 R40
G1 X113.639 Y107.2 E2.57762
G1 X113.639 Y107.763 E.02239
G1 X68.363 Y153.039 E2.54596
G1 X68.927 Y153.039 E.02243
G1 X113.639 Y108.327 E2.51424
G1 X113.639 Y108.89 E.02239
G1 X69.49 Y153.039 E2.48258
G1 X70.054 Y153.039 E.02243
G1 X113.639 Y109.454 E2.45087
G1 X113.639 Y110.017 E.02239
G1 X70.617 Y153.039 E2.41921
G1 X71.181 Y153.039 E.02243
G1 X113.639 Y110.581 E2.3875
G1 X113.639 Y111.145 E.02243
G1 X71.745 Y153.039 E2.35578
G1 X72.308 Y153.039 E.02239
G1 X113.639 Y111.708 E2.32412
G1 X113.639 Y112.272 E.02243
G1 X72.872 Y153.039 E2.29241
G1 X73.435 Y153.039 E.02239
G1 X113.639 Y112.835 E2.26075
G1 X113.639 Y113.399 E.02243
G1 X73.999 Y153.039 E2.22903
G1 X74.562 Y153.039 E.02239
G1 X113.639 Y113.962 E2.19738
G1 X113.639 Y114.526 E.02243
G1 X75.126 Y153.039 E2.16566
G1 X75.689 Y153.039 E.02239
G1 X113.639 Y115.09 E2.13397
G1 X113.639 Y115.653 E.02239
G1 X76.253 Y153.039 E2.10229
G1 X76.817 Y153.039 E.02243
G1 X113.639 Y116.217 E2.07057
G1 X113.639 Y116.78 E.02239
G1 X77.38 Y153.039 E2.03891
G1 X77.944 Y153.039 E.02243
G1 X113.639 Y117.344 E2.0072
G1 X113.639 Y117.907 E.02239
G1 X78.507 Y153.039 E1.97554
G1 X79.071 Y153.039 E.02243
G1 X113.639 Y118.471 E1.94383
G1 X113.639 Y119.034 E.02239
G1 X79.634 Y153.039 E1.91217
G1 X80.198 Y153.039 E.02243
G1 X113.639 Y119.598 E1.88045
G1 X113.639 Y120.162 E.02243
G1 X80.762 Y153.039 E1.84874
G1 X81.325 Y153.039 E.02239
G1 X113.639 Y120.725 E1.81708
G1 X113.639 Y121.289 E.02243
G1 X81.889 Y153.039 E1.78536
G1 X82.452 Y153.039 E.02239
G1 X113.639 Y121.852 E1.75371
G1 X113.639 Y122.416 E.02243
G1 X83.016 Y153.039 E1.72199
G1 X83.579 Y153.039 E.02239
G1 X113.639 Y122.979 E1.69033
G1 X113.639 Y123.543 E.02243
G1 X84.143 Y153.039 E1.65862
G1 X84.706 Y153.039 E.02239
G1 X113.639 Y124.106 E1.62696
G1 X113.639 Y124.67 E.02243
G1 X85.27 Y153.039 E1.59524
G1 X85.834 Y153.039 E.02243
G1 X113.639 Y125.234 E1.56353
G1 X113.639 Y125.797 E.02239
G1 X86.397 Y153.039 E1.53187
G1 X86.961 Y153.039 E.02243
G1 X113.639 Y126.361 E1.50016
G1 X113.639 Y126.924 E.02239
G1 X87.524 Y153.039 E1.4685
G1 X88.088 Y153.039 E.02243
G1 X113.639 Y127.488 E1.43678
G1 X113.639 Y128.051 E.02239
G1 X88.651 Y153.039 E1.40512
G1 X89.215 Y153.039 E.02243
G1 X113.639 Y128.615 E1.37341
G1 X113.639 Y129.178 E.02239
G1 X89.778 Y153.039 E1.34175
G1 X90.342 Y153.039 E.02243
G1 X113.639 Y129.742 E1.31004
M73 P39 R40
G1 X113.639 Y130.306 E.02243
G1 X90.906 Y153.039 E1.27832
G1 X91.469 Y153.039 E.02239
G1 X113.639 Y130.869 E1.24666
G1 X113.639 Y131.433 E.02243
G1 X92.033 Y153.039 E1.21495
G1 X92.596 Y153.039 E.02239
M73 Q39 S42
G1 X113.639 Y131.996 E1.18329
G1 X113.639 Y132.56 E.02243
G1 X93.16 Y153.039 E1.15157
G1 X93.723 Y153.039 E.02239
G1 X113.639 Y133.123 E1.11992
G1 X113.639 Y133.687 E.02243
G1 X94.287 Y153.039 E1.0882
G1 X94.85 Y153.039 E.02239
G1 X113.639 Y134.25 E1.05654
G1 X113.639 Y134.814 E.02243
G1 X95.414 Y153.039 E1.02483
G1 X95.978 Y153.039 E.02243
G1 X113.639 Y135.378 E.99311
G1 X113.639 Y135.941 E.02239
G1 X96.541 Y153.039 E.96145
G1 X97.105 Y153.039 E.02243
G1 X113.639 Y136.505 E.92974
G1 X113.639 Y137.068 E.02239
G1 X97.668 Y153.039 E.89808
G1 X98.232 Y153.039 E.02243
G1 X113.639 Y137.632 E.86637
G1 X113.639 Y138.195 E.02239
G1 X98.795 Y153.039 E.83471
G1 X99.359 Y153.039 E.02243
G1 X113.639 Y138.759 E.80299
G1 X113.639 Y139.322 E.02239
G1 X99.922 Y153.039 E.77133
G1 X100.486 Y153.039 E.02243
G1 X113.639 Y139.886 E.73962
G1 X113.639 Y140.45 E.02243
G1 X101.05 Y153.039 E.7079
G1 X101.613 Y153.039 E.02239
G1 X113.639 Y141.013 E.67625
G1 X113.639 Y141.577 E.02243
G1 X102.177 Y153.039 E.64453
G1 X102.74 Y153.039 E.02239
G1 X113.639 Y142.14 E.61287
G1 X113.639 Y142.704 E.02243
G1 X103.304 Y153.039 E.58116
G1 X103.867 Y153.039 E.02239
G1 X113.639 Y143.267 E.5495
G1 X113.639 Y143.831 E.02243
G1 X104.431 Y153.039 E.51778
G1 X104.994 Y153.039 E.02239
G1 X113.639 Y144.394 E.48613
G1 X113.639 Y144.958 E.02243
G1 X105.558 Y153.039 E.45441
G1 X106.122 Y153.039 E.02243
G1 X113.639 Y145.522 E.4227
G1 X113.639 Y146.085 E.02239
G1 X106.685 Y153.039 E.39104
G1 X107.249 Y153.039 E.02243
G1 X113.639 Y146.649 E.35932
G1 X113.639 Y147.212 E.02239
G1 X107.812 Y153.039 E.32766
G1 X108.376 Y153.039 E.02243
G1 X113.639 Y147.776 E.29595
G1 X113.639 Y148.339 E.02239
G1 X108.939 Y153.039 E.26429
G1 X109.503 Y153.039 E.02243
G1 X113.639 Y148.903 E.23258
G1 X113.639 Y149.466 E.02239
G1 X110.066 Y153.039 E.20092
G1 X110.63 Y153.039 E.02243
G1 X113.639 Y150.03 E.1692
G1 X113.639 Y150.594 E.02243
G1 X111.194 Y153.039 E.13749
G1 X111.757 Y153.039 E.02239
G1 X113.639 Y151.157 E.10583
G1 X113.639 Y153.039 E.07483
G1 X112.321 Y153.039 E.05241
G1 X113.498 Y151.862 E.06619
M106 S216.75
;LAYER_CHANGE
;Z:0.68
;HEIGHT:0.24
;BEFORE_LAYER_CHANGE
G92 E0.0
;0.68


G1 E-.16 F2700
;WIPE_START
G1 F16800
G1 X112.321 Y153.039 E-.25414
G1 X113.639 Y153.039 E-.20123
G1 X113.639 Y151.83 E-.18463
;WIPE_END
G1 X113.639 Y151.83 Z.44 F21000
G1 X124.022 Y153.378 Z.68
;AFTER_LAYER_CHANGE
;0.68
G1 Z.68 F720
G1 E.8 F1500
;TYPE:Perimeter
G1 F4200
G1 X124.022 Y6.022 E5.85917
G1 X231.978 Y6.022 E4.29255
G1 X231.978 Y153.378 E5.85917
G1 X124.082 Y153.378 E4.29016
G1 X123.623 Y153.777 F21000
G1 F4200
G1 X123.623 Y5.623 E5.8909
G1 X232.377 Y5.623 E4.32428
G1 X232.377 Y153.777 E5.8909
G1 X123.683 Y153.777 E4.32189
M204 T250
G1 X123.225 Y154.175 F21000
M204 T7000
;TYPE:External perimeter
G1 F2999.995
G1 X123.225 Y5.225 E5.92255
G1 X232.775 Y5.225 E4.35593
G1 X232.775 Y154.175 E5.92255
G1 X123.285 Y154.175 E4.35354
M73 Q39 S41
G1 E-.16 F2700
;WIPE_START
G1 F16800
G1 X123.225 Y154.175 E-.00916
G1 X123.225 Y150.043 E-.63084
;WIPE_END
G1 X124.393 Y152.931 Z.734 F21000
G1 Z.68 F720
G1 E.8 F1500
;TYPE:Solid infill
;WIDTH:0.546684
G1 F7573.004
G1 X124.349 Y152.975 E.00307
G1 X124.365 Y153.035 E.00307
G1 X124.425 Y153.051 E.00307
G1 X124.469 Y153.007 E.00307
G1 X124.453 Y152.947 E.00307
;WIDTH:0.449999
G1 F8400
G1 X125.089 Y153.039 E.02555
G1 X124.361 Y152.311 E.04094
G1 X124.361 Y151.747 E.02243
G1 X125.653 Y153.039 E.07265
G1 X126.216 Y153.039 E.02239
G1 X124.361 Y151.184 E.10431
G1 X124.361 Y150.62 E.02243
G1 X126.78 Y153.039 E.13603
G1 X127.344 Y153.039 E.02243
G1 X124.361 Y150.056 E.16774
G1 X124.361 Y149.493 E.02239
G1 X127.907 Y153.039 E.1994
G1 X128.471 Y153.039 E.02243
G1 X124.361 Y148.929 E.23111
G1 X124.361 Y148.366 E.02239
G1 X129.034 Y153.039 E.26277
G1 X129.598 Y153.039 E.02243
G1 X124.361 Y147.802 E.29449
G1 X124.361 Y147.239 E.02239
G1 X130.161 Y153.039 E.32615
G1 X130.725 Y153.039 E.02243
G1 X124.361 Y146.675 E.35786
G1 X124.361 Y146.112 E.02239
G1 X131.288 Y153.039 E.38952
G1 X131.852 Y153.039 E.02243
G1 X124.361 Y145.548 E.42123
G1 X124.361 Y144.984 E.02243
G1 X132.416 Y153.039 E.45295
G1 X132.979 Y153.039 E.02239
G1 X124.361 Y144.421 E.48461
G1 X124.361 Y143.857 E.02243
G1 X133.543 Y153.039 E.51632
G1 X134.106 Y153.039 E.02239
G1 X124.361 Y143.294 E.54798
G1 X124.361 Y142.73 E.02243
G1 X134.67 Y153.039 E.5797
G1 X135.233 Y153.039 E.02239
G1 X124.361 Y142.167 E.61135
G1 X124.361 Y141.603 E.02243
G1 X135.797 Y153.039 E.64307
G1 X136.36 Y153.039 E.02239
G1 X124.361 Y141.04 E.67473
G1 X124.361 Y140.476 E.02243
G1 X136.924 Y153.039 E.70644
G1 X137.488 Y153.039 E.02243
G1 X124.361 Y139.912 E.73816
G1 X124.361 Y139.349 E.02239
G1 X138.051 Y153.039 E.76982
G1 X138.615 Y153.039 E.02243
G1 X124.361 Y138.785 E.80153
G1 X124.361 Y138.222 E.02239
G1 X139.178 Y153.039 E.83319
G1 X139.742 Y153.039 E.02243
G1 X124.361 Y137.658 E.8649
G1 X124.361 Y137.095 E.02239
G1 X140.305 Y153.039 E.89656
G1 X140.869 Y153.039 E.02243
G1 X124.361 Y136.531 E.92828
G1 X124.361 Y135.968 E.02239
G1 X141.432 Y153.039 E.95994
G1 X141.996 Y153.039 E.02243
G1 X124.361 Y135.404 E.99165
G1 X124.361 Y134.84 E.02243
G1 X142.56 Y153.039 E1.02337
G1 X143.123 Y153.039 E.02239
G1 X124.361 Y134.277 E1.05502
G1 X124.361 Y133.713 E.02243
G1 X143.687 Y153.039 E1.08674
G1 X144.25 Y153.039 E.02239
G1 X124.361 Y133.15 E1.1184
G1 X124.361 Y132.586 E.02243
G1 X144.814 Y153.039 E1.15011
G1 X145.377 Y153.039 E.02239
G1 X124.361 Y132.023 E1.18177
G1 X124.361 Y131.459 E.02243
G1 X145.941 Y153.039 E1.21349
G1 X146.504 Y153.039 E.02239
G1 X124.361 Y130.896 E1.24514
G1 X124.361 Y130.332 E.02243
G1 X147.068 Y153.039 E1.27686
G1 X147.632 Y153.039 E.02243
G1 X124.361 Y129.768 E1.30857
G1 X124.361 Y129.205 E.02239
G1 X148.195 Y153.039 E1.34023
G1 X148.759 Y153.039 E.02243
G1 X124.361 Y128.641 E1.37195
G1 X124.361 Y128.078 E.02239
G1 X149.322 Y153.039 E1.40361
G1 X149.886 Y153.039 E.02243
G1 X124.361 Y127.514 E1.43532
G1 X124.361 Y126.951 E.02239
M73 Q40 S41
G1 X150.449 Y153.039 E1.46698
G1 X151.013 Y153.039 E.02243
G1 X124.361 Y126.387 E1.49869
G1 X124.361 Y125.823 E.02243
G1 X151.577 Y153.039 E1.53041
G1 X152.14 Y153.039 E.02239
G1 X124.361 Y125.26 E1.56207
G1 X124.361 Y124.696 E.02243
M73 P40 R40
G1 X152.704 Y153.039 E1.59378
G1 X153.267 Y153.039 E.02239
G1 X124.361 Y124.133 E1.62544
G1 X124.361 Y123.569 E.02243
G1 X153.831 Y153.039 E1.65716
G1 X154.394 Y153.039 E.02239
G1 X124.361 Y123.006 E1.68881
G1 X124.361 Y122.442 E.02243
G1 X154.958 Y153.039 E1.72053
G1 X155.521 Y153.039 E.02239
G1 X124.361 Y121.879 E1.75219
G1 X124.361 Y121.315 E.02243
G1 X156.085 Y153.039 E1.7839
G1 X156.649 Y153.039 E.02243
G1 X124.361 Y120.751 E1.81562
G1 X124.361 Y120.188 E.02239
G1 X157.212 Y153.039 E1.84728
G1 X157.776 Y153.039 E.02243
G1 X124.361 Y119.624 E1.87899
G1 X124.361 Y119.061 E.02239
G1 X158.339 Y153.039 E1.91065
G1 X158.903 Y153.039 E.02243
G1 X124.361 Y118.497 E1.94236
G1 X124.361 Y117.934 E.02239
M73 P40 R39
G1 X159.466 Y153.039 E1.97402
G1 X160.03 Y153.039 E.02243
G1 X124.361 Y117.37 E2.00574
G1 X124.361 Y116.807 E.02239
G1 X160.593 Y153.039 E2.0374
G1 X161.157 Y153.039 E.02243
G1 X124.361 Y116.243 E2.06911
G1 X124.361 Y115.679 E.02243
G1 X161.721 Y153.039 E2.10083
G1 X162.284 Y153.039 E.02239
G1 X124.361 Y115.116 E2.13248
G1 X124.361 Y114.552 E.02243
G1 X162.848 Y153.039 E2.1642
G1 X163.411 Y153.039 E.02239
G1 X124.361 Y113.989 E2.19586
G1 X124.361 Y113.425 E.02243
G1 X163.975 Y153.039 E2.22757
G1 X164.538 Y153.039 E.02239
G1 X124.361 Y112.862 E2.25923
G1 X124.361 Y112.298 E.02243
G1 X165.102 Y153.039 E2.29095
G1 X165.665 Y153.039 E.02239
G1 X124.361 Y111.735 E2.3226
G1 X124.361 Y111.171 E.02243
G1 X166.229 Y153.039 E2.35432
G1 X166.793 Y153.039 E.02243
G1 X124.361 Y110.607 E2.38603
G1 X124.361 Y110.044 E.02239
G1 X167.356 Y153.039 E2.41769
G1 X167.92 Y153.039 E.02243
G1 X124.361 Y109.48 E2.44941
G1 X124.361 Y108.917 E.02239
G1 X168.483 Y153.039 E2.48107
G1 X169.047 Y153.039 E.02243
G1 X124.361 Y108.353 E2.51278
G1 X124.361 Y107.79 E.02239
G1 X169.61 Y153.039 E2.54444
G1 X170.174 Y153.039 E.02243
G1 X124.361 Y107.226 E2.57615
G1 X124.361 Y106.663 E.02239
G1 X170.737 Y153.039 E2.60781
G1 X171.301 Y153.039 E.02243
G1 X124.361 Y106.099 E2.63953
G1 X124.361 Y105.535 E.02243
G1 X171.865 Y153.039 E2.67124
G1 X172.428 Y153.039 E.02239
G1 X124.361 Y104.972 E2.7029
G1 X124.361 Y104.408 E.02243
G1 X172.992 Y153.039 E2.73462
G1 X173.555 Y153.039 E.02239
G1 X124.361 Y103.845 E2.76627
G1 X124.361 Y103.281 E.02243
G1 X174.119 Y153.039 E2.79799
G1 X174.682 Y153.039 E.02239
G1 X124.361 Y102.718 E2.82965
G1 X124.361 Y102.154 E.02243
G1 X175.246 Y153.039 E2.86136
G1 X175.809 Y153.039 E.02239
G1 X124.361 Y101.591 E2.89302
G1 X124.361 Y101.027 E.02243
G1 X176.373 Y153.039 E2.92474
G1 X176.937 Y153.039 E.02243
G1 X124.361 Y100.463 E2.95645
G1 X124.361 Y99.9 E.02239
G1 X177.5 Y153.039 E2.98811
G1 X178.064 Y153.039 E.02243
G1 X124.361 Y99.336 E3.01982
G1 X124.361 Y98.773 E.02239
G1 X178.627 Y153.039 E3.05148
G1 X179.191 Y153.039 E.02243
G1 X124.361 Y98.209 E3.0832
G1 X124.361 Y97.646 E.02239
G1 X179.754 Y153.039 E3.11486
G1 X180.318 Y153.039 E.02243
G1 X124.361 Y97.082 E3.14657
G1 X124.361 Y96.519 E.02239
G1 X180.881 Y153.039 E3.17823
G1 X181.445 Y153.039 E.02243
G1 X124.361 Y95.955 E3.20994
G1 X124.361 Y95.391 E.02243
G1 X182.009 Y153.039 E3.24166
G1 X182.572 Y153.039 E.02239
G1 X124.361 Y94.828 E3.27332
G1 X124.361 Y94.264 E.02243
G1 X183.136 Y153.039 E3.30503
G1 X183.699 Y153.039 E.02239
G1 X124.361 Y93.701 E3.33669
G1 X124.361 Y93.137 E.02243
G1 X184.263 Y153.039 E3.36841
G1 X184.826 Y153.039 E.02239
G1 X124.361 Y92.574 E3.40006
G1 X124.361 Y92.01 E.02243
G1 X185.39 Y153.039 E3.43178
G1 X185.953 Y153.039 E.02239
G1 X124.361 Y91.447 E3.46344
G1 X124.361 Y90.883 E.02243
G1 X186.517 Y153.039 E3.49515
G1 X187.081 Y153.039 E.02243
G1 X124.361 Y90.319 E3.52687
G1 X124.361 Y89.756 E.02239
G1 X187.644 Y153.039 E3.55853
G1 X188.208 Y153.039 E.02243
G1 X124.361 Y89.192 E3.59024
G1 X124.361 Y88.629 E.02239
G1 X188.771 Y153.039 E3.6219
G1 X189.335 Y153.039 E.02243
G1 X124.361 Y88.065 E3.65361
G1 X124.361 Y87.502 E.02239
G1 X189.898 Y153.039 E3.68527
G1 X190.462 Y153.039 E.02243
G1 X124.361 Y86.938 E3.71699
G1 X124.361 Y86.375 E.02239
G1 X191.025 Y153.039 E3.74865
G1 X191.589 Y153.039 E.02243
G1 X124.361 Y85.811 E3.78036
G1 X124.361 Y85.247 E.02243
G1 X192.153 Y153.039 E3.81208
G1 X192.716 Y153.039 E.02239
G1 X124.361 Y84.684 E3.84373
G1 X124.361 Y84.12 E.02243
M73 Q41 S41
G1 X193.28 Y153.039 E3.87545
G1 X193.843 Y153.039 E.02239
G1 X124.361 Y83.557 E3.90711
G1 X124.361 Y82.993 E.02243
G1 X194.407 Y153.039 E3.93882
G1 X194.97 Y153.039 E.02239
G1 X124.361 Y82.43 E3.97048
G1 X124.361 Y81.866 E.02243
M73 P41 R39
G1 X195.534 Y153.039 E4.0022
G1 X196.098 Y153.039 E.02243
M73 Q41 S40
G1 X124.361 Y81.302 E4.03391
G1 X124.361 Y80.739 E.02239
G1 X196.661 Y153.039 E4.06557
G1 X197.225 Y153.039 E.02243
G1 X124.361 Y80.175 E4.09728
G1 X124.361 Y79.612 E.02239
G1 X197.788 Y153.039 E4.12894
G1 X198.352 Y153.039 E.02243
G1 X124.361 Y79.048 E4.16066
G1 X124.361 Y78.485 E.02239
G1 X198.915 Y153.039 E4.19232
G1 X199.479 Y153.039 E.02243
G1 X124.361 Y77.921 E4.22403
G1 X124.361 Y77.358 E.02239
G1 X200.042 Y153.039 E4.25569
G1 X200.606 Y153.039 E.02243
G1 X124.361 Y76.794 E4.2874
G1 X124.361 Y76.23 E.02243
G1 X201.17 Y153.039 E4.31912
G1 X201.733 Y153.039 E.02239
G1 X124.361 Y75.667 E4.35078
G1 X124.361 Y75.103 E.02243
G1 X202.297 Y153.039 E4.38249
G1 X202.86 Y153.039 E.02239
G1 X124.361 Y74.54 E4.41415
G1 X124.361 Y73.976 E.02243
G1 X203.424 Y153.039 E4.44587
G1 X203.987 Y153.039 E.02239
G1 X124.361 Y73.413 E4.47753
G1 X124.361 Y72.849 E.02243
G1 X204.551 Y153.039 E4.50924
G1 X205.114 Y153.039 E.02239
G1 X124.361 Y72.286 E4.5409
G1 X124.361 Y71.722 E.02243
G1 X205.678 Y153.039 E4.57261
G1 X206.242 Y153.039 E.02243
G1 X124.361 Y71.158 E4.60433
G1 X124.361 Y70.595 E.02239
G1 X206.805 Y153.039 E4.63599
G1 X207.369 Y153.039 E.02243
G1 X124.361 Y70.031 E4.6677
G1 X124.361 Y69.468 E.02239
G1 X207.932 Y153.039 E4.69936
G1 X208.496 Y153.039 E.02243
G1 X124.361 Y68.904 E4.73107
G1 X124.361 Y68.341 E.02239
G1 X209.059 Y153.039 E4.76273
G1 X209.623 Y153.039 E.02243
G1 X124.361 Y67.777 E4.79445
G1 X124.361 Y67.214 E.02239
G1 X210.186 Y153.039 E4.82611
G1 X210.75 Y153.039 E.02243
G1 X124.361 Y66.65 E4.85782
G1 X124.361 Y66.086 E.02243
G1 X211.314 Y153.039 E4.88954
G1 X211.877 Y153.039 E.02239
M73 P41 R38
G1 X124.361 Y65.523 E4.9212
G1 X124.361 Y64.959 E.02243
G1 X212.441 Y153.039 E4.95291
G1 X213.004 Y153.039 E.02239
G1 X124.361 Y64.396 E4.98457
G1 X124.361 Y63.832 E.02243
G1 X213.568 Y153.039 E5.01628
G1 X214.131 Y153.039 E.02239
G1 X124.361 Y63.269 E5.04794
G1 X124.361 Y62.705 E.02243
G1 X214.695 Y153.039 E5.07966
G1 X215.258 Y153.039 E.02239
G1 X124.361 Y62.142 E5.11132
G1 X124.361 Y61.578 E.02243
G1 X215.822 Y153.039 E5.14303
G1 X216.386 Y153.039 E.02243
G1 X124.361 Y61.014 E5.17474
G1 X124.361 Y60.451 E.02239
G1 X216.949 Y153.039 E5.2064
G1 X217.513 Y153.039 E.02243
G1 X124.361 Y59.887 E5.23812
G1 X124.361 Y59.324 E.02239
G1 X218.076 Y153.039 E5.26978
G1 X218.64 Y153.039 E.02243
G1 X124.361 Y58.76 E5.30149
G1 X124.361 Y58.197 E.02239
G1 X219.203 Y153.039 E5.33315
G1 X219.767 Y153.039 E.02243
M73 Q42 S40
G1 X124.361 Y57.633 E5.36487
G1 X124.361 Y57.07 E.02239
G1 X220.33 Y153.039 E5.39652
G1 X220.894 Y153.039 E.02243
G1 X124.361 Y56.506 E5.42824
G1 X124.361 Y55.942 E.02243
M73 P42 R38
G1 X221.458 Y153.039 E5.45995
G1 X222.021 Y153.039 E.02239
G1 X124.361 Y55.379 E5.49161
G1 X124.361 Y54.815 E.02243
G1 X222.585 Y153.039 E5.52333
G1 X223.148 Y153.039 E.02239
G1 X124.361 Y54.252 E5.55499
G1 X124.361 Y53.688 E.02243
G1 X223.712 Y153.039 E5.5867
G1 X224.275 Y153.039 E.02239
G1 X124.361 Y53.125 E5.61836
G1 X124.361 Y52.561 E.02243
G1 X224.839 Y153.039 E5.65007
G1 X225.402 Y153.039 E.02239
G1 X124.361 Y51.998 E5.68173
G1 X124.361 Y51.434 E.02243
G1 X225.966 Y153.039 E5.71345
G1 X226.53 Y153.039 E.02243
G1 X124.361 Y50.87 E5.74516
G1 X124.361 Y50.307 E.02239
G1 X227.093 Y153.039 E5.77682
G1 X227.657 Y153.039 E.02243
G1 X124.361 Y49.743 E5.80854
G1 X124.361 Y49.18 E.02239
G1 X228.22 Y153.039 E5.84019
G1 X228.784 Y153.039 E.02243
G1 X124.361 Y48.616 E5.87191
G1 X124.361 Y48.053 E.02239
G1 X229.347 Y153.039 E5.90357
G1 X229.911 Y153.039 E.02243
G1 X124.361 Y47.489 E5.93528
G1 X124.361 Y46.926 E.02239
G1 X230.474 Y153.039 E5.96694
G1 X231.038 Y153.039 E.02243
M73 Q42 S39
G1 X124.361 Y46.362 E5.99866
G1 X124.361 Y45.798 E.02243
G1 X231.602 Y153.039 E6.03037
G1 X231.639 Y152.513 E.02097
G1 X124.361 Y45.235 E6.03245
G1 X124.361 Y44.671 E.02243
G1 X231.639 Y151.95 E6.03248
G1 X231.639 Y151.386 E.02243
G1 X124.361 Y44.108 E6.03245
G1 X124.361 Y43.544 E.02243
G1 X231.639 Y150.823 E6.03248
G1 X231.639 Y150.259 E.02243
G1 X124.361 Y42.981 E6.03245
G1 X124.361 Y42.417 E.02243
G1 X231.639 Y149.696 E6.03248
G1 X231.639 Y149.132 E.02243
G1 X124.361 Y41.854 E6.03245
G1 X124.361 Y41.29 E.02243
G1 X231.639 Y148.569 E6.03248
G1 X231.639 Y148.005 E.02243
G1 X124.361 Y40.726 E6.03248
G1 X124.361 Y40.163 E.02239
G1 X231.639 Y147.441 E6.03245
G1 X231.639 Y146.878 E.02239
G1 X124.361 Y39.599 E6.03248
G1 X124.361 Y39.036 E.02239
G1 X231.639 Y146.314 E6.03245
G1 X231.639 Y145.751 E.02239
G1 X124.361 Y38.472 E6.03248
G1 X124.361 Y37.909 E.02239
G1 X231.639 Y145.187 E6.03245
G1 X231.639 Y144.624 E.02239
G1 X124.361 Y37.345 E6.03248
G1 X124.361 Y36.781 E.02243
M73 Q43 S39
G1 X231.639 Y144.06 E6.03248
G1 X231.639 Y143.497 E.02239
G1 X124.361 Y36.218 E6.03248
G1 X124.361 Y35.654 E.02243
M73 P43 R38
G1 X231.639 Y142.933 E6.03248
G1 X231.639 Y142.369 E.02243
G1 X124.361 Y35.091 E6.03245
G1 X124.361 Y34.527 E.02243
G1 X231.639 Y141.806 E6.03248
G1 X231.639 Y141.242 E.02243
G1 X124.361 Y33.964 E6.03245
G1 X124.361 Y33.4 E.02243
M73 P43 R37
G1 X231.639 Y140.679 E6.03248
G1 X231.639 Y140.115 E.02243
G1 X124.361 Y32.837 E6.03245
G1 X124.361 Y32.273 E.02243
G1 X231.639 Y139.552 E6.03248
G1 X231.639 Y138.988 E.02243
G1 X124.361 Y31.709 E6.03248
G1 X124.361 Y31.146 E.02239
G1 X231.639 Y138.425 E6.03248
G1 X231.639 Y137.861 E.02243
G1 X124.361 Y30.582 E6.03248
G1 X124.361 Y30.019 E.02239
G1 X231.639 Y137.297 E6.03245
G1 X231.639 Y136.734 E.02239
G1 X124.361 Y29.455 E6.03248
G1 X124.361 Y28.892 E.02239
G1 X231.639 Y136.17 E6.03245
G1 X231.639 Y135.607 E.02239
G1 X124.361 Y28.328 E6.03248
G1 X124.361 Y27.765 E.02239
G1 X231.639 Y135.043 E6.03245
G1 X231.639 Y134.48 E.02239
G1 X124.361 Y27.201 E6.03248
G1 X124.361 Y26.637 E.02243
G1 X231.639 Y133.916 E6.03248
G1 X231.639 Y133.353 E.02239
G1 X124.361 Y26.074 E6.03248
G1 X124.361 Y25.51 E.02243
G1 X231.639 Y132.789 E6.03248
G1 X231.639 Y132.225 E.02243
G1 X124.361 Y24.947 E6.03245
G1 X124.361 Y24.383 E.02243
G1 X231.639 Y131.662 E6.03248
G1 X231.639 Y131.098 E.02243
G1 X124.361 Y23.82 E6.03245
G1 X124.361 Y23.256 E.02243
G1 X231.639 Y130.535 E6.03248
G1 X231.639 Y129.971 E.02243
G1 X124.361 Y22.693 E6.03245
G1 X124.361 Y22.129 E.02243
G1 X231.639 Y129.408 E6.03248
G1 X231.639 Y128.844 E.02243
G1 X124.361 Y21.565 E6.03248
G1 X124.361 Y21.002 E.02239
G1 X231.639 Y128.28 E6.03245
G1 X231.639 Y127.717 E.02239
G1 X124.361 Y20.438 E6.03248
G1 X124.361 Y19.875 E.02239
G1 X231.639 Y127.153 E6.03245
G1 X231.639 Y126.59 E.02239
G1 X124.361 Y19.311 E6.03248
G1 X124.361 Y18.748 E.02239
G1 X231.639 Y126.026 E6.03245
G1 X231.639 Y125.463 E.02239
G1 X124.361 Y18.184 E6.03248
G1 X124.361 Y17.621 E.02239
G1 X231.639 Y124.899 E6.03245
G1 X231.639 Y124.336 E.02239
M73 Q43 S38
G1 X124.361 Y17.057 E6.03248
G1 X124.361 Y16.493 E.02243
M73 Q44 S38
G1 X231.639 Y123.772 E6.03248
G1 X231.639 Y123.208 E.02243
G1 X124.361 Y15.93 E6.03245
G1 X124.361 Y15.366 E.02243
M73 P44 R37
G1 X231.639 Y122.645 E6.03248
G1 X231.639 Y122.081 E.02243
G1 X124.361 Y14.803 E6.03245
G1 X124.361 Y14.239 E.02243
G1 X231.639 Y121.518 E6.03248
G1 X231.639 Y120.954 E.02243
G1 X124.361 Y13.676 E6.03245
G1 X124.361 Y13.112 E.02243
G1 X231.639 Y120.391 E6.03248
G1 X231.639 Y119.827 E.02243
G1 X124.361 Y12.549 E6.03245
G1 X124.361 Y11.985 E.02243
G1 X231.639 Y119.264 E6.03248
G1 X231.639 Y118.7 E.02243
G1 X124.361 Y11.421 E6.03248
G1 X124.361 Y10.858 E.02239
G1 X231.639 Y118.136 E6.03245
G1 X231.639 Y117.573 E.02239
G1 X124.361 Y10.294 E6.03248
G1 X124.361 Y9.731 E.02239
G1 X231.639 Y117.009 E6.03245
G1 X231.639 Y116.446 E.02239
G1 X124.361 Y9.167 E6.03248
G1 X124.361 Y8.604 E.02239
G1 X231.639 Y115.882 E6.03245
G1 X231.639 Y115.319 E.02239
G1 X124.361 Y8.04 E6.03248
G1 X124.361 Y7.477 E.02239
G1 X231.639 Y114.755 E6.03245
G1 X231.639 Y114.192 E.02239
G1 X124.361 Y6.913 E6.03248
G1 X124.372 Y6.361 E.02195
G1 X231.639 Y113.628 E6.03183
G1 X231.639 Y113.064 E.02243
G1 X124.936 Y6.361 E6.00012
G1 X125.499 Y6.361 E.02239
G1 X231.639 Y112.501 E5.96846
G1 X231.639 Y111.937 E.02243
G1 X126.063 Y6.361 E5.93674
G1 X126.626 Y6.361 E.02239
G1 X231.639 Y111.374 E5.90509
G1 X231.639 Y110.81 E.02243
G1 X127.19 Y6.361 E5.87337
G1 X127.753 Y6.361 E.02239
M73 P44 R36
G1 X231.639 Y110.247 E5.84171
G1 X231.639 Y109.683 E.02243
G1 X128.317 Y6.361 E5.81
G1 X128.88 Y6.361 E.02239
G1 X231.639 Y109.12 E5.77834
G1 X231.639 Y108.556 E.02243
G1 X129.444 Y6.361 E5.74662
G1 X130.008 Y6.361 E.02243
G1 X231.639 Y107.992 E5.71491
G1 X231.639 Y107.429 E.02239
G1 X130.571 Y6.361 E5.68325
G1 X131.135 Y6.361 E.02243
G1 X231.639 Y106.865 E5.65154
G1 X231.639 Y106.302 E.02239
G1 X131.698 Y6.361 E5.61988
G1 X132.262 Y6.361 E.02243
G1 X231.639 Y105.738 E5.58816
G1 X231.639 Y105.175 E.02239
G1 X132.825 Y6.361 E5.5565
G1 X133.389 Y6.361 E.02243
G1 X231.639 Y104.611 E5.52479
G1 X231.639 Y104.048 E.02239
G1 X133.952 Y6.361 E5.49313
G1 X134.516 Y6.361 E.02243
G1 X231.639 Y103.484 E5.46142
G1 X231.639 Y102.92 E.02243
M73 Q45 S38
G1 X135.08 Y6.361 E5.4297
G1 X135.643 Y6.361 E.02239
G1 X231.639 Y102.357 E5.39804
G1 X231.639 Y101.793 E.02243
M73 P45 R36
G1 X136.207 Y6.361 E5.36633
G1 X136.77 Y6.361 E.02239
G1 X231.639 Y101.23 E5.33467
G1 X231.639 Y100.666 E.02243
G1 X137.334 Y6.361 E5.30295
G1 X137.897 Y6.361 E.02239
G1 X231.639 Y100.103 E5.2713
G1 X231.639 Y99.539 E.02243
G1 X138.461 Y6.361 E5.23958
G1 X139.024 Y6.361 E.02239
G1 X231.639 Y98.976 E5.20792
G1 X231.639 Y98.412 E.02243
G1 X139.588 Y6.361 E5.17621
G1 X140.152 Y6.361 E.02243
G1 X231.639 Y97.848 E5.14449
G1 X231.639 Y97.285 E.02239
G1 X140.715 Y6.361 E5.11283
G1 X141.279 Y6.361 E.02243
G1 X231.639 Y96.721 E5.08112
G1 X231.639 Y96.158 E.02239
G1 X141.842 Y6.361 E5.04946
G1 X142.406 Y6.361 E.02243
G1 X231.639 Y95.594 E5.01775
G1 X231.639 Y95.031 E.02239
G1 X142.969 Y6.361 E4.98609
G1 X143.533 Y6.361 E.02243
G1 X231.639 Y94.467 E4.95437
G1 X231.639 Y93.904 E.02239
G1 X144.096 Y6.361 E4.92271
G1 X144.66 Y6.361 E.02243
M73 Q45 S37
G1 X231.639 Y93.34 E4.891
G1 X231.639 Y92.776 E.02243
G1 X145.224 Y6.361 E4.85928
G1 X145.787 Y6.361 E.02239
G1 X231.639 Y92.213 E4.82763
G1 X231.639 Y91.649 E.02243
G1 X146.351 Y6.361 E4.79591
G1 X146.914 Y6.361 E.02239
G1 X231.639 Y91.086 E4.76425
G1 X231.639 Y90.522 E.02243
G1 X147.478 Y6.361 E4.73254
G1 X148.041 Y6.361 E.02239
G1 X231.639 Y89.959 E4.70088
G1 X231.639 Y89.395 E.02243
G1 X148.605 Y6.361 E4.66916
G1 X149.169 Y6.361 E.02243
G1 X231.639 Y88.832 E4.63748
G1 X231.639 Y88.268 E.02243
G1 X149.732 Y6.361 E4.60579
G1 X150.296 Y6.361 E.02243
G1 X231.639 Y87.704 E4.57408
G1 X231.639 Y87.141 E.02239
G1 X150.859 Y6.361 E4.54242
G1 X151.423 Y6.361 E.02243
G1 X231.639 Y86.577 E4.5107
G1 X231.639 Y86.014 E.02239
G1 X151.986 Y6.361 E4.47904
G1 X152.55 Y6.361 E.02243
G1 X231.639 Y85.45 E4.44733
G1 X231.639 Y84.887 E.02239
G1 X153.113 Y6.361 E4.41567
G1 X153.677 Y6.361 E.02243
G1 X231.639 Y84.323 E4.38396
G1 X231.639 Y83.759 E.02243
G1 X154.241 Y6.361 E4.35224
G1 X154.804 Y6.361 E.02239
G1 X231.639 Y83.196 E4.32058
G1 X231.639 Y82.632 E.02243
G1 X155.368 Y6.361 E4.28887
G1 X155.931 Y6.361 E.02239
G1 X231.639 Y82.069 E4.25721
G1 X231.639 Y81.505 E.02243
G1 X156.495 Y6.361 E4.22549
G1 X157.058 Y6.361 E.02239
G1 X231.639 Y80.942 E4.19383
G1 X231.639 Y80.378 E.02243
G1 X157.622 Y6.361 E4.16212
G1 X158.185 Y6.361 E.02239
G1 X231.639 Y79.815 E4.13046
G1 X231.639 Y79.251 E.02243
G1 X158.749 Y6.361 E4.09875
G1 X159.313 Y6.361 E.02243
G1 X231.639 Y78.687 E4.06703
G1 X231.639 Y78.124 E.02239
G1 X159.876 Y6.361 E4.03537
G1 X160.44 Y6.361 E.02243
G1 X231.639 Y77.56 E4.00366
G1 X231.639 Y76.997 E.02239
M73 Q46 S37
G1 X161.003 Y6.361 E3.972
G1 X161.567 Y6.361 E.02243
G1 X231.639 Y76.433 E3.94029
G1 X231.639 Y75.87 E.02239
G1 X162.13 Y6.361 E3.90863
M73 P46 R36
G1 X162.694 Y6.361 E.02243
G1 X231.639 Y75.306 E3.87691
G1 X231.639 Y74.743 E.02239
G1 X163.257 Y6.361 E3.84525
G1 X163.821 Y6.361 E.02243
G1 X231.639 Y74.179 E3.81354
G1 X231.639 Y73.615 E.02243
G1 X164.385 Y6.361 E3.78182
G1 X164.948 Y6.361 E.02239
G1 X231.639 Y73.052 E3.75016
G1 X231.639 Y72.488 E.02243
M73 P46 R35
G1 X165.512 Y6.361 E3.71845
G1 X166.075 Y6.361 E.02239
G1 X231.639 Y71.925 E3.68679
G1 X231.639 Y71.361 E.02243
G1 X166.639 Y6.361 E3.65508
G1 X167.202 Y6.361 E.02239
G1 X231.639 Y70.798 E3.62342
G1 X231.639 Y70.234 E.02243
G1 X167.766 Y6.361 E3.5917
G1 X168.329 Y6.361 E.02239
G1 X231.639 Y69.671 E3.56004
G1 X231.639 Y69.107 E.02243
G1 X168.893 Y6.361 E3.52833
G1 X169.457 Y6.361 E.02243
G1 X231.639 Y68.543 E3.49661
G1 X231.639 Y67.98 E.02239
G1 X170.02 Y6.361 E3.46496
G1 X170.584 Y6.361 E.02243
G1 X231.639 Y67.416 E3.43324
G1 X231.639 Y66.853 E.02239
G1 X171.147 Y6.361 E3.40158
G1 X171.711 Y6.361 E.02243
G1 X231.639 Y66.289 E3.36987
G1 X231.639 Y65.726 E.02239
G1 X172.274 Y6.361 E3.33821
G1 X172.838 Y6.361 E.02243
G1 X231.639 Y65.162 E3.30649
G1 X231.639 Y64.599 E.02239
G1 X173.401 Y6.361 E3.27484
G1 X173.965 Y6.361 E.02243
G1 X231.639 Y64.035 E3.24312
G1 X231.639 Y63.471 E.02243
G1 X174.529 Y6.361 E3.21141
G1 X175.092 Y6.361 E.02239
G1 X231.639 Y62.908 E3.17975
G1 X231.639 Y62.344 E.02243
G1 X175.656 Y6.361 E3.14803
G1 X176.219 Y6.361 E.02239
G1 X231.639 Y61.781 E3.11637
G1 X231.639 Y61.217 E.02243
G1 X176.783 Y6.361 E3.08466
G1 X177.346 Y6.361 E.02239
G1 X231.639 Y60.654 E3.053
G1 X231.639 Y60.09 E.02243
G1 X177.91 Y6.361 E3.02129
G1 X178.473 Y6.361 E.02239
G1 X231.639 Y59.527 E2.98963
G1 X231.639 Y58.963 E.02243
G1 X179.037 Y6.361 E2.95791
G1 X179.601 Y6.361 E.02243
G1 X231.639 Y58.399 E2.9262
G1 X231.639 Y57.836 E.02239
G1 X180.164 Y6.361 E2.89454
G1 X180.728 Y6.361 E.02243
G1 X231.639 Y57.272 E2.86282
G1 X231.639 Y56.709 E.02239
G1 X181.291 Y6.361 E2.83117
G1 X181.855 Y6.361 E.02243
G1 X231.639 Y56.145 E2.79945
G1 X231.639 Y55.582 E.02239
G1 X182.418 Y6.361 E2.76779
G1 X182.982 Y6.361 E.02243
G1 X231.639 Y55.018 E2.73608
G1 X231.639 Y54.455 E.02239
G1 X183.545 Y6.361 E2.70442
G1 X184.109 Y6.361 E.02243
G1 X231.639 Y53.891 E2.6727
G1 X231.639 Y53.327 E.02243
G1 X184.673 Y6.361 E2.64099
G1 X185.236 Y6.361 E.02239
G1 X231.639 Y52.764 E2.60933
G1 X231.639 Y52.2 E.02243
G1 X185.8 Y6.361 E2.57762
G1 X186.363 Y6.361 E.02239
G1 X231.639 Y51.637 E2.54596
G1 X231.639 Y51.073 E.02243
G1 X186.927 Y6.361 E2.51424
G1 X187.49 Y6.361 E.02239
G1 X231.639 Y50.51 E2.48258
G1 X231.639 Y49.946 E.02243
G1 X188.054 Y6.361 E2.45087
G1 X188.617 Y6.361 E.02239
G1 X231.639 Y49.383 E2.41921
G1 X231.639 Y48.819 E.02243
G1 X189.181 Y6.361 E2.3875
G1 X189.745 Y6.361 E.02243
G1 X231.639 Y48.255 E2.35578
G1 X231.639 Y47.692 E.02239
G1 X190.308 Y6.361 E2.32412
G1 X190.872 Y6.361 E.02243
G1 X231.639 Y47.128 E2.29241
G1 X231.639 Y46.565 E.02239
G1 X191.435 Y6.361 E2.26075
G1 X191.999 Y6.361 E.02243
M73 Q46 S36
G1 X231.639 Y46.001 E2.22903
G1 X231.639 Y45.438 E.02239
G1 X192.562 Y6.361 E2.19738
G1 X193.126 Y6.361 E.02243
G1 X231.639 Y44.874 E2.16566
G1 X231.639 Y44.31 E.02243
G1 X193.69 Y6.361 E2.13395
G1 X194.253 Y6.361 E.02239
G1 X231.639 Y43.747 E2.10229
G1 X231.639 Y43.183 E.02243
G1 X194.817 Y6.361 E2.07057
G1 X195.38 Y6.361 E.02239
G1 X231.639 Y42.62 E2.03891
G1 X231.639 Y42.056 E.02243
G1 X195.944 Y6.361 E2.0072
G1 X196.507 Y6.361 E.02239
G1 X231.639 Y41.493 E1.97554
G1 X231.639 Y40.929 E.02243
G1 X197.071 Y6.361 E1.94383
G1 X197.634 Y6.361 E.02239
G1 X231.639 Y40.366 E1.91217
G1 X231.639 Y39.802 E.02243
G1 X198.198 Y6.361 E1.88045
G1 X198.762 Y6.361 E.02243
G1 X231.639 Y39.238 E1.84874
G1 X231.639 Y38.675 E.02239
G1 X199.325 Y6.361 E1.81708
G1 X199.889 Y6.361 E.02243
G1 X231.639 Y38.111 E1.78536
G1 X231.639 Y37.548 E.02239
M73 Q47 S36
G1 X200.452 Y6.361 E1.75371
G1 X201.016 Y6.361 E.02243
G1 X231.639 Y36.984 E1.72199
G1 X231.639 Y36.421 E.02239
G1 X201.579 Y6.361 E1.69033
G1 X202.143 Y6.361 E.02243
G1 X231.639 Y35.857 E1.65862
G1 X231.639 Y35.294 E.02239
G1 X202.706 Y6.361 E1.62696
G1 X203.27 Y6.361 E.02243
G1 X231.639 Y34.73 E1.59524
G1 X231.639 Y34.166 E.02243
G1 X203.834 Y6.361 E1.56353
G1 X204.397 Y6.361 E.02239
G1 X231.639 Y33.603 E1.53187
G1 X231.639 Y33.039 E.02243
G1 X204.961 Y6.361 E1.50016
G1 X205.524 Y6.361 E.02239
G1 X231.639 Y32.476 E1.4685
G1 X231.639 Y31.912 E.02243
M73 P47 R35
G1 X206.088 Y6.361 E1.43678
G1 X206.651 Y6.361 E.02239
G1 X231.639 Y31.349 E1.40512
G1 X231.639 Y30.785 E.02243
G1 X207.215 Y6.361 E1.37341
G1 X207.778 Y6.361 E.02239
G1 X231.639 Y30.222 E1.34175
G1 X231.639 Y29.658 E.02243
G1 X208.342 Y6.361 E1.31004
G1 X208.906 Y6.361 E.02243
G1 X231.639 Y29.094 E1.27832
G1 X231.639 Y28.531 E.02239
G1 X209.469 Y6.361 E1.24666
G1 X210.033 Y6.361 E.02243
G1 X231.639 Y27.967 E1.21495
G1 X231.639 Y27.404 E.02239
G1 X210.596 Y6.361 E1.18329
G1 X211.16 Y6.361 E.02243
G1 X231.639 Y26.84 E1.15157
G1 X231.639 Y26.277 E.02239
G1 X211.723 Y6.361 E1.11992
G1 X212.287 Y6.361 E.02243
G1 X231.639 Y25.713 E1.0882
G1 X231.639 Y25.15 E.02239
G1 X212.85 Y6.361 E1.05654
G1 X213.414 Y6.361 E.02243
G1 X231.639 Y24.586 E1.02483
G1 X231.639 Y24.022 E.02243
G1 X213.978 Y6.361 E.99311
G1 X214.541 Y6.361 E.02239
G1 X231.639 Y23.459 E.96145
G1 X231.639 Y22.895 E.02243
G1 X215.105 Y6.361 E.92974
G1 X215.668 Y6.361 E.02239
G1 X231.639 Y22.332 E.89808
G1 X231.639 Y21.768 E.02243
G1 X216.232 Y6.361 E.86637
G1 X216.795 Y6.361 E.02239
G1 X231.639 Y21.205 E.83471
G1 X231.639 Y20.641 E.02243
G1 X217.359 Y6.361 E.80299
G1 X217.922 Y6.361 E.02239
G1 X231.639 Y20.078 E.77133
G1 X231.639 Y19.514 E.02243
G1 X218.486 Y6.361 E.73962
G1 X219.05 Y6.361 E.02243
G1 X231.639 Y18.95 E.7079
G1 X231.639 Y18.387 E.02239
G1 X219.613 Y6.361 E.67625
G1 X220.177 Y6.361 E.02243
G1 X231.639 Y17.823 E.64453
G1 X231.639 Y17.26 E.02239
G1 X220.74 Y6.361 E.61287
G1 X221.304 Y6.361 E.02243
G1 X231.639 Y16.696 E.58116
G1 X231.639 Y16.133 E.02239
G1 X221.867 Y6.361 E.5495
G1 X222.431 Y6.361 E.02243
G1 X231.639 Y15.569 E.51778
G1 X231.639 Y15.006 E.02239
G1 X222.994 Y6.361 E.48613
G1 X223.558 Y6.361 E.02243
G1 X231.639 Y14.442 E.45441
G1 X231.639 Y13.878 E.02243
G1 X224.122 Y6.361 E.4227
G1 X224.685 Y6.361 E.02239
G1 X231.639 Y13.315 E.39104
G1 X231.639 Y12.751 E.02243
G1 X225.249 Y6.361 E.35932
G1 X225.812 Y6.361 E.02239
G1 X231.639 Y12.188 E.32766
G1 X231.639 Y11.624 E.02243
G1 X226.376 Y6.361 E.29595
G1 X226.939 Y6.361 E.02239
G1 X231.639 Y11.061 E.26429
G1 X231.639 Y10.497 E.02243
G1 X227.503 Y6.361 E.23258
G1 X228.066 Y6.361 E.02239
G1 X231.639 Y9.934 E.20092
G1 X231.639 Y9.37 E.02243
G1 X228.63 Y6.361 E.1692
G1 X229.194 Y6.361 E.02243
G1 X231.639 Y8.806 E.13749
G1 X231.639 Y8.243 E.02239
G1 X229.757 Y6.361 E.10583
G1 X231.639 Y6.361 E.07483
G1 X231.639 Y7.679 E.05241
G1 X230.462 Y6.502 E.06619
G1 E-.16 F2700
;WIPE_START
G1 F16800
G1 X231.639 Y7.679 E-.25414
G1 X231.639 Y6.361 E-.20123
G1 X230.43 Y6.361 E-.18463
;WIPE_END
G1 X212.406 Y29.116 Z1.187 F21000
G1 X211.078 Y30.792 Z1.22
G1 X209.751 Y32.468 Z1.246
G1 X208.423 Y34.144 Z1.265
G1 X205.768 Y37.496 Z1.28
G1 X113.978 Y153.378
G1 Z.68 F720
G1 E.8 F1500
;TYPE:Perimeter
G1 F4200
G1 X6.022 Y153.378 E4.29255
G1 X6.022 Y6.022 E5.85917
G1 X113.978 Y6.022 E4.29255
G1 X113.978 Y153.318 E5.85678
G1 X114.377 Y153.777 F21000
G1 F4200
G1 X5.623 Y153.777 E4.32428
G1 X5.623 Y5.623 E5.8909
G1 X114.377 Y5.623 E4.32428
G1 X114.377 Y153.717 E5.88851
M204 T250
G1 X114.775 Y154.175 F21000
M204 T7000
;TYPE:External perimeter
G1 F2999.998
G1 X5.225 Y154.175 E4.35593
G1 X5.225 Y5.225 E5.92255
M73 P47 R34
G1 X114.775 Y5.225 E4.35593
G1 X114.775 Y154.115 E5.92016
G1 E-.16 F2700
;WIPE_START
G1 F16800
G1 X114.775 Y154.175 E-.00916
G1 X110.643 Y154.175 E-.63084
;WIPE_END
G1 X81.617 Y153.829 Z1.187 F21000
G1 X79.479 Y153.803 Z1.22
G1 X77.341 Y153.778 Z1.246
G1 X75.202 Y153.752 Z1.265
G1 X70.926 Y153.701 Z1.28
G1 X6.393 Y152.931
G1 Z.68 F720
G1 E.8 F1500
;TYPE:Solid infill
;WIDTH:0.546684
G1 F7573.004
G1 X6.349 Y152.975 E.00307
G1 X6.365 Y153.035 E.00307
G1 X6.425 Y153.051 E.00307
G1 X6.469 Y153.007 E.00307
G1 X6.453 Y152.947 E.00307
;WIDTH:0.449999
G1 F8400
G1 X6.361 Y152.311 E.02555
G1 X7.089 Y153.039 E.04094
G1 X7.653 Y153.039 E.02243
G1 X6.361 Y151.747 E.07265
G1 X6.361 Y151.184 E.02239
G1 X8.216 Y153.039 E.10431
G1 X8.78 Y153.039 E.02243
G1 X6.361 Y150.62 E.13603
G1 X6.361 Y150.056 E.02243
G1 X9.344 Y153.039 E.16774
G1 X9.907 Y153.039 E.02239
G1 X6.361 Y149.493 E.1994
G1 X6.361 Y148.929 E.02243
G1 X10.471 Y153.039 E.23111
G1 X11.034 Y153.039 E.02239
G1 X6.361 Y148.366 E.26277
G1 X6.361 Y147.802 E.02243
G1 X11.598 Y153.039 E.29449
G1 X12.161 Y153.039 E.02239
G1 X6.361 Y147.239 E.32615
G1 X6.361 Y146.675 E.02243
M73 Q48 S36
G1 X12.725 Y153.039 E.35786
G1 X13.288 Y153.039 E.02239
G1 X6.361 Y146.112 E.38952
G1 X6.361 Y145.548 E.02243
G1 X13.852 Y153.039 E.42123
G1 X14.416 Y153.039 E.02243
G1 X6.361 Y144.984 E.45295
G1 X6.361 Y144.421 E.02239
G1 X14.979 Y153.039 E.48461
G1 X15.543 Y153.039 E.02243
G1 X6.361 Y143.857 E.51632
G1 X6.361 Y143.294 E.02239
G1 X16.106 Y153.039 E.54798
G1 X16.67 Y153.039 E.02243
G1 X6.361 Y142.73 E.5797
G1 X6.361 Y142.167 E.02239
G1 X17.233 Y153.039 E.61135
G1 X17.797 Y153.039 E.02243
G1 X6.361 Y141.603 E.64307
G1 X6.361 Y141.04 E.02239
G1 X18.36 Y153.039 E.67473
G1 X18.924 Y153.039 E.02243
G1 X6.361 Y140.476 E.70644
G1 X6.361 Y139.912 E.02243
G1 X19.488 Y153.039 E.73816
G1 X20.051 Y153.039 E.02239
G1 X6.361 Y139.349 E.76982
G1 X6.361 Y138.785 E.02243
G1 X20.615 Y153.039 E.80153
G1 X21.178 Y153.039 E.02239
G1 X6.361 Y138.222 E.83319
G1 X6.361 Y137.658 E.02243
G1 X21.742 Y153.039 E.8649
G1 X22.305 Y153.039 E.02239
G1 X6.361 Y137.095 E.89656
G1 X6.361 Y136.531 E.02243
G1 X22.869 Y153.039 E.92828
G1 X23.432 Y153.039 E.02239
G1 X6.361 Y135.968 E.95994
G1 X6.361 Y135.404 E.02243
G1 X23.996 Y153.039 E.99165
G1 X24.56 Y153.039 E.02243
G1 X6.361 Y134.84 E1.02337
G1 X6.361 Y134.277 E.02239
G1 X25.123 Y153.039 E1.05502
G1 X25.687 Y153.039 E.02243
G1 X6.361 Y133.713 E1.08674
G1 X6.361 Y133.15 E.02239
G1 X26.25 Y153.039 E1.1184
G1 X26.814 Y153.039 E.02243
G1 X6.361 Y132.586 E1.15011
G1 X6.361 Y132.023 E.02239
G1 X27.377 Y153.039 E1.18177
G1 X27.941 Y153.039 E.02243
G1 X6.361 Y131.459 E1.21349
G1 X6.361 Y130.896 E.02239
G1 X28.504 Y153.039 E1.24514
G1 X29.068 Y153.039 E.02243
G1 X6.361 Y130.332 E1.27686
G1 X6.361 Y129.768 E.02243
G1 X29.632 Y153.039 E1.30857
G1 X30.195 Y153.039 E.02239
M73 P48 R34
G1 X6.361 Y129.205 E1.34023
G1 X6.361 Y128.641 E.02243
G1 X30.759 Y153.039 E1.37195
G1 X31.322 Y153.039 E.02239
G1 X6.361 Y128.078 E1.40361
G1 X6.361 Y127.514 E.02243
G1 X31.886 Y153.039 E1.43532
G1 X32.449 Y153.039 E.02239
G1 X6.361 Y126.951 E1.46698
G1 X6.361 Y126.387 E.02243
G1 X33.013 Y153.039 E1.49869
G1 X33.577 Y153.039 E.02243
G1 X6.361 Y125.823 E1.53041
G1 X6.361 Y125.26 E.02239
G1 X34.14 Y153.039 E1.56207
G1 X34.704 Y153.039 E.02243
G1 X6.361 Y124.696 E1.59378
G1 X6.361 Y124.133 E.02239
G1 X35.267 Y153.039 E1.62544
G1 X35.831 Y153.039 E.02243
G1 X6.361 Y123.569 E1.65716
G1 X6.361 Y123.006 E.02239
G1 X36.394 Y153.039 E1.68881
G1 X36.958 Y153.039 E.02243
G1 X6.361 Y122.442 E1.72053
G1 X6.361 Y121.879 E.02239
G1 X37.521 Y153.039 E1.75219
G1 X38.085 Y153.039 E.02243
M73 Q48 S35
G1 X6.361 Y121.315 E1.7839
G1 X6.361 Y120.751 E.02243
G1 X38.649 Y153.039 E1.81562
G1 X39.212 Y153.039 E.02239
G1 X6.361 Y120.188 E1.84728
G1 X6.361 Y119.624 E.02243
G1 X39.776 Y153.039 E1.87899
G1 X40.339 Y153.039 E.02239
G1 X6.361 Y119.061 E1.91065
G1 X6.361 Y118.497 E.02243
G1 X40.903 Y153.039 E1.94236
G1 X41.466 Y153.039 E.02239
G1 X6.361 Y117.934 E1.97402
G1 X6.361 Y117.37 E.02243
G1 X42.03 Y153.039 E2.00574
G1 X42.593 Y153.039 E.02239
G1 X6.361 Y116.807 E2.0374
G1 X6.361 Y116.243 E.02243
G1 X43.157 Y153.039 E2.06911
G1 X43.721 Y153.039 E.02243
G1 X6.361 Y115.679 E2.10083
G1 X6.361 Y115.116 E.02239
G1 X44.284 Y153.039 E2.13248
G1 X44.848 Y153.039 E.02243
G1 X6.361 Y114.552 E2.1642
G1 X6.361 Y113.989 E.02239
G1 X45.411 Y153.039 E2.19586
G1 X45.975 Y153.039 E.02243
G1 X6.361 Y113.425 E2.22757
G1 X6.361 Y112.862 E.02239
G1 X46.538 Y153.039 E2.25923
G1 X47.102 Y153.039 E.02243
G1 X6.361 Y112.298 E2.29095
G1 X6.361 Y111.735 E.02239
G1 X47.665 Y153.039 E2.3226
G1 X48.229 Y153.039 E.02243
G1 X6.361 Y111.171 E2.35432
G1 X6.361 Y110.607 E.02243
G1 X48.793 Y153.039 E2.38603
G1 X49.356 Y153.039 E.02239
G1 X6.361 Y110.044 E2.41769
G1 X6.361 Y109.48 E.02243
G1 X49.92 Y153.039 E2.44941
G1 X50.483 Y153.039 E.02239
G1 X6.361 Y108.917 E2.48107
G1 X6.361 Y108.353 E.02243
G1 X51.047 Y153.039 E2.51278
G1 X51.61 Y153.039 E.02239
G1 X6.361 Y107.79 E2.54444
G1 X6.361 Y107.226 E.02243
G1 X52.174 Y153.039 E2.57615
G1 X52.737 Y153.039 E.02239
G1 X6.361 Y106.663 E2.60781
G1 X6.361 Y106.099 E.02243
G1 X53.301 Y153.039 E2.63953
G1 X53.865 Y153.039 E.02243
G1 X6.361 Y105.535 E2.67124
G1 X6.361 Y104.972 E.02239
G1 X54.428 Y153.039 E2.7029
G1 X54.992 Y153.039 E.02243
G1 X6.361 Y104.408 E2.73462
G1 X6.361 Y103.845 E.02239
G1 X55.555 Y153.039 E2.76627
G1 X56.119 Y153.039 E.02243
G1 X6.361 Y103.281 E2.79799
G1 X6.361 Y102.718 E.02239
G1 X56.682 Y153.039 E2.82965
G1 X57.246 Y153.039 E.02243
G1 X6.361 Y102.154 E2.86136
G1 X6.361 Y101.591 E.02239
G1 X57.809 Y153.039 E2.89302
G1 X58.373 Y153.039 E.02243
G1 X6.361 Y101.027 E2.92474
G1 X6.361 Y100.463 E.02243
G1 X58.937 Y153.039 E2.95645
G1 X59.5 Y153.039 E.02239
G1 X6.361 Y99.9 E2.98811
G1 X6.361 Y99.336 E.02243
G1 X60.064 Y153.039 E3.01982
G1 X60.627 Y153.039 E.02239
G1 X6.361 Y98.773 E3.05148
G1 X6.361 Y98.209 E.02243
G1 X61.191 Y153.039 E3.0832
G1 X61.754 Y153.039 E.02239
G1 X6.361 Y97.646 E3.11486
G1 X6.361 Y97.082 E.02243
G1 X62.318 Y153.039 E3.14657
G1 X62.881 Y153.039 E.02239
G1 X6.361 Y96.519 E3.17823
G1 X6.361 Y95.955 E.02243
G1 X63.445 Y153.039 E3.20994
G1 X64.009 Y153.039 E.02243
G1 X6.361 Y95.391 E3.24166
G1 X6.361 Y94.828 E.02239
G1 X64.572 Y153.039 E3.27332
G1 X65.136 Y153.039 E.02243
G1 X6.361 Y94.264 E3.30503
G1 X6.361 Y93.701 E.02239
G1 X65.699 Y153.039 E3.33669
G1 X66.263 Y153.039 E.02243
G1 X6.361 Y93.137 E3.36841
G1 X6.361 Y92.574 E.02239
G1 X66.826 Y153.039 E3.40006
G1 X67.39 Y153.039 E.02243
G1 X6.361 Y92.01 E3.43178
G1 X6.361 Y91.447 E.02239
G1 X67.953 Y153.039 E3.46344
G1 X68.517 Y153.039 E.02243
G1 X6.361 Y90.883 E3.49515
G1 X6.361 Y90.319 E.02243
M73 Q49 S35
G1 X69.081 Y153.039 E3.52687
G1 X69.644 Y153.039 E.02239
G1 X6.361 Y89.756 E3.55853
G1 X6.361 Y89.192 E.02243
G1 X70.208 Y153.039 E3.59024
G1 X70.771 Y153.039 E.02239
G1 X6.361 Y88.629 E3.6219
G1 X6.361 Y88.065 E.02243
G1 X71.335 Y153.039 E3.65361
G1 X71.898 Y153.039 E.02239
G1 X6.361 Y87.502 E3.68527
G1 X6.361 Y86.938 E.02243
G1 X72.462 Y153.039 E3.71699
G1 X73.025 Y153.039 E.02239
G1 X6.361 Y86.375 E3.74865
G1 X6.361 Y85.811 E.02243
G1 X73.589 Y153.039 E3.78036
G1 X74.153 Y153.039 E.02243
G1 X6.361 Y85.247 E3.81208
G1 X6.361 Y84.684 E.02239
G1 X74.716 Y153.039 E3.84373
G1 X75.28 Y153.039 E.02243
G1 X6.361 Y84.12 E3.87545
G1 X6.361 Y83.557 E.02239
M73 P49 R34
G1 X75.843 Y153.039 E3.90711
G1 X76.407 Y153.039 E.02243
G1 X6.361 Y82.993 E3.93882
G1 X6.361 Y82.43 E.02239
G1 X76.97 Y153.039 E3.97048
G1 X77.534 Y153.039 E.02243
G1 X6.361 Y81.866 E4.0022
G1 X6.361 Y81.302 E.02243
G1 X78.098 Y153.039 E4.03391
G1 X78.661 Y153.039 E.02239
M73 P49 R33
G1 X6.361 Y80.739 E4.06557
G1 X6.361 Y80.175 E.02243
G1 X79.225 Y153.039 E4.09728
G1 X79.788 Y153.039 E.02239
G1 X6.361 Y79.612 E4.12894
G1 X6.361 Y79.048 E.02243
G1 X80.352 Y153.039 E4.16066
G1 X80.915 Y153.039 E.02239
G1 X6.361 Y78.485 E4.19232
G1 X6.361 Y77.921 E.02243
G1 X81.479 Y153.039 E4.22403
G1 X82.042 Y153.039 E.02239
G1 X6.361 Y77.358 E4.25569
G1 X6.361 Y76.794 E.02243
G1 X82.606 Y153.039 E4.2874
G1 X83.17 Y153.039 E.02243
G1 X6.361 Y76.23 E4.31912
G1 X6.361 Y75.667 E.02239
G1 X83.733 Y153.039 E4.35078
G1 X84.297 Y153.039 E.02243
G1 X6.361 Y75.103 E4.38249
G1 X6.361 Y74.54 E.02239
G1 X84.86 Y153.039 E4.41415
G1 X85.424 Y153.039 E.02243
G1 X6.361 Y73.976 E4.44587
G1 X6.361 Y73.413 E.02239
G1 X85.987 Y153.039 E4.47753
G1 X86.551 Y153.039 E.02243
G1 X6.361 Y72.849 E4.50924
G1 X6.361 Y72.286 E.02239
G1 X87.114 Y153.039 E4.5409
G1 X87.678 Y153.039 E.02243
G1 X6.361 Y71.722 E4.57261
G1 X6.361 Y71.158 E.02243
G1 X88.242 Y153.039 E4.60433
G1 X88.805 Y153.039 E.02239
G1 X6.361 Y70.595 E4.63599
G1 X6.361 Y70.031 E.02243
G1 X89.369 Y153.039 E4.6677
G1 X89.932 Y153.039 E.02239
M73 Q49 S34
G1 X6.361 Y69.468 E4.69936
G1 X6.361 Y68.904 E.02243
G1 X90.496 Y153.039 E4.73107
G1 X91.059 Y153.039 E.02239
G1 X6.361 Y68.341 E4.76273
G1 X6.361 Y67.777 E.02243
G1 X91.623 Y153.039 E4.79445
G1 X92.186 Y153.039 E.02239
G1 X6.361 Y67.214 E4.82611
G1 X6.361 Y66.65 E.02243
G1 X92.75 Y153.039 E4.85782
G1 X93.314 Y153.039 E.02243
G1 X6.361 Y66.086 E4.88954
G1 X6.361 Y65.523 E.02239
G1 X93.877 Y153.039 E4.9212
G1 X94.441 Y153.039 E.02243
G1 X6.361 Y64.959 E4.95291
G1 X6.361 Y64.396 E.02239
G1 X95.004 Y153.039 E4.98457
G1 X95.568 Y153.039 E.02243
G1 X6.361 Y63.832 E5.01628
G1 X6.361 Y63.269 E.02239
G1 X96.131 Y153.039 E5.04794
G1 X96.695 Y153.039 E.02243
G1 X6.361 Y62.705 E5.07966
G1 X6.361 Y62.142 E.02239
M73 Q50 S34
G1 X97.258 Y153.039 E5.11132
G1 X97.822 Y153.039 E.02243
G1 X6.361 Y61.578 E5.14303
G1 X6.361 Y61.014 E.02243
G1 X98.386 Y153.039 E5.17474
G1 X98.949 Y153.039 E.02239
G1 X6.361 Y60.451 E5.2064
G1 X6.361 Y59.887 E.02243
G1 X99.513 Y153.039 E5.23812
G1 X100.076 Y153.039 E.02239
G1 X6.361 Y59.324 E5.26978
G1 X6.361 Y58.76 E.02243
G1 X100.64 Y153.039 E5.30149
G1 X101.203 Y153.039 E.02239
G1 X6.361 Y58.197 E5.33315
G1 X6.361 Y57.633 E.02243
M73 P50 R33
G1 X101.767 Y153.039 E5.36487
G1 X102.33 Y153.039 E.02239
G1 X6.361 Y57.07 E5.39652
G1 X6.361 Y56.506 E.02243
G1 X102.894 Y153.039 E5.42824
G1 X103.458 Y153.039 E.02243
G1 X6.361 Y55.942 E5.45995
G1 X6.361 Y55.379 E.02239
G1 X104.021 Y153.039 E5.49161
G1 X104.585 Y153.039 E.02243
G1 X6.361 Y54.815 E5.52333
G1 X6.361 Y54.252 E.02239
G1 X105.148 Y153.039 E5.55499
G1 X105.712 Y153.039 E.02243
G1 X6.361 Y53.688 E5.5867
G1 X6.361 Y53.125 E.02239
G1 X106.275 Y153.039 E5.61836
G1 X106.839 Y153.039 E.02243
G1 X6.361 Y52.561 E5.65007
G1 X6.361 Y51.998 E.02239
G1 X107.402 Y153.039 E5.68173
G1 X107.966 Y153.039 E.02243
G1 X6.361 Y51.434 E5.71345
G1 X6.361 Y50.87 E.02243
G1 X108.53 Y153.039 E5.74516
G1 X109.093 Y153.039 E.02239
G1 X6.361 Y50.307 E5.77682
G1 X6.361 Y49.743 E.02243
G1 X109.657 Y153.039 E5.80854
G1 X110.22 Y153.039 E.02239
G1 X6.361 Y49.18 E5.84019
G1 X6.361 Y48.616 E.02243
G1 X110.784 Y153.039 E5.87191
G1 X111.347 Y153.039 E.02239
G1 X6.361 Y48.053 E5.90357
G1 X6.361 Y47.489 E.02243
G1 X111.911 Y153.039 E5.93528
G1 X112.474 Y153.039 E.02239
G1 X6.361 Y46.926 E5.96694
G1 X6.361 Y46.362 E.02243
G1 X113.038 Y153.039 E5.99866
G1 X113.602 Y153.039 E.02243
G1 X6.361 Y45.798 E6.03037
G1 X6.361 Y45.235 E.02239
G1 X113.639 Y152.513 E6.03245
G1 X113.639 Y151.95 E.02239
M73 P50 R32
G1 X6.361 Y44.671 E6.03248
G1 X6.361 Y44.108 E.02239
G1 X113.639 Y151.386 E6.03245
G1 X113.639 Y150.823 E.02239
G1 X6.361 Y43.544 E6.03248
G1 X6.361 Y42.981 E.02239
G1 X113.639 Y150.259 E6.03245
G1 X113.639 Y149.696 E.02239
G1 X6.361 Y42.417 E6.03248
G1 X6.361 Y41.854 E.02239
G1 X113.639 Y149.132 E6.03245
G1 X113.639 Y148.569 E.02239
G1 X6.361 Y41.29 E6.03248
G1 X6.361 Y40.726 E.02243
M73 Q51 S34
G1 X113.639 Y148.005 E6.03248
G1 X113.639 Y147.441 E.02243
G1 X6.361 Y40.163 E6.03245
G1 X6.361 Y39.599 E.02243
G1 X113.639 Y146.878 E6.03248
G1 X113.639 Y146.314 E.02243
G1 X6.361 Y39.036 E6.03245
G1 X6.361 Y38.472 E.02243
G1 X113.639 Y145.751 E6.03248
G1 X113.639 Y145.187 E.02243
G1 X6.361 Y37.909 E6.03245
G1 X6.361 Y37.345 E.02243
M73 Q51 S33
G1 X113.639 Y144.624 E6.03248
G1 X113.639 Y144.06 E.02243
G1 X6.361 Y36.781 E6.03248
G1 X6.361 Y36.218 E.02239
M73 P51 R32
G1 X113.639 Y143.497 E6.03248
G1 X113.639 Y142.933 E.02243
G1 X6.361 Y35.654 E6.03248
G1 X6.361 Y35.091 E.02239
G1 X113.639 Y142.369 E6.03245
G1 X113.639 Y141.806 E.02239
G1 X6.361 Y34.527 E6.03248
G1 X6.361 Y33.964 E.02239
G1 X113.639 Y141.242 E6.03245
G1 X113.639 Y140.679 E.02239
G1 X6.361 Y33.4 E6.03248
G1 X6.361 Y32.837 E.02239
G1 X113.639 Y140.115 E6.03245
G1 X113.639 Y139.552 E.02239
G1 X6.361 Y32.273 E6.03248
G1 X6.361 Y31.709 E.02243
G1 X113.639 Y138.988 E6.03248
G1 X113.639 Y138.425 E.02239
G1 X6.361 Y31.146 E6.03248
G1 X6.361 Y30.582 E.02243
G1 X113.639 Y137.861 E6.03248
G1 X113.639 Y137.297 E.02243
G1 X6.361 Y30.019 E6.03245
G1 X6.361 Y29.455 E.02243
G1 X113.639 Y136.734 E6.03248
G1 X113.639 Y136.17 E.02243
G1 X6.361 Y28.892 E6.03245
G1 X6.361 Y28.328 E.02243
G1 X113.639 Y135.607 E6.03248
G1 X113.639 Y135.043 E.02243
G1 X6.361 Y27.765 E6.03245
G1 X6.361 Y27.201 E.02243
G1 X113.639 Y134.48 E6.03248
G1 X113.639 Y133.916 E.02243
G1 X6.361 Y26.637 E6.03248
G1 X6.361 Y26.074 E.02239
G1 X113.639 Y133.353 E6.03248
G1 X113.639 Y132.789 E.02243
G1 X6.361 Y25.51 E6.03248
G1 X6.361 Y24.947 E.02239
G1 X113.639 Y132.225 E6.03245
G1 X113.639 Y131.662 E.02239
G1 X6.361 Y24.383 E6.03248
G1 X6.361 Y23.82 E.02239
G1 X113.639 Y131.098 E6.03245
G1 X113.639 Y130.535 E.02239
G1 X6.361 Y23.256 E6.03248
G1 X6.361 Y22.693 E.02239
G1 X113.639 Y129.971 E6.03245
G1 X113.639 Y129.408 E.02239
G1 X6.361 Y22.129 E6.03248
G1 X6.361 Y21.565 E.02243
G1 X113.639 Y128.844 E6.03248
G1 X113.639 Y128.28 E.02243
G1 X6.361 Y21.002 E6.03245
G1 X6.361 Y20.438 E.02243
M73 Q52 S33
G1 X113.639 Y127.717 E6.03248
G1 X113.639 Y127.153 E.02243
G1 X6.361 Y19.875 E6.03245
G1 X6.361 Y19.311 E.02243
G1 X113.639 Y126.59 E6.03248
G1 X113.639 Y126.026 E.02243
G1 X6.361 Y18.748 E6.03245
G1 X6.361 Y18.184 E.02243
G1 X113.639 Y125.463 E6.03248
G1 X113.639 Y124.899 E.02243
G1 X6.361 Y17.621 E6.03245
G1 X6.361 Y17.057 E.02243
G1 X113.639 Y124.336 E6.03248
G1 X113.639 Y123.772 E.02243
M73 P52 R32
G1 X6.361 Y16.493 E6.03248
G1 X6.361 Y15.93 E.02239
G1 X113.639 Y123.208 E6.03245
G1 X113.639 Y122.645 E.02239
G1 X6.361 Y15.366 E6.03248
G1 X6.361 Y14.803 E.02239
G1 X113.639 Y122.081 E6.03245
G1 X113.639 Y121.518 E.02239
M73 P52 R31
G1 X6.361 Y14.239 E6.03248
G1 X6.361 Y13.676 E.02239
G1 X113.639 Y120.954 E6.03245
G1 X113.639 Y120.391 E.02239
G1 X6.361 Y13.112 E6.03248
G1 X6.361 Y12.549 E.02239
G1 X113.639 Y119.827 E6.03245
G1 X113.639 Y119.264 E.02239
G1 X6.361 Y11.985 E6.03248
G1 X6.361 Y11.421 E.02243
G1 X113.639 Y118.7 E6.03248
G1 X113.639 Y118.136 E.02243
G1 X6.361 Y10.858 E6.03245
G1 X6.361 Y10.294 E.02243
G1 X113.639 Y117.573 E6.03248
G1 X113.639 Y117.009 E.02243
G1 X6.361 Y9.731 E6.03245
G1 X6.361 Y9.167 E.02243
G1 X113.639 Y116.446 E6.03248
G1 X113.639 Y115.882 E.02243
G1 X6.361 Y8.604 E6.03245
G1 X6.361 Y8.04 E.02243
M73 Q52 S32
G1 X113.639 Y115.319 E6.03248
G1 X113.639 Y114.755 E.02243
G1 X6.361 Y7.477 E6.03245
G1 X6.361 Y6.913 E.02243
G1 X113.639 Y114.192 E6.03248
G1 X113.639 Y113.628 E.02243
G1 X6.372 Y6.361 E6.03183
G1 X6.936 Y6.361 E.02243
G1 X113.639 Y113.064 E6.00012
G1 X113.639 Y112.501 E.02239
G1 X7.499 Y6.361 E5.96846
G1 X8.063 Y6.361 E.02243
G1 X113.639 Y111.937 E5.93674
G1 X113.639 Y111.374 E.02239
G1 X8.626 Y6.361 E5.90509
G1 X9.19 Y6.361 E.02243
G1 X113.639 Y110.81 E5.87337
G1 X113.639 Y110.247 E.02239
G1 X9.753 Y6.361 E5.84171
G1 X10.317 Y6.361 E.02243
G1 X113.639 Y109.683 E5.81
G1 X113.639 Y109.12 E.02239
G1 X10.88 Y6.361 E5.77834
G1 X11.444 Y6.361 E.02243
G1 X113.639 Y108.556 E5.74662
G1 X113.639 Y107.992 E.02243
G1 X12.008 Y6.361 E5.71491
G1 X12.571 Y6.361 E.02239
G1 X113.639 Y107.429 E5.68325
G1 X113.639 Y106.865 E.02243
M73 Q53 S32
G1 X13.135 Y6.361 E5.65154
G1 X13.698 Y6.361 E.02239
G1 X113.639 Y106.302 E5.61988
G1 X113.639 Y105.738 E.02243
G1 X14.262 Y6.361 E5.58816
G1 X14.825 Y6.361 E.02239
G1 X113.639 Y105.175 E5.5565
G1 X113.639 Y104.611 E.02243
G1 X15.389 Y6.361 E5.52479
G1 X15.952 Y6.361 E.02239
G1 X113.639 Y104.048 E5.49313
G1 X113.639 Y103.484 E.02243
G1 X16.516 Y6.361 E5.46142
G1 X17.08 Y6.361 E.02243
M73 P53 R31
G1 X113.639 Y102.92 E5.4297
G1 X113.639 Y102.357 E.02239
G1 X17.643 Y6.361 E5.39804
G1 X18.207 Y6.361 E.02243
G1 X113.639 Y101.793 E5.36633
G1 X113.639 Y101.23 E.02239
G1 X18.77 Y6.361 E5.33467
G1 X19.334 Y6.361 E.02243
G1 X113.639 Y100.666 E5.30295
G1 X113.639 Y100.103 E.02239
G1 X19.897 Y6.361 E5.2713
G1 X20.461 Y6.361 E.02243
G1 X113.639 Y99.539 E5.23958
G1 X113.639 Y98.976 E.02239
G1 X21.024 Y6.361 E5.20792
G1 X21.588 Y6.361 E.02243
G1 X113.639 Y98.412 E5.17621
G1 X113.639 Y97.848 E.02243
G1 X22.152 Y6.361 E5.14449
G1 X22.715 Y6.361 E.02239
G1 X113.639 Y97.285 E5.11283
G1 X113.639 Y96.721 E.02243
G1 X23.279 Y6.361 E5.08112
G1 X23.842 Y6.361 E.02239
G1 X113.639 Y96.158 E5.04946
G1 X113.639 Y95.594 E.02243
G1 X24.406 Y6.361 E5.01775
G1 X24.969 Y6.361 E.02239
G1 X113.639 Y95.031 E4.98609
G1 X113.639 Y94.467 E.02243
G1 X25.533 Y6.361 E4.95437
G1 X26.096 Y6.361 E.02239
G1 X113.639 Y93.904 E4.92271
G1 X113.639 Y93.34 E.02243
G1 X26.66 Y6.361 E4.891
G1 X27.224 Y6.361 E.02243
G1 X113.639 Y92.776 E4.85928
G1 X113.639 Y92.213 E.02239
G1 X27.787 Y6.361 E4.82763
G1 X28.351 Y6.361 E.02243
G1 X113.639 Y91.649 E4.79591
G1 X113.639 Y91.086 E.02239
G1 X28.914 Y6.361 E4.76425
G1 X29.478 Y6.361 E.02243
G1 X113.639 Y90.522 E4.73254
G1 X113.639 Y89.959 E.02239
G1 X30.041 Y6.361 E4.70088
G1 X30.605 Y6.361 E.02243
G1 X113.639 Y89.395 E4.66916
G1 X113.639 Y88.832 E.02239
M73 P53 R30
G1 X31.169 Y6.361 E4.63748
G1 X31.732 Y6.361 E.02239
G1 X113.639 Y88.268 E4.60579
G1 X113.639 Y87.704 E.02243
G1 X32.296 Y6.361 E4.57408
G1 X32.859 Y6.361 E.02239
G1 X113.639 Y87.141 E4.54242
G1 X113.639 Y86.577 E.02243
G1 X33.423 Y6.361 E4.5107
G1 X33.986 Y6.361 E.02239
G1 X113.639 Y86.014 E4.47904
G1 X113.639 Y85.45 E.02243
G1 X34.55 Y6.361 E4.44733
G1 X35.113 Y6.361 E.02239
G1 X113.639 Y84.887 E4.41567
G1 X113.639 Y84.323 E.02243
G1 X35.677 Y6.361 E4.38396
G1 X36.241 Y6.361 E.02243
G1 X113.639 Y83.759 E4.35224
G1 X113.639 Y83.196 E.02239
G1 X36.804 Y6.361 E4.32058
G1 X37.368 Y6.361 E.02243
M73 Q54 S32
G1 X113.639 Y82.632 E4.28887
G1 X113.639 Y82.069 E.02239
M73 Q54 S31
G1 X37.931 Y6.361 E4.25721
G1 X38.495 Y6.361 E.02243
G1 X113.639 Y81.505 E4.22549
G1 X113.639 Y80.942 E.02239
G1 X39.058 Y6.361 E4.19383
G1 X39.622 Y6.361 E.02243
G1 X113.639 Y80.378 E4.16212
G1 X113.639 Y79.815 E.02239
G1 X40.185 Y6.361 E4.13046
G1 X40.749 Y6.361 E.02243
G1 X113.639 Y79.251 E4.09875
G1 X113.639 Y78.687 E.02243
G1 X41.313 Y6.361 E4.06703
G1 X41.876 Y6.361 E.02239
G1 X113.639 Y78.124 E4.03537
G1 X113.639 Y77.56 E.02243
G1 X42.44 Y6.361 E4.00366
G1 X43.003 Y6.361 E.02239
M73 P54 R30
G1 X113.639 Y76.997 E3.972
G1 X113.639 Y76.433 E.02243
G1 X43.567 Y6.361 E3.94029
G1 X44.13 Y6.361 E.02239
G1 X113.639 Y75.87 E3.90863
G1 X113.639 Y75.306 E.02243
G1 X44.694 Y6.361 E3.87691
G1 X45.257 Y6.361 E.02239
G1 X113.639 Y74.743 E3.84525
G1 X113.639 Y74.179 E.02243
G1 X45.821 Y6.361 E3.81354
G1 X46.385 Y6.361 E.02243
G1 X113.639 Y73.615 E3.78182
G1 X113.639 Y73.052 E.02239
G1 X46.948 Y6.361 E3.75016
G1 X47.512 Y6.361 E.02243
G1 X113.639 Y72.488 E3.71845
G1 X113.639 Y71.925 E.02239
G1 X48.075 Y6.361 E3.68679
G1 X48.639 Y6.361 E.02243
G1 X113.639 Y71.361 E3.65508
G1 X113.639 Y70.798 E.02239
G1 X49.202 Y6.361 E3.62342
G1 X49.766 Y6.361 E.02243
G1 X113.639 Y70.234 E3.5917
G1 X113.639 Y69.671 E.02239
G1 X50.329 Y6.361 E3.56004
G1 X50.893 Y6.361 E.02243
G1 X113.639 Y69.107 E3.52833
G1 X113.639 Y68.543 E.02243
G1 X51.457 Y6.361 E3.49661
G1 X52.02 Y6.361 E.02239
G1 X113.639 Y67.98 E3.46496
G1 X113.639 Y67.416 E.02243
G1 X52.584 Y6.361 E3.43324
G1 X53.147 Y6.361 E.02239
G1 X113.639 Y66.853 E3.40158
G1 X113.639 Y66.289 E.02243
G1 X53.711 Y6.361 E3.36987
G1 X54.274 Y6.361 E.02239
G1 X113.639 Y65.726 E3.33821
G1 X113.639 Y65.162 E.02243
G1 X54.838 Y6.361 E3.30649
G1 X55.401 Y6.361 E.02239
G1 X113.639 Y64.599 E3.27484
G1 X113.639 Y64.035 E.02243
G1 X55.965 Y6.361 E3.24312
G1 X56.529 Y6.361 E.02243
G1 X113.639 Y63.471 E3.21141
G1 X113.639 Y62.908 E.02239
G1 X57.092 Y6.361 E3.17975
G1 X57.656 Y6.361 E.02243
G1 X113.639 Y62.344 E3.14803
G1 X113.639 Y61.781 E.02239
G1 X58.219 Y6.361 E3.11637
G1 X58.783 Y6.361 E.02243
G1 X113.639 Y61.217 E3.08466
G1 X113.639 Y60.654 E.02239
G1 X59.346 Y6.361 E3.053
G1 X59.91 Y6.361 E.02243
G1 X113.639 Y60.09 E3.02129
G1 X113.639 Y59.527 E.02239
G1 X60.473 Y6.361 E2.98963
G1 X61.037 Y6.361 E.02243
G1 X113.639 Y58.963 E2.95791
G1 X113.639 Y58.399 E.02243
G1 X61.601 Y6.361 E2.9262
G1 X62.164 Y6.361 E.02239
G1 X113.639 Y57.836 E2.89454
G1 X113.639 Y57.272 E.02243
G1 X62.728 Y6.361 E2.86282
G1 X63.291 Y6.361 E.02239
G1 X113.639 Y56.709 E2.83117
G1 X113.639 Y56.145 E.02243
G1 X63.855 Y6.361 E2.79945
G1 X64.418 Y6.361 E.02239
G1 X113.639 Y55.582 E2.76779
G1 X113.639 Y55.018 E.02243
G1 X64.982 Y6.361 E2.73608
G1 X65.545 Y6.361 E.02239
G1 X113.639 Y54.455 E2.70442
G1 X113.639 Y53.891 E.02243
G1 X66.109 Y6.361 E2.6727
G1 X66.673 Y6.361 E.02243
G1 X113.639 Y53.327 E2.64099
G1 X113.639 Y52.764 E.02239
G1 X67.236 Y6.361 E2.60933
G1 X67.8 Y6.361 E.02243
G1 X113.639 Y52.2 E2.57762
G1 X113.639 Y51.637 E.02239
G1 X68.363 Y6.361 E2.54596
G1 X68.927 Y6.361 E.02243
G1 X113.639 Y51.073 E2.51424
G1 X113.639 Y50.51 E.02239
G1 X69.49 Y6.361 E2.48258
G1 X70.054 Y6.361 E.02243
G1 X113.639 Y49.946 E2.45087
G1 X113.639 Y49.383 E.02239
G1 X70.617 Y6.361 E2.41921
G1 X71.181 Y6.361 E.02243
G1 X113.639 Y48.819 E2.3875
G1 X113.639 Y48.255 E.02243
G1 X71.745 Y6.361 E2.35578
G1 X72.308 Y6.361 E.02239
M73 Q55 S31
G1 X113.639 Y47.692 E2.32412
G1 X113.639 Y47.128 E.02243
G1 X72.872 Y6.361 E2.29241
G1 X73.435 Y6.361 E.02239
G1 X113.639 Y46.565 E2.26075
G1 X113.639 Y46.001 E.02243
G1 X73.999 Y6.361 E2.22903
G1 X74.562 Y6.361 E.02239
G1 X113.639 Y45.438 E2.19738
G1 X113.639 Y44.874 E.02243
G1 X75.126 Y6.361 E2.16566
G1 X75.69 Y6.361 E.02243
G1 X113.639 Y44.31 E2.13395
G1 X113.639 Y43.747 E.02239
G1 X76.253 Y6.361 E2.10229
G1 X76.817 Y6.361 E.02243
G1 X113.639 Y43.183 E2.07057
G1 X113.639 Y42.62 E.02239
G1 X77.38 Y6.361 E2.03891
G1 X77.944 Y6.361 E.02243
G1 X113.639 Y42.056 E2.0072
G1 X113.639 Y41.493 E.02239
G1 X78.507 Y6.361 E1.97554
G1 X79.071 Y6.361 E.02243
G1 X113.639 Y40.929 E1.94383
G1 X113.639 Y40.366 E.02239
G1 X79.634 Y6.361 E1.91217
G1 X80.198 Y6.361 E.02243
G1 X113.639 Y39.802 E1.88045
G1 X113.639 Y39.238 E.02243
G1 X80.762 Y6.361 E1.84874
G1 X81.325 Y6.361 E.02239
G1 X113.639 Y38.675 E1.81708
G1 X113.639 Y38.111 E.02243
G1 X81.889 Y6.361 E1.78536
G1 X82.452 Y6.361 E.02239
G1 X113.639 Y37.548 E1.75371
G1 X113.639 Y36.984 E.02243
G1 X83.016 Y6.361 E1.72199
G1 X83.579 Y6.361 E.02239
G1 X113.639 Y36.421 E1.69033
G1 X113.639 Y35.857 E.02243
G1 X84.143 Y6.361 E1.65862
M73 P55 R30
G1 X84.706 Y6.361 E.02239
G1 X113.639 Y35.294 E1.62696
G1 X113.639 Y34.73 E.02243
G1 X85.27 Y6.361 E1.59524
G1 X85.834 Y6.361 E.02243
G1 X113.639 Y34.166 E1.56353
G1 X113.639 Y33.603 E.02239
G1 X86.397 Y6.361 E1.53187
G1 X86.961 Y6.361 E.02243
G1 X113.639 Y33.039 E1.50016
G1 X113.639 Y32.476 E.02239
G1 X87.524 Y6.361 E1.4685
G1 X88.088 Y6.361 E.02243
G1 X113.639 Y31.912 E1.43678
G1 X113.639 Y31.349 E.02239
G1 X88.651 Y6.361 E1.40512
G1 X89.215 Y6.361 E.02243
G1 X113.639 Y30.785 E1.37341
G1 X113.639 Y30.222 E.02239
G1 X89.778 Y6.361 E1.34175
G1 X90.342 Y6.361 E.02243
M73 P55 R29
G1 X113.639 Y29.658 E1.31004
G1 X113.639 Y29.094 E.02243
G1 X90.906 Y6.361 E1.27832
G1 X91.469 Y6.361 E.02239
G1 X113.639 Y28.531 E1.24666
G1 X113.639 Y27.967 E.02243
G1 X92.033 Y6.361 E1.21495
G1 X92.596 Y6.361 E.02239
G1 X113.639 Y27.404 E1.18329
G1 X113.639 Y26.84 E.02243
G1 X93.16 Y6.361 E1.15157
G1 X93.723 Y6.361 E.02239
G1 X113.639 Y26.277 E1.11992
G1 X113.639 Y25.713 E.02243
G1 X94.287 Y6.361 E1.0882
G1 X94.85 Y6.361 E.02239
G1 X113.639 Y25.15 E1.05654
G1 X113.639 Y24.586 E.02243
G1 X95.414 Y6.361 E1.02483
G1 X95.978 Y6.361 E.02243
G1 X113.639 Y24.022 E.99311
G1 X113.639 Y23.459 E.02239
G1 X96.541 Y6.361 E.96145
G1 X97.105 Y6.361 E.02243
G1 X113.639 Y22.895 E.92974
G1 X113.639 Y22.332 E.02239
G1 X97.668 Y6.361 E.89808
G1 X98.232 Y6.361 E.02243
G1 X113.639 Y21.768 E.86637
G1 X113.639 Y21.205 E.02239
G1 X98.795 Y6.361 E.83471
G1 X99.359 Y6.361 E.02243
G1 X113.639 Y20.641 E.80299
G1 X113.639 Y20.078 E.02239
G1 X99.922 Y6.361 E.77133
G1 X100.486 Y6.361 E.02243
G1 X113.639 Y19.514 E.73962
G1 X113.639 Y18.95 E.02243
G1 X101.05 Y6.361 E.7079
G1 X101.613 Y6.361 E.02239
G1 X113.639 Y18.387 E.67625
G1 X113.639 Y17.823 E.02243
G1 X102.177 Y6.361 E.64453
G1 X102.74 Y6.361 E.02239
G1 X113.639 Y17.26 E.61287
G1 X113.639 Y16.696 E.02243
G1 X103.304 Y6.361 E.58116
G1 X103.867 Y6.361 E.02239
G1 X113.639 Y16.133 E.5495
G1 X113.639 Y15.569 E.02243
G1 X104.431 Y6.361 E.51778
G1 X104.994 Y6.361 E.02239
G1 X113.639 Y15.006 E.48613
G1 X113.639 Y14.442 E.02243
M73 Q55 S30
G1 X105.558 Y6.361 E.45441
G1 X106.122 Y6.361 E.02243
G1 X113.639 Y13.878 E.4227
G1 X113.639 Y13.315 E.02239
G1 X106.685 Y6.361 E.39104
G1 X107.249 Y6.361 E.02243
G1 X113.639 Y12.751 E.35932
G1 X113.639 Y12.188 E.02239
G1 X107.812 Y6.361 E.32766
G1 X108.376 Y6.361 E.02243
G1 X113.639 Y11.624 E.29595
G1 X113.639 Y11.061 E.02239
G1 X108.939 Y6.361 E.26429
G1 X109.503 Y6.361 E.02243
G1 X113.639 Y10.497 E.23258
G1 X113.639 Y9.934 E.02239
G1 X110.066 Y6.361 E.20092
G1 X110.63 Y6.361 E.02243
G1 X113.639 Y9.37 E.1692
G1 X113.639 Y8.806 E.02243
G1 X111.194 Y6.361 E.13749
G1 X111.757 Y6.361 E.02239
G1 X113.639 Y8.243 E.10583
G1 E-.16 F2700
;WIPE_START
G1 F16800
G1 X111.757 Y6.361 E-.40636
G1 X111.194 Y6.361 E-.08596
G1 X111.878 Y7.045 E-.14768
;WIPE_END
G1 X112.462 Y6.502 Z.694 F21000
G1 Z.68 F720
G1 E.8 F1500
G1 F8400
G1 X113.639 Y7.679 E.06619
G1 X113.639 Y6.361 E.05241
G1 X112.321 Y6.361 E.05241
;LAYER_CHANGE
;Z:0.92
;HEIGHT:0.24
;BEFORE_LAYER_CHANGE
G92 E0.0
;0.92


G1 E-.16 F2700
;WIPE_START
G1 F16800
G1 X113.639 Y6.361 E-.20123
G1 X113.639 Y7.679 E-.20123
G1 X112.539 Y6.578 E-.23754
;WIPE_END
G1 X112.539 Y6.578 Z.68 F21000
G1 X114.803 Y35.518 Z1.187
G1 X114.969 Y37.65 Z1.22
G1 X115.136 Y39.781 Z1.246
G1 X115.303 Y41.913 Z1.265
G1 X115.636 Y46.177 Z1.28
G1 X124.022 Y153.378 Z1.28
;AFTER_LAYER_CHANGE
;0.92
G1 Z.92 F720
G1 E.8 F1500
;TYPE:Perimeter
G1 F4200
G1 X124.022 Y6.022 E5.85917
G1 X231.978 Y6.022 E4.29255
G1 X231.978 Y153.378 E5.85917
G1 X124.082 Y153.378 E4.29016
G1 X123.623 Y153.777 F21000
G1 F4200
G1 X123.623 Y5.623 E5.8909
G1 X232.377 Y5.623 E4.32428
G1 X232.377 Y153.777 E5.8909
G1 X123.683 Y153.777 E4.32189
M204 T250
G1 X123.225 Y154.175 F21000
M204 T7000
;TYPE:External perimeter
G1 F2999.998
G1 X123.225 Y5.225 E5.92255
G1 X232.775 Y5.225 E4.35593
G1 X232.775 Y154.175 E5.92255
M73 Q56 S30
G1 X123.285 Y154.175 E4.35354
G1 E-.16 F2700
;WIPE_START
G1 F16800
G1 X123.225 Y154.175 E-.00916
G1 X123.225 Y150.043 E-.63084
;WIPE_END
G1 X123.476 Y121.016 Z1.427 F21000
G1 X123.495 Y118.878 Z1.46
G1 X123.513 Y116.739 Z1.486
G1 X123.532 Y114.601 Z1.505
G1 X123.569 Y110.325 Z1.52
G1 X124.469 Y6.393
G1 Z.92 F720
G1 E.8 F1500
;TYPE:Solid infill
;WIDTH:0.546684
G1 F7573.004
G1 X124.425 Y6.349 E.00307
G1 X124.365 Y6.365 E.00307
G1 X124.349 Y6.425 E.00307
G1 X124.393 Y6.469 E.00307
G1 X124.453 Y6.453 E.00307
;WIDTH:0.449999
G1 F8400
G1 X125.089 Y6.361 E.02555
G1 X124.361 Y7.089 E.04094
G1 X124.361 Y7.653 E.02243
G1 X125.653 Y6.361 E.07265
G1 X126.216 Y6.361 E.02239
G1 X124.361 Y8.216 E.10431
G1 X124.361 Y8.78 E.02243
G1 X126.78 Y6.361 E.13603
G1 X127.344 Y6.361 E.02243
G1 X124.361 Y9.344 E.16774
G1 X124.361 Y9.907 E.02239
G1 X127.907 Y6.361 E.1994
G1 X128.471 Y6.361 E.02243
G1 X124.361 Y10.471 E.23111
G1 X124.361 Y11.034 E.02239
G1 X129.034 Y6.361 E.26277
G1 X129.598 Y6.361 E.02243
G1 X124.361 Y11.598 E.29449
G1 X124.361 Y12.161 E.02239
G1 X130.161 Y6.361 E.32615
G1 X130.725 Y6.361 E.02243
G1 X124.361 Y12.725 E.35786
G1 X124.361 Y13.288 E.02239
G1 X131.288 Y6.361 E.38952
G1 X131.852 Y6.361 E.02243
G1 X124.361 Y13.852 E.42123
G1 X124.361 Y14.416 E.02243
G1 X132.416 Y6.361 E.45295
G1 X132.979 Y6.361 E.02239
G1 X124.361 Y14.979 E.48461
G1 X124.361 Y15.543 E.02243
G1 X133.543 Y6.361 E.51632
G1 X134.106 Y6.361 E.02239
G1 X124.361 Y16.106 E.54798
G1 X124.361 Y16.67 E.02243
G1 X134.67 Y6.361 E.5797
G1 X135.233 Y6.361 E.02239
G1 X124.361 Y17.233 E.61135
G1 X124.361 Y17.797 E.02243
G1 X135.797 Y6.361 E.64307
G1 X136.36 Y6.361 E.02239
G1 X124.361 Y18.36 E.67473
G1 X124.361 Y18.924 E.02243
G1 X136.924 Y6.361 E.70644
G1 X137.488 Y6.361 E.02243
G1 X124.361 Y19.488 E.73816
G1 X124.361 Y20.051 E.02239
G1 X138.051 Y6.361 E.76982
G1 X138.615 Y6.361 E.02243
G1 X124.361 Y20.615 E.80153
G1 X124.361 Y21.178 E.02239
G1 X139.178 Y6.361 E.83319
G1 X139.742 Y6.361 E.02243
G1 X124.361 Y21.742 E.8649
G1 X124.361 Y22.305 E.02239
G1 X140.305 Y6.361 E.89656
G1 X140.869 Y6.361 E.02243
G1 X124.361 Y22.869 E.92828
G1 X124.361 Y23.432 E.02239
G1 X141.432 Y6.361 E.95994
G1 X141.996 Y6.361 E.02243
G1 X124.361 Y23.996 E.99165
G1 X124.361 Y24.56 E.02243
G1 X142.56 Y6.361 E1.02337
G1 X143.123 Y6.361 E.02239
M73 P56 R29
G1 X124.361 Y25.123 E1.05502
G1 X124.361 Y25.687 E.02243
G1 X143.687 Y6.361 E1.08674
G1 X144.25 Y6.361 E.02239
G1 X124.361 Y26.25 E1.1184
G1 X124.361 Y26.814 E.02243
G1 X144.814 Y6.361 E1.15011
G1 X145.377 Y6.361 E.02239
G1 X124.361 Y27.377 E1.18177
G1 X124.361 Y27.941 E.02243
G1 X145.941 Y6.361 E1.21349
G1 X146.504 Y6.361 E.02239
G1 X124.361 Y28.504 E1.24514
G1 X124.361 Y29.068 E.02243
G1 X147.068 Y6.361 E1.27686
G1 X147.632 Y6.361 E.02243
G1 X124.361 Y29.632 E1.30857
G1 X124.361 Y30.195 E.02239
G1 X148.195 Y6.361 E1.34023
G1 X148.759 Y6.361 E.02243
G1 X124.361 Y30.759 E1.37195
G1 X124.361 Y31.322 E.02239
G1 X149.322 Y6.361 E1.40361
G1 X149.886 Y6.361 E.02243
G1 X124.361 Y31.886 E1.43532
G1 X124.361 Y32.449 E.02239
G1 X150.449 Y6.361 E1.46698
G1 X151.013 Y6.361 E.02243
G1 X124.361 Y33.013 E1.49869
G1 X124.361 Y33.576 E.02239
G1 X151.577 Y6.361 E1.53038
G1 X152.14 Y6.361 E.02239
G1 X124.361 Y34.14 E1.56207
G1 X124.361 Y34.704 E.02243
G1 X152.704 Y6.361 E1.59378
G1 X153.267 Y6.361 E.02239
G1 X124.361 Y35.267 E1.62544
G1 X124.361 Y35.831 E.02243
G1 X153.831 Y6.361 E1.65716
G1 X154.394 Y6.361 E.02239
G1 X124.361 Y36.394 E1.68881
G1 X124.361 Y36.958 E.02243
G1 X154.958 Y6.361 E1.72053
G1 X155.521 Y6.361 E.02239
G1 X124.361 Y37.521 E1.75219
G1 X124.361 Y38.085 E.02243
G1 X156.085 Y6.361 E1.7839
G1 X156.649 Y6.361 E.02243
G1 X124.361 Y38.649 E1.81562
G1 X124.361 Y39.212 E.02239
G1 X157.212 Y6.361 E1.84728
G1 X157.776 Y6.361 E.02243
G1 X124.361 Y39.776 E1.87899
G1 X124.361 Y40.339 E.02239
G1 X158.339 Y6.361 E1.91065
G1 X158.903 Y6.361 E.02243
G1 X124.361 Y40.903 E1.94236
G1 X124.361 Y41.466 E.02239
G1 X159.466 Y6.361 E1.97402
G1 X160.03 Y6.361 E.02243
G1 X124.361 Y42.03 E2.00574
G1 X124.361 Y42.593 E.02239
G1 X160.593 Y6.361 E2.0374
G1 X161.157 Y6.361 E.02243
G1 X124.361 Y43.157 E2.06911
G1 X124.361 Y43.721 E.02243
G1 X161.721 Y6.361 E2.10083
G1 X162.284 Y6.361 E.02239
G1 X124.361 Y44.284 E2.13248
G1 X124.361 Y44.848 E.02243
G1 X162.848 Y6.361 E2.1642
G1 X163.411 Y6.361 E.02239
G1 X124.361 Y45.411 E2.19586
G1 X124.361 Y45.975 E.02243
G1 X163.975 Y6.361 E2.22757
G1 X164.538 Y6.361 E.02239
G1 X124.361 Y46.538 E2.25923
G1 X124.361 Y47.102 E.02243
G1 X165.102 Y6.361 E2.29095
G1 X165.665 Y6.361 E.02239
G1 X124.361 Y47.665 E2.3226
G1 X124.361 Y48.229 E.02243
G1 X166.229 Y6.361 E2.35432
G1 X166.793 Y6.361 E.02243
G1 X124.361 Y48.793 E2.38603
G1 X124.361 Y49.356 E.02239
G1 X167.356 Y6.361 E2.41769
G1 X167.92 Y6.361 E.02243
G1 X124.361 Y49.92 E2.44941
G1 X124.361 Y50.483 E.02239
G1 X168.483 Y6.361 E2.48107
G1 X169.047 Y6.361 E.02243
G1 X124.361 Y51.047 E2.51278
G1 X124.361 Y51.61 E.02239
G1 X169.61 Y6.361 E2.54444
G1 X170.174 Y6.361 E.02243
G1 X124.361 Y52.174 E2.57615
G1 X124.361 Y52.737 E.02239
G1 X170.737 Y6.361 E2.60781
G1 X171.301 Y6.361 E.02243
G1 X124.361 Y53.301 E2.63953
G1 X124.361 Y53.865 E.02243
G1 X171.865 Y6.361 E2.67124
G1 X172.428 Y6.361 E.02239
G1 X124.361 Y54.428 E2.7029
G1 X124.361 Y54.992 E.02243
G1 X172.992 Y6.361 E2.73462
G1 X173.555 Y6.361 E.02239
G1 X124.361 Y55.555 E2.76627
G1 X124.361 Y56.119 E.02243
G1 X174.119 Y6.361 E2.79799
G1 X174.682 Y6.361 E.02239
G1 X124.361 Y56.682 E2.82965
G1 X124.361 Y57.246 E.02243
G1 X175.246 Y6.361 E2.86136
G1 X175.809 Y6.361 E.02239
G1 X124.361 Y57.809 E2.89302
G1 X124.361 Y58.373 E.02243
M73 Q56 S29
G1 X176.373 Y6.361 E2.92474
G1 X176.937 Y6.361 E.02243
M73 P56 R28
G1 X124.361 Y58.937 E2.95645
G1 X124.361 Y59.5 E.02239
G1 X177.5 Y6.361 E2.98811
G1 X178.064 Y6.361 E.02243
G1 X124.361 Y60.064 E3.01982
G1 X124.361 Y60.627 E.02239
G1 X178.627 Y6.361 E3.05148
G1 X179.191 Y6.361 E.02243
G1 X124.361 Y61.191 E3.0832
G1 X124.361 Y61.754 E.02239
G1 X179.754 Y6.361 E3.11486
G1 X180.318 Y6.361 E.02243
M73 Q57 S29
G1 X124.361 Y62.318 E3.14657
G1 X124.361 Y62.881 E.02239
G1 X180.881 Y6.361 E3.17823
G1 X181.445 Y6.361 E.02243
G1 X124.361 Y63.445 E3.20994
G1 X124.361 Y64.009 E.02243
G1 X182.009 Y6.361 E3.24166
G1 X182.572 Y6.361 E.02239
G1 X124.361 Y64.572 E3.27332
G1 X124.361 Y65.136 E.02243
G1 X183.136 Y6.361 E3.30503
G1 X183.699 Y6.361 E.02239
G1 X124.361 Y65.699 E3.33669
G1 X124.361 Y66.263 E.02243
G1 X184.263 Y6.361 E3.36841
G1 X184.826 Y6.361 E.02239
G1 X124.361 Y66.826 E3.40006
G1 X124.361 Y67.39 E.02243
G1 X185.39 Y6.361 E3.43178
G1 X185.953 Y6.361 E.02239
G1 X124.361 Y67.953 E3.46344
G1 X124.361 Y68.517 E.02243
G1 X186.517 Y6.361 E3.49515
G1 X187.081 Y6.361 E.02243
G1 X124.361 Y69.081 E3.52687
G1 X124.361 Y69.644 E.02239
G1 X187.644 Y6.361 E3.55853
G1 X188.208 Y6.361 E.02243
G1 X124.361 Y70.208 E3.59024
G1 X124.361 Y70.771 E.02239
G1 X188.771 Y6.361 E3.6219
G1 X189.335 Y6.361 E.02243
G1 X124.361 Y71.335 E3.65361
G1 X124.361 Y71.898 E.02239
G1 X189.898 Y6.361 E3.68527
G1 X190.462 Y6.361 E.02243
G1 X124.361 Y72.462 E3.71699
G1 X124.361 Y73.025 E.02239
G1 X191.026 Y6.361 E3.74867
G1 X191.589 Y6.361 E.02239
G1 X124.361 Y73.589 E3.78036
G1 X124.361 Y74.153 E.02243
M73 P57 R28
G1 X192.153 Y6.361 E3.81208
G1 X192.716 Y6.361 E.02239
G1 X124.361 Y74.716 E3.84373
G1 X124.361 Y75.28 E.02243
G1 X193.28 Y6.361 E3.87545
G1 X193.843 Y6.361 E.02239
G1 X124.361 Y75.843 E3.90711
G1 X124.361 Y76.407 E.02243
G1 X194.407 Y6.361 E3.93882
G1 X194.97 Y6.361 E.02239
G1 X124.361 Y76.97 E3.97048
G1 X124.361 Y77.534 E.02243
G1 X195.534 Y6.361 E4.0022
G1 X196.098 Y6.361 E.02243
G1 X124.361 Y78.097 E4.03388
G1 X124.361 Y78.661 E.02243
G1 X196.661 Y6.361 E4.06557
G1 X197.225 Y6.361 E.02243
G1 X124.361 Y79.225 E4.09728
G1 X124.361 Y79.788 E.02239
G1 X197.788 Y6.361 E4.12894
G1 X198.352 Y6.361 E.02243
G1 X124.361 Y80.352 E4.16066
G1 X124.361 Y80.915 E.02239
G1 X198.915 Y6.361 E4.19232
G1 X199.479 Y6.361 E.02243
G1 X124.361 Y81.479 E4.22403
G1 X124.361 Y82.042 E.02239
G1 X200.042 Y6.361 E4.25569
G1 X200.606 Y6.361 E.02243
G1 X124.361 Y82.606 E4.2874
G1 X124.361 Y83.17 E.02243
G1 X201.17 Y6.361 E4.31912
G1 X201.733 Y6.361 E.02239
G1 X124.361 Y83.733 E4.35078
G1 X124.361 Y84.297 E.02243
G1 X202.297 Y6.361 E4.38249
G1 X202.86 Y6.361 E.02239
G1 X124.361 Y84.86 E4.41415
G1 X124.361 Y85.424 E.02243
G1 X203.424 Y6.361 E4.44587
G1 X203.987 Y6.361 E.02239
G1 X124.361 Y85.987 E4.47753
G1 X124.361 Y86.551 E.02243
G1 X204.551 Y6.361 E4.50924
G1 X205.114 Y6.361 E.02239
G1 X124.361 Y87.114 E4.5409
G1 X124.361 Y87.678 E.02243
G1 X205.678 Y6.361 E4.57261
G1 X206.242 Y6.361 E.02243
G1 X124.361 Y88.242 E4.60433
G1 X124.361 Y88.805 E.02239
G1 X206.805 Y6.361 E4.63599
G1 X207.369 Y6.361 E.02243
G1 X124.361 Y89.369 E4.6677
G1 X124.361 Y89.932 E.02239
G1 X207.932 Y6.361 E4.69936
G1 X208.496 Y6.361 E.02243
G1 X124.361 Y90.496 E4.73107
G1 X124.361 Y91.059 E.02239
G1 X209.059 Y6.361 E4.76273
G1 X209.623 Y6.361 E.02243
G1 X124.361 Y91.623 E4.79445
G1 X124.361 Y92.186 E.02239
M73 Q58 S29
G1 X210.186 Y6.361 E4.82611
G1 X210.75 Y6.361 E.02243
G1 X124.361 Y92.75 E4.85782
G1 X124.361 Y93.314 E.02243
G1 X211.314 Y6.361 E4.88954
G1 X211.877 Y6.361 E.02239
G1 X124.361 Y93.877 E4.9212
G1 X124.361 Y94.441 E.02243
G1 X212.441 Y6.361 E4.95291
G1 X213.004 Y6.361 E.02239
G1 X124.361 Y95.004 E4.98457
G1 X124.361 Y95.568 E.02243
G1 X213.568 Y6.361 E5.01628
G1 X214.131 Y6.361 E.02239
G1 X124.361 Y96.131 E5.04794
G1 X124.361 Y96.695 E.02243
G1 X214.695 Y6.361 E5.07966
G1 X215.258 Y6.361 E.02239
G1 X124.361 Y97.258 E5.11132
G1 X124.361 Y97.822 E.02243
G1 X215.822 Y6.361 E5.14303
G1 X216.386 Y6.361 E.02243
G1 X124.361 Y98.386 E5.17474
G1 X124.361 Y98.949 E.02239
G1 X216.949 Y6.361 E5.2064
G1 X217.513 Y6.361 E.02243
G1 X124.361 Y99.513 E5.23812
G1 X124.361 Y100.076 E.02239
G1 X218.076 Y6.361 E5.26978
G1 X218.64 Y6.361 E.02243
M73 P58 R28
M73 Q58 S28
G1 X124.361 Y100.64 E5.30149
G1 X124.361 Y101.203 E.02239
G1 X219.203 Y6.361 E5.33315
G1 X219.767 Y6.361 E.02243
G1 X124.361 Y101.767 E5.36487
G1 X124.361 Y102.33 E.02239
M73 P58 R27
G1 X220.33 Y6.361 E5.39652
G1 X220.894 Y6.361 E.02243
G1 X124.361 Y102.894 E5.42824
G1 X124.361 Y103.458 E.02243
G1 X221.458 Y6.361 E5.45995
G1 X222.021 Y6.361 E.02239
G1 X124.361 Y104.021 E5.49161
G1 X124.361 Y104.585 E.02243
G1 X222.585 Y6.361 E5.52333
G1 X223.148 Y6.361 E.02239
G1 X124.361 Y105.148 E5.55499
G1 X124.361 Y105.712 E.02243
G1 X223.712 Y6.361 E5.5867
G1 X224.275 Y6.361 E.02239
G1 X124.361 Y106.275 E5.61836
G1 X124.361 Y106.839 E.02243
G1 X224.839 Y6.361 E5.65007
G1 X225.402 Y6.361 E.02239
G1 X124.361 Y107.402 E5.68173
G1 X124.361 Y107.966 E.02243
G1 X225.966 Y6.361 E5.71345
G1 X226.53 Y6.361 E.02243
G1 X124.361 Y108.53 E5.74516
G1 X124.361 Y109.093 E.02239
G1 X227.093 Y6.361 E5.77682
G1 X227.657 Y6.361 E.02243
G1 X124.361 Y109.657 E5.80854
G1 X124.361 Y110.22 E.02239
G1 X228.22 Y6.361 E5.84019
G1 X228.784 Y6.361 E.02243
G1 X124.361 Y110.784 E5.87191
G1 X124.361 Y111.347 E.02239
G1 X229.347 Y6.361 E5.90357
G1 X229.911 Y6.361 E.02243
G1 X124.361 Y111.911 E5.93528
G1 X124.361 Y112.474 E.02239
G1 X230.475 Y6.361 E5.96697
G1 X231.038 Y6.361 E.02239
G1 X124.361 Y113.038 E5.99866
G1 X124.361 Y113.602 E.02243
G1 X231.602 Y6.361 E6.03037
G1 X231.639 Y6.887 E.02097
G1 X124.361 Y114.165 E6.03245
G1 X124.361 Y114.729 E.02243
M73 Q59 S28
G1 X231.639 Y7.45 E6.03248
G1 X231.639 Y8.014 E.02243
G1 X124.361 Y115.292 E6.03245
G1 X124.361 Y115.856 E.02243
G1 X231.639 Y8.577 E6.03248
G1 X231.639 Y9.141 E.02243
G1 X124.361 Y116.419 E6.03245
G1 X124.361 Y116.983 E.02243
G1 X231.639 Y9.704 E6.03248
G1 X231.639 Y10.268 E.02243
G1 X124.361 Y117.546 E6.03245
G1 X124.361 Y118.11 E.02243
G1 X231.639 Y10.831 E6.03248
G1 X231.639 Y11.395 E.02243
G1 X124.361 Y118.674 E6.03248
G1 X124.361 Y119.237 E.02239
G1 X231.639 Y11.959 E6.03245
G1 X231.639 Y12.522 E.02239
G1 X124.361 Y119.801 E6.03248
G1 X124.361 Y120.364 E.02239
G1 X231.639 Y13.086 E6.03245
G1 X231.639 Y13.649 E.02239
G1 X124.361 Y120.928 E6.03248
G1 X124.361 Y121.491 E.02239
G1 X231.639 Y14.213 E6.03245
G1 X231.639 Y14.776 E.02239
M73 P59 R27
G1 X124.361 Y122.055 E6.03248
G1 X124.361 Y122.618 E.02239
G1 X231.639 Y15.34 E6.03245
G1 X231.639 Y15.903 E.02239
G1 X124.361 Y123.182 E6.03248
G1 X124.361 Y123.746 E.02243
G1 X231.639 Y16.467 E6.03248
G1 X231.639 Y17.031 E.02243
G1 X124.361 Y124.309 E6.03245
G1 X124.361 Y124.873 E.02243
G1 X231.639 Y17.594 E6.03248
G1 X231.639 Y18.158 E.02243
G1 X124.361 Y125.436 E6.03245
G1 X124.361 Y126 E.02243
G1 X231.639 Y18.721 E6.03248
G1 X231.639 Y19.285 E.02243
G1 X124.361 Y126.563 E6.03245
G1 X124.361 Y127.127 E.02243
G1 X231.639 Y19.848 E6.03248
G1 X231.639 Y20.412 E.02243
G1 X124.361 Y127.691 E6.03248
G1 X124.361 Y128.254 E.02239
G1 X231.639 Y20.975 E6.03248
G1 X231.639 Y21.539 E.02243
G1 X124.361 Y128.818 E6.03248
G1 X124.361 Y129.381 E.02239
G1 X231.639 Y22.103 E6.03245
G1 X231.639 Y22.666 E.02239
G1 X124.361 Y129.945 E6.03248
G1 X124.361 Y130.508 E.02239
M73 Q59 S27
G1 X231.639 Y23.23 E6.03245
G1 X231.639 Y23.793 E.02239
G1 X124.361 Y131.072 E6.03248
G1 X124.361 Y131.635 E.02239
G1 X231.639 Y24.357 E6.03245
G1 X231.639 Y24.92 E.02239
G1 X124.361 Y132.199 E6.03248
G1 X124.361 Y132.763 E.02243
G1 X231.639 Y25.484 E6.03248
G1 X231.639 Y26.048 E.02243
M73 P59 R26
G1 X124.361 Y133.326 E6.03245
G1 X124.361 Y133.89 E.02243
G1 X231.639 Y26.611 E6.03248
G1 X231.639 Y27.175 E.02243
G1 X124.361 Y134.453 E6.03245
G1 X124.361 Y135.017 E.02243
M73 Q60 S27
G1 X231.639 Y27.738 E6.03248
G1 X231.639 Y28.302 E.02243
G1 X124.361 Y135.58 E6.03245
G1 X124.361 Y136.144 E.02243
G1 X231.639 Y28.865 E6.03248
G1 X231.639 Y29.429 E.02243
G1 X124.361 Y136.707 E6.03245
G1 X124.361 Y137.271 E.02243
G1 X231.639 Y29.992 E6.03248
G1 X231.639 Y30.556 E.02243
G1 X124.361 Y137.835 E6.03248
G1 X124.361 Y138.398 E.02239
G1 X231.639 Y31.12 E6.03245
G1 X231.639 Y31.683 E.02239
G1 X124.361 Y138.962 E6.03248
G1 X124.361 Y139.525 E.02239
G1 X231.639 Y32.247 E6.03245
G1 X231.639 Y32.81 E.02239
G1 X124.361 Y140.089 E6.03248
G1 X124.361 Y140.652 E.02239
G1 X231.639 Y33.374 E6.03245
G1 X231.639 Y33.937 E.02239
G1 X124.361 Y141.216 E6.03248
G1 X124.361 Y141.779 E.02239
M73 P60 R26
G1 X231.639 Y34.501 E6.03245
G1 X231.639 Y35.064 E.02239
G1 X124.361 Y142.343 E6.03248
G1 X124.361 Y142.907 E.02243
G1 X231.639 Y35.628 E6.03248
G1 X231.639 Y36.192 E.02243
G1 X124.361 Y143.47 E6.03245
G1 X124.361 Y144.034 E.02243
G1 X231.639 Y36.755 E6.03248
G1 X231.639 Y37.319 E.02243
G1 X124.361 Y144.597 E6.03245
G1 X124.361 Y145.161 E.02243
G1 X231.639 Y37.882 E6.03248
G1 X231.639 Y38.446 E.02243
G1 X124.361 Y145.724 E6.03245
G1 X124.361 Y146.288 E.02243
G1 X231.639 Y39.009 E6.03248
G1 X231.639 Y39.573 E.02243
G1 X124.361 Y146.851 E6.03245
G1 X124.361 Y147.415 E.02243
G1 X231.639 Y40.136 E6.03248
G1 X231.639 Y40.7 E.02243
G1 X124.361 Y147.979 E6.03248
G1 X124.361 Y148.542 E.02239
G1 X231.639 Y41.264 E6.03245
G1 X231.639 Y41.827 E.02239
G1 X124.361 Y149.106 E6.03248
G1 X124.361 Y149.669 E.02239
G1 X231.639 Y42.391 E6.03245
G1 X231.639 Y42.954 E.02239
G1 X124.361 Y150.233 E6.03248
G1 X124.361 Y150.796 E.02239
G1 X231.639 Y43.518 E6.03245
G1 X231.639 Y44.081 E.02239
G1 X124.361 Y151.36 E6.03248
G1 X124.361 Y151.923 E.02239
G1 X231.639 Y44.645 E6.03245
G1 X231.639 Y45.208 E.02239
G1 X124.361 Y152.487 E6.03248
G1 X124.372 Y153.039 E.02195
G1 X231.639 Y45.772 E6.03183
G1 X231.639 Y46.336 E.02243
G1 X124.936 Y153.039 E6.00012
G1 X125.499 Y153.039 E.02239
G1 X231.639 Y46.899 E5.96846
G1 X231.639 Y47.463 E.02243
G1 X126.063 Y153.039 E5.93674
G1 X126.626 Y153.039 E.02239
M73 Q61 S27
G1 X231.639 Y48.026 E5.90509
G1 X231.639 Y48.59 E.02243
G1 X127.19 Y153.039 E5.87337
G1 X127.753 Y153.039 E.02239
G1 X231.639 Y49.153 E5.84171
G1 X231.639 Y49.717 E.02243
G1 X128.317 Y153.039 E5.81
G1 X128.88 Y153.039 E.02239
G1 X231.639 Y50.28 E5.77834
G1 X231.639 Y50.844 E.02243
G1 X129.444 Y153.039 E5.74662
G1 X130.008 Y153.039 E.02243
G1 X231.639 Y51.408 E5.71491
G1 X231.639 Y51.971 E.02239
G1 X130.571 Y153.039 E5.68325
G1 X131.135 Y153.039 E.02243
M73 Q61 S26
G1 X231.639 Y52.535 E5.65154
G1 X231.639 Y53.098 E.02239
G1 X131.698 Y153.039 E5.61988
G1 X132.262 Y153.039 E.02243
G1 X231.639 Y53.662 E5.58816
G1 X231.639 Y54.225 E.02239
G1 X132.825 Y153.039 E5.5565
G1 X133.389 Y153.039 E.02243
G1 X231.639 Y54.789 E5.52479
G1 X231.639 Y55.352 E.02239
M73 P61 R26
G1 X133.952 Y153.039 E5.49313
G1 X134.516 Y153.039 E.02243
G1 X231.639 Y55.916 E5.46142
G1 X231.639 Y56.48 E.02243
G1 X135.08 Y153.039 E5.4297
G1 X135.643 Y153.039 E.02239
M73 P61 R25
G1 X231.639 Y57.043 E5.39804
G1 X231.639 Y57.607 E.02243
G1 X136.207 Y153.039 E5.36633
G1 X136.77 Y153.039 E.02239
G1 X231.639 Y58.17 E5.33467
G1 X231.639 Y58.734 E.02243
G1 X137.334 Y153.039 E5.30295
G1 X137.897 Y153.039 E.02239
G1 X231.639 Y59.297 E5.2713
G1 X231.639 Y59.861 E.02243
G1 X138.461 Y153.039 E5.23958
G1 X139.024 Y153.039 E.02239
G1 X231.639 Y60.424 E5.20792
G1 X231.639 Y60.988 E.02243
G1 X139.588 Y153.039 E5.17621
G1 X140.152 Y153.039 E.02243
G1 X231.639 Y61.552 E5.14449
G1 X231.639 Y62.115 E.02239
G1 X140.715 Y153.039 E5.11283
G1 X141.279 Y153.039 E.02243
G1 X231.639 Y62.679 E5.08112
G1 X231.639 Y63.242 E.02239
G1 X141.842 Y153.039 E5.04946
G1 X142.406 Y153.039 E.02243
G1 X231.639 Y63.806 E5.01775
G1 X231.639 Y64.369 E.02239
G1 X142.969 Y153.039 E4.98609
G1 X143.533 Y153.039 E.02243
G1 X231.639 Y64.933 E4.95437
G1 X231.639 Y65.496 E.02239
G1 X144.096 Y153.039 E4.92271
G1 X144.66 Y153.039 E.02243
G1 X231.639 Y66.06 E4.891
G1 X231.639 Y66.624 E.02243
G1 X145.224 Y153.039 E4.85928
G1 X145.787 Y153.039 E.02239
G1 X231.639 Y67.187 E4.82763
G1 X231.639 Y67.751 E.02243
G1 X146.351 Y153.039 E4.79591
G1 X146.914 Y153.039 E.02239
G1 X231.639 Y68.314 E4.76425
G1 X231.639 Y68.878 E.02243
G1 X147.478 Y153.039 E4.73254
G1 X148.041 Y153.039 E.02239
G1 X231.639 Y69.441 E4.70088
G1 X231.639 Y70.005 E.02243
G1 X148.605 Y153.039 E4.66916
G1 X149.168 Y153.039 E.02239
G1 X231.639 Y70.569 E4.63748
G1 X231.639 Y71.132 E.02239
M73 Q62 S26
G1 X149.732 Y153.039 E4.60579
G1 X150.296 Y153.039 E.02243
G1 X231.639 Y71.696 E4.57408
G1 X231.639 Y72.259 E.02239
G1 X150.859 Y153.039 E4.54242
G1 X151.423 Y153.039 E.02243
G1 X231.639 Y72.823 E4.5107
G1 X231.639 Y73.386 E.02239
G1 X151.986 Y153.039 E4.47904
G1 X152.55 Y153.039 E.02243
G1 X231.639 Y73.95 E4.44733
G1 X231.639 Y74.513 E.02239
G1 X153.113 Y153.039 E4.41567
G1 X153.677 Y153.039 E.02243
G1 X231.639 Y75.077 E4.38396
G1 X231.639 Y75.641 E.02243
G1 X154.24 Y153.039 E4.35227
G1 X154.804 Y153.039 E.02243
G1 X231.639 Y76.204 E4.32058
G1 X231.639 Y76.768 E.02243
G1 X155.368 Y153.039 E4.28887
G1 X155.931 Y153.039 E.02239
G1 X231.639 Y77.331 E4.25721
G1 X231.639 Y77.895 E.02243
G1 X156.495 Y153.039 E4.22549
G1 X157.058 Y153.039 E.02239
G1 X231.639 Y78.458 E4.19383
G1 X231.639 Y79.022 E.02243
G1 X157.622 Y153.039 E4.16212
G1 X158.185 Y153.039 E.02239
G1 X231.639 Y79.585 E4.13046
G1 X231.639 Y80.149 E.02243
G1 X158.749 Y153.039 E4.09875
G1 X159.313 Y153.039 E.02243
M73 P62 R25
G1 X231.639 Y80.713 E4.06703
G1 X231.639 Y81.276 E.02239
G1 X159.876 Y153.039 E4.03537
G1 X160.44 Y153.039 E.02243
G1 X231.639 Y81.84 E4.00366
G1 X231.639 Y82.403 E.02239
G1 X161.003 Y153.039 E3.972
G1 X161.567 Y153.039 E.02243
G1 X231.639 Y82.967 E3.94029
G1 X231.639 Y83.53 E.02239
G1 X162.13 Y153.039 E3.90863
G1 X162.694 Y153.039 E.02243
G1 X231.639 Y84.094 E3.87691
G1 X231.639 Y84.657 E.02239
G1 X163.257 Y153.039 E3.84525
G1 X163.821 Y153.039 E.02243
G1 X231.639 Y85.221 E3.81354
G1 X231.639 Y85.785 E.02243
G1 X164.385 Y153.039 E3.78182
G1 X164.948 Y153.039 E.02239
G1 X231.639 Y86.348 E3.75016
G1 X231.639 Y86.912 E.02243
G1 X165.512 Y153.039 E3.71845
G1 X166.075 Y153.039 E.02239
G1 X231.639 Y87.475 E3.68679
G1 X231.639 Y88.039 E.02243
G1 X166.639 Y153.039 E3.65508
G1 X167.202 Y153.039 E.02239
G1 X231.639 Y88.602 E3.62342
G1 X231.639 Y89.166 E.02243
G1 X167.766 Y153.039 E3.5917
G1 X168.329 Y153.039 E.02239
G1 X231.639 Y89.729 E3.56004
G1 X231.639 Y90.293 E.02243
M73 Q62 S25
G1 X168.893 Y153.039 E3.52833
G1 X169.457 Y153.039 E.02243
G1 X231.639 Y90.857 E3.49661
G1 X231.639 Y91.42 E.02239
G1 X170.02 Y153.039 E3.46496
G1 X170.584 Y153.039 E.02243
G1 X231.639 Y91.984 E3.43324
G1 X231.639 Y92.547 E.02239
G1 X171.147 Y153.039 E3.40158
G1 X171.711 Y153.039 E.02243
G1 X231.639 Y93.111 E3.36987
G1 X231.639 Y93.674 E.02239
G1 X172.274 Y153.039 E3.33821
G1 X172.838 Y153.039 E.02243
G1 X231.639 Y94.238 E3.30649
G1 X231.639 Y94.801 E.02239
G1 X173.401 Y153.039 E3.27484
G1 X173.965 Y153.039 E.02243
G1 X231.639 Y95.365 E3.24312
G1 X231.639 Y95.929 E.02243
G1 X174.529 Y153.039 E3.21141
G1 X175.092 Y153.039 E.02239
G1 X231.639 Y96.492 E3.17975
G1 X231.639 Y97.056 E.02243
G1 X175.656 Y153.039 E3.14803
G1 X176.219 Y153.039 E.02239
G1 X231.639 Y97.619 E3.11637
G1 X231.639 Y98.183 E.02243
G1 X176.783 Y153.039 E3.08466
G1 X177.346 Y153.039 E.02239
G1 X231.639 Y98.746 E3.053
G1 X231.639 Y99.31 E.02243
G1 X177.91 Y153.039 E3.02129
G1 X178.473 Y153.039 E.02239
M73 P62 R24
G1 X231.639 Y99.873 E2.98963
G1 X231.639 Y100.437 E.02243
G1 X179.037 Y153.039 E2.95791
G1 X179.601 Y153.039 E.02243
G1 X231.639 Y101.001 E2.9262
G1 X231.639 Y101.564 E.02239
G1 X180.164 Y153.039 E2.89454
G1 X180.728 Y153.039 E.02243
G1 X231.639 Y102.128 E2.86282
G1 X231.639 Y102.691 E.02239
M73 Q63 S25
G1 X181.291 Y153.039 E2.83117
G1 X181.855 Y153.039 E.02243
G1 X231.639 Y103.255 E2.79945
G1 X231.639 Y103.818 E.02239
G1 X182.418 Y153.039 E2.76779
G1 X182.982 Y153.039 E.02243
G1 X231.639 Y104.382 E2.73608
G1 X231.639 Y104.945 E.02239
G1 X183.545 Y153.039 E2.70442
G1 X184.109 Y153.039 E.02243
G1 X231.639 Y105.509 E2.6727
G1 X231.639 Y106.073 E.02243
G1 X184.673 Y153.039 E2.64099
G1 X185.236 Y153.039 E.02239
G1 X231.639 Y106.636 E2.60933
G1 X231.639 Y107.2 E.02243
G1 X185.8 Y153.039 E2.57762
G1 X186.363 Y153.039 E.02239
G1 X231.639 Y107.763 E2.54596
G1 X231.639 Y108.327 E.02243
G1 X186.927 Y153.039 E2.51424
G1 X187.49 Y153.039 E.02239
G1 X231.639 Y108.89 E2.48258
G1 X231.639 Y109.454 E.02243
G1 X188.054 Y153.039 E2.45087
G1 X188.617 Y153.039 E.02239
G1 X231.639 Y110.017 E2.41921
G1 X231.639 Y110.581 E.02243
G1 X189.181 Y153.039 E2.3875
G1 X189.745 Y153.039 E.02243
G1 X231.639 Y111.145 E2.35578
G1 X231.639 Y111.708 E.02239
G1 X190.308 Y153.039 E2.32412
G1 X190.872 Y153.039 E.02243
G1 X231.639 Y112.272 E2.29241
G1 X231.639 Y112.835 E.02239
G1 X191.435 Y153.039 E2.26075
G1 X191.999 Y153.039 E.02243
G1 X231.639 Y113.399 E2.22903
G1 X231.639 Y113.962 E.02239
G1 X192.562 Y153.039 E2.19738
G1 X193.126 Y153.039 E.02243
G1 X231.639 Y114.526 E2.16566
G1 X231.639 Y115.09 E.02243
G1 X193.689 Y153.039 E2.13397
G1 X194.253 Y153.039 E.02243
G1 X231.639 Y115.653 E2.10229
G1 X231.639 Y116.217 E.02243
G1 X194.817 Y153.039 E2.07057
G1 X195.38 Y153.039 E.02239
G1 X231.639 Y116.78 E2.03891
G1 X231.639 Y117.344 E.02243
G1 X195.944 Y153.039 E2.0072
G1 X196.507 Y153.039 E.02239
G1 X231.639 Y117.907 E1.97554
G1 X231.639 Y118.471 E.02243
G1 X197.071 Y153.039 E1.94383
G1 X197.634 Y153.039 E.02239
G1 X231.639 Y119.034 E1.91217
G1 X231.639 Y119.598 E.02243
G1 X198.198 Y153.039 E1.88045
G1 X198.762 Y153.039 E.02243
M73 P63 R24
G1 X231.639 Y120.162 E1.84874
G1 X231.639 Y120.725 E.02239
G1 X199.325 Y153.039 E1.81708
G1 X199.889 Y153.039 E.02243
G1 X231.639 Y121.289 E1.78536
G1 X231.639 Y121.852 E.02239
G1 X200.452 Y153.039 E1.75371
G1 X201.016 Y153.039 E.02243
G1 X231.639 Y122.416 E1.72199
G1 X231.639 Y122.979 E.02239
G1 X201.579 Y153.039 E1.69033
G1 X202.143 Y153.039 E.02243
G1 X231.639 Y123.543 E1.65862
G1 X231.639 Y124.106 E.02239
G1 X202.706 Y153.039 E1.62696
G1 X203.27 Y153.039 E.02243
G1 X231.639 Y124.67 E1.59524
G1 X231.639 Y125.234 E.02243
G1 X203.834 Y153.039 E1.56353
G1 X204.397 Y153.039 E.02239
G1 X231.639 Y125.797 E1.53187
G1 X231.639 Y126.361 E.02243
G1 X204.961 Y153.039 E1.50016
G1 X205.524 Y153.039 E.02239
G1 X231.639 Y126.924 E1.4685
G1 X231.639 Y127.488 E.02243
G1 X206.088 Y153.039 E1.43678
G1 X206.651 Y153.039 E.02239
G1 X231.639 Y128.051 E1.40512
G1 X231.639 Y128.615 E.02243
G1 X207.215 Y153.039 E1.37341
G1 X207.778 Y153.039 E.02239
G1 X231.639 Y129.178 E1.34175
G1 X231.639 Y129.742 E.02243
G1 X208.342 Y153.039 E1.31004
G1 X208.906 Y153.039 E.02243
G1 X231.639 Y130.306 E1.27832
G1 X231.639 Y130.869 E.02239
G1 X209.469 Y153.039 E1.24666
G1 X210.033 Y153.039 E.02243
G1 X231.639 Y131.433 E1.21495
G1 X231.639 Y131.996 E.02239
G1 X210.596 Y153.039 E1.18329
G1 X211.16 Y153.039 E.02243
G1 X231.639 Y132.56 E1.15157
G1 X231.639 Y133.123 E.02239
G1 X211.723 Y153.039 E1.11992
G1 X212.287 Y153.039 E.02243
G1 X231.639 Y133.687 E1.0882
G1 X231.639 Y134.25 E.02239
G1 X212.85 Y153.039 E1.05654
G1 X213.414 Y153.039 E.02243
G1 X231.639 Y134.814 E1.02483
G1 X231.639 Y135.378 E.02243
G1 X213.978 Y153.039 E.99311
G1 X214.541 Y153.039 E.02239
G1 X231.639 Y135.941 E.96145
G1 X231.639 Y136.505 E.02243
G1 X215.105 Y153.039 E.92974
G1 X215.668 Y153.039 E.02239
G1 X231.639 Y137.068 E.89808
G1 X231.639 Y137.632 E.02243
G1 X216.232 Y153.039 E.86637
G1 X216.795 Y153.039 E.02239
G1 X231.639 Y138.195 E.83471
G1 X231.639 Y138.759 E.02243
G1 X217.359 Y153.039 E.80299
G1 X217.922 Y153.039 E.02239
G1 X231.639 Y139.322 E.77133
G1 X231.639 Y139.886 E.02243
G1 X218.486 Y153.039 E.73962
G1 X219.05 Y153.039 E.02243
G1 X231.639 Y140.45 E.7079
G1 X231.639 Y141.013 E.02239
G1 X219.613 Y153.039 E.67625
G1 X220.177 Y153.039 E.02243
G1 X231.639 Y141.577 E.64453
G1 X231.639 Y142.14 E.02239
G1 X220.74 Y153.039 E.61287
G1 X221.304 Y153.039 E.02243
G1 X231.639 Y142.704 E.58116
G1 X231.639 Y143.267 E.02239
G1 X221.867 Y153.039 E.5495
G1 X222.431 Y153.039 E.02243
G1 X231.639 Y143.831 E.51778
G1 X231.639 Y144.394 E.02239
G1 X222.994 Y153.039 E.48613
G1 X223.558 Y153.039 E.02243
G1 X231.639 Y144.958 E.45441
G1 X231.639 Y145.522 E.02243
G1 X224.122 Y153.039 E.4227
G1 X224.685 Y153.039 E.02239
G1 X231.639 Y146.085 E.39104
G1 X231.639 Y146.649 E.02243
G1 X225.249 Y153.039 E.35932
G1 X225.812 Y153.039 E.02239
G1 X231.639 Y147.212 E.32766
G1 X231.639 Y147.776 E.02243
G1 X226.376 Y153.039 E.29595
G1 X226.939 Y153.039 E.02239
G1 X231.639 Y148.339 E.26429
G1 X231.639 Y148.903 E.02243
G1 X227.503 Y153.039 E.23258
G1 X228.066 Y153.039 E.02239
G1 X231.639 Y149.466 E.20092
G1 X231.639 Y150.03 E.02243
G1 X228.63 Y153.039 E.1692
G1 X229.194 Y153.039 E.02243
G1 X231.639 Y150.594 E.13749
G1 X231.639 Y151.157 E.02239
G1 X229.757 Y153.039 E.10583
G1 E-.16 F2700
;WIPE_START
G1 F16800
G1 X231.639 Y151.157 E-.40636
G1 X231.639 Y150.594 E-.08596
G1 X230.955 Y151.278 E-.14768
;WIPE_END
G1 X231.498 Y151.862 Z.934 F21000
G1 Z.92 F720
G1 E.8 F1500
G1 F8400
G1 X230.321 Y153.039 E.06619
G1 X231.639 Y153.039 E.05241
G1 X231.639 Y151.721 E.05241
G1 E-.16 F2700
;WIPE_START
G1 F16800
G1 X231.639 Y153.039 E-.20123
G1 X230.321 Y153.039 E-.20123
G1 X231.422 Y151.939 E-.23754
;WIPE_END
G1 X202.396 Y152.295 Z1.427 F21000
G1 X200.258 Y152.321 Z1.46
G1 X198.12 Y152.347 Z1.486
G1 X195.982 Y152.373 Z1.505
G1 X191.705 Y152.426 Z1.52
G1 X113.978 Y153.378
G1 Z.92 F720
G1 E.8 F1500
;TYPE:Perimeter
G1 F4200
G1 X6.022 Y153.378 E4.29255
G1 X6.022 Y6.022 E5.85917
G1 X113.978 Y6.022 E4.29255
G1 X113.978 Y153.318 E5.85678
G1 X114.377 Y153.777 F21000
G1 F4200
G1 X5.623 Y153.777 E4.32428
G1 X5.623 Y5.623 E5.8909
G1 X114.377 Y5.623 E4.32428
M73 Q64 S25
G1 X114.377 Y153.717 E5.88851
M204 T250
G1 X114.775 Y154.175 F21000
M73 Q64 S24
M204 T7000
;TYPE:External perimeter
G1 F2999.998
G1 X5.225 Y154.175 E4.35593
G1 X5.225 Y5.225 E5.92255
G1 X114.775 Y5.225 E4.35593
G1 X114.775 Y154.115 E5.92016
G1 E-.16 F2700
;WIPE_START
G1 F16800
G1 X114.775 Y154.175 E-.00916
G1 X110.643 Y154.175 E-.63084
;WIPE_END
G1 X93.918 Y130.449 Z1.427 F21000
G1 X92.686 Y128.701 Z1.46
G1 X91.454 Y126.954 Z1.486
G1 X90.222 Y125.206 Z1.505
G1 X87.758 Y121.711 Z1.52
G1 X6.469 Y6.393
G1 Z.92 F720
G1 E.8 F1500
;TYPE:Solid infill
;WIDTH:0.546684
G1 F7573.004
G1 X6.425 Y6.349 E.00307
G1 X6.365 Y6.365 E.00307
G1 X6.349 Y6.425 E.00307
G1 X6.393 Y6.469 E.00307
G1 X6.453 Y6.453 E.00307
;WIDTH:0.449999
G1 F8400
G1 X6.361 Y7.089 E.02555
G1 X7.089 Y6.361 E.04094
G1 X7.653 Y6.361 E.02243
G1 X6.361 Y7.653 E.07265
G1 X6.361 Y8.216 E.02239
G1 X8.216 Y6.361 E.10431
G1 X8.78 Y6.361 E.02243
G1 X6.361 Y8.78 E.13603
G1 X6.361 Y9.344 E.02243
G1 X9.344 Y6.361 E.16774
G1 X9.907 Y6.361 E.02239
G1 X6.361 Y9.907 E.1994
G1 X6.361 Y10.471 E.02243
G1 X10.471 Y6.361 E.23111
G1 X11.034 Y6.361 E.02239
G1 X6.361 Y11.034 E.26277
G1 X6.361 Y11.598 E.02243
G1 X11.598 Y6.361 E.29449
G1 X12.161 Y6.361 E.02239
G1 X6.361 Y12.161 E.32615
G1 X6.361 Y12.725 E.02243
G1 X12.725 Y6.361 E.35786
G1 X13.288 Y6.361 E.02239
G1 X6.361 Y13.288 E.38952
G1 X6.361 Y13.852 E.02243
G1 X13.852 Y6.361 E.42123
G1 X14.416 Y6.361 E.02243
G1 X6.361 Y14.416 E.45295
G1 X6.361 Y14.979 E.02239
G1 X14.979 Y6.361 E.48461
G1 X15.543 Y6.361 E.02243
G1 X6.361 Y15.543 E.51632
G1 X6.361 Y16.106 E.02239
G1 X16.106 Y6.361 E.54798
G1 X16.67 Y6.361 E.02243
G1 X6.361 Y16.67 E.5797
G1 X6.361 Y17.233 E.02239
G1 X17.233 Y6.361 E.61135
G1 X17.797 Y6.361 E.02243
G1 X6.361 Y17.797 E.64307
M73 P64 R24
G1 X6.361 Y18.36 E.02239
G1 X18.36 Y6.361 E.67473
G1 X18.924 Y6.361 E.02243
G1 X6.361 Y18.924 E.70644
G1 X6.361 Y19.488 E.02243
G1 X19.488 Y6.361 E.73816
G1 X20.051 Y6.361 E.02239
G1 X6.361 Y20.051 E.76982
G1 X6.361 Y20.615 E.02243
G1 X20.615 Y6.361 E.80153
G1 X21.178 Y6.361 E.02239
G1 X6.361 Y21.178 E.83319
G1 X6.361 Y21.742 E.02243
G1 X21.742 Y6.361 E.8649
G1 X22.305 Y6.361 E.02239
G1 X6.361 Y22.305 E.89656
G1 X6.361 Y22.869 E.02243
G1 X22.869 Y6.361 E.92828
G1 X23.432 Y6.361 E.02239
G1 X6.361 Y23.432 E.95994
G1 X6.361 Y23.996 E.02243
G1 X23.996 Y6.361 E.99165
G1 X24.56 Y6.361 E.02243
G1 X6.361 Y24.56 E1.02337
G1 X6.361 Y25.123 E.02239
G1 X25.123 Y6.361 E1.05502
G1 X25.687 Y6.361 E.02243
G1 X6.361 Y25.687 E1.08674
G1 X6.361 Y26.25 E.02239
M73 P64 R23
G1 X26.25 Y6.361 E1.1184
G1 X26.814 Y6.361 E.02243
G1 X6.361 Y26.814 E1.15011
G1 X6.361 Y27.377 E.02239
G1 X27.377 Y6.361 E1.18177
G1 X27.941 Y6.361 E.02243
G1 X6.361 Y27.941 E1.21349
G1 X6.361 Y28.504 E.02239
G1 X28.504 Y6.361 E1.24514
G1 X29.068 Y6.361 E.02243
G1 X6.361 Y29.068 E1.27686
G1 X6.361 Y29.632 E.02243
G1 X29.632 Y6.361 E1.30857
G1 X30.195 Y6.361 E.02239
G1 X6.361 Y30.195 E1.34023
G1 X6.361 Y30.759 E.02243
G1 X30.759 Y6.361 E1.37195
G1 X31.322 Y6.361 E.02239
G1 X6.361 Y31.322 E1.40361
G1 X6.361 Y31.886 E.02243
G1 X31.886 Y6.361 E1.43532
G1 X32.449 Y6.361 E.02239
G1 X6.361 Y32.449 E1.46698
G1 X6.361 Y33.013 E.02243
G1 X33.013 Y6.361 E1.49869
G1 X33.577 Y6.361 E.02243
G1 X6.361 Y33.576 E1.53038
G1 X6.361 Y34.14 E.02243
G1 X34.14 Y6.361 E1.56207
G1 X34.704 Y6.361 E.02243
G1 X6.361 Y34.704 E1.59378
G1 X6.361 Y35.267 E.02239
G1 X35.267 Y6.361 E1.62544
G1 X35.831 Y6.361 E.02243
G1 X6.361 Y35.831 E1.65716
G1 X6.361 Y36.394 E.02239
G1 X36.394 Y6.361 E1.68881
G1 X36.958 Y6.361 E.02243
G1 X6.361 Y36.958 E1.72053
G1 X6.361 Y37.521 E.02239
G1 X37.521 Y6.361 E1.75219
G1 X38.085 Y6.361 E.02243
G1 X6.361 Y38.085 E1.7839
G1 X6.361 Y38.649 E.02243
G1 X38.649 Y6.361 E1.81562
G1 X39.212 Y6.361 E.02239
G1 X6.361 Y39.212 E1.84728
G1 X6.361 Y39.776 E.02243
G1 X39.776 Y6.361 E1.87899
G1 X40.339 Y6.361 E.02239
G1 X6.361 Y40.339 E1.91065
G1 X6.361 Y40.903 E.02243
G1 X40.903 Y6.361 E1.94236
G1 X41.466 Y6.361 E.02239
G1 X6.361 Y41.466 E1.97402
G1 X6.361 Y42.03 E.02243
G1 X42.03 Y6.361 E2.00574
G1 X42.593 Y6.361 E.02239
G1 X6.361 Y42.593 E2.0374
G1 X6.361 Y43.157 E.02243
G1 X43.157 Y6.361 E2.06911
G1 X43.721 Y6.361 E.02243
G1 X6.361 Y43.721 E2.10083
G1 X6.361 Y44.284 E.02239
G1 X44.284 Y6.361 E2.13248
G1 X44.848 Y6.361 E.02243
G1 X6.361 Y44.848 E2.1642
G1 X6.361 Y45.411 E.02239
G1 X45.411 Y6.361 E2.19586
G1 X45.975 Y6.361 E.02243
G1 X6.361 Y45.975 E2.22757
G1 X6.361 Y46.538 E.02239
G1 X46.538 Y6.361 E2.25923
G1 X47.102 Y6.361 E.02243
G1 X6.361 Y47.102 E2.29095
G1 X6.361 Y47.665 E.02239
G1 X47.665 Y6.361 E2.3226
G1 X48.229 Y6.361 E.02243
G1 X6.361 Y48.229 E2.35432
G1 X6.361 Y48.793 E.02243
G1 X48.793 Y6.361 E2.38603
G1 X49.356 Y6.361 E.02239
G1 X6.361 Y49.356 E2.41769
G1 X6.361 Y49.92 E.02243
G1 X49.92 Y6.361 E2.44941
G1 X50.483 Y6.361 E.02239
G1 X6.361 Y50.483 E2.48107
G1 X6.361 Y51.047 E.02243
G1 X51.047 Y6.361 E2.51278
G1 X51.61 Y6.361 E.02239
G1 X6.361 Y51.61 E2.54444
G1 X6.361 Y52.174 E.02243
G1 X52.174 Y6.361 E2.57615
G1 X52.737 Y6.361 E.02239
G1 X6.361 Y52.737 E2.60781
G1 X6.361 Y53.301 E.02243
G1 X53.301 Y6.361 E2.63953
G1 X53.865 Y6.361 E.02243
G1 X6.361 Y53.865 E2.67124
G1 X6.361 Y54.428 E.02239
M73 Q65 S24
G1 X54.428 Y6.361 E2.7029
G1 X54.992 Y6.361 E.02243
G1 X6.361 Y54.992 E2.73462
G1 X6.361 Y55.555 E.02239
G1 X55.555 Y6.361 E2.76627
G1 X56.119 Y6.361 E.02243
G1 X6.361 Y56.119 E2.79799
G1 X6.361 Y56.682 E.02239
G1 X56.682 Y6.361 E2.82965
G1 X57.246 Y6.361 E.02243
G1 X6.361 Y57.246 E2.86136
G1 X6.361 Y57.809 E.02239
G1 X57.809 Y6.361 E2.89302
G1 X58.373 Y6.361 E.02243
G1 X6.361 Y58.373 E2.92474
G1 X6.361 Y58.937 E.02243
G1 X58.937 Y6.361 E2.95645
G1 X59.5 Y6.361 E.02239
G1 X6.361 Y59.5 E2.98811
G1 X6.361 Y60.064 E.02243
G1 X60.064 Y6.361 E3.01982
G1 X60.627 Y6.361 E.02239
G1 X6.361 Y60.627 E3.05148
G1 X6.361 Y61.191 E.02243
G1 X61.191 Y6.361 E3.0832
G1 X61.754 Y6.361 E.02239
G1 X6.361 Y61.754 E3.11486
G1 X6.361 Y62.318 E.02243
G1 X62.318 Y6.361 E3.14657
G1 X62.881 Y6.361 E.02239
G1 X6.361 Y62.881 E3.17823
G1 X6.361 Y63.445 E.02243
G1 X63.445 Y6.361 E3.20994
G1 X64.009 Y6.361 E.02243
G1 X6.361 Y64.009 E3.24166
G1 X6.361 Y64.572 E.02239
G1 X64.572 Y6.361 E3.27332
G1 X65.136 Y6.361 E.02243
G1 X6.361 Y65.136 E3.30503
G1 X6.361 Y65.699 E.02239
G1 X65.699 Y6.361 E3.33669
G1 X66.263 Y6.361 E.02243
G1 X6.361 Y66.263 E3.36841
G1 X6.361 Y66.826 E.02239
G1 X66.826 Y6.361 E3.40006
G1 X67.39 Y6.361 E.02243
G1 X6.361 Y67.39 E3.43178
G1 X6.361 Y67.953 E.02239
G1 X67.953 Y6.361 E3.46344
G1 X68.517 Y6.361 E.02243
G1 X6.361 Y68.517 E3.49515
G1 X6.361 Y69.081 E.02243
G1 X69.081 Y6.361 E3.52687
G1 X69.644 Y6.361 E.02239
G1 X6.361 Y69.644 E3.55853
G1 X6.361 Y70.208 E.02243
G1 X70.208 Y6.361 E3.59024
G1 X70.771 Y6.361 E.02239
G1 X6.361 Y70.771 E3.6219
G1 X6.361 Y71.335 E.02243
G1 X71.335 Y6.361 E3.65361
G1 X71.898 Y6.361 E.02239
M73 P65 R23
G1 X6.361 Y71.898 E3.68527
G1 X6.361 Y72.462 E.02243
G1 X72.462 Y6.361 E3.71699
G1 X73.026 Y6.361 E.02243
M73 Q65 S23
G1 X6.361 Y73.025 E3.74867
G1 X6.361 Y73.589 E.02243
G1 X73.589 Y6.361 E3.78036
G1 X74.153 Y6.361 E.02243
G1 X6.361 Y74.153 E3.81208
G1 X6.361 Y74.716 E.02239
G1 X74.716 Y6.361 E3.84373
G1 X75.28 Y6.361 E.02243
G1 X6.361 Y75.28 E3.87545
G1 X6.361 Y75.843 E.02239
G1 X75.843 Y6.361 E3.90711
G1 X76.407 Y6.361 E.02243
G1 X6.361 Y76.407 E3.93882
G1 X6.361 Y76.97 E.02239
G1 X76.97 Y6.361 E3.97048
G1 X77.534 Y6.361 E.02243
G1 X6.361 Y77.534 E4.0022
G1 X6.361 Y78.097 E.02239
G1 X78.098 Y6.361 E4.03388
G1 X78.661 Y6.361 E.02239
G1 X6.361 Y78.661 E4.06557
G1 X6.361 Y79.225 E.02243
G1 X79.225 Y6.361 E4.09728
G1 X79.788 Y6.361 E.02239
G1 X6.361 Y79.788 E4.12894
G1 X6.361 Y80.352 E.02243
G1 X80.352 Y6.361 E4.16066
G1 X80.915 Y6.361 E.02239
G1 X6.361 Y80.915 E4.19232
G1 X6.361 Y81.479 E.02243
G1 X81.479 Y6.361 E4.22403
G1 X82.042 Y6.361 E.02239
G1 X6.361 Y82.042 E4.25569
G1 X6.361 Y82.606 E.02243
G1 X82.606 Y6.361 E4.2874
G1 X83.17 Y6.361 E.02243
G1 X6.361 Y83.17 E4.31912
G1 X6.361 Y83.733 E.02239
G1 X83.733 Y6.361 E4.35078
G1 X84.297 Y6.361 E.02243
G1 X6.361 Y84.297 E4.38249
G1 X6.361 Y84.86 E.02239
G1 X84.86 Y6.361 E4.41415
G1 X85.424 Y6.361 E.02243
G1 X6.361 Y85.424 E4.44587
G1 X6.361 Y85.987 E.02239
G1 X85.987 Y6.361 E4.47753
G1 X86.551 Y6.361 E.02243
G1 X6.361 Y86.551 E4.50924
G1 X6.361 Y87.114 E.02239
M73 Q66 S23
G1 X87.114 Y6.361 E4.5409
G1 X87.678 Y6.361 E.02243
G1 X6.361 Y87.678 E4.57261
G1 X6.361 Y88.242 E.02243
G1 X88.242 Y6.361 E4.60433
G1 X88.805 Y6.361 E.02239
M73 P65 R22
G1 X6.361 Y88.805 E4.63599
G1 X6.361 Y89.369 E.02243
G1 X89.369 Y6.361 E4.6677
G1 X89.932 Y6.361 E.02239
G1 X6.361 Y89.932 E4.69936
G1 X6.361 Y90.496 E.02243
G1 X90.496 Y6.361 E4.73107
G1 X91.059 Y6.361 E.02239
G1 X6.361 Y91.059 E4.76273
G1 X6.361 Y91.623 E.02243
G1 X91.623 Y6.361 E4.79445
G1 X92.186 Y6.361 E.02239
G1 X6.361 Y92.186 E4.82611
G1 X6.361 Y92.75 E.02243
G1 X92.75 Y6.361 E4.85782
G1 X93.314 Y6.361 E.02243
G1 X6.361 Y93.314 E4.88954
G1 X6.361 Y93.877 E.02239
G1 X93.877 Y6.361 E4.9212
G1 X94.441 Y6.361 E.02243
G1 X6.361 Y94.441 E4.95291
G1 X6.361 Y95.004 E.02239
G1 X95.004 Y6.361 E4.98457
G1 X95.568 Y6.361 E.02243
G1 X6.361 Y95.568 E5.01628
G1 X6.361 Y96.131 E.02239
G1 X96.131 Y6.361 E5.04794
G1 X96.695 Y6.361 E.02243
G1 X6.361 Y96.695 E5.07966
G1 X6.361 Y97.258 E.02239
G1 X97.258 Y6.361 E5.11132
G1 X97.822 Y6.361 E.02243
G1 X6.361 Y97.822 E5.14303
G1 X6.361 Y98.386 E.02243
G1 X98.386 Y6.361 E5.17474
G1 X98.949 Y6.361 E.02239
G1 X6.361 Y98.949 E5.2064
G1 X6.361 Y99.513 E.02243
M73 P66 R22
G1 X99.513 Y6.361 E5.23812
G1 X100.076 Y6.361 E.02239
G1 X6.361 Y100.076 E5.26978
G1 X6.361 Y100.64 E.02243
G1 X100.64 Y6.361 E5.30149
G1 X101.203 Y6.361 E.02239
G1 X6.361 Y101.203 E5.33315
G1 X6.361 Y101.767 E.02243
G1 X101.767 Y6.361 E5.36487
G1 X102.33 Y6.361 E.02239
G1 X6.361 Y102.33 E5.39652
G1 X6.361 Y102.894 E.02243
G1 X102.894 Y6.361 E5.42824
G1 X103.458 Y6.361 E.02243
G1 X6.361 Y103.458 E5.45995
G1 X6.361 Y104.021 E.02239
G1 X104.021 Y6.361 E5.49161
G1 X104.585 Y6.361 E.02243
G1 X6.361 Y104.585 E5.52333
G1 X6.361 Y105.148 E.02239
G1 X105.148 Y6.361 E5.55499
G1 X105.712 Y6.361 E.02243
G1 X6.361 Y105.712 E5.5867
G1 X6.361 Y106.275 E.02239
G1 X106.275 Y6.361 E5.61836
G1 X106.839 Y6.361 E.02243
G1 X6.361 Y106.839 E5.65007
G1 X6.361 Y107.402 E.02239
G1 X107.402 Y6.361 E5.68173
G1 X107.966 Y6.361 E.02243
G1 X6.361 Y107.966 E5.71345
G1 X6.361 Y108.53 E.02243
G1 X108.53 Y6.361 E5.74516
G1 X109.093 Y6.361 E.02239
G1 X6.361 Y109.093 E5.77682
G1 X6.361 Y109.657 E.02243
M73 Q66 S22
G1 X109.657 Y6.361 E5.80854
G1 X110.22 Y6.361 E.02239
G1 X6.361 Y110.22 E5.84019
G1 X6.361 Y110.784 E.02243
M73 Q67 S22
G1 X110.784 Y6.361 E5.87191
G1 X111.347 Y6.361 E.02239
G1 X6.361 Y111.347 E5.90357
G1 X6.361 Y111.911 E.02243
G1 X111.911 Y6.361 E5.93528
G1 X112.475 Y6.361 E.02243
G1 X6.361 Y112.474 E5.96697
G1 X6.361 Y113.038 E.02243
G1 X113.038 Y6.361 E5.99866
G1 X113.602 Y6.361 E.02243
G1 X6.361 Y113.602 E6.03037
G1 X6.361 Y114.165 E.02239
G1 X113.639 Y6.887 E6.03245
G1 X113.639 Y7.45 E.02239
G1 X6.361 Y114.729 E6.03248
G1 X6.361 Y115.292 E.02239
G1 X113.639 Y8.014 E6.03245
G1 X113.639 Y8.577 E.02239
G1 X6.361 Y115.856 E6.03248
G1 X6.361 Y116.419 E.02239
G1 X113.639 Y9.141 E6.03245
G1 X113.639 Y9.704 E.02239
G1 X6.361 Y116.983 E6.03248
G1 X6.361 Y117.546 E.02239
G1 X113.639 Y10.268 E6.03245
G1 X113.639 Y10.831 E.02239
G1 X6.361 Y118.11 E6.03248
G1 X6.361 Y118.674 E.02243
G1 X113.639 Y11.395 E6.03248
G1 X113.639 Y11.959 E.02243
G1 X6.361 Y119.237 E6.03245
G1 X6.361 Y119.801 E.02243
G1 X113.639 Y12.522 E6.03248
G1 X113.639 Y13.086 E.02243
G1 X6.361 Y120.364 E6.03245
G1 X6.361 Y120.928 E.02243
M73 P67 R22
G1 X113.639 Y13.649 E6.03248
G1 X113.639 Y14.213 E.02243
G1 X6.361 Y121.491 E6.03245
G1 X6.361 Y122.055 E.02243
M73 P67 R21
G1 X113.639 Y14.776 E6.03248
G1 X113.639 Y15.34 E.02243
G1 X6.361 Y122.618 E6.03245
G1 X6.361 Y123.182 E.02243
G1 X113.639 Y15.903 E6.03248
G1 X113.639 Y16.467 E.02243
G1 X6.361 Y123.746 E6.03248
G1 X6.361 Y124.309 E.02239
G1 X113.639 Y17.031 E6.03245
G1 X113.639 Y17.594 E.02239
G1 X6.361 Y124.873 E6.03248
G1 X6.361 Y125.436 E.02239
G1 X113.639 Y18.158 E6.03245
G1 X113.639 Y18.721 E.02239
G1 X6.361 Y126 E6.03248
G1 X6.361 Y126.563 E.02239
G1 X113.639 Y19.285 E6.03245
G1 X113.639 Y19.848 E.02239
G1 X6.361 Y127.127 E6.03248
G1 X6.361 Y127.691 E.02243
G1 X113.639 Y20.412 E6.03248
G1 X113.639 Y20.975 E.02239
G1 X6.361 Y128.254 E6.03248
G1 X6.361 Y128.818 E.02243
G1 X113.639 Y21.539 E6.03248
G1 X113.639 Y22.103 E.02243
G1 X6.361 Y129.381 E6.03245
G1 X6.361 Y129.945 E.02243
G1 X113.639 Y22.666 E6.03248
G1 X113.639 Y23.23 E.02243
G1 X6.361 Y130.508 E6.03245
G1 X6.361 Y131.072 E.02243
M73 Q68 S22
G1 X113.639 Y23.793 E6.03248
G1 X113.639 Y24.357 E.02243
G1 X6.361 Y131.635 E6.03245
G1 X6.361 Y132.199 E.02243
G1 X113.639 Y24.92 E6.03248
G1 X113.639 Y25.484 E.02243
G1 X6.361 Y132.763 E6.03248
G1 X6.361 Y133.326 E.02239
G1 X113.639 Y26.048 E6.03245
G1 X113.639 Y26.611 E.02239
G1 X6.361 Y133.89 E6.03248
G1 X6.361 Y134.453 E.02239
G1 X113.639 Y27.175 E6.03245
G1 X113.639 Y27.738 E.02239
G1 X6.361 Y135.017 E6.03248
G1 X6.361 Y135.58 E.02239
G1 X113.639 Y28.302 E6.03245
G1 X113.639 Y28.865 E.02239
G1 X6.361 Y136.144 E6.03248
G1 X6.361 Y136.707 E.02239
G1 X113.639 Y29.429 E6.03245
G1 X113.639 Y29.992 E.02239
G1 X6.361 Y137.271 E6.03248
G1 X6.361 Y137.835 E.02243
G1 X113.639 Y30.556 E6.03248
G1 X113.639 Y31.12 E.02243
G1 X6.361 Y138.398 E6.03245
G1 X6.361 Y138.962 E.02243
M73 Q68 S21
G1 X113.639 Y31.683 E6.03248
G1 X113.639 Y32.247 E.02243
G1 X6.361 Y139.525 E6.03245
G1 X6.361 Y140.089 E.02243
G1 X113.639 Y32.81 E6.03248
G1 X113.639 Y33.374 E.02243
M73 P68 R21
G1 X6.361 Y140.652 E6.03245
G1 X6.361 Y141.216 E.02243
G1 X113.639 Y33.937 E6.03248
G1 X113.639 Y34.501 E.02243
G1 X6.361 Y141.779 E6.03245
G1 X6.361 Y142.343 E.02243
G1 X113.639 Y35.064 E6.03248
G1 X113.639 Y35.628 E.02243
G1 X6.361 Y142.907 E6.03248
G1 X6.361 Y143.47 E.02239
G1 X113.639 Y36.192 E6.03245
G1 X113.639 Y36.755 E.02239
G1 X6.361 Y144.034 E6.03248
G1 X6.361 Y144.597 E.02239
G1 X113.639 Y37.319 E6.03245
G1 X113.639 Y37.882 E.02239
G1 X6.361 Y145.161 E6.03248
G1 X6.361 Y145.724 E.02239
G1 X113.639 Y38.446 E6.03245
G1 X113.639 Y39.009 E.02239
G1 X6.361 Y146.288 E6.03248
G1 X6.361 Y146.851 E.02239
G1 X113.639 Y39.573 E6.03245
G1 X113.639 Y40.136 E.02239
G1 X6.361 Y147.415 E6.03248
G1 X6.361 Y147.979 E.02243
G1 X113.639 Y40.7 E6.03248
G1 X113.639 Y41.264 E.02243
G1 X6.361 Y148.542 E6.03245
G1 X6.361 Y149.106 E.02243
G1 X113.639 Y41.827 E6.03248
G1 X113.639 Y42.391 E.02243
G1 X6.361 Y149.669 E6.03245
G1 X6.361 Y150.233 E.02243
G1 X113.639 Y42.954 E6.03248
G1 X113.639 Y43.518 E.02243
G1 X6.361 Y150.796 E6.03245
G1 X6.361 Y151.36 E.02243
M73 Q69 S21
G1 X113.639 Y44.081 E6.03248
G1 X113.639 Y44.645 E.02243
G1 X6.361 Y151.923 E6.03245
G1 X6.361 Y152.487 E.02243
M73 P68 R20
G1 X113.639 Y45.208 E6.03248
G1 X113.639 Y45.772 E.02243
G1 X6.372 Y153.039 E6.03183
G1 X6.936 Y153.039 E.02243
G1 X113.639 Y46.336 E6.00012
G1 X113.639 Y46.899 E.02239
G1 X7.499 Y153.039 E5.96846
G1 X8.063 Y153.039 E.02243
G1 X113.639 Y47.463 E5.93674
G1 X113.639 Y48.026 E.02239
G1 X8.626 Y153.039 E5.90509
G1 X9.19 Y153.039 E.02243
G1 X113.639 Y48.59 E5.87337
G1 X113.639 Y49.153 E.02239
G1 X9.753 Y153.039 E5.84171
G1 X10.317 Y153.039 E.02243
G1 X113.639 Y49.717 E5.81
G1 X113.639 Y50.28 E.02239
G1 X10.88 Y153.039 E5.77834
G1 X11.444 Y153.039 E.02243
G1 X113.639 Y50.844 E5.74662
G1 X113.639 Y51.408 E.02243
G1 X12.008 Y153.039 E5.71491
G1 X12.571 Y153.039 E.02239
G1 X113.639 Y51.971 E5.68325
G1 X113.639 Y52.535 E.02243
G1 X13.135 Y153.039 E5.65154
G1 X13.698 Y153.039 E.02239
G1 X113.639 Y53.098 E5.61988
G1 X113.639 Y53.662 E.02243
G1 X14.262 Y153.039 E5.58816
G1 X14.825 Y153.039 E.02239
M73 P69 R20
G1 X113.639 Y54.225 E5.5565
G1 X113.639 Y54.789 E.02243
G1 X15.389 Y153.039 E5.52479
G1 X15.952 Y153.039 E.02239
G1 X113.639 Y55.352 E5.49313
G1 X113.639 Y55.916 E.02243
G1 X16.516 Y153.039 E5.46142
G1 X17.08 Y153.039 E.02243
G1 X113.639 Y56.48 E5.4297
G1 X113.639 Y57.043 E.02239
G1 X17.643 Y153.039 E5.39804
G1 X18.207 Y153.039 E.02243
G1 X113.639 Y57.607 E5.36633
G1 X113.639 Y58.17 E.02239
G1 X18.77 Y153.039 E5.33467
G1 X19.334 Y153.039 E.02243
G1 X113.639 Y58.734 E5.30295
G1 X113.639 Y59.297 E.02239
G1 X19.897 Y153.039 E5.2713
G1 X20.461 Y153.039 E.02243
G1 X113.639 Y59.861 E5.23958
G1 X113.639 Y60.424 E.02239
G1 X21.024 Y153.039 E5.20792
G1 X21.588 Y153.039 E.02243
G1 X113.639 Y60.988 E5.17621
G1 X113.639 Y61.552 E.02243
G1 X22.152 Y153.039 E5.14449
G1 X22.715 Y153.039 E.02239
M73 Q69 S20
G1 X113.639 Y62.115 E5.11283
G1 X113.639 Y62.679 E.02243
G1 X23.279 Y153.039 E5.08112
G1 X23.842 Y153.039 E.02239
G1 X113.639 Y63.242 E5.04946
G1 X113.639 Y63.806 E.02243
G1 X24.406 Y153.039 E5.01775
G1 X24.969 Y153.039 E.02239
G1 X113.639 Y64.369 E4.98609
G1 X113.639 Y64.933 E.02243
G1 X25.533 Y153.039 E4.95437
G1 X26.096 Y153.039 E.02239
G1 X113.639 Y65.496 E4.92271
G1 X113.639 Y66.06 E.02243
M73 Q70 S20
G1 X26.66 Y153.039 E4.891
G1 X27.224 Y153.039 E.02243
G1 X113.639 Y66.624 E4.85928
G1 X113.639 Y67.187 E.02239
G1 X27.787 Y153.039 E4.82763
G1 X28.351 Y153.039 E.02243
G1 X113.639 Y67.751 E4.79591
G1 X113.639 Y68.314 E.02239
G1 X28.914 Y153.039 E4.76425
G1 X29.478 Y153.039 E.02243
G1 X113.639 Y68.878 E4.73254
G1 X113.639 Y69.441 E.02239
G1 X30.041 Y153.039 E4.70088
G1 X30.605 Y153.039 E.02243
G1 X113.639 Y70.005 E4.66916
G1 X113.639 Y70.569 E.02243
G1 X31.168 Y153.039 E4.63748
G1 X31.732 Y153.039 E.02243
G1 X113.639 Y71.132 E4.60579
G1 X113.639 Y71.696 E.02243
G1 X32.296 Y153.039 E4.57408
G1 X32.859 Y153.039 E.02239
G1 X113.639 Y72.259 E4.54242
G1 X113.639 Y72.823 E.02243
G1 X33.423 Y153.039 E4.5107
G1 X33.986 Y153.039 E.02239
G1 X113.639 Y73.386 E4.47904
G1 X113.639 Y73.95 E.02243
G1 X34.55 Y153.039 E4.44733
G1 X35.113 Y153.039 E.02239
G1 X113.639 Y74.513 E4.41567
G1 X113.639 Y75.077 E.02243
G1 X35.677 Y153.039 E4.38396
G1 X36.24 Y153.039 E.02239
G1 X113.639 Y75.641 E4.35227
G1 X113.639 Y76.204 E.02239
G1 X36.804 Y153.039 E4.32058
G1 X37.368 Y153.039 E.02243
G1 X113.639 Y76.768 E4.28887
G1 X113.639 Y77.331 E.02239
G1 X37.931 Y153.039 E4.25721
G1 X38.495 Y153.039 E.02243
G1 X113.639 Y77.895 E4.22549
G1 X113.639 Y78.458 E.02239
G1 X39.058 Y153.039 E4.19383
G1 X39.622 Y153.039 E.02243
M73 P70 R20
G1 X113.639 Y79.022 E4.16212
G1 X113.639 Y79.585 E.02239
G1 X40.185 Y153.039 E4.13046
G1 X40.749 Y153.039 E.02243
G1 X113.639 Y80.149 E4.09875
G1 X113.639 Y80.713 E.02243
M73 P70 R19
G1 X41.313 Y153.039 E4.06703
G1 X41.876 Y153.039 E.02239
G1 X113.639 Y81.276 E4.03537
G1 X113.639 Y81.84 E.02243
G1 X42.44 Y153.039 E4.00366
G1 X43.003 Y153.039 E.02239
G1 X113.639 Y82.403 E3.972
G1 X113.639 Y82.967 E.02243
G1 X43.567 Y153.039 E3.94029
G1 X44.13 Y153.039 E.02239
G1 X113.639 Y83.53 E3.90863
G1 X113.639 Y84.094 E.02243
G1 X44.694 Y153.039 E3.87691
G1 X45.257 Y153.039 E.02239
G1 X113.639 Y84.657 E3.84525
G1 X113.639 Y85.221 E.02243
G1 X45.821 Y153.039 E3.81354
G1 X46.385 Y153.039 E.02243
G1 X113.639 Y85.785 E3.78182
G1 X113.639 Y86.348 E.02239
G1 X46.948 Y153.039 E3.75016
G1 X47.512 Y153.039 E.02243
G1 X113.639 Y86.912 E3.71845
G1 X113.639 Y87.475 E.02239
G1 X48.075 Y153.039 E3.68679
G1 X48.639 Y153.039 E.02243
G1 X113.639 Y88.039 E3.65508
G1 X113.639 Y88.602 E.02239
G1 X49.202 Y153.039 E3.62342
G1 X49.766 Y153.039 E.02243
G1 X113.639 Y89.166 E3.5917
G1 X113.639 Y89.729 E.02239
G1 X50.329 Y153.039 E3.56004
G1 X50.893 Y153.039 E.02243
G1 X113.639 Y90.293 E3.52833
G1 X113.639 Y90.857 E.02243
G1 X51.457 Y153.039 E3.49661
G1 X52.02 Y153.039 E.02239
G1 X113.639 Y91.42 E3.46496
G1 X113.639 Y91.984 E.02243
G1 X52.584 Y153.039 E3.43324
G1 X53.147 Y153.039 E.02239
G1 X113.639 Y92.547 E3.40158
G1 X113.639 Y93.111 E.02243
G1 X53.711 Y153.039 E3.36987
G1 X54.274 Y153.039 E.02239
G1 X113.639 Y93.674 E3.33821
G1 X113.639 Y94.238 E.02243
G1 X54.838 Y153.039 E3.30649
G1 X55.401 Y153.039 E.02239
G1 X113.639 Y94.801 E3.27484
G1 X113.639 Y95.365 E.02243
M73 Q71 S20
G1 X55.965 Y153.039 E3.24312
G1 X56.529 Y153.039 E.02243
G1 X113.639 Y95.929 E3.21141
G1 X113.639 Y96.492 E.02239
G1 X57.092 Y153.039 E3.17975
G1 X57.656 Y153.039 E.02243
G1 X113.639 Y97.056 E3.14803
G1 X113.639 Y97.619 E.02239
G1 X58.219 Y153.039 E3.11637
G1 X58.783 Y153.039 E.02243
G1 X113.639 Y98.183 E3.08466
G1 X113.639 Y98.746 E.02239
G1 X59.346 Y153.039 E3.053
G1 X59.91 Y153.039 E.02243
G1 X113.639 Y99.31 E3.02129
G1 X113.639 Y99.873 E.02239
G1 X60.473 Y153.039 E2.98963
G1 X61.037 Y153.039 E.02243
G1 X113.639 Y100.437 E2.95791
G1 X113.639 Y101.001 E.02243
G1 X61.601 Y153.039 E2.9262
G1 X62.164 Y153.039 E.02239
G1 X113.639 Y101.564 E2.89454
G1 X113.639 Y102.128 E.02243
G1 X62.728 Y153.039 E2.86282
G1 X63.291 Y153.039 E.02239
G1 X113.639 Y102.691 E2.83117
G1 X113.639 Y103.255 E.02243
G1 X63.855 Y153.039 E2.79945
G1 X64.418 Y153.039 E.02239
G1 X113.639 Y103.818 E2.76779
G1 X113.639 Y104.382 E.02243
G1 X64.982 Y153.039 E2.73608
G1 X65.545 Y153.039 E.02239
G1 X113.639 Y104.945 E2.70442
G1 X113.639 Y105.509 E.02243
G1 X66.109 Y153.039 E2.6727
G1 X66.673 Y153.039 E.02243
M73 Q71 S19
G1 X113.639 Y106.073 E2.64099
G1 X113.639 Y106.636 E.02239
G1 X67.236 Y153.039 E2.60933
G1 X67.8 Y153.039 E.02243
G1 X113.639 Y107.2 E2.57762
G1 X113.639 Y107.763 E.02239
G1 X68.363 Y153.039 E2.54596
G1 X68.927 Y153.039 E.02243
G1 X113.639 Y108.327 E2.51424
G1 X113.639 Y108.89 E.02239
G1 X69.49 Y153.039 E2.48258
G1 X70.054 Y153.039 E.02243
G1 X113.639 Y109.454 E2.45087
G1 X113.639 Y110.017 E.02239
G1 X70.617 Y153.039 E2.41921
G1 X71.181 Y153.039 E.02243
G1 X113.639 Y110.581 E2.3875
G1 X113.639 Y111.145 E.02243
G1 X71.745 Y153.039 E2.35578
G1 X72.308 Y153.039 E.02239
G1 X113.639 Y111.708 E2.32412
G1 X113.639 Y112.272 E.02243
G1 X72.872 Y153.039 E2.29241
G1 X73.435 Y153.039 E.02239
G1 X113.639 Y112.835 E2.26075
G1 X113.639 Y113.399 E.02243
G1 X73.999 Y153.039 E2.22903
G1 X74.562 Y153.039 E.02239
G1 X113.639 Y113.962 E2.19738
G1 X113.639 Y114.526 E.02243
G1 X75.126 Y153.039 E2.16566
G1 X75.689 Y153.039 E.02239
G1 X113.639 Y115.09 E2.13397
G1 X113.639 Y115.653 E.02239
G1 X76.253 Y153.039 E2.10229
G1 X76.817 Y153.039 E.02243
G1 X113.639 Y116.217 E2.07057
G1 X113.639 Y116.78 E.02239
M73 P71 R19
G1 X77.38 Y153.039 E2.03891
G1 X77.944 Y153.039 E.02243
G1 X113.639 Y117.344 E2.0072
G1 X113.639 Y117.907 E.02239
G1 X78.507 Y153.039 E1.97554
G1 X79.071 Y153.039 E.02243
G1 X113.639 Y118.471 E1.94383
G1 X113.639 Y119.034 E.02239
G1 X79.634 Y153.039 E1.91217
G1 X80.198 Y153.039 E.02243
G1 X113.639 Y119.598 E1.88045
G1 X113.639 Y120.162 E.02243
G1 X80.762 Y153.039 E1.84874
G1 X81.325 Y153.039 E.02239
G1 X113.639 Y120.725 E1.81708
G1 X113.639 Y121.289 E.02243
G1 X81.889 Y153.039 E1.78536
G1 X82.452 Y153.039 E.02239
G1 X113.639 Y121.852 E1.75371
G1 X113.639 Y122.416 E.02243
G1 X83.016 Y153.039 E1.72199
G1 X83.579 Y153.039 E.02239
G1 X113.639 Y122.979 E1.69033
G1 X113.639 Y123.543 E.02243
G1 X84.143 Y153.039 E1.65862
G1 X84.706 Y153.039 E.02239
G1 X113.639 Y124.106 E1.62696
G1 X113.639 Y124.67 E.02243
G1 X85.27 Y153.039 E1.59524
G1 X85.834 Y153.039 E.02243
G1 X113.639 Y125.234 E1.56353
G1 X113.639 Y125.797 E.02239
G1 X86.397 Y153.039 E1.53187
G1 X86.961 Y153.039 E.02243
G1 X113.639 Y126.361 E1.50016
G1 X113.639 Y126.924 E.02239
G1 X87.524 Y153.039 E1.4685
G1 X88.088 Y153.039 E.02243
G1 X113.639 Y127.488 E1.43678
G1 X113.639 Y128.051 E.02239
G1 X88.651 Y153.039 E1.40512
G1 X89.215 Y153.039 E.02243
G1 X113.639 Y128.615 E1.37341
G1 X113.639 Y129.178 E.02239
G1 X89.778 Y153.039 E1.34175
G1 X90.342 Y153.039 E.02243
G1 X113.639 Y129.742 E1.31004
G1 X113.639 Y130.306 E.02243
G1 X90.906 Y153.039 E1.27832
G1 X91.469 Y153.039 E.02239
G1 X113.639 Y130.869 E1.24666
G1 X113.639 Y131.433 E.02243
G1 X92.033 Y153.039 E1.21495
G1 X92.596 Y153.039 E.02239
G1 X113.639 Y131.996 E1.18329
G1 X113.639 Y132.56 E.02243
G1 X93.16 Y153.039 E1.15157
G1 X93.723 Y153.039 E.02239
G1 X113.639 Y133.123 E1.11992
G1 X113.639 Y133.687 E.02243
G1 X94.287 Y153.039 E1.0882
G1 X94.85 Y153.039 E.02239
G1 X113.639 Y134.25 E1.05654
G1 X113.639 Y134.814 E.02243
G1 X95.414 Y153.039 E1.02483
G1 X95.978 Y153.039 E.02243
G1 X113.639 Y135.378 E.99311
G1 X113.639 Y135.941 E.02239
G1 X96.541 Y153.039 E.96145
G1 X97.105 Y153.039 E.02243
G1 X113.639 Y136.505 E.92974
G1 X113.639 Y137.068 E.02239
G1 X97.668 Y153.039 E.89808
G1 X98.232 Y153.039 E.02243
G1 X113.639 Y137.632 E.86637
G1 X113.639 Y138.195 E.02239
G1 X98.795 Y153.039 E.83471
G1 X99.359 Y153.039 E.02243
G1 X113.639 Y138.759 E.80299
G1 X113.639 Y139.322 E.02239
G1 X99.922 Y153.039 E.77133
G1 X100.486 Y153.039 E.02243
G1 X113.639 Y139.886 E.73962
G1 X113.639 Y140.45 E.02243
G1 X101.05 Y153.039 E.7079
G1 X101.613 Y153.039 E.02239
G1 X113.639 Y141.013 E.67625
G1 X113.639 Y141.577 E.02243
G1 X102.177 Y153.039 E.64453
G1 X102.74 Y153.039 E.02239
G1 X113.639 Y142.14 E.61287
G1 X113.639 Y142.704 E.02243
G1 X103.304 Y153.039 E.58116
G1 X103.867 Y153.039 E.02239
G1 X113.639 Y143.267 E.5495
G1 X113.639 Y143.831 E.02243
G1 X104.431 Y153.039 E.51778
G1 X104.994 Y153.039 E.02239
G1 X113.639 Y144.394 E.48613
G1 X113.639 Y144.958 E.02243
G1 X105.558 Y153.039 E.45441
G1 X106.122 Y153.039 E.02243
G1 X113.639 Y145.522 E.4227
G1 X113.639 Y146.085 E.02239
G1 X106.685 Y153.039 E.39104
G1 X107.249 Y153.039 E.02243
G1 X113.639 Y146.649 E.35932
G1 X113.639 Y147.212 E.02239
G1 X107.812 Y153.039 E.32766
G1 X108.376 Y153.039 E.02243
G1 X113.639 Y147.776 E.29595
G1 X113.639 Y148.339 E.02239
G1 X108.939 Y153.039 E.26429
G1 X109.503 Y153.039 E.02243
G1 X113.639 Y148.903 E.23258
G1 X113.639 Y149.466 E.02239
G1 X110.066 Y153.039 E.20092
G1 X110.63 Y153.039 E.02243
G1 X113.639 Y150.03 E.1692
G1 X113.639 Y150.594 E.02243
G1 X111.194 Y153.039 E.13749
G1 X111.757 Y153.039 E.02239
G1 X113.639 Y151.157 E.10583
G1 X113.639 Y153.039 E.07483
G1 X112.321 Y153.039 E.05241
G1 X113.498 Y151.862 E.06619
;LAYER_CHANGE
;Z:1.16
;HEIGHT:0.24
;BEFORE_LAYER_CHANGE
G92 E0.0
;1.16


G1 E-.16 F2700
;WIPE_START
G1 F16800
G1 X112.321 Y153.039 E-.25414
G1 X113.639 Y153.039 E-.20123
G1 X113.639 Y151.83 E-.18463
;WIPE_END
G1 X113.639 Y151.83 Z.92 F21000
G1 X124.022 Y153.378 Z1.16
;AFTER_LAYER_CHANGE
;1.16
G1 Z1.16 F720
G1 E.8 F1500
;TYPE:Perimeter
G1 F4200
G1 X124.022 Y6.022 E5.85917
G1 X231.978 Y6.022 E4.29255
G1 X231.978 Y153.378 E5.85917
G1 X124.082 Y153.378 E4.29016
M73 Q72 S19
G1 X123.623 Y153.777 F21000
G1 F4200
G1 X123.623 Y5.623 E5.8909
G1 X232.377 Y5.623 E4.32428
M73 P71 R18
G1 X232.377 Y153.777 E5.8909
G1 X123.683 Y153.777 E4.32189
M204 T250
G1 X123.225 Y154.175 F21000
M204 T7000
;TYPE:External perimeter
G1 F2999.998
G1 X123.225 Y5.225 E5.92255
G1 X232.775 Y5.225 E4.35593
G1 X232.775 Y154.175 E5.92255
G1 X123.285 Y154.175 E4.35354
G1 E-.16 F2700
;WIPE_START
G1 F16800
G1 X123.225 Y154.175 E-.00916
G1 X123.225 Y150.043 E-.63084
;WIPE_END
G1 X140.772 Y126.918 Z1.667 F21000
G1 X142.064 Y125.215 Z1.7
G1 X143.357 Y123.511 Z1.726
G1 X144.649 Y121.808 Z1.745
G1 X147.234 Y118.401 Z1.76
G1 X231.82 Y6.926
G1 Z1.16 F720
G1 E.8 F1500
;TYPE:Top solid infill
;WIDTH:0.42064
G1 F4800
M73 P72 R18
G1 X231.074 Y6.18 E.03886
G1 X230.552 Y6.18 F21000
G1 F4800
G1 X231.82 Y7.448 E.06605
G1 X231.82 Y7.97 F21000
G1 F4800
G1 X230.03 Y6.18 E.09324
G1 X229.508 Y6.18 F21000
G1 F4800
G1 X231.82 Y8.492 E.12043
G1 X231.82 Y9.014 F21000
G1 F4800
G1 X228.986 Y6.18 E.14762
G1 X228.464 Y6.18 F21000
G1 F4800
G1 X231.82 Y9.536 E.17481
G1 X231.82 Y10.058 F21000
G1 F4800
G1 X227.942 Y6.18 E.202
G1 X227.42 Y6.18 F21000
G1 F4800
G1 X231.82 Y10.58 E.22919
G1 X231.82 Y11.102 F21000
G1 F4800
G1 X226.898 Y6.18 E.25638
G1 X226.376 Y6.18 F21000
G1 F4800
G1 X231.82 Y11.624 E.28357
G1 X231.82 Y12.147 F21000
G1 F4800
G1 X225.853 Y6.18 E.31082
G1 X225.331 Y6.18 F21000
G1 F4800
G1 X231.82 Y12.669 E.33801
G1 X231.82 Y13.191 F21000
G1 F4800
G1 X224.809 Y6.18 E.3652
G1 X224.287 Y6.18 F21000
G1 F4800
G1 X231.82 Y13.713 E.39239
G1 X231.82 Y14.235 F21000
G1 F4800
G1 X223.765 Y6.18 E.41958
G1 X223.243 Y6.18 F21000
G1 F4800
G1 X231.82 Y14.757 E.44677
G1 X231.82 Y15.279 F21000
G1 F4800
G1 X222.721 Y6.18 E.47396
G1 X222.199 Y6.18 F21000
G1 F4800
G1 X231.82 Y15.801 E.50115
G1 X231.82 Y16.323 F21000
G1 F4800
G1 X221.677 Y6.18 E.52834
G1 X221.155 Y6.18 F21000
G1 F4800
G1 X231.82 Y16.845 E.55553
G1 X231.82 Y17.367 F21000
G1 F4800
G1 X220.633 Y6.18 E.58272
G1 X220.111 Y6.18 F21000
G1 F4800
G1 X231.82 Y17.889 E.60991
G1 X231.82 Y18.411 F21000
G1 F4800
G1 X219.589 Y6.18 E.6371
G1 X219.067 Y6.18 F21000
G1 F4800
G1 X231.82 Y18.933 E.66429
G1 X231.82 Y19.455 F21000
G1 F4800
G1 X218.545 Y6.18 E.69148
G1 X218.023 Y6.18 F21000
G1 F4800
G1 X231.82 Y19.977 E.71867
G1 X231.82 Y20.499 F21000
G1 F4800
G1 X217.501 Y6.18 E.74586
G1 X216.979 Y6.18 F21000
G1 F4800
G1 X231.82 Y21.021 E.77305
G1 X231.82 Y21.543 F21000
G1 F4800
G1 X216.457 Y6.18 E.80024
G1 X215.935 Y6.18 F21000
G1 F4800
G1 X231.82 Y22.065 E.82743
G1 X231.82 Y22.587 F21000
G1 F4800
G1 X215.413 Y6.18 E.85463
G1 X214.891 Y6.18 F21000
G1 F4800
G1 X231.82 Y23.109 E.88182
G1 X231.82 Y23.631 F21000
G1 F4800
G1 X214.369 Y6.18 E.90901
G1 X213.847 Y6.18 F21000
M73 Q72 S18
G1 F4800
G1 X231.82 Y24.153 E.9362
G1 X231.82 Y24.675 F21000
G1 F4800
G1 X213.325 Y6.18 E.96339
G1 X212.803 Y6.18 F21000
G1 F4800
G1 X231.82 Y25.197 E.99058
G1 X231.82 Y25.719 F21000
G1 F4800
G1 X212.281 Y6.18 E1.01777
G1 X211.758 Y6.18 F21000
G1 F4800
G1 X231.82 Y26.242 E1.04501
G1 X231.82 Y26.764 F21000
G1 F4800
G1 X211.236 Y6.18 E1.0722
G1 X210.714 Y6.18 F21000
G1 F4800
G1 X231.82 Y27.286 E1.09939
G1 X231.82 Y27.808 F21000
G1 F4800
G1 X210.192 Y6.18 E1.12658
G1 X209.67 Y6.18 F21000
G1 F4800
G1 X231.82 Y28.33 E1.15377
G1 X231.82 Y28.852 F21000
G1 F4800
G1 X209.148 Y6.18 E1.18096
G1 X208.626 Y6.18 F21000
G1 F4800
G1 X231.82 Y29.374 E1.20815
G1 X231.82 Y29.896 F21000
G1 F4800
G1 X208.104 Y6.18 E1.23534
G1 X207.582 Y6.18 F21000
G1 F4800
G1 X231.82 Y30.418 E1.26254
G1 X231.82 Y30.94 F21000
G1 F4800
G1 X207.06 Y6.18 E1.28973
G1 X206.538 Y6.18 F21000
G1 F4800
G1 X231.82 Y31.462 E1.31692
G1 X231.82 Y31.984 F21000
G1 F4800
G1 X206.016 Y6.18 E1.34411
G1 X205.494 Y6.18 F21000
G1 F4800
G1 X231.82 Y32.506 E1.3713
G1 X231.82 Y33.028 F21000
G1 F4800
G1 X204.972 Y6.18 E1.39849
G1 X204.45 Y6.18 F21000
G1 F4800
G1 X231.82 Y33.55 E1.42568
G1 X231.82 Y34.072 F21000
G1 F4800
G1 X203.928 Y6.18 E1.45287
G1 X203.406 Y6.18 F21000
G1 F4800
G1 X231.82 Y34.594 E1.48006
G1 X231.82 Y35.116 F21000
G1 F4800
G1 X202.884 Y6.18 E1.50725
G1 X202.362 Y6.18 F21000
G1 F4800
G1 X231.82 Y35.638 E1.53444
G1 X231.82 Y36.16 F21000
G1 F4800
G1 X201.84 Y6.18 E1.56163
G1 X201.318 Y6.18 F21000
G1 F4800
G1 X231.82 Y36.682 E1.58882
G1 X231.82 Y37.204 F21000
G1 F4800
G1 X200.796 Y6.18 E1.61601
G1 X200.274 Y6.18 F21000
M73 Q73 S18
G1 F4800
G1 X231.82 Y37.726 E1.6432
G1 X231.82 Y38.248 F21000
G1 F4800
G1 X199.752 Y6.18 E1.67039
G1 X199.23 Y6.18 F21000
G1 F4800
G1 X231.82 Y38.77 E1.69758
G1 X231.82 Y39.292 F21000
G1 F4800
G1 X198.708 Y6.18 E1.72477
G1 X198.186 Y6.18 F21000
G1 F4800
G1 X231.82 Y39.814 E1.75196
G1 X231.82 Y40.337 F21000
G1 F4800
G1 X197.663 Y6.18 E1.77921
G1 X197.141 Y6.18 F21000
G1 F4800
G1 X231.82 Y40.859 E1.8064
G1 X231.82 Y41.381 F21000
G1 F4800
G1 X196.619 Y6.18 E1.83359
G1 X196.097 Y6.18 F21000
G1 F4800
G1 X231.82 Y41.903 E1.86078
G1 X231.82 Y42.425 F21000
G1 F4800
G1 X195.575 Y6.18 E1.88797
G1 X195.053 Y6.18 F21000
G1 F4800
G1 X231.82 Y42.947 E1.91516
G1 X231.82 Y43.469 F21000
G1 F4800
G1 X194.531 Y6.18 E1.94235
G1 X194.009 Y6.18 F21000
G1 F4800
G1 X231.82 Y43.991 E1.96954
G1 X231.82 Y44.513 F21000
G1 F4800
G1 X193.487 Y6.18 E1.99673
G1 X192.965 Y6.18 F21000
G1 F4800
G1 X231.82 Y45.035 E2.02392
G1 X231.82 Y45.557 F21000
G1 F4800
G1 X192.443 Y6.18 E2.05111
G1 X191.921 Y6.18 F21000
G1 F4800
G1 X231.82 Y46.079 E2.0783
G1 X231.82 Y46.601 F21000
G1 F4800
G1 X191.399 Y6.18 E2.10549
G1 X190.877 Y6.18 F21000
G1 F4800
G1 X231.82 Y47.123 E2.13268
G1 X231.82 Y47.645 F21000
G1 F4800
G1 X190.355 Y6.18 E2.15987
G1 X189.833 Y6.18 F21000
G1 F4800
G1 X231.82 Y48.167 E2.18706
G1 X231.82 Y48.689 F21000
G1 F4800
G1 X189.311 Y6.18 E2.21425
G1 X188.789 Y6.18 F21000
G1 F4800
G1 X231.82 Y49.211 E2.24145
G1 X231.82 Y49.733 F21000
G1 F4800
G1 X188.267 Y6.18 E2.26864
G1 X187.745 Y6.18 F21000
G1 F4800
G1 X231.82 Y50.255 E2.29583
G1 X231.82 Y50.777 F21000
G1 F4800
G1 X187.223 Y6.18 E2.32302
G1 X186.701 Y6.18 F21000
G1 F4800
G1 X231.82 Y51.299 E2.35021
G1 X231.82 Y51.821 F21000
G1 F4800
G1 X186.179 Y6.18 E2.3774
G1 X185.657 Y6.18 F21000
G1 F4800
G1 X231.82 Y52.343 E2.40459
G1 X231.82 Y52.865 F21000
G1 F4800
G1 X185.135 Y6.18 E2.43178
G1 X184.613 Y6.18 F21000
G1 F4800
G1 X231.82 Y53.387 E2.45897
G1 X231.82 Y53.909 F21000
M73 P73 R18
G1 F4800
G1 X184.091 Y6.18 E2.48616
G1 X183.568 Y6.18 F21000
G1 F4800
G1 X231.82 Y54.432 E2.5134
G1 X231.82 Y54.954 F21000
G1 F4800
G1 X183.046 Y6.18 E2.54059
G1 X182.524 Y6.18 F21000
M73 P73 R17
G1 F4800
G1 X231.82 Y55.476 E2.56778
G1 X231.82 Y55.998 F21000
G1 F4800
G1 X182.002 Y6.18 E2.59497
G1 X181.48 Y6.18 F21000
G1 F4800
G1 X231.82 Y56.52 E2.62216
G1 X231.82 Y57.042 F21000
G1 F4800
G1 X180.958 Y6.18 E2.64935
G1 X180.436 Y6.18 F21000
G1 F4800
G1 X231.82 Y57.564 E2.67655
G1 X231.82 Y58.086 F21000
G1 F4800
G1 X179.914 Y6.18 E2.70374
G1 X179.392 Y6.18 F21000
G1 F4800
G1 X231.82 Y58.608 E2.73093
G1 X231.82 Y59.13 F21000
G1 F4800
G1 X178.87 Y6.18 E2.75812
G1 X178.348 Y6.18 F21000
G1 F4800
G1 X231.82 Y59.652 E2.78531
G1 X231.82 Y60.174 F21000
G1 F4800
G1 X177.826 Y6.18 E2.8125
G1 X177.304 Y6.18 F21000
G1 F4800
G1 X231.82 Y60.696 E2.83969
G1 X231.82 Y61.218 F21000
G1 F4800
G1 X176.782 Y6.18 E2.86688
G1 X176.26 Y6.18 F21000
G1 F4800
G1 X231.82 Y61.74 E2.89407
G1 X231.82 Y62.262 F21000
G1 F4800
G1 X175.738 Y6.18 E2.92126
G1 X175.216 Y6.18 F21000
G1 F4800
G1 X231.82 Y62.784 E2.94845
G1 X231.82 Y63.306 F21000
G1 F4800
G1 X174.694 Y6.18 E2.97564
G1 X174.172 Y6.18 F21000
M73 Q74 S18
G1 F4800
G1 X231.82 Y63.828 E3.00283
G1 X231.82 Y64.35 F21000
G1 F4800
G1 X173.65 Y6.18 E3.03002
G1 X173.128 Y6.18 F21000
G1 F4800
G1 X231.82 Y64.872 E3.05721
G1 X231.82 Y65.394 F21000
G1 F4800
G1 X172.606 Y6.18 E3.0844
G1 X172.084 Y6.18 F21000
G1 F4800
G1 X231.82 Y65.916 E3.11159
G1 X231.82 Y66.438 F21000
G1 F4800
G1 X171.562 Y6.18 E3.13878
G1 X171.04 Y6.18 F21000
M73 Q74 S17
G1 F4800
G1 X231.82 Y66.96 E3.16597
G1 X231.82 Y67.482 F21000
G1 F4800
G1 X170.518 Y6.18 E3.19316
G1 X169.996 Y6.18 F21000
G1 F4800
G1 X231.82 Y68.004 E3.22036
G1 X231.82 Y68.527 F21000
G1 F4800
G1 X169.473 Y6.18 E3.2476
G1 X168.951 Y6.18 F21000
G1 F4800
G1 X231.82 Y69.049 E3.27479
G1 X231.82 Y69.571 F21000
G1 F4800
G1 X168.429 Y6.18 E3.30198
G1 X167.907 Y6.18 F21000
G1 F4800
G1 X231.82 Y70.093 E3.32917
G1 X231.82 Y70.615 F21000
G1 F4800
G1 X167.385 Y6.18 E3.35636
G1 X166.863 Y6.18 F21000
G1 F4800
G1 X231.82 Y71.137 E3.38355
G1 X231.82 Y71.659 F21000
G1 F4800
G1 X166.341 Y6.18 E3.41074
G1 X165.819 Y6.18 F21000
G1 F4800
G1 X231.82 Y72.181 E3.43793
G1 X231.82 Y72.703 F21000
G1 F4800
G1 X165.297 Y6.18 E3.46512
G1 X164.775 Y6.18 F21000
G1 F4800
G1 X231.82 Y73.225 E3.49231
G1 X231.82 Y73.747 F21000
G1 F4800
G1 X164.253 Y6.18 E3.5195
G1 X163.731 Y6.18 F21000
M73 P74 R17
G1 F4800
G1 X231.82 Y74.269 E3.54669
G1 X231.82 Y74.791 F21000
G1 F4800
G1 X163.209 Y6.18 E3.57388
G1 X162.687 Y6.18 F21000
G1 F4800
G1 X231.82 Y75.313 E3.60107
G1 X231.82 Y75.835 F21000
G1 F4800
G1 X162.165 Y6.18 E3.62826
G1 X161.643 Y6.18 F21000
G1 F4800
G1 X231.82 Y76.357 E3.65546
G1 X231.82 Y76.879 F21000
G1 F4800
G1 X161.121 Y6.18 E3.68265
G1 X160.599 Y6.18 F21000
G1 F4800
G1 X231.82 Y77.401 E3.70984
G1 X231.82 Y77.923 F21000
G1 F4800
G1 X160.077 Y6.18 E3.73703
G1 X159.555 Y6.18 F21000
G1 F4800
G1 X231.82 Y78.445 E3.76422
G1 X231.82 Y78.967 F21000
G1 F4800
G1 X159.033 Y6.18 E3.79141
G1 X158.511 Y6.18 F21000
G1 F4800
G1 X231.82 Y79.489 E3.8186
G1 X231.82 Y80.011 F21000
G1 F4800
G1 X157.989 Y6.18 E3.84579
G1 X157.467 Y6.18 F21000
G1 F4800
G1 X231.82 Y80.533 E3.87298
G1 X231.82 Y81.055 F21000
G1 F4800
G1 X156.945 Y6.18 E3.90017
G1 X156.423 Y6.18 F21000
G1 F4800
G1 X231.82 Y81.577 E3.92736
G1 X231.82 Y82.099 F21000
M73 Q75 S17
G1 F4800
G1 X155.901 Y6.18 E3.95455
G1 X155.378 Y6.18 F21000
G1 F4800
G1 X231.82 Y82.622 E3.98179
G1 X231.82 Y83.144 F21000
M73 P74 R16
G1 F4800
G1 X154.856 Y6.18 E4.00898
G1 X154.334 Y6.18 F21000
G1 F4800
G1 X231.82 Y83.666 E4.03617
G1 X231.82 Y84.188 F21000
G1 F4800
G1 X153.812 Y6.18 E4.06336
G1 X153.29 Y6.18 F21000
G1 F4800
G1 X231.82 Y84.71 E4.09056
G1 X231.82 Y85.232 F21000
G1 F4800
G1 X152.768 Y6.18 E4.11775
G1 X152.246 Y6.18 F21000
G1 F4800
G1 X231.82 Y85.754 E4.14494
G1 X231.82 Y86.276 F21000
G1 F4800
G1 X151.724 Y6.18 E4.17213
G1 X151.202 Y6.18 F21000
G1 F4800
G1 X231.82 Y86.798 E4.19932
G1 X231.82 Y87.32 F21000
G1 F4800
G1 X150.68 Y6.18 E4.22651
G1 X150.158 Y6.18 F21000
G1 F4800
G1 X231.82 Y87.842 E4.2537
G1 X231.82 Y88.364 F21000
G1 F4800
G1 X149.636 Y6.18 E4.28089
G1 X149.114 Y6.18 F21000
G1 F4800
G1 X231.82 Y88.886 E4.30808
G1 X231.82 Y89.408 F21000
M73 P75 R16
G1 F4800
G1 X148.592 Y6.18 E4.33527
G1 X148.07 Y6.18 F21000
G1 F4800
G1 X231.82 Y89.93 E4.36246
G1 X231.82 Y90.452 F21000
M73 Q75 S16
G1 F4800
G1 X147.548 Y6.18 E4.38965
G1 X147.026 Y6.18 F21000
G1 F4800
G1 X231.82 Y90.974 E4.41684
G1 X231.82 Y91.496 F21000
G1 F4800
G1 X146.504 Y6.18 E4.44403
G1 X145.982 Y6.18 F21000
G1 F4800
G1 X231.82 Y92.018 E4.47122
G1 X231.82 Y92.54 F21000
G1 F4800
G1 X145.46 Y6.18 E4.49841
G1 X144.938 Y6.18 F21000
G1 F4800
G1 X231.82 Y93.062 E4.5256
G1 X231.82 Y93.584 F21000
G1 F4800
G1 X144.416 Y6.18 E4.55279
G1 X143.894 Y6.18 F21000
G1 F4800
G1 X231.82 Y94.106 E4.57998
G1 X231.82 Y94.628 F21000
G1 F4800
G1 X143.372 Y6.18 E4.60717
G1 X142.85 Y6.18 F21000
G1 F4800
G1 X231.82 Y95.15 E4.63437
G1 X231.82 Y95.672 F21000
G1 F4800
G1 X142.328 Y6.18 E4.66156
G1 X141.805 Y6.18 F21000
M73 Q76 S16
G1 F4800
G1 X231.82 Y96.195 E4.6888
G1 X231.82 Y96.717 F21000
G1 F4800
G1 X141.283 Y6.18 E4.71599
G1 X140.761 Y6.18 F21000
G1 F4800
G1 X231.82 Y97.239 E4.74318
G1 X231.82 Y97.761 F21000
G1 F4800
G1 X140.239 Y6.18 E4.77037
G1 X139.717 Y6.18 F21000
G1 F4800
G1 X231.82 Y98.283 E4.79756
G1 X231.82 Y98.805 F21000
G1 F4800
G1 X139.195 Y6.18 E4.82475
G1 X138.673 Y6.18 F21000
G1 F4800
G1 X231.82 Y99.327 E4.85194
G1 X231.82 Y99.849 F21000
G1 F4800
G1 X138.151 Y6.18 E4.87913
G1 X137.629 Y6.18 F21000
G1 F4800
G1 X231.82 Y100.371 E4.90632
G1 X231.82 Y100.893 F21000
G1 F4800
G1 X137.107 Y6.18 E4.93351
G1 X136.585 Y6.18 F21000
G1 F4800
G1 X231.82 Y101.415 E4.9607
G1 X231.82 Y101.937 F21000
G1 F4800
G1 X136.063 Y6.18 E4.98789
G1 X135.541 Y6.18 F21000
M73 P76 R16
G1 F4800
G1 X231.82 Y102.459 E5.01508
G1 X231.82 Y102.981 F21000
G1 F4800
G1 X135.019 Y6.18 E5.04227
G1 X134.497 Y6.18 F21000
M73 P76 R15
G1 F4800
G1 X231.82 Y103.503 E5.06947
G1 X231.82 Y104.025 F21000
G1 F4800
G1 X133.975 Y6.18 E5.09666
G1 X133.453 Y6.18 F21000
G1 F4800
G1 X231.82 Y104.547 E5.12385
G1 X231.82 Y105.069 F21000
G1 F4800
G1 X132.931 Y6.18 E5.15104
G1 X132.409 Y6.18 F21000
G1 F4800
G1 X231.82 Y105.591 E5.17823
G1 X231.82 Y106.113 F21000
G1 F4800
G1 X131.887 Y6.18 E5.20542
G1 X131.365 Y6.18 F21000
G1 F4800
G1 X231.82 Y106.635 E5.23261
G1 X231.82 Y107.157 F21000
G1 F4800
G1 X130.843 Y6.18 E5.2598
G1 X130.321 Y6.18 F21000
G1 F4800
G1 X231.82 Y107.679 E5.28699
G1 X231.82 Y108.201 F21000
G1 F4800
G1 X129.799 Y6.18 E5.31418
G1 X129.277 Y6.18 F21000
M73 Q77 S16
G1 F4800
G1 X231.82 Y108.723 E5.34137
G1 X231.82 Y109.245 F21000
M73 Q77 S15
G1 F4800
G1 X128.755 Y6.18 E5.36856
G1 X128.233 Y6.18 F21000
G1 F4800
G1 X231.82 Y109.767 E5.39575
G1 X231.82 Y110.29 F21000
G1 F4800
G1 X127.71 Y6.18 E5.42299
G1 X127.188 Y6.18 F21000
G1 F4800
G1 X231.82 Y110.812 E5.45018
G1 X231.82 Y111.334 F21000
G1 F4800
G1 X126.666 Y6.18 E5.47737
G1 X126.144 Y6.18 F21000
G1 F4800
G1 X231.82 Y111.856 E5.50457
G1 X231.82 Y112.378 F21000
G1 F4800
G1 X125.622 Y6.18 E5.53176
G1 X125.1 Y6.18 F21000
G1 F4800
G1 X231.82 Y112.9 E5.55895
G1 X231.82 Y113.422 F21000
G1 F4800
G1 X124.578 Y6.18 E5.58614
G1 X124.18 Y6.304 F21000
M73 P77 R15
G1 F4800
G1 X231.82 Y113.944 E5.60687
G1 X231.82 Y114.466 F21000
G1 F4800
G1 X124.18 Y6.826 E5.60687
G1 X124.18 Y7.348 F21000
G1 F4800
G1 X231.82 Y114.988 E5.60687
G1 X231.82 Y115.51 F21000
G1 F4800
G1 X124.18 Y7.87 E5.60687
G1 X124.18 Y8.392 F21000
G1 F4800
G1 X231.82 Y116.032 E5.60687
G1 X231.82 Y116.554 F21000
G1 F4800
G1 X124.18 Y8.914 E5.60687
G1 X124.18 Y9.436 F21000
G1 F4800
G1 X231.82 Y117.076 E5.60687
G1 X231.82 Y117.598 F21000
G1 F4800
G1 X124.18 Y9.958 E5.60687
G1 X124.18 Y10.48 F21000
G1 F4800
G1 X231.82 Y118.12 E5.60687
G1 X231.82 Y118.642 F21000
G1 F4800
G1 X124.18 Y11.002 E5.60687
G1 X124.18 Y11.524 F21000
G1 F4800
G1 X231.82 Y119.164 E5.60687
G1 X231.82 Y119.686 F21000
G1 F4800
G1 X124.18 Y12.046 E5.60687
G1 X124.18 Y12.568 F21000
M73 P77 R14
M73 Q78 S15
G1 F4800
G1 X231.82 Y120.208 E5.60687
G1 X231.82 Y120.73 F21000
G1 F4800
G1 X124.18 Y13.09 E5.60687
G1 X124.18 Y13.612 F21000
G1 F4800
G1 X231.82 Y121.252 E5.60687
G1 X231.82 Y121.774 F21000
G1 F4800
G1 X124.18 Y14.134 E5.60687
G1 X124.18 Y14.656 F21000
G1 F4800
G1 X231.82 Y122.296 E5.60687
G1 X231.82 Y122.818 F21000
G1 F4800
G1 X124.18 Y15.178 E5.60687
G1 X124.18 Y15.7 F21000
G1 F4800
G1 X231.82 Y123.34 E5.60687
G1 X231.82 Y123.862 F21000
G1 F4800
G1 X124.18 Y16.222 E5.60687
G1 X124.18 Y16.744 F21000
G1 F4800
G1 X231.82 Y124.385 E5.60689
G1 X231.82 Y124.907 F21000
M73 P78 R14
G1 F4800
G1 X124.18 Y17.266 E5.60689
G1 X124.18 Y17.788 F21000
M73 Q78 S14
G1 F4800
G1 X231.82 Y125.429 E5.60689
G1 X231.82 Y125.951 F21000
G1 F4800
G1 X124.18 Y18.31 E5.60689
G1 X124.18 Y18.832 F21000
G1 F4800
G1 X231.82 Y126.473 E5.60689
G1 X231.82 Y126.995 F21000
G1 F4800
G1 X124.18 Y19.354 E5.60689
G1 X124.18 Y19.876 F21000
G1 F4800
G1 X231.82 Y127.517 E5.60689
G1 X231.82 Y128.039 F21000
G1 F4800
G1 X124.18 Y20.399 E5.60687
G1 X124.18 Y20.921 F21000
G1 F4800
G1 X231.82 Y128.561 E5.60687
G1 X231.82 Y129.083 F21000
G1 F4800
G1 X124.18 Y21.443 E5.60687
G1 X124.18 Y21.965 F21000
G1 F4800
G1 X231.82 Y129.605 E5.60687
G1 X231.82 Y130.127 F21000
G1 F4800
G1 X124.18 Y22.487 E5.60687
G1 X124.18 Y23.009 F21000
G1 F4800
G1 X231.82 Y130.649 E5.60687
G1 X231.82 Y131.171 F21000
M73 Q79 S14
G1 F4800
G1 X124.18 Y23.531 E5.60687
G1 X124.18 Y24.053 F21000
G1 F4800
G1 X231.82 Y131.693 E5.60687
G1 X231.82 Y132.215 F21000
G1 F4800
G1 X124.18 Y24.575 E5.60687
G1 X124.18 Y25.097 F21000
G1 F4800
G1 X231.82 Y132.737 E5.60687
G1 X231.82 Y133.259 F21000
G1 F4800
G1 X124.18 Y25.619 E5.60687
G1 X124.18 Y26.141 F21000
G1 F4800
G1 X231.82 Y133.781 E5.60687
G1 X231.82 Y134.303 F21000
G1 F4800
G1 X124.18 Y26.663 E5.60687
G1 X124.18 Y27.185 F21000
G1 F4800
G1 X231.82 Y134.825 E5.60687
G1 X231.82 Y135.347 F21000
G1 F4800
G1 X124.18 Y27.707 E5.60687
G1 X124.18 Y28.229 F21000
M73 P79 R14
G1 F4800
G1 X231.82 Y135.869 E5.60687
G1 X231.82 Y136.391 F21000
M73 P79 R13
G1 F4800
G1 X124.18 Y28.751 E5.60687
G1 X124.18 Y29.273 F21000
G1 F4800
G1 X231.82 Y136.913 E5.60687
G1 X231.82 Y137.435 F21000
G1 F4800
G1 X124.18 Y29.795 E5.60687
G1 X124.18 Y30.317 F21000
G1 F4800
G1 X231.82 Y137.957 E5.60687
G1 X231.82 Y138.48 F21000
G1 F4800
G1 X124.18 Y30.839 E5.60689
G1 X124.18 Y31.361 F21000
G1 F4800
G1 X231.82 Y139.002 E5.60689
G1 X231.82 Y139.524 F21000
G1 F4800
G1 X124.18 Y31.883 E5.60689
G1 X124.18 Y32.405 F21000
G1 F4800
G1 X231.82 Y140.046 E5.60689
G1 X231.82 Y140.568 F21000
G1 F4800
G1 X124.18 Y32.927 E5.60689
G1 X124.18 Y33.449 F21000
M73 Q79 S13
G1 F4800
G1 X231.82 Y141.09 E5.60689
G1 X231.82 Y141.612 F21000
G1 F4800
G1 X124.18 Y33.971 E5.60689
G1 X124.18 Y34.494 F21000
G1 F4800
G1 X231.82 Y142.134 E5.60687
G1 X231.82 Y142.656 F21000
M73 Q80 S13
G1 F4800
G1 X124.18 Y35.016 E5.60687
G1 X124.18 Y35.538 F21000
G1 F4800
G1 X231.82 Y143.178 E5.60687
G1 X231.82 Y143.7 F21000
G1 F4800
G1 X124.18 Y36.06 E5.60687
G1 X124.18 Y36.582 F21000
G1 F4800
G1 X231.82 Y144.222 E5.60687
G1 X231.82 Y144.744 F21000
G1 F4800
G1 X124.18 Y37.104 E5.60687
G1 X124.18 Y37.626 F21000
G1 F4800
G1 X231.82 Y145.266 E5.60687
G1 X231.82 Y145.788 F21000
G1 F4800
G1 X124.18 Y38.148 E5.60687
G1 X124.18 Y38.67 F21000
G1 F4800
G1 X231.82 Y146.31 E5.60687
G1 X231.82 Y146.832 F21000
M73 P80 R13
G1 F4800
G1 X124.18 Y39.192 E5.60687
G1 X124.18 Y39.714 F21000
G1 F4800
G1 X231.82 Y147.354 E5.60687
G1 X231.82 Y147.876 F21000
G1 F4800
G1 X124.18 Y40.236 E5.60687
G1 X124.18 Y40.758 F21000
G1 F4800
G1 X231.82 Y148.398 E5.60687
G1 X231.82 Y148.92 F21000
G1 F4800
G1 X124.18 Y41.28 E5.60687
G1 X124.18 Y41.802 F21000
G1 F4800
G1 X231.82 Y149.442 E5.60687
G1 X231.82 Y149.964 F21000
G1 F4800
G1 X124.18 Y42.324 E5.60687
G1 X124.18 Y42.846 F21000
G1 F4800
G1 X231.82 Y150.486 E5.60687
G1 X231.82 Y151.008 F21000
G1 F4800
G1 X124.18 Y43.368 E5.60687
G1 X124.18 Y43.89 F21000
G1 F4800
G1 X231.82 Y151.53 E5.60687
G1 X231.82 Y152.052 F21000
G1 F4800
G1 X124.18 Y44.412 E5.60687
G1 X124.18 Y44.934 F21000
M73 P80 R12
G1 F4800
G1 X231.82 Y152.575 E5.60689
G1 X231.82 Y153.097 F21000
G1 F4800
G1 X124.18 Y45.456 E5.60689
G1 X124.18 Y45.978 F21000
M73 Q81 S13
G1 F4800
G1 X231.422 Y153.22 E5.58614
G1 X230.9 Y153.22 F21000
G1 F4800
G1 X124.18 Y46.5 E5.55895
G1 X124.18 Y47.022 F21000
G1 F4800
G1 X230.378 Y153.22 E5.53176
G1 X229.856 Y153.22 F21000
G1 F4800
G1 X124.18 Y47.544 E5.50457
G1 X124.18 Y48.066 F21000
G1 F4800
G1 X229.334 Y153.22 E5.47737
G1 X228.811 Y153.22 F21000
G1 F4800
G1 X124.18 Y48.589 E5.45013
G1 X124.18 Y49.111 F21000
G1 F4800
G1 X228.289 Y153.22 E5.42294
G1 X227.767 Y153.22 F21000
M73 Q81 S12
G1 F4800
G1 X124.18 Y49.633 E5.39575
G1 X124.18 Y50.155 F21000
M73 P81 R12
G1 F4800
G1 X227.245 Y153.22 E5.36856
G1 X226.723 Y153.22 F21000
G1 F4800
G1 X124.18 Y50.677 E5.34137
G1 X124.18 Y51.199 F21000
G1 F4800
G1 X226.201 Y153.22 E5.31418
G1 X225.679 Y153.22 F21000
G1 F4800
G1 X124.18 Y51.721 E5.28699
G1 X124.18 Y52.243 F21000
G1 F4800
G1 X225.157 Y153.22 E5.2598
G1 X224.635 Y153.22 F21000
G1 F4800
G1 X124.18 Y52.765 E5.23261
G1 X124.18 Y53.287 F21000
G1 F4800
G1 X224.113 Y153.22 E5.20542
G1 X223.591 Y153.22 F21000
G1 F4800
G1 X124.18 Y53.809 E5.17823
G1 X124.18 Y54.331 F21000
G1 F4800
G1 X223.069 Y153.22 E5.15104
G1 X222.547 Y153.22 F21000
G1 F4800
G1 X124.18 Y54.853 E5.12385
G1 X124.18 Y55.375 F21000
G1 F4800
G1 X222.025 Y153.22 E5.09666
G1 X221.503 Y153.22 F21000
G1 F4800
G1 X124.18 Y55.897 E5.06947
G1 X124.18 Y56.419 F21000
G1 F4800
G1 X220.981 Y153.22 E5.04227
G1 X220.459 Y153.22 F21000
G1 F4800
G1 X124.18 Y56.941 E5.01508
G1 X124.18 Y57.463 F21000
G1 F4800
G1 X219.937 Y153.22 E4.98789
G1 X219.415 Y153.22 F21000
M73 Q82 S12
G1 F4800
G1 X124.18 Y57.985 E4.9607
G1 X124.18 Y58.507 F21000
G1 F4800
G1 X218.893 Y153.22 E4.93351
G1 X218.371 Y153.22 F21000
G1 F4800
G1 X124.18 Y59.029 E4.90632
G1 X124.18 Y59.551 F21000
G1 F4800
G1 X217.849 Y153.22 E4.87913
G1 X217.327 Y153.22 F21000
G1 F4800
G1 X124.18 Y60.073 E4.85194
G1 X124.18 Y60.595 F21000
G1 F4800
G1 X216.805 Y153.22 E4.82475
G1 X216.283 Y153.22 F21000
G1 F4800
G1 X124.18 Y61.117 E4.79756
G1 X124.18 Y61.639 F21000
G1 F4800
G1 X215.761 Y153.22 E4.77037
G1 X215.239 Y153.22 F21000
M73 P82 R12
G1 F4800
G1 X124.18 Y62.161 E4.74318
G1 X124.18 Y62.684 F21000
M73 P82 R11
G1 F4800
G1 X214.716 Y153.22 E4.71594
G1 X214.194 Y153.22 F21000
G1 F4800
G1 X124.18 Y63.206 E4.68875
G1 X124.18 Y63.728 F21000
G1 F4800
G1 X213.672 Y153.22 E4.66156
G1 X213.15 Y153.22 F21000
G1 F4800
G1 X124.18 Y64.25 E4.63437
G1 X124.18 Y64.772 F21000
G1 F4800
G1 X212.628 Y153.22 E4.60717
G1 X212.106 Y153.22 F21000
G1 F4800
G1 X124.18 Y65.294 E4.57998
G1 X124.18 Y65.816 F21000
G1 F4800
G1 X211.584 Y153.22 E4.55279
G1 X211.062 Y153.22 F21000
G1 F4800
G1 X124.18 Y66.338 E4.5256
G1 X124.18 Y66.86 F21000
G1 F4800
G1 X210.54 Y153.22 E4.49841
G1 X210.018 Y153.22 F21000
G1 F4800
G1 X124.18 Y67.382 E4.47122
G1 X124.18 Y67.904 F21000
M73 Q82 S11
G1 F4800
G1 X209.496 Y153.22 E4.44403
G1 X208.974 Y153.22 F21000
G1 F4800
G1 X124.18 Y68.426 E4.41684
G1 X124.18 Y68.948 F21000
G1 F4800
G1 X208.452 Y153.22 E4.38965
G1 X207.93 Y153.22 F21000
G1 F4800
G1 X124.18 Y69.47 E4.36246
G1 X124.18 Y69.992 F21000
G1 F4800
G1 X207.408 Y153.22 E4.33527
G1 X206.886 Y153.22 F21000
G1 F4800
G1 X124.18 Y70.514 E4.30808
G1 X124.18 Y71.036 F21000
G1 F4800
G1 X206.364 Y153.22 E4.28089
G1 X205.842 Y153.22 F21000
M73 Q83 S11
G1 F4800
G1 X124.18 Y71.558 E4.2537
G1 X124.18 Y72.08 F21000
G1 F4800
G1 X205.32 Y153.22 E4.22651
G1 X204.798 Y153.22 F21000
G1 F4800
G1 X124.18 Y72.602 E4.19932
G1 X124.18 Y73.124 F21000
G1 F4800
G1 X204.276 Y153.22 E4.17213
G1 X203.754 Y153.22 F21000
G1 F4800
G1 X124.18 Y73.646 E4.14494
G1 X124.18 Y74.168 F21000
G1 F4800
G1 X203.232 Y153.22 E4.11775
G1 X202.71 Y153.22 F21000
G1 F4800
G1 X124.18 Y74.69 E4.09056
G1 X124.18 Y75.212 F21000
G1 F4800
G1 X202.188 Y153.22 E4.06336
G1 X201.666 Y153.22 F21000
M73 P83 R11
G1 F4800
G1 X124.18 Y75.734 E4.03617
G1 X124.18 Y76.256 F21000
G1 F4800
G1 X201.144 Y153.22 E4.00898
G1 X200.621 Y153.22 F21000
G1 F4800
G1 X124.18 Y76.779 E3.98174
G1 X124.18 Y77.301 F21000
G1 F4800
G1 X200.099 Y153.22 E3.95455
G1 X199.577 Y153.22 F21000
G1 F4800
G1 X124.18 Y77.823 E3.92736
G1 X124.18 Y78.345 F21000
G1 F4800
G1 X199.055 Y153.22 E3.90017
G1 X198.533 Y153.22 F21000
G1 F4800
G1 X124.18 Y78.867 E3.87298
G1 X124.18 Y79.389 F21000
G1 F4800
G1 X198.011 Y153.22 E3.84579
G1 X197.489 Y153.22 F21000
G1 F4800
G1 X124.18 Y79.911 E3.8186
G1 X124.18 Y80.433 F21000
G1 F4800
G1 X196.967 Y153.22 E3.79141
G1 X196.445 Y153.22 F21000
G1 F4800
G1 X124.18 Y80.955 E3.76422
G1 X124.18 Y81.477 F21000
G1 F4800
G1 X195.923 Y153.22 E3.73703
G1 X195.401 Y153.22 F21000
G1 F4800
G1 X124.18 Y81.999 E3.70984
G1 X124.18 Y82.521 F21000
G1 F4800
G1 X194.879 Y153.22 E3.68265
G1 X194.357 Y153.22 F21000
G1 F4800
G1 X124.18 Y83.043 E3.65546
G1 X124.18 Y83.565 F21000
G1 F4800
G1 X193.835 Y153.22 E3.62826
G1 X193.313 Y153.22 F21000
M73 P83 R10
G1 F4800
G1 X124.18 Y84.087 E3.60107
G1 X124.18 Y84.609 F21000
G1 F4800
G1 X192.791 Y153.22 E3.57388
G1 X192.269 Y153.22 F21000
G1 F4800
G1 X124.18 Y85.131 E3.54669
G1 X124.18 Y85.653 F21000
G1 F4800
G1 X191.747 Y153.22 E3.5195
G1 X191.225 Y153.22 F21000
G1 F4800
G1 X124.18 Y86.175 E3.49231
G1 X124.18 Y86.697 F21000
G1 F4800
G1 X190.703 Y153.22 E3.46512
G1 X190.181 Y153.22 F21000
M73 Q84 S11
G1 F4800
G1 X124.18 Y87.219 E3.43793
G1 X124.18 Y87.741 F21000
G1 F4800
G1 X189.659 Y153.22 E3.41074
G1 X189.137 Y153.22 F21000
G1 F4800
G1 X124.18 Y88.263 E3.38355
G1 X124.18 Y88.785 F21000
G1 F4800
G1 X188.615 Y153.22 E3.35636
G1 X188.093 Y153.22 F21000
G1 F4800
G1 X124.18 Y89.307 E3.32917
G1 X124.18 Y89.829 F21000
G1 F4800
G1 X187.571 Y153.22 E3.30198
G1 X187.049 Y153.22 F21000
G1 F4800
G1 X124.18 Y90.351 E3.27479
G1 X124.18 Y90.874 F21000
M73 Q84 S10
G1 F4800
G1 X186.526 Y153.22 E3.24755
G1 X186.004 Y153.22 F21000
G1 F4800
G1 X124.18 Y91.396 E3.22036
G1 X124.18 Y91.918 F21000
G1 F4800
G1 X185.482 Y153.22 E3.19316
G1 X184.96 Y153.22 F21000
M73 P84 R10
G1 F4800
G1 X124.18 Y92.44 E3.16597
G1 X124.18 Y92.962 F21000
G1 F4800
G1 X184.438 Y153.22 E3.13878
G1 X183.916 Y153.22 F21000
G1 F4800
G1 X124.18 Y93.484 E3.11159
G1 X124.18 Y94.006 F21000
G1 F4800
G1 X183.394 Y153.22 E3.0844
G1 X182.872 Y153.22 F21000
G1 F4800
G1 X124.18 Y94.528 E3.05721
G1 X124.18 Y95.05 F21000
G1 F4800
G1 X182.35 Y153.22 E3.03002
G1 X181.828 Y153.22 F21000
G1 F4800
G1 X124.18 Y95.572 E3.00283
G1 X124.18 Y96.094 F21000
G1 F4800
G1 X181.306 Y153.22 E2.97564
G1 X180.784 Y153.22 F21000
G1 F4800
G1 X124.18 Y96.616 E2.94845
G1 X124.18 Y97.138 F21000
G1 F4800
G1 X180.262 Y153.22 E2.92126
G1 X179.74 Y153.22 F21000
G1 F4800
G1 X124.18 Y97.66 E2.89407
G1 X124.18 Y98.182 F21000
G1 F4800
G1 X179.218 Y153.22 E2.86688
G1 X178.696 Y153.22 F21000
G1 F4800
G1 X124.18 Y98.704 E2.83969
G1 X124.18 Y99.226 F21000
G1 F4800
G1 X178.174 Y153.22 E2.8125
G1 X177.652 Y153.22 F21000
G1 F4800
G1 X124.18 Y99.748 E2.78531
G1 X124.18 Y100.27 F21000
G1 F4800
G1 X177.13 Y153.22 E2.75812
G1 X176.608 Y153.22 F21000
G1 F4800
G1 X124.18 Y100.792 E2.73093
G1 X124.18 Y101.314 F21000
G1 F4800
G1 X176.086 Y153.22 E2.70374
G1 X175.564 Y153.22 F21000
G1 F4800
G1 X124.18 Y101.836 E2.67655
G1 X124.18 Y102.358 F21000
G1 F4800
G1 X175.042 Y153.22 E2.64935
G1 X174.52 Y153.22 F21000
G1 F4800
G1 X124.18 Y102.88 E2.62216
G1 X124.18 Y103.402 F21000
G1 F4800
G1 X173.998 Y153.22 E2.59497
G1 X173.476 Y153.22 F21000
G1 F4800
G1 X124.18 Y103.924 E2.56778
G1 X124.18 Y104.446 F21000
G1 F4800
G1 X172.954 Y153.22 E2.54059
G1 X172.431 Y153.22 F21000
G1 F4800
G1 X124.18 Y104.969 E2.51335
G1 X124.18 Y105.491 F21000
G1 F4800
G1 X171.909 Y153.22 E2.48616
G1 X171.387 Y153.22 F21000
G1 F4800
G1 X124.18 Y106.013 E2.45897
G1 X124.18 Y106.535 F21000
G1 F4800
G1 X170.865 Y153.22 E2.43178
G1 X170.343 Y153.22 F21000
G1 F4800
G1 X124.18 Y107.057 E2.40459
G1 X124.18 Y107.579 F21000
G1 F4800
G1 X169.821 Y153.22 E2.3774
G1 X169.299 Y153.22 F21000
G1 F4800
M73 Q85 S10
G1 X124.18 Y108.101 E2.35021
G1 X124.18 Y108.623 F21000
G1 F4800
G1 X168.777 Y153.22 E2.32302
G1 X168.255 Y153.22 F21000
G1 F4800
G1 X124.18 Y109.145 E2.29583
G1 X124.18 Y109.667 F21000
G1 F4800
G1 X167.733 Y153.22 E2.26864
G1 X167.211 Y153.22 F21000
G1 F4800
G1 X124.18 Y110.189 E2.24145
G1 X124.18 Y110.711 F21000
G1 F4800
G1 X166.689 Y153.22 E2.21425
G1 X166.167 Y153.22 F21000
G1 F4800
G1 X124.18 Y111.233 E2.18706
G1 X124.18 Y111.755 F21000
G1 F4800
G1 X165.645 Y153.22 E2.15987
G1 X165.123 Y153.22 F21000
G1 F4800
G1 X124.18 Y112.277 E2.13268
G1 X124.18 Y112.799 F21000
G1 F4800
G1 X164.601 Y153.22 E2.10549
G1 X164.079 Y153.22 F21000
G1 F4800
G1 X124.18 Y113.321 E2.0783
G1 X124.18 Y113.843 F21000
G1 F4800
G1 X163.557 Y153.22 E2.05111
G1 X163.035 Y153.22 F21000
G1 F4800
G1 X124.18 Y114.365 E2.02392
G1 X124.18 Y114.887 F21000
G1 F4800
G1 X162.513 Y153.22 E1.99673
G1 X161.991 Y153.22 F21000
M73 P85 R10
G1 F4800
G1 X124.18 Y115.409 E1.96954
G1 X124.18 Y115.931 F21000
G1 F4800
G1 X161.469 Y153.22 E1.94235
G1 X160.947 Y153.22 F21000
M73 P85 R9
G1 F4800
G1 X124.18 Y116.453 E1.91516
G1 X124.18 Y116.975 F21000
G1 F4800
G1 X160.425 Y153.22 E1.88797
G1 X159.903 Y153.22 F21000
G1 F4800
G1 X124.18 Y117.497 E1.86078
G1 X124.18 Y118.019 F21000
G1 F4800
G1 X159.381 Y153.22 E1.83359
G1 X158.858 Y153.22 F21000
G1 F4800
G1 X124.18 Y118.542 E1.80635
G1 X124.18 Y119.064 F21000
G1 F4800
G1 X158.336 Y153.22 E1.77915
G1 X157.814 Y153.22 F21000
G1 F4800
G1 X124.18 Y119.586 E1.75196
G1 X124.18 Y120.108 F21000
G1 F4800
G1 X157.292 Y153.22 E1.72477
G1 X156.77 Y153.22 F21000
G1 F4800
G1 X124.18 Y120.63 E1.69758
G1 X124.18 Y121.152 F21000
G1 F4800
G1 X156.248 Y153.22 E1.67039
G1 X155.726 Y153.22 F21000
G1 F4800
G1 X124.18 Y121.674 E1.6432
G1 X124.18 Y122.196 F21000
G1 F4800
G1 X155.204 Y153.22 E1.61601
G1 X154.682 Y153.22 F21000
G1 F4800
G1 X124.18 Y122.718 E1.58882
G1 X124.18 Y123.24 F21000
G1 F4800
G1 X154.16 Y153.22 E1.56163
G1 X153.638 Y153.22 F21000
G1 F4800
G1 X124.18 Y123.762 E1.53444
G1 X124.18 Y124.284 F21000
G1 F4800
G1 X153.116 Y153.22 E1.50725
G1 X152.594 Y153.22 F21000
G1 F4800
G1 X124.18 Y124.806 E1.48006
G1 X124.18 Y125.328 F21000
G1 F4800
G1 X152.072 Y153.22 E1.45287
G1 X151.55 Y153.22 F21000
G1 F4800
G1 X124.18 Y125.85 E1.42568
G1 X124.18 Y126.372 F21000
G1 F4800
G1 X151.028 Y153.22 E1.39849
G1 X150.506 Y153.22 F21000
G1 F4800
G1 X124.18 Y126.894 E1.3713
G1 X124.18 Y127.416 F21000
G1 F4800
G1 X149.984 Y153.22 E1.34411
G1 X149.462 Y153.22 F21000
G1 F4800
G1 X124.18 Y127.938 E1.31692
G1 X124.18 Y128.46 F21000
G1 F4800
G1 X148.94 Y153.22 E1.28973
G1 X148.418 Y153.22 F21000
G1 F4800
G1 X124.18 Y128.982 E1.26254
G1 X124.18 Y129.504 F21000
M73 Q85 S9
G1 F4800
G1 X147.896 Y153.22 E1.23534
G1 X147.374 Y153.22 F21000
G1 F4800
G1 X124.18 Y130.026 E1.20815
G1 X124.18 Y130.548 F21000
G1 F4800
G1 X146.852 Y153.22 E1.18096
G1 X146.33 Y153.22 F21000
G1 F4800
G1 X124.18 Y131.07 E1.15377
G1 X124.18 Y131.592 F21000
G1 F4800
G1 X145.808 Y153.22 E1.12658
G1 X145.286 Y153.22 F21000
G1 F4800
G1 X124.18 Y132.114 E1.09939
G1 X124.18 Y132.637 F21000
G1 F4800
G1 X144.763 Y153.22 E1.07215
G1 X144.241 Y153.22 F21000
G1 F4800
G1 X124.18 Y133.159 E1.04496
G1 X124.18 Y133.681 F21000
G1 F4800
G1 X143.719 Y153.22 E1.01777
G1 X143.197 Y153.22 F21000
G1 F4800
G1 X124.18 Y134.203 E.99058
G1 X124.18 Y134.725 F21000
G1 F4800
G1 X142.675 Y153.22 E.96339
G1 X142.153 Y153.22 F21000
G1 F4800
G1 X124.18 Y135.247 E.9362
G1 X124.18 Y135.769 F21000
G1 F4800
G1 X141.631 Y153.22 E.90901
G1 X141.109 Y153.22 F21000
G1 F4800
G1 X124.18 Y136.291 E.88182
G1 X124.18 Y136.813 F21000
G1 F4800
G1 X140.587 Y153.22 E.85463
G1 X140.065 Y153.22 F21000
G1 F4800
G1 X124.18 Y137.335 E.82743
G1 X124.18 Y137.857 F21000
G1 F4800
G1 X139.543 Y153.22 E.80024
G1 X139.021 Y153.22 F21000
G1 F4800
G1 X124.18 Y138.379 E.77305
G1 X124.18 Y138.901 F21000
G1 F4800
G1 X138.499 Y153.22 E.74586
G1 X137.977 Y153.22 F21000
G1 F4800
G1 X124.18 Y139.423 E.71867
G1 X124.18 Y139.945 F21000
G1 F4800
G1 X137.455 Y153.22 E.69148
G1 X136.933 Y153.22 F21000
G1 F4800
G1 X124.18 Y140.467 E.66429
G1 X124.18 Y140.989 F21000
G1 F4800
G1 X136.411 Y153.22 E.6371
G1 X135.889 Y153.22 F21000
G1 F4800
G1 X124.18 Y141.511 E.60991
G1 X124.18 Y142.033 F21000
G1 F4800
G1 X135.367 Y153.22 E.58272
G1 X134.845 Y153.22 F21000
G1 F4800
G1 X124.18 Y142.555 E.55553
G1 X124.18 Y143.077 F21000
G1 F4800
G1 X134.323 Y153.22 E.52834
G1 X133.801 Y153.22 F21000
G1 F4800
G1 X124.18 Y143.599 E.50115
G1 X124.18 Y144.121 F21000
G1 F4800
G1 X133.279 Y153.22 E.47396
G1 X132.757 Y153.22 F21000
G1 F4800
G1 X124.18 Y144.643 E.44677
G1 X124.18 Y145.165 F21000
G1 F4800
G1 X132.235 Y153.22 E.41958
G1 X131.713 Y153.22 F21000
G1 F4800
G1 X124.18 Y145.687 E.39239
G1 X124.18 Y146.209 F21000
G1 F4800
G1 X131.191 Y153.22 E.3652
G1 X130.668 Y153.22 F21000
G1 F4800
G1 X124.18 Y146.732 E.33795
G1 X124.18 Y147.254 F21000
G1 F4800
G1 X130.146 Y153.22 E.31076
G1 X129.624 Y153.22 F21000
G1 F4800
G1 X124.18 Y147.776 E.28357
G1 X124.18 Y148.298 F21000
G1 F4800
G1 X129.102 Y153.22 E.25638
G1 X128.58 Y153.22 F21000
G1 F4800
G1 X124.18 Y148.82 E.22919
G1 X124.18 Y149.342 F21000
G1 F4800
G1 X128.058 Y153.22 E.202
G1 X127.536 Y153.22 F21000
G1 F4800
G1 X124.18 Y149.864 E.17481
G1 X124.18 Y150.386 F21000
G1 F4800
G1 X127.014 Y153.22 E.14762
G1 X126.492 Y153.22 F21000
G1 F4800
G1 X124.18 Y150.908 E.12043
G1 X124.18 Y151.43 F21000
G1 F4800
G1 X125.97 Y153.22 E.09324
G1 X125.448 Y153.22 F21000
G1 F4800
G1 X124.18 Y151.952 E.06605
G1 X124.18 Y152.474 F21000
G1 F4800
G1 X124.926 Y153.22 E.03886
G1 E-.16 F2700
;WIPE_START
G1 F16800
G1 X124.18 Y152.474 E-.16108
;WIPE_END
G1 E-.47892 F2700
G1 X113.978 Y153.378 Z1.339 F21000
G1 Z1.16 F720
G1 E.8 F1500
;TYPE:Perimeter
;WIDTH:0.449999
G1 F4200
G1 X6.022 Y153.378 E4.29255
G1 X6.022 Y6.022 E5.85917
G1 X113.978 Y6.022 E4.29255
M73 Q86 S9
G1 X113.978 Y153.318 E5.85678
G1 X114.377 Y153.777 F21000
G1 F4200
G1 X5.623 Y153.777 E4.32428
G1 X5.623 Y5.623 E5.8909
G1 X114.377 Y5.623 E4.32428
G1 X114.377 Y153.717 E5.88851
M204 T250
G1 X114.775 Y154.175 F21000
M73 P86 R9
M204 T7000
;TYPE:External perimeter
G1 F2999.998
G1 X5.225 Y154.175 E4.35593
G1 X5.225 Y5.225 E5.92255
G1 X114.775 Y5.225 E4.35593
G1 X114.775 Y154.115 E5.92016
G1 E-.16 F2700
;WIPE_START
G1 F16800
G1 X114.775 Y154.175 E-.00916
G1 X110.643 Y154.175 E-.63084
;WIPE_END
G1 X111.269 Y125.153 Z1.667 F21000
G1 X111.315 Y123.016 Z1.7
G1 X111.361 Y120.878 Z1.726
G1 X111.408 Y118.74 Z1.745
G1 X111.5 Y114.465 Z1.76
G1 X113.82 Y6.926
G1 Z1.16 F720
G1 E.8 F1500
;TYPE:Top solid infill
;WIDTH:0.42064
G1 F4800
G1 X113.074 Y6.18 E.03886
G1 X112.552 Y6.18 F21000
G1 F4800
G1 X113.82 Y7.448 E.06605
G1 X113.82 Y7.97 F21000
G1 F4800
G1 X112.03 Y6.18 E.09324
G1 X111.508 Y6.18 F21000
G1 F4800
G1 X113.82 Y8.492 E.12043
G1 X113.82 Y9.014 F21000
G1 F4800
G1 X110.986 Y6.18 E.14762
G1 X110.464 Y6.18 F21000
G1 F4800
G1 X113.82 Y9.536 E.17481
G1 X113.82 Y10.058 F21000
G1 F4800
G1 X109.942 Y6.18 E.202
G1 X109.42 Y6.18 F21000
G1 F4800
G1 X113.82 Y10.58 E.22919
G1 X113.82 Y11.102 F21000
G1 F4800
G1 X108.898 Y6.18 E.25638
G1 X108.376 Y6.18 F21000
G1 F4800
G1 X113.82 Y11.624 E.28357
G1 X113.82 Y12.147 F21000
G1 F4800
G1 X107.853 Y6.18 E.31082
G1 X107.331 Y6.18 F21000
G1 F4800
G1 X113.82 Y12.669 E.33801
G1 X113.82 Y13.191 F21000
G1 F4800
G1 X106.809 Y6.18 E.3652
G1 X106.287 Y6.18 F21000
G1 F4800
G1 X113.82 Y13.713 E.39239
G1 X113.82 Y14.235 F21000
G1 F4800
G1 X105.765 Y6.18 E.41958
G1 X105.243 Y6.18 F21000
G1 F4800
G1 X113.82 Y14.757 E.44677
G1 X113.82 Y15.279 F21000
G1 F4800
G1 X104.721 Y6.18 E.47396
G1 X104.199 Y6.18 F21000
G1 F4800
G1 X113.82 Y15.801 E.50115
G1 X113.82 Y16.323 F21000
G1 F4800
G1 X103.677 Y6.18 E.52834
G1 X103.155 Y6.18 F21000
G1 F4800
G1 X113.82 Y16.845 E.55553
G1 X113.82 Y17.367 F21000
G1 F4800
G1 X102.633 Y6.18 E.58272
G1 X102.111 Y6.18 F21000
G1 F4800
G1 X113.82 Y17.889 E.60991
G1 X113.82 Y18.411 F21000
G1 F4800
G1 X101.589 Y6.18 E.6371
G1 X101.067 Y6.18 F21000
G1 F4800
G1 X113.82 Y18.933 E.66429
G1 X113.82 Y19.455 F21000
G1 F4800
G1 X100.545 Y6.18 E.69148
G1 X100.023 Y6.18 F21000
G1 F4800
G1 X113.82 Y19.977 E.71867
G1 X113.82 Y20.499 F21000
G1 F4800
G1 X99.501 Y6.18 E.74586
G1 X98.979 Y6.18 F21000
G1 F4800
G1 X113.82 Y21.021 E.77305
G1 X113.82 Y21.543 F21000
G1 F4800
G1 X98.457 Y6.18 E.80024
G1 X97.935 Y6.18 F21000
G1 F4800
G1 X113.82 Y22.065 E.82743
G1 X113.82 Y22.587 F21000
G1 F4800
G1 X97.413 Y6.18 E.85463
G1 X96.891 Y6.18 F21000
G1 F4800
G1 X113.82 Y23.109 E.88182
G1 X113.82 Y23.631 F21000
G1 F4800
G1 X96.369 Y6.18 E.90901
G1 X95.847 Y6.18 F21000
G1 F4800
G1 X113.82 Y24.153 E.9362
G1 X113.82 Y24.675 F21000
G1 F4800
G1 X95.325 Y6.18 E.96339
G1 X94.803 Y6.18 F21000
G1 F4800
G1 X113.82 Y25.197 E.99058
G1 X113.82 Y25.719 F21000
G1 F4800
G1 X94.281 Y6.18 E1.01777
G1 X93.758 Y6.18 F21000
G1 F4800
G1 X113.82 Y26.242 E1.04501
G1 X113.82 Y26.764 F21000
G1 F4800
G1 X93.236 Y6.18 E1.0722
G1 X92.714 Y6.18 F21000
G1 F4800
G1 X113.82 Y27.286 E1.09939
G1 X113.82 Y27.808 F21000
G1 F4800
G1 X92.192 Y6.18 E1.12658
G1 X91.67 Y6.18 F21000
G1 F4800
G1 X113.82 Y28.33 E1.15377
G1 X113.82 Y28.852 F21000
M73 P86 R8
G1 F4800
G1 X91.148 Y6.18 E1.18096
G1 X90.626 Y6.18 F21000
G1 F4800
G1 X113.82 Y29.374 E1.20815
G1 X113.82 Y29.896 F21000
G1 F4800
G1 X90.104 Y6.18 E1.23534
G1 X89.582 Y6.18 F21000
G1 F4800
G1 X113.82 Y30.418 E1.26254
G1 X113.82 Y30.94 F21000
G1 F4800
G1 X89.06 Y6.18 E1.28973
G1 X88.538 Y6.18 F21000
G1 F4800
G1 X113.82 Y31.462 E1.31692
G1 X113.82 Y31.984 F21000
G1 F4800
G1 X88.016 Y6.18 E1.34411
G1 X87.494 Y6.18 F21000
G1 F4800
G1 X113.82 Y32.506 E1.3713
G1 X113.82 Y33.028 F21000
G1 F4800
G1 X86.972 Y6.18 E1.39849
G1 X86.45 Y6.18 F21000
G1 F4800
G1 X113.82 Y33.55 E1.42568
G1 X113.82 Y34.072 F21000
G1 F4800
G1 X85.928 Y6.18 E1.45287
G1 X85.406 Y6.18 F21000
G1 F4800
G1 X113.82 Y34.594 E1.48006
G1 X113.82 Y35.116 F21000
G1 F4800
G1 X84.884 Y6.18 E1.50725
G1 X84.362 Y6.18 F21000
G1 F4800
G1 X113.82 Y35.638 E1.53444
G1 X113.82 Y36.16 F21000
G1 F4800
G1 X83.84 Y6.18 E1.56163
G1 X83.318 Y6.18 F21000
M73 Q87 S9
G1 F4800
G1 X113.82 Y36.682 E1.58882
G1 X113.82 Y37.204 F21000
G1 F4800
G1 X82.796 Y6.18 E1.61601
G1 X82.274 Y6.18 F21000
G1 F4800
G1 X113.82 Y37.726 E1.6432
G1 X113.82 Y38.248 F21000
G1 F4800
G1 X81.752 Y6.18 E1.67039
G1 X81.23 Y6.18 F21000
G1 F4800
G1 X113.82 Y38.77 E1.69758
G1 X113.82 Y39.292 F21000
M73 Q87 S8
G1 F4800
G1 X80.708 Y6.18 E1.72477
G1 X80.186 Y6.18 F21000
G1 F4800
G1 X113.82 Y39.814 E1.75196
G1 X113.82 Y40.337 F21000
G1 F4800
G1 X79.663 Y6.18 E1.77921
G1 X79.141 Y6.18 F21000
G1 F4800
G1 X113.82 Y40.859 E1.8064
G1 X113.82 Y41.381 F21000
G1 F4800
G1 X78.619 Y6.18 E1.83359
G1 X78.097 Y6.18 F21000
G1 F4800
G1 X113.82 Y41.903 E1.86078
G1 X113.82 Y42.425 F21000
G1 F4800
G1 X77.575 Y6.18 E1.88797
G1 X77.053 Y6.18 F21000
G1 F4800
G1 X113.82 Y42.947 E1.91516
G1 X113.82 Y43.469 F21000
G1 F4800
G1 X76.531 Y6.18 E1.94235
G1 X76.009 Y6.18 F21000
G1 F4800
G1 X113.82 Y43.991 E1.96954
G1 X113.82 Y44.513 F21000
G1 F4800
G1 X75.487 Y6.18 E1.99673
G1 X74.965 Y6.18 F21000
G1 F4800
G1 X113.82 Y45.035 E2.02392
G1 X113.82 Y45.557 F21000
G1 F4800
G1 X74.443 Y6.18 E2.05111
G1 X73.921 Y6.18 F21000
M73 P87 R8
G1 F4800
G1 X113.82 Y46.079 E2.0783
G1 X113.82 Y46.601 F21000
G1 F4800
G1 X73.399 Y6.18 E2.10549
G1 X72.877 Y6.18 F21000
G1 F4800
G1 X113.82 Y47.123 E2.13268
G1 X113.82 Y47.645 F21000
G1 F4800
G1 X72.355 Y6.18 E2.15987
G1 X71.833 Y6.18 F21000
G1 F4800
G1 X113.82 Y48.167 E2.18706
G1 X113.82 Y48.689 F21000
G1 F4800
G1 X71.311 Y6.18 E2.21425
G1 X70.789 Y6.18 F21000
G1 F4800
G1 X113.82 Y49.211 E2.24145
G1 X113.82 Y49.733 F21000
G1 F4800
G1 X70.267 Y6.18 E2.26864
G1 X69.745 Y6.18 F21000
G1 F4800
G1 X113.82 Y50.255 E2.29583
G1 X113.82 Y50.777 F21000
G1 F4800
G1 X69.223 Y6.18 E2.32302
G1 X68.701 Y6.18 F21000
G1 F4800
G1 X113.82 Y51.299 E2.35021
G1 X113.82 Y51.821 F21000
G1 F4800
G1 X68.179 Y6.18 E2.3774
G1 X67.657 Y6.18 F21000
G1 F4800
G1 X113.82 Y52.343 E2.40459
G1 X113.82 Y52.865 F21000
G1 F4800
G1 X67.135 Y6.18 E2.43178
G1 X66.613 Y6.18 F21000
G1 F4800
G1 X113.82 Y53.387 E2.45897
G1 X113.82 Y53.909 F21000
G1 F4800
G1 X66.091 Y6.18 E2.48616
G1 X65.568 Y6.18 F21000
G1 F4800
G1 X113.82 Y54.432 E2.5134
G1 X113.82 Y54.954 F21000
G1 F4800
G1 X65.046 Y6.18 E2.54059
G1 X64.524 Y6.18 F21000
G1 F4800
G1 X113.82 Y55.476 E2.56778
G1 X113.82 Y55.998 F21000
G1 F4800
G1 X64.002 Y6.18 E2.59497
G1 X63.48 Y6.18 F21000
G1 F4800
G1 X113.82 Y56.52 E2.62216
G1 X113.82 Y57.042 F21000
G1 F4800
G1 X62.958 Y6.18 E2.64935
G1 X62.436 Y6.18 F21000
G1 F4800
G1 X113.82 Y57.564 E2.67655
G1 X113.82 Y58.086 F21000
G1 F4800
G1 X61.914 Y6.18 E2.70374
G1 X61.392 Y6.18 F21000
G1 F4800
G1 X113.82 Y58.608 E2.73093
G1 X113.82 Y59.13 F21000
G1 F4800
G1 X60.87 Y6.18 E2.75812
G1 X60.348 Y6.18 F21000
G1 F4800
G1 X113.82 Y59.652 E2.78531
G1 X113.82 Y60.174 F21000
G1 F4800
G1 X59.826 Y6.18 E2.8125
G1 X59.304 Y6.18 F21000
G1 F4800
G1 X113.82 Y60.696 E2.83969
G1 X113.82 Y61.218 F21000
G1 F4800
G1 X58.782 Y6.18 E2.86688
G1 X58.26 Y6.18 F21000
G1 F4800
G1 X113.82 Y61.74 E2.89407
G1 X113.82 Y62.262 F21000
G1 F4800
G1 X57.738 Y6.18 E2.92126
G1 X57.216 Y6.18 F21000
G1 F4800
G1 X113.82 Y62.784 E2.94845
G1 X113.82 Y63.306 F21000
M73 Q88 S8
G1 F4800
G1 X56.694 Y6.18 E2.97564
G1 X56.172 Y6.18 F21000
G1 F4800
G1 X113.82 Y63.828 E3.00283
G1 X113.82 Y64.35 F21000
G1 F4800
G1 X55.65 Y6.18 E3.03002
G1 X55.128 Y6.18 F21000
G1 F4800
G1 X113.82 Y64.872 E3.05721
G1 X113.82 Y65.394 F21000
G1 F4800
G1 X54.606 Y6.18 E3.0844
G1 X54.084 Y6.18 F21000
G1 F4800
G1 X113.82 Y65.916 E3.11159
G1 X113.82 Y66.438 F21000
G1 F4800
G1 X53.562 Y6.18 E3.13878
G1 X53.04 Y6.18 F21000
G1 F4800
G1 X113.82 Y66.96 E3.16597
G1 X113.82 Y67.482 F21000
G1 F4800
G1 X52.518 Y6.18 E3.19316
G1 X51.996 Y6.18 F21000
G1 F4800
G1 X113.82 Y68.004 E3.22036
G1 X113.82 Y68.527 F21000
M73 P88 R8
G1 F4800
G1 X51.473 Y6.18 E3.2476
G1 X50.951 Y6.18 F21000
G1 F4800
G1 X113.82 Y69.049 E3.27479
G1 X113.82 Y69.571 F21000
M73 P88 R7
G1 F4800
G1 X50.429 Y6.18 E3.30198
G1 X49.907 Y6.18 F21000
G1 F4800
G1 X113.82 Y70.093 E3.32917
G1 X113.82 Y70.615 F21000
G1 F4800
G1 X49.385 Y6.18 E3.35636
G1 X48.863 Y6.18 F21000
G1 F4800
G1 X113.82 Y71.137 E3.38355
G1 X113.82 Y71.659 F21000
G1 F4800
G1 X48.341 Y6.18 E3.41074
G1 X47.819 Y6.18 F21000
G1 F4800
G1 X113.82 Y72.181 E3.43793
G1 X113.82 Y72.703 F21000
G1 F4800
G1 X47.297 Y6.18 E3.46512
G1 X46.775 Y6.18 F21000
M73 Q88 S7
G1 F4800
G1 X113.82 Y73.225 E3.49231
G1 X113.82 Y73.747 F21000
G1 F4800
G1 X46.253 Y6.18 E3.5195
G1 X45.731 Y6.18 F21000
G1 F4800
G1 X113.82 Y74.269 E3.54669
G1 X113.82 Y74.791 F21000
G1 F4800
G1 X45.209 Y6.18 E3.57388
G1 X44.687 Y6.18 F21000
G1 F4800
G1 X113.82 Y75.313 E3.60107
G1 X113.82 Y75.835 F21000
G1 F4800
G1 X44.165 Y6.18 E3.62826
G1 X43.643 Y6.18 F21000
G1 F4800
G1 X113.82 Y76.357 E3.65546
G1 X113.82 Y76.879 F21000
G1 F4800
G1 X43.121 Y6.18 E3.68265
G1 X42.599 Y6.18 F21000
G1 F4800
G1 X113.82 Y77.401 E3.70984
G1 X113.82 Y77.923 F21000
G1 F4800
G1 X42.077 Y6.18 E3.73703
G1 X41.555 Y6.18 F21000
G1 F4800
G1 X113.82 Y78.445 E3.76422
G1 X113.82 Y78.967 F21000
G1 F4800
G1 X41.033 Y6.18 E3.79141
G1 X40.511 Y6.18 F21000
G1 F4800
G1 X113.82 Y79.489 E3.8186
G1 X113.82 Y80.011 F21000
G1 F4800
G1 X39.989 Y6.18 E3.84579
G1 X39.467 Y6.18 F21000
G1 F4800
G1 X113.82 Y80.533 E3.87298
G1 X113.82 Y81.055 F21000
G1 F4800
G1 X38.945 Y6.18 E3.90017
G1 X38.423 Y6.18 F21000
M73 Q89 S7
G1 F4800
G1 X113.82 Y81.577 E3.92736
G1 X113.82 Y82.1 F21000
G1 F4800
G1 X37.901 Y6.18 E3.95458
G1 X37.378 Y6.18 F21000
G1 F4800
G1 X113.82 Y82.622 E3.98179
G1 X113.82 Y83.144 F21000
G1 F4800
G1 X36.856 Y6.18 E4.00898
G1 X36.334 Y6.18 F21000
G1 F4800
G1 X113.82 Y83.666 E4.03617
G1 X113.82 Y84.188 F21000
G1 F4800
G1 X35.812 Y6.18 E4.06336
G1 X35.29 Y6.18 F21000
G1 F4800
G1 X113.82 Y84.71 E4.09056
G1 X113.82 Y85.232 F21000
M73 P89 R7
G1 F4800
G1 X34.768 Y6.18 E4.11775
G1 X34.246 Y6.18 F21000
G1 F4800
G1 X113.82 Y85.754 E4.14494
G1 X113.82 Y86.276 F21000
G1 F4800
G1 X33.724 Y6.18 E4.17213
G1 X33.202 Y6.18 F21000
G1 F4800
G1 X113.82 Y86.798 E4.19932
G1 X113.82 Y87.32 F21000
G1 F4800
G1 X32.68 Y6.18 E4.22651
G1 X32.158 Y6.18 F21000
G1 F4800
G1 X113.82 Y87.842 E4.2537
G1 X113.82 Y88.364 F21000
G1 F4800
G1 X31.636 Y6.18 E4.28089
G1 X31.114 Y6.18 F21000
G1 F4800
G1 X113.82 Y88.886 E4.30808
G1 X113.82 Y89.408 F21000
G1 F4800
G1 X30.592 Y6.18 E4.33527
G1 X30.07 Y6.18 F21000
G1 F4800
G1 X113.82 Y89.93 E4.36246
G1 X113.82 Y90.452 F21000
G1 F4800
G1 X29.548 Y6.18 E4.38965
G1 X29.026 Y6.18 F21000
G1 F4800
G1 X113.82 Y90.974 E4.41684
G1 X113.82 Y91.496 F21000
G1 F4800
G1 X28.504 Y6.18 E4.44403
G1 X27.982 Y6.18 F21000
G1 F4800
G1 X113.82 Y92.018 E4.47122
G1 X113.82 Y92.54 F21000
M73 P89 R6
G1 F4800
G1 X27.46 Y6.18 E4.49841
G1 X26.938 Y6.18 F21000
G1 F4800
G1 X113.82 Y93.062 E4.5256
G1 X113.82 Y93.584 F21000
G1 F4800
G1 X26.416 Y6.18 E4.55279
G1 X25.894 Y6.18 F21000
G1 F4800
G1 X113.82 Y94.106 E4.57998
G1 X113.82 Y94.628 F21000
G1 F4800
G1 X25.372 Y6.18 E4.60717
G1 X24.85 Y6.18 F21000
M73 Q89 S6
G1 F4800
G1 X113.82 Y95.15 E4.63437
G1 X113.82 Y95.672 F21000
G1 F4800
G1 X24.328 Y6.18 E4.66156
G1 X23.805 Y6.18 F21000
M73 Q90 S6
G1 F4800
G1 X113.82 Y96.195 E4.6888
G1 X113.82 Y96.717 F21000
G1 F4800
G1 X23.283 Y6.18 E4.71599
G1 X22.761 Y6.18 F21000
G1 F4800
G1 X113.82 Y97.239 E4.74318
G1 X113.82 Y97.761 F21000
G1 F4800
G1 X22.239 Y6.18 E4.77037
G1 X21.717 Y6.18 F21000
G1 F4800
G1 X113.82 Y98.283 E4.79756
G1 X113.82 Y98.805 F21000
M73 P90 R6
G1 F4800
G1 X21.195 Y6.18 E4.82475
G1 X20.673 Y6.18 F21000
G1 F4800
G1 X113.82 Y99.327 E4.85194
G1 X113.82 Y99.849 F21000
G1 F4800
G1 X20.151 Y6.18 E4.87913
G1 X19.629 Y6.18 F21000
G1 F4800
G1 X113.82 Y100.371 E4.90632
G1 X113.82 Y100.893 F21000
G1 F4800
G1 X19.107 Y6.18 E4.93351
G1 X18.585 Y6.18 F21000
G1 F4800
G1 X113.82 Y101.415 E4.9607
G1 X113.82 Y101.937 F21000
G1 F4800
G1 X18.063 Y6.18 E4.98789
G1 X17.541 Y6.18 F21000
G1 F4800
G1 X113.82 Y102.459 E5.01508
G1 X113.82 Y102.981 F21000
G1 F4800
G1 X17.019 Y6.18 E5.04227
G1 X16.497 Y6.18 F21000
G1 F4800
G1 X113.82 Y103.503 E5.06947
G1 X113.82 Y104.025 F21000
G1 F4800
G1 X15.975 Y6.18 E5.09666
G1 X15.453 Y6.18 F21000
G1 F4800
G1 X113.82 Y104.547 E5.12385
G1 X113.82 Y105.069 F21000
G1 F4800
G1 X14.931 Y6.18 E5.15104
G1 X14.409 Y6.18 F21000
G1 F4800
G1 X113.82 Y105.591 E5.17823
G1 X113.82 Y106.113 F21000
G1 F4800
G1 X13.887 Y6.18 E5.20542
G1 X13.365 Y6.18 F21000
G1 F4800
G1 X113.82 Y106.635 E5.23261
G1 X113.82 Y107.157 F21000
G1 F4800
G1 X12.843 Y6.18 E5.2598
G1 X12.321 Y6.18 F21000
G1 F4800
G1 X113.82 Y107.679 E5.28699
G1 X113.82 Y108.201 F21000
G1 F4800
G1 X11.799 Y6.18 E5.31418
G1 X11.277 Y6.18 F21000
M73 Q91 S6
G1 F4800
G1 X113.82 Y108.723 E5.34137
G1 X113.82 Y109.245 F21000
G1 F4800
G1 X10.755 Y6.18 E5.36856
G1 X10.233 Y6.18 F21000
G1 F4800
G1 X113.82 Y109.767 E5.39575
G1 X113.82 Y110.29 F21000
G1 F4800
G1 X9.71 Y6.18 E5.42299
G1 X9.188 Y6.18 F21000
M73 P91 R6
G1 F4800
G1 X113.82 Y110.812 E5.45018
G1 X113.82 Y111.334 F21000
M73 P91 R5
G1 F4800
G1 X8.666 Y6.18 E5.47737
G1 X8.144 Y6.18 F21000
G1 F4800
G1 X113.82 Y111.856 E5.50457
G1 X113.82 Y112.378 F21000
G1 F4800
G1 X7.622 Y6.18 E5.53176
G1 X7.1 Y6.18 F21000
M73 Q91 S5
G1 F4800
G1 X113.82 Y112.9 E5.55895
G1 X113.82 Y113.422 F21000
G1 F4800
G1 X6.578 Y6.18 E5.58614
G1 X6.18 Y6.304 F21000
G1 F4800
G1 X113.82 Y113.944 E5.60687
G1 X113.82 Y114.466 F21000
G1 F4800
G1 X6.18 Y6.826 E5.60687
G1 X6.18 Y7.348 F21000
G1 F4800
G1 X113.82 Y114.988 E5.60687
G1 X113.82 Y115.51 F21000
G1 F4800
G1 X6.18 Y7.87 E5.60687
G1 X6.18 Y8.392 F21000
G1 F4800
G1 X113.82 Y116.032 E5.60687
G1 X113.82 Y116.554 F21000
G1 F4800
G1 X6.18 Y8.914 E5.60687
G1 X6.18 Y9.436 F21000
G1 F4800
G1 X113.82 Y117.076 E5.60687
G1 X113.82 Y117.598 F21000
G1 F4800
G1 X6.18 Y9.958 E5.60687
G1 X6.18 Y10.48 F21000
G1 F4800
G1 X113.82 Y118.12 E5.60687
G1 X113.82 Y118.642 F21000
G1 F4800
G1 X6.18 Y11.002 E5.60687
G1 X6.18 Y11.524 F21000
G1 F4800
G1 X113.82 Y119.164 E5.60687
G1 X113.82 Y119.686 F21000
M73 Q92 S5
G1 F4800
G1 X6.18 Y12.046 E5.60687
G1 X6.18 Y12.568 F21000
G1 F4800
G1 X113.82 Y120.208 E5.60687
G1 X113.82 Y120.73 F21000
G1 F4800
G1 X6.18 Y13.09 E5.60687
G1 X6.18 Y13.612 F21000
G1 F4800
G1 X113.82 Y121.252 E5.60687
G1 X113.82 Y121.774 F21000
M73 P92 R5
G1 F4800
G1 X6.18 Y14.134 E5.60687
G1 X6.18 Y14.656 F21000
G1 F4800
G1 X113.82 Y122.296 E5.60687
G1 X113.82 Y122.818 F21000
G1 F4800
G1 X6.18 Y15.178 E5.60687
G1 X6.18 Y15.7 F21000
G1 F4800
G1 X113.82 Y123.34 E5.60687
G1 X113.82 Y123.862 F21000
G1 F4800
G1 X6.18 Y16.222 E5.60687
G1 X6.18 Y16.744 F21000
G1 F4800
G1 X113.82 Y124.385 E5.60689
G1 X113.82 Y124.907 F21000
G1 F4800
G1 X6.18 Y17.266 E5.60689
G1 X6.18 Y17.788 F21000
G1 F4800
G1 X113.82 Y125.429 E5.60689
G1 X113.82 Y125.951 F21000
G1 F4800
G1 X6.18 Y18.31 E5.60689
G1 X6.18 Y18.832 F21000
G1 F4800
G1 X113.82 Y126.473 E5.60689
G1 X113.82 Y126.995 F21000
G1 F4800
G1 X6.18 Y19.354 E5.60689
G1 X6.18 Y19.876 F21000
M73 P92 R4
G1 F4800
G1 X113.82 Y127.517 E5.60689
G1 X113.82 Y128.039 F21000
G1 F4800
G1 X6.18 Y20.399 E5.60687
G1 X6.18 Y20.921 F21000
G1 F4800
G1 X113.82 Y128.561 E5.60687
G1 X113.82 Y129.083 F21000
M73 Q92 S4
G1 F4800
G1 X6.18 Y21.443 E5.60687
G1 X6.18 Y21.965 F21000
G1 F4800
G1 X113.82 Y129.605 E5.60687
G1 X113.82 Y130.127 F21000
G1 F4800
G1 X6.18 Y22.487 E5.60687
G1 X6.18 Y23.009 F21000
G1 F4800
G1 X113.82 Y130.649 E5.60687
G1 X113.82 Y131.171 F21000
M73 Q93 S4
G1 F4800
G1 X6.18 Y23.531 E5.60687
G1 X6.18 Y24.053 F21000
G1 F4800
G1 X113.82 Y131.693 E5.60687
G1 X113.82 Y132.215 F21000
G1 F4800
G1 X6.18 Y24.575 E5.60687
G1 X6.18 Y25.097 F21000
M73 P93 R4
G1 F4800
G1 X113.82 Y132.737 E5.60687
G1 X113.82 Y133.259 F21000
G1 F4800
G1 X6.18 Y25.619 E5.60687
G1 X6.18 Y26.141 F21000
G1 F4800
G1 X113.82 Y133.781 E5.60687
G1 X113.82 Y134.303 F21000
G1 F4800
G1 X6.18 Y26.663 E5.60687
G1 X6.18 Y27.185 F21000
G1 F4800
G1 X113.82 Y134.825 E5.60687
G1 X113.82 Y135.347 F21000
G1 F4800
G1 X6.18 Y27.707 E5.60687
G1 X6.18 Y28.229 F21000
G1 F4800
G1 X113.82 Y135.869 E5.60687
G1 X113.82 Y136.391 F21000
G1 F4800
G1 X6.18 Y28.751 E5.60687
G1 X6.18 Y29.273 F21000
G1 F4800
G1 X113.82 Y136.913 E5.60687
G1 X113.82 Y137.435 F21000
G1 F4800
G1 X6.18 Y29.795 E5.60687
G1 X6.18 Y30.317 F21000
G1 F4800
G1 X113.82 Y137.957 E5.60687
G1 X113.82 Y138.48 F21000
G1 F4800
G1 X6.18 Y30.839 E5.60689
G1 X6.18 Y31.361 F21000
G1 F4800
G1 X113.82 Y139.002 E5.60689
G1 X113.82 Y139.524 F21000
G1 F4800
G1 X6.18 Y31.883 E5.60689
G1 X6.18 Y32.405 F21000
G1 F4800
G1 X113.82 Y140.046 E5.60689
G1 X113.82 Y140.568 F21000
G1 F4800
G1 X6.18 Y32.927 E5.60689
G1 X6.18 Y33.449 F21000
G1 F4800
G1 X113.82 Y141.09 E5.60689
G1 X113.82 Y141.612 F21000
G1 F4800
G1 X6.18 Y33.971 E5.60689
G1 X6.18 Y34.494 F21000
M73 Q94 S4
G1 F4800
G1 X113.82 Y142.134 E5.60687
G1 X113.82 Y142.656 F21000
G1 F4800
G1 X6.18 Y35.016 E5.60687
G1 X6.18 Y35.538 F21000
G1 F4800
G1 X113.82 Y143.178 E5.60687
G1 X113.82 Y143.7 F21000
M73 P94 R3
G1 F4800
G1 X6.18 Y36.06 E5.60687
G1 X6.18 Y36.582 F21000
G1 F4800
G1 X113.82 Y144.222 E5.60687
G1 X113.82 Y144.744 F21000
G1 F4800
G1 X6.18 Y37.104 E5.60687
G1 X6.18 Y37.626 F21000
M73 Q94 S3
G1 F4800
G1 X113.82 Y145.266 E5.60687
G1 X113.82 Y145.788 F21000
G1 F4800
G1 X6.18 Y38.148 E5.60687
G1 X6.18 Y38.67 F21000
G1 F4800
G1 X113.82 Y146.31 E5.60687
G1 X113.82 Y146.832 F21000
G1 F4800
G1 X6.18 Y39.192 E5.60687
G1 X6.18 Y39.714 F21000
G1 F4800
G1 X113.82 Y147.354 E5.60687
G1 X113.82 Y147.876 F21000
G1 F4800
G1 X6.18 Y40.236 E5.60687
G1 X6.18 Y40.758 F21000
G1 F4800
G1 X113.82 Y148.398 E5.60687
G1 X113.82 Y148.92 F21000
G1 F4800
G1 X6.18 Y41.28 E5.60687
G1 X6.18 Y41.802 F21000
G1 F4800
G1 X113.82 Y149.442 E5.60687
G1 X113.82 Y149.964 F21000
G1 F4800
G1 X6.18 Y42.324 E5.60687
G1 X6.18 Y42.846 F21000
G1 F4800
G1 X113.82 Y150.486 E5.60687
G1 X113.82 Y151.008 F21000
G1 F4800
G1 X6.18 Y43.368 E5.60687
G1 X6.18 Y43.89 F21000
G1 F4800
G1 X113.82 Y151.53 E5.60687
G1 X113.82 Y152.052 F21000
G1 F4800
G1 X6.18 Y44.412 E5.60687
G1 X6.18 Y44.934 F21000
G1 F4800
G1 X113.82 Y152.575 E5.60689
G1 X113.82 Y153.097 F21000
G1 F4800
G1 X6.18 Y45.456 E5.60689
G1 X6.18 Y45.978 F21000
M73 Q95 S3
G1 F4800
G1 X113.422 Y153.22 E5.58614
G1 X112.9 Y153.22 F21000
M73 P95 R3
G1 F4800
G1 X6.18 Y46.5 E5.55895
G1 X6.18 Y47.022 F21000
G1 F4800
G1 X112.378 Y153.22 E5.53176
G1 X111.856 Y153.22 F21000
G1 F4800
G1 X6.18 Y47.544 E5.50457
G1 X6.18 Y48.066 F21000
G1 F4800
G1 X111.334 Y153.22 E5.47737
G1 X110.811 Y153.22 F21000
G1 F4800
G1 X6.18 Y48.589 E5.45013
G1 X6.18 Y49.111 F21000
G1 F4800
G1 X110.289 Y153.22 E5.42294
G1 X109.767 Y153.22 F21000
G1 F4800
G1 X6.18 Y49.633 E5.39575
G1 X6.18 Y50.155 F21000
G1 F4800
G1 X109.245 Y153.22 E5.36856
G1 X108.723 Y153.22 F21000
G1 F4800
G1 X6.18 Y50.677 E5.34137
G1 X6.18 Y51.199 F21000
G1 F4800
G1 X108.201 Y153.22 E5.31418
G1 X107.679 Y153.22 F21000
G1 F4800
G1 X6.18 Y51.721 E5.28699
G1 X6.18 Y52.243 F21000
M73 P95 R2
G1 F4800
G1 X107.157 Y153.22 E5.2598
G1 X106.635 Y153.22 F21000
G1 F4800
G1 X6.18 Y52.765 E5.23261
G1 X6.18 Y53.287 F21000
G1 F4800
G1 X106.113 Y153.22 E5.20542
G1 X105.591 Y153.22 F21000
M73 Q95 S2
G1 F4800
G1 X6.18 Y53.809 E5.17823
G1 X6.18 Y54.331 F21000
G1 F4800
G1 X105.069 Y153.22 E5.15104
G1 X104.547 Y153.22 F21000
G1 F4800
G1 X6.18 Y54.853 E5.12385
G1 X6.18 Y55.375 F21000
G1 F4800
G1 X104.025 Y153.22 E5.09666
G1 X103.503 Y153.22 F21000
G1 F4800
G1 X6.18 Y55.897 E5.06947
G1 X6.18 Y56.419 F21000
G1 F4800
G1 X102.981 Y153.22 E5.04227
G1 X102.459 Y153.22 F21000
G1 F4800
G1 X6.18 Y56.941 E5.01508
G1 X6.18 Y57.463 F21000
M73 Q96 S2
G1 F4800
G1 X101.937 Y153.22 E4.98789
G1 X101.415 Y153.22 F21000
M73 P96 R2
G1 F4800
G1 X6.18 Y57.985 E4.9607
G1 X6.18 Y58.507 F21000
G1 F4800
G1 X100.893 Y153.22 E4.93351
G1 X100.371 Y153.22 F21000
G1 F4800
G1 X6.18 Y59.029 E4.90632
G1 X6.18 Y59.551 F21000
G1 F4800
G1 X99.849 Y153.22 E4.87913
G1 X99.327 Y153.22 F21000
G1 F4800
G1 X6.18 Y60.073 E4.85194
G1 X6.18 Y60.595 F21000
G1 F4800
G1 X98.805 Y153.22 E4.82475
G1 X98.283 Y153.22 F21000
G1 F4800
G1 X6.18 Y61.117 E4.79756
G1 X6.18 Y61.639 F21000
G1 F4800
G1 X97.761 Y153.22 E4.77037
G1 X97.239 Y153.22 F21000
G1 F4800
G1 X6.18 Y62.161 E4.74318
G1 X6.18 Y62.684 F21000
G1 F4800
G1 X96.716 Y153.22 E4.71594
G1 X96.194 Y153.22 F21000
G1 F4800
G1 X6.18 Y63.206 E4.68875
G1 X6.18 Y63.728 F21000
G1 F4800
G1 X95.672 Y153.22 E4.66156
G1 X95.15 Y153.22 F21000
G1 F4800
G1 X6.18 Y64.25 E4.63437
G1 X6.18 Y64.772 F21000
G1 F4800
G1 X94.628 Y153.22 E4.60717
G1 X94.106 Y153.22 F21000
G1 F4800
G1 X6.18 Y65.294 E4.57998
G1 X6.18 Y65.816 F21000
G1 F4800
G1 X93.584 Y153.22 E4.55279
G1 X93.062 Y153.22 F21000
G1 F4800
G1 X6.18 Y66.338 E4.5256
G1 X6.18 Y66.86 F21000
G1 F4800
G1 X92.54 Y153.22 E4.49841
G1 X92.018 Y153.22 F21000
G1 F4800
G1 X6.18 Y67.382 E4.47122
G1 X6.18 Y67.904 F21000
G1 F4800
G1 X91.496 Y153.22 E4.44403
G1 X90.974 Y153.22 F21000
G1 F4800
G1 X6.18 Y68.426 E4.41684
G1 X6.18 Y68.948 F21000
G1 F4800
G1 X90.452 Y153.22 E4.38965
G1 X89.93 Y153.22 F21000
G1 F4800
G1 X6.18 Y69.47 E4.36246
G1 X6.18 Y69.992 F21000
G1 F4800
G1 X89.408 Y153.22 E4.33527
G1 X88.886 Y153.22 F21000
G1 F4800
G1 X6.18 Y70.514 E4.30808
G1 X6.18 Y71.036 F21000
M73 Q97 S2
G1 F4800
G1 X88.364 Y153.22 E4.28089
G1 X87.842 Y153.22 F21000
M73 P97 R1
G1 F4800
G1 X6.18 Y71.558 E4.2537
G1 X6.18 Y72.08 F21000
G1 F4800
G1 X87.32 Y153.22 E4.22651
G1 X86.798 Y153.22 F21000
G1 F4800
G1 X6.18 Y72.602 E4.19932
G1 X6.18 Y73.124 F21000
M73 Q97 S1
G1 F4800
G1 X86.276 Y153.22 E4.17213
G1 X85.754 Y153.22 F21000
G1 F4800
G1 X6.18 Y73.646 E4.14494
G1 X6.18 Y74.168 F21000
G1 F4800
G1 X85.232 Y153.22 E4.11775
G1 X84.71 Y153.22 F21000
G1 F4800
G1 X6.18 Y74.69 E4.09056
G1 X6.18 Y75.212 F21000
G1 F4800
G1 X84.188 Y153.22 E4.06336
G1 X83.666 Y153.22 F21000
G1 F4800
G1 X6.18 Y75.734 E4.03617
G1 X6.18 Y76.256 F21000
G1 F4800
G1 X83.144 Y153.22 E4.00898
G1 X82.621 Y153.22 F21000
G1 F4800
G1 X6.18 Y76.779 E3.98174
G1 X6.18 Y77.301 F21000
G1 F4800
G1 X82.099 Y153.22 E3.95455
G1 X81.577 Y153.22 F21000
G1 F4800
G1 X6.18 Y77.823 E3.92736
G1 X6.18 Y78.345 F21000
G1 F4800
G1 X81.055 Y153.22 E3.90017
G1 X80.533 Y153.22 F21000
G1 F4800
G1 X6.18 Y78.867 E3.87298
G1 X6.18 Y79.389 F21000
G1 F4800
G1 X80.011 Y153.22 E3.84579
G1 X79.489 Y153.22 F21000
G1 F4800
G1 X6.18 Y79.911 E3.8186
G1 X6.18 Y80.433 F21000
G1 F4800
G1 X78.967 Y153.22 E3.79141
G1 X78.445 Y153.22 F21000
G1 F4800
G1 X6.18 Y80.955 E3.76422
G1 X6.18 Y81.477 F21000
G1 F4800
G1 X77.923 Y153.22 E3.73703
G1 X77.401 Y153.22 F21000
G1 F4800
G1 X6.18 Y81.999 E3.70984
G1 X6.18 Y82.521 F21000
G1 F4800
G1 X76.879 Y153.22 E3.68265
G1 X76.357 Y153.22 F21000
G1 F4800
G1 X6.18 Y83.043 E3.65546
G1 X6.18 Y83.565 F21000
G1 F4800
G1 X75.835 Y153.22 E3.62826
G1 X75.313 Y153.22 F21000
G1 F4800
G1 X6.18 Y84.087 E3.60107
G1 X6.18 Y84.609 F21000
G1 F4800
G1 X74.791 Y153.22 E3.57388
G1 X74.269 Y153.22 F21000
G1 F4800
G1 X6.18 Y85.131 E3.54669
G1 X6.18 Y85.653 F21000
G1 F4800
G1 X73.747 Y153.22 E3.5195
G1 X73.225 Y153.22 F21000
G1 F4800
G1 X6.18 Y86.175 E3.49231
G1 X6.18 Y86.697 F21000
M73 P98 R1
M73 Q98 S1
G1 F4800
G1 X72.703 Y153.22 E3.46512
G1 X72.181 Y153.22 F21000
G1 F4800
G1 X6.18 Y87.219 E3.43793
G1 X6.18 Y87.741 F21000
G1 F4800
G1 X71.659 Y153.22 E3.41074
G1 X71.137 Y153.22 F21000
G1 F4800
G1 X6.18 Y88.263 E3.38355
G1 X6.18 Y88.785 F21000
G1 F4800
G1 X70.615 Y153.22 E3.35636
G1 X70.093 Y153.22 F21000
G1 F4800
G1 X6.18 Y89.307 E3.32917
G1 X6.18 Y89.829 F21000
G1 F4800
G1 X69.571 Y153.22 E3.30198
G1 X69.049 Y153.22 F21000
G1 F4800
G1 X6.18 Y90.351 E3.27479
G1 X6.18 Y90.874 F21000
G1 F4800
G1 X68.526 Y153.22 E3.24755
G1 X68.004 Y153.22 F21000
G1 F4800
G1 X6.18 Y91.396 E3.22036
G1 X6.18 Y91.918 F21000
G1 F4800
G1 X67.482 Y153.22 E3.19316
G1 X66.96 Y153.22 F21000
G1 F4800
G1 X6.18 Y92.44 E3.16597
G1 X6.18 Y92.962 F21000
G1 F4800
G1 X66.438 Y153.22 E3.13878
G1 X65.916 Y153.22 F21000
G1 F4800
G1 X6.18 Y93.484 E3.11159
G1 X6.18 Y94.006 F21000
G1 F4800
G1 X65.394 Y153.22 E3.0844
G1 X64.872 Y153.22 F21000
G1 F4800
G1 X6.18 Y94.528 E3.05721
G1 X6.18 Y95.05 F21000
G1 F4800
G1 X64.35 Y153.22 E3.03002
G1 X63.828 Y153.22 F21000
G1 F4800
G1 X6.18 Y95.572 E3.00283
G1 X6.18 Y96.094 F21000
G1 F4800
G1 X63.306 Y153.22 E2.97564
G1 X62.784 Y153.22 F21000
M73 P98 R0
G1 F4800
G1 X6.18 Y96.616 E2.94845
G1 X6.18 Y97.138 F21000
G1 F4800
G1 X62.262 Y153.22 E2.92126
G1 X61.74 Y153.22 F21000
M73 Q98 S0
G1 F4800
G1 X6.18 Y97.66 E2.89407
G1 X6.18 Y98.182 F21000
G1 F4800
G1 X61.218 Y153.22 E2.86688
G1 X60.696 Y153.22 F21000
G1 F4800
G1 X6.18 Y98.704 E2.83969
G1 X6.18 Y99.226 F21000
G1 F4800
G1 X60.174 Y153.22 E2.8125
G1 X59.652 Y153.22 F21000
G1 F4800
G1 X6.18 Y99.748 E2.78531
G1 X6.18 Y100.27 F21000
G1 F4800
G1 X59.13 Y153.22 E2.75812
G1 X58.608 Y153.22 F21000
G1 F4800
G1 X6.18 Y100.792 E2.73093
G1 X6.18 Y101.314 F21000
G1 F4800
G1 X58.086 Y153.22 E2.70374
G1 X57.564 Y153.22 F21000
G1 F4800
G1 X6.18 Y101.836 E2.67655
G1 X6.18 Y102.358 F21000
G1 F4800
G1 X57.042 Y153.22 E2.64935
G1 X56.52 Y153.22 F21000
G1 F4800
G1 X6.18 Y102.88 E2.62216
G1 X6.18 Y103.402 F21000
G1 F4800
G1 X55.998 Y153.22 E2.59497
G1 X55.476 Y153.22 F21000
G1 F4800
G1 X6.18 Y103.924 E2.56778
G1 X6.18 Y104.447 F21000
G1 F4800
G1 X54.954 Y153.22 E2.54057
G1 X54.431 Y153.22 F21000
G1 F4800
G1 X6.18 Y104.969 E2.51335
G1 X6.18 Y105.491 F21000
G1 F4800
G1 X53.909 Y153.22 E2.48616
G1 X53.387 Y153.22 F21000
G1 F4800
G1 X6.18 Y106.013 E2.45897
G1 X6.18 Y106.535 F21000
G1 F4800
G1 X52.865 Y153.22 E2.43178
G1 X52.343 Y153.22 F21000
M73 P99 R0
G1 F4800
G1 X6.18 Y107.057 E2.40459
G1 X6.18 Y107.579 F21000
M73 Q99 S0
G1 F4800
G1 X51.821 Y153.22 E2.3774
G1 X51.299 Y153.22 F21000
G1 F4800
G1 X6.18 Y108.101 E2.35021
G1 X6.18 Y108.623 F21000
G1 F4800
G1 X50.777 Y153.22 E2.32302
G1 X50.255 Y153.22 F21000
G1 F4800
G1 X6.18 Y109.145 E2.29583
G1 X6.18 Y109.667 F21000
G1 F4800
G1 X49.733 Y153.22 E2.26864
G1 X49.211 Y153.22 F21000
G1 F4800
G1 X6.18 Y110.189 E2.24145
G1 X6.18 Y110.711 F21000
G1 F4800
G1 X48.689 Y153.22 E2.21425
G1 X48.167 Y153.22 F21000
G1 F4800
G1 X6.18 Y111.233 E2.18706
G1 X6.18 Y111.755 F21000
G1 F4800
G1 X47.645 Y153.22 E2.15987
G1 X47.123 Y153.22 F21000
G1 F4800
G1 X6.18 Y112.277 E2.13268
G1 X6.18 Y112.799 F21000
G1 F4800
G1 X46.601 Y153.22 E2.10549
G1 X46.079 Y153.22 F21000
G1 F4800
G1 X6.18 Y113.321 E2.0783
G1 X6.18 Y113.843 F21000
G1 F4800
G1 X45.557 Y153.22 E2.05111
G1 X45.035 Y153.22 F21000
G1 F4800
G1 X6.18 Y114.365 E2.02392
G1 X6.18 Y114.887 F21000
G1 F4800
G1 X44.513 Y153.22 E1.99673
G1 X43.991 Y153.22 F21000
G1 F4800
G1 X6.18 Y115.409 E1.96954
G1 X6.18 Y115.931 F21000
G1 F4800
G1 X43.469 Y153.22 E1.94235
G1 X42.947 Y153.22 F21000
G1 F4800
G1 X6.18 Y116.453 E1.91516
G1 X6.18 Y116.975 F21000
G1 F4800
G1 X42.425 Y153.22 E1.88797
G1 X41.903 Y153.22 F21000
G1 F4800
G1 X6.18 Y117.497 E1.86078
G1 X6.18 Y118.019 F21000
G1 F4800
G1 X41.381 Y153.22 E1.83359
G1 X40.858 Y153.22 F21000
G1 F4800
G1 X6.18 Y118.542 E1.80635
G1 X6.18 Y119.064 F21000
G1 F4800
G1 X40.336 Y153.22 E1.77915
G1 X39.814 Y153.22 F21000
G1 F4800
G1 X6.18 Y119.586 E1.75196
G1 X6.18 Y120.108 F21000
G1 F4800
G1 X39.292 Y153.22 E1.72477
G1 X38.77 Y153.22 F21000
G1 F4800
G1 X6.18 Y120.63 E1.69758
G1 X6.18 Y121.152 F21000
G1 F4800
G1 X38.248 Y153.22 E1.67039
G1 X37.726 Y153.22 F21000
G1 F4800
G1 X6.18 Y121.674 E1.6432
G1 X6.18 Y122.196 F21000
G1 F4800
G1 X37.204 Y153.22 E1.61601
G1 X36.682 Y153.22 F21000
G1 F4800
G1 X6.18 Y122.718 E1.58882
G1 X6.18 Y123.24 F21000
G1 F4800
G1 X36.16 Y153.22 E1.56163
G1 X35.638 Y153.22 F21000
G1 F4800
G1 X6.18 Y123.762 E1.53444
G1 X6.18 Y124.284 F21000
G1 F4800
G1 X35.116 Y153.22 E1.50725
G1 X34.594 Y153.22 F21000
G1 F4800
G1 X6.18 Y124.806 E1.48006
G1 X6.18 Y125.328 F21000
G1 F4800
G1 X34.072 Y153.22 E1.45287
G1 X33.55 Y153.22 F21000
G1 F4800
G1 X6.18 Y125.85 E1.42568
G1 X6.18 Y126.372 F21000
G1 F4800
G1 X33.028 Y153.22 E1.39849
G1 X32.506 Y153.22 F21000
G1 F4800
G1 X6.18 Y126.894 E1.3713
G1 X6.18 Y127.416 F21000
G1 F4800
G1 X31.984 Y153.22 E1.34411
G1 X31.462 Y153.22 F21000
G1 F4800
G1 X6.18 Y127.938 E1.31692
G1 X6.18 Y128.46 F21000
G1 F4800
G1 X30.94 Y153.22 E1.28973
G1 X30.418 Y153.22 F21000
G1 F4800
G1 X6.18 Y128.982 E1.26254
G1 X6.18 Y129.504 F21000
G1 F4800
G1 X29.896 Y153.22 E1.23534
G1 X29.374 Y153.22 F21000
G1 F4800
G1 X6.18 Y130.026 E1.20815
G1 X6.18 Y130.548 F21000
G1 F4800
G1 X28.852 Y153.22 E1.18096
G1 X28.33 Y153.22 F21000
G1 F4800
G1 X6.18 Y131.07 E1.15377
G1 X6.18 Y131.592 F21000
G1 F4800
G1 X27.808 Y153.22 E1.12658
G1 X27.286 Y153.22 F21000
G1 F4800
G1 X6.18 Y132.114 E1.09939
G1 X6.18 Y132.637 F21000
G1 F4800
G1 X26.763 Y153.22 E1.07215
G1 X26.241 Y153.22 F21000
G1 F4800
G1 X6.18 Y133.159 E1.04496
G1 X6.18 Y133.681 F21000
G1 F4800
G1 X25.719 Y153.22 E1.01777
G1 X25.197 Y153.22 F21000
G1 F4800
G1 X6.18 Y134.203 E.99058
G1 X6.18 Y134.725 F21000
G1 F4800
G1 X24.675 Y153.22 E.96339
G1 X24.153 Y153.22 F21000
G1 F4800
G1 X6.18 Y135.247 E.9362
G1 X6.18 Y135.769 F21000
G1 F4800
G1 X23.631 Y153.22 E.90901
G1 X23.109 Y153.22 F21000
G1 F4800
G1 X6.18 Y136.291 E.88182
G1 X6.18 Y136.813 F21000
G1 F4800
G1 X22.587 Y153.22 E.85463
G1 X22.065 Y153.22 F21000
G1 F4800
G1 X6.18 Y137.335 E.82743
G1 X6.18 Y137.857 F21000
G1 F4800
G1 X21.543 Y153.22 E.80024
G1 X21.021 Y153.22 F21000
G1 F4800
G1 X6.18 Y138.379 E.77305
G1 X6.18 Y138.901 F21000
G1 F4800
G1 X20.499 Y153.22 E.74586
G1 X19.977 Y153.22 F21000
G1 F4800
G1 X6.18 Y139.423 E.71867
G1 X6.18 Y139.945 F21000
G1 F4800
G1 X19.455 Y153.22 E.69148
G1 X18.933 Y153.22 F21000
G1 F4800
G1 X6.18 Y140.467 E.66429
G1 X6.18 Y140.989 F21000
G1 F4800
G1 X18.411 Y153.22 E.6371
G1 X17.889 Y153.22 F21000
G1 F4800
G1 X6.18 Y141.511 E.60991
G1 X6.18 Y142.033 F21000
G1 F4800
G1 X17.367 Y153.22 E.58272
G1 X16.845 Y153.22 F21000
G1 F4800
G1 X6.18 Y142.555 E.55553
G1 X6.18 Y143.077 F21000
G1 F4800
G1 X16.323 Y153.22 E.52834
G1 X15.801 Y153.22 F21000
G1 F4800
G1 X6.18 Y143.599 E.50115
G1 X6.18 Y144.121 F21000
G1 F4800
G1 X15.279 Y153.22 E.47396
G1 X14.757 Y153.22 F21000
G1 F4800
G1 X6.18 Y144.643 E.44677
G1 X6.18 Y145.165 F21000
G1 F4800
G1 X14.235 Y153.22 E.41958
G1 X13.713 Y153.22 F21000
G1 F4800
G1 X6.18 Y145.687 E.39239
G1 X6.18 Y146.209 F21000
G1 F4800
G1 X13.191 Y153.22 E.3652
G1 X12.668 Y153.22 F21000
G1 F4800
G1 X6.18 Y146.732 E.33795
G1 X6.18 Y147.254 F21000
G1 F4800
G1 X12.146 Y153.22 E.31076
G1 X11.624 Y153.22 F21000
G1 F4800
G1 X6.18 Y147.776 E.28357
G1 X6.18 Y148.298 F21000
G1 F4800
G1 X11.102 Y153.22 E.25638
G1 X10.58 Y153.22 F21000
G1 F4800
G1 X6.18 Y148.82 E.22919
G1 X6.18 Y149.342 F21000
G1 F4800
G1 X10.058 Y153.22 E.202
G1 X9.536 Y153.22 F21000
G1 F4800
G1 X6.18 Y149.864 E.17481
G1 X6.18 Y150.386 F21000
G1 F4800
G1 X9.014 Y153.22 E.14762
G1 X8.492 Y153.22 F21000
G1 F4800
G1 X6.18 Y150.908 E.12043
G1 X6.18 Y151.43 F21000
G1 F4800
G1 X7.97 Y153.22 E.09324
G1 X7.448 Y153.22 F21000
G1 F4800
G1 X6.18 Y151.952 E.06605
G1 X6.18 Y152.474 F21000
G1 F4800
G1 X6.926 Y153.22 E.03886
M486 S-1
G1 E-.16 F2700
;WIPE_START
G1 F16800;_WIPE
G1 X6.18 Y152.474 E-.16108
;WIPE_END
G1 E-.47892 F2700
M107
;TYPE:Custom
; Filament-specific end gcode
G1 Z2.16 F720 ; Move print head up
M104 S0 ; turn off temperature
M140 S0 ; turn off heatbed
M141 S0 ; disable chamber control
M107 ; turn off fan
G1 X242 Y211 F10200 ; park
G4 ; wait
M572 S0 ; reset PA
M84 X Y E ; disable motors
; max_layer_z = 1.16
M73 P100 R0
M73 Q100 S0
; objects_info = {"objects":[{"name":"plate_02_roof.stl","polygon":[[5.000,5.000],[233.000,5.000],[233.000,154.400],[5.000,154.400]]}]}
; filament used [mm] = 16106.51
; filament used [cm3] = 38.74
; filament used [g] = 48.04
; filament cost = 1.22
; total filament used [g] = 48.04
; total filament cost = 1.22
; total filament used for wipe tower [g] = 0.00
; estimated printing time (normal mode) = 1h 6m 46s
; estimated printing time (silent mode) = 1h 9m 35s
; estimated first layer printing time (normal mode) = 15m 23s
; estimated first layer printing time (silent mode) = 15m 50s

; prusaslicer_config = begin
; arc_fitting = disabled
; autoemit_temperature_commands = 1
; automatic_extrusion_widths = 0
; automatic_infill_combination = 0
; automatic_infill_combination_max_layer_height = 100%
; avoid_crossing_curled_overhangs = 0
; avoid_crossing_perimeters = 0
; avoid_crossing_perimeters_max_detour = 0
; bed_custom_model = 
; bed_custom_texture = 
; bed_shape = 0x0,250x0,250x220,0x220
; bed_temperature = 60
; bed_temperature_extruder = 0
; before_layer_gcode = ;BEFORE_LAYER_CHANGE\nG92 E0.0\n;[layer_z]\n{if layer_z > 150}\nM201 X{interpolate_table(layer_z, (0,7000), (150,7000), (200,4000), (270,2000))} Y{interpolate_table(layer_z, (0,7000), (150,7000), (200,4000), (270,2000))}\n{endif}\n
; between_objects_gcode = 
; binary_gcode = 0
; bottom_fill_pattern = monotonic
; bottom_solid_layers = 4
; bottom_solid_min_thickness = 0.5
; bridge_acceleration = 1500
; bridge_angle = 0
; bridge_fan_speed = 100
; bridge_flow_ratio = 1
; bridge_speed = 50
; brim_separation = 0.1
; brim_type = outer_only
; brim_width = 3
; chamber_minimal_temperature = 0
; chamber_temperature = 20
; color_change_gcode = M600\nG1 E0.3 F1500 ; prime after color change
; colorprint_heights = 
; complete_objects = 0
; cooling = 1
; cooling_perimeter_transition_distance = 10
; cooling_slowdown_logic = consistent_surface
; cooling_tube_length = 20
; cooling_tube_retraction = 45
; custom_parameters_filament = ""
; custom_parameters_print = 
; custom_parameters_printer = 
; default_acceleration = 0
; deretract_speed = 25
; disable_fan_first_layers = 1
; dont_support_bridges = 0
; draft_shield = disabled
; duplicate_distance = 6
; elefant_foot_compensation = 0.2
; enable_dynamic_fan_speeds = 1
; enable_dynamic_overhang_speeds = 1
; end_filament_gcode = "; Filament-specific end gcode"
; end_gcode = {if layer_z < max_print_height}G1 Z{z_offset+min(max_layer_z+1, max_print_height)} F720 ; Move print head up{endif}\nM104 S0 ; turn off temperature\nM140 S0 ; turn off heatbed\nM141 S0 ; disable chamber control\nM107 ; turn off fan\nG1 X242 Y211 F10200 ; park\nG4 ; wait\nM572 S0 ; reset PA\nM84 X Y E ; disable motors\n; max_layer_z = [max_layer_z]
; ensure_vertical_shell_thickness = enabled
; external_perimeter_acceleration = 1500
; external_perimeter_extrusion_width = 0.45
; external_perimeter_speed = 50
; external_perimeters_first = 0
; extra_loading_move = -52
; extra_perimeters = 0
; extra_perimeters_on_overhangs = 0
; extruder_clearance_height = 33
; extruder_clearance_radius = 75
; extruder_colour = ""
; extruder_offset = 0x0
; extrusion_axis = E
; extrusion_multiplier = 1
; extrusion_width = 0.45
; fan_always_on = 1
; fan_below_layer_time = 40
; filament_abrasive = 0
; filament_colour = #FF8000
; filament_cooling_final_speed = 3.5
; filament_cooling_initial_speed = 10
; filament_cooling_moves = 2
; filament_cost = 25.4
; filament_density = 1.24
; filament_deretract_speed = nil
; filament_diameter = 1.75
; filament_flush_speed = 0
; filament_flush_volume = 0
; filament_infill_max_crossing_speed = 0
; filament_infill_max_speed = 0
; filament_load_time = 10.9
; filament_loading_speed = 10
; filament_loading_speed_start = 50
; filament_max_volumetric_speed = 15
; filament_minimal_purge_on_wipe_tower = 15
; filament_multitool_ramming = 0
; filament_multitool_ramming_flow = 10
; filament_multitool_ramming_volume = 10
; filament_notes = ""
; filament_purge_multiplier = 81.25%
; filament_ramming_parameters = "250 100 40.1613 40.3548 40.4516 40.3548 40.2581| 0.05 40.1483 0.45 40.3419 0.95 40.3419 1.45 40.3419 1.95 40.3419 2.45 40.3419 2.95 40.3419 3.45 40.3419 3.95 40.3419 4.45 40.3419 4.95 40.3419"
; filament_retract_before_travel = nil
; filament_retract_before_wipe = 20%
; filament_retract_layer_change = nil
; filament_retract_length = 0.8
; filament_retract_length_toolchange = nil
; filament_retract_lift = 0.15
; filament_retract_lift_above = nil
; filament_retract_lift_below = nil
; filament_retract_restart_extra = nil
; filament_retract_restart_extra_toolchange = nil
; filament_retract_speed = nil
; filament_seam_gap_distance = nil
; filament_settings_id = "Generic PLA @COREONE"
; filament_shrinkage_compensation_xy = 0%
; filament_shrinkage_compensation_z = 0%
; filament_soluble = 0
; filament_spool_weight = 0
; filament_stamping_distance = 45
; filament_stamping_loading_speed = 29
; filament_toolchange_delay = 0
; filament_travel_lift_before_obstacle = nil
; filament_travel_max_lift = 0.6
; filament_travel_ramping_lift = 1
; filament_travel_slope = 1
; filament_type = PLA
; filament_unload_time = 8.9
; filament_unloading_speed = 40
; filament_unloading_speed_start = 30
; filament_vendor = Generic
; filament_wipe = 1
; fill_angle = 45
; fill_density = 10%
; fill_pattern = grid
; first_layer_acceleration = 500
; first_layer_acceleration_over_raft = 0
; first_layer_bed_temperature = 60
; first_layer_extrusion_width = 0.5
; first_layer_height = 0.2
; first_layer_infill_speed = 100
; first_layer_speed = 45
; first_layer_speed_over_raft = 30
; first_layer_temperature = 230
; full_fan_speed_layer = 3
; fuzzy_skin = none
; fuzzy_skin_point_dist = 0.8
; fuzzy_skin_thickness = 0.3
; gap_fill_enabled = 1
; gap_fill_speed = 60
; gcode_comments = 0
; gcode_flavor = marlin2
; gcode_label_objects = firmware
; gcode_resolution = 0.008
; gcode_substitutions = 
; high_current_on_filament_swap = 0
; host_type = prusalink
; idle_temperature = 170
; infill_acceleration = 6000
; infill_anchor = 2
; infill_anchor_max = 12
; infill_every_layers = 1
; infill_extruder = 1
; infill_extrusion_width = 0.45
; infill_first = 0
; infill_overlap = 15%
; infill_speed = 120
; interface_shells = 0
; interlocking_beam = 0
; interlocking_beam_layer_count = 2
; interlocking_beam_width = 0.8
; interlocking_boundary_avoidance = 2
; interlocking_depth = 2
; interlocking_orientation = 22.5
; ironing = 0
; ironing_flowrate = 15%
; ironing_spacing = 0.1
; ironing_speed = 15
; ironing_type = top
; layer_gcode = ;AFTER_LAYER_CHANGE\n;[layer_z]
; layer_height = 0.24
; machine_limits_usage = emit_to_gcode
; machine_max_acceleration_e = 5000,2500
; machine_max_acceleration_extruding = 7000,2500
; machine_max_acceleration_retracting = 2500,2500
; machine_max_acceleration_travel = 7000,2500
; machine_max_acceleration_x = 10000,2500
; machine_max_acceleration_y = 10000,2500
; machine_max_acceleration_z = 400,200
; machine_max_feedrate_e = 100,100
; machine_max_feedrate_x = 350,160
; machine_max_feedrate_y = 350,160
; machine_max_feedrate_z = 12,12
; machine_max_jerk_e = 10,10
; machine_max_jerk_x = 10,8
; machine_max_jerk_y = 10,8
; machine_max_jerk_z = 2,2
; machine_max_junction_deviation = 0,0
; machine_min_extruding_rate = 0,0
; machine_min_travel_rate = 0,0
; max_fan_speed = 100
; max_layer_height = 0.3
; max_print_height = 270
; max_print_speed = 300
; max_volumetric_extrusion_rate_slope_negative = 0
; max_volumetric_extrusion_rate_slope_positive = 0
; max_volumetric_speed = 0
; min_bead_width = 85%
; min_fan_speed = 85
; min_feature_size = 25%
; min_layer_height = 0.07
; min_print_speed = 20
; min_skirt_length = 4
; mmu_segmented_region_interlocking_depth = 0
; mmu_segmented_region_max_width = 0
; multimaterial_purging = 140
; notes = 
; nozzle_diameter = 0.4
; nozzle_high_flow = 0
; only_one_perimeter_first_layer = 0
; only_retract_when_crossing_perimeters = 0
; ooze_prevention = 0
; output_filename_format = {input_filename_base}_0.4n_{layer_height}mm_{printing_filament_types}_{printer_model}_{print_time}.gcode
; over_bridge_speed = 50%
; overhang_fan_speed_0 = 100
; overhang_fan_speed_1 = 100
; overhang_fan_speed_2 = 0
; overhang_fan_speed_3 = 0
; overhang_speed_0 = 15
; overhang_speed_1 = 25
; overhang_speed_2 = 45
; overhang_speed_3 = 90%
; overhangs = 1
; parking_pos_retraction = 84
; pause_print_gcode = M601
; perimeter_acceleration = 2500
; perimeter_extruder = 1
; perimeter_extrusion_width = 0.45
; perimeter_generator = arachne
; perimeter_speed = 70
; perimeters = 3
; physical_printer_settings_id = 
; post_process = 
; prefer_clockwise_movements = 0
; print_settings_id = Robobus v5 0.24mm 3 perimeters
; printer_model = COREONE
; printer_notes = Don't remove the following keywords! These keywords are used in the "compatible printer" condition of the print and filament profiles to link the particular print and filament profiles to this printer profile.\nPRINTER_MODEL_COREONE\nPG\nNO_TEMPLATES
; printer_settings_id = Prusa CORE One 0.4 nozzle
; printer_technology = FFF
; printer_variant = 0.4
; printer_vendor = 
; raft_contact_distance = 0.15
; raft_expansion = 1.5
; raft_first_layer_density = 90%
; raft_first_layer_expansion = 3
; raft_layers = 0
; remaining_times = 1
; resolution = 0
; retract_before_travel = 1.5
; retract_before_wipe = 80%
; retract_layer_change = 1
; retract_length = 0.7
; retract_length_toolchange = 0
; retract_lift = 0.2
; retract_lift_above = 0
; retract_lift_below = 269
; retract_restart_extra = 0
; retract_restart_extra_toolchange = 0
; retract_speed = 45
; scarf_seam_entire_loop = 0
; scarf_seam_length = 20
; scarf_seam_max_segment_length = 1
; scarf_seam_on_inner_perimeters = 0
; scarf_seam_only_on_smooth = 1
; scarf_seam_placement = nowhere
; scarf_seam_start_height = 0%
; seam_gap_distance = 15%
; seam_position = aligned
; silent_mode = 1
; single_extruder_multi_material = 0
; single_extruder_multi_material_priming = 0
; skirt_distance = 6
; skirt_height = 1
; skirts = 0
; slice_closing_radius = 0.049
; slicing_mode = regular
; slowdown_below_layer_time = 8
; small_perimeter_speed = 50
; solid_infill_acceleration = 4000
; solid_infill_below_area = 0
; solid_infill_every_layers = 0
; solid_infill_extruder = 1
; solid_infill_extrusion_width = 0.45
; solid_infill_speed = 140
; spiral_vase = 0
; staggered_inner_seams = 0
; standby_temperature_delta = -5
; start_filament_gcode = "M572 S{if nozzle_diameter[filament_extruder_id]==0.4}0.03{elsif nozzle_diameter[filament_extruder_id]==0.5}0.022{elsif nozzle_diameter[filament_extruder_id]==0.6}0.019{elsif nozzle_diameter[filament_extruder_id]==0.8}0.013{elsif nozzle_diameter[filament_extruder_id]==0.25}0.1{elsif nozzle_diameter[filament_extruder_id]==0.3}0.07{else}0{endif} ; Filament gcode\n\nM142 S36 ; set heatbreak target temp"
; start_gcode = M17 ; enable steppers\nM862.1 P[nozzle_diameter] A{(filament_abrasive[0] ? 1 : 0)} F{(nozzle_high_flow[0] ? 1 : 0)} ; nozzle check\nM862.3 P "COREONE" ; printer model check\nM862.5 P2 ; g-code level check\nM862.6 P"Input shaper" ; FW feature check\nM115 U6.4.0+11974\n\nM555 X{(min(print_bed_max[0], first_layer_print_min[0] + 32) - 32)} Y{(max(0, first_layer_print_min[1]) - 4)} W{((min(print_bed_max[0], max(first_layer_print_min[0] + 32, first_layer_print_max[0])))) - ((min(print_bed_max[0], first_layer_print_min[0] + 32) - 32))} H{((first_layer_print_max[1])) - ((max(0, first_layer_print_min[1]) - 4))}\n\nG90 ; use absolute coordinates\nM83 ; extruder relative mode\n\n{if chamber_minimal_temperature[initial_tool]!=0}\nM140 S115 ; set bed temp for chamber heating\n{else}\nM140 S[first_layer_bed_temperature] ; set bed temp\n{endif}\n\nM109 R{((filament_notes[0]=~/.*MBL160.*/) ? 160 : (filament_notes[0]=~/.*HT_MBL10.*/) ? (first_layer_temperature[0] - 10) : (filament_type[0] == "PC" or filament_type[0] == "PA") ? (first_layer_temperature[0] - 25) : (filament_type[0] == "FLEX") ? 210 : 170)} ; wait for temp\n\nM84 E ; turn off E motor\n\nG28 ; home all without mesh bed level\n\n{if chamber_minimal_temperature[initial_tool]!=0}\n; Min chamber temp section\nM104 S{idle_temperature[initial_tool]} ; set idle temp\nG1 Z10 F720 ; set bed position\nG1 X242 Y-9 F4800 ; set print head position\nM191 S{chamber_minimal_temperature[initial_tool]} ; wait for minimal chamber temp\nM141 S{chamber_temperature[initial_tool]} ; set nominal chamber temp\nM107\nM140 S[first_layer_bed_temperature] ; set bed temp\n{else}\nM141 S{chamber_temperature[initial_tool]} ; set nominal chamber temp\n{endif}\n\n{if first_layer_bed_temperature[initial_tool]<=60}M106 S70{endif}\nG0 Z40 F10000\nM104 T{initial_tool} S{if is_nil(idle_temperature[initial_tool])}100{else}{idle_temperature[initial_tool]}{endif}\nM190 R[first_layer_bed_temperature] ; wait for bed temp\nM107\n\nG29 G ; absorb heat\n\nM109 R{((filament_notes[0]=~/.*MBL160.*/) ? 160 : (filament_notes[0]=~/.*HT_MBL10.*/) ? (first_layer_temperature[0] - 10) : (filament_type[0] == "PC" or filament_type[0] == "PA") ? (first_layer_temperature[0] - 25) : (filament_type[0] == "FLEX") ? 210 : 170)} ; wait for MBL temp\n\nM302 S155 ; lower cold extrusion limit to 155C\n\n{if filament_type[initial_tool]=="FLEX"}\nG1 E-4 F2400 ; retraction\n{else}\nG1 E-2 F2400 ; retraction\n{endif}\n\nM84 E ; turn off E motor\n\nG29 P9 X208 Y-2.5 W32 H4\n\n;\n; MBL\n;\nM84 E ; turn off E motor\nG29 P1 ; invalidate mbl & probe print area\nG29 P1 X150 Y0 W100 H20 C ; probe near purge place\nG29 P3.2 ; interpolate mbl probes\nG29 P3.13 ; extrapolate mbl outside probe area\nG29 A ; activate mbl\n\n; prepare for purge\nM104 S{first_layer_temperature[0]}\nG0 X249 Y-2.5 Z15 F4800 ; move away and ready for the purge\nM109 S{first_layer_temperature[0]}\n\nG92 E0\nM569 S0 E ; set spreadcycle mode for extruder\n\nM591 S0 ; disable stuck detection\n\n;\n; Extrude purge line\n;\nG92 E0 ; reset extruder position\nG1 E{(filament_type[0] == "FLEX" ? 4 : 2)} F2400 ; deretraction after the initial one\nG0 E5 X235 Z0.2 F500 ; purge\nG0 X225 E4 F500 ; purge\nG0 X215 E4 F650 ; purge\nG0 X205 E4 F800 ; purge\nG0 X202 Z0.05 F8000 ; wipe, move close to the bed\nG0 X199 Z0.2 F8000 ; wipe, move quickly away from the bed\n\nM591 R ; restore stuck detection\n\nG92 E0\nM221 S100 ; set flow to 100%
; support_material = 0
; support_material_angle = 0
; support_material_auto = 1
; support_material_bottom_contact_distance = 0
; support_material_bottom_interface_layers = 0
; support_material_buildplate_only = 0
; support_material_closing_radius = 2
; support_material_contact_distance = 0.2
; support_material_enforce_layers = 0
; support_material_extruder = 0
; support_material_extrusion_width = 0.4
; support_material_interface_contact_loops = 0
; support_material_interface_extruder = 0
; support_material_interface_layers = 3
; support_material_interface_pattern = auto
; support_material_interface_spacing = 0.2
; support_material_interface_speed = 50
; support_material_pattern = rectilinear
; support_material_spacing = 2
; support_material_speed = 120
; support_material_style = snug
; support_material_synchronize_layers = 0
; support_material_threshold = 30
; support_material_with_sheath = 0
; support_material_xy_spacing = 80%
; support_tree_angle = 40
; support_tree_angle_slow = 25
; support_tree_branch_diameter = 2
; support_tree_branch_diameter_angle = 5
; support_tree_branch_diameter_double_wall = 8
; support_tree_branch_distance = 1
; support_tree_tip_diameter = 0.8
; support_tree_top_rate = 30%
; temperature = 220
; template_custom_gcode = 
; thick_bridges = 0
; thin_walls = 0
; thumbnails = 16x16/QOI, 313x173/QOI, 480x240/QOI, 380x285/PNG
; thumbnails_format = PNG
; toolchange_gcode = 
; toolchange_ordering = optimized
; top_fill_pattern = monotoniclines
; top_infill_extrusion_width = 0.42
; top_one_perimeter_type = none
; top_solid_infill_acceleration = 2000
; top_solid_infill_speed = 80
; top_solid_layers = 5
; top_solid_min_thickness = 0.7
; travel_acceleration = 7000
; travel_lift_before_obstacle = 0
; travel_max_lift = 1.5
; travel_ramping_lift = 1
; travel_short_distance_acceleration = 250
; travel_slope = 1
; travel_speed = 350
; travel_speed_z = 12
; use_firmware_retraction = 0
; use_relative_e_distances = 1
; use_volumetric_e = 0
; variable_layer_height = 1
; wall_distribution_count = 1
; wall_transition_angle = 10
; wall_transition_filter_deviation = 25%
; wall_transition_length = 100%
; wipe = 0
; wipe_into_infill = 0
; wipe_into_objects = 0
; wipe_tower = 1
; wipe_tower_acceleration = 0
; wipe_tower_bridging = 10
; wipe_tower_brim_width = 2
; wipe_tower_cone_angle = 25
; wipe_tower_extra_flow = 250%
; wipe_tower_extra_spacing = 110%
; wipe_tower_extruder = 0
; wipe_tower_no_sparse_layers = 0
; wipe_tower_width = 60
; wiping_volumes_matrix = 0
; wiping_volumes_use_custom_matrix = 0
; xy_size_compensation = 0
; z_offset = 0
; prusaslicer_config = end
