; generated by PrusaSlicer 2.9.6 on 2026-09-25 at 17:45:33 UTC

; 

; external perimeters extrusion width = 0.45mm
; perimeters extrusion width = 0.45mm
; infill extrusion width = 0.45mm
; solid infill extrusion width = 0.45mm
; top infill extrusion width = 0.42mm
; first layer extrusion width = 0.50mm

M73 P0 R15
M73 Q0 S18
M201 X10000 Y10000 Z400 E5000 ; sets maximum accelerations, mm/sec^2
M203 X350 Y350 Z12 E100 ; sets maximum feedrates, mm / sec
M204 P7000 R2500 T7000 ; sets acceleration (P, T) and retract acceleration (R), mm/sec^2
M205 X10.00 Y10.00 Z2.00 E10.00 ; sets the jerk limits, mm/sec
M205 S0 T0 ; sets the minimum extruding and travel feed rate, mm/sec

M486 S0
M486 Aplate_06_sensor.stl
M486 S-1

;TYPE:Custom
M17 ; enable steppers
M862.1 P0.4 A0 F0 ; nozzle check
M862.3 P "COREONE" ; printer model check
M862.5 P2 ; g-code level check
M862.6 P"Input shaper" ; FW feature check
M115 U6.4.0+11974

M555 X2.1 Y-1.9 W219.8 H32.6

G90 ; use absolute coordinates
M83 ; extruder relative mode


M140 S60 ; set bed temp


M109 R170 ; wait for temp

M84 E ; turn off E motor

G28 ; home all without mesh bed level


M141 S20 ; set nominal chamber temp


M106 S70
G0 Z40 F10000
M104 T0 S170
M190 R60 ; wait for bed temp
M107

G29 G ; absorb heat

M109 R170 ; wait for MBL temp

M302 S155 ; lower cold extrusion limit to 155C


G1 E-2 F2400 ; retraction


M84 E ; turn off E motor

G29 P9 X208 Y-2.5 W32 H4

;
; MBL
;
M84 E ; turn off E motor
G29 P1 ; invalidate mbl & probe print area
G29 P1 X150 Y0 W100 H20 C ; probe near purge place
G29 P3.2 ; interpolate mbl probes
G29 P3.13 ; extrapolate mbl outside probe area
G29 A ; activate mbl

; prepare for purge
M104 S230
G0 X249 Y-2.5 Z15 F4800 ; move away and ready for the purge
M73 Q0 S17
M109 S230

G92 E0
M569 S0 E ; set spreadcycle mode for extruder

M591 S0 ; disable stuck detection

;
; Extrude purge line
;
G92 E0 ; reset extruder position
G1 E2 F2400 ; deretraction after the initial one
G0 E5 X235 Z0.2 F500 ; purge
G0 X225 E4 F500 ; purge
G0 X215 E4 F650 ; purge
M73 P1 R15
G0 X205 E4 F800 ; purge
M73 Q1 S17
G0 X202 Z0.05 F8000 ; wipe, move close to the bed
G0 X199 Z0.2 F8000 ; wipe, move quickly away from the bed

M591 R ; restore stuck detection

G92 E0
M221 S100 ; set flow to 100%
G21 ; set units to millimeters
G90 ; use absolute coordinates
M83 ; use relative distances for extrusion
M572 S0.03 ; Filament gcode

M142 S36 ; set heatbreak target temp
M107
;LAYER_CHANGE
;Z:0.2
;HEIGHT:0.2
G1 E-.8 F2700
G1 Z.8 F720
G1 X3.414 Y3.292 F21000
G1 Z.2 F720
M204 T7000
G1 E.8 F1500
;TYPE:Skirt/Brim
;WIDTH:0.5
G1 F2700
G1 X3.516 Y3.187 E.00556
G1 X3.924 Y2.901 E.01894
G1 X4.374 Y2.704 E.01867
G1 X4.746 Y2.609 E.01459
G1 X11.193 Y2.601 E.24503
G1 X11.624 Y2.703 E.01683
G1 X12.076 Y2.901 E.01875
G1 X12.479 Y3.182 E.01867
G1 X12.847 Y3.555 E.01991
G1 X13.096 Y3.916 E.01667
G1 X13.294 Y4.367 E.01872
G1 X13.404 Y4.856 E.01905
G1 X13.413 Y12.586 E.29379
G1 X92.586 Y12.586 E3.00907
G1 X92.586 Y4.955 E.29003
G1 X92.7 Y4.384 E.02213
G1 X92.887 Y3.949 E.018
G1 X93.105 Y3.614 E.01519
G1 X93.51 Y3.193 E.0222
G1 X93.821 Y2.959 E.01479
G1 X94.366 Y2.707 E.02282
G1 X94.811 Y2.601 E.01739
G1 X101.145 Y2.596 E.24073
G1 X101.598 Y2.695 E.01762
G1 X102.096 Y2.911 E.02063
G1 X102.453 Y3.161 E.01656
G1 X102.822 Y3.525 E.0197
G1 X103.144 Y4.008 E.02206
G1 X103.312 Y4.423 E.01702
G1 X103.41 Y4.91 E.01888
G1 X103.404 Y19.145 E.54102
G1 X103.305 Y19.598 E.01762
G1 X103.089 Y20.096 E.02063
G1 X102.839 Y20.453 E.01656
G1 X102.474 Y20.822 E.01973
G1 X102.071 Y21.102 E.01865
G1 X101.617 Y21.3 E.01882
G1 X101.045 Y21.414 E.02217
G1 X74.213 Y21.414 E1.01979
G1 X74.198 Y28.003 E.25042
G1 X74.103 Y28.403 E.01563
G1 X73.841 Y28.979 E.02405
G1 X73.275 Y29.621 E.03253
G1 X72.79 Y29.946 E.02219
G1 X72.375 Y30.113 E.017
G1 X71.935 Y30.205 E.01708
G1 X63.756 Y30.214 E.31085
G1 X63.182 Y30.1 E.02224
G1 X62.766 Y29.922 E.0172
G1 X62.356 Y29.647 E.01876
G1 X61.981 Y29.278 E.02
G1 X61.705 Y28.884 E.01828
G1 X61.503 Y28.425 E.01906
G1 X61.395 Y27.936 E.01903
G1 X61.386 Y21.414 E.24788
G1 X4.955 Y21.414 E2.14473
G1 X4.385 Y21.301 E.02209
G1 X3.981 Y21.13 E.01667
G1 X3.607 Y20.89 E.01689
G1 X3.157 Y20.449 E.02395
G1 X2.899 Y20.074 E.0173
G1 X2.702 Y19.621 E.01877
G1 X2.595 Y19.137 E.01884
M73 P2 R15
G1 X2.595 Y4.863 E.5425
G1 X2.7 Y4.384 E.01864
G1 X2.87 Y3.981 E.01662
G1 X3.109 Y3.609 E.0168
G1 X3.373 Y3.336 E.01443
G1 X3.702 Y3.653 F21000
G1 F2700
G1 X3.829 Y3.521 E.00696
G1 X4.162 Y3.291 E.01538
G1 X4.828 Y3.059 E.0268
G1 X11.117 Y3.053 E.23902
G1 X11.465 Y3.132 E.01356
G1 X11.838 Y3.291 E.01541
G1 X12.169 Y3.519 E.01528
G1 X12.508 Y3.862 E.01833
G1 X12.686 Y4.12 E.01191
G1 X12.867 Y4.531 E.01707
G1 X12.947 Y4.882 E.01368
G1 X12.957 Y13.043 E.31017
G1 X93.043 Y13.043 E3.04377
G1 X93.043 Y4.978 E.30652
M73 P2 R14
M73 Q2 S17
G1 X93.13 Y4.539 E.01701
G1 X93.451 Y3.913 E.02674
G1 X93.825 Y3.524 E.02051
G1 X94.072 Y3.341 E.01168
G1 X94.532 Y3.133 E.01919
G1 X94.886 Y3.053 E.01379
G1 X101.118 Y3.053 E.23686
G1 X101.472 Y3.135 E.01381
G1 X101.889 Y3.319 E.01732
G1 X102.482 Y3.832 E.0298
G1 X102.731 Y4.204 E.01701
G1 X102.87 Y4.54 E.01382
G1 X102.952 Y4.934 E.0153
G1 X102.947 Y19.118 E.53908
G1 X102.865 Y19.472 E.01381
G1 X102.681 Y19.889 E.01732
G1 X102.48 Y20.17 E.01313
G1 X102.167 Y20.483 E.01682
G1 X101.833 Y20.711 E.01537
G1 X101.46 Y20.87 E.01541
G1 X101.022 Y20.957 E.01697
G1 X73.756 Y20.957 E1.03628
G1 X73.741 Y27.972 E.26661
G1 X73.666 Y28.271 E.01172
G1 X73.459 Y28.728 E.01907
G1 X72.968 Y29.282 E.02813
G1 X72.596 Y29.531 E.01701
G1 X72.224 Y29.681 E.01524
G1 X71.868 Y29.752 E.0138
G1 X63.778 Y29.757 E.30747
G1 X63.34 Y29.67 E.01697
G1 X62.967 Y29.511 E.01541
G1 X62.633 Y29.283 E.01537
G1 X62.32 Y28.97 E.01682
G1 X62.094 Y28.644 E.01508
G1 X61.932 Y28.267 E.0156
G1 X61.848 Y27.866 E.01557
G1 X61.843 Y20.957 E.26259
G1 X4.978 Y20.957 E2.16123
G1 X4.538 Y20.869 E.01705
G1 X4.206 Y20.732 E.01365
G1 X3.909 Y20.545 E.01334
G1 X3.494 Y20.14 E.02204
G1 X3.292 Y19.839 E.01378
G1 X3.132 Y19.464 E.0155
G1 X3.048 Y19.067 E.01542
G1 X3.048 Y4.933 E.53718
G1 X3.131 Y4.538 E.01534
G1 X3.455 Y3.908 E.02692
G1 X3.66 Y3.696 E.01121
G1 X3.985 Y4.015 F21000
G1 F2700
G1 X4.139 Y3.857 E.00839
G1 X4.363 Y3.702 E.01035
G1 X4.907 Y3.51 E.02193
G1 X11.045 Y3.505 E.23328
G1 X11.637 Y3.702 E.02371
G1 X12.167 Y4.167 E.0268
G1 X12.437 Y4.69 E.02237
G1 X12.495 Y4.955 E.01031
G1 X12.5 Y13.5 E.32476
G1 X93.5 Y13.5 E3.07851
G1 X93.5 Y5 E.32305
G1 X93.561 Y4.693 E.0119
G1 X93.798 Y4.211 E.02041
G1 X94.319 Y3.727 E.02703
G1 X94.693 Y3.562 E.01554
G1 X94.957 Y3.505 E.01026
G1 X101.045 Y3.505 E.23138
G1 X101.309 Y3.562 E.01026
G1 X101.681 Y3.727 E.01547
G1 X102.143 Y4.139 E.02353
G1 X102.439 Y4.693 E.02387
G1 X102.5 Y5 E.0119
G1 X102.495 Y19.045 E.5338
G1 X102.438 Y19.309 E.01026
M73 P3 R14
G1 X102.273 Y19.681 E.01547
G1 X101.861 Y20.143 E.02353
G1 X101.307 Y20.439 E.02387
G1 X101 Y20.5 E.0119
G1 X73.3 Y20.5 E1.05278
G1 X73.29 Y27.893 E.28098
G1 X73.073 Y28.481 E.02382
G1 X72.661 Y28.943 E.02353
G1 X72.4 Y29.117 E.01192
G1 X71.843 Y29.295 E.02222
G1 X63.8 Y29.3 E.30568
G1 X63.2 Y29.117 E.02384
G1 X62.939 Y28.943 E.01192
G1 X62.505 Y28.443 E.02516
G1 X62.362 Y28.11 E.01377
G1 X62.3 Y27.8 E.01202
G1 X62.3 Y20.5 E.27745
G1 X5 Y20.5 E2.17776
G1 X4.693 Y20.439 E.0119
G1 X4.176 Y20.174 E.02208
G1 X3.857 Y19.861 E.01699
G1 X3.702 Y19.637 E.01035
G1 X3.505 Y19.043 E.02378
G1 X3.505 Y4.957 E.53536
G1 X3.561 Y4.694 E.01022
G1 X3.826 Y4.176 E.02211
G1 X3.943 Y4.057 E.00634
G1 X4.253 Y4.404 F21000
G1 F2700
G1 X4.596 Y4.096 E.01752
G1 X4.981 Y3.962 E.01549
G1 X11.019 Y3.962 E.22948
G1 X11.404 Y4.096 E.01549
G1 X11.806 Y4.449 E.02033
G1 X12.038 Y4.981 E.02206
G1 X12.043 Y13.957 E.34114
G1 X93.957 Y13.957 E3.11325
G1 X93.957 Y5.023 E.33955
M73 Q3 S17
G1 X94.097 Y4.593 E.01719
G1 X94.45 Y4.193 E.02028
G1 X94.848 Y3.992 E.01695
G1 X95.023 Y3.957 E.00678
G1 X101.019 Y3.962 E.22789
G1 X101.551 Y4.194 E.02206
G1 X101.904 Y4.596 E.02033
G1 X102.043 Y5.023 E.01707
G1 X102.038 Y19.019 E.53194
G1 X101.806 Y19.551 E.02206
G1 X101.404 Y19.904 E.02033
G1 X100.977 Y20.043 E.01707
G1 X72.843 Y20.043 E1.06927
G1 X72.838 Y27.819 E.29554
G1 X72.684 Y28.24 E.01704
G1 X72.353 Y28.604 E.0187
G1 X71.953 Y28.808 E.01707
G1 X71.777 Y28.843 E.00682
G1 X63.823 Y28.843 E.3023
G1 X63.647 Y28.808 E.00682
G1 X63.247 Y28.604 E.01707
G1 X62.916 Y28.24 E.0187
G1 X62.757 Y27.777 E.01861
G1 X62.757 Y20.043 E.29394
G1 X5.023 Y20.043 E2.19426
G1 X4.593 Y19.903 E.01719
G1 X4.195 Y19.552 E.02017
G1 X3.992 Y19.153 E.01701
G1 X3.957 Y18.977 E.00682
G1 X3.957 Y5.023 E.53034
G1 X4.17 Y4.478 E.02224
G1 X4.209 Y4.444 E.00197
G1 X4.535 Y4.754 F21000
G1 F2700
G1 X4.754 Y4.535 E.01177
G1 X5.045 Y4.414 E.01198
G1 X10.999 Y4.423 E.22629
G1 X11.246 Y4.535 E.01031
G1 X11.465 Y4.754 E.01177
G1 X11.586 Y5.045 E.01198
G1 X11.586 Y14.414 E.35608
G1 X94.414 Y14.414 E3.14799
M73 P4 R14
G1 X94.414 Y5.045 E.35608
G1 X94.51 Y4.791 E.01032
G1 X94.754 Y4.535 E.01344
G1 X95.045 Y4.414 E.01198
G1 X100.955 Y4.414 E.22462
G1 X101.209 Y4.51 E.01032
G1 X101.465 Y4.754 E.01344
G1 X101.586 Y5.045 E.01198
G1 X101.586 Y18.955 E.52867
G1 X101.465 Y19.246 E.01198
G1 X101.209 Y19.49 E.01344
G1 X100.955 Y19.586 E.01032
G1 X72.386 Y19.586 E1.0858
G1 X72.386 Y27.755 E.31047
G1 X72.265 Y28.046 E.01198
G1 X72.009 Y28.29 E.01344
G1 X71.755 Y28.386 E.01032
G1 X63.845 Y28.386 E.30063
G1 X63.591 Y28.29 E.01032
G1 X63.335 Y28.046 E.01344
G1 X63.214 Y27.755 E.01198
G1 X63.214 Y19.586 E.31047
G1 X5.001 Y19.577 E2.21246
G1 X4.754 Y19.465 E.01031
G1 X4.535 Y19.246 E.01177
G1 X4.414 Y18.955 E.01198
G1 X4.423 Y5.001 E.53034
G1 X4.51 Y4.809 E.00801
M73 Q4 S17
G1 X4.906 Y5.029 F21000
G1 F2700
G1 X5.113 Y4.871 E.0099
G1 X10.887 Y4.871 E.21945
G1 X10.971 Y4.906 E.00346
G1 X11.129 Y5.113 E.0099
G1 X11.129 Y14.871 E.37087
G1 X94.871 Y14.871 E3.18273
G1 X94.871 Y5.113 E.37087
G1 X94.906 Y5.029 E.00346
G1 X95.113 Y4.871 E.0099
G1 X100.887 Y4.871 E.21945
G1 X100.971 Y4.906 E.00346
G1 X101.129 Y5.113 E.0099
G1 X101.129 Y18.887 E.5235
G1 X101.094 Y18.971 E.00346
G1 X100.887 Y19.129 E.0099
G1 X71.929 Y19.129 E1.10059
G1 X71.929 Y27.687 E.32526
G1 X71.894 Y27.771 E.00346
M73 P5 R14
G1 X71.687 Y27.929 E.0099
G1 X63.913 Y27.929 E.29546
G1 X63.706 Y27.771 E.0099
G1 X63.671 Y27.687 E.00346
G1 X63.671 Y19.129 E.32526
G1 X5.113 Y19.129 E2.22557
G1 X5.029 Y19.094 E.00346
G1 X4.871 Y18.887 E.0099
G1 X4.871 Y5.113 E.5235
G1 X4.883 Y5.085 E.00116
G1 E-.16
;WIPE_START
G1 F16800
G1 X4.906 Y5.029 E-.00924
G1 X5.113 Y4.871 E-.03976
G1 X8.984 Y4.871 E-.591
;WIPE_END
G1 X38.012 Y4.935 Z.707 F21000
G1 X40.151 Y4.939 Z.74
G1 X42.289 Y4.944 Z.766
G1 X44.427 Y4.949 Z.785
G1 X48.703 Y4.958 Z.8
G1 X106.586 Y5.085
G1 Z.2 F720
G1 E.8 F1500
G1 F2700
G1 X106.586 Y4.96 E.00475
G1 X106.669 Y4.485 E.01833
G1 X106.848 Y4.025 E.01876
G1 X107.106 Y3.613 E.01848
G1 X107.588 Y3.127 E.02601
G1 X107.966 Y2.878 E.0172
G1 X108.382 Y2.7 E.0172
G1 X108.955 Y2.586 E.0222
G1 X188.495 Y2.59 E3.02302
G1 X188.995 Y2.694 E.01941
G1 X189.496 Y2.911 E.02075
G1 X189.853 Y3.161 E.01656
G1 X190.222 Y3.526 E.01973
G1 X190.502 Y3.929 E.01865
G1 X190.7 Y4.383 E.01882
G1 X190.814 Y4.955 E.02217
G1 X190.814 Y8.039 E.11721
G1 X190.719 Y8.557 E.02002
G1 X190.355 Y9.308 E.03172
G1 X189.886 Y9.811 E.02614
G1 X189.472 Y10.101 E.01921
G1 X188.95 Y10.32 E.02151
G1 X188.548 Y10.404 E.01561
G1 X160.113 Y10.414 E1.08071
G1 X160.091 Y20.255 E.37402
G1 X159.991 Y20.64 E.01512
G1 X159.765 Y21.139 E.02082
G1 X159.516 Y21.481 E.01608
G1 X159.175 Y21.822 E.01833
G1 X158.771 Y22.102 E.01868
G1 X158.317 Y22.3 E.01882
G1 X157.745 Y22.414 E.02217
G1 X139.654 Y22.414 E.68757
G1 X139.113 Y22.309 E.02095
G1 X138.56 Y22.064 E.02299
G1 X138.219 Y21.816 E.01603
G1 X137.658 Y21.178 E.03229
G1 X137.406 Y20.632 E.02286
G1 X137.291 Y20.089 E.0211
G1 X137.286 Y10.414 E.36771
G1 X108.954 Y10.414 E1.0768
M73 Q5 S17
G1 X108.425 Y10.313 E.02047
G1 X107.965 Y10.122 E.01893
G1 X107.556 Y9.847 E.01873
G1 X107.181 Y9.478 E.02
G1 X106.905 Y9.084 E.01828
G1 X106.688 Y8.578 E.02093
G1 X106.586 Y8.045 E.02062
G1 X106.586 Y5.145 E.11022
G1 X107.043 Y5.145 F21000
G1 F2700
G1 X107.043 Y4.981 E.00623
G1 X107.114 Y4.591 E.01507
G1 X107.265 Y4.214 E.01543
G1 X107.451 Y3.913 E.01345
G1 X107.863 Y3.492 E.02239
G1 X108.166 Y3.29 E.01384
G1 X108.54 Y3.13 E.01546
G1 X108.978 Y3.043 E.01697
G1 X188.47 Y3.048 E3.0212
G1 X188.873 Y3.135 E.01567
G1 X189.289 Y3.319 E.01729
G1 X189.57 Y3.52 E.01313
G1 X189.883 Y3.833 E.01682
G1 X190.111 Y4.167 E.01537
G1 X190.27 Y4.54 E.01541
G1 X190.357 Y4.978 E.01697
G1 X190.357 Y8.019 E.11558
G1 X190.286 Y8.409 E.01507
G1 X190.135 Y8.788 E.01551
G1 X189.977 Y9.05 E.01163
G1 X189.572 Y9.478 E.0224
G1 X189.234 Y9.71 E.01558
G1 X188.831 Y9.879 E.01661
G1 X188.522 Y9.947 E.01202
G1 X159.657 Y9.957 E1.09705
G1 X159.641 Y20.172 E.38824
M73 P6 R14
G1 X159.566 Y20.471 E.01172
G1 X159.359 Y20.928 E.01907
G1 X158.867 Y21.483 E.02819
G1 X158.533 Y21.711 E.01537
G1 X158.16 Y21.87 E.01541
G1 X157.722 Y21.957 E.01697
G1 X139.678 Y21.957 E.68579
G1 X139.231 Y21.866 E.01734
G1 X138.772 Y21.659 E.01914
G1 X138.531 Y21.481 E.01139
G1 X138.041 Y20.928 E.02808
G1 X137.834 Y20.469 E.01914
G1 X137.743 Y20.022 E.01734
G1 X137.743 Y9.957 E.38253
G1 X108.978 Y9.957 E1.09325
G1 X108.54 Y9.87 E.01697
G1 X108.167 Y9.711 E.01541
G1 X107.833 Y9.483 E.01537
G1 X107.52 Y9.17 E.01682
G1 X107.295 Y8.845 E.01502
G1 X107.12 Y8.425 E.01729
G1 X107.043 Y8.023 E.01556
G1 X107.043 Y5.205 E.1071
G1 X107.5 Y5.205 F21000
G1 F2700
G1 X107.5 Y5.001 E.00775
G1 X107.547 Y4.739 E.01012
G1 X107.799 Y4.211 E.02224
G1 X108.139 Y3.858 E.01863
G1 X108.4 Y3.683 E.01194
G1 X109 Y3.5 E.02384
G1 X188.445 Y3.505 E3.01941
G1 X188.709 Y3.562 E.01026
G1 X189.081 Y3.727 E.01547
G1 X189.543 Y4.139 E.02353
G1 X189.839 Y4.693 E.02387
G1 X189.9 Y5 E.0119
G1 X189.9 Y7.999 E.11398
G1 X189.853 Y8.261 E.01012
G1 X189.601 Y8.789 E.02224
G1 X189.261 Y9.142 E.01863
G1 X189 Y9.317 E.01194
G1 X188.493 Y9.49 E.02036
G1 X159.2 Y9.5 E1.11332
G1 X159.19 Y20.093 E.4026
G1 X158.973 Y20.681 E.02382
G1 X158.561 Y21.143 E.02353
G1 X158.007 Y21.439 E.02387
G1 X157.7 Y21.5 E.0119
G1 X139.7 Y21.5 E.68411
G1 X139.391 Y21.438 E.01198
G1 X139.019 Y21.273 E.01547
G1 X138.556 Y20.86 E.02358
G1 X138.427 Y20.681 E.00839
G1 X138.262 Y20.309 E.01547
G1 X138.2 Y20 E.01198
G1 X138.2 Y9.5 E.39907
G1 X109 Y9.5 E1.10978
G1 X108.4 Y9.317 E.02384
M73 Q5 S16
G1 X108.139 Y9.143 E.01192
G1 X107.857 Y8.861 E.01516
G1 X107.562 Y8.31 E.02375
G1 X107.5 Y8 E.01202
G1 X107.5 Y5.265 E.10395
G1 X107.978 Y5.268 F21000
G1 F2700
G1 X107.981 Y4.886 E.01452
G1 X108.17 Y4.478 E.01709
G1 X108.448 Y4.195 E.01508
G1 X108.847 Y3.992 E.01701
G1 X109.023 Y3.957 E.00682
G1 X188.419 Y3.962 E3.01755
G1 X188.951 Y4.194 E.02206
M73 Q6 S16
G1 X189.204 Y4.447 E.0136
G1 X189.408 Y4.847 E.01707
G1 X189.443 Y5.023 E.00682
G1 X189.443 Y7.98 E.11238
G1 X189.23 Y8.522 E.02213
G1 X188.804 Y8.904 E.02175
G1 X188.419 Y9.038 E.01549
G1 X158.743 Y9.043 E1.12788
G1 X158.738 Y20.019 E.41716
M73 P7 R14
G1 X158.506 Y20.551 E.02206
G1 X158.104 Y20.904 E.02033
G1 X157.677 Y21.043 E.01707
G1 X139.723 Y21.043 E.68237
G1 X139.548 Y21.008 E.00678
G1 X139.149 Y20.806 E.017
G1 X138.816 Y20.44 E.01881
G1 X138.657 Y19.977 E.01861
G1 X138.657 Y9.043 E.41556
G1 X109.023 Y9.043 E1.12628
G1 X108.847 Y9.008 E.00682
G1 X108.447 Y8.804 E.01707
G1 X108.116 Y8.44 E.0187
G1 X107.957 Y7.977 E.01861
G1 X107.977 Y5.328 E.10068
G1 X108.414 Y5.328 F21000
G1 F2700
G1 X108.414 Y5.045 E.01076
G1 X108.535 Y4.754 E.01198
G1 X108.791 Y4.51 E.01344
G1 X109.045 Y4.414 E.01032
G1 X188.399 Y4.423 E3.01595
G1 X188.646 Y4.535 E.01031
G1 X188.865 Y4.754 E.01177
G1 X188.986 Y5.045 E.01198
G1 X188.986 Y7.955 E.1106
G1 X188.865 Y8.246 E.01198
G1 X188.609 Y8.49 E.01344
G1 X188.355 Y8.586 E.01032
G1 X158.286 Y8.586 E1.14281
G1 X158.286 Y19.955 E.43209
G1 X158.165 Y20.246 E.01198
G1 X157.909 Y20.49 E.01344
G1 X157.655 Y20.586 E.01032
G1 X139.745 Y20.586 E.68069
G1 X139.491 Y20.49 E.01032
G1 X139.235 Y20.246 E.01344
G1 X139.114 Y19.955 E.01198
G1 X139.114 Y8.586 E.43209
G1 X109.045 Y8.586 E1.14281
G1 X108.754 Y8.465 E.01198
G1 X108.51 Y8.209 E.01344
G1 X108.414 Y7.955 E.01032
G1 X108.414 Y5.388 E.09756
G1 X108.871 Y5.388 F21000
G1 F2700
G1 X108.871 Y5.113 E.01045
G1 X108.906 Y5.029 E.00346
G1 X109.113 Y4.871 E.0099
G1 X188.287 Y4.871 E3.00911
G1 X188.371 Y4.906 E.00346
G1 X188.529 Y5.113 E.0099
G1 X188.529 Y7.887 E.10543
G1 X188.494 Y7.971 E.00346
G1 X188.287 Y8.129 E.0099
G1 X157.829 Y8.129 E1.1576
G1 X157.829 Y19.887 E.44688
G1 X157.794 Y19.971 E.00346
G1 X157.587 Y20.129 E.0099
G1 X139.813 Y20.129 E.67552
M73 Q7 S16
G1 X139.729 Y20.094 E.00346
M73 P8 R14
G1 X139.571 Y19.887 E.0099
G1 X139.571 Y8.129 E.44688
G1 X109.113 Y8.129 E1.1576
G1 X109.029 Y8.094 E.00346
G1 X108.871 Y7.887 E.0099
G1 X108.871 Y5.448 E.0927
G1 E-.16
;WIPE_START
G1 F16800
G1 X108.871 Y5.388 E-.00916
G1 X108.871 Y5.113 E-.04199
G1 X108.906 Y5.029 E-.01389
G1 X109.113 Y4.871 E-.03976
G1 X112.618 Y4.871 E-.5352
;WIPE_END
G1 X141.646 Y5.077 Z.707 F21000
G1 X143.784 Y5.092 Z.74
G1 X145.922 Y5.107 Z.766
G1 X148.06 Y5.122 Z.785
G1 X152.337 Y5.153 Z.8
G1 X193.986 Y5.448
G1 Z.2 F720
G1 E.8 F1500
G1 F2700
G1 X193.986 Y4.954 E.01878
G1 X194.091 Y4.413 E.02095
G1 X194.336 Y3.86 E.02299
G1 X194.595 Y3.507 E.01664
G1 X195.054 Y3.073 E.02401
G1 X195.386 Y2.867 E.01485
G1 X195.785 Y2.7 E.01644
G1 X196.356 Y2.586 E.02213
G1 X219.096 Y2.59 E.86426
G1 X219.595 Y2.694 E.01937
G1 X220.097 Y2.911 E.02079
G1 X220.453 Y3.161 E.01653
G1 X220.822 Y3.526 E.01973
G1 X221.102 Y3.929 E.01865
G1 X221.3 Y4.383 E.01882
G1 X221.414 Y4.955 E.02217
G1 X221.414 Y20.046 E.57355
G1 X221.309 Y20.587 E.02095
G1 X221.064 Y21.14 E.02299
G1 X220.805 Y21.493 E.01664
G1 X220.346 Y21.927 E.02401
G1 X220.014 Y22.133 E.01485
G1 X219.615 Y22.3 E.01644
G1 X219.045 Y22.414 E.02209
G1 X196.354 Y22.414 E.8624
G1 X195.813 Y22.309 E.02095
G1 X195.26 Y22.064 E.02299
G1 X194.907 Y21.805 E.01664
G1 X194.473 Y21.346 E.02401
G1 X194.267 Y21.014 E.01485
G1 X194.1 Y20.615 E.01644
G1 X193.986 Y20.045 E.02209
G1 X193.986 Y5.508 E.5525
G1 X194.443 Y5.508 F21000
G1 F2700
G1 X194.443 Y4.978 E.02014
G1 X194.534 Y4.531 E.01734
G1 X194.741 Y4.072 E.01914
G1 X194.924 Y3.826 E.01165
G1 X195.349 Y3.423 E.02226
G1 X195.606 Y3.268 E.01141
G1 X195.938 Y3.131 E.01365
G1 X196.378 Y3.043 E.01705
G1 X219.07 Y3.048 E.86244
G1 X219.473 Y3.135 E.01567
G1 X219.889 Y3.319 E.01729
G1 X220.17 Y3.52 E.01313
G1 X220.483 Y3.833 E.01682
G1 X220.711 Y4.167 E.01537
G1 X220.87 Y4.54 E.01541
G1 X220.957 Y4.978 E.01697
G1 X220.957 Y20.022 E.57177
G1 X220.866 Y20.469 E.01734
G1 X220.659 Y20.928 E.01914
G1 X220.476 Y21.174 E.01165
G1 X220.051 Y21.577 E.02226
G1 X219.794 Y21.732 E.01141
G1 X219.462 Y21.869 E.01365
G1 X219.022 Y21.957 E.01705
G1 X196.378 Y21.957 E.86062
G1 X195.931 Y21.866 E.01734
G1 X195.472 Y21.659 E.01914
G1 X195.226 Y21.476 E.01165
G1 X194.823 Y21.051 E.02226
G1 X194.668 Y20.794 E.01141
G1 X194.531 Y20.462 E.01365
G1 X194.443 Y20.022 E.01705
G1 X194.443 Y5.568 E.54934
G1 X194.9 Y5.568 F21000
G1 F2700
G1 X194.9 Y5 E.02159
G1 X194.962 Y4.691 E.01198
G1 X195.127 Y4.319 E.01547
G1 X195.611 Y3.798 E.02703
G1 X196.093 Y3.561 E.02041
G1 X196.4 Y3.5 E.0119
G1 X219.045 Y3.505 E.86065
G1 X219.309 Y3.562 E.01026
G1 X219.681 Y3.727 E.01547
G1 X220.143 Y4.139 E.02353
G1 X220.439 Y4.693 E.02387
G1 X220.5 Y5 E.0119
G1 X220.5 Y20 E.57009
G1 X220.438 Y20.309 E.01198
G1 X220.273 Y20.681 E.01547
G1 X219.789 Y21.202 E.02703
G1 X219.307 Y21.439 E.02041
G1 X219 Y21.5 E.0119
G1 X196.4 Y21.5 E.85894
G1 X196.091 Y21.438 E.01198
M73 P8 R13
G1 X195.719 Y21.273 E.01547
G1 X195.198 Y20.789 E.02703
G1 X194.961 Y20.307 E.02041
G1 X194.9 Y20 E.0119
G1 X194.9 Y5.628 E.54623
G1 X195.357 Y5.628 F21000
G1 F2700
G1 X195.357 Y5.023 E.02299
G1 X195.392 Y4.848 E.00678
G1 X195.593 Y4.45 E.01695
G1 X195.993 Y4.097 E.02028
G1 X196.423 Y3.957 E.01719
G1 X219.019 Y3.962 E.85879
G1 X219.551 Y4.194 E.02206
G1 X219.904 Y4.596 E.02033
G1 X220.043 Y5.023 E.01707
G1 X220.043 Y19.977 E.56835
G1 X220.008 Y20.152 E.00678
G1 X219.807 Y20.55 E.01695
G1 X219.407 Y20.903 E.02028
G1 X218.977 Y21.043 E.01719
G1 X196.423 Y21.043 E.85719
G1 X196.248 Y21.008 E.00678
G1 X195.85 Y20.807 E.01695
G1 X195.497 Y20.407 E.02028
G1 X195.357 Y19.977 E.01719
G1 X195.357 Y5.688 E.54307
G1 X195.814 Y5.688 F21000
M73 P9 R13
G1 F2700
G1 X195.814 Y5.045 E.02444
G1 X195.91 Y4.791 E.01032
G1 X196.154 Y4.535 E.01344
G1 X196.445 Y4.414 E.01198
G1 X218.999 Y4.423 E.85719
G1 X219.246 Y4.535 E.01031
M73 Q8 S16
G1 X219.465 Y4.754 E.01177
G1 X219.586 Y5.045 E.01198
G1 X219.586 Y19.955 E.56667
G1 X219.49 Y20.209 E.01032
G1 X219.246 Y20.465 E.01344
G1 X218.955 Y20.586 E.01198
G1 X196.445 Y20.586 E.85552
G1 X196.191 Y20.49 E.01032
G1 X195.935 Y20.246 E.01344
G1 X195.814 Y19.955 E.01198
G1 X195.814 Y5.748 E.53996
G1 X196.271 Y5.748 F21000
G1 F2700
G1 X196.271 Y5.113 E.02413
G1 X196.429 Y4.906 E.0099
G1 X196.513 Y4.871 E.00346
G1 X218.887 Y4.871 E.85035
G1 X218.971 Y4.906 E.00346
G1 X219.129 Y5.113 E.0099
G1 X219.129 Y19.887 E.56151
G1 X218.971 Y20.094 E.0099
G1 X218.887 Y20.129 E.00346
G1 X196.513 Y20.129 E.85035
G1 X196.306 Y19.971 E.0099
G1 X196.271 Y19.887 E.00346
G1 X196.271 Y5.808 E.53509
G1 E-.16
;WIPE_START
G1 F16800
G1 X196.271 Y5.748 E-.00916
G1 X196.271 Y5.113 E-.09695
G1 X196.429 Y4.906 E-.03976
G1 X196.513 Y4.871 E-.01389
G1 X199.658 Y4.871 E-.48024
;WIPE_END
G1 X170.834 Y8.312 Z.707 F21000
G1 X168.711 Y8.565 Z.74
G1 X166.588 Y8.819 Z.766
G1 X164.465 Y9.072 Z.785
G1 X160.218 Y9.579 Z.8
M486 S0
G1 X67.896 Y20.6
G1 Z.2 F720
G1 E.8 F1500
;TYPE:Perimeter
;WIDTH:0.499999
G1 F2700
G1 X67.911 Y20.599 E.00057
G1 X68.38 Y20.667 E.01801
G1 X68.754 Y20.796 E.01504
G1 X69.232 Y21.072 E.02098
G1 X69.402 Y21.211 E.00835
G1 X69.769 Y21.625 E.02103
;WIDTH:0.518397
G1 X70.111 Y22.316 E.03048
;WIDTH:0.559183
G1 X70.149 Y22.386 E.00342
;WIDTH:0.599968
G1 X70.188 Y22.457 E.00375
;WIDTH:0.640753
G1 X70.226 Y22.527 E.00396
G1 X70.259 Y23.079 E.02749
;WIDTH:0.618488
G1 X70.232 Y23.315 E.01137
;WIDTH:0.602421
G1 X70.171 Y23.49 E.00862
;WIDTH:0.568281
G1 X70.111 Y23.664 E.00804
;WIDTH:0.53414
G1 X70.05 Y23.839 E.00757
;WIDTH:0.499999
G1 X69.964 Y24.041 E.00834
G1 X69.669 Y24.508 E.02099
G1 X69.139 Y24.986 E.02713
G1 X68.904 Y25.133 E.01053
G1 X68.388 Y25.328 E.02096
G1 X68.172 Y25.372 E.00838
G1 X67.62 Y25.395 E.021
G1 X67.402 Y25.368 E.00835
G1 X66.871 Y25.215 E.021
G1 X66.396 Y24.929 E.02107
G1 X66.059 Y24.654 E.01653
G1 X65.727 Y24.212 E.02101
;WIDTH:0.54022
G1 X65.569 Y23.859 E.01599
;WIDTH:0.58044
G1 X65.412 Y23.506 E.01727
;WIDTH:0.626867
G1 X65.354 Y23.337 E.00868
G1 X65.342 Y22.88 E.0222
;WIDTH:0.665324
G1 X65.408 Y22.331 E.02862
G1 X65.51 Y22.16 E.0103
;WIDTH:0.623993
G1 X65.612 Y21.989 E.00962
;WIDTH:0.582662
G1 X65.714 Y21.818 E.00894
;WIDTH:0.541331
G1 X65.816 Y21.647 E.00825
;WIDTH:0.499999
G1 X65.948 Y21.471 E.00836
G1 X66.347 Y21.088 E.02102
G1 X66.528 Y20.963 E.00836
G1 X67.027 Y20.726 E.021
G1 X67.347 Y20.651 E.01249
G1 X67.836 Y20.606 E.01866
M204 T250
G1 X67.878 Y21.062 F21000
M204 T7000
;TYPE:External perimeter
G1 F2700
G1 X68.253 Y21.106 E.01435
G1 X68.525 Y21.192 E.01084
G1 X69.003 Y21.468 E.02098
G1 X69.427 Y21.928 E.02378
G1 X69.682 Y22.498 E.02373
G1 X69.744 Y23.12 E.02376
G1 X69.606 Y23.73 E.02377
G1 X69.282 Y24.264 E.02374
G1 X68.85 Y24.632 E.02157
G1 X68.742 Y24.705 E.00495
G1 X68.226 Y24.901 E.02098
G1 X67.602 Y24.938 E.02376
G1 X66.998 Y24.776 E.02377
G1 X66.477 Y24.43 E.02377
G1 X66.092 Y23.938 E.02374
G1 X65.883 Y23.349 E.02375
G1 X65.852 Y22.963 E.01472
G1 X65.941 Y22.418 E.02099
G1 X66.221 Y21.859 E.02376
G1 X66.663 Y21.418 E.02373
G1 X67.223 Y21.139 E.02378
G1 X67.81 Y21.054 E.02254
G1 X67.819 Y21.055 E.00034
G1 E-.16
;WIPE_START
G1 F16800
G1 X67.878 Y21.062 E-.00907
G1 X68.253 Y21.106 E-.05765
G1 X68.525 Y21.192 E-.04355
G1 X69.003 Y21.468 E-.08427
G1 X69.427 Y21.928 E-.09552
G1 X69.682 Y22.498 E-.09534
G1 X69.744 Y23.12 E-.09544
G1 X69.606 Y23.73 E-.09549
G1 X69.39 Y24.087 E-.06367
;WIPE_END
G1 X70.436 Y24.085 Z.218 F21000
G1 Z.2 F720
G1 E.8 F1500
;TYPE:Perimeter
G1 F2700
G1 X70.436 Y26.436 E.08935
G1 X69.227 Y26.436 E.04595
;WIDTH:0.537465
G1 X68.715 Y26.417 E.02107
;WIDTH:0.57493
G1 X68.203 Y26.398 E.02266
;WIDTH:0.592092
G1 X67.185 Y26.39 E.04649
G1 X66.909 Y26.413 E.01265
;WIDTH:0.546046
G1 X66.633 Y26.436 E.01159
;WIDTH:0.499999
G1 X65.164 Y26.436 E.05583
G1 X65.164 Y24.081 E.0895
G1 X65.362 Y24.487 E.01717
G1 X65.693 Y24.929 E.02099
G1 X65.958 Y25.182 E.01392
G1 X66.413 Y25.496 E.02101
G1 X66.744 Y25.654 E.01394
;WIDTH:0.546046
G1 X67.003 Y25.753 E.0116
;WIDTH:0.592092
G1 X67.262 Y25.851 E.01265
G1 X67.64 Y25.883 E.01732
;WIDTH:0.585297
G1 X68.349 Y25.855 E.032
G1 X68.452 Y25.811 E.00505
;WIDTH:0.55537
G1 X68.554 Y25.768 E.00472
;WIDTH:0.525443
G1 X69.066 Y25.56 E.02217
;WIDTH:0.499999
G1 X69.384 Y25.377 E.01394
G1 X69.812 Y25.027 E.02101
G1 X70.055 Y24.753 E.01392
G1 X70.35 Y24.286 E.02099
G1 X70.412 Y24.14 E.00603
G1 E-.16
;WIPE_START
G1 F16800
G1 X70.436 Y24.085 E-.00916
G1 X70.436 Y26.436 E-.35895
G1 X69.227 Y26.436 E-.18459
G1 X68.715 Y26.417 E-.07823
G1 X68.656 Y26.415 E-.00907
;WIPE_END
G1 X70.436 Y21.934 Z.284 F21000
G1 Z.2 F720
G1 E.8 F1500
G1 F2700
G1 X70.307 Y21.632 E.01248
G1 X70.111 Y21.322 E.01394
G1 X69.745 Y20.908 E.021
G1 X69.461 Y20.676 E.01394
G1 X68.982 Y20.4 E.02101
G1 X68.376 Y20.194 E.02433
G1 X67.839 Y20.138 E.02052
G1 X67.29 Y20.198 E.02099
G1 X66.831 Y20.313 E.01798
G1 X66.332 Y20.55 E.021
G1 X66.03 Y20.759 E.01396
G1 X65.632 Y21.141 E.02097
G1 X65.411 Y21.434 E.01395
G1 X65.164 Y21.905 E.02021
G1 X65.162 Y18.705 E.12162
G1 X65.058 Y18.298 E.01597
G1 X64.845 Y17.986 E.01436
G1 X64.487 Y17.735 E.01662
G1 X64.021 Y17.636 E.01811
G1 X6.364 Y17.636 E2.19133
G1 X6.364 Y6.364 E.42841
G1 X9.636 Y6.364 E.12436
G1 X9.636 Y15.378 E.34259
G1 X9.852 Y15.89 E.02112
G1 X10.23 Y16.224 E.01917
G1 X10.779 Y16.364 E.02153
G1 X71.579 Y16.364 E2.31078
G1 X95.37 Y16.364 E.90421
G1 X95.77 Y16.224 E.01611
M73 P10 R13
G1 X96.148 Y15.89 E.01917
G1 X96.325 Y15.517 E.01569
G1 X96.364 Y15.221 E.01135
G1 X96.364 Y6.364 E.33662
G1 X99.636 Y6.364 E.12436
G1 X99.636 Y17.636 E.42841
G1 X71.579 Y17.636 E1.06634
G1 X71.115 Y17.734 E.01802
M73 Q9 S16
G1 X70.757 Y17.985 E.01662
G1 X70.543 Y18.295 E.01432
G1 X70.451 Y18.593 E.01185
G1 X70.436 Y18.779 E.00709
G1 X70.436 Y21.874 E.11763
G1 E-.16
;WIPE_START
G1 F16800
G1 X70.436 Y21.934 E-.00916
G1 X70.307 Y21.632 E-.05014
G1 X70.111 Y21.322 E-.056
G1 X69.745 Y20.908 E-.08437
G1 X69.461 Y20.676 E-.05599
G1 X68.982 Y20.4 E-.0844
G1 X68.376 Y20.194 E-.09772
G1 X67.839 Y20.138 E-.08243
G1 X67.29 Y20.198 E-.08432
G1 X67.065 Y20.255 E-.03547
;WIPE_END
G1 X64.707 Y26.893 Z.323 F21000
G1 Z.2 F720
G1 E.8 F1500
G1 F2700
G1 X64.707 Y24.167 E.10361
;WIDTH:0.542289
G1 X64.728 Y23.898 E.0112
;WIDTH:0.584578
G1 X64.749 Y23.629 E.01215
;WIDTH:0.626867
G1 X64.771 Y23.36 E.01311
G1 X64.767 Y22.834 E.02554
;WIDTH:0.665324
G1 X64.79 Y22.281 E.02864
G1 X64.765 Y22.163 E.00624
;WIDTH:0.615691
G1 X64.74 Y22.044 E.00579
;WIDTH:0.566058
G1 X64.715 Y21.926 E.00525
;WIDTH:0.516424
G1 X64.707 Y21.373 E.02178
;WIDTH:0.499999
G1 X64.707 Y18.779 E.09859
G1 X64.643 Y18.49 E.01125
G1 X64.516 Y18.303 E.00859
G1 X64.301 Y18.152 E.00999
G1 X64.021 Y18.093 E.01088
G1 X5.907 Y18.093 E2.2087
G1 X5.907 Y5.907 E.46314
G1 X10.093 Y5.907 E.15909
G1 X10.093 Y15.315 E.35756
G1 X10.222 Y15.622 E.01266
G1 X10.449 Y15.823 E.01152
G1 X10.779 Y15.907 E.01294
G1 X95.221 Y15.907 E3.20933
G1 X95.551 Y15.823 E.01294
G1 X95.778 Y15.622 E.01152
G1 X95.884 Y15.399 E.00938
G1 X95.907 Y15.221 E.00682
G1 X95.907 Y5.907 E.35399
G1 X100.093 Y5.907 E.15909
G1 X100.093 Y18.093 E.46314
G1 X71.579 Y18.093 E1.08371
G1 X71.3 Y18.152 E.01084
G1 X71.085 Y18.302 E.00996
G1 X70.957 Y18.488 E.00858
G1 X70.893 Y18.779 E.01132
G1 X70.893 Y21.605 E.10741
;WIDTH:0.518397
G1 X70.884 Y22.158 E.02187
;WIDTH:0.559183
G1 X70.863 Y22.273 E.00502
;WIDTH:0.599968
G1 X70.843 Y22.388 E.00541
;WIDTH:0.640753
G1 X70.823 Y22.503 E.0058
G1 X70.842 Y23.389 E.04405
;WIDTH:0.602421
G1 X70.859 Y23.573 E.0086
;WIDTH:0.568281
G1 X70.876 Y23.757 E.00807
;WIDTH:0.53414
G1 X70.893 Y23.941 E.00755
;WIDTH:0.499999
G1 X70.893 Y26.893 E.11219
G1 X64.767 Y26.893 E.23283
M204 T250
G1 X64.25 Y27.35 F21000
M204 T7000
;TYPE:External perimeter
G1 F2700
G1 X64.25 Y18.779 E.32575
G1 X64.186 Y18.62 E.00651
G1 X64.021 Y18.55 E.00681
G1 X5.45 Y18.55 E2.22607
G1 X5.45 Y5.45 E.49788
G1 X10.55 Y5.45 E.19383
M73 P11 R13
G1 X10.55 Y15.256 E.37269
G1 X10.669 Y15.422 E.00776
G1 X10.779 Y15.45 E.00431
G1 X71.579 Y15.45 E2.31078
G1 X95.255 Y15.45 E.89984
G1 X95.407 Y15.355 E.00681
G1 X95.45 Y15.221 E.00535
G1 X95.45 Y5.45 E.37136
G1 X100.55 Y5.45 E.19383
M73 Q10 S16
G1 X100.55 Y18.55 E.49788
G1 X71.579 Y18.55 E1.10108
G1 X71.414 Y18.62 E.00681
G1 X71.35 Y18.779 E.00651
G1 X71.35 Y27.35 E.32575
G1 X64.31 Y27.35 E.26756
G1 E-.16
;WIPE_START
G1 F16800
G1 X64.25 Y27.35 E-.00916
G1 X64.25 Y23.218 E-.63084
;WIPE_END
G1 X66.291 Y26.253 Z.264 F21000
G1 Z.2 F720
G1 E.8 F1500
;TYPE:Solid infill
;WIDTH:0.509425
G1 F6000
G1 X65.347 Y25.309 E.05179
G1 E-.16 F2700
;WIPE_START
G1 F16800
G1 X66.291 Y26.253 E-.20383
;WIPE_END
G1 E-.43617 F2700
G1 X70.253 Y25.881 Z.269 F21000
G1 Z.2 F720
G1 E.8 F1500
;WIDTH:0.591415
G1 F6000
G1 X69.861 Y25.489 E.02528
G1 X69.619 Y25.686 E.01423
G1 X69.406 Y25.809 E.01122
G1 X69.85 Y26.253 E.02864
G1 E-.16 F2700
;WIPE_START
G1 F16800
G1 X69.406 Y25.809 E-.09587
G1 X69.619 Y25.686 E-.03755
G1 X69.861 Y25.489 E-.04764
G1 X70.253 Y25.881 E-.08464
;WIPE_END
G1 E-.3743 F2700
G1 X94.81 Y10.402 Z.707 F21000
G1 X96.619 Y9.262 Z.74
G1 X98.428 Y8.122 Z.766
G1 X99.453 Y7.475 Z.778
G1 Z.2 F720
G1 E.8 F1500
;WIDTH:0.502112
G1 F6000
G1 X98.73 Y6.753 E.03901
G1 X98.081 Y6.753 E.02478
G1 X99.247 Y7.919 E.06296
G1 X99.247 Y8.569 E.02482
G1 X97.431 Y6.753 E.09806
G1 X96.782 Y6.753 E.02478
G1 X99.247 Y9.218 E.1331
G1 X99.247 Y9.867 E.02478
G1 X96.753 Y7.373 E.13467
G1 X96.753 Y8.022 E.02478
G1 X99.247 Y10.517 E.1347
G1 X99.247 Y11.166 E.02478
G1 X96.753 Y8.671 E.1347
G1 X96.753 Y9.321 E.02482
G1 X99.247 Y11.816 E.1347
G1 X99.247 Y12.465 E.02478
G1 X96.753 Y9.97 E.1347
G1 X96.753 Y10.62 E.02482
G1 X99.247 Y13.114 E.13467
G1 X99.247 Y13.764 E.02482
G1 X96.753 Y11.269 E.1347
G1 X96.753 Y11.918 E.02478
G1 X99.247 Y14.413 E.1347
G1 X99.247 Y15.062 E.02478
G1 X96.753 Y12.568 E.13467
G1 X96.753 Y13.217 E.02478
G1 X99.247 Y15.712 E.1347
G1 X99.247 Y16.361 E.02478
G1 X96.753 Y13.867 E.13467
G1 X96.753 Y14.516 E.02478
G1 X99.247 Y17.011 E.1347
G1 X99.247 Y17.247 E.00901
G1 X98.835 Y17.247 E.01573
G1 X96.753 Y15.165 E.11242
G1 X96.731 Y15.483 E.01217
G1 X96.698 Y15.628 E.00568
G1 X96.656 Y15.718 E.00379
G1 X98.185 Y17.247 E.08256
G1 X97.536 Y17.247 E.02478
G1 X96.435 Y16.147 E.05942
G1 X96.091 Y16.452 E.01755
G1 X96.886 Y17.247 E.04293
G1 X96.237 Y17.247 E.02478
G1 X95.66 Y16.671 E.03113
G1 X95.492 Y16.73 E.0068
G1 X95.093 Y16.753 E.01526
G1 X95.588 Y17.247 E.0267
G1 X94.938 Y17.247 E.02482
G1 X94.444 Y16.753 E.02667
G1 X93.794 Y16.753 E.02482
G1 X94.289 Y17.247 E.0267
G1 X93.639 Y17.247 E.02482
G1 X93.145 Y16.753 E.02667
G1 X92.495 Y16.753 E.02482
G1 X92.99 Y17.247 E.0267
G1 X92.341 Y17.247 E.02478
G1 X91.846 Y16.753 E.0267
G1 X91.197 Y16.753 E.02478
G1 X91.691 Y17.247 E.02667
G1 X91.042 Y17.247 E.02478
G1 X90.547 Y16.753 E.0267
G1 X89.898 Y16.753 E.02478
G1 X90.392 Y17.247 E.02667
G1 X89.743 Y17.247 E.02478
G1 X89.248 Y16.753 E.0267
G1 X88.599 Y16.753 E.02478
G1 X89.094 Y17.247 E.0267
G1 X88.444 Y17.247 E.02482
G1 X87.95 Y16.753 E.02667
G1 X87.3 Y16.753 E.02482
G1 X87.795 Y17.247 E.0267
G1 X87.145 Y17.247 E.02482
G1 X86.651 Y16.753 E.02667
G1 X86.001 Y16.753 E.02482
G1 X86.496 Y17.247 E.0267
G1 X85.847 Y17.247 E.02478
G1 X85.352 Y16.753 E.0267
G1 X84.703 Y16.753 E.02478
G1 X85.197 Y17.247 E.02667
G1 X84.548 Y17.247 E.02478
G1 X84.053 Y16.753 E.0267
G1 X83.404 Y16.753 E.02478
G1 X83.898 Y17.247 E.02667
G1 X83.249 Y17.247 E.02478
G1 X82.754 Y16.753 E.0267
G1 X82.105 Y16.753 E.02478
G1 X82.6 Y17.247 E.0267
G1 X81.95 Y17.247 E.02482
G1 X81.456 Y16.753 E.02667
G1 X80.806 Y16.753 E.02482
G1 X81.301 Y17.247 E.0267
G1 X80.652 Y17.247 E.02478
G1 X80.157 Y16.753 E.0267
G1 X79.507 Y16.753 E.02482
G1 X80.002 Y17.247 E.0267
G1 X79.353 Y17.247 E.02478
G1 X78.858 Y16.753 E.0267
G1 X78.209 Y16.753 E.02478
G1 X78.703 Y17.247 E.02667
G1 X78.054 Y17.247 E.02478
G1 X77.559 Y16.753 E.0267
G1 X76.91 Y16.753 E.02478
G1 X77.405 Y17.247 E.0267
G1 X76.755 Y17.247 E.02482
G1 X76.26 Y16.753 E.0267
G1 X75.611 Y16.753 E.02478
G1 X76.106 Y17.247 E.0267
G1 X75.456 Y17.247 E.02482
G1 X74.962 Y16.753 E.02667
G1 X74.312 Y16.753 E.02482
G1 X74.807 Y17.247 E.0267
G1 X74.158 Y17.247 E.02478
G1 X73.663 Y16.753 E.0267
G1 X73.013 Y16.753 E.02482
G1 X73.508 Y17.247 E.0267
G1 X72.859 Y17.247 E.02478
G1 X72.364 Y16.753 E.0267
G1 X71.715 Y16.753 E.02478
G1 X72.209 Y17.247 E.02667
G1 X71.561 Y17.248 E.02474
G1 X71.065 Y16.753 E.02676
G1 X70.416 Y16.753 E.02478
G1 X71.022 Y17.358 E.0327
G1 X70.951 Y17.38 E.00284
G1 X70.623 Y17.609 E.01527
G1 X69.767 Y16.753 E.04622
G1 X69.117 Y16.753 E.02482
G1 X70.313 Y17.949 E.06458
G1 X70.191 Y18.128 E.00827
G1 X70.108 Y18.393 E.0106
G1 X68.468 Y16.753 E.08856
G1 X67.818 Y16.753 E.02482
G1 X70.048 Y18.982 E.12039
G1 X70.047 Y19.631 E.02478
G1 X67.169 Y16.753 E.1554
G1 X66.52 Y16.753 E.02478
G1 X70.047 Y20.281 E.19048
G1 X70.047 Y20.664 E.01462
G1 X69.666 Y20.346 E.01895
G1 X69.188 Y20.07 E.02107
G1 X65.87 Y16.753 E.17914
G1 X65.221 Y16.753 E.02478
G1 X68.26 Y19.792 E.1641
G1 X67.842 Y19.749 E.01604
G1 X67.588 Y19.77 E.00973
G1 X64.571 Y16.753 E.16291
G1 X63.922 Y16.753 E.02478
G1 X67.019 Y19.85 E.16723
G1 X66.945 Y19.861 E.00286
G1 X66.671 Y19.959 E.01111
G1 X66.541 Y20.021 E.0055
G1 X65.55 Y19.03 E.05351
G1 X65.551 Y19.68 E.02482
G1 X66.107 Y20.237 E.03005
G1 X65.73 Y20.509 E.01775
G1 X65.346 Y20.125 E.02074
G1 E-.16 F2700
;WIPE_START
G1 F16800
G1 X65.73 Y20.509 E-.08291
G1 X66.107 Y20.237 E-.07098
G1 X65.551 Y19.68 E-.12016
G1 X65.55 Y19.03 E-.09924
G1 X66.541 Y20.021 E-.21398
G1 X66.671 Y19.959 E-.02199
G1 X66.861 Y19.891 E-.03074
;WIPE_END
G1 X63.973 Y17.453 Z.266 F21000
G1 Z.2 F720
G1 E.8 F1500
G1 F6000
G1 X63.273 Y16.753 E.0378
G1 X62.623 Y16.753 E.02482
G1 X63.118 Y17.247 E.0267
G1 X62.468 Y17.247 E.02482
G1 X61.974 Y16.753 E.02667
G1 X61.324 Y16.753 E.02482
G1 X61.819 Y17.247 E.0267
G1 X61.17 Y17.247 E.02478
G1 X60.675 Y16.753 E.0267
G1 X60.026 Y16.753 E.02478
G1 X60.52 Y17.247 E.02667
G1 X59.871 Y17.247 E.02478
G1 X59.376 Y16.753 E.0267
G1 X58.727 Y16.753 E.02478
G1 X59.221 Y17.247 E.02667
G1 X58.572 Y17.247 E.02478
G1 X58.077 Y16.753 E.0267
G1 X57.428 Y16.753 E.02478
G1 X57.923 Y17.247 E.0267
G1 X57.273 Y17.247 E.02482
G1 X56.779 Y16.753 E.02667
G1 X56.129 Y16.753 E.02482
G1 X56.624 Y17.247 E.0267
G1 X55.974 Y17.247 E.02482
G1 X55.48 Y16.753 E.02667
G1 X54.83 Y16.753 E.02482
G1 X55.325 Y17.247 E.0267
G1 X54.676 Y17.247 E.02478
G1 X54.181 Y16.753 E.0267
G1 X53.532 Y16.753 E.02478
G1 X54.026 Y17.247 E.02667
G1 X53.377 Y17.247 E.02478
G1 X52.882 Y16.753 E.0267
G1 X52.233 Y16.753 E.02478
G1 X52.728 Y17.247 E.0267
G1 X52.078 Y17.247 E.02482
G1 X51.583 Y16.753 E.0267
G1 X50.934 Y16.753 E.02478
G1 X51.429 Y17.247 E.0267
G1 X50.779 Y17.247 E.02482
G1 X50.285 Y16.753 E.02667
G1 X49.635 Y16.753 E.02482
G1 X50.13 Y17.247 E.0267
G1 X49.481 Y17.247 E.02478
G1 X48.986 Y16.753 E.0267
G1 X48.336 Y16.753 E.02482
G1 X48.831 Y17.247 E.0267
G1 X48.182 Y17.247 E.02478
G1 X47.687 Y16.753 E.0267
G1 X47.038 Y16.753 E.02478
G1 X47.532 Y17.247 E.02667
G1 X46.883 Y17.247 E.02478
G1 X46.388 Y16.753 E.0267
G1 X45.739 Y16.753 E.02478
G1 X46.234 Y17.247 E.0267
G1 X45.584 Y17.247 E.02482
G1 X45.089 Y16.753 E.0267
G1 X44.44 Y16.753 E.02478
G1 X44.935 Y17.247 E.0267
G1 X44.285 Y17.247 E.02482
G1 X43.791 Y16.753 E.02667
G1 X43.141 Y16.753 E.02482
G1 X43.636 Y17.247 E.0267
G1 X42.987 Y17.247 E.02478
G1 X42.492 Y16.753 E.0267
G1 X41.843 Y16.753 E.02478
G1 X42.337 Y17.247 E.02667
G1 X41.688 Y17.247 E.02478
G1 X41.193 Y16.753 E.0267
G1 X40.544 Y16.753 E.02478
M73 P12 R13
G1 X41.038 Y17.247 E.02667
G1 X40.389 Y17.247 E.02478
G1 X39.894 Y16.753 E.0267
G1 X39.245 Y16.753 E.02478
G1 X39.74 Y17.247 E.0267
G1 X39.09 Y17.247 E.02482
G1 X38.596 Y16.753 E.02667
G1 X37.946 Y16.753 E.02482
G1 X38.441 Y17.247 E.0267
G1 X37.791 Y17.247 E.02482
G1 X37.297 Y16.753 E.02667
G1 X36.647 Y16.753 E.02482
G1 X37.142 Y17.247 E.0267
G1 X36.493 Y17.247 E.02478
G1 X35.998 Y16.753 E.0267
G1 X35.349 Y16.753 E.02478
G1 X35.843 Y17.247 E.02667
G1 X35.194 Y17.247 E.02478
G1 X34.699 Y16.753 E.0267
G1 X34.05 Y16.753 E.02478
G1 X34.544 Y17.247 E.02667
G1 X33.895 Y17.247 E.02478
G1 X33.4 Y16.753 E.0267
G1 X32.751 Y16.753 E.02478
G1 X33.246 Y17.247 E.0267
G1 X32.596 Y17.247 E.02482
G1 X32.102 Y16.753 E.02667
G1 X31.452 Y16.753 E.02482
G1 X31.947 Y17.247 E.0267
G1 X31.297 Y17.247 E.02482
G1 X30.803 Y16.753 E.02667
G1 X30.153 Y16.753 E.02482
G1 X30.648 Y17.247 E.0267
G1 X29.999 Y17.247 E.02478
G1 X29.504 Y16.753 E.0267
G1 X28.855 Y16.753 E.02478
G1 X29.349 Y17.247 E.02667
G1 X28.7 Y17.247 E.02478
G1 X28.205 Y16.753 E.0267
G1 X27.556 Y16.753 E.02478
G1 X28.05 Y17.247 E.02667
G1 X27.401 Y17.247 E.02478
G1 X26.906 Y16.753 E.0267
G1 X26.257 Y16.753 E.02478
G1 X26.752 Y17.247 E.0267
G1 X26.102 Y17.247 E.02482
G1 X25.608 Y16.753 E.02667
M73 Q11 S16
G1 X24.958 Y16.753 E.02482
G1 X25.453 Y17.247 E.0267
G1 X24.804 Y17.247 E.02478
G1 X24.309 Y16.753 E.0267
G1 X23.659 Y16.753 E.02482
G1 X24.154 Y17.247 E.0267
G1 X23.505 Y17.247 E.02478
G1 X23.01 Y16.753 E.0267
G1 X22.361 Y16.753 E.02478
G1 X22.855 Y17.247 E.02667
G1 X22.206 Y17.247 E.02478
G1 X21.711 Y16.753 E.0267
G1 X21.062 Y16.753 E.02478
G1 X21.557 Y17.247 E.0267
G1 X20.907 Y17.247 E.02482
G1 X20.412 Y16.753 E.0267
G1 X19.763 Y16.753 E.02478
G1 X20.258 Y17.247 E.0267
G1 X19.608 Y17.247 E.02482
G1 X19.114 Y16.753 E.02667
G1 X18.464 Y16.753 E.02482
G1 X18.959 Y17.247 E.0267
G1 X18.31 Y17.247 E.02478
G1 X17.815 Y16.753 E.0267
G1 X17.165 Y16.753 E.02482
G1 X17.66 Y17.247 E.0267
G1 X17.011 Y17.247 E.02478
G1 X16.516 Y16.753 E.0267
G1 X15.867 Y16.753 E.02478
G1 X16.361 Y17.247 E.02667
G1 X15.712 Y17.247 E.02478
G1 X15.217 Y16.753 E.0267
G1 X14.568 Y16.753 E.02478
G1 X15.063 Y17.247 E.0267
G1 X14.413 Y17.247 E.02482
G1 X13.919 Y16.753 E.02667
G1 X13.269 Y16.753 E.02482
G1 X13.764 Y17.247 E.0267
G1 X13.114 Y17.247 E.02482
G1 X12.62 Y16.753 E.02667
G1 X11.97 Y16.753 E.02482
G1 X12.465 Y17.247 E.0267
G1 X11.816 Y17.247 E.02478
G1 X11.115 Y16.547 E.03783
G1 E-.16 F2700
;WIPE_START
G1 F16800
G1 X11.816 Y17.247 E-.15125
G1 X12.465 Y17.247 E-.09909
G1 X11.97 Y16.753 E-.10677
G1 X12.62 Y16.753 E-.09924
G1 X13.114 Y17.247 E-.10666
G1 X13.618 Y17.247 E-.07699
;WIPE_END
G1 X9.453 Y7.092 Z.392 F21000
G1 Z.2 F720
G1 E.8 F1500
G1 F6000
G1 X9.114 Y6.753 E.01831
G1 X8.464 Y6.753 E.02482
G1 X9.247 Y7.536 E.04228
G1 X9.247 Y8.185 E.02478
G1 X7.815 Y6.753 E.07732
G1 X7.165 Y6.753 E.02482
G1 X9.247 Y8.835 E.11242
G1 X9.247 Y9.484 E.02478
G1 X6.753 Y6.989 E.1347
G1 X6.753 Y7.639 E.02482
G1 X9.247 Y10.133 E.13467
G1 X9.247 Y10.783 E.02482
G1 X6.753 Y8.288 E.1347
G1 X6.753 Y8.937 E.02478
G1 X9.247 Y11.432 E.1347
G1 X9.247 Y12.082 E.02482
G1 X6.753 Y9.587 E.1347
G1 X6.753 Y10.236 E.02478
G1 X9.247 Y12.731 E.1347
G1 X9.247 Y13.38 E.02478
G1 X6.753 Y10.886 E.13467
G1 X6.753 Y11.535 E.02478
G1 X9.247 Y14.03 E.1347
G1 X9.247 Y14.679 E.02478
G1 X6.753 Y12.184 E.1347
G1 X6.753 Y12.834 E.02482
G1 X9.257 Y15.338 E.13521
G1 X9.269 Y15.483 E.00556
G1 X9.302 Y15.628 E.00568
G1 X9.536 Y16.122 E.02087
G1 X10.043 Y16.57 E.02583
G1 X10.642 Y16.723 E.02361
G1 X11.166 Y17.247 E.02829
G1 X10.517 Y17.247 E.02478
G1 X6.753 Y13.483 E.20325
G1 X6.753 Y14.133 E.02482
G1 X9.867 Y17.247 E.16815
G1 X9.218 Y17.247 E.02478
G1 X6.753 Y14.782 E.1331
G1 X6.753 Y15.431 E.02478
G1 X8.569 Y17.247 E.09806
G1 X7.919 Y17.247 E.02482
G1 X6.753 Y16.081 E.06296
G1 X6.753 Y16.73 E.02478
G1 X7.476 Y17.453 E.03904
G1 E-.16 F2700
;WIPE_START
G1 F16800
G1 X6.753 Y16.73 E-.15611
G1 X6.753 Y16.081 E-.09909
G1 X7.919 Y17.247 E-.25176
G1 X8.569 Y17.247 E-.09924
G1 X8.412 Y17.09 E-.0338
;WIPE_END
G1 X37.44 Y17.08 Z.707 F21000
G1 X39.579 Y17.079 Z.74
G1 X41.717 Y17.078 Z.766
G1 X43.855 Y17.078 Z.785
G1 X48.132 Y17.076 Z.8
G1 X154.715 Y17.039
G1 Z.2 F720
M73 Q11 S15
G1 E.8 F1500
;TYPE:Perimeter
;WIDTH:0.499999
G1 F2700
G1 X154.375 Y17.27 E.01562
G1 X153.921 Y17.364 E.01762
G1 X143.479 Y17.364 E.39686
G1 X143.025 Y17.27 E.01762
G1 X142.671 Y17.029 E.01628
G1 X142.43 Y16.675 E.01628
G1 X142.336 Y16.221 E.01762
G1 X142.336 Y7.779 E.32085
G1 X142.407 Y7.381 E.01537
G1 X142.77 Y6.882 E.02345
G1 X143.045 Y6.782 E.01112
;WIDTH:0.453651
G1 X143.321 Y6.682 E.01003
;WIDTH:0.407302
G1 X153.921 Y6.682 E.32116
;WIDTH:0.453651
G1 X154.276 Y6.782 E.0126
;WIDTH:0.499999
G1 X154.63 Y6.882 E.01398
G1 X154.993 Y7.381 E.02345
G1 X155.064 Y7.779 E.01537
G1 X155.064 Y16.221 E.32085
G1 X154.97 Y16.675 E.01762
G1 X154.754 Y16.994 E.01464
G1 X154.392 Y16.716 F21000
G1 F2700
G1 X154.194 Y16.851 E.00911
G1 X153.921 Y16.907 E.01059
G1 X143.479 Y16.907 E.39686
G1 X143.206 Y16.851 E.01059
G1 X142.994 Y16.706 E.00976
G1 X142.849 Y16.494 E.00976
G1 X142.793 Y16.221 E.01059
G1 X142.793 Y7.779 E.32085
G1 X142.836 Y7.54 E.00923
G1 X143.053 Y7.241 E.01404
G1 X143.383 Y7.093 E.01375
G1 X153.921 Y7.093 E.40051
G1 X154.347 Y7.241 E.01714
G1 X154.564 Y7.54 E.01404
G1 X154.607 Y7.779 E.00923
G1 X154.607 Y16.221 E.32085
G1 X154.551 Y16.494 E.01059
G1 X154.43 Y16.671 E.00815
M204 T250
G1 X154.051 Y16.396 F21000
M204 T7000
;TYPE:External perimeter
G1 F2700
G1 X153.921 Y16.45 E.00535
G1 X143.479 Y16.45 E.39686
G1 X143.317 Y16.383 E.00666
G1 X143.25 Y16.221 E.00666
G1 X143.25 Y7.779 E.32085
G1 X143.337 Y7.599 E.0076
G1 X143.479 Y7.55 E.00571
G1 X153.921 Y7.55 E.39686
G1 X154.063 Y7.599 E.00571
G1 X154.15 Y7.779 E.0076
G1 X154.15 Y16.221 E.32085
G1 X154.093 Y16.36 E.00571
G1 E-.16
;WIPE_START
G1 F16800
G1 X154.051 Y16.396 E-.00845
G1 X153.921 Y16.45 E-.02149
G1 X149.925 Y16.45 E-.61006
;WIPE_END
G1 X140.719 Y7.005 Z.43 F21000
G1 Z.2 F720
G1 E.8 F1500
;TYPE:Perimeter
G1 F2700
G1 X140.63 Y6.882 E.00577
G1 X140.276 Y6.782 E.01398
;WIDTH:0.453651
G1 X139.921 Y6.682 E.0126
;WIDTH:0.407302
G1 X110.318 Y6.682 E.89693
G1 X110.318 Y6.318 E.01103
G1 X139.921 Y6.318 E.89693
;WIDTH:0.453651
G1 X140.366 Y6.341 E.01522
;WIDTH:0.499999
G1 X140.811 Y6.364 E.01694
G1 X142.589 Y6.364 E.06758
G1 X143.034 Y6.341 E.01694
;WIDTH:0.453651
G1 X143.479 Y6.318 E.01522
;WIDTH:0.407302
G1 X153.921 Y6.318 E.31638
;WIDTH:0.453651
G1 X154.366 Y6.341 E.01522
;WIDTH:0.499999
G1 X154.811 Y6.364 E.01694
G1 X156.589 Y6.364 E.06758
G1 X157.034 Y6.341 E.01694
;WIDTH:0.453651
G1 X157.479 Y6.318 E.01522
;WIDTH:0.407302
G1 X187.082 Y6.318 E.89693
G1 X187.082 Y6.682 E.01103
G1 X157.321 Y6.682 E.90171
;WIDTH:0.453651
G1 X157.045 Y6.782 E.01003
M73 P13 R13
M73 Q12 S15
;WIDTH:0.499999
G1 X156.77 Y6.882 E.01112
G1 X156.407 Y7.381 E.02345
G1 X156.336 Y7.779 E.01537
G1 X156.336 Y18.636 E.41263
G1 X141.064 Y18.636 E.58043
G1 X141.064 Y7.779 E.41263
G1 X140.993 Y7.381 E.01537
G1 X140.755 Y7.053 E.0154
G1 X140.401 Y7.315 F21000
G1 F2700
G1 X140.347 Y7.241 E.00348
G1 X139.921 Y7.093 E.01714
G1 X109.907 Y7.093 E1.14072
G1 X109.907 Y5.907 E.04508
G1 X187.493 Y5.907 E2.94875
G1 X187.493 Y7.093 E.04508
G1 X157.383 Y7.093 E1.14437
G1 X157.053 Y7.241 E.01375
G1 X156.836 Y7.54 E.01404
G1 X156.793 Y7.779 E.00923
G1 X156.793 Y19.093 E.43
G1 X140.607 Y19.093 E.61517
G1 X140.607 Y7.779 E.43
G1 X140.564 Y7.54 E.00923
G1 X140.436 Y7.364 E.00827
M204 T250
G1 X140.087 Y7.648 F21000
M204 T7000
;TYPE:External perimeter
G1 F2700
G1 X140.063 Y7.599 E.00207
G1 X139.921 Y7.55 E.00571
G1 X109.45 Y7.55 E1.15809
G1 X109.45 Y5.45 E.07981
G1 X187.95 Y5.45 E2.98349
G1 X187.95 Y7.55 E.07981
G1 X157.479 Y7.55 E1.15809
G1 X157.337 Y7.599 E.00571
G1 X157.25 Y7.779 E.0076
G1 X157.25 Y19.55 E.44737
G1 X140.15 Y19.55 E.64991
G1 X140.15 Y7.779 E.44737
M73 P14 R13
G1 X140.113 Y7.702 E.00325
G1 E-.16
;WIPE_START
G1 F16800
G1 X140.087 Y7.648 E-.00915
G1 X140.063 Y7.599 E-.00833
G1 X139.921 Y7.55 E-.02293
G1 X135.994 Y7.55 E-.59959
;WIPE_END
G1 X155.881 Y6.547 Z.548 F21000
G1 Z.2 F720
G1 E.8 F1500
;TYPE:Solid infill
;WIDTH:0.507088
G1 F6000
G1 X156.265 Y6.931 E.02096
G1 X156.046 Y7.231 E.01434
G1 X156.017 Y7.339 E.00432
G1 X155.43 Y6.753 E.03201
G1 X155.006 Y6.753 E.01636
G1 X155.354 Y7.231 E.02282
G1 X155.392 Y7.371 E.0056
G1 X155.947 Y7.926 E.03029
G1 X155.947 Y8.583 E.02536
G1 X155.453 Y8.088 E.02699
G1 X155.453 Y8.745 E.02536
G1 X155.947 Y9.239 E.02696
G1 X155.947 Y9.896 E.02536
G1 X155.453 Y9.401 E.02699
G1 X155.453 Y10.058 E.02536
G1 X155.947 Y10.552 E.02696
G1 X155.947 Y11.209 E.02536
G1 X155.453 Y10.714 E.02699
G1 X155.453 Y11.37 E.02532
G1 X155.947 Y11.865 E.02699
G1 X155.947 Y12.521 E.02532
G1 X155.453 Y12.027 E.02696
G1 X155.453 Y12.683 E.02532
G1 X155.947 Y13.178 E.02699
G1 X155.947 Y13.834 E.02532
G1 X155.453 Y13.34 E.02696
G1 X155.453 Y13.996 E.02532
G1 X155.947 Y14.491 E.02699
G1 X155.947 Y15.147 E.02532
G1 X155.453 Y14.653 E.02696
G1 X155.453 Y15.309 E.02532
G1 X155.947 Y15.804 E.02699
M73 Q13 S15
G1 X155.947 Y16.46 E.02532
G1 X155.453 Y15.965 E.02699
G1 X155.453 Y16.228 E.01015
G1 X155.43 Y16.489 E.01011
G1 X155.405 Y16.574 E.00342
G1 X155.947 Y17.117 E.02961
G1 X155.947 Y17.773 E.02532
G1 X155.198 Y17.024 E.04088
G1 X155.006 Y17.306 E.01317
G1 X154.898 Y17.38 E.00505
G1 X155.765 Y18.247 E.04732
G1 X155.109 Y18.247 E.02532
G1 X154.499 Y17.637 E.0333
G1 X154.189 Y17.73 E.01249
G1 X153.955 Y17.75 E.00906
G1 X154.452 Y18.247 E.02713
G1 X153.796 Y18.247 E.02532
G1 X153.301 Y17.753 E.02699
G1 X152.645 Y17.753 E.02532
G1 X153.14 Y18.247 E.02699
G1 X152.483 Y18.247 E.02536
G1 X151.988 Y17.753 E.02699
G1 X151.332 Y17.753 E.02532
G1 X151.827 Y18.247 E.02699
G1 X151.17 Y18.247 E.02536
G1 X150.676 Y17.753 E.02696
G1 X150.019 Y17.753 E.02536
G1 X150.514 Y18.247 E.02699
G1 X149.857 Y18.247 E.02536
G1 X149.363 Y17.753 E.02696
G1 X148.706 Y17.753 E.02536
G1 X149.201 Y18.247 E.02699
G1 X148.545 Y18.247 E.02532
G1 X148.05 Y17.753 E.02699
G1 X147.393 Y17.753 E.02536
G1 X147.888 Y18.247 E.02699
G1 X147.232 Y18.247 E.02532
G1 X146.737 Y17.753 E.02699
G1 X146.081 Y17.753 E.02532
G1 X146.575 Y18.247 E.02696
G1 X145.919 Y18.247 E.02532
G1 X145.424 Y17.753 E.02699
G1 X144.768 Y17.753 E.02532
G1 X145.262 Y18.247 E.02696
G1 X144.606 Y18.247 E.02532
G1 X143.906 Y17.547 E.03821
G1 E-.16 F2700
;WIPE_START
G1 F16800
G1 X144.606 Y18.247 E-.15114
G1 X145.262 Y18.247 E-.10016
G1 X144.768 Y17.753 E-.10666
G1 X145.424 Y17.753 E-.10016
G1 X145.919 Y18.247 E-.10677
G1 X146.411 Y18.247 E-.07511
;WIPE_END
G1 X142.096 Y6.547 Z.418 F21000
G1 Z.2 F720
G1 E.8 F1500
G1 F6000
G1 X142.355 Y6.806 E.01414
G1 X142.079 Y7.187 E.01816
G1 X141.645 Y6.753 E.02369
G1 X141.006 Y6.753 E.02466
G1 X141.053 Y6.817 E.00306
G1 X141.952 Y7.717 E.0491
G1 X141.947 Y8.368 E.02513
G1 X141.453 Y7.873 E.02699
G1 X141.453 Y8.53 E.02536
G1 X141.947 Y9.024 E.02696
G1 X141.947 Y9.681 E.02536
G1 X141.453 Y9.186 E.02699
G1 X141.453 Y9.843 E.02536
G1 X141.947 Y10.337 E.02696
G1 X141.947 Y10.994 E.02536
G1 X141.453 Y10.499 E.02699
G1 X141.453 Y11.155 E.02532
G1 X141.947 Y11.65 E.02699
G1 X141.947 Y12.307 E.02536
G1 X141.453 Y11.812 E.02699
G1 X141.453 Y12.468 E.02532
G1 X141.947 Y12.963 E.02699
G1 X141.947 Y13.619 E.02532
G1 X141.453 Y13.125 E.02696
G1 X141.453 Y13.781 E.02532
G1 X141.947 Y14.276 E.02699
G1 X141.947 Y14.932 E.02532
G1 X141.453 Y14.438 E.02696
G1 X141.453 Y15.094 E.02532
G1 X142.153 Y15.794 E.03821
G1 X141.247 Y15.545 F21000
G1 F6000
G1 X141.949 Y16.247 E.03832
G1 X141.97 Y16.489 E.00938
G1 X142.074 Y16.836 E.01398
G1 X142.394 Y17.306 E.02195
G1 X142.87 Y17.63 E.02222
G1 X143.453 Y17.751 E.02298
G1 X143.949 Y18.247 E.02707
G1 X143.293 Y18.247 E.02532
G1 X141.453 Y16.407 E.10043
G1 X141.453 Y17.063 E.02532
G1 X142.637 Y18.247 E.06463
G1 X141.98 Y18.247 E.02536
G1 X141.247 Y17.514 E.04001
G1 E-.16 F2700
;WIPE_START
G1 F16800
G1 X141.98 Y18.247 E-.15827
G1 X142.637 Y18.247 E-.10031
G1 X141.453 Y17.063 E-.25565
G1 X141.453 Y16.407 E-.10016
G1 X141.572 Y16.526 E-.02561
;WIPE_END
G1 X170.599 Y16.272 Z.707 F21000
G1 X172.737 Y16.253 Z.74
G1 X174.876 Y16.235 Z.766
G1 X177.014 Y16.216 Z.785
G1 X181.29 Y16.178 Z.8
G1 X213.551 Y15.896
G1 Z.2 F720
G1 E.8 F1500
;TYPE:External perimeter
;WIDTH:0.499999
G1 F2700
G1 X213.421 Y15.95 E.00535
G1 X201.979 Y15.95 E.43487
G1 X201.816 Y15.882 E.00671
G1 X201.75 Y15.721 E.00661
G1 X201.75 Y6.279 E.35886
;WIDTH:0.53573
G1 X201.842 Y6.146 E.00663
;WIDTH:0.57146
G1 X201.934 Y6.014 E.00707
G1 X213.421 Y6.014 E.50483
G1 X213.536 Y6.146 E.00769
;WIDTH:0.53573
G1 X213.65 Y6.279 E.00718
;WIDTH:0.499999
G1 X213.65 Y15.721 E.35886
G1 X213.593 Y15.86 E.00571
G1 E-.16
;WIPE_START
G1 F16800
G1 X213.551 Y15.896 E-.00845
G1 X213.421 Y15.95 E-.02149
G1 X209.425 Y15.95 E-.61006
;WIPE_END
G1 X197.764 Y18.636 Z.409 F21000
G1 Z.2 F720
G1 E.8 F1500
;TYPE:Perimeter
G1 F2700
G1 X197.764 Y6.364 E.46641
G1 X200.836 Y6.364 E.11676
G1 X200.836 Y15.866 E.36114
G1 X200.951 Y16.222 E.01422
G1 X201.167 Y16.526 E.01417
G1 X201.522 Y16.769 E.01635
G1 X201.979 Y16.864 E.01774
G1 X213.421 Y16.864 E.43487
G1 X213.878 Y16.769 E.01774
G1 X214.233 Y16.526 E.01635
G1 X214.449 Y16.222 E.01417
G1 X214.534 Y15.982 E.00968
G1 X214.564 Y15.721 E.00998
G1 X214.564 Y6.364 E.35562
G1 X217.636 Y6.364 E.11676
G1 X217.636 Y18.636 E.46641
G1 X197.824 Y18.636 E.75298
G1 X197.307 Y19.093 F21000
G1 F2700
G1 X197.307 Y5.907 E.50115
G1 X201.605 Y5.907 E.16335
G1 X201.293 Y6.279 E.01845
G1 X201.293 Y15.845 E.36357
G1 X201.492 Y16.204 E.0156
G1 X201.705 Y16.35 E.00981
G1 X201.979 Y16.407 E.01064
G1 X213.421 Y16.407 E.43487
G1 X213.695 Y16.35 E.01064
G1 X213.908 Y16.204 E.00981
G1 X214.038 Y16.022 E.0085
G1 X214.107 Y15.721 E.01174
G1 X214.107 Y6.279 E.35886
G1 X213.736 Y5.907 E.01997
G1 X218.093 Y5.907 E.16559
G1 X218.093 Y19.093 E.50115
G1 X197.367 Y19.093 E.78772
M204 T250
G1 X196.85 Y19.55 F21000
M204 T7000
;TYPE:External perimeter
G1 F2700
G1 X196.85 Y5.45 E.53589
G1 X200.921 Y5.45 E.15472
;WIDTH:0.53573
G1 X201.45 Y5.468 E.02169
;WIDTH:0.57146
G1 X201.979 Y5.486 E.02326
G1 X213.421 Y5.486 E.50286
G1 X213.95 Y5.468 E.02326
M73 P15 R13
;WIDTH:0.53573
G1 X214.479 Y5.45 E.02169
;WIDTH:0.499999
G1 X218.55 Y5.45 E.15472
G1 X218.55 Y19.55 E.53589
G1 X196.91 Y19.55 E.82246
G1 E-.16
;WIPE_START
G1 F16800
G1 X196.85 Y19.55 E-.00916
G1 X196.85 Y15.418 E-.63084
;WIPE_END
G1 X216.514 Y6.547 Z.577 F21000
G1 Z.2 F720
M73 Q14 S15
G1 E.8 F1500
;TYPE:Solid infill
;WIDTH:0.50701
G1 F6000
G1 X217.247 Y7.28 E.04
G1 X217.247 Y7.936 E.02531
G1 X216.064 Y6.753 E.06456
G1 X215.407 Y6.753 E.02535
G1 X217.247 Y8.593 E.10042
G1 X217.247 Y9.249 E.02531
G1 X214.953 Y6.954 E.12522
G1 X214.953 Y7.611 E.02535
G1 X217.247 Y9.905 E.12519
G1 X217.247 Y10.562 E.02535
G1 X214.953 Y8.267 E.12522
G1 X214.953 Y8.923 E.02531
G1 X217.247 Y11.218 E.12522
G1 X217.247 Y11.874 E.02531
G1 X214.953 Y9.58 E.12519
G1 X214.953 Y10.236 E.02531
G1 X217.247 Y12.531 E.12522
G1 X217.247 Y13.187 E.02531
G1 X214.953 Y10.892 E.12522
G1 X214.953 Y11.549 E.02535
G1 X217.247 Y13.843 E.12519
G1 X217.247 Y14.5 E.02535
G1 X214.953 Y12.205 E.12522
G1 X214.953 Y12.861 E.02531
G1 X217.247 Y15.156 E.12522
G1 X217.247 Y15.812 E.02531
G1 X214.953 Y13.518 E.12519
G1 X214.953 Y14.174 E.02531
G1 X217.247 Y16.469 E.12522
G1 X217.247 Y17.125 E.02531
G1 X214.953 Y14.83 E.12522
G1 X214.953 Y15.487 E.02535
G1 X217.247 Y17.781 E.12519
G1 X217.247 Y18.247 E.01798
G1 X217.057 Y18.247 E.00733
G1 X214.905 Y16.095 E.11744
G1 X214.797 Y16.397 E.01238
G1 X214.695 Y16.541 E.00681
G1 X216.401 Y18.247 E.0931
G1 X215.744 Y18.247 E.02535
G1 X214.385 Y16.888 E.07417
G1 X214.039 Y17.125 E.01618
G1 X213.982 Y17.142 E.0023
G1 X215.088 Y18.247 E.06033
G1 X214.432 Y18.247 E.02531
G1 X213.436 Y17.252 E.05433
G1 X212.781 Y17.253 E.02528
G1 X213.775 Y18.247 E.05425
G1 X213.119 Y18.247 E.02531
G1 X212.124 Y17.253 E.05427
G1 X211.468 Y17.253 E.02531
G1 X212.463 Y18.247 E.05427
G1 X211.806 Y18.247 E.02535
G1 X210.812 Y17.253 E.05425
G1 X210.155 Y17.253 E.02535
G1 X211.15 Y18.247 E.05427
G1 X210.494 Y18.247 E.02531
G1 X209.499 Y17.253 E.05427
G1 X208.843 Y17.253 E.02531
G1 X209.838 Y18.247 E.05427
G1 X209.181 Y18.247 E.02535
M73 P15 R12
G1 X208.187 Y17.253 E.05425
G1 X207.53 Y17.253 E.02535
G1 X208.525 Y18.247 E.05427
G1 X207.869 Y18.247 E.02531
G1 X206.874 Y17.253 E.05427
G1 X206.218 Y17.253 E.02531
G1 X207.212 Y18.247 E.05425
G1 X206.556 Y18.247 E.02531
G1 X205.561 Y17.253 E.05427
G1 X204.905 Y17.253 E.02531
G1 X205.9 Y18.247 E.05427
G1 X205.243 Y18.247 E.02535
G1 X204.249 Y17.253 E.05425
G1 X203.592 Y17.253 E.02535
G1 X204.587 Y18.247 E.05427
G1 X203.931 Y18.247 E.02531
G1 X202.936 Y17.253 E.05427
G1 X202.28 Y17.253 E.02531
G1 X203.48 Y18.453 E.06549
G1 E-.16 F2700
;WIPE_START
G1 F16800
G1 X202.28 Y17.253 E-.2591
G1 X202.936 Y17.253 E-.10016
G1 X203.931 Y18.247 E-.21473
G1 X204.363 Y18.247 E-.06601
;WIPE_END
G1 X200.106 Y6.547 Z.417 F21000
G1 Z.2 F720
G1 E.8 F1500
G1 F6000
G1 X200.447 Y6.888 E.01861
G1 X200.447 Y7.545 E.02535
G1 X199.655 Y6.753 E.04322
G1 X198.999 Y6.753 E.02531
G1 X200.447 Y8.201 E.07902
G1 X200.447 Y8.857 E.02531
G1 X198.343 Y6.753 E.11482
G1 X198.153 Y6.753 E.00733
G1 X198.153 Y7.219 E.01798
G1 X200.447 Y9.513 E.12519
G1 X200.447 Y10.17 E.02535
G1 X198.153 Y7.875 E.12522
G1 X198.153 Y8.531 E.02531
G1 X200.447 Y10.826 E.12522
G1 X200.447 Y11.482 E.02531
G1 X198.153 Y9.188 E.12519
G1 X198.153 Y9.844 E.02531
G1 X200.447 Y12.139 E.12522
G1 X200.447 Y12.795 E.02531
G1 X198.153 Y10.5 E.12522
G1 X198.153 Y11.157 E.02535
G1 X200.447 Y13.451 E.12519
G1 X200.447 Y14.108 E.02535
G1 X198.153 Y11.813 E.12522
G1 X198.153 Y12.469 E.02531
G1 X200.447 Y14.764 E.12522
G1 X200.447 Y15.42 E.02531
G1 X198.153 Y13.126 E.12519
G1 X198.153 Y13.782 E.02531
G1 X202.618 Y18.247 E.24367
G1 X201.962 Y18.247 E.02531
G1 X198.153 Y14.438 E.20787
G1 X198.153 Y15.095 E.02535
G1 X201.305 Y18.247 E.17202
G1 X200.649 Y18.247 E.02531
G1 X198.153 Y15.751 E.13622
G1 X198.153 Y16.407 E.02531
G1 X199.993 Y18.247 E.10042
G1 X199.336 Y18.247 E.02535
G1 X198.153 Y17.064 E.06456
G1 X198.153 Y17.72 E.02531
G1 X198.886 Y18.453 E.04
M106 S109.65
;LAYER_CHANGE
;Z:0.44
;HEIGHT:0.24
;BEFORE_LAYER_CHANGE
G92 E0.0
;0.44


G1 E-.16 F2700
;WIPE_START
G1 F16800
G1 X198.153 Y17.72 E-.15827
G1 X198.153 Y17.064 E-.10016
G1 X199.336 Y18.247 E-.25543
G1 X199.993 Y18.247 E-.10031
G1 X199.873 Y18.127 E-.02583
;WIPE_END
G1 X199.873 Y18.127 Z.2 F21000
G1 X170.849 Y18.649 Z.707
G1 X168.711 Y18.687 Z.74
G1 X166.574 Y18.726 Z.766
G1 X164.436 Y18.764 Z.785
G1 X160.16 Y18.841 Z.8
G1 X67.901 Y20.499 Z.8
;AFTER_LAYER_CHANGE
;0.44
M104 S220 ; set temperature
G1 Z.44 F720
G1 E.8 F1500
;TYPE:Perimeter
;WIDTH:0.449999
G1 F3000
G1 X68.2 Y20.513 E.0119
G1 X68.46 Y20.574 E.01062
G1 X68.916 Y20.747 E.01939
G1 X69.193 Y20.907 E.01272
G1 X69.572 Y21.216 E.01944
G1 X69.784 Y21.456 E.01273
G1 X70.046 Y21.869 E.01945
;WIDTH:0.499281
G1 X70.312 Y22.633 E.03614
G1 F2999.443
G1 X70.33 Y22.959 E.01459
;WIDTH:0.510333
G1 F2996.629
G1 X70.292 Y23.543 E.02679
G1 F2992.95
G1 X70.149 Y23.874 E.01651
;WIDTH:0.480166
G1 X70.006 Y24.206 E.01546
;WIDTH:0.449999
G1 F2991.73
G1 X69.835 Y24.476 E.01271
G1 F2985.565
G1 X69.305 Y25.019 E.03017
G1 F2977.693
G1 X68.839 Y25.289 E.02141
G1 F2973.389
G1 X68.54 Y25.403 E.01272
G1 F2970.058
G1 X68.034 Y25.506 E.02053
G1 X67.741 Y25.514 E.01165
G1 X67.255 Y25.455 E.01947
G1 F2971.868
G1 X66.948 Y25.366 E.01271
G1 F2976.45
G1 X66.342 Y25.057 E.02705
G1 F2983.814
G1 X65.89 Y24.635 E.02459
G1 F2989.415
G1 X65.698 Y24.38 E.01269
;WIDTH:0.488778
G1 X65.516 Y24.021 E.01756
;WIDTH:0.527556
G1 F2991.075
G1 X65.333 Y23.662 E.01914
G1 F2995.35
G1 X65.273 Y23.163 E.02387
;WIDTH:0.486699
G1 F2999.624
G1 X65.273 Y22.837 E.01416
;WIDTH:0.526216
G1 X65.332 Y22.351 E.02319
G1 F3000
G1 X65.501 Y22.009 E.01807
;WIDTH:0.488108
G1 X65.67 Y21.666 E.01666
;WIDTH:0.449999
G1 X65.851 Y21.418 E.01221
G1 X66.229 Y21.04 E.02126
G1 X66.506 Y20.844 E.01349
G1 X67.061 Y20.589 E.02429
G1 X67.687 Y20.489 E.02521
G1 X67.841 Y20.496 E.00613
G1 X67.885 Y20.896 F21000
G1 F3000
G1 X68.251 Y20.925 E.0146
G1 X68.775 Y21.12 E.02223
G1 X69.32 Y21.525 E.027
G1 X69.709 Y22.082 E.02701
G1 X69.901 Y22.734 E.02703
G1 X69.877 Y23.413 E.02702
G1 F2997.776
G1 X69.64 Y24.05 E.02702
G1 F2992.079
G1 X69.212 Y24.578 E.02703
G1 F2985.329
G1 X68.64 Y24.944 E.027
G1 F2979.164
G1 X67.981 Y25.11 E.02702
G1 X67.303 Y25.059 E.02703
G1 F2982.297
G1 X66.677 Y24.796 E.027
G1 F2988.442
G1 X66.166 Y24.348 E.02702
G1 F2995.052
G1 X65.823 Y23.761 E.02703
G1 F3000
G1 X65.684 Y23.096 E.02701
G1 X65.763 Y22.421 E.02702
G1 X66.024 Y21.849 E.025
G1 X66.51 Y21.322 E.0285
G1 X67.119 Y20.994 E.0275
G1 X67.739 Y20.884 E.02504
G1 X67.825 Y20.891 E.00343
M204 T250
G1 X67.869 Y21.288 F21000
M204 T7000
;TYPE:External perimeter
G1 F2998.277
G1 X68.178 Y21.319 E.01235
G1 X68.689 Y21.524 E.02189
G1 X69.111 Y21.882 E.022
G1 X69.397 Y22.354 E.02194
G1 X69.52 Y22.877 E.02136
G1 X69.48 Y23.381 E.0201
G1 X69.273 Y23.894 E.022
G1 F2994.539
G1 X68.914 Y24.314 E.02197
G1 F2990.151
G1 X68.441 Y24.599 E.02196
G1 F2986.517
G1 X67.901 Y24.72 E.022
G1 X67.351 Y24.663 E.02199
G1 F2988.782
G1 X66.848 Y24.436 E.02194
G1 F2992.901
G1 X66.442 Y24.06 E.022
G1 F2997.152
G1 X66.176 Y23.576 E.02196
G1 F2998.277
G1 X66.078 Y23.032 E.02198
G1 X66.156 Y22.485 E.02197
G1 X66.379 Y22.031 E.02011
G1 X66.792 Y21.603 E.02365
G1 X67.29 Y21.354 E.02214
G1 X67.79 Y21.28 E.0201
G1 X67.809 Y21.282 E.00076
G1 E-.16 F2700
;WIPE_START
G1 F16800
G1 X67.869 Y21.288 E-.00921
G1 X68.178 Y21.319 E-.04741
G1 X68.689 Y21.524 E-.08406
G1 X69.111 Y21.882 E-.08449
G1 X69.397 Y22.354 E-.08426
G1 X69.52 Y22.877 E-.08203
G1 X69.48 Y23.381 E-.07719
G1 X69.273 Y23.894 E-.08446
G1 X68.914 Y24.314 E-.08436
G1 X68.9 Y24.323 E-.00253
;WIPE_END
G1 X64.822 Y26.778 Z.523 F21000
G1 Z.44 F720
G1 E.8 F1500
;TYPE:Perimeter
G1 F4022.17
G1 X64.822 Y24.596 E.08676
;WIDTH:0.488108
G1 F4137.766
G1 X64.841 Y24.141 E.01984
;WIDTH:0.526216
G1 F4151.004
G1 X64.86 Y23.687 E.02152
G1 F4179.957
G1 X64.836 Y23 E.03256
G1 F4197.773
G1 X64.86 Y22.313 E.03256
G1 F4200
G1 X64.841 Y22.109 E.0097
;WIDTH:0.488108
G1 X64.822 Y21.905 E.00893
;WIDTH:0.449999
G1 X64.817 Y18.871 E.12064
G1 X64.709 Y18.513 E.01487
G1 X64.518 Y18.258 E.01267
G1 X64.213 Y18.056 E.01455
G1 X63.826 Y17.978 E.0157
G1 X6.022 Y17.978 E2.2984
G1 F3853.198
G1 X6.022 Y6.022 E.47539
G1 F3845.772
G1 X9.978 Y6.022 E.1573
G1 F3852.399
G1 X9.978 Y15.159 E.36331
G1 F3873.411
G1 X10.131 Y15.557 E.01695
G1 F3894.157
G1 X10.329 Y15.784 E.01198
G1 F3908.913
G1 X10.62 Y15.957 E.01346
G1 F3922.072
G1 X10.974 Y16.022 E.01431
G1 F4200
G1 X95.026 Y16.022 E3.34207
G1 X95.38 Y15.957 E.01431
G1 X95.671 Y15.784 E.01346
G1 X95.869 Y15.557 E.01198
G1 X95.977 Y15.322 E.01028
G1 X96.022 Y15.026 E.0119
G1 X96.022 Y6.022 E.35802
G1 F3845.754
M73 Q15 S15
G1 X99.978 Y6.022 E.1573
G1 F3853.223
G1 X99.978 Y17.978 E.47539
G1 F4200
M73 P16 R12
G1 X71.774 Y17.978 E1.12145
G1 X71.388 Y18.056 E.01566
G1 X71.083 Y18.257 E.01452
G1 X70.892 Y18.512 E.01267
G1 X70.801 Y18.763 E.01062
G1 X70.778 Y18.973 E.0084
G1 X70.778 Y22.09 E.12394
;WIDTH:0.483188
G1 F4199.963
G1 X70.761 Y22.976 E.03817
;WIDTH:0.510333
G1 F4177.542
G1 X70.748 Y23.582 E.02775
G1 F4151.649
G1 X70.763 Y23.973 E.01791
;WIDTH:0.480166
G1 F4139.426
G1 X70.778 Y24.364 E.01674
;WIDTH:0.449999
G1 F4015.251
G1 X70.778 Y26.778 E.09599
G1 F3846.273
G1 X64.882 Y26.778 E.23444
G1 X64.423 Y27.177 F21000
G1 F4200
G1 X64.423 Y18.974 E.32617
G1 X64.356 Y18.698 E.01129
G1 X64.241 Y18.544 E.00764
G1 X64.058 Y18.423 E.00872
G1 X63.826 Y18.377 E.0094
G1 X5.623 Y18.377 E2.31427
G1 F3774.54
G1 X5.623 Y5.623 E.50712
G1 F3765.43
G1 X10.377 Y5.623 E.18903
G1 F3773.561
G1 X10.377 Y15.026 E.37388
G1 F3793.743
G1 X10.404 Y15.204 E.00716
G1 F3816.316
G1 X10.587 Y15.481 E.0132
G1 F3841.393
G1 X10.762 Y15.584 E.00807
G1 F3854.563
G1 X10.974 Y15.623 E.00857
G1 F4200
G1 X95.11 Y15.623 E3.34541
G1 X95.413 Y15.481 E.01331
G1 X95.596 Y15.204 E.0132
G1 X95.623 Y15.026 E.00716
G1 X95.623 Y5.623 E.37388
G1 F3765.408
G1 X100.377 Y5.623 E.18903
G1 F3774.571
G1 X100.377 Y18.377 E.50712
G1 F4119.713
G1 X95.026 Y18.377 E.21277
G1 F4200
G1 X71.689 Y18.377 E.92793
G1 X71.36 Y18.544 E.01467
G1 X71.245 Y18.697 E.00761
G1 X71.177 Y18.974 E.01134
G1 X71.177 Y27.177 E.32617
G1 F3766.044
G1 X64.483 Y27.177 E.26617
M204 T250
G1 X64.025 Y27.575 F21000
M204 T7000
;TYPE:External perimeter
G1 F2905.381
G1 X64.025 Y26.9 E.02684
G1 F2999.784
G1 X64.025 Y18.974 E.31515
G1 F3000
G1 X63.964 Y18.831 E.00618
G1 X63.826 Y18.775 E.00592
G1 X5.9 Y18.775 E2.30325
G1 F2903.624
G1 X5.225 Y18.775 E.02684
G1 F2888.326
G1 X5.225 Y18.1 E.02684
G1 F2897.57
G1 X5.225 Y5.9 E.4851
G1 F2891.758
G1 X5.225 Y5.225 E.02684
G1 F2888.328
G1 X5.9 Y5.225 E.02684
G1 F2895.377
G1 X10.1 Y5.225 E.167
G1 F2890.257
G1 X10.775 Y5.225 E.02684
G1 F2888.329
G1 X10.775 Y5.9 E.02684
G1 F2897.334
G1 X10.775 Y15.026 E.36287
G1 F2910.69
G1 X10.845 Y15.177 E.00662
G1 F2915.709
G1 X10.974 Y15.225 E.00547
G1 F2926.157
G1 X11.648 Y15.225 E.0268
G1 F2999.998
G1 X95.026 Y15.225 E3.31528
G1 F3000
G1 X95.155 Y15.177 E.00547
G1 X95.225 Y15.026 E.00662
G1 F2999.998
G1 X95.225 Y5.9 E.36287
G1 F2892.848
G1 X95.225 Y5.225 E.02684
G1 F2888.329
G1 X95.9 Y5.225 E.02684
G1 F2895.371
G1 X100.1 Y5.225 E.167
G1 F2890.253
G1 X100.775 Y5.225 E.02684
G1 F2888.329
G1 X100.775 Y5.9 E.02684
G1 F2897.577
G1 X100.775 Y18.1 E.4851
G1 F2858.133
G1 X100.775 Y18.775 E.02684
G1 X100.1 Y18.775 E.02684
G1 F3000
G1 X71.774 Y18.775 E1.1263
G1 X71.636 Y18.831 E.00592
M73 P17 R12
G1 X71.575 Y18.974 E.00618
G1 F2999.995
G1 X71.575 Y19.648 E.0268
G1 F2998.578
G1 X71.575 Y26.9 E.28835
G1 F2893.167
G1 X71.575 Y27.575 E.02684
G1 F2888.328
G1 X70.9 Y27.575 E.02684
G1 F2895.525
G1 X64.7 Y27.575 E.24652
G1 F2890.362
G1 X64.085 Y27.575 E.02445
G1 E-.16 F2700
;WIPE_START
G1 F16800
G1 X64.025 Y27.575 E-.00916
G1 X64.025 Y26.9 E-.10306
G1 X64.025 Y23.443 E-.52778
;WIPE_END
G1 X65.165 Y24.12 Z.463 F21000
G1 Z.44 F720
G1 E.8 F1500
;TYPE:Solid infill
G1 F8400
G1 X65.398 Y24.536 E.01896
G1 X65.661 Y24.885 E.01738
G1 X66.169 Y25.347 E.0273
;WIDTH:0.491846
G1 X66.517 Y25.516 E.017
;WIDTH:0.533693
G1 F7777.044
G1 X66.866 Y25.685 E.01866
;WIDTH:0.575539
G1 F7156.011
G1 X67.215 Y25.854 E.02028
G1 X67.903 Y25.903 E.03607
;WIDTH:0.574397
G1 F7171.64
G1 X68.257 Y25.858 E.01862
;WIDTH:0.604519
G1 F6781.01
G1 X68.61 Y25.813 E.01964
G1 X68.711 Y25.755 E.00643
;WIDTH:0.565889
G1 F7290.26
G1 X68.812 Y25.697 E.00598
;WIDTH:0.527259
G1 F7882.208
G1 X68.912 Y25.638 E.00551
;WIDTH:0.488629
G1 F8400
G1 X69.013 Y25.58 E.00508
;WIDTH:0.449999
G1 X69.478 Y25.31 E.02138
G1 X69.767 Y25.064 E.01509
G1 X70.105 Y24.679 E.02037
G1 X70.431 Y24.098 E.02649
G1 X70.439 Y26.439 E.09308
G1 X69.245 Y26.439 E.04748
;WIDTH:0.488629
G1 X69.098 Y26.42 E.00646
;WIDTH:0.527259
G1 F7882.208
G1 X68.951 Y26.401 E.00704
;WIDTH:0.565889
G1 F7290.26
G1 X68.804 Y26.381 E.00761
;WIDTH:0.604519
G1 F6781.01
G1 X68.656 Y26.362 E.00823
G1 X68.233 Y26.378 E.02336
;WIDTH:0.573346
G1 F7186.084
G1 X67.81 Y26.393 E.02204
;WIDTH:0.575539
G1 F7156.011
G1 X67.187 Y26.377 E.03259
G1 X67.032 Y26.397 E.00817
;WIDTH:0.533693
G1 F7777.044
G1 X66.876 Y26.418 E.00757
;WIDTH:0.491846
G1 F8400
M73 Q16 S15
G1 X66.721 Y26.439 E.00687
;WIDTH:0.449999
G1 X65.161 Y26.439 E.06203
G1 X65.163 Y24.319 E.0843
G1 X65.568 Y25.354 F21000
;WIDTH:0.467175
G1 F8400
G1 X65.983 Y25.709 E.02265
G1 X66.607 Y26.031 E.02912
G1 X65.568 Y26.032 E.04309
G1 X65.568 Y25.553 E.01987
G1 E-.16 F2700
;WIPE_START
G1 F16800
G1 X65.568 Y26.032 E-.07313
G1 X66.607 Y26.031 E-.15863
G1 X65.983 Y25.709 E-.10721
G1 X65.568 Y25.354 E-.08338
;WIPE_END
G1 E-.21765 F2700
G1 X69.878 Y25.502 Z.515 F21000
G1 Z.44 F720
G1 E.8 F1500
;WIDTH:0.469191
G1 F8400
G1 X69.683 Y25.663 E.01054
G1 X69.218 Y25.933 E.02241
G1 X68.982 Y26.031 E.01065
G1 X70.031 Y26.031 E.04372
G1 X70.031 Y25.375 E.02734
G1 E-.16 F2700
;WIPE_START
G1 F16800
G1 X70.031 Y26.031 E-.10016
G1 X68.982 Y26.031 E-.16016
G1 X69.218 Y25.933 E-.03902
G1 X69.683 Y25.663 E-.0821
G1 X69.878 Y25.502 E-.03861
;WIPE_END
G1 E-.21995 F2700
G1 X93.363 Y8.441 Z.947 F21000
G1 X95.093 Y7.184 Z.98
G1 X96.335 Y6.283 Z1
G1 Z.44 F720
G1 E.8 F1500
;WIDTH:0.391504
G1 F8400
G1 X96.263 Y6.263 E.00254
G1 X96.283 Y6.335 E.00254
G1 X96.324 Y6.324 E.00144
;WIDTH:0.420752
G1 X96.509 Y6.342 E.00685
;WIDTH:0.449999
G1 X96.695 Y6.361 E.00743
G1 X96.361 Y6.695 E.01878
G1 X96.361 Y7.258 E.02239
G1 X97.258 Y6.361 E.05044
G1 X97.822 Y6.361 E.02243
G1 X96.361 Y7.822 E.08215
G1 X96.361 Y8.386 E.02243
G1 X98.386 Y6.361 E.11387
G1 X98.949 Y6.361 E.02239
G1 X96.361 Y8.949 E.14553
G1 X96.361 Y9.513 E.02243
G1 X99.513 Y6.361 E.17724
G1 X99.647 Y6.319 E.00558
;WIDTH:0.420752
G1 X99.782 Y6.278 E.0052
;WIDTH:0.391504
G1 X99.741 Y6.289 E.00144
G1 X99.722 Y6.218 E.00249
G1 X99.793 Y6.237 E.00249
;WIDTH:0.449999
G1 X99.639 Y6.798 E.02313
G1 X96.361 Y10.076 E.18433
G1 X96.361 Y10.64 E.02243
G1 X99.639 Y7.361 E.18436
G1 X99.639 Y7.925 E.02243
G1 X96.361 Y11.203 E.18433
G1 X96.361 Y11.767 E.02243
G1 X99.639 Y8.488 E.18436
G1 X99.639 Y9.052 E.02243
G1 X96.361 Y12.33 E.18433
G1 X96.361 Y12.894 E.02243
G1 X99.639 Y9.615 E.18436
G1 X99.639 Y10.179 E.02243
G1 X96.361 Y13.458 E.18436
G1 X96.361 Y14.021 E.02239
G1 X99.639 Y10.743 E.18433
G1 X99.639 Y11.306 E.02239
G1 X96.361 Y14.585 E.18436
G1 X96.35 Y15.159 E.02283
G1 X99.639 Y11.87 E.18495
G1 E-.16 F2700
;WIPE_START
G1 F16800
G1 X96.675 Y14.834 E-.64
;WIPE_END
G1 X96.185 Y15.441 Z.454 F21000
G1 Z.44 F720
G1 E.8 F1500
;WIDTH:0.391504
G1 F8400
G1 X96.033 Y15.671 E.00935
G1 X95.817 Y15.902 E.01073
G1 E-.16 F2700
;WIPE_START
G1 F16800
G1 X96.033 Y15.671 E-.04829
G1 X96.185 Y15.441 E-.04209
;WIPE_END
G1 E-.54962 F2700
G1 X67.303 Y12.528 Z.947 F21000
G1 X65.176 Y12.314 Z.98
G1 X63.048 Y12.099 Z1.006
G1 X60.921 Y11.885 Z1.025
G1 X56.666 Y11.455 Z1.04
G1 X6.469 Y6.393
G1 Z.44 F720
G1 E.8 F1500
;WIDTH:0.546684
G1 F7573.004
G1 X6.425 Y6.349 E.00307
G1 X6.365 Y6.365 E.00307
G1 X6.349 Y6.425 E.00307
G1 X6.393 Y6.469 E.00307
G1 X6.453 Y6.453 E.00307
;WIDTH:0.449999
G1 F8400
G1 X6.361 Y7.089 E.02555
G1 X7.089 Y6.361 E.04094
G1 X7.181 Y6.291 E.0046
;WIDTH:0.420752
G1 X7.272 Y6.221 E.00423
;WIDTH:0.391504
G1 X7.231 Y6.232 E.00144
G1 X7.212 Y6.161 E.00249
G1 X7.283 Y6.18 E.00249
;WIDTH:0.449999
G1 X7.653 Y6.361 E.01638
G1 X6.361 Y7.653 E.07265
G1 X6.361 Y8.216 E.02239
G1 X8.216 Y6.361 E.10431
G1 X8.78 Y6.361 E.02243
G1 X6.361 Y8.78 E.13603
G1 X6.361 Y9.344 E.02243
G1 X9.344 Y6.361 E.16774
G1 X9.763 Y6.267 E.01707
;WIDTH:0.391504
G1 X9.692 Y6.248 E.00249
G1 X9.711 Y6.319 E.00249
G1 X9.752 Y6.308 E.00144
;WIDTH:0.420752
G1 X9.696 Y6.468 E.00625
;WIDTH:0.449999
G1 X9.639 Y6.629 E.00679
G1 X6.361 Y9.907 E.18433
G1 X6.361 Y10.471 E.02243
G1 X9.639 Y7.192 E.18436
G1 X9.639 Y7.756 E.02243
G1 X6.361 Y11.034 E.18433
G1 X6.361 Y11.598 E.02243
G1 X9.639 Y8.319 E.18436
G1 X9.639 Y8.883 E.02243
G1 X6.361 Y12.161 E.18433
G1 X6.361 Y12.725 E.02243
G1 X9.639 Y9.446 E.18436
G1 X9.639 Y10.01 E.02243
G1 X6.361 Y13.288 E.18433
G1 X6.361 Y13.852 E.02243
G1 X9.639 Y10.573 E.18436
G1 X9.639 Y11.137 E.02243
G1 X6.361 Y14.416 E.18436
G1 X6.361 Y14.979 E.02239
G1 X9.639 Y11.701 E.18433
G1 X9.639 Y12.264 E.02239
G1 X6.361 Y15.543 E.18436
G1 X6.361 Y16.106 E.02239
G1 X9.639 Y12.828 E.18433
G1 X9.639 Y13.391 E.02239
G1 X6.361 Y16.67 E.18436
G1 X6.361 Y17.233 E.02239
G1 X9.639 Y13.955 E.18433
G1 X9.639 Y14.518 E.02239
G1 X6.518 Y17.639 E.1755
G1 X6.409 Y17.685 E.0047
;WIDTH:0.420752
G1 X6.299 Y17.731 E.00439
;WIDTH:0.391504
G1 X6.228 Y17.712 E.00249
G1 X6.247 Y17.783 E.00249
G1 X6.288 Y17.772 E.00144
G1 X7.082 Y17.639 F21000
;WIDTH:0.449999
G1 F8400
G1 X9.643 Y15.078 E.14401
G1 X9.75 Y15.535 E.01866
G1 X7.645 Y17.639 E.11834
G1 E-.16 F2700
;WIPE_START
G1 F16800
G1 X9.75 Y15.535 E-.4544
G1 X9.643 Y15.078 E-.07166
G1 X9.115 Y15.606 E-.11394
;WIPE_END
G1 X38.123 Y16.684 Z.947 F21000
G1 X40.26 Y16.764 Z.98
G1 X42.397 Y16.843 Z1.006
G1 X44.534 Y16.922 Z1.025
G1 X48.807 Y17.081 Z1.04
G1 X63.82 Y17.639
G1 Z.44 F720
G1 E.8 F1500
G1 F8400
G1 X8.209 Y17.639 E2.2112
G1 X9.972 Y15.876 E.09914
G1 X10.083 Y16.014 E.00704
G1 X10.469 Y16.258 E.01816
G1 X10.98 Y16.361 E.02073
G1 X67.534 Y16.361 E2.2487
G1 X65.159 Y18.736 E.13355
G1 X65.02 Y18.382 E.01512
G1 X64.774 Y18.039 E.01678
G1 X64.376 Y17.763 E.01926
G1 X64.014 Y17.682 E.01475
G1 X63.82 Y16.78 F21000
;WIDTH:0.491557
G1 F8400
G1 X64.443 Y16.759 E.02737
;WIDTH:0.449999
G1 X66.572 Y16.759 E.08465
G1 X65.28 Y18.051 E.07265
G1 X64.986 Y17.69 E.01851
G1 X64.596 Y17.43 E.01864
G1 X64.385 Y17.343 E.00907
;WIDTH:0.491557
G1 X63.82 Y17.22 E.02539
G1 X10.98 Y17.22 E2.32013
G1 X10.41 Y17.241 E.02504
;WIDTH:0.449999
G1 X9.171 Y17.241 E.04927
G1 X9.98 Y16.432 E.04549
G1 X10.462 Y16.674 E.02145
;WIDTH:0.491557
G1 X10.98 Y16.78 E.02322
G1 X63.621 Y16.78 E2.3114
G1 X64.797 Y17.125 F21000
;WIDTH:0.37449
G1 F8400
G1 X65.701 Y17.12 E.02913
G1 X65.31 Y17.511 E.01782
G1 X65.211 Y17.408 E.0046
G1 X64.962 Y17.237 E.00973
G1 E-.16 F2700
;WIPE_START
G1 F16800
G1 X65.211 Y17.408 E-.04612
G1 X65.31 Y17.511 E-.02181
G1 X65.701 Y17.12 E-.08442
G1 X64.797 Y17.125 E-.13802
;WIPE_END
G1 E-.34963 F2700
G1 X65.161 Y19.298 Z.478 F21000
G1 Z.44 F720
G1 E.8 F1500
;WIDTH:0.449999
G1 F8400
G1 X68.098 Y16.361 E.16515
G1 X68.661 Y16.361 E.02239
G1 X65.161 Y19.861 E.19681
G1 X65.161 Y20.425 E.02243
G1 X69.225 Y16.361 E.22853
G1 X69.788 Y16.361 E.02239
G1 X65.161 Y20.988 E.26019
G1 X65.129 Y21.981 F21000
;WIDTH:0.391504
G1 F8400
G1 X65.244 Y21.917 E.00446
G1 X65.498 Y21.574 E.01448
;WIDTH:0.420752
G1 X65.33 Y21.563 E.0062
;WIDTH:0.449999
G1 X65.161 Y21.552 E.00673
G1 X70.352 Y16.361 E.2919
G1 X70.915 Y16.361 E.02239
G1 X67.025 Y20.251 E.21874
G1 X66.884 Y20.344 E.00672
;WIDTH:0.420752
G1 X66.743 Y20.437 E.00622
;WIDTH:0.391504
G1 X66.415 Y20.666 E.01357
G1 X67.688 Y20.152 F21000
;WIDTH:0.449999
G1 F8400
G1 X71.479 Y16.361 E.21318
G1 X72.042 Y16.361 E.02239
G1 X68.226 Y20.177 E.21458
M73 Q16 S14
G1 E-.16 F2700
;WIPE_START
G1 F16800
G1 X71.19 Y17.213 E-.64
;WIPE_END
G1 X71.166 Y17.801 Z.45 F21000
G1 Z.44 F720
G1 E.8 F1500
G1 F8400
G1 X72.606 Y16.361 E.08097
G1 X73.17 Y16.361 E.02243
G1 X71.891 Y17.639 E.07189
G1 E-.16 F2700
;WIPE_START
G1 F16800
G1 X73.17 Y16.361 E-.27605
G1 X72.606 Y16.361 E-.08611
G1 X71.319 Y17.647 E-.27784
;WIPE_END
G1 X93.406 Y16.361 Z.826 F21000
G1 Z.44 F720
G1 E.8 F1500
M73 Q17 S14
G1 F8400
G1 X73.592 Y16.361 E.78784
G1 X73.592 Y16.502 E.00561
G1 X72.454 Y17.639 E.06396
G1 X94.011 Y17.639 E.85715
G1 X94.011 Y17.498 E.00561
G1 X95.148 Y16.361 E.06394
G1 X93.605 Y16.361 E.06135
G1 X93.937 Y16.78 E.02126
;WIDTH:0.491557
G1 X73.889 Y16.78 E.88028
G1 X73.467 Y17.22 E.02677
G1 X93.714 Y17.22 E.88902
G1 X94.136 Y16.78 E.02677
G1 X94.433 Y17.639 F21000
;WIDTH:0.449999
G1 F8400
G1 X99.639 Y12.433 E.29274
G1 X99.639 Y12.997 E.02243
G1 X94.997 Y17.639 E.26103
G1 X95.56 Y17.639 E.02239
G1 X99.639 Y13.56 E.22937
G1 X99.639 Y14.124 E.02243
G1 X96.124 Y17.639 E.19766
G1 X96.687 Y17.639 E.02239
G1 X99.639 Y14.687 E.166
M73 P18 R12
G1 X99.639 Y15.251 E.02243
G1 X97.251 Y17.639 E.13428
G1 X97.815 Y17.639 E.02243
G1 X99.639 Y15.815 E.10257
G1 X99.639 Y17.639 E.07253
G1 X98.378 Y17.639 E.05014
G1 X99.498 Y16.519 E.06298
G1 E-.16 F2700
;WIPE_START
G1 F16800
G1 X98.378 Y17.639 E-.24183
G1 X99.639 Y17.639 E-.19253
G1 X99.639 Y16.292 E-.20564
;WIPE_END
G1 X70.884 Y18.031 Z.943 F21000
G1 Z.44 F720
G1 E.8 F1500
;WIDTH:0.391504
G1 F8400
G1 X70.815 Y18.107 E.00348
;WIDTH:0.420752
G1 X70.697 Y18.248 E.00677
;WIDTH:0.449999
G1 X70.578 Y18.388 E.00731
G1 X68.67 Y20.297 E.10732
G1 X69.078 Y20.452 E.01735
G1 X70.439 Y19.091 E.07653
G1 X70.439 Y21.936 E.11312
G1 X70.344 Y21.713 E.00964
G1 X70.073 Y21.279 E.02034
G1 X69.806 Y20.973 E.01615
G1 X69.415 Y20.679 E.01945
G1 X70.298 Y19.795 E.04968
G1 X70.084 Y20.62 F21000
;WIDTH:0.463668
G1 F8400
G1 X70.047 Y20.583 E.00215
G1 X69.998 Y20.597 E.0021
G1 X69.984 Y20.646 E.0021
G1 X70.021 Y20.683 E.00215
G1 X70.07 Y20.669 E.0021
G1 E-.16 F2700
;WIPE_START
G1 F16800
G1 X70.021 Y20.683 E-.00778
G1 X69.984 Y20.646 E-.00799
G1 X69.998 Y20.597 E-.00778
G1 X70.047 Y20.583 E-.00778
G1 X70.084 Y20.62 E-.00799
;WIPE_END
G1 E-.60068 F2700
G1 X99.082 Y19.284 Z.947 F21000
G1 X101.218 Y19.185 Z.98
G1 X103.354 Y19.087 Z1.006
G1 X105.49 Y18.988 Z1.025
G1 X109.761 Y18.791 Z1.04
G1 X154.426 Y16.733
G1 Z.44 F720
G1 E.8 F1500
;TYPE:Perimeter
;WIDTH:0.449999
G1 F4138.515
G1 X154.121 Y16.94 E.01466
G1 F4126.479
G1 X153.726 Y17.022 E.01604
G1 X143.674 Y17.022 E.39969
G1 X143.279 Y16.94 E.01604
G1 F4139.702
G1 X142.97 Y16.73 E.01486
G1 X142.76 Y16.421 E.01486
G1 F4124.393
G1 X142.678 Y16.026 E.01604
G1 X142.678 Y7.974 E.32016
G1 F4130.181
G1 X142.753 Y7.595 E.01536
G1 F4151.251
G1 X143.074 Y7.179 E.02089
G1 F4178.179
G1 X143.537 Y6.978 E.02007
G1 F4200
G1 X153.726 Y6.978 E.40513
G1 X154.326 Y7.179 E.02516
G1 X154.647 Y7.595 E.02089
G1 X154.722 Y7.974 E.01536
G1 X154.722 Y16.026 E.32016
G1 F4177.269
G1 X154.64 Y16.421 E.01604
G1 F4157.256
G1 X154.461 Y16.685 E.01268
G1 X154.146 Y16.45 F21000
G1 F2992.277
G1 X153.963 Y16.574 E.00879
G1 F2991.145
G1 X153.726 Y16.623 E.00962
G1 X143.674 Y16.623 E.39969
G1 X143.437 Y16.574 E.00962
G1 F2992.426
G1 X143.252 Y16.448 E.0089
G1 X143.126 Y16.263 E.0089
G1 F2990.99
G1 X143.077 Y16.026 E.00962
G1 X143.077 Y7.974 E.32016
G1 F2991.524
G1 X143.122 Y7.747 E.0092
G1 F2993.37
G1 X143.314 Y7.497 E.01253
G1 F2996.419
G1 X143.674 Y7.377 E.01509
G1 F3000
G1 X153.726 Y7.377 E.39969
G1 X154.086 Y7.497 E.01509
G1 X154.278 Y7.747 E.01253
G1 X154.323 Y7.974 E.0092
G1 X154.323 Y16.026 E.32016
G1 F2996.181
G1 X154.274 Y16.263 E.00962
G1 F2994.099
G1 X154.18 Y16.402 E.00667
M204 T250
G1 X153.869 Y16.16 F21000
M204 T7000
;TYPE:External perimeter
G1 F2995.716
G1 X153.867 Y16.167 E.00029
G1 X153.726 Y16.225 E.00606
G1 X143.674 Y16.225 E.39969
G1 X143.533 Y16.167 E.00606
G1 X143.475 Y16.026 E.00606
G1 X143.475 Y7.974 E.32016
G1 F2996.918
G1 X143.554 Y7.815 E.00706
G1 X143.674 Y7.775 E.00503
G1 F2999.998
G1 X153.726 Y7.775 E.39969
G1 F3000
G1 X153.846 Y7.815 E.00503
G1 X153.925 Y7.974 E.00706
G1 F2999.134
G1 X153.925 Y16.026 E.32016
G1 F2995.716
G1 X153.892 Y16.105 E.0034
G1 E-.16 F2700
;WIPE_START
G1 F16800
G1 X153.869 Y16.16 E-.0091
G1 X153.867 Y16.167 E-.00111
G1 X153.726 Y16.225 E-.02328
G1 X149.754 Y16.225 E-.60651
;WIPE_END
G1 X140.413 Y7.292 Z.666 F21000
G1 Z.44 F720
G1 E.8 F1500
;TYPE:Perimeter
G1 F3894.345
G1 X140.326 Y7.179 E.00567
G1 F3917.872
G1 X139.726 Y6.978 E.02516
G1 F4027.798
G1 X110.022 Y6.978 E1.18109
G1 F3830.677
G1 X110.022 Y6.022 E.03801
G1 F4200
G1 X187.378 Y6.022 E3.07583
G1 F3838.361
G1 X187.378 Y6.978 E.03801
G1 F3792.126
G1 X186.9 Y6.978 E.01901
G1 F4200
G1 X157.537 Y6.978 E1.16753
G1 X157.074 Y7.179 E.02007
G1 X156.753 Y7.595 E.02089
G1 X156.678 Y7.974 E.01536
G1 X156.678 Y18.978 E.43754
G1 F3853.614
G1 X140.722 Y18.978 E.63444
G1 F3860.3
G1 X140.722 Y7.974 E.43754
G1 F3872.718
G1 X140.647 Y7.595 E.01536
G1 F3894.345
G1 X140.45 Y7.339 E.01284
G1 X140.138 Y7.565 F21000
G1 F3829.372
G1 X140.086 Y7.497 E.0034
G1 F3853.987
G1 X139.726 Y7.377 E.01509
G1 F4074.136
G1 X109.623 Y7.377 E1.19696
G1 F3746.911
G1 X109.623 Y5.623 E.06974
G1 F4200
G1 X187.776 Y5.623 E3.10752
G1 F3756.337
M73 Q18 S14
G1 X187.776 Y7.377 E.06974
G1 F4200
G1 X157.674 Y7.377 E1.19692
G1 X157.314 Y7.497 E.01509
G1 X157.122 Y7.747 E.01253
G1 X157.077 Y7.974 E.0092
G1 X157.077 Y19.377 E.45341
G1 F3775.05
G1 X140.323 Y19.377 E.66617
G1 F3783.253
G1 X140.323 Y7.974 E.45341
G1 F3804.838
G1 X140.278 Y7.747 E.0092
G1 F3829.372
G1 X140.175 Y7.613 E.00672
M204 T250
G1 X139.86 Y7.845 F21000
M204 T7000
;TYPE:External perimeter
G1 F2912.895
G1 X139.846 Y7.815 E.00132
G1 F2917.825
G1 X139.726 Y7.775 E.00503
G1 F2927.835
G1 X139.052 Y7.775 E.0268
G1 F2982.645
G1 X109.9 Y7.775 E1.15914
G1 F2890.372
M73 P19 R12
G1 X109.225 Y7.775 E.02684
G1 X109.225 Y5.225 E.10139
G1 F2888.66
G1 X109.9 Y5.225 E.02684
G1 F2999.998
G1 X187.5 Y5.225 E3.08553
G1 F2892.263
G1 X188.175 Y5.225 E.02684
G1 X188.175 Y7.775 E.10139
G1 F2861.359
G1 X187.5 Y7.775 E.02684
G1 F2999.998
G1 X157.674 Y7.775 E1.18594
G1 F3000
G1 X157.554 Y7.815 E.00503
G1 X157.475 Y7.974 E.00706
G1 F2999.998
G1 X157.475 Y19.1 E.44239
G1 F2892.92
G1 X157.475 Y19.775 E.02684
G1 F2888.328
G1 X156.8 Y19.775 E.02684
G1 F2897.693
G1 X140.6 Y19.775 E.64414
G1 F2888.74
G1 X139.925 Y19.775 E.02684
G1 X139.925 Y19.1 E.02684
G1 F2899.668
G1 X139.925 Y7.974 E.44239
G1 F2912.895
G1 X139.887 Y7.898 E.00338
G1 E-.16 F2700
;WIPE_START
G1 F16800
G1 X139.86 Y7.845 E-.00908
G1 X139.846 Y7.815 E-.00505
G1 X139.726 Y7.775 E-.01931
G1 X139.052 Y7.775 E-.10291
G1 X135.753 Y7.775 E-.50365
;WIPE_END
G1 X153.498 Y6.331 Z.751 F21000
G1 Z.44 F720
G1 E.8 F1500
;TYPE:Solid infill
;WIDTH:0.390052
G1 F8400
G1 X143.677 Y6.331 E.33176
;WIDTH:0.420026
G1 X143.24 Y6.346 E.01608
;WIDTH:0.449999
G1 X142.804 Y6.361 E.01735
G1 X140.557 Y6.361 E.08935
G1 X140.127 Y6.346 E.01711
;WIDTH:0.420026
G1 X139.697 Y6.331 E.01582
;WIDTH:0.390053
G1 X110.331 Y6.331 E.992
G1 X110.331 Y6.669 E.01142
G1 X139.716 Y6.669 E.99264
;WIDTH:0.420026
G1 X140.094 Y6.775 E.01444
;WIDTH:0.449999
G1 X140.473 Y6.882 E.01566
G1 X140.567 Y6.949 E.00459
G1 X140.935 Y7.425 E.02392
G1 X141.061 Y7.955 E.02166
G1 X141.061 Y18.639 E.42482
G1 X153.053 Y18.639 E.47683
G1 X153.053 Y18.498 E.00561
G1 X154.301 Y17.25 E.07018
G1 X154.462 Y17.11 E.00848
;WIDTH:0.420937
G1 X154.624 Y16.969 E.00792
G1 X154.419 Y17.116 E.0093
;WIDTH:0.449999
G1 X154.215 Y17.263 E.01
G1 X153.723 Y17.361 E.01995
G1 X143.68 Y17.361 E.39933
G1 X143.183 Y17.262 E.02015
G1 X142.76 Y16.993 E.01993
G1 X142.467 Y16.587 E.01991
G1 X142.339 Y16.046 E.02211
G1 X142.339 Y7.977 E.32084
G1 X142.439 Y7.47 E.02055
G1 X142.835 Y6.947 E.02608
G1 X143.146 Y6.808 E.01354
;WIDTH:0.420026
G1 X143.458 Y6.669 E.01256
;WIDTH:0.390052
G1 X153.716 Y6.669 E.34652
;WIDTH:0.420026
G1 X154.094 Y6.775 E.01444
;WIDTH:0.449999
G1 X154.473 Y6.882 E.01566
G1 X154.567 Y6.949 E.00459
G1 X154.935 Y7.425 E.02392
G1 X155.061 Y7.955 E.02166
G1 X155.061 Y16.023 E.3208
G1 X154.963 Y16.515 E.01995
G1 X154.816 Y16.719 E.01
;WIDTH:0.420962
G1 X154.669 Y16.924 E.0093
G1 X154.84 Y16.732 E.00948
;WIDTH:0.449999
G1 X155.011 Y16.541 E.01019
G1 X156.198 Y15.353 E.06678
G1 X156.339 Y15.353 E.00561
G1 X156.339 Y7.977 E.29328
G1 X156.439 Y7.47 E.02055
G1 X156.835 Y6.947 E.02608
G1 X157.146 Y6.808 E.01354
;WIDTH:0.420026
G1 X157.458 Y6.669 E.01256
;WIDTH:0.390052
G1 X187.069 Y6.669 E1.00027
G1 X187.069 Y6.331 E.01142
G1 X157.677 Y6.331 E.99288
;WIDTH:0.420026
G1 X157.24 Y6.346 E.01608
;WIDTH:0.449999
G1 X156.804 Y6.361 E.01735
G1 X154.557 Y6.361 E.08935
G1 X154.127 Y6.346 E.01711
;WIDTH:0.420026
G1 X153.697 Y6.331 E.01582
G1 X154.924 Y6.759 F21000
;WIDTH:0.449999
G1 F8400
G1 X156.476 Y6.759 E.06171
G1 X156.15 Y7.181 E.0212
G1 X156.036 Y7.432 E.01096
;WIDTH:0.491556
G1 X155.92 Y7.977 E.02447
G1 X155.92 Y15.039 E.31008
G1 X155.48 Y15.479 E.02732
G1 X155.48 Y7.977 E.3294
G1 X155.364 Y7.432 E.02447
;WIDTH:0.449999
G1 X155.25 Y7.181 E.01096
G1 X155.046 Y6.917 E.01327
G1 X155.749 Y7.148 E.02942
;WIDTH:0.45765
G1 X155.713 Y7.112 E.00206
G1 X155.664 Y7.126 E.00207
G1 X155.651 Y7.175 E.00205
G1 X155.687 Y7.211 E.00206
G1 X155.736 Y7.197 E.00207
G1 E-.16 F2700
;WIPE_START
G1 F16800
G1 X155.687 Y7.211 E-.00778
G1 X155.651 Y7.175 E-.00777
G1 X155.664 Y7.126 E-.00774
G1 X155.713 Y7.112 E-.00778
G1 X155.749 Y7.148 E-.00777
G1 X155.046 Y6.917 E-.11298
G1 X155.25 Y7.181 E-.05094
G1 X155.364 Y7.432 E-.04209
G1 X155.48 Y7.977 E-.08507
G1 X155.48 Y10.008 E-.31008
;WIPE_END
G1 X156.339 Y15.776 Z.542 F21000
G1 Z.44 F720
G1 E.8 F1500
;WIDTH:0.449999
G1 F8400
G1 X153.476 Y18.639 E.16099
G1 E-.16 F2700
;WIPE_START
G1 F16800
G1 X156.339 Y15.776 E-.61818
;WIPE_END
G1 E-.02182 F2700
G1 X156.198 Y16.48 Z.453 F21000
G1 Z.44 F720
G1 E.8 F1500
G1 F8400
G1 X154.039 Y18.639 E.1214
G1 X156.339 Y18.639 E.09145
G1 X156.339 Y16.339 E.09145
G1 X155.903 Y17.393 F21000
;WIDTH:0.525903
G1 F7904.738
G1 X155.903 Y18.203 E.03834
G1 X155.093 Y18.203 E.03834
G1 X155.762 Y17.534 E.04478
G1 E-.16 F2700
;WIPE_START
G1 F16800
G1 X155.093 Y18.203 E-.14445
G1 X155.903 Y18.203 E-.12367
G1 X155.903 Y17.393 E-.12367
;WIPE_END
G1 E-.24821 F2700
G1 X142.476 Y6.759 Z.739 F21000
G1 Z.44 F720
G1 E.8 F1500
;WIDTH:0.449999
G1 F8400
G1 X142.15 Y7.181 E.0212
G1 X142.036 Y7.432 E.01096
;WIDTH:0.491556
G1 X141.92 Y7.977 E.02447
G1 X141.92 Y16.113 E.35724
G1 X142.137 Y16.811 E.0321
;WIDTH:0.449999
G1 X142.449 Y17.251 E.02145
G1 X142.887 Y17.561 E.02134
G1 X143.102 Y17.652 E.00928
;WIDTH:0.491556
G1 X143.68 Y17.78 E.02599
G1 X153.179 Y17.78 E.41709
G1 X152.757 Y18.22 E.02677
G1 X143.68 Y18.22 E.39856
G1 X143.042 Y18.241 E.02803
;WIDTH:0.449999
G1 X141.459 Y18.241 E.06294
G1 X141.459 Y16.655 E.06306
;WIDTH:0.491557
G1 X141.48 Y16.023 E.02777
G1 X141.48 Y7.977 E.35329
G1 X141.364 Y7.432 E.02447
;WIDTH:0.449999
G1 X141.25 Y7.181 E.01096
G1 X140.924 Y6.759 E.0212
G1 X142.277 Y6.759 E.0538
G1 X141.749 Y7.148 E.02608
;WIDTH:0.457648
G1 X141.713 Y7.112 E.00206
G1 X141.664 Y7.126 E.00207
G1 X141.651 Y7.175 E.00205
G1 X141.687 Y7.211 E.00206
G1 X141.736 Y7.197 E.00207
G1 E-.16 F2700
;WIPE_START
G1 F16800
G1 X141.687 Y7.211 E-.00778
G1 X141.651 Y7.175 E-.00777
G1 X141.664 Y7.126 E-.00774
G1 X141.713 Y7.112 E-.00778
G1 X141.749 Y7.148 E-.00777
G1 X142.277 Y6.759 E-.10013
G1 X140.924 Y6.759 E-.20657
G1 X141.25 Y7.181 E-.08142
G1 X141.364 Y7.432 E-.04209
G1 X141.48 Y7.977 E-.08507
G1 X141.48 Y8.54 E-.08588
;WIPE_END
G1 X141.849 Y17.079 Z.589 F21000
G1 Z.44 F720
G1 E.8 F1500
;WIDTH:0.432234
G1 F8400
G1 X142.174 Y17.526 E.021
G1 X142.621 Y17.851 E.021
G1 X141.849 Y17.851 E.02933
G1 X141.849 Y17.278 E.02177
G1 E-.16 F2700
;WIPE_START
G1 F16800
G1 X141.849 Y17.851 E-.08748
G1 X142.621 Y17.851 E-.11787
G1 X142.174 Y17.526 E-.08438
G1 X141.849 Y17.079 E-.08438
;WIPE_END
G1 E-.26589 F2700
G1 X170.874 Y16.62 Z.947 F21000
M73 Q19 S14
G1 X173.012 Y16.587 Z.98
G1 X175.15 Y16.553 Z1.006
G1 X177.288 Y16.519 Z1.025
G1 X181.564 Y16.451 Z1.04
G1 X213.65 Y15.944
G1 Z.44 F720
G1 E.8 F1500
;TYPE:Perimeter
;WIDTH:0.449999
G1 F4190.814
G1 X213.642 Y15.955 E.00054
G1 F4185.247
G1 X213.311 Y16.123 E.01476
G1 F4183.697
G1 X202.174 Y16.123 E.44283
G1 X201.942 Y16.076 E.00941
G1 F4187.903
G1 X201.758 Y15.955 E.00876
G1 F4195.011
G1 X201.577 Y15.639 E.01448
G1 F4200
G1 X201.577 Y7.9 E.30772
G1 F4002.37
G1 X201.577 Y6.474 E.0567
G1 F3838.989
G1 X201.696 Y6.116 E.015
G1 F3788.95
G1 X201.892 Y6.014 E.00879
;WIDTH:0.413628
G1 F3780.729
G1 X202.088 Y5.913 E.00797
;WIDTH:0.377257
G1 F3784.579
G1 X213.226 Y5.913 E.36203
;WIDTH:0.413628
G1 F3805.613
G1 X213.465 Y6.014 E.00938
;WIDTH:0.449999
G1 F3836.2
G1 X213.704 Y6.116 E.01033
G1 F3895.215
G1 X213.823 Y6.474 E.015
G1 F4196.189
G1 X213.823 Y15.526 E.35993
G1 X213.756 Y15.801 E.01125
G1 F4190.814
G1 X213.686 Y15.896 E.00469
M204 T250
G1 X213.368 Y15.66 F21000
M204 T7000
;TYPE:External perimeter
G1 F2999.101
G1 X213.364 Y15.669 E.00039
G1 X213.226 Y15.725 E.00592
G1 F2998.977
G1 X202.174 Y15.725 E.43945
G1 F2999.552
G1 X202.036 Y15.669 E.00592
G1 X201.975 Y15.526 E.00618
G1 X201.975 Y7.148 E.33313
G1 F2947.89
M73 P20 R12
G1 X201.975 Y6.474 E.0268
G1 F2932.743
G1 X202.015 Y6.355 E.00499
G1 F2928.634
G1 X202.174 Y6.275 E.00708
G1 F2926.956
G1 X213.226 Y6.275 E.43945
G1 F2931.067
G1 X213.385 Y6.355 E.00708
G1 F2936.213
G1 X213.425 Y6.474 E.00499
G1 F2950.419
G1 X213.425 Y7.148 E.0268
G1 F2999.998
G1 X213.425 Y15.526 E.33313
G1 X213.392 Y15.605 E.0034
G1 E-.16 F2700
;WIPE_START
G1 F16800
G1 X213.368 Y15.66 E-.00916
G1 X213.364 Y15.669 E-.0015
G1 X213.226 Y15.725 E-.02274
G1 X209.253 Y15.725 E-.6066
;WIPE_END
G1 X197.422 Y18.978 Z.654 F21000
G1 Z.44 F720
G1 E.8 F1500
;TYPE:Perimeter
G1 F3853.616
G1 X197.422 Y6.022 E.51516
G1 F3779.251
G1 X201.329 Y6.022 E.15535
G1 F3829.069
G1 X201.178 Y6.474 E.01895
G1 F4002.37
G1 X201.178 Y7.9 E.0567
G1 F4200
G1 X201.178 Y15.654 E.30831
G1 F4195.121
G1 X201.29 Y15.985 E.01389
G1 F4188.167
G1 X201.481 Y16.241 E.0127
G1 F4176.232
G1 X201.787 Y16.443 E.01458
G1 F4165.217
G1 X202.174 Y16.522 E.01571
G1 X213.226 Y16.522 E.43945
G1 X213.613 Y16.443 E.01571
G1 F4171.225
G1 X213.919 Y16.241 E.01458
G1 F4182.264
G1 X214.11 Y15.985 E.0127
G1 F4190.905
G1 X214.193 Y15.765 E.00935
G1 F4196.532
G1 X214.222 Y15.526 E.00957
G1 X214.222 Y6.474 E.35993
G1 F3938.296
G1 X214.071 Y6.022 E.01895
G1 F3974.057
G1 X217.978 Y6.022 E.15535
G1 F3853.387
G1 X217.978 Y18.978 E.51516
G1 X197.482 Y18.978 E.81496
G1 X197.023 Y19.377 F21000
G1 F3775.053
G1 X197.023 Y5.623 E.54689
G1 F3683.821
G1 X201.45 Y5.623 E.17603
G1 F3681.53
G1 X201.812 Y5.605 E.01441
;WIDTH:0.413628
G1 F3685.17
G1 X202.174 Y5.587 E.0131
;WIDTH:0.377257
G1 F3692.207
G1 X213.226 Y5.587 E.35923
;WIDTH:0.413628
G1 F3744.275
G1 X213.588 Y5.605 E.0131
;WIDTH:0.449999
G1 F3805.192
G1 X213.95 Y5.623 E.01441
G1 F3922.811
G1 X218.377 Y5.623 E.17603
G1 F3774.772
G1 X218.377 Y19.377 E.54689
G1 F3775.053
G1 X197.083 Y19.377 E.84669
M204 T250
G1 X196.625 Y19.775 F21000
M204 T7000
;TYPE:External perimeter
G1 F2888.329
G1 X196.625 Y19.1 E.02684
G1 F2897.626
G1 X196.625 Y5.9 E.52486
G1 F2891.796
G1 X196.625 Y5.225 E.02684
G1 F2875.729
G1 X218.1 Y5.225 E.85389
G1 F2890.895
G1 X218.775 Y5.225 E.02684
G1 F2888.329
G1 X218.775 Y5.9 E.02684
G1 F2897.626
G1 X218.775 Y19.1 E.52486
G1 F2858.134
G1 X218.775 Y19.775 E.02684
G1 X218.1 Y19.775 E.02684
G1 F2897.693
G1 X197.3 Y19.775 E.82705
G1 F2890.895
G1 X196.685 Y19.775 E.02445
G1 E-.16 F2700
;WIPE_START
G1 F16800
G1 X196.625 Y19.775 E-.00916
G1 X196.625 Y19.1 E-.10306
G1 X196.625 Y15.643 E-.52778
;WIPE_END
G1 X214.706 Y6.423 Z.794 F21000
G1 Z.44 F720
G1 E.8 F1500
;TYPE:Solid infill
;WIDTH:0.61111
G1 F6701.144
G1 X214.656 Y6.374 E.00391
G1 X214.589 Y6.392 E.00387
G1 X214.57 Y6.459 E.00389
G1 X214.62 Y6.509 E.00395
G1 X214.687 Y6.491 E.00387
;WIDTH:0.449999
G1 F8400
G1 X214.561 Y7.196 E.02848
G1 X215.396 Y6.361 E.04695
G1 X215.96 Y6.361 E.02243
G1 X214.561 Y7.76 E.07867
G1 X214.561 Y8.323 E.02239
G1 X216.523 Y6.361 E.11033
G1 X217.087 Y6.361 E.02243
G1 X214.561 Y8.887 E.14204
G1 X214.561 Y9.45 E.02239
G1 X217.639 Y6.372 E.17308
G1 X217.639 Y6.935 E.02239
G1 X214.561 Y10.014 E.17311
G1 X214.561 Y10.577 E.02239
G1 X217.639 Y7.499 E.17308
G1 X217.639 Y8.062 E.02239
G1 X214.561 Y11.141 E.17311
G1 X214.561 Y11.704 E.02239
G1 X217.639 Y8.626 E.17308
G1 X217.639 Y9.189 E.02239
G1 X214.561 Y12.268 E.17311
G1 X214.561 Y12.832 E.02243
G1 X217.639 Y9.753 E.17311
G1 X217.639 Y10.317 E.02243
G1 X214.561 Y13.395 E.17308
G1 X214.561 Y13.959 E.02243
G1 X217.639 Y10.88 E.17311
G1 X217.639 Y11.444 E.02243
G1 X214.561 Y14.522 E.17308
G1 X214.561 Y15.086 E.02243
G1 X217.639 Y12.007 E.17311
G1 X217.639 Y12.571 E.02243
G1 X214.549 Y15.661 E.17376
G1 X214.389 Y15.942 E.01286
;WIDTH:0.391504
G1 X214.076 Y16.345 E.01731
G1 E-.16 F2700
;WIPE_START
G1 F16800
G1 X214.389 Y15.942 E-.07791
G1 X214.549 Y15.661 E-.04937
G1 X216.924 Y13.286 E-.51272
;WIPE_END
G1 X197.853 Y6.453 Z.794 F21000
G1 Z.44 F720
G1 E.8 F1500
;WIDTH:0.546684
G1 F7573.004
G1 X197.793 Y6.469 E.00307
G1 X197.749 Y6.425 E.00307
G1 X197.765 Y6.365 E.00307
G1 X197.825 Y6.349 E.00307
G1 X197.869 Y6.393 E.00307
G1 X198.683 Y6.18 F21000
;WIDTH:0.391504
G1 F8400
G1 X198.612 Y6.161 E.00249
G1 X198.631 Y6.232 E.00249
G1 X198.672 Y6.221 E.00144
;WIDTH:0.420752
G1 X198.581 Y6.291 E.00423
;WIDTH:0.449999
G1 X198.489 Y6.361 E.0046
G1 X197.761 Y7.089 E.04094
G1 X197.691 Y7.181 E.0046
;WIDTH:0.420752
G1 X197.621 Y7.272 E.00423
;WIDTH:0.391504
G1 X197.58 Y7.283 E.00144
G1 X197.561 Y7.212 E.00249
G1 X197.632 Y7.231 E.00249
;WIDTH:0.449999
G1 X197.761 Y7.653 E.01755
G1 X199.053 Y6.361 E.07265
G1 X199.616 Y6.361 E.02239
G1 X197.761 Y8.216 E.10431
G1 X197.761 Y8.78 E.02243
G1 X200.18 Y6.361 E.13603
G1 X201.037 Y6.252 F21000
;WIDTH:0.391504
G1 F8400
G1 X200.966 Y6.232 E.0025
G1 X200.985 Y6.304 E.00253
G1 X201.026 Y6.293 E.00144
;WIDTH:0.420752
G1 X200.885 Y6.327 E.00534
;WIDTH:0.449999
G1 X200.744 Y6.361 E.00577
G1 X197.761 Y9.344 E.16774
G1 X197.761 Y9.907 E.02239
G1 X200.839 Y6.828 E.17311
G1 X200.839 Y7.392 E.02243
G1 X197.761 Y10.471 E.17311
G1 X197.761 Y11.034 E.02239
G1 X200.839 Y7.956 E.17308
G1 X200.839 Y8.519 E.02239
G1 X197.761 Y11.598 E.17311
G1 X197.761 Y12.161 E.02239
G1 X200.839 Y9.083 E.17308
G1 X200.839 Y9.646 E.02239
G1 X197.761 Y12.725 E.17311
G1 X197.761 Y13.288 E.02239
G1 X200.839 Y10.21 E.17308
G1 X200.839 Y10.773 E.02239
G1 X197.761 Y13.852 E.17311
G1 X197.761 Y14.416 E.02243
G1 X200.839 Y11.337 E.17311
G1 X200.839 Y11.901 E.02243
M73 Q20 S14
G1 X197.761 Y14.979 E.17308
G1 X197.761 Y15.543 E.02243
G1 X200.839 Y12.464 E.17311
G1 X200.839 Y13.028 E.02243
G1 X197.761 Y16.106 E.17308
G1 X197.761 Y16.67 E.02243
G1 X200.839 Y13.591 E.17311
G1 X200.839 Y14.155 E.02243
G1 X197.761 Y17.233 E.17308
G1 X197.761 Y17.797 E.02243
G1 X200.839 Y14.718 E.17311
G1 X200.839 Y15.282 E.02243
G1 X197.761 Y18.36 E.17308
G1 X197.74 Y18.536 E.00705
;WIDTH:0.420752
G1 X197.719 Y18.711 E.00649
;WIDTH:0.391504
G1 X197.648 Y18.692 E.00249
G1 X197.667 Y18.763 E.00249
G1 X197.708 Y18.752 E.00144
;WIDTH:0.449999
G1 X198.045 Y18.639 E.01413
G1 X200.873 Y15.812 E.159
G1 X201.039 Y16.21 E.01715
G1 X198.609 Y18.639 E.13662
G1 E-.16 F2700
;WIPE_START
G1 F16800
G1 X201.039 Y16.21 E-.52458
G1 X200.873 Y15.812 E-.06584
G1 X200.643 Y16.042 E-.04958
;WIPE_END
G1 X213.179 Y16.861 Z.659 F21000
G1 Z.44 F720
G1 E.8 F1500
G1 F8400
G1 X202.18 Y16.861 E.43734
G1 X201.686 Y16.765 E.02001
G1 X201.293 Y16.519 E.01844
G1 X199.173 Y18.639 E.11921
G1 X211.712 Y18.639 E.49858
G1 X211.712 Y18.498 E.00561
G1 X213.376 Y16.834 E.09357
G1 E-.16 F2700
;WIPE_START
G1 F16800
G1 X211.712 Y18.498 E-.35929
G1 X211.712 Y18.639 E-.02153
G1 X210.014 Y18.639 E-.25918
;WIPE_END
G1 X212.134 Y18.639 Z.477 F21000
G1 Z.44 F720
G1 E.8 F1500
G1 F8400
G1 X217.639 Y13.134 E.30956
G1 X217.639 Y13.698 E.02243
G1 X212.698 Y18.639 E.27784
G1 X213.261 Y18.639 E.02239
G1 X217.639 Y14.261 E.24618
G1 X217.639 Y14.825 E.02243
G1 X213.825 Y18.639 E.21447
G1 X214.389 Y18.639 E.02243
G1 X217.639 Y15.389 E.18275
G1 X217.639 Y15.952 E.02239
G1 X214.952 Y18.639 E.1511
G1 X215.516 Y18.639 E.02243
G1 X217.639 Y16.516 E.11938
G1 X217.639 Y18.639 E.08441
G1 X216.079 Y18.639 E.06203
G1 X217.498 Y17.22 E.07979
G1 X217.245 Y18.166 F21000
;WIDTH:0.566866
G1 F7276.439
G1 X217.199 Y18.12 E.00335
G1 X217.137 Y18.137 E.00331
G1 X217.12 Y18.199 E.00331
G1 X217.166 Y18.245 E.00335
G1 X217.228 Y18.228 E.00331
G1 E-.16 F2700
;WIPE_START
G1 F16800
G1 X217.166 Y18.245 E-.00982
G1 X217.12 Y18.199 E-.00993
G1 X217.137 Y18.137 E-.00982
G1 X217.199 Y18.12 E-.00982
G1 X217.245 Y18.166 E-.00993
;WIPE_END
G1 E-.59068 F2700
G1 X212.387 Y17.259 Z.526 F21000
G1 Z.44 F720
M73 P21 R12
G1 E.8 F1500
;WIDTH:0.449999
G1 F8400
G1 X211.406 Y18.241 E.05519
G1 X200.135 Y18.241 E.44816
G1 X201.345 Y17.031 E.06804
G1 X201.614 Y17.157 E.01181
G1 X202.18 Y17.259 E.02287
G1 X212.188 Y17.259 E.39794
G1 X211.202 Y17.75 F21000
;WIDTH:0.63462
G1 F6430.968
G1 X202.18 Y17.75 E.52493
G1 X202.115 Y17.772 E.00399
;WIDTH:0.59078
G1 F6953.768
G1 X202.049 Y17.794 E.00374
;WIDTH:0.54694
G1 F7569.091
G1 X201.983 Y17.816 E.00344
;WIDTH:0.5031
G1 F8303.882
G1 X201.918 Y17.838 E.00309
;WIDTH:0.45926
G1 F8400
G1 X201.852 Y17.86 E.00283
;WIDTH:0.41542
G1 X201.787 Y17.882 E.00249
;WIDTH:0.403992
G1 X201.041 Y17.865 E.02624
G1 X201.425 Y17.482 E.01908
G1 X201.818 Y17.565 E.01413
;WIDTH:0.416289
G1 X201.88 Y17.596 E.00252
;WIDTH:0.460998
G1 X201.941 Y17.628 E.00281
;WIDTH:0.505707
G1 F8256.231
G1 X202.003 Y17.659 E.00314
M106 S216.75
;LAYER_CHANGE
;Z:0.68
;HEIGHT:0.24
;BEFORE_LAYER_CHANGE
G92 E0.0
;0.68


G1 E-.16 F2700
;WIPE_START
G1 F16800
G1 X201.941 Y17.628 E-.01058
G1 X201.88 Y17.596 E-.01052
G1 X201.818 Y17.565 E-.01058
G1 X201.425 Y17.482 E-.06133
G1 X201.041 Y17.865 E-.08281
G1 X201.787 Y17.882 E-.11393
G1 X201.852 Y17.86 E-.01048
G1 X201.918 Y17.838 E-.01062
G1 X201.983 Y17.816 E-.01048
G1 X202.049 Y17.794 E-.01062
G1 X202.115 Y17.772 E-.01062
G1 X202.18 Y17.75 E-.01048
G1 X204.06 Y17.75 E-.28695
;WIPE_END
G1 X204.06 Y17.75 Z.44 F21000
G1 X175.038 Y18.335 Z.947
G1 X172.9 Y18.379 Z.98
G1 X170.762 Y18.422 Z1.006
G1 X168.624 Y18.465 Z1.025
G1 X164.348 Y18.551 Z1.04
G1 X67.901 Y20.497 Z1.04
;AFTER_LAYER_CHANGE
;0.68
G1 Z.68 F720
G1 E.8 F1500
;TYPE:Perimeter
;WIDTH:0.449999
G1 F3000
G1 X68.254 Y20.52 E.01407
G1 X68.916 Y20.747 E.02783
G1 X69.193 Y20.907 E.01272
G1 X69.572 Y21.217 E.01947
G1 X69.784 Y21.456 E.0127
G1 X70.046 Y21.869 E.01945
;WIDTH:0.499281
G1 X70.312 Y22.633 E.03614
G1 X70.33 Y22.959 E.01459
;WIDTH:0.510333
G1 X70.292 Y23.543 E.02679
G1 X70.149 Y23.874 E.01651
;WIDTH:0.480166
G1 X70.006 Y24.206 E.01546
;WIDTH:0.449999
G1 X69.835 Y24.476 E.01271
G1 X69.305 Y25.019 E.03017
G1 X68.839 Y25.289 E.02141
G1 X68.54 Y25.403 E.01272
G1 X68.034 Y25.506 E.02053
G1 X67.741 Y25.514 E.01165
G1 X67.255 Y25.455 E.01947
G1 X66.948 Y25.366 E.01271
G1 X66.342 Y25.057 E.02705
G1 X65.89 Y24.635 E.02459
G1 X65.698 Y24.38 E.01269
;WIDTH:0.488778
G1 X65.516 Y24.021 E.01756
;WIDTH:0.527556
G1 X65.333 Y23.662 E.01914
G1 X65.273 Y23.163 E.02387
;WIDTH:0.4867
G1 X65.273 Y22.837 E.01416
;WIDTH:0.526216
G1 X65.332 Y22.351 E.02319
G1 X65.515 Y21.986 E.01934
;WIDTH:0.488108
G1 X65.698 Y21.62 E.01783
;WIDTH:0.449999
G1 X65.89 Y21.365 E.01269
G1 X66.243 Y21.026 E.01946
G1 X66.506 Y20.844 E.01272
G1 X67.061 Y20.589 E.02429
G1 X67.741 Y20.486 E.02735
G1 X67.841 Y20.493 E.00399
G1 X67.885 Y20.891 F21000
G1 F3000
G1 X68.251 Y20.925 E.01462
G1 X68.775 Y21.12 E.02223
G1 X69.32 Y21.525 E.027
G1 X69.709 Y22.082 E.02701
G1 X69.901 Y22.734 E.02703
G1 X69.877 Y23.413 E.02702
G1 X69.64 Y24.05 E.02702
G1 X69.212 Y24.578 E.02703
G1 X68.64 Y24.944 E.027
G1 X67.981 Y25.11 E.02702
G1 X67.303 Y25.059 E.02703
G1 X66.677 Y24.796 E.027
G1 X66.166 Y24.348 E.02702
G1 X65.823 Y23.761 E.02703
G1 X65.684 Y23.096 E.02701
G1 X65.763 Y22.421 E.02702
G1 X66.051 Y21.806 E.027
G1 X66.166 Y21.652 E.00764
G1 X66.677 Y21.204 E.02702
G1 X67.187 Y20.967 E.02236
G1 X67.789 Y20.882 E.02417
G1 X67.825 Y20.885 E.00144
M204 T250
G1 X67.869 Y21.282 F21000
M204 T7000
;TYPE:External perimeter
G1 F2998.274
G1 X68.178 Y21.319 E.01237
G1 X68.689 Y21.524 E.02189
G1 X69.111 Y21.882 E.022
G1 X69.397 Y22.354 E.02194
G1 X69.52 Y22.877 E.02136
G1 X69.48 Y23.381 E.0201
G1 X69.273 Y23.894 E.022
G1 X68.914 Y24.314 E.02197
G1 X68.441 Y24.599 E.02196
G1 X67.901 Y24.72 E.022
G1 X67.351 Y24.663 E.02199
G1 X66.848 Y24.436 E.02194
G1 X66.442 Y24.06 E.022
G1 X66.176 Y23.576 E.02196
G1 X66.078 Y23.032 E.02198
G1 X66.156 Y22.485 E.02197
G1 X66.404 Y21.991 E.02198
G1 X66.848 Y21.564 E.02449
G1 X67.313 Y21.345 E.02044
G1 X67.81 Y21.281 E.01992
G1 E-.16 F2700
;WIPE_START
G1 F16800
G1 X67.869 Y21.282 E-.00901
G1 X68.178 Y21.319 E-.04751
G1 X68.689 Y21.524 E-.08406
G1 X69.111 Y21.882 E-.08449
G1 X69.397 Y22.354 E-.08426
G1 X69.52 Y22.877 E-.08203
G1 X69.48 Y23.381 E-.07719
G1 X69.273 Y23.894 E-.08446
G1 X68.914 Y24.314 E-.08436
G1 X68.899 Y24.323 E-.00263
;WIPE_END
G1 X64.822 Y26.778 Z.763 F21000
G1 Z.68 F720
G1 E.8 F1500
;TYPE:Perimeter
G1 F4200
G1 X64.822 Y24.596 E.08676
;WIDTH:0.488108
G1 X64.841 Y24.141 E.01984
;WIDTH:0.526216
G1 X64.86 Y23.687 E.02152
G1 X64.836 Y23 E.03256
G1 X64.86 Y22.313 E.03256
G1 X64.841 Y22.103 E.00999
;WIDTH:0.488108
G1 X64.822 Y21.894 E.00914
;WIDTH:0.449999
G1 X64.816 Y18.866 E.1204
G1 X64.709 Y18.513 E.01467
G1 X64.518 Y18.258 E.01267
G1 X64.213 Y18.056 E.01455
G1 X63.826 Y17.978 E.0157
G1 X6.022 Y17.978 E2.2984
G1 X6.022 Y6.022 E.47539
G1 X9.978 Y6.022 E.1573
G1 X9.978 Y15.159 E.36331
G1 X10.131 Y15.557 E.01695
G1 X10.329 Y15.784 E.01198
G1 X10.62 Y15.957 E.01346
G1 X10.974 Y16.022 E.01431
G1 X95.026 Y16.022 E3.34207
G1 X95.38 Y15.957 E.01431
G1 X95.671 Y15.784 E.01346
G1 X95.869 Y15.557 E.01198
G1 X95.977 Y15.322 E.01028
G1 X96.022 Y15.026 E.0119
G1 X96.022 Y6.022 E.35802
G1 X99.978 Y6.022 E.1573
G1 X99.978 Y17.978 E.47539
G1 X71.774 Y17.978 E1.12145
G1 X71.388 Y18.056 E.01566
G1 X71.083 Y18.257 E.01452
G1 X70.892 Y18.512 E.01267
G1 X70.801 Y18.763 E.01062
G1 X70.778 Y18.974 E.00844
G1 X70.778 Y22.09 E.1239
;WIDTH:0.483188
G1 X70.761 Y22.976 E.03817
;WIDTH:0.510333
G1 X70.748 Y23.582 E.02775
G1 X70.763 Y23.973 E.01791
;WIDTH:0.480166
G1 X70.778 Y24.364 E.01674
;WIDTH:0.449999
G1 X70.778 Y26.778 E.09599
G1 X64.882 Y26.778 E.23444
G1 X64.423 Y27.177 F21000
G1 F4200
G1 X64.423 Y18.974 E.32617
G1 X64.356 Y18.698 E.01129
G1 X64.241 Y18.544 E.00764
G1 X64.058 Y18.423 E.00872
G1 X63.826 Y18.377 E.0094
G1 X5.623 Y18.377 E2.31427
G1 X5.623 Y5.623 E.50712
M73 Q21 S14
G1 X10.377 Y5.623 E.18903
G1 X10.377 Y15.026 E.37388
G1 X10.404 Y15.204 E.00716
G1 X10.587 Y15.481 E.0132
G1 X10.762 Y15.584 E.00807
G1 X10.974 Y15.623 E.00857
G1 X95.11 Y15.623 E3.34541
G1 X95.413 Y15.481 E.01331
M73 P21 R11
G1 X95.596 Y15.204 E.0132
G1 X95.623 Y15.026 E.00716
G1 X95.623 Y5.623 E.37388
G1 X100.377 Y5.623 E.18903
G1 X100.377 Y18.377 E.50712
G1 F4163.293
G1 X95.026 Y18.377 E.21277
G1 F4200
G1 X71.689 Y18.377 E.92793
G1 X71.36 Y18.544 E.01467
M73 P22 R11
G1 X71.245 Y18.697 E.00761
G1 X71.177 Y18.974 E.01134
G1 X71.177 Y27.177 E.32617
G1 X64.483 Y27.177 E.26617
M204 T250
G1 X64.025 Y27.575 F21000
M204 T7000
;TYPE:External perimeter
G1 F3000
G1 X64.025 Y18.974 E.34199
G1 X63.964 Y18.831 E.00618
G1 X63.826 Y18.775 E.00592
G1 F2999.995
G1 X5.225 Y18.775 E2.33009
G1 X5.225 Y5.225 E.53877
G1 X10.775 Y5.225 E.22068
G1 X10.775 Y15.026 E.38971
G1 F3000
G1 X10.845 Y15.177 E.00662
G1 X10.974 Y15.225 E.00547
G1 F2999.998
G1 X95.026 Y15.225 E3.34207
G1 F3000
G1 X95.155 Y15.177 E.00547
G1 X95.225 Y15.026 E.00662
G1 F2999.998
G1 X95.225 Y5.225 E.38971
G1 X100.775 Y5.225 E.22068
G1 X100.775 Y18.1 E.51194
G1 F2935.139
G1 X100.775 Y18.775 E.02684
G1 X100.1 Y18.775 E.02684
G1 F2999.995
G1 X71.774 Y18.775 E1.1263
G1 F3000
G1 X71.636 Y18.831 E.00592
G1 X71.575 Y18.974 E.00618
G1 X71.575 Y27.575 E.34199
G1 X64.085 Y27.575 E.29782
G1 E-.16 F2700
;WIPE_START
G1 F16800
G1 X64.025 Y27.575 E-.00916
G1 X64.025 Y23.443 E-.63084
;WIPE_END
G1 X65.161 Y24.843 Z.711 F21000
G1 Z.68 F720
G1 E.8 F1500
;TYPE:Solid infill
G1 F8400
G1 X65.161 Y26.439 E.06346
G1 X66.721 Y26.439 E.06203
;WIDTH:0.491846
G1 X66.876 Y26.418 E.00687
;WIDTH:0.533693
G1 F7777.044
G1 X67.032 Y26.397 E.00757
;WIDTH:0.575539
G1 F7156.011
G1 X67.187 Y26.377 E.00817
G1 X67.81 Y26.393 E.03259
;WIDTH:0.573348
G1 F7186.063
G1 X68.233 Y26.378 E.02204
;WIDTH:0.604521
G1 F6780.985
G1 X68.657 Y26.362 E.02341
G1 X68.804 Y26.381 E.00818
;WIDTH:0.565891
G1 F7290.238
G1 X68.951 Y26.401 E.00761
;WIDTH:0.52726
G1 F7882.192
G1 X69.098 Y26.42 E.00704
;WIDTH:0.48863
G1 F8400
G1 X69.245 Y26.439 E.00646
;WIDTH:0.449999
G1 X70.439 Y26.439 E.04748
G1 X70.431 Y24.098 E.09308
G1 X70.105 Y24.679 E.02649
G1 X69.767 Y25.064 E.02037
G1 X69.478 Y25.31 E.01509
G1 X69.013 Y25.58 E.02138
;WIDTH:0.48863
G1 X68.912 Y25.638 E.00508
;WIDTH:0.52726
G1 F7882.192
G1 X68.812 Y25.697 E.00551
;WIDTH:0.565891
G1 F7290.238
G1 X68.711 Y25.755 E.00598
;WIDTH:0.604521
G1 F6780.985
G1 X68.61 Y25.813 E.00643
G1 X68.257 Y25.858 E.01964
;WIDTH:0.574398
G1 F7171.626
G1 X67.903 Y25.903 E.01862
;WIDTH:0.575539
G1 F7156.011
G1 X67.215 Y25.854 E.03607
G1 X66.866 Y25.685 E.02028
;WIDTH:0.533693
G1 F7777.044
G1 X66.517 Y25.516 E.01866
;WIDTH:0.491846
G1 F8400
G1 X66.169 Y25.347 E.017
;WIDTH:0.449999
G1 X65.661 Y24.885 E.0273
G1 X65.398 Y24.536 E.01738
G1 X65.165 Y24.12 E.01896
G1 X65.161 Y24.644 E.02084
G1 X65.568 Y25.354 F21000
;WIDTH:0.467176
G1 F8400
G1 X65.983 Y25.709 E.02265
G1 X66.607 Y26.031 E.02912
G1 X65.568 Y26.032 E.04309
G1 X65.568 Y25.553 E.01987
G1 E-.16 F2700
;WIPE_START
G1 F16800
G1 X65.568 Y26.032 E-.07313
G1 X66.607 Y26.031 E-.15863
G1 X65.983 Y25.709 E-.10721
G1 X65.568 Y25.354 E-.08338
;WIPE_END
G1 E-.21765 F2700
G1 X68.982 Y26.031 Z.741 F21000
G1 Z.68 F720
G1 E.8 F1500
;WIDTH:0.46919
G1 F8400
G1 X69.218 Y25.933 E.01065
G1 X69.683 Y25.663 E.02241
G1 X70.031 Y25.375 E.01883
G1 X70.031 Y26.031 E.02734
G1 X69.181 Y26.031 E.03543
G1 E-.16 F2700
;WIPE_START
G1 F16800
G1 X70.031 Y26.031 E-.12978
G1 X70.031 Y25.375 E-.10016
G1 X69.683 Y25.663 E-.06897
G1 X69.218 Y25.933 E-.0821
G1 X68.982 Y26.031 E-.03902
;WIPE_END
G1 E-.21997 F2700
G1 X40.218 Y22.125 Z1.187 F21000
G1 X38.099 Y21.837 Z1.22
G1 X35.98 Y21.549 Z1.246
G1 X33.861 Y21.261 Z1.265
G1 X29.624 Y20.686 Z1.28
G1 X6.393 Y17.531
G1 Z.68 F720
G1 E.8 F1500
;WIDTH:0.546684
G1 F7573.004
G1 X6.349 Y17.575 E.00307
G1 X6.365 Y17.635 E.00307
G1 X6.425 Y17.651 E.00307
G1 X6.469 Y17.607 E.00307
G1 X6.453 Y17.547 E.00307
;WIDTH:0.449999
G1 F8400
G1 X6.361 Y16.911 E.02555
G1 X7.16 Y17.704 E.04476
;WIDTH:0.420752
G1 X7.231 Y17.768 E.00352
;WIDTH:0.391504
G1 X7.212 Y17.839 E.00249
G1 X7.283 Y17.82 E.00249
G1 X7.272 Y17.779 E.00144
;WIDTH:0.449999
G1 X7.653 Y17.639 E.01614
G1 X6.361 Y16.347 E.07265
G1 X6.361 Y15.784 E.02239
G1 X8.216 Y17.639 E.10431
G1 X8.78 Y17.639 E.02243
G1 X6.361 Y15.22 E.13603
G1 X6.361 Y14.656 E.02243
G1 X9.344 Y17.639 E.16774
G1 X9.907 Y17.639 E.02239
M73 Q22 S14
G1 X6.361 Y14.093 E.1994
G1 X6.361 Y13.529 E.02243
G1 X10.471 Y17.639 E.23111
G1 X11.034 Y17.639 E.02239
G1 X6.361 Y12.966 E.26277
G1 X6.361 Y12.402 E.02243
G1 X11.598 Y17.639 E.29449
G1 X11.733 Y17.677 E.00558
;WIDTH:0.420752
G1 X11.869 Y17.715 E.0052
;WIDTH:0.391504
G1 X11.85 Y17.786 E.00249
G1 X11.921 Y17.767 E.00249
G1 X11.91 Y17.726 E.00144
;WIDTH:0.449999
G1 X12.161 Y17.639 E.01056
G1 X10.865 Y16.343 E.07288
G1 X10.739 Y16.254 E.00613
;WIDTH:0.420752
G1 X10.613 Y16.165 E.00568
;WIDTH:0.391504
G1 X10.624 Y16.206 E.00144
G1 X10.553 Y16.225 E.00249
G1 X10.572 Y16.154 E.00249
;WIDTH:0.449999
G1 X9.975 Y15.663 E.03074
;WIDTH:0.391504
G1 X9.795 Y15.407 E.01062
;WIDTH:0.420752
G1 X9.721 Y15.266 E.00587
;WIDTH:0.449999
G1 X9.647 Y15.125 E.00633
G1 X6.361 Y11.839 E.18478
G1 X6.361 Y11.275 E.02243
G1 X9.639 Y14.554 E.18436
G1 X9.639 Y13.99 E.02243
G1 X6.361 Y10.712 E.18433
G1 X6.361 Y10.148 E.02243
G1 X9.639 Y13.427 E.18436
G1 X9.639 Y12.863 E.02243
G1 X6.361 Y9.584 E.18436
G1 X6.361 Y9.021 E.02239
G1 X9.639 Y12.299 E.18433
G1 X9.639 Y11.736 E.02239
G1 X6.361 Y8.457 E.18436
G1 X6.361 Y7.894 E.02239
G1 X9.639 Y11.172 E.18433
G1 X9.639 Y10.609 E.02239
G1 X6.361 Y7.33 E.18436
G1 X6.361 Y6.767 E.02239
G1 X9.639 Y10.045 E.18433
G1 X9.639 Y9.482 E.02239
G1 X6.518 Y6.361 E.1755
G1 X6.403 Y6.295 E.00527
;WIDTH:0.420752
G1 X6.288 Y6.228 E.0049
;WIDTH:0.391504
G1 X6.299 Y6.269 E.00144
G1 X6.228 Y6.288 E.00249
G1 X6.247 Y6.217 E.00249
G1 X7.082 Y6.361 F21000
;WIDTH:0.449999
G1 F8400
G1 X9.639 Y8.918 E.14379
G1 X9.639 Y8.355 E.02239
G1 X7.645 Y6.361 E.11213
G1 X9.639 Y6.361 E.07929
G1 X9.639 Y7.791 E.05686
G1 X8.35 Y6.502 E.07248
G1 X9.206 Y6.727 F21000
;WIDTH:0.490866
G1 F8400
G1 X9.167 Y6.765 E.00239
G1 X9.182 Y6.818 E.00241
G1 X9.235 Y6.833 E.00241
G1 X9.273 Y6.794 E.00239
G1 X9.259 Y6.741 E.0024
G1 E-.16 F2700
;WIPE_START
G1 F16800
G1 X9.273 Y6.794 E-.00837
G1 X9.235 Y6.833 E-.00831
G1 X9.182 Y6.818 E-.00841
G1 X9.167 Y6.765 E-.00841
G1 X9.206 Y6.727 E-.00831
;WIPE_END
G1 E-.59819 F2700
G1 X11.446 Y16.361 Z.853 F21000
G1 Z.68 F720
G1 E.8 F1500
;WIDTH:0.449999
G1 F8400
G1 X12.725 Y17.639 E.07189
G1 X12.151 Y16.502 F21000
G1 F8400
G1 X13.148 Y17.498 E.05604
G1 X13.148 Y17.639 E.00561
G1 X63.82 Y17.639 E2.01482
G1 X64.051 Y17.682 E.00934
G1 X62.871 Y16.502 E.06635
G1 X62.871 Y16.361 E.00561
G1 X12.01 Y16.361 E2.02233
G1 X13.022 Y16.78 F21000
M73 P23 R11
;WIDTH:0.491556
G1 F8400
G1 X62.556 Y16.78 E2.17497
G1 X62.996 Y17.22 E.02732
G1 X13.462 Y17.22 E2.17497
G1 X13.163 Y16.921 E.01857
G1 E-.16 F2700
;WIPE_START
G1 F16800
G1 X13.462 Y17.22 E-.06456
G1 X17.231 Y17.22 E-.57544
;WIPE_END
G1 X46.167 Y19.53 Z1.187 F21000
G1 X48.299 Y19.7 Z1.22
G1 X50.43 Y19.87 Z1.246
G1 X52.562 Y20.04 Z1.265
G1 X56.825 Y20.38 Z1.28
G1 X65.161 Y21.046
G1 Z.68 F720
G1 E.8 F1500
;WIDTH:0.449999
G1 F8400
G1 X65.474 Y21.359 E.0176
;WIDTH:0.496037
G1 X65.362 Y21.518 E.00863
;WIDTH:0.542074
G1 F7644.169
G1 X65.25 Y21.677 E.00952
G1 X65.266 Y21.736 E.00299
G1 X65.223 Y21.78 E.00301
G1 X65.163 Y21.764 E.00304
G1 X65.148 Y21.704 E.00303
G1 X65.191 Y21.661 E.00298
G1 X65.729 Y21.05 F21000
;WIDTH:0.449999
G1 F8400
G1 X65.161 Y20.482 E.03194
G1 X65.161 Y19.919 E.02239
G1 X66.016 Y20.774 E.04808
G1 X66.35 Y20.544 E.01612
M73 Q22 S13
G1 X65.161 Y19.355 E.06686
G1 X64.653 Y18.101 F21000
;WIDTH:0.391504
G1 F8400
G1 X64.972 Y18.489 E.01704
;WIDTH:0.420752
G1 X65.056 Y18.63 E.00605
;WIDTH:0.449999
G1 X65.14 Y18.771 E.00653
G1 X66.736 Y20.367 E.08975
G1 X67.155 Y20.222 E.01763
G1 X63.294 Y16.361 E.21711
G1 X63.857 Y16.361 E.02239
G1 X67.658 Y20.162 E.21374
G1 X68.549 Y20.303 F21000
;WIDTH:0.391504
G1 F8400
G1 X68.56 Y20.344 E.00144
G1 X68.489 Y20.363 E.00249
G1 X68.508 Y20.292 E.00249
;WIDTH:0.420752
G1 X68.372 Y20.234 E.00545
;WIDTH:0.449999
G1 X68.237 Y20.177 E.00583
G1 X64.421 Y16.361 E.21458
G1 X64.984 Y16.361 E.02239
G1 X69.073 Y20.449 E.2299
G1 X69.355 Y20.68 E.01449
;WIDTH:0.391504
G1 X69.745 Y21.017 E.01749
;WIDTH:0.428562
G1 X70.306 Y21.667 E.0323
;WIDTH:0.474027
G1 X70.355 Y21.716 E.00292
;WIDTH:0.519492
G1 F8013.026
G1 X70.405 Y21.765 E.00327
;WIDTH:0.449999
G1 F8400
G1 X70.439 Y21.252 E.02044
G1 X65.548 Y16.361 E.27503
G1 X66.111 Y16.361 E.02239
G1 X70.439 Y20.689 E.24337
G1 X70.439 Y20.125 E.02243
G1 X66.675 Y16.361 E.21166
G1 X67.238 Y16.361 E.02239
G1 X70.439 Y19.562 E.18
G1 X70.651 Y19.1 E.02021
;WIDTH:0.519492
G1 F8013.026
G1 X70.666 Y19.157 E.00275
G1 X70.625 Y19.198 E.00271
G1 X70.568 Y19.183 E.00275
G1 X70.553 Y19.126 E.00275
G1 X70.594 Y19.085 E.00271
G1 X70.517 Y19.042 E.00412
;WIDTH:0.484746
G1 F8400
G1 X70.439 Y18.998 E.00387
;WIDTH:0.449999
G1 X67.802 Y16.361 E.14828
G1 X68.366 Y16.361 E.02243
G1 X70.529 Y18.524 E.12163
G1 E-.16 F2700
;WIPE_START
G1 F16800
G1 X68.366 Y16.361 E-.46704
G1 X67.802 Y16.361 E-.08611
G1 X68.204 Y16.763 E-.08685
;WIPE_END
G1 X69.07 Y16.502 Z.696 F21000
G1 Z.68 F720
G1 E.8 F1500
G1 F8400
G1 X70.735 Y18.166 E.0936
G1 X70.877 Y17.991 E.00896
G1 X71.297 Y17.732 E.01962
G1 X71.777 Y17.639 E.01944
G1 X98.949 Y17.639 E1.08041
G1 X96.348 Y15.039 E.14623
G1 X96.33 Y15.294 E.01016
G1 X96.137 Y15.761 E.02009
G1 X95.863 Y16.061 E.01616
G1 X95.463 Y16.283 E.01819
G1 X95.023 Y16.361 E.01777
G1 X68.929 Y16.361 E1.03755
G1 X69.891 Y16.759 F21000
G1 F8400
G1 X71.161 Y16.759 E.0505
;WIDTH:0.491557
G1 X71.777 Y16.78 E.02706
G1 X95.023 Y16.78 E1.0207
G1 X95.535 Y16.675 E.02295
;WIDTH:0.449999
G1 X96.066 Y16.404 E.0237
G1 X96.438 Y16.022 E.0212
G1 X96.557 Y15.811 E.00963
G1 X97.987 Y17.241 E.08041
G1 X95.586 Y17.241 E.09547
;WIDTH:0.491557
G1 X95.023 Y17.22 E.02474
G1 X71.688 Y17.22 E1.02461
G1 X71.008 Y17.428 E.03122
;WIDTH:0.449999
G1 X70.738 Y17.606 E.01286
G1 X70.032 Y16.9 E.0397
G1 E-.16 F2700
;WIPE_START
G1 F16800
G1 X70.738 Y17.606 E-.15244
G1 X71.008 Y17.428 E-.04938
G1 X71.688 Y17.22 E-.10857
G1 X73.847 Y17.22 E-.32961
;WIPE_END
G1 X96.05 Y16.858 Z1.068 F21000
G1 Z.68 F720
G1 E.8 F1500
;WIDTH:0.418232
G1 F8400
G1 X96.261 Y16.733 E.00897
G1 X96.611 Y16.406 E.01753
G1 X97.063 Y16.858 E.02339
G1 X96.249 Y16.858 E.02979
G1 E-.16 F2700
;WIPE_START
G1 F16800
G1 X97.063 Y16.858 E-.12428
G1 X96.611 Y16.406 E-.0976
G1 X96.261 Y16.733 E-.07313
G1 X96.05 Y16.858 E-.03744
;WIPE_END
G1 E-.30755 F2700
G1 X96.361 Y14.487 Z.722 F21000
G1 Z.68 F720
G1 E.8 F1500
;WIDTH:0.449999
G1 F8400
G1 X99.513 Y17.639 E.17724
G1 X99.627 Y17.675 E.00475
;WIDTH:0.420752
G1 X99.741 Y17.711 E.0044
;WIDTH:0.391504
G1 X99.722 Y17.782 E.00249
G1 X99.793 Y17.763 E.00249
G1 X99.782 Y17.722 E.00144
;WIDTH:0.449999
G1 X99.639 Y17.202 E.02144
G1 X96.361 Y13.924 E.18433
G1 X96.361 Y13.36 E.02243
G1 X99.639 Y16.639 E.18436
G1 X99.639 Y16.075 E.02243
G1 X96.361 Y12.797 E.18433
G1 X96.361 Y12.233 E.02243
G1 X99.639 Y15.512 E.18436
G1 X99.639 Y14.948 E.02243
G1 X96.361 Y11.67 E.18433
G1 X96.361 Y11.106 E.02243
G1 X99.639 Y14.385 E.18436
G1 X99.639 Y13.821 E.02243
G1 X96.361 Y10.542 E.18436
G1 X96.361 Y9.979 E.02239
G1 X99.639 Y13.257 E.18433
G1 X99.639 Y12.694 E.02239
G1 X96.361 Y9.415 E.18436
G1 X96.361 Y8.852 E.02239
G1 X99.639 Y12.13 E.18433
G1 X99.639 Y11.567 E.02239
G1 X96.361 Y8.288 E.18436
G1 X96.361 Y7.725 E.02239
G1 X99.639 Y11.003 E.18433
G1 X99.639 Y10.44 E.02239
G1 X96.361 Y7.161 E.18436
G1 X96.361 Y6.598 E.02239
G1 X99.639 Y9.876 E.18433
G1 X99.639 Y9.313 E.02239
G1 X96.687 Y6.361 E.166
G1 X97.251 Y6.361 E.02243
G1 X99.639 Y8.749 E.13428
G1 X99.639 Y8.185 E.02243
G1 X97.815 Y6.361 E.10257
G1 X97.753 Y6.261 E.00468
;WIDTH:0.420752
G1 X97.692 Y6.161 E.00432
;WIDTH:0.391504
G1 X97.703 Y6.202 E.00144
G1 X97.632 Y6.221 E.00249
G1 X97.651 Y6.15 E.00249
;WIDTH:0.449999
G1 X98.378 Y6.361 E.0301
G1 X99.639 Y6.361 E.05014
G1 X99.639 Y7.622 E.05014
G1 X98.519 Y6.502 E.06298
G1 E-.16 F2700
;WIPE_START
G1 F16800
G1 X99.639 Y7.622 E-.24183
G1 X99.639 Y6.361 E-.19253
G1 X98.378 Y6.361 E-.19253
G1 X98.295 Y6.337 E-.01311
;WIPE_END
G1 X126.838 Y11.623 Z1.187 F21000
G1 X128.94 Y12.013 Z1.22
M73 Q23 S13
G1 X131.043 Y12.402 Z1.246
G1 X133.145 Y12.792 Z1.265
G1 X137.35 Y13.57 Z1.28
G1 X154.426 Y16.733
G1 Z.68 F720
G1 E.8 F1500
;TYPE:Perimeter
G1 F4200
G1 X154.121 Y16.94 E.01466
G1 X153.726 Y17.022 E.01604
G1 X143.674 Y17.022 E.39969
G1 X143.279 Y16.94 E.01604
G1 X142.97 Y16.73 E.01486
G1 X142.76 Y16.421 E.01486
G1 X142.678 Y16.026 E.01604
G1 X142.678 Y7.974 E.32016
G1 X142.753 Y7.595 E.01536
G1 X143.074 Y7.179 E.02089
G1 X143.537 Y6.978 E.02007
G1 X153.726 Y6.978 E.40513
G1 X154.326 Y7.179 E.02516
G1 X154.647 Y7.595 E.02089
G1 X154.722 Y7.974 E.01536
G1 X154.722 Y16.026 E.32016
G1 X154.64 Y16.421 E.01604
G1 X154.461 Y16.685 E.01268
G1 X154.146 Y16.45 F21000
G1 F3000
G1 X153.963 Y16.574 E.00879
G1 X153.726 Y16.623 E.00962
G1 X143.674 Y16.623 E.39969
G1 X143.437 Y16.574 E.00962
G1 X143.252 Y16.448 E.0089
G1 X143.126 Y16.263 E.0089
G1 X143.077 Y16.026 E.00962
G1 X143.077 Y7.974 E.32016
G1 X143.122 Y7.747 E.0092
G1 X143.314 Y7.497 E.01253
G1 X143.674 Y7.377 E.01509
G1 X153.726 Y7.377 E.39969
G1 X154.086 Y7.497 E.01509
G1 X154.278 Y7.747 E.01253
G1 X154.323 Y7.974 E.0092
G1 X154.323 Y16.026 E.32016
G1 X154.274 Y16.263 E.00962
G1 X154.18 Y16.402 E.00667
M204 T250
G1 X153.869 Y16.16 F21000
M204 T7000
;TYPE:External perimeter
G1 F3000
G1 X153.867 Y16.167 E.00029
G1 X153.726 Y16.225 E.00606
G1 F2999.998
G1 X143.674 Y16.225 E.39969
G1 F3000
G1 X143.533 Y16.167 E.00606
G1 X143.475 Y16.026 E.00606
G1 F2999.998
G1 X143.475 Y7.974 E.32016
G1 F3000
G1 X143.554 Y7.815 E.00706
G1 X143.674 Y7.775 E.00503
G1 F2999.998
G1 X153.726 Y7.775 E.39969
G1 F3000
G1 X153.846 Y7.815 E.00503
G1 X153.925 Y7.974 E.00706
G1 F2999.998
G1 X153.925 Y16.026 E.32016
G1 F3000
G1 X153.892 Y16.105 E.0034
G1 E-.16 F2700
;WIPE_START
G1 F16800
G1 X153.869 Y16.16 E-.0091
G1 X153.867 Y16.167 E-.00111
G1 X153.726 Y16.225 E-.02328
G1 X149.754 Y16.225 E-.60651
;WIPE_END
G1 X140.413 Y7.292 Z.906 F21000
G1 Z.68 F720
G1 E.8 F1500
;TYPE:Perimeter
G1 F4200
G1 X140.326 Y7.179 E.00567
G1 X139.726 Y6.978 E.02516
G1 X110.022 Y6.978 E1.18109
G1 X110.022 Y6.022 E.03801
G1 X187.378 Y6.022 E3.07583
G1 F4040.308
M73 P24 R11
G1 X187.378 Y6.978 E.03801
G1 F4018.674
G1 X186.9 Y6.978 E.01901
G1 F4200
G1 X157.537 Y6.978 E1.16753
G1 X157.074 Y7.179 E.02007
G1 X156.753 Y7.595 E.02089
G1 X156.678 Y7.974 E.01536
G1 X156.678 Y18.978 E.43754
G1 X140.722 Y18.978 E.63444
G1 X140.722 Y7.974 E.43754
G1 X140.647 Y7.595 E.01536
G1 X140.45 Y7.339 E.01284
G1 X140.138 Y7.565 F21000
G1 F4200
G1 X140.086 Y7.497 E.0034
G1 X139.726 Y7.377 E.01509
G1 X109.623 Y7.377 E1.19696
G1 X109.623 Y5.623 E.06974
G1 X187.776 Y5.623 E3.10752
G1 F4021.924
G1 X187.776 Y7.377 E.06974
G1 F4200
G1 X157.674 Y7.377 E1.19692
G1 X157.314 Y7.497 E.01509
G1 X157.122 Y7.747 E.01253
G1 X157.077 Y7.974 E.0092
G1 X157.077 Y19.377 E.45341
G1 X140.323 Y19.377 E.66617
G1 X140.323 Y7.974 E.45341
G1 X140.278 Y7.747 E.0092
G1 X140.175 Y7.613 E.00672
M204 T250
G1 X139.86 Y7.845 F21000
M204 T7000
;TYPE:External perimeter
G1 F3000
G1 X139.846 Y7.815 E.00132
G1 X139.726 Y7.775 E.00503
G1 F2999.998
G1 X109.225 Y7.775 E1.21278
G1 X109.225 Y5.225 E.10139
G1 X187.5 Y5.225 E3.11237
G1 F2986.78
M73 Q24 S13
G1 X188.175 Y5.225 E.02684
G1 F2963.002
G1 X188.175 Y7.775 E.10139
G1 F2938.366
G1 X187.5 Y7.775 E.02684
G1 F2999.998
G1 X157.674 Y7.775 E1.18594
G1 F3000
G1 X157.554 Y7.815 E.00503
G1 X157.475 Y7.974 E.00706
G1 F2999.998
G1 X157.475 Y19.775 E.46923
G1 X139.925 Y19.775 E.69782
G1 X139.925 Y7.974 E.46923
G1 F3000
G1 X139.887 Y7.898 E.00338
G1 E-.16 F2700
;WIPE_START
G1 F16800
G1 X139.86 Y7.845 E-.00908
G1 X139.846 Y7.815 E-.00505
G1 X139.726 Y7.775 E-.01931
G1 X135.753 Y7.775 E-.60656
;WIPE_END
G1 X110.331 Y6.669 Z1.124 F21000
G1 Z.68 F720
G1 E.8 F1500
;TYPE:Solid infill
;WIDTH:0.390052
G1 F8400
G1 X110.331 Y6.331 E.01142
G1 X139.697 Y6.331 E.992
;WIDTH:0.420026
G1 X140.127 Y6.346 E.01582
;WIDTH:0.449999
G1 X140.557 Y6.361 E.01711
G1 X142.804 Y6.361 E.08935
G1 X143.24 Y6.346 E.01735
;WIDTH:0.420026
G1 X143.677 Y6.331 E.01608
;WIDTH:0.390052
G1 X153.697 Y6.331 E.33848
;WIDTH:0.420026
G1 X154.127 Y6.346 E.01582
;WIDTH:0.449999
G1 X154.557 Y6.361 E.01711
G1 X156.804 Y6.361 E.08935
G1 X157.24 Y6.346 E.01735
;WIDTH:0.420026
G1 X157.677 Y6.331 E.01608
;WIDTH:0.390052
G1 X187.069 Y6.331 E.99288
G1 X187.069 Y6.669 E.01142
G1 X157.458 Y6.669 E1.00027
;WIDTH:0.420026
G1 X157.146 Y6.808 E.01256
;WIDTH:0.449999
G1 X156.835 Y6.947 E.01354
G1 X156.439 Y7.47 E.02608
G1 X156.339 Y7.977 E.02055
G1 X156.339 Y18.639 E.42394
G1 X144.364 Y18.639 E.47615
G1 X144.364 Y18.498 E.00561
M73 P25 R11
G1 X143.163 Y17.298 E.06751
G1 X142.971 Y17.131 E.01012
;WIDTH:0.42093
G1 X142.78 Y16.964 E.00935
G1 X142.981 Y17.113 E.00922
;WIDTH:0.449999
G1 X143.183 Y17.262 E.00998
G1 X143.68 Y17.361 E.02015
G1 X153.746 Y17.361 E.40024
G1 X154.287 Y17.233 E.02211
G1 X154.693 Y16.94 E.01991
G1 X154.963 Y16.515 E.02002
G1 X155.061 Y16.023 E.01995
G1 X155.061 Y7.955 E.3208
G1 X154.935 Y7.425 E.02166
G1 X154.567 Y6.949 E.02392
G1 X154.473 Y6.882 E.00459
G1 X154.094 Y6.775 E.01566
;WIDTH:0.420026
G1 X153.716 Y6.669 E.01444
;WIDTH:0.390052
G1 X143.458 Y6.669 E.34652
;WIDTH:0.420026
G1 X143.146 Y6.808 E.01256
;WIDTH:0.449999
G1 X142.835 Y6.947 E.01354
G1 X142.439 Y7.47 E.02608
G1 X142.339 Y7.977 E.02055
G1 X142.339 Y16.023 E.31992
G1 X142.437 Y16.515 E.01995
G1 X142.586 Y16.718 E.01001
;WIDTH:0.420752
G1 X142.736 Y16.92 E.00927
G1 X142.597 Y16.757 E.00789
;WIDTH:0.449999
G1 X142.459 Y16.593 E.00852
G1 X141.202 Y15.336 E.07068
G1 X141.061 Y15.336 E.00561
G1 X141.061 Y7.955 E.29348
G1 X140.935 Y7.425 E.02166
G1 X140.567 Y6.949 E.02392
G1 X140.473 Y6.882 E.00459
G1 X140.094 Y6.775 E.01566
;WIDTH:0.420026
G1 X139.716 Y6.669 E.01444
;WIDTH:0.390052
G1 X110.53 Y6.669 E.98592
G1 E-.16 F2700
;WIPE_START
G1 F16800
G1 X114.722 Y6.669 E-.64
;WIPE_END
G1 X140.924 Y6.759 Z1.137 F21000
G1 Z.68 F720
G1 E.8 F1500
;WIDTH:0.449999
G1 F8400
G1 X142.476 Y6.759 E.06171
G1 X142.15 Y7.181 E.0212
G1 X142.036 Y7.432 E.01096
;WIDTH:0.491557
G1 X141.92 Y7.977 E.02447
G1 X141.92 Y15.462 E.32866
G1 X141.48 Y15.04 E.02677
G1 X141.48 Y7.977 E.31013
G1 X141.364 Y7.432 E.02447
;WIDTH:0.449999
G1 X141.25 Y7.181 E.01096
G1 X141.046 Y6.917 E.01327
G1 X141.687 Y7.112 E.02664
;WIDTH:0.457648
G1 X141.651 Y7.148 E.00206
G1 X141.664 Y7.197 E.00205
G1 X141.713 Y7.211 E.00207
G1 X141.749 Y7.175 E.00206
G1 X141.736 Y7.126 E.00205
G1 E-.16 F2700
;WIPE_START
G1 F16800
G1 X141.749 Y7.175 E-.00774
G1 X141.713 Y7.211 E-.00777
G1 X141.664 Y7.197 E-.00778
G1 X141.651 Y7.148 E-.00774
G1 X141.687 Y7.112 E-.00777
G1 X141.046 Y6.917 E-.1023
G1 X141.25 Y7.181 E-.05094
G1 X141.364 Y7.432 E-.04209
G1 X141.48 Y7.977 E-.08507
G1 X141.48 Y10.078 E-.3208
;WIPE_END
G1 X144.238 Y17.78 Z.823 F21000
G1 Z.68 F720
G1 E.8 F1500
;WIDTH:0.491556
G1 F8400
G1 X153.813 Y17.78 E.42042
G1 X154.511 Y17.563 E.0321
;WIDTH:0.449999
G1 X154.951 Y17.251 E.02145
G1 X155.263 Y16.811 E.02145
G1 X155.354 Y16.595 E.00932
;WIDTH:0.491557
G1 X155.48 Y16.023 E.02572
G1 X155.48 Y7.977 E.35329
G1 X155.364 Y7.432 E.02447
;WIDTH:0.449999
G1 X155.25 Y7.181 E.01096
G1 X154.924 Y6.759 E.0212
G1 X156.476 Y6.759 E.06171
G1 X156.15 Y7.181 E.0212
G1 X156.036 Y7.432 E.01096
;WIDTH:0.491557
G1 X155.92 Y7.977 E.02447
G1 X155.92 Y16.023 E.35329
G1 X155.941 Y16.655 E.02777
;WIDTH:0.449999
G1 X155.941 Y18.241 E.06306
G1 X154.355 Y18.241 E.06306
;WIDTH:0.491557
G1 X153.723 Y18.22 E.02777
G1 X144.678 Y18.22 E.39715
G1 X144.379 Y17.921 E.01857
G1 E-.16 F2700
;WIPE_START
G1 F16800
G1 X144.678 Y18.22 E-.06456
G1 X148.447 Y18.22 E-.57544
;WIPE_END
G1 X141.117 Y18.583 Z.808 F21000
G1 Z.68 F720
G1 E.8 F1500
;WIDTH:0.486574
G1 F8400
G1 X141.132 Y18.635 E.00235
G1 X141.093 Y18.674 E.00239
G1 X141.041 Y18.659 E.00235
G1 X141.026 Y18.607 E.00235
G1 X141.065 Y18.568 E.00239
;WIDTH:0.449999
G1 X141.061 Y18.013 E.02207
G1 X141.687 Y18.639 E.0352
G1 X142.25 Y18.639 E.02239
G1 X141.061 Y17.45 E.06686
G1 X141.061 Y16.886 E.02243
G1 X142.814 Y18.639 E.09857
G1 X143.377 Y18.639 E.02239
G1 X141.061 Y16.323 E.13023
G1 X141.061 Y15.759 E.02243
G1 X143.941 Y18.639 E.16195
G1 E-.16 F2700
;WIPE_START
G1 F16800
G1 X141.061 Y15.759 E-.62185
G1 X141.061 Y15.878 E-.01815
;WIPE_END
G1 X154.779 Y17.851 Z.922 F21000
G1 Z.68 F720
G1 E.8 F1500
;WIDTH:0.432234
G1 F8400
G1 X155.226 Y17.526 E.021
G1 X155.551 Y17.079 E.021
G1 X155.551 Y17.851 E.02933
G1 X154.978 Y17.851 E.02177
G1 E-.16 F2700
;WIPE_START
G1 F16800
G1 X155.551 Y17.851 E-.08748
G1 X155.551 Y17.079 E-.11787
G1 X155.226 Y17.526 E-.08438
G1 X154.779 Y17.851 E-.08438
;WIPE_END
G1 E-.26589 F2700
G1 X155.736 Y7.126 Z.868 F21000
G1 Z.68 F720
G1 E.8 F1500
;WIDTH:0.457648
G1 F8400
G1 X155.749 Y7.175 E.00205
G1 X155.713 Y7.211 E.00206
G1 X155.664 Y7.197 E.00207
G1 X155.651 Y7.148 E.00205
G1 X155.687 Y7.112 E.00206
G1 E-.16 F2700
;WIPE_START
G1 F16800
G1 X155.651 Y7.148 E-.00777
G1 X155.664 Y7.197 E-.00774
G1 X155.713 Y7.211 E-.00778
G1 X155.749 Y7.175 E-.00777
G1 X155.736 Y7.126 E-.00774
;WIPE_END
G1 E-.6012 F2700
G1 X184.434 Y11.496 Z1.187 F21000
G1 X186.547 Y11.818 Z1.22
G1 X188.661 Y12.139 Z1.246
G1 X190.775 Y12.461 Z1.265
G1 X195.003 Y13.105 Z1.28
G1 X213.65 Y15.944
G1 Z.68 F720
G1 E.8 F1500
;TYPE:Perimeter
;WIDTH:0.449999
G1 F4200
G1 X213.642 Y15.955 E.00054
G1 X213.311 Y16.123 E.01476
G1 X202.174 Y16.123 E.44283
G1 X201.942 Y16.076 E.00941
G1 X201.758 Y15.955 E.00876
G1 X201.577 Y15.639 E.01448
G1 X201.577 Y6.474 E.36442
G1 X201.696 Y6.116 E.015
G1 X201.892 Y6.014 E.00879
;WIDTH:0.413628
G1 X202.088 Y5.913 E.00797
;WIDTH:0.377257
G1 X213.226 Y5.913 E.36203
;WIDTH:0.413628
G1 X213.465 Y6.014 E.00938
;WIDTH:0.449999
G1 X213.704 Y6.116 E.01033
G1 X213.823 Y6.474 E.015
G1 X213.823 Y15.526 E.35993
G1 X213.756 Y15.801 E.01125
G1 X213.686 Y15.896 E.00469
M204 T250
G1 X213.368 Y15.66 F21000
M204 T7000
;TYPE:External perimeter
G1 F3000
G1 X213.364 Y15.669 E.00039
G1 X213.226 Y15.725 E.00592
G1 F2999.998
G1 X202.174 Y15.725 E.43945
G1 F3000
G1 X202.036 Y15.669 E.00592
G1 X201.975 Y15.526 E.00618
G1 F2999.998
G1 X201.975 Y6.474 E.35993
G1 F3000
G1 X202.015 Y6.355 E.00499
G1 X202.174 Y6.275 E.00708
G1 F2999.998
G1 X213.226 Y6.275 E.43945
G1 F3000
G1 X213.385 Y6.355 E.00708
G1 X213.425 Y6.474 E.00499
G1 F2999.998
G1 X213.425 Y15.526 E.35993
G1 F3000
G1 X213.392 Y15.605 E.0034
G1 E-.16 F2700
;WIPE_START
G1 F16800
G1 X213.368 Y15.66 E-.00916
G1 X213.364 Y15.669 E-.0015
G1 X213.226 Y15.725 E-.02274
G1 X209.253 Y15.725 E-.6066
;WIPE_END
G1 X197.422 Y18.978 Z.894 F21000
G1 Z.68 F720
G1 E.8 F1500
;TYPE:Perimeter
G1 F4200
G1 X197.422 Y6.022 E.51516
G1 X201.329 Y6.022 E.15535
M73 Q25 S13
G1 X201.178 Y6.474 E.01895
G1 X201.178 Y15.654 E.36502
G1 X201.29 Y15.985 E.01389
G1 X201.481 Y16.241 E.0127
G1 X201.787 Y16.443 E.01458
G1 X202.174 Y16.522 E.01571
G1 X213.226 Y16.522 E.43945
G1 X213.613 Y16.443 E.01571
G1 X213.919 Y16.241 E.01458
G1 X214.11 Y15.985 E.0127
G1 X214.193 Y15.765 E.00935
G1 X214.222 Y15.526 E.00957
G1 X214.222 Y6.474 E.35993
G1 X214.071 Y6.022 E.01895
G1 X217.978 Y6.022 E.15535
G1 X217.978 Y18.978 E.51516
G1 X197.482 Y18.978 E.81496
G1 X197.023 Y19.377 F21000
G1 F4200
G1 X197.023 Y5.623 E.54689
G1 X201.45 Y5.623 E.17603
G1 X201.812 Y5.605 E.01441
;WIDTH:0.413628
G1 X202.174 Y5.587 E.0131
;WIDTH:0.377257
G1 X213.226 Y5.587 E.35923
;WIDTH:0.413628
G1 X213.588 Y5.605 E.0131
;WIDTH:0.449999
G1 X213.95 Y5.623 E.01441
G1 X218.377 Y5.623 E.17603
G1 X218.377 Y19.377 E.54689
G1 X197.083 Y19.377 E.84669
M204 T250
G1 X196.625 Y19.775 F21000
M204 T7000
;TYPE:External perimeter
G1 F2999.998
G1 X196.625 Y5.225 E.57854
G1 X218.775 Y5.225 E.88073
G1 X218.775 Y19.1 E.5517
G1 F2935.14
G1 X218.775 Y19.775 E.02684
G1 X218.1 Y19.775 E.02684
G1 F2999.998
G1 X196.685 Y19.775 E.8515
G1 E-.16 F2700
;WIPE_START
G1 F16800
G1 X196.625 Y19.775 E-.00916
G1 X196.625 Y15.643 E-.63084
;WIPE_END
G1 X197.793 Y18.531 Z.734 F21000
G1 Z.68 F720
G1 E.8 F1500
;TYPE:Solid infill
;WIDTH:0.546684
G1 F7573.004
M73 P26 R11
G1 X197.749 Y18.575 E.00307
G1 X197.765 Y18.635 E.00307
G1 X197.825 Y18.651 E.00307
G1 X197.869 Y18.607 E.00307
G1 X197.853 Y18.547 E.00307
;WIDTH:0.449999
G1 F8400
G1 X198.489 Y18.639 E.02555
G1 X197.761 Y17.911 E.04094
G1 X197.691 Y17.819 E.0046
;WIDTH:0.420752
G1 X197.621 Y17.728 E.00423
;WIDTH:0.391504
G1 X197.632 Y17.769 E.00144
G1 X197.561 Y17.788 E.00249
G1 X197.58 Y17.717 E.00249
;WIDTH:0.449999
G1 X197.761 Y17.347 E.01638
G1 X199.053 Y18.639 E.07265
G1 X199.616 Y18.639 E.02239
G1 X197.761 Y16.784 E.10431
G1 X197.761 Y16.22 E.02243
G1 X200.18 Y18.639 E.13603
G1 X200.744 Y18.639 E.02243
G1 X197.761 Y15.656 E.16774
G1 X197.761 Y15.093 E.02239
G1 X201.307 Y18.639 E.1994
G1 X201.871 Y18.639 E.02243
G1 X197.761 Y14.529 E.23111
G1 X197.761 Y13.966 E.02239
G1 X202.434 Y18.639 E.26277
G1 X203.269 Y18.715 F21000
;WIDTH:0.391504
G1 F8400
G1 X203.249 Y18.786 E.0025
G1 X203.321 Y18.767 E.00253
G1 X203.31 Y18.726 E.00144
;WIDTH:0.420752
G1 X203.154 Y18.683 E.00596
;WIDTH:0.449999
G1 X202.998 Y18.639 E.00644
G1 X197.761 Y13.402 E.29449
G1 X197.761 Y12.839 E.02239
G1 X200.943 Y16.021 E.17893
G1 X201.163 Y16.303 E.01422
;WIDTH:0.391504
G1 X201.405 Y16.543 E.01156
;WIDTH:0.420752
G1 X201.546 Y16.654 E.00661
;WIDTH:0.449999
G1 X201.687 Y16.765 E.00714
G1 X203.561 Y18.639 E.10538
G1 X204.125 Y18.639 E.02243
G1 X202.346 Y16.861 E.10001
G1 X213.223 Y16.861 E.43249
G1 X213.705 Y16.768 E.01952
G1 X214.126 Y16.506 E.01972
G1 X214.394 Y16.167 E.01718
G1 X214.457 Y16.01 E.00673
G1 X217.087 Y18.639 E.14786
G1 X204.548 Y18.639 E.49858
G1 X204.548 Y18.498 E.00561
G1 X203.051 Y17.002 E.08415
G1 X203.872 Y17.259 F21000
G1 F8400
G1 X213.223 Y17.259 E.37181
G1 X213.784 Y17.158 E.02267
G1 X213.995 Y17.071 E.00907
G1 X214.346 Y16.839 E.01673
G1 X214.532 Y16.648 E.0106
G1 X216.125 Y18.241 E.08958
G1 X204.854 Y18.241 E.44816
G1 X204.013 Y17.4 E.04729
G1 X205.057 Y17.75 F21000
;WIDTH:0.63462
G1 F6430.968
G1 X213.223 Y17.75 E.47513
;WIDTH:0.651118
G1 F6254.023
G1 X213.413 Y17.742 E.01138
G1 X213.61 Y17.766 E.01187
;WIDTH:0.601795
G1 F6814.586
G1 X213.751 Y17.784 E.0078
;WIDTH:0.566689
G1 F7278.944
G1 X213.892 Y17.802 E.00731
;WIDTH:0.531583
G1 F7811.215
G1 X215.064 Y17.802 E.05614
G1 X214.516 Y17.253 E.03716
G1 X214.238 Y17.437 E.01597
;WIDTH:0.568632
G1 F7251.599
G1 X213.972 Y17.535 E.01463
;WIDTH:0.60568
G1 F6766.807
G1 X213.705 Y17.634 E.01575
;WIDTH:0.642728
G1 F6342.774
G1 X213.439 Y17.732 E.01672
;WIDTH:0.651118
G1 F6254.023
G1 X213.413 Y17.742 E.00167
G1 E-.16 F2700
;WIPE_START
G1 F16800
G1 X213.439 Y17.732 E-.00425
G1 X213.705 Y17.634 E-.04328
G1 X213.972 Y17.535 E-.04348
G1 X214.238 Y17.437 E-.04328
G1 X214.516 Y17.253 E-.0509
G1 X215.064 Y17.802 E-.11843
G1 X213.892 Y17.802 E-.17894
G1 X213.751 Y17.784 E-.0217
G1 X213.61 Y17.766 E-.0217
G1 X213.413 Y17.742 E-.0303
G1 X213.223 Y17.75 E-.02903
G1 X212.865 Y17.75 E-.05471
;WIPE_END
G1 X214.559 Y15.548 Z.728 F21000
G1 Z.68 F720
G1 E.8 F1500
;WIDTH:0.449999
G1 F8400
G1 X217.639 Y18.628 E.17319
G1 X217.639 Y18.065 E.02239
G1 X214.561 Y14.986 E.17311
G1 X214.561 Y14.423 E.02239
G1 X217.639 Y17.501 E.17308
G1 X217.639 Y16.938 E.02239
G1 X214.561 Y13.859 E.17311
G1 X214.561 Y13.296 E.02239
G1 X217.639 Y16.374 E.17308
G1 X217.639 Y15.811 E.02239
G1 X214.561 Y12.732 E.17311
G1 X214.561 Y12.168 E.02243
G1 X217.639 Y15.247 E.17311
G1 X217.639 Y14.683 E.02243
G1 X214.561 Y11.605 E.17308
G1 X214.561 Y11.041 E.02243
G1 X217.639 Y14.12 E.17311
G1 X217.639 Y13.556 E.02243
G1 X214.561 Y10.478 E.17308
G1 X214.561 Y9.914 E.02243
G1 X217.639 Y12.993 E.17311
G1 X217.639 Y12.429 E.02243
G1 X214.561 Y9.351 E.17308
G1 X214.561 Y8.787 E.02243
G1 X217.639 Y11.866 E.17311
G1 X217.639 Y11.302 E.02243
G1 X214.561 Y8.224 E.17308
G1 X214.561 Y7.66 E.02243
G1 X217.639 Y10.739 E.17311
G1 X217.639 Y10.175 E.02243
G1 X214.561 Y7.096 E.17311
G1 X214.561 Y6.533 E.02239
G1 X217.639 Y9.611 E.17308
G1 X217.639 Y9.048 E.02239
G1 X214.952 Y6.361 E.1511
G1 X215.516 Y6.361 E.02243
G1 X217.639 Y8.484 E.11938
G1 E-.16 F2700
;WIPE_START
G1 F16800
G1 X215.516 Y6.361 E-.4584
G1 X214.952 Y6.361 E-.08611
G1 X215.394 Y6.803 E-.09549
;WIPE_END
G1 X216.22 Y6.502 Z.695 F21000
G1 Z.68 F720
G1 E.8 F1500
G1 F8400
G1 X217.639 Y7.921 E.07979
G1 X217.639 Y6.361 E.06203
G1 X216.079 Y6.361 E.06203
G1 X217.166 Y6.755 F21000
;WIDTH:0.566866
G1 F7276.439
G1 X217.12 Y6.801 E.00335
G1 X217.137 Y6.863 E.00331
G1 X217.199 Y6.88 E.00331
G1 X217.245 Y6.834 E.00335
G1 X217.228 Y6.772 E.00331
G1 E-.16 F2700
;WIPE_START
G1 F16800
G1 X217.245 Y6.834 E-.00982
G1 X217.199 Y6.88 E-.00993
G1 X217.137 Y6.863 E-.00982
G1 X217.12 Y6.801 E-.00982
G1 X217.166 Y6.755 E-.00993
;WIPE_END
G1 E-.59068 F2700
G1 X200.839 Y15.354 Z1.002 F21000
G1 Z.68 F720
G1 E.8 F1500
;WIDTH:0.449999
G1 F8400
G1 X197.761 Y12.275 E.17311
G1 X197.761 Y11.712 E.02239
G1 X200.839 Y14.79 E.17308
G1 X200.839 Y14.227 E.02239
G1 X197.761 Y11.148 E.17311
G1 X197.761 Y10.584 E.02243
G1 X200.839 Y13.663 E.17311
G1 X200.839 Y13.099 E.02243
G1 X197.761 Y10.021 E.17308
G1 X197.761 Y9.457 E.02243
G1 X200.839 Y12.536 E.17311
G1 X200.839 Y11.972 E.02243
G1 X197.761 Y8.894 E.17308
G1 X197.761 Y8.33 E.02243
G1 X200.839 Y11.409 E.17311
G1 X200.839 Y10.845 E.02243
G1 X197.761 Y7.767 E.17308
G1 X197.761 Y7.203 E.02243
G1 X200.839 Y10.282 E.17311
G1 X200.839 Y9.718 E.02243
G1 X197.761 Y6.64 E.17308
G1 X197.734 Y6.444 E.00787
;WIDTH:0.420752
G1 X197.708 Y6.248 E.00728
;WIDTH:0.391504
G1 X197.719 Y6.289 E.00144
G1 X197.648 Y6.308 E.00249
G1 X197.667 Y6.237 E.00249
;WIDTH:0.449999
G1 X198.045 Y6.361 E.01582
G1 X200.839 Y9.155 E.15711
G1 X200.839 Y8.591 E.02243
G1 X198.609 Y6.361 E.1254
G1 X200.866 Y6.361 E.08974
G1 X200.839 Y6.484 E.00501
G1 X200.839 Y8.027 E.06135
G1 X199.313 Y6.502 E.08578
G1 X200.332 Y6.779 F21000
;WIDTH:0.629374
G1 F6489.349
G1 X200.281 Y6.83 E.00416
G1 X200.3 Y6.9 E.00418
G1 X200.37 Y6.919 E.00418
G1 X200.421 Y6.868 E.00416
G1 X200.402 Y6.798 E.00418
;LAYER_CHANGE
;Z:0.92
;HEIGHT:0.24
;BEFORE_LAYER_CHANGE
G92 E0.0
;0.92


G1 E-.16 F2700
;WIPE_START
G1 F16800
G1 X200.421 Y6.868 E-.01107
G1 X200.37 Y6.919 E-.01101
G1 X200.3 Y6.9 E-.01107
G1 X200.281 Y6.83 E-.01107
G1 X200.332 Y6.779 E-.01101
;WIPE_END
G1 E-.58477 F2700
G1 X200.332 Y6.779 Z.68 F21000
G1 X171.458 Y9.77 Z1.187
G1 X169.331 Y9.99 Z1.22
M73 Q26 S13
G1 X167.204 Y10.211 Z1.246
G1 X165.078 Y10.431 Z1.265
G1 X160.824 Y10.871 Z1.28
G1 X67.901 Y20.497 Z1.28
;AFTER_LAYER_CHANGE
;0.92
G1 Z.92 F720
G1 E.8 F1500
;TYPE:Perimeter
;WIDTH:0.449999
G1 F3000
G1 X68.254 Y20.52 E.01407
G1 X68.916 Y20.747 E.02783
G1 X69.193 Y20.907 E.01272
G1 X69.572 Y21.217 E.01947
G1 X69.784 Y21.456 E.0127
G1 X70.046 Y21.869 E.01945
;WIDTH:0.499281
G1 X70.312 Y22.633 E.03614
G1 X70.33 Y22.959 E.01459
;WIDTH:0.510333
G1 X70.292 Y23.543 E.02679
G1 X70.149 Y23.874 E.01651
;WIDTH:0.480166
G1 X70.006 Y24.206 E.01546
;WIDTH:0.449999
G1 X69.835 Y24.476 E.01271
G1 X69.305 Y25.019 E.03017
G1 X68.839 Y25.289 E.02141
G1 X68.54 Y25.403 E.01272
G1 X68.034 Y25.506 E.02053
G1 X67.741 Y25.514 E.01165
G1 X67.255 Y25.455 E.01947
G1 X66.948 Y25.366 E.01271
G1 X66.342 Y25.057 E.02705
G1 X65.89 Y24.635 E.02459
G1 X65.698 Y24.38 E.01269
;WIDTH:0.488778
G1 X65.516 Y24.021 E.01756
;WIDTH:0.527556
G1 X65.333 Y23.662 E.01914
G1 X65.273 Y23.163 E.02387
;WIDTH:0.4867
G1 X65.273 Y22.837 E.01416
;WIDTH:0.526216
G1 X65.332 Y22.351 E.02319
G1 X65.515 Y21.986 E.01934
;WIDTH:0.488108
G1 X65.698 Y21.62 E.01783
;WIDTH:0.449999
G1 X65.89 Y21.365 E.01269
G1 X66.243 Y21.026 E.01946
G1 X66.506 Y20.844 E.01272
G1 X67.061 Y20.589 E.02429
G1 X67.741 Y20.486 E.02735
G1 X67.841 Y20.493 E.00399
G1 X67.885 Y20.891 F21000
G1 F3000
G1 X68.251 Y20.925 E.01462
G1 X68.775 Y21.12 E.02223
G1 X69.32 Y21.525 E.027
G1 X69.709 Y22.082 E.02701
G1 X69.901 Y22.734 E.02703
G1 X69.877 Y23.413 E.02702
G1 X69.64 Y24.05 E.02702
G1 X69.212 Y24.578 E.02703
G1 X68.64 Y24.944 E.027
G1 X67.981 Y25.11 E.02702
G1 X67.303 Y25.059 E.02703
G1 X66.677 Y24.796 E.027
G1 X66.166 Y24.348 E.02702
G1 X65.823 Y23.761 E.02703
G1 X65.684 Y23.096 E.02701
G1 X65.763 Y22.421 E.02702
G1 X66.051 Y21.806 E.027
G1 X66.166 Y21.652 E.00764
G1 X66.677 Y21.204 E.02702
G1 X67.187 Y20.967 E.02236
G1 X67.789 Y20.882 E.02417
G1 X67.825 Y20.885 E.00144
M204 T250
G1 X67.869 Y21.282 F21000
M204 T7000
;TYPE:External perimeter
G1 F2998.274
G1 X68.178 Y21.319 E.01237
G1 X68.689 Y21.524 E.02189
G1 X69.111 Y21.882 E.022
G1 X69.397 Y22.354 E.02194
G1 X69.52 Y22.877 E.02136
G1 X69.48 Y23.381 E.0201
G1 X69.273 Y23.894 E.022
G1 X68.914 Y24.314 E.02197
G1 X68.441 Y24.599 E.02196
G1 X67.901 Y24.72 E.022
G1 X67.351 Y24.663 E.02199
G1 X66.848 Y24.436 E.02194
G1 X66.442 Y24.06 E.022
G1 X66.176 Y23.576 E.02196
G1 X66.078 Y23.032 E.02198
G1 X66.156 Y22.485 E.02197
G1 X66.404 Y21.991 E.02198
G1 X66.848 Y21.564 E.02449
G1 X67.313 Y21.345 E.02044
G1 X67.81 Y21.281 E.01992
G1 E-.16 F2700
;WIPE_START
G1 F16800
G1 X67.869 Y21.282 E-.00901
G1 X68.178 Y21.319 E-.04751
G1 X68.689 Y21.524 E-.08406
G1 X69.111 Y21.882 E-.08449
G1 X69.397 Y22.354 E-.08426
G1 X69.52 Y22.877 E-.08203
G1 X69.48 Y23.381 E-.07719
G1 X69.273 Y23.894 E-.08446
G1 X68.914 Y24.314 E-.08436
G1 X68.899 Y24.323 E-.00263
;WIPE_END
G1 X64.822 Y26.778 Z1.003 F21000
G1 Z.92 F720
G1 E.8 F1500
;TYPE:Perimeter
G1 F4200
G1 X64.822 Y24.596 E.08676
;WIDTH:0.488108
G1 X64.841 Y24.141 E.01984
;WIDTH:0.526216
G1 X64.86 Y23.687 E.02152
G1 X64.836 Y23 E.03256
G1 X64.86 Y22.313 E.03256
G1 X64.841 Y22.103 E.00999
;WIDTH:0.488108
G1 X64.822 Y21.894 E.00914
;WIDTH:0.449999
G1 X64.816 Y18.866 E.1204
G1 X64.709 Y18.513 E.01467
G1 X64.518 Y18.258 E.01267
G1 X64.213 Y18.056 E.01455
G1 X63.826 Y17.978 E.0157
G1 X6.022 Y17.978 E2.2984
G1 X6.022 Y6.022 E.47539
G1 X9.978 Y6.022 E.1573
G1 X9.978 Y15.159 E.36331
G1 X10.131 Y15.557 E.01695
G1 X10.329 Y15.784 E.01198
G1 X10.62 Y15.957 E.01346
G1 X10.974 Y16.022 E.01431
G1 X95.026 Y16.022 E3.34207
G1 X95.38 Y15.957 E.01431
G1 X95.671 Y15.784 E.01346
G1 X95.869 Y15.557 E.01198
G1 X95.977 Y15.322 E.01028
G1 X96.022 Y15.026 E.0119
G1 X96.022 Y6.022 E.35802
G1 X99.978 Y6.022 E.1573
G1 X99.978 Y17.978 E.47539
G1 X71.774 Y17.978 E1.12145
G1 X71.388 Y18.056 E.01566
M73 P27 R11
G1 X71.083 Y18.257 E.01452
G1 X70.892 Y18.512 E.01267
G1 X70.801 Y18.763 E.01062
G1 X70.778 Y18.974 E.00844
G1 X70.778 Y22.09 E.1239
;WIDTH:0.483188
G1 X70.761 Y22.976 E.03817
;WIDTH:0.510333
G1 X70.748 Y23.582 E.02775
G1 X70.763 Y23.973 E.01791
;WIDTH:0.480166
G1 X70.778 Y24.364 E.01674
;WIDTH:0.449999
G1 X70.778 Y26.778 E.09599
G1 X64.882 Y26.778 E.23444
G1 X64.423 Y27.177 F21000
G1 F4200
G1 X64.423 Y18.974 E.32617
G1 X64.356 Y18.698 E.01129
G1 X64.241 Y18.544 E.00764
G1 X64.058 Y18.423 E.00872
G1 X63.826 Y18.377 E.0094
G1 X5.623 Y18.377 E2.31427
G1 X5.623 Y5.623 E.50712
G1 X10.377 Y5.623 E.18903
G1 X10.377 Y15.026 E.37388
G1 X10.404 Y15.204 E.00716
G1 X10.587 Y15.481 E.0132
G1 X10.762 Y15.584 E.00807
G1 X10.974 Y15.623 E.00857
G1 X95.11 Y15.623 E3.34541
G1 X95.413 Y15.481 E.01331
G1 X95.596 Y15.204 E.0132
G1 X95.623 Y15.026 E.00716
G1 X95.623 Y5.623 E.37388
G1 X100.377 Y5.623 E.18903
G1 X100.377 Y18.377 E.50712
G1 X71.689 Y18.377 E1.14069
G1 X71.36 Y18.544 E.01467
G1 X71.245 Y18.697 E.00761
G1 X71.177 Y18.974 E.01134
G1 X71.177 Y27.177 E.32617
G1 X64.483 Y27.177 E.26617
M204 T250
G1 X64.025 Y27.575 F21000
M204 T7000
;TYPE:External perimeter
G1 F2999.995
G1 X64.025 Y18.974 E.34199
G1 F3000
G1 X63.964 Y18.831 E.00618
G1 X63.826 Y18.775 E.00592
G1 F2999.998
G1 X5.225 Y18.775 E2.33009
G1 X5.225 Y5.225 E.53877
M73 Q27 S13
G1 X10.775 Y5.225 E.22068
G1 X10.775 Y15.026 E.38971
G1 F3000
G1 X10.845 Y15.177 E.00662
G1 X10.974 Y15.225 E.00547
G1 F2999.998
G1 X95.026 Y15.225 E3.34207
G1 F3000
G1 X95.155 Y15.177 E.00547
G1 X95.225 Y15.026 E.00662
G1 F2999.998
G1 X95.225 Y5.225 E.38971
G1 X100.775 Y5.225 E.22068
G1 X100.775 Y18.775 E.53877
G1 X71.774 Y18.775 E1.15314
G1 F3000
G1 X71.636 Y18.831 E.00592
G1 X71.575 Y18.974 E.00618
G1 F2999.995
G1 X71.575 Y27.575 E.34199
G1 X64.085 Y27.575 E.29782
G1 E-.16 F2700
M73 P28 R11
;WIPE_START
G1 F16800
G1 X64.025 Y27.575 E-.00916
G1 X64.025 Y23.443 E-.63084
;WIPE_END
G1 X65.165 Y24.12 Z.943 F21000
G1 Z.92 F720
G1 E.8 F1500
;TYPE:Solid infill
G1 F8400
G1 X65.398 Y24.536 E.01896
G1 X65.661 Y24.885 E.01738
G1 X66.169 Y25.347 E.0273
;WIDTH:0.491846
G1 X66.517 Y25.516 E.017
;WIDTH:0.533693
G1 F7777.034
G1 X66.866 Y25.685 E.01866
;WIDTH:0.57554
G1 F7155.997
G1 X67.215 Y25.854 E.02028
G1 X67.903 Y25.903 E.03607
;WIDTH:0.574396
G1 F7171.66
G1 X68.257 Y25.858 E.01862
;WIDTH:0.604517
G1 F6781.034
G1 X68.61 Y25.813 E.01964
G1 X68.711 Y25.755 E.00643
;WIDTH:0.565888
G1 F7290.281
G1 X68.812 Y25.697 E.00598
;WIDTH:0.527258
G1 F7882.225
G1 X68.912 Y25.638 E.00551
;WIDTH:0.488629
G1 F8400
G1 X69.013 Y25.58 E.00508
;WIDTH:0.449999
G1 X69.478 Y25.31 E.02138
G1 X69.767 Y25.064 E.01509
G1 X70.105 Y24.679 E.02037
G1 X70.431 Y24.098 E.02649
G1 X70.439 Y26.439 E.09308
G1 X69.245 Y26.439 E.04748
;WIDTH:0.488629
G1 X69.098 Y26.42 E.00646
;WIDTH:0.527258
G1 F7882.225
G1 X68.951 Y26.401 E.00704
;WIDTH:0.565888
G1 F7290.281
G1 X68.803 Y26.381 E.00767
;WIDTH:0.604517
G1 F6781.034
G1 X68.656 Y26.362 E.00818
G1 X68.233 Y26.378 E.02336
;WIDTH:0.573346
G1 F7186.09
G1 X67.81 Y26.393 E.02204
;WIDTH:0.57554
G1 F7155.997
G1 X67.187 Y26.377 E.03259
G1 X67.032 Y26.397 E.00817
;WIDTH:0.533693
G1 F7777.034
G1 X66.876 Y26.418 E.00757
;WIDTH:0.491846
G1 F8400
G1 X66.721 Y26.439 E.00687
;WIDTH:0.449999
G1 X65.161 Y26.439 E.06203
G1 X65.163 Y24.319 E.0843
G1 X65.568 Y25.354 F21000
;WIDTH:0.467176
G1 F8400
G1 X65.983 Y25.709 E.02265
G1 X66.607 Y26.031 E.02912
G1 X65.568 Y26.032 E.04309
G1 X65.568 Y25.553 E.01987
G1 E-.16 F2700
;WIPE_START
G1 F16800
G1 X65.568 Y26.032 E-.07313
G1 X66.607 Y26.031 E-.15863
G1 X65.983 Y25.709 E-.10721
G1 X65.568 Y25.354 E-.08338
;WIPE_END
G1 E-.21765 F2700
G1 X69.878 Y25.502 Z.995 F21000
G1 Z.92 F720
G1 E.8 F1500
;WIDTH:0.469191
G1 F8400
G1 X69.683 Y25.663 E.01054
G1 X69.218 Y25.933 E.02241
G1 X68.982 Y26.031 E.01065
G1 X70.031 Y26.031 E.04372
G1 X70.031 Y25.375 E.02734
G1 E-.16 F2700
;WIPE_START
G1 F16800
G1 X70.031 Y26.031 E-.10016
G1 X68.982 Y26.031 E-.16016
G1 X69.218 Y25.933 E-.03902
G1 X69.683 Y25.663 E-.0821
G1 X69.878 Y25.502 E-.03861
;WIPE_END
G1 E-.21995 F2700
G1 X93.363 Y8.441 Z1.427 F21000
G1 X95.093 Y7.184 Z1.46
G1 X96.335 Y6.283 Z1.48
G1 Z.92 F720
G1 E.8 F1500
;WIDTH:0.391504
G1 F8400
G1 X96.263 Y6.263 E.00254
G1 X96.283 Y6.335 E.00254
G1 X96.324 Y6.324 E.00144
;WIDTH:0.420752
G1 X96.509 Y6.342 E.00685
;WIDTH:0.449999
G1 X96.695 Y6.361 E.00743
G1 X96.361 Y6.695 E.01878
G1 X96.361 Y7.258 E.02239
G1 X97.258 Y6.361 E.05044
G1 X97.822 Y6.361 E.02243
G1 X96.361 Y7.822 E.08215
G1 X96.361 Y8.386 E.02243
G1 X98.386 Y6.361 E.11387
G1 X98.949 Y6.361 E.02239
G1 X96.361 Y8.949 E.14553
G1 X96.361 Y9.513 E.02243
G1 X99.513 Y6.361 E.17724
G1 X99.647 Y6.319 E.00558
;WIDTH:0.420752
G1 X99.782 Y6.278 E.0052
;WIDTH:0.391504
G1 X99.741 Y6.289 E.00144
G1 X99.722 Y6.218 E.00249
G1 X99.793 Y6.237 E.00249
;WIDTH:0.449999
G1 X99.639 Y6.798 E.02313
G1 X96.361 Y10.076 E.18433
G1 X96.361 Y10.64 E.02243
G1 X99.639 Y7.361 E.18436
G1 X99.639 Y7.925 E.02243
G1 X96.361 Y11.203 E.18433
G1 X96.361 Y11.767 E.02243
G1 X99.639 Y8.488 E.18436
G1 X99.639 Y9.052 E.02243
G1 X96.361 Y12.33 E.18433
G1 X96.361 Y12.894 E.02243
G1 X99.639 Y9.615 E.18436
G1 X99.639 Y10.179 E.02243
G1 X96.361 Y13.458 E.18436
G1 X96.361 Y14.021 E.02239
G1 X99.639 Y10.743 E.18433
G1 X99.639 Y11.306 E.02239
G1 X96.361 Y14.585 E.18436
G1 X96.35 Y15.159 E.02283
G1 X99.639 Y11.87 E.18495
G1 E-.16 F2700
;WIPE_START
G1 F16800
G1 X96.675 Y14.834 E-.64
;WIPE_END
G1 X96.185 Y15.441 Z.934 F21000
G1 Z.92 F720
G1 E.8 F1500
;WIDTH:0.391504
G1 F8400
G1 X96.033 Y15.671 E.00935
G1 X95.817 Y15.902 E.01073
G1 E-.16 F2700
;WIPE_START
G1 F16800
G1 X96.033 Y15.671 E-.04829
G1 X96.185 Y15.441 E-.04209
;WIPE_END
G1 E-.54962 F2700
G1 X67.303 Y12.528 Z1.427 F21000
G1 X65.176 Y12.314 Z1.46
G1 X63.048 Y12.099 Z1.486
G1 X60.921 Y11.885 Z1.505
G1 X56.666 Y11.455 Z1.52
G1 X6.469 Y6.393
G1 Z.92 F720
G1 E.8 F1500
;WIDTH:0.546684
G1 F7573.004
G1 X6.425 Y6.349 E.00307
G1 X6.365 Y6.365 E.00307
G1 X6.349 Y6.425 E.00307
G1 X6.393 Y6.469 E.00307
G1 X6.453 Y6.453 E.00307
;WIDTH:0.449999
G1 F8400
G1 X6.361 Y7.089 E.02555
G1 X7.089 Y6.361 E.04094
G1 X7.181 Y6.291 E.0046
;WIDTH:0.420752
G1 X7.272 Y6.221 E.00423
;WIDTH:0.391504
G1 X7.231 Y6.232 E.00144
G1 X7.212 Y6.161 E.00249
G1 X7.283 Y6.18 E.00249
;WIDTH:0.449999
G1 X7.653 Y6.361 E.01638
G1 X6.361 Y7.653 E.07265
G1 X6.361 Y8.216 E.02239
G1 X8.216 Y6.361 E.10431
G1 X8.78 Y6.361 E.02243
G1 X6.361 Y8.78 E.13603
G1 X6.361 Y9.344 E.02243
G1 X9.344 Y6.361 E.16774
G1 X9.763 Y6.267 E.01707
;WIDTH:0.391504
G1 X9.692 Y6.248 E.00249
G1 X9.711 Y6.319 E.00249
G1 X9.752 Y6.308 E.00144
;WIDTH:0.420752
G1 X9.696 Y6.468 E.00625
;WIDTH:0.449999
G1 X9.639 Y6.629 E.00679
G1 X6.361 Y9.907 E.18433
G1 X6.361 Y10.471 E.02243
G1 X9.639 Y7.192 E.18436
G1 X9.639 Y7.756 E.02243
G1 X6.361 Y11.034 E.18433
G1 X6.361 Y11.598 E.02243
M73 P28 R10
G1 X9.639 Y8.319 E.18436
G1 X9.639 Y8.883 E.02243
G1 X6.361 Y12.161 E.18433
G1 X6.361 Y12.725 E.02243
G1 X9.639 Y9.446 E.18436
G1 X9.639 Y10.01 E.02243
G1 X6.361 Y13.288 E.18433
G1 X6.361 Y13.852 E.02243
G1 X9.639 Y10.573 E.18436
G1 X9.639 Y11.137 E.02243
G1 X6.361 Y14.416 E.18436
G1 X6.361 Y14.979 E.02239
G1 X9.639 Y11.701 E.18433
G1 X9.639 Y12.264 E.02239
G1 X6.361 Y15.543 E.18436
G1 X6.361 Y16.106 E.02239
G1 X9.639 Y12.828 E.18433
G1 X9.639 Y13.391 E.02239
G1 X6.361 Y16.67 E.18436
G1 X6.361 Y17.233 E.02239
G1 X9.639 Y13.955 E.18433
G1 X9.639 Y14.518 E.02239
G1 X6.518 Y17.639 E.1755
M73 Q28 S13
G1 X6.409 Y17.685 E.0047
;WIDTH:0.420752
G1 X6.299 Y17.731 E.00439
;WIDTH:0.391504
G1 X6.228 Y17.712 E.00249
G1 X6.247 Y17.783 E.00249
G1 X6.288 Y17.772 E.00144
G1 X7.082 Y17.639 F21000
;WIDTH:0.449999
G1 F8400
G1 X9.643 Y15.078 E.14401
G1 X9.75 Y15.535 E.01866
M73 Q28 S12
G1 X7.645 Y17.639 E.11834
G1 E-.16 F2700
;WIPE_START
G1 F16800
G1 X9.75 Y15.535 E-.4544
G1 X9.643 Y15.078 E-.07166
G1 X9.115 Y15.606 E-.11394
;WIPE_END
G1 X38.123 Y16.684 Z1.427 F21000
G1 X40.26 Y16.764 Z1.46
G1 X42.397 Y16.843 Z1.486
G1 X44.534 Y16.922 Z1.505
G1 X48.807 Y17.081 Z1.52
G1 X63.82 Y17.639
G1 Z.92 F720
G1 E.8 F1500
G1 F8400
G1 X8.209 Y17.639 E2.2112
G1 X9.972 Y15.876 E.09914
G1 X10.083 Y16.014 E.00704
G1 X10.469 Y16.258 E.01816
G1 X10.98 Y16.361 E.02073
G1 X67.534 Y16.361 E2.2487
G1 X65.159 Y18.736 E.13355
G1 X65.02 Y18.382 E.01512
G1 X64.774 Y18.039 E.01678
G1 X64.376 Y17.763 E.01926
G1 X64.014 Y17.682 E.01475
G1 X63.82 Y16.78 F21000
;WIDTH:0.491557
G1 F8400
G1 X64.443 Y16.759 E.02737
;WIDTH:0.449999
G1 X66.572 Y16.759 E.08465
G1 X65.28 Y18.051 E.07265
G1 X64.986 Y17.69 E.01851
G1 X64.596 Y17.43 E.01864
G1 X64.385 Y17.343 E.00907
;WIDTH:0.491557
G1 X63.82 Y17.22 E.02539
G1 X10.98 Y17.22 E2.32013
G1 X10.41 Y17.241 E.02504
;WIDTH:0.449999
G1 X9.171 Y17.241 E.04927
G1 X9.98 Y16.432 E.04549
G1 X10.462 Y16.674 E.02145
;WIDTH:0.491556
G1 X10.98 Y16.78 E.02322
G1 X63.621 Y16.78 E2.31139
G1 X64.797 Y17.125 F21000
;WIDTH:0.374492
G1 F8400
G1 X65.701 Y17.12 E.02913
G1 X65.31 Y17.511 E.01782
G1 X65.211 Y17.408 E.0046
G1 X64.962 Y17.237 E.00973
G1 E-.16 F2700
;WIPE_START
G1 F16800
G1 X65.211 Y17.408 E-.04612
G1 X65.31 Y17.511 E-.02181
G1 X65.701 Y17.12 E-.08442
G1 X64.797 Y17.125 E-.13802
;WIPE_END
G1 E-.34963 F2700
G1 X65.161 Y19.298 Z.958 F21000
G1 Z.92 F720
G1 E.8 F1500
;WIDTH:0.449999
G1 F8400
G1 X68.098 Y16.361 E.16515
G1 X68.661 Y16.361 E.02239
G1 X65.161 Y19.861 E.19681
G1 X65.161 Y20.425 E.02243
G1 X69.225 Y16.361 E.22853
G1 X69.788 Y16.361 E.02239
G1 X65.161 Y20.988 E.26019
G1 X65.161 Y21.552 E.02243
G1 X70.352 Y16.361 E.2919
G1 X70.915 Y16.361 E.02239
G1 X67.025 Y20.251 E.21874
G1 X66.905 Y20.339 E.00592
;WIDTH:0.420752
G1 X66.784 Y20.427 E.00551
;WIDTH:0.391504
G1 X66.713 Y20.407 E.0025
G1 X66.732 Y20.479 E.00253
G1 X66.773 Y20.468 E.00144
G1 X67.68 Y20.159 F21000
;WIDTH:0.449999
G1 F8400
G1 X71.479 Y16.361 E.2136
G1 X72.042 Y16.361 E.02239
G1 X68.227 Y20.176 E.21452
G1 E-.16 F2700
;WIPE_START
G1 F16800
G1 X71.191 Y17.212 E-.64
;WIPE_END
G1 X71.166 Y17.801 Z.93 F21000
G1 Z.92 F720
G1 E.8 F1500
G1 F8400
G1 X72.606 Y16.361 E.08097
G1 X73.17 Y16.361 E.02243
G1 X71.891 Y17.639 E.07189
G1 E-.16 F2700
;WIPE_START
G1 F16800
G1 X73.17 Y16.361 E-.27605
G1 X72.606 Y16.361 E-.08611
G1 X71.319 Y17.647 E-.27784
;WIPE_END
G1 X93.406 Y16.361 Z1.306 F21000
G1 Z.92 F720
G1 E.8 F1500
G1 F8400
G1 X73.592 Y16.361 E.78784
G1 X73.592 Y16.502 E.00561
G1 X72.454 Y17.639 E.06396
G1 X94.011 Y17.639 E.85715
G1 X94.011 Y17.498 E.00561
G1 X95.148 Y16.361 E.06394
G1 X93.605 Y16.361 E.06135
G1 X93.937 Y16.78 E.02126
;WIDTH:0.491557
G1 X73.889 Y16.78 E.88028
G1 X73.467 Y17.22 E.02677
G1 X93.714 Y17.22 E.88902
G1 X94.136 Y16.78 E.02677
G1 X94.433 Y17.639 F21000
;WIDTH:0.449999
G1 F8400
G1 X99.639 Y12.433 E.29274
G1 X99.639 Y12.997 E.02243
G1 X94.997 Y17.639 E.26103
G1 X95.56 Y17.639 E.02239
G1 X99.639 Y13.56 E.22937
G1 X99.639 Y14.124 E.02243
G1 X96.124 Y17.639 E.19766
G1 X96.687 Y17.639 E.02239
G1 X99.639 Y14.687 E.166
G1 X99.639 Y15.251 E.02243
G1 X97.251 Y17.639 E.13428
G1 X97.815 Y17.639 E.02243
G1 X99.639 Y15.815 E.10257
G1 X99.639 Y17.639 E.07253
G1 X98.378 Y17.639 E.05014
G1 X99.498 Y16.519 E.06298
G1 E-.16 F2700
;WIPE_START
G1 F16800
G1 X98.378 Y17.639 E-.24183
G1 X99.639 Y17.639 E-.19253
G1 X99.639 Y16.292 E-.20564
;WIPE_END
G1 X70.884 Y18.031 Z1.423 F21000
G1 Z.92 F720
G1 E.8 F1500
;WIDTH:0.391504
G1 F8400
M73 P29 R10
G1 X70.815 Y18.107 E.00348
;WIDTH:0.420752
G1 X70.697 Y18.248 E.00677
;WIDTH:0.449999
G1 X70.578 Y18.388 E.00731
G1 X68.67 Y20.297 E.10732
G1 X69.078 Y20.452 E.01735
G1 X70.439 Y19.091 E.07653
G1 X70.439 Y21.936 E.11312
G1 X70.344 Y21.713 E.00964
G1 X70.073 Y21.279 E.02034
G1 X69.806 Y20.973 E.01615
G1 X69.415 Y20.679 E.01945
G1 X70.298 Y19.795 E.04968
G1 X70.084 Y20.62 F21000
;WIDTH:0.463668
G1 F8400
G1 X70.047 Y20.583 E.00215
G1 X69.998 Y20.597 E.0021
G1 X69.984 Y20.646 E.0021
G1 X70.021 Y20.683 E.00215
G1 X70.07 Y20.669 E.0021
G1 E-.16 F2700
;WIPE_START
G1 F16800
G1 X70.021 Y20.683 E-.00778
G1 X69.984 Y20.646 E-.00799
G1 X69.998 Y20.597 E-.00778
G1 X70.047 Y20.583 E-.00778
G1 X70.084 Y20.62 E-.00799
;WIPE_END
G1 E-.60068 F2700
G1 X99.082 Y19.284 Z1.427 F21000
G1 X101.218 Y19.185 Z1.46
G1 X103.354 Y19.087 Z1.486
G1 X105.49 Y18.988 Z1.505
G1 X109.761 Y18.791 Z1.52
G1 X154.426 Y16.733
G1 Z.92 F720
G1 E.8 F1500
;TYPE:Perimeter
;WIDTH:0.449999
G1 F4200
G1 X154.121 Y16.94 E.01466
G1 X153.726 Y17.022 E.01604
G1 X143.674 Y17.022 E.39969
G1 X143.279 Y16.94 E.01604
G1 X142.97 Y16.73 E.01486
G1 X142.76 Y16.421 E.01486
G1 X142.678 Y16.026 E.01604
G1 X142.678 Y7.974 E.32016
G1 X142.753 Y7.595 E.01536
G1 X143.074 Y7.179 E.02089
G1 X143.537 Y6.978 E.02007
G1 X153.726 Y6.978 E.40513
G1 X154.326 Y7.179 E.02516
G1 X154.647 Y7.595 E.02089
G1 X154.722 Y7.974 E.01536
G1 X154.722 Y16.026 E.32016
G1 X154.64 Y16.421 E.01604
G1 X154.461 Y16.685 E.01268
G1 X154.146 Y16.45 F21000
G1 F3000
G1 X153.963 Y16.574 E.00879
G1 X153.726 Y16.623 E.00962
G1 X143.674 Y16.623 E.39969
G1 X143.437 Y16.574 E.00962
G1 X143.252 Y16.448 E.0089
G1 X143.126 Y16.263 E.0089
G1 X143.077 Y16.026 E.00962
G1 X143.077 Y7.974 E.32016
G1 X143.122 Y7.747 E.0092
G1 X143.314 Y7.497 E.01253
G1 X143.674 Y7.377 E.01509
G1 X153.726 Y7.377 E.39969
G1 X154.086 Y7.497 E.01509
G1 X154.278 Y7.747 E.01253
G1 X154.323 Y7.974 E.0092
G1 X154.323 Y16.026 E.32016
G1 X154.274 Y16.263 E.00962
G1 X154.18 Y16.402 E.00667
M204 T250
G1 X153.869 Y16.16 F21000
M204 T7000
;TYPE:External perimeter
G1 F3000
G1 X153.867 Y16.167 E.00029
G1 X153.726 Y16.225 E.00606
G1 F2999.995
G1 X143.674 Y16.225 E.39969
G1 F3000
G1 X143.533 Y16.167 E.00606
G1 X143.475 Y16.026 E.00606
G1 F2999.998
G1 X143.475 Y7.974 E.32016
G1 F3000
M73 Q29 S12
G1 X143.554 Y7.815 E.00706
G1 X143.674 Y7.775 E.00503
G1 F2999.998
G1 X153.726 Y7.775 E.39969
G1 F3000
G1 X153.846 Y7.815 E.00503
G1 X153.925 Y7.974 E.00706
G1 F2999.998
G1 X153.925 Y16.026 E.32016
G1 F3000
G1 X153.892 Y16.105 E.0034
G1 E-.16 F2700
;WIPE_START
G1 F16800
G1 X153.869 Y16.16 E-.0091
G1 X153.867 Y16.167 E-.00111
G1 X153.726 Y16.225 E-.02328
G1 X149.754 Y16.225 E-.60651
;WIPE_END
G1 X140.413 Y7.292 Z1.146 F21000
G1 Z.92 F720
G1 E.8 F1500
;TYPE:Perimeter
G1 F4200
G1 X140.326 Y7.179 E.00567
G1 X139.726 Y6.978 E.02516
G1 X110.022 Y6.978 E1.18109
G1 X110.022 Y6.022 E.03801
G1 X187.378 Y6.022 E3.07583
G1 X187.378 Y6.978 E.03801
G1 X157.537 Y6.978 E1.18654
G1 X157.074 Y7.179 E.02007
G1 X156.753 Y7.595 E.02089
G1 X156.678 Y7.974 E.01536
G1 X156.678 Y18.978 E.43754
G1 X140.722 Y18.978 E.63444
G1 X140.722 Y7.974 E.43754
G1 X140.647 Y7.595 E.01536
G1 X140.45 Y7.339 E.01284
G1 X140.138 Y7.565 F21000
G1 F4200
G1 X140.086 Y7.497 E.0034
G1 X139.726 Y7.377 E.01509
G1 X109.623 Y7.377 E1.19696
G1 X109.623 Y5.623 E.06974
G1 X187.776 Y5.623 E3.10752
G1 X187.776 Y7.377 E.06974
G1 X157.674 Y7.377 E1.19692
G1 X157.314 Y7.497 E.01509
G1 X157.122 Y7.747 E.01253
G1 X157.077 Y7.974 E.0092
G1 X157.077 Y19.377 E.45341
G1 X140.323 Y19.377 E.66617
G1 X140.323 Y7.974 E.45341
G1 X140.278 Y7.747 E.0092
G1 X140.175 Y7.613 E.00672
M204 T250
G1 X139.86 Y7.845 F21000
M204 T7000
;TYPE:External perimeter
G1 F3000
G1 X139.846 Y7.815 E.00132
G1 X139.726 Y7.775 E.00503
G1 F2999.998
G1 X109.225 Y7.775 E1.21278
G1 X109.225 Y5.225 E.10139
G1 X188.175 Y5.225 E3.13921
G1 X188.175 Y7.775 E.10139
M73 P30 R10
G1 X157.674 Y7.775 E1.21278
G1 F3000
G1 X157.554 Y7.815 E.00503
G1 X157.475 Y7.974 E.00706
G1 F2999.998
G1 X157.475 Y19.775 E.46923
G1 X139.925 Y19.775 E.69782
G1 X139.925 Y7.974 E.46923
G1 F3000
G1 X139.887 Y7.898 E.00338
G1 E-.16 F2700
;WIPE_START
G1 F16800
G1 X139.86 Y7.845 E-.00908
G1 X139.846 Y7.815 E-.00505
G1 X139.726 Y7.775 E-.01931
G1 X135.753 Y7.775 E-.60656
;WIPE_END
G1 X153.498 Y6.331 Z1.231 F21000
G1 Z.92 F720
G1 E.8 F1500
;TYPE:Solid infill
;WIDTH:0.390052
G1 F8400
G1 X143.677 Y6.331 E.33176
;WIDTH:0.420026
G1 X143.24 Y6.346 E.01608
;WIDTH:0.449999
G1 X142.804 Y6.361 E.01735
G1 X140.557 Y6.361 E.08935
G1 X140.127 Y6.346 E.01711
;WIDTH:0.420026
G1 X139.697 Y6.331 E.01582
;WIDTH:0.390052
G1 X110.331 Y6.331 E.992
G1 X110.331 Y6.669 E.01142
M73 Q30 S12
G1 X139.716 Y6.669 E.99264
;WIDTH:0.420026
G1 X140.094 Y6.775 E.01444
;WIDTH:0.449999
G1 X140.473 Y6.882 E.01566
G1 X140.567 Y6.949 E.00459
G1 X140.935 Y7.425 E.02392
G1 X141.061 Y7.955 E.02166
G1 X141.061 Y18.639 E.42482
G1 X153.053 Y18.639 E.47683
G1 X153.053 Y18.498 E.00561
G1 X154.301 Y17.25 E.07018
G1 X154.462 Y17.11 E.00848
;WIDTH:0.420937
G1 X154.624 Y16.969 E.00792
G1 X154.419 Y17.116 E.0093
;WIDTH:0.449999
G1 X154.215 Y17.263 E.01
G1 X153.723 Y17.361 E.01995
G1 X143.68 Y17.361 E.39933
G1 X143.183 Y17.262 E.02015
G1 X142.76 Y16.993 E.01993
G1 X142.467 Y16.587 E.01991
G1 X142.339 Y16.046 E.02211
G1 X142.339 Y7.977 E.32084
G1 X142.439 Y7.47 E.02055
G1 X142.835 Y6.947 E.02608
G1 X143.146 Y6.808 E.01354
;WIDTH:0.420026
G1 X143.458 Y6.669 E.01256
;WIDTH:0.390052
G1 X153.716 Y6.669 E.34652
;WIDTH:0.420026
G1 X154.094 Y6.775 E.01444
;WIDTH:0.449999
G1 X154.473 Y6.882 E.01566
G1 X154.567 Y6.949 E.00459
G1 X154.935 Y7.425 E.02392
G1 X155.061 Y7.955 E.02166
G1 X155.061 Y16.023 E.3208
G1 X154.963 Y16.515 E.01995
G1 X154.816 Y16.719 E.01
;WIDTH:0.420964
G1 X154.669 Y16.924 E.0093
G1 X154.84 Y16.732 E.00948
;WIDTH:0.449999
G1 X155.011 Y16.541 E.01019
G1 X156.198 Y15.353 E.06678
G1 X156.339 Y15.353 E.00561
G1 X156.339 Y7.977 E.29328
G1 X156.439 Y7.47 E.02055
G1 X156.835 Y6.947 E.02608
G1 X157.146 Y6.808 E.01354
;WIDTH:0.420026
G1 X157.458 Y6.669 E.01256
;WIDTH:0.390052
G1 X187.069 Y6.669 E1.00027
G1 X187.069 Y6.331 E.01142
G1 X157.677 Y6.331 E.99288
;WIDTH:0.420026
G1 X157.24 Y6.346 E.01608
;WIDTH:0.449999
G1 X156.804 Y6.361 E.01735
G1 X154.557 Y6.361 E.08935
G1 X154.127 Y6.346 E.01711
;WIDTH:0.420026
G1 X153.697 Y6.331 E.01582
G1 X154.924 Y6.759 F21000
;WIDTH:0.449999
G1 F8400
G1 X156.476 Y6.759 E.06171
G1 X156.15 Y7.181 E.0212
G1 X156.036 Y7.432 E.01096
;WIDTH:0.491556
G1 X155.92 Y7.977 E.02447
G1 X155.92 Y15.039 E.31008
G1 X155.48 Y15.479 E.02732
G1 X155.48 Y7.977 E.3294
G1 X155.364 Y7.432 E.02447
;WIDTH:0.449999
G1 X155.25 Y7.181 E.01096
G1 X155.046 Y6.917 E.01327
G1 X155.749 Y7.148 E.02942
;WIDTH:0.457648
G1 X155.713 Y7.112 E.00206
G1 X155.664 Y7.126 E.00207
G1 X155.651 Y7.175 E.00205
G1 X155.687 Y7.211 E.00206
G1 X155.736 Y7.197 E.00207
G1 E-.16 F2700
;WIPE_START
G1 F16800
G1 X155.687 Y7.211 E-.00778
G1 X155.651 Y7.175 E-.00777
G1 X155.664 Y7.126 E-.00774
G1 X155.713 Y7.112 E-.00778
G1 X155.749 Y7.148 E-.00777
G1 X155.046 Y6.917 E-.11298
G1 X155.25 Y7.181 E-.05094
G1 X155.364 Y7.432 E-.04209
G1 X155.48 Y7.977 E-.08507
G1 X155.48 Y10.008 E-.31008
;WIPE_END
G1 X156.339 Y15.776 Z1.022 F21000
G1 Z.92 F720
G1 E.8 F1500
;WIDTH:0.449999
G1 F8400
G1 X153.476 Y18.639 E.16099
G1 E-.16 F2700
;WIPE_START
G1 F16800
G1 X156.339 Y15.776 E-.61818
;WIPE_END
G1 E-.02182 F2700
G1 X156.198 Y16.48 Z.933 F21000
G1 Z.92 F720
G1 E.8 F1500
G1 F8400
G1 X154.039 Y18.639 E.1214
G1 X156.339 Y18.639 E.09145
G1 X156.339 Y16.339 E.09145
G1 X155.903 Y17.393 F21000
;WIDTH:0.525902
G1 F7904.755
G1 X155.903 Y18.203 E.03834
G1 X155.093 Y18.203 E.03834
G1 X155.762 Y17.534 E.04478
G1 E-.16 F2700
;WIPE_START
G1 F16800
G1 X155.093 Y18.203 E-.14445
G1 X155.903 Y18.203 E-.12367
G1 X155.903 Y17.393 E-.12367
;WIPE_END
G1 E-.24821 F2700
G1 X142.476 Y6.759 Z1.219 F21000
G1 Z.92 F720
G1 E.8 F1500
;WIDTH:0.449999
G1 F8400
G1 X142.15 Y7.181 E.0212
G1 X142.036 Y7.432 E.01096
;WIDTH:0.491557
G1 X141.92 Y7.977 E.02447
G1 X141.92 Y16.113 E.35724
G1 X142.137 Y16.811 E.0321
;WIDTH:0.449999
G1 X142.449 Y17.251 E.02145
G1 X142.887 Y17.561 E.02134
G1 X143.102 Y17.652 E.00928
;WIDTH:0.491556
G1 X143.68 Y17.78 E.02599
G1 X153.179 Y17.78 E.41709
G1 X152.757 Y18.22 E.02677
G1 X143.68 Y18.22 E.39856
G1 X143.042 Y18.241 E.02803
;WIDTH:0.449999
G1 X141.459 Y18.241 E.06294
G1 X141.459 Y16.655 E.06306
;WIDTH:0.491557
G1 X141.48 Y16.023 E.02777
G1 X141.48 Y7.977 E.35329
G1 X141.364 Y7.432 E.02447
;WIDTH:0.449999
G1 X141.25 Y7.181 E.01096
G1 X140.924 Y6.759 E.0212
G1 X142.277 Y6.759 E.0538
G1 X141.749 Y7.148 E.02608
;WIDTH:0.457648
G1 X141.713 Y7.112 E.00206
G1 X141.664 Y7.126 E.00207
G1 X141.651 Y7.175 E.00205
G1 X141.687 Y7.211 E.00206
G1 X141.736 Y7.197 E.00207
G1 E-.16 F2700
;WIPE_START
G1 F16800
G1 X141.687 Y7.211 E-.00778
G1 X141.651 Y7.175 E-.00777
G1 X141.664 Y7.126 E-.00774
G1 X141.713 Y7.112 E-.00778
G1 X141.749 Y7.148 E-.00777
G1 X142.277 Y6.759 E-.10013
G1 X140.924 Y6.759 E-.20657
G1 X141.25 Y7.181 E-.08142
G1 X141.364 Y7.432 E-.04209
G1 X141.48 Y7.977 E-.08507
G1 X141.48 Y8.54 E-.08588
;WIPE_END
G1 X141.849 Y17.079 Z1.069 F21000
G1 Z.92 F720
G1 E.8 F1500
;WIDTH:0.432234
G1 F8400
G1 X142.174 Y17.526 E.021
G1 X142.621 Y17.851 E.021
G1 X141.849 Y17.851 E.02933
G1 X141.849 Y17.278 E.02177
G1 E-.16 F2700
;WIPE_START
G1 F16800
G1 X141.849 Y17.851 E-.08748
G1 X142.621 Y17.851 E-.11787
G1 X142.174 Y17.526 E-.08438
G1 X141.849 Y17.079 E-.08438
;WIPE_END
G1 E-.26589 F2700
G1 X170.874 Y16.62 Z1.427 F21000
G1 X173.012 Y16.587 Z1.46
G1 X175.15 Y16.553 Z1.486
G1 X177.288 Y16.519 Z1.505
G1 X181.564 Y16.451 Z1.52
G1 X213.65 Y15.944
G1 Z.92 F720
G1 E.8 F1500
;TYPE:Perimeter
;WIDTH:0.449999
G1 F4200
G1 X213.642 Y15.955 E.00054
G1 X213.311 Y16.123 E.01476
G1 X202.174 Y16.123 E.44283
G1 X201.942 Y16.076 E.00941
G1 X201.758 Y15.955 E.00876
G1 X201.577 Y15.639 E.01448
G1 X201.577 Y6.474 E.36442
G1 X201.696 Y6.116 E.015
G1 X201.892 Y6.014 E.00879
;WIDTH:0.413628
G1 X202.088 Y5.913 E.00797
;WIDTH:0.377257
G1 X213.226 Y5.913 E.36203
;WIDTH:0.413628
G1 X213.465 Y6.014 E.00938
;WIDTH:0.449999
G1 X213.704 Y6.116 E.01033
G1 X213.823 Y6.474 E.015
G1 X213.823 Y15.526 E.35993
G1 X213.756 Y15.801 E.01125
G1 X213.686 Y15.896 E.00469
M204 T250
G1 X213.368 Y15.66 F21000
M204 T7000
;TYPE:External perimeter
G1 F3000
G1 X213.364 Y15.669 E.00039
G1 X213.226 Y15.725 E.00592
G1 F2999.998
G1 X202.174 Y15.725 E.43945
G1 F3000
G1 X202.036 Y15.669 E.00592
G1 X201.975 Y15.526 E.00618
G1 F2999.998
G1 X201.975 Y6.474 E.35993
G1 F3000
G1 X202.015 Y6.355 E.00499
G1 X202.174 Y6.275 E.00708
G1 F2999.998
G1 X213.226 Y6.275 E.43945
G1 F3000
G1 X213.385 Y6.355 E.00708
G1 X213.425 Y6.474 E.00499
G1 F2999.998
G1 X213.425 Y15.526 E.35993
G1 F3000
G1 X213.392 Y15.605 E.0034
G1 E-.16 F2700
;WIPE_START
G1 F16800
G1 X213.368 Y15.66 E-.00916
G1 X213.364 Y15.669 E-.0015
G1 X213.226 Y15.725 E-.02274
G1 X209.253 Y15.725 E-.6066
;WIPE_END
G1 X197.422 Y18.978 Z1.134 F21000
G1 Z.92 F720
M73 P31 R10
G1 E.8 F1500
;TYPE:Perimeter
G1 F4200
G1 X197.422 Y6.022 E.51516
G1 X201.329 Y6.022 E.15535
G1 X201.178 Y6.474 E.01895
G1 X201.178 Y15.654 E.36502
G1 X201.29 Y15.985 E.01389
G1 X201.481 Y16.241 E.0127
G1 X201.787 Y16.443 E.01458
G1 X202.174 Y16.522 E.01571
G1 X213.226 Y16.522 E.43945
G1 X213.613 Y16.443 E.01571
G1 X213.919 Y16.241 E.01458
G1 X214.11 Y15.985 E.0127
G1 X214.193 Y15.765 E.00935
G1 X214.222 Y15.526 E.00957
G1 X214.222 Y6.474 E.35993
G1 X214.071 Y6.022 E.01895
G1 X217.978 Y6.022 E.15535
G1 X217.978 Y18.978 E.51516
G1 X197.482 Y18.978 E.81496
G1 X197.023 Y19.377 F21000
G1 F4200
G1 X197.023 Y5.623 E.54689
G1 X201.45 Y5.623 E.17603
G1 X201.812 Y5.605 E.01441
;WIDTH:0.413628
G1 X202.174 Y5.587 E.0131
;WIDTH:0.377257
G1 X213.226 Y5.587 E.35923
;WIDTH:0.413628
G1 X213.588 Y5.605 E.0131
;WIDTH:0.449999
G1 X213.95 Y5.623 E.01441
G1 X218.377 Y5.623 E.17603
G1 X218.377 Y19.377 E.54689
G1 X197.083 Y19.377 E.84669
M204 T250
G1 X196.625 Y19.775 F21000
M204 T7000
;TYPE:External perimeter
G1 F2999.998
G1 X196.625 Y5.225 E.57854
G1 X218.775 Y5.225 E.88073
G1 X218.775 Y19.775 E.57854
M73 Q31 S12
G1 X196.685 Y19.775 E.87834
G1 E-.16 F2700
;WIPE_START
G1 F16800
G1 X196.625 Y19.775 E-.00916
G1 X196.625 Y15.643 E-.63084
;WIPE_END
G1 X214.706 Y6.423 Z1.274 F21000
G1 Z.92 F720
G1 E.8 F1500
;TYPE:Solid infill
;WIDTH:0.61111
G1 F6701.144
G1 X214.656 Y6.374 E.00391
G1 X214.589 Y6.392 E.00387
G1 X214.57 Y6.459 E.00389
G1 X214.62 Y6.509 E.00395
G1 X214.687 Y6.491 E.00387
;WIDTH:0.449999
G1 F8400
G1 X214.561 Y7.196 E.02848
G1 X215.396 Y6.361 E.04695
G1 X215.96 Y6.361 E.02243
G1 X214.561 Y7.76 E.07867
G1 X214.561 Y8.323 E.02239
G1 X216.523 Y6.361 E.11033
G1 X217.087 Y6.361 E.02243
G1 X214.561 Y8.887 E.14204
G1 X214.561 Y9.45 E.02239
G1 X217.639 Y6.372 E.17308
G1 X217.639 Y6.935 E.02239
G1 X214.561 Y10.014 E.17311
G1 X214.561 Y10.577 E.02239
G1 X217.639 Y7.499 E.17308
G1 X217.639 Y8.062 E.02239
G1 X214.561 Y11.141 E.17311
G1 X214.561 Y11.704 E.02239
G1 X217.639 Y8.626 E.17308
G1 X217.639 Y9.189 E.02239
G1 X214.561 Y12.268 E.17311
G1 X214.561 Y12.832 E.02243
G1 X217.639 Y9.753 E.17311
G1 X217.639 Y10.317 E.02243
G1 X214.561 Y13.395 E.17308
G1 X214.561 Y13.959 E.02243
G1 X217.639 Y10.88 E.17311
G1 X217.639 Y11.444 E.02243
G1 X214.561 Y14.522 E.17308
G1 X214.561 Y15.086 E.02243
G1 X217.639 Y12.007 E.17311
G1 X217.639 Y12.571 E.02243
G1 X214.549 Y15.661 E.17376
G1 X214.389 Y15.942 E.01286
;WIDTH:0.391504
G1 X214.076 Y16.345 E.01731
G1 E-.16 F2700
;WIPE_START
G1 F16800
G1 X214.389 Y15.942 E-.07791
G1 X214.549 Y15.661 E-.04937
G1 X216.924 Y13.286 E-.51272
;WIPE_END
G1 X197.853 Y6.453 Z1.274 F21000
G1 Z.92 F720
G1 E.8 F1500
;WIDTH:0.546684
G1 F7573.004
G1 X197.793 Y6.469 E.00307
G1 X197.749 Y6.425 E.00307
G1 X197.765 Y6.365 E.00307
G1 X197.825 Y6.349 E.00307
G1 X197.869 Y6.393 E.00307
G1 X198.683 Y6.18 F21000
;WIDTH:0.391504
G1 F8400
G1 X198.612 Y6.161 E.00249
G1 X198.631 Y6.232 E.00249
G1 X198.672 Y6.221 E.00144
;WIDTH:0.420752
G1 X198.581 Y6.291 E.00423
;WIDTH:0.449999
G1 X198.489 Y6.361 E.0046
G1 X197.761 Y7.089 E.04094
G1 X197.691 Y7.181 E.0046
;WIDTH:0.420752
G1 X197.621 Y7.272 E.00423
;WIDTH:0.391504
G1 X197.58 Y7.283 E.00144
G1 X197.561 Y7.212 E.00249
G1 X197.632 Y7.231 E.00249
;WIDTH:0.449999
G1 X197.761 Y7.653 E.01755
G1 X199.053 Y6.361 E.07265
G1 X199.616 Y6.361 E.02239
G1 X197.761 Y8.216 E.10431
G1 X197.761 Y8.78 E.02243
G1 X200.18 Y6.361 E.13603
G1 X201.037 Y6.252 F21000
;WIDTH:0.391504
G1 F8400
G1 X200.966 Y6.232 E.0025
G1 X200.985 Y6.304 E.00253
G1 X201.026 Y6.293 E.00144
;WIDTH:0.420752
G1 X200.885 Y6.327 E.00534
;WIDTH:0.449999
G1 X200.744 Y6.361 E.00577
G1 X197.761 Y9.344 E.16774
G1 X197.761 Y9.907 E.02239
G1 X200.839 Y6.828 E.17311
G1 X200.839 Y7.392 E.02243
G1 X197.761 Y10.471 E.17311
G1 X197.761 Y11.034 E.02239
G1 X200.839 Y7.956 E.17308
G1 X200.839 Y8.519 E.02239
G1 X197.761 Y11.598 E.17311
G1 X197.761 Y12.161 E.02239
G1 X200.839 Y9.083 E.17308
G1 X200.839 Y9.646 E.02239
G1 X197.761 Y12.725 E.17311
G1 X197.761 Y13.288 E.02239
G1 X200.839 Y10.21 E.17308
G1 X200.839 Y10.773 E.02239
G1 X197.761 Y13.852 E.17311
G1 X197.761 Y14.416 E.02243
G1 X200.839 Y11.337 E.17311
G1 X200.839 Y11.901 E.02243
G1 X197.761 Y14.979 E.17308
G1 X197.761 Y15.543 E.02243
G1 X200.839 Y12.464 E.17311
G1 X200.839 Y13.028 E.02243
G1 X197.761 Y16.106 E.17308
G1 X197.761 Y16.67 E.02243
G1 X200.839 Y13.591 E.17311
G1 X200.839 Y14.155 E.02243
G1 X197.761 Y17.233 E.17308
G1 X197.761 Y17.797 E.02243
G1 X200.839 Y14.718 E.17311
G1 X200.839 Y15.282 E.02243
G1 X197.761 Y18.36 E.17308
G1 X197.74 Y18.536 E.00705
;WIDTH:0.420752
G1 X197.719 Y18.711 E.00649
;WIDTH:0.391504
G1 X197.648 Y18.692 E.00249
G1 X197.667 Y18.763 E.00249
G1 X197.708 Y18.752 E.00144
;WIDTH:0.449999
G1 X198.045 Y18.639 E.01413
G1 X200.873 Y15.812 E.159
G1 X201.039 Y16.21 E.01715
G1 X198.609 Y18.639 E.13662
G1 E-.16 F2700
;WIPE_START
G1 F16800
G1 X201.039 Y16.21 E-.52458
G1 X200.873 Y15.812 E-.06584
G1 X200.643 Y16.042 E-.04958
;WIPE_END
G1 X213.179 Y16.861 Z1.139 F21000
G1 Z.92 F720
G1 E.8 F1500
G1 F8400
G1 X202.18 Y16.861 E.43734
G1 X201.686 Y16.765 E.02001
G1 X201.293 Y16.519 E.01844
G1 X199.173 Y18.639 E.11921
G1 X211.712 Y18.639 E.49858
G1 X211.712 Y18.498 E.00561
G1 X213.376 Y16.834 E.09357
G1 E-.16 F2700
;WIPE_START
G1 F16800
G1 X211.712 Y18.498 E-.35929
G1 X211.712 Y18.639 E-.02153
G1 X210.014 Y18.639 E-.25918
;WIPE_END
G1 X212.134 Y18.639 Z.957 F21000
G1 Z.92 F720
G1 E.8 F1500
G1 F8400
G1 X217.639 Y13.134 E.30956
G1 X217.639 Y13.698 E.02243
G1 X212.698 Y18.639 E.27784
G1 X213.261 Y18.639 E.02239
G1 X217.639 Y14.261 E.24618
G1 X217.639 Y14.825 E.02243
G1 X213.825 Y18.639 E.21447
G1 X214.389 Y18.639 E.02243
G1 X217.639 Y15.389 E.18275
G1 X217.639 Y15.952 E.02239
G1 X214.952 Y18.639 E.1511
G1 X215.516 Y18.639 E.02243
G1 X217.639 Y16.516 E.11938
G1 X217.639 Y18.639 E.08441
G1 X216.079 Y18.639 E.06203
G1 X217.498 Y17.22 E.07979
G1 X217.245 Y18.166 F21000
;WIDTH:0.566866
G1 F7276.439
G1 X217.199 Y18.12 E.00335
G1 X217.137 Y18.137 E.00331
G1 X217.12 Y18.199 E.00331
G1 X217.166 Y18.245 E.00335
G1 X217.228 Y18.228 E.00331
G1 E-.16 F2700
;WIPE_START
G1 F16800
G1 X217.166 Y18.245 E-.00982
G1 X217.12 Y18.199 E-.00993
G1 X217.137 Y18.137 E-.00982
G1 X217.199 Y18.12 E-.00982
G1 X217.245 Y18.166 E-.00993
;WIPE_END
G1 E-.59068 F2700
G1 X212.387 Y17.259 Z1.006 F21000
G1 Z.92 F720
G1 E.8 F1500
;WIDTH:0.449999
G1 F8400
G1 X211.406 Y18.241 E.05519
G1 X200.135 Y18.241 E.44816
G1 X201.345 Y17.031 E.06804
G1 X201.614 Y17.157 E.01181
G1 X202.18 Y17.259 E.02287
G1 X212.188 Y17.259 E.39794
G1 X211.202 Y17.75 F21000
;WIDTH:0.63462
G1 F6430.968
G1 X202.18 Y17.75 E.52493
G1 X202.115 Y17.772 E.00399
;WIDTH:0.59078
G1 F6953.768
G1 X202.049 Y17.794 E.00374
;WIDTH:0.54694
G1 F7569.091
G1 X201.983 Y17.816 E.00344
;WIDTH:0.5031
G1 F8303.882
G1 X201.918 Y17.838 E.00309
;WIDTH:0.45926
G1 F8400
G1 X201.852 Y17.86 E.00283
;WIDTH:0.41542
G1 X201.787 Y17.882 E.00249
;WIDTH:0.403992
G1 X201.041 Y17.865 E.02624
G1 X201.425 Y17.482 E.01908
G1 X201.818 Y17.565 E.01413
;WIDTH:0.416289
G1 X201.88 Y17.596 E.00252
;WIDTH:0.460998
G1 X201.941 Y17.628 E.00281
;WIDTH:0.505707
G1 F8256.231
G1 X202.003 Y17.659 E.00314
;LAYER_CHANGE
;Z:1.16
;HEIGHT:0.24
;BEFORE_LAYER_CHANGE
G92 E0.0
;1.16


G1 E-.16 F2700
;WIPE_START
G1 F16800
G1 X201.941 Y17.628 E-.01058
G1 X201.88 Y17.596 E-.01052
G1 X201.818 Y17.565 E-.01058
G1 X201.425 Y17.482 E-.06133
G1 X201.041 Y17.865 E-.08281
G1 X201.787 Y17.882 E-.11393
G1 X201.852 Y17.86 E-.01048
G1 X201.918 Y17.838 E-.01062
G1 X201.983 Y17.816 E-.01048
G1 X202.049 Y17.794 E-.01062
G1 X202.115 Y17.772 E-.01062
G1 X202.18 Y17.75 E-.01048
G1 X204.06 Y17.75 E-.28695
;WIPE_END
G1 X204.06 Y17.75 Z.92 F21000
G1 X175.038 Y18.335 Z1.427
G1 X172.9 Y18.379 Z1.46
G1 X170.762 Y18.422 Z1.486
G1 X168.624 Y18.465 Z1.505
G1 X164.348 Y18.551 Z1.52
G1 X67.901 Y20.497 Z1.52
;AFTER_LAYER_CHANGE
;1.16
G1 Z1.16 F720
M73 P32 R10
G1 E.8 F1500
;TYPE:Perimeter
;WIDTH:0.449999
G1 F3000
G1 X68.254 Y20.52 E.01407
G1 X68.916 Y20.747 E.02783
G1 X69.193 Y20.907 E.01272
G1 X69.572 Y21.217 E.01947
G1 X69.784 Y21.456 E.0127
G1 X70.046 Y21.869 E.01945
;WIDTH:0.499281
G1 X70.312 Y22.633 E.03614
G1 X70.33 Y22.959 E.01459
;WIDTH:0.510333
G1 X70.292 Y23.543 E.02679
G1 X70.149 Y23.874 E.01651
;WIDTH:0.480166
G1 X70.006 Y24.206 E.01546
;WIDTH:0.449999
G1 X69.835 Y24.476 E.01271
G1 X69.305 Y25.019 E.03017
G1 X68.839 Y25.289 E.02141
G1 X68.54 Y25.403 E.01272
G1 X68.034 Y25.506 E.02053
G1 X67.741 Y25.514 E.01165
G1 X67.255 Y25.455 E.01947
G1 X66.948 Y25.366 E.01271
G1 X66.342 Y25.057 E.02705
G1 X65.89 Y24.635 E.02459
G1 X65.698 Y24.38 E.01269
;WIDTH:0.488778
G1 X65.516 Y24.021 E.01756
;WIDTH:0.527556
G1 X65.333 Y23.662 E.01914
G1 X65.273 Y23.163 E.02387
;WIDTH:0.4867
G1 X65.273 Y22.837 E.01416
;WIDTH:0.526216
G1 X65.332 Y22.351 E.02319
G1 X65.515 Y21.986 E.01934
;WIDTH:0.488108
G1 X65.698 Y21.62 E.01783
;WIDTH:0.449999
G1 X65.89 Y21.365 E.01269
G1 X66.243 Y21.026 E.01946
G1 X66.506 Y20.844 E.01272
G1 X67.061 Y20.589 E.02429
G1 X67.741 Y20.486 E.02735
G1 X67.841 Y20.493 E.00399
G1 X67.885 Y20.891 F21000
G1 F3000
G1 X68.251 Y20.925 E.01462
G1 X68.775 Y21.12 E.02223
G1 X69.32 Y21.525 E.027
G1 X69.709 Y22.082 E.02701
G1 X69.901 Y22.734 E.02703
G1 X69.877 Y23.413 E.02702
G1 X69.64 Y24.05 E.02702
G1 X69.212 Y24.578 E.02703
G1 X68.64 Y24.944 E.027
G1 X67.981 Y25.11 E.02702
G1 X67.303 Y25.059 E.02703
G1 X66.677 Y24.796 E.027
G1 X66.166 Y24.348 E.02702
G1 X65.823 Y23.761 E.02703
G1 X65.684 Y23.096 E.02701
G1 X65.763 Y22.421 E.02702
G1 X66.051 Y21.806 E.027
G1 X66.519 Y21.313 E.02703
G1 X67.119 Y20.994 E.02702
G1 X67.789 Y20.882 E.02701
G1 X67.825 Y20.885 E.00144
M204 T250
G1 X67.869 Y21.282 F21000
M204 T7000
;TYPE:External perimeter
G1 F2998.273
G1 X68.178 Y21.319 E.01237
G1 X68.689 Y21.524 E.02189
G1 X69.111 Y21.882 E.022
G1 X69.397 Y22.354 E.02194
G1 X69.52 Y22.877 E.02136
G1 X69.48 Y23.381 E.0201
G1 X69.273 Y23.894 E.022
G1 X68.914 Y24.314 E.02197
G1 X68.441 Y24.599 E.02196
G1 X67.901 Y24.72 E.022
G1 X67.351 Y24.663 E.02199
G1 X66.848 Y24.436 E.02194
G1 X66.442 Y24.06 E.022
G1 X66.176 Y23.576 E.02196
G1 X66.078 Y23.032 E.02198
G1 X66.156 Y22.485 E.02197
G1 X66.404 Y21.991 E.02198
G1 X66.795 Y21.601 E.02196
G1 X67.29 Y21.354 E.022
G1 X67.81 Y21.281 E.02088
G1 E-.16 F2700
;WIPE_START
G1 F16800
G1 X67.869 Y21.282 E-.00901
G1 X68.178 Y21.319 E-.04751
G1 X68.689 Y21.524 E-.08406
G1 X69.111 Y21.882 E-.08449
G1 X69.397 Y22.354 E-.08426
G1 X69.52 Y22.877 E-.08203
G1 X69.48 Y23.381 E-.07719
G1 X69.273 Y23.894 E-.08446
G1 X68.914 Y24.314 E-.08436
M73 Q32 S12
G1 X68.899 Y24.323 E-.00263
;WIPE_END
G1 X64.822 Y26.778 Z1.243 F21000
G1 Z1.16 F720
G1 E.8 F1500
;TYPE:Perimeter
G1 F4200
G1 X64.822 Y24.596 E.08676
;WIDTH:0.488108
G1 X64.841 Y24.141 E.01984
;WIDTH:0.526216
G1 X64.86 Y23.687 E.02152
G1 X64.836 Y23 E.03256
G1 X64.86 Y22.313 E.03256
G1 X64.841 Y22.103 E.00999
;WIDTH:0.488108
G1 X64.822 Y21.894 E.00914
;WIDTH:0.449999
G1 X64.816 Y18.866 E.1204
G1 X64.709 Y18.513 E.01467
G1 X64.518 Y18.258 E.01267
G1 X64.213 Y18.056 E.01455
G1 X63.826 Y17.978 E.0157
G1 X6.022 Y17.978 E2.2984
G1 X6.022 Y6.022 E.47539
G1 X9.978 Y6.022 E.1573
G1 X9.978 Y15.159 E.36331
G1 X10.131 Y15.557 E.01695
G1 X10.329 Y15.784 E.01198
G1 X10.62 Y15.957 E.01346
G1 X10.974 Y16.022 E.01431
G1 X95.026 Y16.022 E3.34207
G1 X95.38 Y15.957 E.01431
G1 X95.671 Y15.784 E.01346
G1 X95.869 Y15.557 E.01198
G1 X95.977 Y15.322 E.01028
G1 X96.022 Y15.026 E.0119
G1 X96.022 Y6.022 E.35802
G1 X99.978 Y6.022 E.1573
G1 X99.978 Y17.978 E.47539
G1 X71.774 Y17.978 E1.12145
G1 X71.388 Y18.056 E.01566
G1 X71.083 Y18.257 E.01452
G1 X70.892 Y18.512 E.01267
G1 X70.801 Y18.763 E.01062
G1 X70.778 Y18.974 E.00844
G1 X70.778 Y22.09 E.1239
;WIDTH:0.483188
G1 X70.761 Y22.976 E.03817
;WIDTH:0.510333
G1 X70.748 Y23.582 E.02775
G1 X70.763 Y23.973 E.01791
;WIDTH:0.480166
G1 X70.778 Y24.364 E.01674
;WIDTH:0.449999
G1 X70.778 Y26.778 E.09599
G1 X64.882 Y26.778 E.23444
G1 X64.423 Y27.177 F21000
G1 F4200
G1 X64.423 Y18.974 E.32617
G1 X64.356 Y18.698 E.01129
G1 X64.241 Y18.544 E.00764
G1 X64.058 Y18.423 E.00872
G1 X63.826 Y18.377 E.0094
G1 X5.623 Y18.377 E2.31427
G1 X5.623 Y5.623 E.50712
G1 X10.377 Y5.623 E.18903
G1 X10.377 Y15.026 E.37388
G1 X10.404 Y15.204 E.00716
G1 X10.587 Y15.481 E.0132
G1 X10.762 Y15.584 E.00807
G1 X10.974 Y15.623 E.00857
G1 X95.11 Y15.623 E3.34541
G1 X95.413 Y15.481 E.01331
G1 X95.596 Y15.204 E.0132
G1 X95.623 Y15.026 E.00716
G1 X95.623 Y5.623 E.37388
G1 X100.377 Y5.623 E.18903
G1 X100.377 Y18.377 E.50712
G1 X71.689 Y18.377 E1.14069
G1 X71.36 Y18.544 E.01467
G1 X71.245 Y18.697 E.00761
G1 X71.177 Y18.974 E.01134
G1 X71.177 Y27.177 E.32617
G1 X64.483 Y27.177 E.26617
M204 T250
G1 X64.025 Y27.575 F21000
M204 T7000
;TYPE:External perimeter
G1 F2999.998
G1 X64.025 Y18.974 E.34199
G1 F3000
G1 X63.964 Y18.831 E.00618
G1 X63.826 Y18.775 E.00592
G1 F2999.998
G1 X5.225 Y18.775 E2.33009
G1 X5.225 Y5.225 E.53877
M73 P33 R10
G1 X10.775 Y5.225 E.22068
G1 X10.775 Y15.026 E.38971
G1 F3000
G1 X10.845 Y15.177 E.00662
G1 X10.974 Y15.225 E.00547
G1 F2999.998
G1 X95.026 Y15.225 E3.34207
G1 F3000
M73 Q33 S12
G1 X95.155 Y15.177 E.00547
G1 X95.225 Y15.026 E.00662
G1 F2999.998
G1 X95.225 Y5.225 E.38971
G1 X100.775 Y5.225 E.22068
G1 X100.775 Y18.775 E.53877
G1 X71.774 Y18.775 E1.15314
G1 F3000
G1 X71.636 Y18.831 E.00592
G1 X71.575 Y18.974 E.00618
G1 F2999.998
G1 X71.575 Y27.575 E.34199
G1 X64.085 Y27.575 E.29782
G1 E-.16 F2700
;WIPE_START
G1 F16800
G1 X64.025 Y27.575 E-.00916
G1 X64.025 Y23.443 E-.63084
;WIPE_END
G1 X65.161 Y24.843 Z1.191 F21000
G1 Z1.16 F720
G1 E.8 F1500
;TYPE:Solid infill
G1 F8400
G1 X65.161 Y26.439 E.06346
G1 X66.721 Y26.439 E.06203
;WIDTH:0.491846
G1 X66.876 Y26.418 E.00687
;WIDTH:0.533693
G1 F7777.044
G1 X67.032 Y26.397 E.00757
;WIDTH:0.575539
G1 F7156.011
G1 X67.187 Y26.377 E.00817
G1 X67.81 Y26.393 E.03259
;WIDTH:0.573347
G1 F7186.069
G1 X68.233 Y26.378 E.02204
;WIDTH:0.60452
G1 F6780.997
G1 X68.657 Y26.362 E.02341
G1 X68.804 Y26.381 E.00818
;WIDTH:0.56589
G1 F7290.249
G1 X68.951 Y26.401 E.00761
;WIDTH:0.52726
G1 F7882.2
G1 X69.098 Y26.42 E.00704
;WIDTH:0.48863
G1 F8400
G1 X69.245 Y26.439 E.00646
;WIDTH:0.449999
G1 X70.439 Y26.439 E.04748
G1 X70.431 Y24.098 E.09308
G1 X70.105 Y24.679 E.02649
G1 X69.767 Y25.064 E.02037
G1 X69.478 Y25.31 E.01509
G1 X69.013 Y25.58 E.02138
;WIDTH:0.48863
G1 X68.912 Y25.638 E.00508
;WIDTH:0.52726
G1 F7882.2
G1 X68.812 Y25.697 E.00551
;WIDTH:0.56589
G1 F7290.249
G1 X68.711 Y25.755 E.00598
;WIDTH:0.60452
G1 F6780.997
G1 X68.61 Y25.813 E.00643
G1 X68.257 Y25.858 E.01964
;WIDTH:0.574398
G1 F7171.633
G1 X67.903 Y25.903 E.01862
;WIDTH:0.575539
G1 F7156.011
G1 X67.215 Y25.854 E.03607
G1 X66.866 Y25.685 E.02028
;WIDTH:0.533693
G1 F7777.044
G1 X66.517 Y25.516 E.01866
;WIDTH:0.491846
G1 F8400
G1 X66.169 Y25.347 E.017
;WIDTH:0.449999
G1 X65.661 Y24.885 E.0273
G1 X65.398 Y24.536 E.01738
G1 X65.165 Y24.12 E.01896
G1 X65.161 Y24.644 E.02084
G1 X65.568 Y25.354 F21000
;WIDTH:0.467176
G1 F8400
G1 X65.983 Y25.709 E.02265
G1 X66.607 Y26.031 E.02912
G1 X65.568 Y26.032 E.04309
G1 X65.568 Y25.553 E.01987
G1 E-.16 F2700
;WIPE_START
G1 F16800
G1 X65.568 Y26.032 E-.07313
G1 X66.607 Y26.031 E-.15863
G1 X65.983 Y25.709 E-.10721
G1 X65.568 Y25.354 E-.08338
;WIPE_END
G1 E-.21765 F2700
G1 X68.982 Y26.031 Z1.221 F21000
G1 Z1.16 F720
G1 E.8 F1500
;WIDTH:0.46919
G1 F8400
G1 X69.218 Y25.933 E.01065
G1 X69.683 Y25.663 E.02241
G1 X70.031 Y25.375 E.01883
G1 X70.031 Y26.031 E.02734
G1 X69.181 Y26.031 E.03543
G1 E-.16 F2700
;WIPE_START
G1 F16800
G1 X70.031 Y26.031 E-.12978
G1 X70.031 Y25.375 E-.10016
G1 X69.683 Y25.663 E-.06897
G1 X69.218 Y25.933 E-.0821
G1 X68.982 Y26.031 E-.03902
;WIPE_END
G1 E-.21997 F2700
G1 X65.413 Y21.44 Z1.261 F21000
G1 Z1.16 F720
G1 E.8 F1500
;WIDTH:0.449999
G1 F8400
G1 X65.161 Y21.881 E.0202
G1 X65.161 Y19.282 E.10334
G1 X65.58 Y19.058 E.01889
G1 X65.925 Y18.956 E.0143
G1 X69.692 Y18.958 E.14978
G1 X70.018 Y19.057 E.01355
G1 X70.439 Y19.282 E.01898
G1 X70.439 Y21.936 E.10553
G1 X70.344 Y21.713 E.00964
G1 X70.073 Y21.279 E.02034
G1 X69.806 Y20.973 E.01615
G1 X69.411 Y20.648 E.02034
G1 X69.03 Y20.428 E.01749
G1 X68.405 Y20.206 E.02637
G1 X67.84 Y20.142 E.02261
G1 X67.22 Y20.209 E.0248
G1 X66.934 Y20.276 E.01168
G1 X66.367 Y20.535 E.02479
G1 X66.03 Y20.765 E.01622
G1 X65.659 Y21.117 E.02033
G1 X65.534 Y21.282 E.00823
G1 X65.559 Y20.66 E.02475
G1 X65.559 Y19.521 E.04529
G1 X65.767 Y19.41 E.00937
G1 X65.961 Y19.355 E.00802
G1 X66.647 Y19.355 E.02728
;WIDTH:0.479895
G1 X67.153 Y19.37 E.02164
G1 X67.958 Y19.354 E.03442
;WIDTH:0.464931
G1 X68.671 Y19.363 E.02941
G1 X69.605 Y19.356 E.03853
;WIDTH:0.449999
G1 X69.83 Y19.408 E.00918
G1 X70.041 Y19.521 E.00952
G1 X70.037 Y20.64 E.04449
G1 X69.663 Y20.339 E.01909
G1 X69.166 Y20.054 E.02278
;WIDTH:0.478686
G1 X68.455 Y19.796 E.03224
G1 X67.798 Y19.748 E.02808
;WIDTH:0.479895
G1 X67.176 Y19.798 E.02667
G1 X66.769 Y19.913 E.01808
;WIDTH:0.449999
G1 X66.202 Y20.173 E.0248
G1 X65.803 Y20.437 E.01902
G1 X65.706 Y20.526 E.00523
G1 X65.978 Y19.734 F21000
;WIDTH:0.521722
G1 F7975.024
G1 X65.937 Y19.776 E.00275
G1 X65.952 Y19.832 E.00272
G1 X66.009 Y19.848 E.00278
G1 X66.05 Y19.806 E.00275
G1 X66.035 Y19.749 E.00277
G1 E-.16 F2700
;WIPE_START
G1 F16800
G1 X66.05 Y19.806 E-.009
G1 X66.009 Y19.848 E-.00896
G1 X65.952 Y19.832 E-.00904
G1 X65.937 Y19.776 E-.00885
G1 X65.978 Y19.734 E-.00896
;WIPE_END
G1 E-.59519 F2700
G1 X69.589 Y19.735 Z1.223 F21000
G1 Z1.16 F720
G1 E.8 F1500
;WIDTH:0.525466
G1 F7912.027
G1 X69.547 Y19.777 E.00281
G1 X69.563 Y19.834 E.0028
G1 X69.62 Y19.85 E.0028
G1 X69.662 Y19.808 E.00281
G1 X69.646 Y19.751 E.0028
G1 E-.16 F2700
;WIPE_START
G1 F16800
G1 X69.662 Y19.808 E-.00904
G1 X69.62 Y19.85 E-.00907
G1 X69.563 Y19.834 E-.00904
G1 X69.547 Y19.777 E-.00904
G1 X69.589 Y19.735 E-.00907
;WIPE_END
G1 E-.59474 F2700
G1 X96.695 Y9.347 Z1.667 F21000
G1 X98.692 Y8.582 Z1.7
G1 X99.639 Y8.218 Z1.714
G1 Z1.16 F720
G1 E.8 F1500
;TYPE:Internal infill
;WIDTH:0.45
G1 F7200
G1 X99.639 Y6.361 E.07384
G1 X99.497 Y6.361 E.00565
G1 X96.361 Y9.497 E.17634
G1 X96.361 Y12.032 E.1008
G1 X99.639 Y15.31 E.18433
G1 X99.639 Y17.639 E.09261
G1 X90.697 Y17.639 E.35555
G1 X89.418 Y16.361 E.07189
G1 X89.497 Y16.361 E.00314
G1 X88.218 Y17.639 E.07189
G1 X79.426 Y17.639 E.34959
G1 X78.147 Y16.361 E.07189
G1 X78.226 Y16.361 E.00314
G1 X76.947 Y17.639 E.07189
G1 X71.542 Y17.659 E.21492
G1 X71.252 Y17.744 E.01202
G1 X70.848 Y18.01 E.01923
G1 X70.592 Y18.352 E.01699
G1 X70.469 Y18.689 E.01426
G1 X70.453 Y18.837 E.00592
G1 X69.996 Y18.606 E.02036
G1 X69.709 Y18.558 E.01157
G1 X69.071 Y18.556 E.02537
G1 X66.876 Y16.361 E.12343
G1 X66.955 Y16.361 E.00314
M73 Q33 S11
G1 X64.989 Y18.326 E.11052
G1 X64.754 Y18.011 E.01563
G1 X64.344 Y17.741 E.01952
G1 X63.84 Y17.639 E.02045
G1 X56.884 Y17.639 E.27658
G1 X55.605 Y16.361 E.07189
G1 X55.684 Y16.361 E.00314
G1 X54.405 Y17.639 E.07189
G1 X45.612 Y17.639 E.34963
G1 X44.334 Y16.361 E.07186
G1 X44.412 Y16.361 E.0031
G1 X43.134 Y17.639 E.07186
G1 X34.341 Y17.639 E.34963
G1 X33.063 Y16.361 E.07186
G1 X33.141 Y16.361 E.0031
G1 X31.863 Y17.639 E.07186
G1 X23.07 Y17.639 E.34963
G1 X21.791 Y16.361 E.07189
G1 X21.87 Y16.361 E.00314
G1 X20.591 Y17.639 E.07189
G1 X11.799 Y17.639 E.34959
G1 X10.343 Y16.183 E.08187
G1 X10.499 Y16.276 E.00722
G1 X10.655 Y16.304 E.0063
G1 X9.32 Y17.639 E.07507
G1 X7.32 Y17.639 E.07952
G1 E-.16 F2700
;WIPE_START
G1 F16800
G1 X9.32 Y17.639 E-.30536
G1 X10.655 Y16.304 E-.28825
G1 X10.499 Y16.276 E-.0242
G1 X10.374 Y16.202 E-.02219
;WIPE_END
G1 X9.639 Y13.665 Z1.206 F21000
G1 Z1.16 F720
G1 E.8 F1500
G1 F7200
G1 X9.639 Y15.032 E.05435
G1 X9.701 Y15.427 E.0159
G1 X9.798 Y15.638 E.00923
G1 X6.361 Y12.201 E.19327
G1 X6.361 Y9.328 E.11424
G1 X9.328 Y6.361 E.16684
G1 X9.639 Y6.361 E.01237
G1 X9.639 Y8.049 E.06712
G1 E-.16 F2700
;WIPE_START
G1 F16800
G1 X9.639 Y6.361 E-.25772
G1 X9.328 Y6.361 E-.04748
G1 X7.777 Y7.911 E-.3348
;WIPE_END
G1 X36.753 Y9.654 Z1.667 F21000
G1 X38.887 Y9.783 Z1.7
G1 X41.022 Y9.911 Z1.726
G1 X43.156 Y10.039 Z1.745
G1 X47.425 Y10.296 Z1.76
G1 X154.426 Y16.733
G1 Z1.16 F720
G1 E.8 F1500
;TYPE:Perimeter
;WIDTH:0.449999
G1 F4200
G1 X154.121 Y16.94 E.01466
G1 X153.726 Y17.022 E.01604
G1 X143.674 Y17.022 E.39969
G1 X143.279 Y16.94 E.01604
G1 X142.97 Y16.73 E.01486
G1 X142.76 Y16.421 E.01486
G1 X142.678 Y16.026 E.01604
G1 X142.678 Y7.974 E.32016
G1 X142.753 Y7.595 E.01536
G1 X143.074 Y7.179 E.02089
M73 P34 R10
G1 X143.537 Y6.978 E.02007
G1 X153.726 Y6.978 E.40513
G1 X154.326 Y7.179 E.02516
G1 X154.647 Y7.595 E.02089
G1 X154.722 Y7.974 E.01536
G1 X154.722 Y16.026 E.32016
G1 X154.64 Y16.421 E.01604
G1 X154.461 Y16.685 E.01268
G1 X154.146 Y16.45 F21000
G1 F3000
G1 X153.963 Y16.574 E.00879
G1 X153.726 Y16.623 E.00962
G1 X143.674 Y16.623 E.39969
G1 X143.437 Y16.574 E.00962
G1 X143.252 Y16.448 E.0089
G1 X143.126 Y16.263 E.0089
G1 X143.077 Y16.026 E.00962
G1 X143.077 Y7.974 E.32016
G1 X143.122 Y7.747 E.0092
G1 X143.314 Y7.497 E.01253
G1 X143.674 Y7.377 E.01509
G1 X153.726 Y7.377 E.39969
G1 X154.086 Y7.497 E.01509
G1 X154.278 Y7.747 E.01253
G1 X154.323 Y7.974 E.0092
G1 X154.323 Y16.026 E.32016
G1 X154.274 Y16.263 E.00962
M73 Q34 S11
G1 X154.18 Y16.402 E.00667
M204 T250
G1 X153.869 Y16.16 F21000
M204 T7000
;TYPE:External perimeter
G1 F3000
G1 X153.867 Y16.167 E.00029
G1 X153.726 Y16.225 E.00606
G1 X143.674 Y16.225 E.39969
G1 X143.533 Y16.167 E.00606
G1 X143.475 Y16.026 E.00606
G1 F2999.998
G1 X143.475 Y7.974 E.32016
G1 F3000
G1 X143.554 Y7.815 E.00706
G1 X143.674 Y7.775 E.00503
G1 F2999.998
G1 X153.726 Y7.775 E.39969
G1 F3000
G1 X153.846 Y7.815 E.00503
G1 X153.925 Y7.974 E.00706
G1 F2999.998
G1 X153.925 Y16.026 E.32016
G1 F3000
G1 X153.892 Y16.105 E.0034
G1 E-.16 F2700
;WIPE_START
G1 F16800
G1 X153.869 Y16.16 E-.0091
G1 X153.867 Y16.167 E-.00111
G1 X153.726 Y16.225 E-.02328
G1 X149.754 Y16.225 E-.60651
;WIPE_END
G1 X140.413 Y7.292 Z1.386 F21000
G1 Z1.16 F720
G1 E.8 F1500
;TYPE:Perimeter
G1 F4200
G1 X140.326 Y7.179 E.00567
G1 X139.726 Y6.978 E.02516
G1 X110.022 Y6.978 E1.18109
G1 X110.022 Y6.022 E.03801
G1 X187.378 Y6.022 E3.07583
G1 X187.378 Y6.978 E.03801
G1 X157.537 Y6.978 E1.18654
G1 X157.074 Y7.179 E.02007
G1 X156.753 Y7.595 E.02089
G1 X156.678 Y7.974 E.01536
G1 X156.678 Y18.978 E.43754
G1 X140.722 Y18.978 E.63444
G1 X140.722 Y7.974 E.43754
G1 X140.647 Y7.595 E.01536
G1 X140.45 Y7.339 E.01284
G1 X140.138 Y7.565 F21000
G1 F4200
G1 X140.086 Y7.497 E.0034
G1 X139.726 Y7.377 E.01509
G1 X109.623 Y7.377 E1.19696
G1 X109.623 Y5.623 E.06974
G1 X187.776 Y5.623 E3.10752
G1 X187.776 Y7.377 E.06974
G1 X157.674 Y7.377 E1.19692
G1 X157.314 Y7.497 E.01509
G1 X157.122 Y7.747 E.01253
G1 X157.077 Y7.974 E.0092
G1 X157.077 Y19.377 E.45341
G1 X140.323 Y19.377 E.66617
G1 X140.323 Y7.974 E.45341
G1 X140.278 Y7.747 E.0092
G1 X140.175 Y7.613 E.00672
M204 T250
G1 X139.86 Y7.845 F21000
M204 T7000
;TYPE:External perimeter
G1 F3000
G1 X139.846 Y7.815 E.00132
G1 X139.726 Y7.775 E.00503
G1 F2999.998
G1 X109.225 Y7.775 E1.21278
G1 X109.225 Y5.225 E.10139
M73 P34 R9
G1 X188.175 Y5.225 E3.13921
G1 X188.175 Y7.775 E.10139
M73 P35 R9
G1 X157.674 Y7.775 E1.21278
G1 F3000
G1 X157.554 Y7.815 E.00503
G1 X157.475 Y7.974 E.00706
G1 F2999.998
G1 X157.475 Y19.775 E.46923
G1 X139.925 Y19.775 E.69782
G1 X139.925 Y7.974 E.46923
G1 F3000
G1 X139.887 Y7.898 E.00338
G1 E-.16 F2700
;WIPE_START
G1 F16800
G1 X139.86 Y7.845 E-.00908
G1 X139.846 Y7.815 E-.00505
G1 X139.726 Y7.775 E-.01931
G1 X135.753 Y7.775 E-.60656
;WIPE_END
G1 X138.053 Y6.639 Z1.205 F21000
G1 Z1.16 F720
G1 E.8 F1500
;TYPE:Internal infill
;WIDTH:0.45
G1 F7200
M73 Q35 S11
G1 X136.053 Y6.639 E.07952
G1 X135.774 Y6.361 E.01566
G1 X133.31 Y6.361 E.09797
G1 X133.032 Y6.639 E.01563
G1 X124.782 Y6.639 E.32804
G1 X124.503 Y6.361 E.01566
G1 X122.039 Y6.361 E.09797
G1 X121.761 Y6.639 E.01563
G1 X113.51 Y6.639 E.32808
G1 X113.232 Y6.361 E.01563
G1 X110.768 Y6.361 E.09797
G1 X110.49 Y6.639 E.01563
G1 X112.49 Y6.639 E.07952
G1 E-.16 F2700
;WIPE_START
G1 F16800
G1 X110.49 Y6.639 E-.30536
G1 X110.768 Y6.361 E-.06003
G1 X112.567 Y6.361 E-.27461
;WIPE_END
G1 X141.595 Y6.581 Z1.667 F21000
G1 X143.733 Y6.597 Z1.7
G1 X145.871 Y6.613 Z1.726
G1 X148.009 Y6.629 Z1.745
G1 X149.324 Y6.639 Z1.753
G1 Z1.16 F720
G1 E.8 F1500
G1 F7200
G1 X147.324 Y6.639 E.07952
G1 X147.045 Y6.361 E.01566
G1 X144.582 Y6.361 E.09793
G1 X144.303 Y6.639 E.01566
G1 X143.433 Y6.66 E.0346
G1 X142.866 Y6.906 E.02458
G1 X142.443 Y7.454 E.02753
G1 X142.366 Y7.705 E.01044
G1 X142.339 Y7.967 E.01047
G1 X142.339 Y8.603 E.02529
G1 X141.061 Y9.882 E.07189
G1 X141.061 Y11.647 E.07018
G1 X142.339 Y12.926 E.07189
G1 X142.339 Y14.926 E.07952
G1 E-.16 F2700
;WIPE_START
G1 F16800
G1 X142.339 Y12.926 E-.30536
G1 X141.061 Y11.647 E-.27605
G1 X141.061 Y11.263 E-.05859
;WIPE_END
G1 X141.574 Y18.639 Z1.289 F21000
G1 Z1.16 F720
G1 E.8 F1500
G1 F7200
G1 X143.574 Y18.639 E.07952
G1 X144.853 Y17.361 E.07189
G1 X146.774 Y17.361 E.07638
G1 X148.053 Y18.639 E.07189
G1 X154.845 Y18.639 E.27006
G1 X156.339 Y17.145 E.08401
G1 X156.339 Y15.655 E.05925
G1 X155.061 Y14.376 E.07189
G1 X155.061 Y7.967 E.25483
G1 X155.034 Y7.705 E.01047
G1 X154.957 Y7.454 E.01044
G1 X154.871 Y7.342 E.00561
G1 X155.853 Y6.361 E.05519
G1 X158.316 Y6.361 E.09793
G1 X158.595 Y6.639 E.01566
G1 X166.845 Y6.639 E.32804
G1 X167.124 Y6.361 E.01566
G1 X169.588 Y6.361 E.09797
G1 X169.866 Y6.639 E.01563
G1 X178.116 Y6.639 E.32804
G1 X178.395 Y6.361 E.01566
G1 X180.859 Y6.361 E.09797
G1 X181.137 Y6.639 E.01563
G1 X183.137 Y6.639 E.07952
G1 E-.16 F2700
;WIPE_START
G1 F16800
G1 X181.137 Y6.639 E-.30536
G1 X180.859 Y6.361 E-.06003
G1 X179.06 Y6.361 E-.27461
;WIPE_END
G1 X207.035 Y14.112 Z1.667 F21000
G1 X209.095 Y14.682 Z1.7
G1 X211.156 Y15.253 Z1.726
G1 X213.216 Y15.824 Z1.745
G1 X213.65 Y15.944 Z1.748
G1 Z1.16 F720
G1 E.8 F1500
;TYPE:Perimeter
;WIDTH:0.449999
G1 F4200
G1 X213.642 Y15.955 E.00054
G1 X213.311 Y16.123 E.01476
G1 X202.174 Y16.123 E.44283
G1 X201.942 Y16.076 E.00941
G1 X201.758 Y15.955 E.00876
G1 X201.577 Y15.639 E.01448
G1 X201.577 Y6.474 E.36442
G1 X201.696 Y6.116 E.015
G1 X201.892 Y6.014 E.00879
;WIDTH:0.413628
G1 X202.088 Y5.913 E.00797
;WIDTH:0.377257
G1 X213.226 Y5.913 E.36203
;WIDTH:0.413628
G1 X213.465 Y6.014 E.00938
;WIDTH:0.449999
G1 X213.704 Y6.116 E.01033
G1 X213.823 Y6.474 E.015
G1 X213.823 Y15.526 E.35993
G1 X213.756 Y15.801 E.01125
G1 X213.686 Y15.896 E.00469
M204 T250
G1 X213.368 Y15.66 F21000
M204 T7000
;TYPE:External perimeter
G1 F3000
G1 X213.364 Y15.669 E.00039
G1 X213.226 Y15.725 E.00592
G1 F2999.998
G1 X202.174 Y15.725 E.43945
G1 F3000
G1 X202.036 Y15.669 E.00592
G1 X201.975 Y15.526 E.00618
G1 F2999.998
G1 X201.975 Y6.474 E.35993
G1 F3000
G1 X202.015 Y6.355 E.00499
G1 X202.174 Y6.275 E.00708
G1 F2999.998
G1 X213.226 Y6.275 E.43945
G1 F3000
G1 X213.385 Y6.355 E.00708
G1 X213.425 Y6.474 E.00499
G1 X213.425 Y15.526 E.35993
G1 X213.392 Y15.605 E.0034
G1 E-.16 F2700
;WIPE_START
G1 F16800
G1 X213.368 Y15.66 E-.00916
G1 X213.364 Y15.669 E-.0015
G1 X213.226 Y15.725 E-.02274
G1 X209.253 Y15.725 E-.6066
;WIPE_END
G1 X197.422 Y18.978 Z1.374 F21000
G1 Z1.16 F720
G1 E.8 F1500
;TYPE:Perimeter
G1 F4200
G1 X197.422 Y6.022 E.51516
G1 X201.329 Y6.022 E.15535
G1 X201.178 Y6.474 E.01895
G1 X201.178 Y15.654 E.36502
G1 X201.29 Y15.985 E.01389
G1 X201.481 Y16.241 E.0127
G1 X201.787 Y16.443 E.01458
G1 X202.174 Y16.522 E.01571
G1 X213.226 Y16.522 E.43945
G1 X213.613 Y16.443 E.01571
G1 X213.919 Y16.241 E.01458
G1 X214.11 Y15.985 E.0127
G1 X214.193 Y15.765 E.00935
G1 X214.222 Y15.526 E.00957
G1 X214.222 Y6.474 E.35993
G1 X214.071 Y6.022 E.01895
G1 X217.978 Y6.022 E.15535
G1 X217.978 Y18.978 E.51516
G1 X197.482 Y18.978 E.81496
G1 X197.023 Y19.377 F21000
G1 F4200
G1 X197.023 Y5.623 E.54689
G1 X201.45 Y5.623 E.17603
G1 X201.812 Y5.605 E.01441
;WIDTH:0.413628
G1 X202.174 Y5.587 E.0131
;WIDTH:0.377257
G1 X213.226 Y5.587 E.35923
;WIDTH:0.413628
G1 X213.588 Y5.605 E.0131
;WIDTH:0.449999
G1 X213.95 Y5.623 E.01441
G1 X218.377 Y5.623 E.17603
G1 X218.377 Y19.377 E.54689
G1 X197.083 Y19.377 E.84669
M204 T250
G1 X196.625 Y19.775 F21000
M204 T7000
;TYPE:External perimeter
G1 F2999.998
G1 X196.625 Y5.225 E.57854
G1 X218.775 Y5.225 E.88073
G1 X218.775 Y19.775 E.57854
M73 P36 R9
G1 X196.685 Y19.775 E.87834
G1 E-.16 F2700
;WIPE_START
G1 F16800
G1 X196.625 Y19.775 E-.00916
G1 X196.625 Y15.643 E-.63084
;WIPE_END
G1 X217.072 Y6.18 Z1.553 F21000
G1 Z1.16 F720
G1 E.8 F1500
;TYPE:Top solid infill
;WIDTH:0.421379
G1 F4800
G1 X217.82 Y6.928 E.03904
G1 X217.82 Y7.451 F21000
G1 F4800
G1 X216.549 Y6.18 E.06634
G1 X216.026 Y6.18 F21000
G1 F4800
G1 X217.82 Y7.974 E.09363
G1 X217.82 Y8.497 F21000
G1 F4800
G1 X215.503 Y6.18 E.12093
G1 X214.98 Y6.18 F21000
G1 F4800
G1 X217.82 Y9.02 E.14823
G1 X217.82 Y9.543 F21000
G1 F4800
G1 X214.457 Y6.18 E.17553
G1 X214.38 Y6.626 F21000
G1 F4800
G1 X217.82 Y10.066 E.17955
G1 X217.82 Y10.589 F21000
G1 F4800
G1 X214.38 Y7.149 E.17955
G1 X214.38 Y7.672 F21000
M73 Q36 S11
G1 F4800
G1 X217.82 Y11.112 E.17955
G1 X217.82 Y11.635 F21000
G1 F4800
G1 X214.38 Y8.195 E.17955
G1 X214.38 Y8.718 F21000
G1 F4800
G1 X217.82 Y12.159 E.17957
G1 X217.82 Y12.682 F21000
G1 F4800
G1 X214.38 Y9.241 E.17957
G1 X214.38 Y9.764 F21000
G1 F4800
G1 X217.82 Y13.205 E.17957
G1 X217.82 Y13.728 F21000
G1 F4800
G1 X214.38 Y10.288 E.17955
G1 X214.38 Y10.811 F21000
G1 F4800
G1 X217.82 Y14.251 E.17955
G1 X217.82 Y14.774 F21000
G1 F4800
G1 X214.38 Y11.334 E.17955
G1 X214.38 Y11.857 F21000
G1 F4800
G1 X217.82 Y15.297 E.17955
G1 X217.82 Y15.82 F21000
G1 F4800
G1 X214.38 Y12.38 E.17955
G1 X214.38 Y12.903 F21000
G1 F4800
G1 X217.82 Y16.343 E.17955
G1 X217.82 Y16.866 F21000
G1 F4800
G1 X214.38 Y13.426 E.17955
G1 X214.38 Y13.949 F21000
G1 F4800
G1 X217.82 Y17.389 E.17955
G1 X217.82 Y17.912 F21000
G1 F4800
G1 X214.38 Y14.472 E.17955
G1 X214.38 Y14.995 F21000
G1 F4800
G1 X217.82 Y18.436 E.17957
G1 X217.682 Y18.82 F21000
G1 F4800
G1 X214.38 Y15.518 E.17234
G1 X214.29 Y15.951 F21000
G1 F4800
G1 X217.159 Y18.82 E.14974
G1 X216.635 Y18.82 F21000
G1 F4800
G1 X214.089 Y16.273 E.13291
G1 X213.798 Y16.506 F21000
G1 F4800
G1 X216.112 Y18.82 E.12078
G1 X215.589 Y18.82 F21000
G1 F4800
G1 X213.43 Y16.661 E.11269
G1 X212.926 Y16.68 F21000
G1 F4800
G1 X215.066 Y18.82 E.11169
G1 X214.543 Y18.82 F21000
G1 F4800
G1 X212.403 Y16.68 E.11169
G1 X211.88 Y16.68 F21000
G1 F4800
G1 X214.02 Y18.82 E.11169
G1 X213.497 Y18.82 F21000
G1 F4800
G1 X211.357 Y16.68 E.11169
G1 X210.834 Y16.68 F21000
G1 F4800
G1 X212.974 Y18.82 E.11169
G1 X212.451 Y18.82 F21000
G1 F4800
G1 X210.311 Y16.68 E.11169
G1 X209.787 Y16.68 F21000
G1 F4800
G1 X211.928 Y18.82 E.11172
G1 X211.405 Y18.82 F21000
G1 F4800
G1 X209.264 Y16.68 E.11172
G1 X208.741 Y16.68 F21000
G1 F4800
G1 X210.882 Y18.82 E.11172
G1 X210.358 Y18.82 F21000
G1 F4800
G1 X208.218 Y16.68 E.11169
G1 X207.695 Y16.68 F21000
G1 F4800
G1 X209.835 Y18.82 E.11169
G1 X209.312 Y18.82 F21000
G1 F4800
G1 X207.172 Y16.68 E.11169
G1 X206.649 Y16.68 F21000
G1 F4800
G1 X208.789 Y18.82 E.11169
G1 X208.266 Y18.82 F21000
G1 F4800
G1 X206.126 Y16.68 E.11169
G1 X205.603 Y16.68 F21000
G1 F4800
G1 X207.743 Y18.82 E.11169
G1 X207.22 Y18.82 F21000
G1 F4800
G1 X205.08 Y16.68 E.11169
G1 X204.557 Y16.68 F21000
G1 F4800
G1 X206.697 Y18.82 E.11169
G1 X206.174 Y18.82 F21000
G1 F4800
G1 X204.034 Y16.68 E.11169
G1 X203.51 Y16.68 F21000
G1 F4800
G1 X205.651 Y18.82 E.11172
G1 X205.128 Y18.82 F21000
G1 F4800
G1 X202.987 Y16.68 E.11172
G1 X202.464 Y16.68 F21000
G1 F4800
G1 X204.605 Y18.82 E.11172
G1 X204.081 Y18.82 F21000
G1 F4800
G1 X201.881 Y16.62 E.11483
G1 E-.16 F2700
;WIPE_START
G1 F16800
G1 X204.081 Y18.82 E-.47502
;WIPE_END
G1 E-.16498 F2700
G1 X200.334 Y6.18 Z1.39 F21000
G1 Z1.16 F720
G1 E.8 F1500
G1 F4800
G1 X201.02 Y6.866 E.0358
G1 X201.02 Y7.389 F21000
G1 F4800
G1 X199.811 Y6.18 E.0631
G1 X199.287 Y6.18 F21000
G1 F4800
G1 X201.02 Y7.913 E.09045
G1 X201.02 Y8.436 F21000
G1 F4800
G1 X198.764 Y6.18 E.11775
G1 X198.241 Y6.18 F21000
G1 F4800
G1 X201.02 Y8.959 E.14505
G1 X201.02 Y9.482 F21000
G1 F4800
G1 X197.718 Y6.18 E.17234
G1 X197.58 Y6.565 F21000
G1 F4800
G1 X201.02 Y10.005 E.17955
G1 X201.02 Y10.528 F21000
G1 F4800
G1 X197.58 Y7.088 E.17955
G1 X197.58 Y7.611 F21000
G1 F4800
G1 X201.02 Y11.051 E.17955
G1 X201.02 Y11.574 F21000
G1 F4800
G1 X197.58 Y8.134 E.17955
G1 X197.58 Y8.657 F21000
G1 F4800
G1 X201.02 Y12.097 E.17955
G1 X201.02 Y12.62 F21000
G1 F4800
G1 X197.58 Y9.18 E.17955
G1 X197.58 Y9.703 F21000
G1 F4800
G1 X201.02 Y13.143 E.17955
G1 X201.02 Y13.666 F21000
G1 F4800
G1 X197.58 Y10.226 E.17955
G1 X197.58 Y10.749 F21000
G1 F4800
G1 X201.02 Y14.19 E.17957
G1 X201.02 Y14.713 F21000
G1 F4800
G1 X197.58 Y11.272 E.17957
G1 X197.58 Y11.795 F21000
G1 F4800
G1 X201.02 Y15.236 E.17957
G1 X201.053 Y15.791 F21000
G1 F4800
G1 X197.58 Y12.318 E.18127
G1 X197.58 Y12.842 F21000
G1 F4800
G1 X203.558 Y18.82 E.31201
G1 X203.035 Y18.82 F21000
G1 F4800
G1 X197.58 Y13.365 E.28471
G1 X197.58 Y13.888 F21000
G1 F4800
G1 X202.512 Y18.82 E.25742
G1 X201.989 Y18.82 F21000
G1 F4800
G1 X197.58 Y14.411 E.23012
G1 X197.58 Y14.934 F21000
G1 F4800
G1 X201.466 Y18.82 E.20282
G1 X200.943 Y18.82 F21000
G1 F4800
G1 X197.58 Y15.457 E.17553
G1 X197.58 Y15.98 F21000
G1 F4800
G1 X200.42 Y18.82 E.14823
G1 X199.897 Y18.82 F21000
G1 F4800
G1 X197.58 Y16.503 E.12093
G1 X197.58 Y17.026 F21000
G1 F4800
G1 X199.374 Y18.82 E.09363
G1 X198.851 Y18.82 F21000
G1 F4800
G1 X197.58 Y17.549 E.06634
G1 X197.58 Y18.072 F21000
G1 F4800
G1 X198.328 Y18.82 E.03904
M106 S226.95
;LAYER_CHANGE
;Z:1.4
;HEIGHT:0.24
;BEFORE_LAYER_CHANGE
G92 E0.0
;1.4


G1 E-.16 F2700
;WIPE_START
G1 F16800
G1 X197.58 Y18.072 E-.16151
;WIPE_END
G1 E-.47849 F2700
G1 X197.58 Y18.072 Z1.16 F21000
G1 X168.557 Y18.615 Z1.667
G1 X166.419 Y18.655 Z1.7
G1 X164.281 Y18.695 Z1.726
G1 X162.143 Y18.735 Z1.745
G1 X157.867 Y18.815 Z1.76
G1 X67.901 Y20.497 Z1.76
;AFTER_LAYER_CHANGE
;1.4
G1 Z1.4 F720
G1 E.8 F1500
;TYPE:Perimeter
;WIDTH:0.449999
G1 F3000
G1 X68.254 Y20.52 E.01407
G1 X68.916 Y20.747 E.02783
G1 X69.193 Y20.907 E.01272
G1 X69.573 Y21.217 E.0195
G1 X69.785 Y21.456 E.0127
G1 X70.046 Y21.87 E.01946
;WIDTH:0.499281
G1 X70.312 Y22.633 E.0361
G1 X70.33 Y22.959 E.01459
;WIDTH:0.510333
G1 X70.292 Y23.543 E.02679
G1 X70.149 Y23.874 E.01651
;WIDTH:0.480166
G1 X70.006 Y24.206 E.01546
;WIDTH:0.449999
G1 X69.835 Y24.476 E.01271
G1 X69.305 Y25.019 E.03017
G1 X68.839 Y25.289 E.02141
G1 X68.54 Y25.403 E.01272
G1 X68.034 Y25.506 E.02053
G1 X67.741 Y25.514 E.01165
G1 X67.255 Y25.455 E.01947
G1 X66.948 Y25.366 E.01271
G1 X66.342 Y25.057 E.02705
G1 X65.89 Y24.635 E.02459
G1 X65.698 Y24.38 E.01269
;WIDTH:0.488778
G1 X65.516 Y24.021 E.01756
;WIDTH:0.527556
G1 X65.333 Y23.662 E.01914
G1 X65.273 Y23.163 E.02387
;WIDTH:0.486705
G1 X65.273 Y22.837 E.01416
;WIDTH:0.526272
G1 X65.332 Y22.35 E.02324
G1 X65.515 Y21.985 E.01934
;WIDTH:0.488136
G1 X65.698 Y21.62 E.01779
;WIDTH:0.449999
G1 X65.89 Y21.365 E.01269
G1 X66.243 Y21.026 E.01946
G1 X66.506 Y20.844 E.01272
G1 X67.061 Y20.589 E.02429
G1 X67.742 Y20.486 E.02739
G1 X67.841 Y20.493 E.00395
G1 X67.885 Y20.891 F21000
G1 F3000
G1 X68.251 Y20.925 E.01462
G1 X68.775 Y21.12 E.02223
G1 X69.32 Y21.525 E.027
G1 X69.709 Y22.083 E.02705
G1 X69.901 Y22.734 E.02699
G1 X69.877 Y23.413 E.02702
G1 X69.64 Y24.05 E.02702
G1 X69.212 Y24.578 E.02703
G1 X68.64 Y24.944 E.027
G1 X67.981 Y25.11 E.02702
G1 X67.303 Y25.059 E.02703
G1 X66.677 Y24.796 E.027
G1 X66.166 Y24.348 E.02702
G1 X65.823 Y23.761 E.02703
G1 X65.684 Y23.096 E.02701
G1 X65.763 Y22.42 E.02706
G1 X66.051 Y21.805 E.027
G1 X66.519 Y21.313 E.027
G1 X67.12 Y20.994 E.02705
G1 X67.79 Y20.882 E.02701
G1 X67.825 Y20.885 E.0014
M204 T250
G1 X67.869 Y21.282 F21000
M204 T7000
;TYPE:External perimeter
G1 F2998.277
G1 X68.178 Y21.319 E.01237
G1 X68.689 Y21.524 E.02189
G1 X69.111 Y21.882 E.022
G1 X69.397 Y22.354 E.02194
G1 X69.52 Y22.877 E.02136
G1 X69.48 Y23.381 E.0201
G1 X69.273 Y23.894 E.022
G1 X68.914 Y24.314 E.02197
G1 X68.441 Y24.599 E.02196
G1 X67.901 Y24.72 E.022
G1 X67.351 Y24.663 E.02199
G1 X66.848 Y24.436 E.02194
G1 X66.442 Y24.06 E.022
G1 X66.176 Y23.576 E.02196
G1 X66.078 Y23.032 E.02198
G1 X66.156 Y22.484 E.02201
G1 X66.404 Y21.991 E.02194
G1 X66.795 Y21.601 E.02196
G1 X67.29 Y21.354 E.022
G1 X67.81 Y21.281 E.02088
G1 E-.16 F2700
;WIPE_START
G1 F16800
G1 X67.869 Y21.282 E-.00901
G1 X68.178 Y21.319 E-.04751
G1 X68.689 Y21.524 E-.08406
G1 X69.111 Y21.882 E-.08449
G1 X69.397 Y22.354 E-.08426
G1 X69.52 Y22.877 E-.08203
G1 X69.48 Y23.381 E-.07719
G1 X69.273 Y23.894 E-.08446
G1 X68.914 Y24.314 E-.08436
G1 X68.899 Y24.323 E-.00263
;WIPE_END
G1 X64.822 Y26.778 Z1.483 F21000
G1 Z1.4 F720
G1 E.8 F1500
;TYPE:Perimeter
G1 F4200
G1 X64.822 Y24.596 E.08676
;WIDTH:0.488108
G1 X64.841 Y24.141 E.01984
;WIDTH:0.526216
G1 X64.86 Y23.687 E.02152
G1 X64.836 Y23 E.03256
G1 X64.86 Y22.312 E.03261
G1 X64.841 Y22.103 E.00994
;WIDTH:0.488136
G1 X64.822 Y21.893 E.00919
;WIDTH:0.449999
G1 X64.816 Y18.866 E.12036
G1 X64.709 Y18.513 E.01467
G1 X64.518 Y18.258 E.01267
G1 X64.213 Y18.056 E.01455
G1 X63.826 Y17.978 E.0157
G1 X6.022 Y17.978 E2.2984
G1 X6.022 Y6.022 E.47539
M73 P37 R9
G1 X9.978 Y6.022 E.1573
M73 Q37 S11
G1 X9.978 Y15.159 E.36331
G1 X10.131 Y15.557 E.01695
G1 X10.329 Y15.784 E.01198
G1 X10.62 Y15.957 E.01346
G1 X10.974 Y16.022 E.01431
G1 X95.026 Y16.022 E3.34207
G1 X95.38 Y15.957 E.01431
G1 X95.671 Y15.784 E.01346
G1 X95.869 Y15.557 E.01198
G1 X95.977 Y15.322 E.01028
G1 X96.022 Y15.026 E.0119
G1 X96.022 Y6.022 E.35802
G1 X99.978 Y6.022 E.1573
G1 X99.978 Y17.978 E.47539
G1 X71.774 Y17.978 E1.12145
G1 X71.388 Y18.056 E.01566
G1 X71.083 Y18.257 E.01452
G1 X70.892 Y18.512 E.01267
G1 X70.801 Y18.763 E.01062
G1 X70.778 Y18.974 E.00844
G1 X70.778 Y22.09 E.1239
;WIDTH:0.483188
G1 X70.761 Y22.976 E.03817
;WIDTH:0.510333
G1 X70.748 Y23.582 E.02775
G1 X70.763 Y23.973 E.01791
;WIDTH:0.480166
G1 X70.778 Y24.364 E.01674
;WIDTH:0.449999
G1 X70.778 Y26.778 E.09599
G1 X64.882 Y26.778 E.23444
G1 X64.423 Y27.177 F21000
G1 F4200
G1 X64.423 Y18.974 E.32617
G1 X64.356 Y18.698 E.01129
G1 X64.241 Y18.544 E.00764
G1 X64.058 Y18.423 E.00872
G1 X63.826 Y18.377 E.0094
G1 X5.623 Y18.377 E2.31427
G1 X5.623 Y5.623 E.50712
G1 X10.377 Y5.623 E.18903
G1 X10.377 Y15.026 E.37388
G1 X10.404 Y15.204 E.00716
G1 X10.587 Y15.481 E.0132
G1 X10.762 Y15.584 E.00807
G1 X10.974 Y15.623 E.00857
G1 X95.11 Y15.623 E3.34541
G1 X95.413 Y15.481 E.01331
G1 X95.596 Y15.204 E.0132
G1 X95.623 Y15.026 E.00716
G1 X95.623 Y5.623 E.37388
G1 X100.377 Y5.623 E.18903
G1 X100.377 Y18.377 E.50712
G1 X71.689 Y18.377 E1.14069
G1 X71.36 Y18.544 E.01467
G1 X71.245 Y18.697 E.00761
G1 X71.177 Y18.974 E.01134
G1 X71.177 Y27.177 E.32617
G1 X64.483 Y27.177 E.26617
M204 T250
G1 X64.025 Y27.575 F21000
M204 T7000
;TYPE:External perimeter
G1 F2999.998
G1 X64.025 Y18.974 E.34199
G1 F3000
G1 X63.964 Y18.831 E.00618
G1 X63.826 Y18.775 E.00592
G1 F2999.998
G1 X5.225 Y18.775 E2.33009
G1 X5.225 Y5.225 E.53877
G1 X10.775 Y5.225 E.22068
G1 X10.775 Y15.026 E.38971
G1 F3000
G1 X10.845 Y15.177 E.00662
G1 X10.974 Y15.225 E.00547
G1 F2999.998
G1 X95.026 Y15.225 E3.34207
G1 F3000
M73 P38 R9
G1 X95.155 Y15.177 E.00547
G1 X95.225 Y15.026 E.00662
G1 F2999.998
G1 X95.225 Y5.225 E.38971
G1 X100.775 Y5.225 E.22068
G1 X100.775 Y18.775 E.53877
G1 X71.774 Y18.775 E1.15314
M73 Q38 S11
G1 F3000
G1 X71.636 Y18.831 E.00592
G1 X71.575 Y18.974 E.00618
G1 F2999.998
G1 X71.575 Y27.575 E.34199
G1 X64.085 Y27.575 E.29782
G1 E-.16 F2700
;WIPE_START
G1 F16800
G1 X64.025 Y27.575 E-.00916
G1 X64.025 Y23.443 E-.63084
;WIPE_END
G1 X65.165 Y24.12 Z1.423 F21000
G1 Z1.4 F720
G1 E.8 F1500
;TYPE:Solid infill
G1 F8400
G1 X65.398 Y24.536 E.01896
G1 X65.661 Y24.885 E.01738
G1 X66.169 Y25.347 E.0273
;WIDTH:0.491846
G1 X66.517 Y25.516 E.017
;WIDTH:0.533693
G1 F7777.034
G1 X66.866 Y25.685 E.01866
;WIDTH:0.57554
G1 F7155.997
G1 X67.215 Y25.854 E.02028
G1 X67.903 Y25.903 E.03607
;WIDTH:0.574398
G1 F7171.626
G1 X68.257 Y25.858 E.01862
;WIDTH:0.604521
G1 F6780.985
G1 X68.61 Y25.813 E.01964
G1 X68.711 Y25.755 E.00643
;WIDTH:0.565891
G1 F7290.238
G1 X68.812 Y25.697 E.00598
;WIDTH:0.52726
G1 F7882.192
G1 X68.912 Y25.638 E.00551
;WIDTH:0.48863
G1 F8400
G1 X69.013 Y25.58 E.00508
;WIDTH:0.449999
G1 X69.478 Y25.31 E.02138
G1 X69.767 Y25.064 E.01509
G1 X70.105 Y24.679 E.02037
G1 X70.431 Y24.098 E.02649
G1 X70.439 Y26.439 E.09308
G1 X69.245 Y26.439 E.04748
;WIDTH:0.48863
G1 X69.098 Y26.42 E.00646
;WIDTH:0.52726
G1 F7882.192
G1 X68.951 Y26.401 E.00704
;WIDTH:0.565891
G1 F7290.238
G1 X68.804 Y26.381 E.00761
;WIDTH:0.604521
G1 F6780.985
G1 X68.657 Y26.362 E.00818
G1 X68.233 Y26.378 E.02341
;WIDTH:0.573347
G1 F7186.069
G1 X67.81 Y26.393 E.02204
;WIDTH:0.57554
G1 F7155.997
G1 X67.187 Y26.377 E.03259
G1 X67.032 Y26.397 E.00817
;WIDTH:0.533693
G1 F7777.034
G1 X66.876 Y26.418 E.00757
;WIDTH:0.491846
G1 F8400
G1 X66.721 Y26.439 E.00687
;WIDTH:0.449999
G1 X65.161 Y26.439 E.06203
G1 X65.163 Y24.319 E.0843
G1 X65.568 Y25.354 F21000
;WIDTH:0.467175
G1 F8400
G1 X65.983 Y25.709 E.02265
G1 X66.607 Y26.031 E.02912
G1 X65.568 Y26.032 E.04309
G1 X65.568 Y25.553 E.01987
G1 E-.16 F2700
;WIPE_START
G1 F16800
G1 X65.568 Y26.032 E-.07313
G1 X66.607 Y26.031 E-.15863
G1 X65.983 Y25.709 E-.10721
G1 X65.568 Y25.354 E-.08338
;WIPE_END
G1 E-.21765 F2700
G1 X69.878 Y25.502 Z1.475 F21000
G1 Z1.4 F720
G1 E.8 F1500
;WIDTH:0.469191
G1 F8400
G1 X69.683 Y25.663 E.01054
G1 X69.218 Y25.933 E.02241
G1 X68.982 Y26.031 E.01065
G1 X70.031 Y26.031 E.04372
G1 X70.031 Y25.375 E.02734
G1 E-.16 F2700
;WIPE_START
G1 F16800
G1 X70.031 Y26.031 E-.10016
G1 X68.982 Y26.031 E-.16016
G1 X69.218 Y25.933 E-.03902
G1 X69.683 Y25.663 E-.0821
G1 X69.878 Y25.502 E-.03861
;WIPE_END
G1 E-.21995 F2700
G1 X69.26 Y18.958 Z1.515 F21000
G1 Z1.4 F720
G1 E.8 F1500
;WIDTH:0.449999
G1 F8400
G1 X65.925 Y18.956 E.13261
G1 X65.58 Y19.058 E.0143
G1 X65.161 Y19.282 E.01889
G1 X65.161 Y21.881 E.10334
G1 X65.413 Y21.44 E.0202
G1 X65.659 Y21.117 E.01614
G1 X66.03 Y20.765 E.02033
G1 X66.368 Y20.535 E.01626
G1 X66.935 Y20.276 E.02479
G1 X67.221 Y20.208 E.01169
G1 X67.84 Y20.142 E.02475
G1 X68.405 Y20.206 E.02261
G1 X69.03 Y20.428 E.02637
G1 X69.411 Y20.648 E.01749
G1 X69.806 Y20.974 E.02036
G1 X70.073 Y21.279 E.01612
G1 X70.344 Y21.713 E.02034
G1 X70.439 Y21.936 E.00964
G1 X70.439 Y19.282 E.10553
G1 X69.912 Y19.001 E.02375
G1 X69.459 Y18.958 E.01809
G1 E-.16 F2700
;WIPE_START
G1 F16800
G1 X69.912 Y19.001 E-.06947
G1 X70.439 Y19.282 E-.09119
G1 X70.439 Y21.936 E-.40521
G1 X70.344 Y21.713 E-.03701
G1 X70.215 Y21.507 E-.03712
;WIPE_END
G1 X67.958 Y19.354 Z1.454 F21000
G1 Z1.4 F720
G1 E.8 F1500
;WIDTH:0.464931
G1 F8400
G1 X69.694 Y19.364 E.07161
;WIDTH:0.449999
G1 X70.041 Y19.521 E.01514
G1 X70.037 Y20.64 E.04449
G1 X69.663 Y20.339 E.01909
G1 X69.166 Y20.054 E.02278
;WIDTH:0.478686
G1 X68.455 Y19.796 E.03224
G1 X67.798 Y19.748 E.02808
;WIDTH:0.479799
G1 X67.176 Y19.797 E.02666
G1 X66.769 Y19.913 E.01809
;WIDTH:0.449999
G1 X66.202 Y20.173 E.0248
G1 X65.803 Y20.437 E.01902
G1 X65.559 Y20.66 E.01314
G1 X65.559 Y19.521 E.04529
G1 X65.767 Y19.41 E.00937
G1 X65.961 Y19.355 E.00802
G1 X66.647 Y19.355 E.02728
;WIDTH:0.479799
G1 X67.154 Y19.37 E.02168
G1 X67.759 Y19.358 E.02586
G1 E-.16 F2700
;WIPE_START
G1 F16800
G1 X67.154 Y19.37 E-.09239
G1 X66.647 Y19.355 E-.07744
G1 X65.961 Y19.355 E-.10474
G1 X65.767 Y19.41 E-.03079
G1 X65.559 Y19.521 E-.036
G1 X65.559 Y20.66 E-.1739
G1 X65.803 Y20.437 E-.05047
G1 X66.202 Y20.173 E-.07305
G1 X66.209 Y20.17 E-.00122
;WIPE_END
G1 X66.05 Y19.776 Z1.407 F21000
G1 Z1.4 F720
G1 E.8 F1500
;WIDTH:0.521728
G1 F7974.923
G1 X66.009 Y19.734 E.00275
G1 X65.952 Y19.749 E.00277
G1 X65.937 Y19.806 E.00277
G1 X65.978 Y19.848 E.00275
G1 X66.035 Y19.832 E.00278
G1 E-.16 F2700
;WIPE_START
G1 F16800
G1 X65.978 Y19.848 E-.00904
G1 X65.937 Y19.806 E-.00896
G1 X65.952 Y19.749 E-.009
G1 X66.009 Y19.734 E-.009
G1 X66.05 Y19.776 E-.00896
;WIPE_END
G1 E-.59504 F2700
G1 X69.646 Y19.834 Z1.463 F21000
G1 Z1.4 F720
G1 E.8 F1500
;WIDTH:0.525468
G1 F7911.993
G1 X69.589 Y19.85 E.0028
G1 X69.547 Y19.808 E.00281
G1 X69.563 Y19.751 E.0028
G1 X69.62 Y19.735 E.0028
G1 X69.662 Y19.777 E.00281
G1 E-.16 F2700
;WIPE_START
G1 F16800
G1 X69.62 Y19.735 E-.00907
G1 X69.563 Y19.751 E-.00904
G1 X69.547 Y19.808 E-.00904
G1 X69.589 Y19.85 E-.00907
G1 X69.646 Y19.834 E-.00904
;WIPE_END
G1 E-.59474 F2700
G1 X96.715 Y9.351 Z1.907 F21000
G1 X98.709 Y8.579 Z1.94
G1 X99.639 Y8.218 Z1.953
G1 Z1.4 F720
G1 E.8 F1500
;TYPE:Internal infill
;WIDTH:0.45
G1 F7200
G1 X99.639 Y6.361 E.07384
G1 X99.497 Y6.361 E.00565
G1 X96.361 Y9.497 E.17634
G1 X96.361 Y12.032 E.1008
G1 X99.639 Y15.31 E.18433
G1 X99.639 Y17.639 E.09261
G1 X90.697 Y17.639 E.35555
G1 X89.418 Y16.361 E.07189
G1 X89.497 Y16.361 E.00314
G1 X88.218 Y17.639 E.07189
G1 X79.426 Y17.639 E.34959
G1 X78.147 Y16.361 E.07189
G1 X78.226 Y16.361 E.00314
G1 X76.947 Y17.639 E.07189
G1 X71.542 Y17.659 E.21492
G1 X71.252 Y17.744 E.01202
G1 X70.848 Y18.01 E.01923
G1 X70.592 Y18.352 E.01699
G1 X70.469 Y18.689 E.01426
G1 X70.453 Y18.837 E.00592
G1 X69.996 Y18.606 E.02036
G1 X69.709 Y18.558 E.01157
G1 X69.071 Y18.556 E.02537
G1 X66.876 Y16.361 E.12343
G1 X66.955 Y16.361 E.00314
G1 X64.989 Y18.326 E.11052
G1 X64.754 Y18.011 E.01563
G1 X64.344 Y17.741 E.01952
G1 X63.84 Y17.639 E.02045
G1 X56.884 Y17.639 E.27658
G1 X55.605 Y16.361 E.07189
G1 X55.684 Y16.361 E.00314
G1 X54.405 Y17.639 E.07189
G1 X45.612 Y17.639 E.34963
G1 X44.334 Y16.361 E.07186
G1 X44.412 Y16.361 E.0031
G1 X43.134 Y17.639 E.07186
G1 X34.341 Y17.639 E.34963
G1 X33.063 Y16.361 E.07186
G1 X33.141 Y16.361 E.0031
G1 X31.863 Y17.639 E.07186
G1 X23.07 Y17.639 E.34963
G1 X21.791 Y16.361 E.07189
G1 X21.87 Y16.361 E.00314
G1 X20.591 Y17.639 E.07189
G1 X11.799 Y17.639 E.34959
G1 X10.343 Y16.183 E.08187
G1 X10.499 Y16.276 E.00722
G1 X10.655 Y16.304 E.0063
G1 X9.32 Y17.639 E.07507
G1 X7.32 Y17.639 E.07952
G1 E-.16 F2700
;WIPE_START
G1 F16800
G1 X9.32 Y17.639 E-.30536
G1 X10.655 Y16.304 E-.28825
G1 X10.499 Y16.276 E-.0242
G1 X10.374 Y16.202 E-.02219
;WIPE_END
G1 X9.639 Y13.665 Z1.446 F21000
G1 Z1.4 F720
G1 E.8 F1500
G1 F7200
G1 X9.639 Y15.032 E.05435
G1 X9.701 Y15.427 E.0159
G1 X9.798 Y15.638 E.00923
G1 X6.361 Y12.201 E.19327
G1 X6.361 Y9.328 E.11424
G1 X9.328 Y6.361 E.16684
G1 X9.639 Y6.361 E.01237
G1 X9.639 Y8.049 E.06712
G1 E-.16 F2700
;WIPE_START
G1 F16800
G1 X9.639 Y6.361 E-.25772
G1 X9.328 Y6.361 E-.04748
G1 X7.777 Y7.911 E-.3348
;WIPE_END
G1 X36.753 Y9.654 Z1.907 F21000
G1 X38.887 Y9.783 Z1.94
G1 X41.022 Y9.911 Z1.966
G1 X43.156 Y10.039 Z1.985
G1 X47.425 Y10.296 Z2
G1 X154.426 Y16.733
G1 Z1.4 F720
G1 E.8 F1500
;TYPE:Perimeter
;WIDTH:0.449999
G1 F4200
G1 X154.121 Y16.94 E.01466
G1 X153.726 Y17.022 E.01604
G1 X143.674 Y17.022 E.39969
G1 X143.279 Y16.94 E.01604
G1 X142.97 Y16.73 E.01486
G1 X142.76 Y16.421 E.01486
G1 X142.678 Y16.026 E.01604
G1 X142.678 Y7.974 E.32016
G1 X142.753 Y7.595 E.01536
G1 X143.074 Y7.179 E.02089
G1 X143.537 Y6.978 E.02007
G1 X153.726 Y6.978 E.40513
G1 X154.326 Y7.179 E.02516
G1 X154.647 Y7.595 E.02089
G1 X154.722 Y7.974 E.01536
G1 X154.722 Y16.026 E.32016
G1 X154.64 Y16.421 E.01604
G1 X154.461 Y16.685 E.01268
G1 X154.146 Y16.45 F21000
G1 F3000
G1 X153.963 Y16.574 E.00879
G1 X153.726 Y16.623 E.00962
G1 X143.674 Y16.623 E.39969
G1 X143.437 Y16.574 E.00962
G1 X143.252 Y16.448 E.0089
G1 X143.126 Y16.263 E.0089
G1 X143.077 Y16.026 E.00962
G1 X143.077 Y7.974 E.32016
G1 X143.122 Y7.747 E.0092
G1 X143.314 Y7.497 E.01253
G1 X143.674 Y7.377 E.01509
G1 X153.726 Y7.377 E.39969
G1 X154.086 Y7.497 E.01509
G1 X154.278 Y7.747 E.01253
G1 X154.323 Y7.974 E.0092
G1 X154.323 Y16.026 E.32016
G1 X154.274 Y16.263 E.00962
G1 X154.18 Y16.402 E.00667
M204 T250
G1 X153.869 Y16.16 F21000
M204 T7000
;TYPE:External perimeter
G1 F3000
G1 X153.867 Y16.167 E.00029
G1 X153.726 Y16.225 E.00606
G1 F2999.998
G1 X143.674 Y16.225 E.39969
G1 F3000
M73 P39 R9
G1 X143.533 Y16.167 E.00606
G1 X143.475 Y16.026 E.00606
G1 F2999.998
G1 X143.475 Y7.974 E.32016
G1 F3000
G1 X143.554 Y7.815 E.00706
G1 X143.674 Y7.775 E.00503
G1 F2999.998
G1 X153.726 Y7.775 E.39969
G1 F3000
G1 X153.846 Y7.815 E.00503
G1 X153.925 Y7.974 E.00706
G1 F2999.998
G1 X153.925 Y16.026 E.32016
G1 F3000
M73 Q39 S11
G1 X153.892 Y16.105 E.0034
G1 E-.16 F2700
;WIPE_START
G1 F16800
G1 X153.869 Y16.16 E-.0091
G1 X153.867 Y16.167 E-.00111
G1 X153.726 Y16.225 E-.02328
G1 X149.754 Y16.225 E-.60651
;WIPE_END
G1 X140.413 Y7.292 Z1.626 F21000
G1 Z1.4 F720
G1 E.8 F1500
;TYPE:Perimeter
G1 F4200
G1 X140.326 Y7.179 E.00567
G1 X139.726 Y6.978 E.02516
G1 X110.022 Y6.978 E1.18109
G1 X110.022 Y6.022 E.03801
G1 X187.378 Y6.022 E3.07583
G1 X187.378 Y6.978 E.03801
M73 Q39 S10
G1 X157.537 Y6.978 E1.18654
G1 X157.074 Y7.179 E.02007
G1 X156.753 Y7.595 E.02089
G1 X156.678 Y7.974 E.01536
G1 X156.678 Y18.978 E.43754
G1 X140.722 Y18.978 E.63444
G1 X140.722 Y7.974 E.43754
G1 X140.647 Y7.595 E.01536
G1 X140.45 Y7.339 E.01284
G1 X140.138 Y7.565 F21000
G1 F4200
G1 X140.086 Y7.497 E.0034
G1 X139.726 Y7.377 E.01509
G1 X109.623 Y7.377 E1.19696
G1 X109.623 Y5.623 E.06974
G1 X187.776 Y5.623 E3.10752
G1 X187.776 Y7.377 E.06974
G1 X157.674 Y7.377 E1.19692
G1 X157.314 Y7.497 E.01509
G1 X157.122 Y7.747 E.01253
G1 X157.077 Y7.974 E.0092
G1 X157.077 Y19.377 E.45341
G1 X140.323 Y19.377 E.66617
G1 X140.323 Y7.974 E.45341
G1 X140.278 Y7.747 E.0092
G1 X140.175 Y7.613 E.00672
M204 T250
G1 X139.86 Y7.845 F21000
M204 T7000
;TYPE:External perimeter
G1 F3000
G1 X139.846 Y7.815 E.00132
G1 X139.726 Y7.775 E.00503
G1 F2999.998
G1 X109.225 Y7.775 E1.21278
G1 X109.225 Y5.225 E.10139
G1 X188.175 Y5.225 E3.13921
G1 X188.175 Y7.775 E.10139
G1 X157.674 Y7.775 E1.21278
G1 F3000
G1 X157.554 Y7.815 E.00503
G1 X157.475 Y7.974 E.00706
G1 F2999.998
G1 X157.475 Y19.775 E.46923
G1 X139.925 Y19.775 E.69782
M73 P40 R9
G1 X139.925 Y7.974 E.46923
G1 F3000
G1 X139.887 Y7.898 E.00338
G1 E-.16 F2700
;WIPE_START
G1 F16800
G1 X139.86 Y7.845 E-.00908
G1 X139.846 Y7.815 E-.00505
G1 X139.726 Y7.775 E-.01931
G1 X135.753 Y7.775 E-.60656
;WIPE_END
G1 X138.053 Y6.639 Z1.445 F21000
G1 Z1.4 F720
G1 E.8 F1500
;TYPE:Internal infill
;WIDTH:0.45
G1 F7200
G1 X136.053 Y6.639 E.07952
G1 X135.774 Y6.361 E.01566
G1 X133.31 Y6.361 E.09797
G1 X133.032 Y6.639 E.01563
G1 X124.782 Y6.639 E.32804
G1 X124.503 Y6.361 E.01566
G1 X122.039 Y6.361 E.09797
G1 X121.761 Y6.639 E.01563
G1 X113.51 Y6.639 E.32808
G1 X113.232 Y6.361 E.01563
G1 X110.768 Y6.361 E.09797
G1 X110.49 Y6.639 E.01563
G1 X112.49 Y6.639 E.07952
G1 E-.16 F2700
;WIPE_START
G1 F16800
G1 X110.49 Y6.639 E-.30536
G1 X110.768 Y6.361 E-.06003
G1 X112.567 Y6.361 E-.27461
;WIPE_END
G1 X141.595 Y6.581 Z1.907 F21000
G1 X143.733 Y6.597 Z1.94
M73 Q40 S10
G1 X145.871 Y6.613 Z1.966
G1 X148.009 Y6.629 Z1.985
G1 X149.324 Y6.639 Z1.993
G1 Z1.4 F720
G1 E.8 F1500
G1 F7200
G1 X147.324 Y6.639 E.07952
G1 X147.045 Y6.361 E.01566
G1 X144.582 Y6.361 E.09793
G1 X144.303 Y6.639 E.01566
G1 X143.433 Y6.66 E.0346
G1 X142.866 Y6.906 E.02458
G1 X142.443 Y7.454 E.02753
G1 X142.366 Y7.705 E.01044
G1 X142.339 Y7.967 E.01047
G1 X142.339 Y8.603 E.02529
G1 X141.061 Y9.882 E.07189
G1 X141.061 Y11.647 E.07018
G1 X142.339 Y12.926 E.07189
G1 X142.339 Y14.926 E.07952
G1 E-.16 F2700
;WIPE_START
G1 F16800
G1 X142.339 Y12.926 E-.30536
G1 X141.061 Y11.647 E-.27605
G1 X141.061 Y11.263 E-.05859
;WIPE_END
G1 X141.574 Y18.639 Z1.529 F21000
G1 Z1.4 F720
G1 E.8 F1500
G1 F7200
G1 X143.574 Y18.639 E.07952
G1 X144.853 Y17.361 E.07189
G1 X146.774 Y17.361 E.07638
G1 X148.053 Y18.639 E.07189
G1 X154.845 Y18.639 E.27006
G1 X156.339 Y17.145 E.08401
G1 X156.339 Y15.655 E.05925
G1 X155.061 Y14.376 E.07189
G1 X155.061 Y7.967 E.25483
G1 X155.034 Y7.705 E.01047
G1 X154.957 Y7.454 E.01044
G1 X154.871 Y7.342 E.00561
G1 X155.853 Y6.361 E.05519
G1 X158.316 Y6.361 E.09793
G1 X158.595 Y6.639 E.01566
G1 X166.845 Y6.639 E.32804
G1 X167.124 Y6.361 E.01566
G1 X169.588 Y6.361 E.09797
G1 X169.866 Y6.639 E.01563
G1 X178.116 Y6.639 E.32804
G1 X178.395 Y6.361 E.01566
G1 X180.859 Y6.361 E.09797
G1 X181.137 Y6.639 E.01563
G1 X183.137 Y6.639 E.07952
G1 E-.16 F2700
;WIPE_START
G1 F16800
G1 X181.137 Y6.639 E-.30536
G1 X180.859 Y6.361 E-.06003
G1 X179.06 Y6.361 E-.27461
;WIPE_END
G1 X197.4 Y19 Z1.789 F21000
G1 Z1.4 F720
G1 E.8 F1500
;TYPE:Perimeter
;WIDTH:0.40602
G1 F3000
G1 X197.4 Y8.3 E.3785
G1 X197.776 Y7.923 F21000
;WIDTH:0.449999
G1 F3000
G1 X197.776 Y19.377 E.45543
G1 X197.023 Y19.377 E.02994
G1 X197.023 Y7.923 E.45543
G1 X197.717 Y7.923 E.02759
M204 T250
G1 X198.175 Y7.525 F21000
M204 T7000
;TYPE:External perimeter
G1 F3000
G1 X198.175 Y19.1 E.46025
G1 F2999.998
G1 X198.175 Y19.775 E.02684
G1 X196.625 Y19.775 E.06163
G1 X196.625 Y7.525 E.48708
G1 X198.115 Y7.525 E.05925
G1 E-.16 F2700
;WIPE_START
G1 F16800
G1 X198.175 Y7.525 E-.00916
G1 X198.175 Y11.657 E-.63084
;WIPE_END
G1 X218 Y19 Z1.769 F21000
G1 Z1.4 F720
G1 E.8 F1500
;TYPE:Perimeter
;WIDTH:0.40602
G1 F3000
G1 X218 Y8.3 E.3785
G1 X217.623 Y7.923 F21000
;WIDTH:0.449999
G1 F3000
G1 X218.377 Y7.923 E.02998
G1 X218.377 Y19.377 E.45543
G1 X217.623 Y19.377 E.02998
G1 X217.623 Y7.983 E.45305
M204 T250
G1 X217.225 Y7.525 F21000
M204 T7000
;TYPE:External perimeter
G1 F3000
G1 F2999.998
G1 X218.775 Y7.525 E.06163
G1 X218.775 Y19.775 E.48708
G1 X217.225 Y19.775 E.06163
G1 X217.225 Y19.1 E.02684
G1 F3000
G1 X217.225 Y7.585 E.45786
M106 S224.4
;LAYER_CHANGE
;Z:1.64
;HEIGHT:0.24
;BEFORE_LAYER_CHANGE
G92 E0.0
;1.64


G1 E-.16 F2700
;WIPE_START
G1 F16800
G1 X217.225 Y7.525 E-.00916
G1 X218.775 Y7.525 E-.23665
G1 X218.775 Y10.107 E-.39419
;WIPE_END
G1 X218.775 Y10.107 Z1.4 F21000
G1 X189.815 Y12.101 Z1.907
G1 X187.682 Y12.248 Z1.94
G1 X185.549 Y12.395 Z1.966
G1 X183.416 Y12.542 Z1.985
G1 X179.149 Y12.836 Z2
G1 X67.901 Y20.497 Z2
;AFTER_LAYER_CHANGE
;1.64
G1 Z1.64 F720
G1 E.8 F1500
;TYPE:Perimeter
G1 F3000
G1 X68.254 Y20.52 E.01407
G1 X68.916 Y20.747 E.02783
G1 X69.193 Y20.907 E.01272
G1 X69.572 Y21.216 E.01944
G1 X69.784 Y21.456 E.01273
G1 X70.046 Y21.869 E.01945
;WIDTH:0.499281
G1 X70.312 Y22.633 E.03614
G1 X70.33 Y22.971 E.01512
;WIDTH:0.507649
G1 X70.294 Y23.484 E.02341
G1 X70.195 Y23.787 E.01451
;WIDTH:0.465803
G1 X70.004 Y24.21 E.01919
;WIDTH:0.449999
G1 X69.835 Y24.476 E.01253
G1 X69.305 Y25.019 E.03017
G1 X68.839 Y25.289 E.02141
G1 X68.54 Y25.403 E.01272
G1 X68.033 Y25.506 E.02057
G1 X67.741 Y25.514 E.01161
G1 X67.255 Y25.455 E.01947
G1 X66.948 Y25.366 E.01271
G1 X66.342 Y25.057 E.02705
G1 X65.89 Y24.635 E.02459
G1 X65.698 Y24.38 E.01269
;WIDTH:0.488778
G1 X65.516 Y24.021 E.01756
;WIDTH:0.527557
G1 X65.333 Y23.662 E.01914
G1 X65.273 Y23.163 E.02387
;WIDTH:0.486701
G1 X65.273 Y22.837 E.01416
;WIDTH:0.526226
G1 X65.332 Y22.351 E.02319
G1 X65.515 Y21.986 E.01934
;WIDTH:0.488113
G1 X65.698 Y21.62 E.01783
;WIDTH:0.449999
G1 X65.89 Y21.365 E.01269
G1 X66.243 Y21.026 E.01946
G1 X66.506 Y20.844 E.01272
G1 X67.061 Y20.589 E.02429
G1 X67.741 Y20.486 E.02735
G1 X67.841 Y20.493 E.00399
G1 X67.885 Y20.891 F21000
G1 F3000
G1 X68.251 Y20.925 E.01462
G1 X68.775 Y21.12 E.02223
G1 X69.32 Y21.525 E.027
G1 X69.709 Y22.082 E.02701
G1 X69.901 Y22.734 E.02703
G1 X69.916 Y22.932 E.0079
G1 X69.869 Y23.445 E.02048
G1 X69.638 Y24.052 E.02582
G1 X69.212 Y24.578 E.02691
G1 X68.64 Y24.944 E.027
G1 X67.981 Y25.11 E.02702
G1 X67.303 Y25.059 E.02703
G1 X66.677 Y24.796 E.027
G1 X66.166 Y24.348 E.02702
G1 X65.823 Y23.761 E.02703
G1 X65.684 Y23.096 E.02701
G1 X65.763 Y22.421 E.02702
G1 X66.051 Y21.806 E.027
G1 X66.519 Y21.313 E.02703
G1 X67.119 Y20.994 E.02702
G1 X67.789 Y20.882 E.02701
G1 X67.825 Y20.885 E.00144
M204 T250
G1 X67.869 Y21.282 F21000
M204 T7000
;TYPE:External perimeter
G1 F2998.28
G1 X68.178 Y21.319 E.01237
G1 X68.689 Y21.524 E.02189
G1 X69.111 Y21.882 E.022
G1 X69.397 Y22.354 E.02194
G1 X69.52 Y22.877 E.02136
G1 F2988.893
G1 X69.472 Y23.408 E.0212
G1 X69.273 Y23.894 E.02088
G1 F2998.277
G1 X68.914 Y24.314 E.02197
G1 X68.441 Y24.599 E.02196
G1 X67.901 Y24.72 E.022
G1 X67.351 Y24.663 E.02199
G1 X66.848 Y24.436 E.02194
G1 X66.442 Y24.06 E.022
G1 X66.176 Y23.576 E.02196
G1 X66.077 Y23.032 E.02199
G1 X66.156 Y22.485 E.02198
G1 X66.404 Y21.991 E.02198
G1 X66.795 Y21.601 E.02196
G1 X67.29 Y21.354 E.022
G1 X67.81 Y21.281 E.02088
G1 E-.16 F2700
;WIPE_START
G1 F16800
G1 X67.869 Y21.282 E-.00901
G1 X68.178 Y21.319 E-.04751
G1 X68.689 Y21.524 E-.08406
G1 X69.111 Y21.882 E-.08449
G1 X69.397 Y22.354 E-.08426
G1 X69.52 Y22.877 E-.08203
G1 X69.472 Y23.408 E-.0814
G1 X69.273 Y23.894 E-.08018
G1 X68.914 Y24.314 E-.08436
G1 X68.899 Y24.323 E-.0027
;WIPE_END
G1 X64.822 Y26.778 Z1.723 F21000
G1 Z1.64 F720
G1 E.8 F1500
;TYPE:Perimeter
G1 F4200
G1 X64.822 Y24.596 E.08676
;WIDTH:0.488106
G1 X64.841 Y24.141 E.01984
;WIDTH:0.526213
G1 X64.86 Y23.687 E.02152
G1 X64.836 Y23 E.03256
G1 X64.86 Y22.313 E.03256
G1 X64.841 Y22.103 E.00999
;WIDTH:0.488113
G1 X64.822 Y21.894 E.00914
;WIDTH:0.449999
G1 X64.816 Y18.866 E.1204
G1 X64.709 Y18.513 E.01467
G1 X64.518 Y18.258 E.01267
G1 X64.213 Y18.056 E.01455
G1 X63.826 Y17.978 E.0157
G1 X6.022 Y17.978 E2.2984
G1 X6.022 Y6.022 E.47539
G1 X9.978 Y6.022 E.1573
G1 X9.978 Y15.159 E.36331
G1 X10.131 Y15.557 E.01695
G1 X10.329 Y15.784 E.01198
G1 X10.62 Y15.957 E.01346
G1 X10.974 Y16.022 E.01431
G1 X95.026 Y16.022 E3.34207
G1 X95.38 Y15.957 E.01431
M73 P41 R9
M73 Q41 S10
G1 X95.671 Y15.784 E.01346
G1 X95.869 Y15.557 E.01198
G1 X95.977 Y15.322 E.01028
G1 X96.022 Y15.026 E.0119
G1 X96.022 Y6.022 E.35802
G1 X99.978 Y6.022 E.1573
G1 X99.978 Y17.978 E.47539
G1 X71.774 Y17.978 E1.12145
G1 X71.388 Y18.056 E.01566
G1 X71.083 Y18.257 E.01452
G1 X70.892 Y18.512 E.01267
G1 X70.801 Y18.763 E.01062
G1 X70.778 Y18.974 E.00844
G1 X70.778 Y22.09 E.1239
;WIDTH:0.483825
G1 X70.761 Y22.991 E.03887
;WIDTH:0.514442
G1 X70.746 Y23.607 E.02846
G1 X70.762 Y23.989 E.01766
;WIDTH:0.482221
G1 X70.778 Y24.37 E.01639
;WIDTH:0.449999
G1 X70.778 Y26.778 E.09575
G1 X64.882 Y26.778 E.23444
G1 X64.423 Y27.177 F21000
G1 F4200
G1 X64.423 Y18.974 E.32617
G1 X64.356 Y18.698 E.01129
G1 X64.241 Y18.544 E.00764
G1 X64.058 Y18.423 E.00872
G1 X63.826 Y18.377 E.0094
G1 X5.623 Y18.377 E2.31427
G1 X5.623 Y5.623 E.50712
G1 X10.377 Y5.623 E.18903
G1 X10.377 Y15.026 E.37388
M73 P41 R8
G1 X10.404 Y15.204 E.00716
G1 X10.587 Y15.481 E.0132
G1 X10.762 Y15.584 E.00807
G1 X10.974 Y15.623 E.00857
G1 X95.11 Y15.623 E3.34541
G1 X95.413 Y15.481 E.01331
G1 X95.596 Y15.204 E.0132
G1 X95.623 Y15.026 E.00716
G1 X95.623 Y5.623 E.37388
G1 X100.377 Y5.623 E.18903
G1 X100.377 Y18.377 E.50712
G1 X71.689 Y18.377 E1.14069
G1 X71.36 Y18.544 E.01467
G1 X71.245 Y18.697 E.00761
G1 X71.177 Y18.974 E.01134
G1 X71.177 Y27.177 E.32617
G1 X64.483 Y27.177 E.26617
M204 T250
G1 X64.025 Y27.575 F21000
M204 T7000
;TYPE:External perimeter
G1 F2999.998
G1 X64.025 Y18.974 E.34199
G1 F3000
G1 X63.964 Y18.831 E.00618
G1 X63.826 Y18.775 E.00592
G1 F2999.998
G1 X5.225 Y18.775 E2.33009
G1 X5.225 Y5.225 E.53877
G1 X10.775 Y5.225 E.22068
G1 X10.775 Y15.026 E.38971
G1 F3000
G1 X10.845 Y15.177 E.00662
G1 X10.974 Y15.225 E.00547
G1 F2999.998
G1 X95.026 Y15.225 E3.34207
G1 F3000
M73 P42 R8
G1 X95.155 Y15.177 E.00547
G1 X95.225 Y15.026 E.00662
G1 F2999.998
G1 X95.225 Y5.225 E.38971
G1 X100.775 Y5.225 E.22068
G1 X100.775 Y18.775 E.53877
G1 X71.774 Y18.775 E1.15314
G1 F3000
G1 X71.636 Y18.831 E.00592
G1 X71.575 Y18.974 E.00618
G1 F2999.998
G1 X71.575 Y27.575 E.34199
G1 X64.085 Y27.575 E.29782
G1 E-.16 F2700
M73 Q42 S10
;WIPE_START
G1 F16800
G1 X64.025 Y27.575 E-.00916
G1 X64.025 Y23.443 E-.63084
;WIPE_END
G1 X70.62 Y24.665 Z1.757 F21000
G1 Z1.64 F720
G1 E.8 F1500
;TYPE:Top solid infill
;WIDTH:0.423717
G1 F4800
G1 X70.175 Y24.219 E.0234
G1 X69.975 Y24.546 F21000
G1 F4800
G1 X70.62 Y25.191 E.03388
G1 X70.62 Y25.717 F21000
G1 F4800
G1 X69.733 Y24.83 E.04659
G1 X69.464 Y25.088 F21000
G1 F4800
G1 X70.62 Y26.244 E.06072
G1 X70.47 Y26.62 F21000
G1 F4800
G1 X69.145 Y25.295 E.06959
G1 X68.796 Y25.472 F21000
G1 F4800
G1 X69.944 Y26.62 E.0603
G1 X69.417 Y26.62 F21000
G1 F4800
G1 X68.391 Y25.594 E.05389
G1 X67.942 Y25.672 F21000
G1 F4800
G1 X68.891 Y26.62 E.04982
G1 X68.364 Y26.62 F21000
G1 F4800
G1 X67.37 Y25.626 E.05221
G1 X66.587 Y25.369 F21000
G1 F4800
G1 X67.838 Y26.62 E.06571
G1 X67.312 Y26.62 F21000
G1 F4800
G1 X64.98 Y24.288 E.12248
G1 X64.98 Y24.815 F21000
G1 F4800
G1 X66.785 Y26.62 E.0948
G1 X66.259 Y26.62 F21000
G1 F4800
G1 X64.98 Y25.341 E.06718
G1 X64.98 Y25.867 F21000
G1 F4800
G1 X65.733 Y26.62 E.03955
G1 E-.16 F2700
;WIPE_START
G1 F16800
G1 X64.98 Y25.867 E-.16259
;WIPE_END
G1 E-.47741 F2700
G1 X70.62 Y19.949 Z1.783 F21000
G1 Z1.64 F720
G1 E.8 F1500
;WIDTH:0.431119
G1 F4800
G1 X69.445 Y18.773 E.06297
G1 X68.908 Y18.774 F21000
G1 F4800
G1 X70.62 Y20.486 E.09171
G1 X70.62 Y21.023 F21000
G1 F4800
G1 X68.372 Y18.774 E.12045
G1 X67.835 Y18.774 F21000
G1 F4800
G1 X70.62 Y21.559 E.14919
G1 X69.956 Y21.432 F21000
G1 F4800
G1 X70.62 Y22.096 E.03557
G1 E-.16 F2700
;WIPE_START
G1 F16800
G1 X69.956 Y21.432 E-.14337
;WIPE_END
G1 E-.49663 F2700
G1 X69.378 Y20.854 Z1.654 F21000
G1 Z1.64 F720
G1 E.8 F1500
G1 F4800
G1 X67.299 Y18.775 E.11137
G1 X66.762 Y18.775 F21000
G1 F4800
G1 X68.37 Y20.383 E.08614
G1 X67.78 Y20.33 F21000
G1 F4800
G1 X66.226 Y18.775 E.08327
G1 X65.72 Y18.807 F21000
G1 F4800
G1 X67.296 Y20.382 E.0844
G1 X66.877 Y20.501 F21000
G1 F4800
G1 X65.351 Y18.975 E.08174
G1 X65.001 Y19.162 F21000
G1 F4800
G1 X66.509 Y20.669 E.08075
G1 X66.182 Y20.879 F21000
G1 F4800
G1 X64.98 Y19.677 E.06439
G1 X64.98 Y20.214 F21000
G1 F4800
G1 X65.901 Y21.135 E.04934
G1 X65.652 Y21.423 F21000
G1 F4800
G1 X64.98 Y20.751 E.036
G1 X64.98 Y21.288 F21000
G1 F4800
G1 X65.446 Y21.754 E.02496
G1 E-.16 F2700
;WIPE_START
G1 F16800
G1 X64.98 Y21.288 E-.10062
;WIPE_END
G1 E-.53938 F2700
G1 X92.141 Y11.046 Z2.147 F21000
G1 X94.142 Y10.291 Z2.18
G1 X96.143 Y9.537 Z2.206
G1 X98.144 Y8.782 Z2.225
G1 X99.639 Y8.218 Z2.234
G1 Z1.64 F720
G1 E.8 F1500
;TYPE:Internal infill
;WIDTH:0.45
G1 F7200
G1 X99.639 Y6.361 E.07384
G1 X99.497 Y6.361 E.00565
G1 X96.361 Y9.497 E.17634
G1 X96.361 Y12.032 E.1008
G1 X99.639 Y15.31 E.18433
G1 X99.639 Y17.639 E.09261
G1 X90.697 Y17.639 E.35555
G1 X89.418 Y16.361 E.07189
G1 X89.497 Y16.361 E.00314
G1 X88.218 Y17.639 E.07189
G1 X79.426 Y17.639 E.34959
G1 X78.147 Y16.361 E.07189
G1 X78.226 Y16.361 E.00314
G1 X76.947 Y17.639 E.07189
G1 X71.542 Y17.659 E.21492
G1 X71.252 Y17.744 E.01202
G1 X70.848 Y18.01 E.01923
G1 X70.592 Y18.352 E.01699
G1 X70.469 Y18.689 E.01426
G1 X70.453 Y18.837 E.00592
G1 X69.996 Y18.606 E.02036
G1 X69.709 Y18.558 E.01157
G1 X69.071 Y18.556 E.02537
G1 X66.876 Y16.361 E.12343
G1 X66.955 Y16.361 E.00314
G1 X64.989 Y18.326 E.11052
G1 X64.754 Y18.011 E.01563
G1 X64.344 Y17.741 E.01952
G1 X63.84 Y17.639 E.02045
G1 X56.884 Y17.639 E.27658
G1 X55.605 Y16.361 E.07189
G1 X55.684 Y16.361 E.00314
G1 X54.405 Y17.639 E.07189
G1 X45.612 Y17.639 E.34963
G1 X44.334 Y16.361 E.07186
G1 X44.412 Y16.361 E.0031
G1 X43.134 Y17.639 E.07186
G1 X34.341 Y17.639 E.34963
G1 X33.063 Y16.361 E.07186
G1 X33.141 Y16.361 E.0031
G1 X31.863 Y17.639 E.07186
G1 X23.07 Y17.639 E.34963
G1 X21.791 Y16.361 E.07189
G1 X21.87 Y16.361 E.00314
G1 X20.591 Y17.639 E.07189
G1 X11.799 Y17.639 E.34959
G1 X10.343 Y16.183 E.08187
G1 X10.499 Y16.276 E.00722
G1 X10.655 Y16.304 E.0063
G1 X9.32 Y17.639 E.07507
G1 X7.32 Y17.639 E.07952
G1 E-.16 F2700
;WIPE_START
G1 F16800
G1 X9.32 Y17.639 E-.30536
G1 X10.655 Y16.304 E-.28825
G1 X10.499 Y16.276 E-.0242
G1 X10.374 Y16.202 E-.02219
;WIPE_END
G1 X9.639 Y13.665 Z1.686 F21000
G1 Z1.64 F720
G1 E.8 F1500
G1 F7200
G1 X9.639 Y15.032 E.05435
G1 X9.701 Y15.427 E.0159
G1 X9.798 Y15.638 E.00923
G1 X6.361 Y12.201 E.19327
G1 X6.361 Y9.328 E.11424
G1 X9.328 Y6.361 E.16684
G1 X9.639 Y6.361 E.01237
G1 X9.639 Y8.049 E.06712
G1 E-.16 F2700
;WIPE_START
G1 F16800
G1 X9.639 Y6.361 E-.25772
G1 X9.328 Y6.361 E-.04748
G1 X7.777 Y7.911 E-.3348
;WIPE_END
G1 X36.753 Y9.654 Z2.147 F21000
G1 X38.887 Y9.783 Z2.18
G1 X41.022 Y9.911 Z2.206
G1 X43.156 Y10.039 Z2.225
G1 X47.425 Y10.296 Z2.24
G1 X154.426 Y16.733
G1 Z1.64 F720
G1 E.8 F1500
;TYPE:Perimeter
;WIDTH:0.449999
G1 F4200
G1 X154.121 Y16.94 E.01466
G1 X153.726 Y17.022 E.01604
G1 X143.674 Y17.022 E.39969
G1 X143.279 Y16.94 E.01604
G1 X142.97 Y16.73 E.01486
G1 X142.76 Y16.421 E.01486
G1 X142.678 Y16.026 E.01604
G1 X142.678 Y7.974 E.32016
G1 X142.753 Y7.595 E.01536
G1 X143.074 Y7.179 E.02089
G1 X143.537 Y6.978 E.02007
G1 X153.726 Y6.978 E.40513
G1 X154.326 Y7.179 E.02516
G1 X154.647 Y7.595 E.02089
G1 X154.722 Y7.974 E.01536
G1 X154.722 Y16.026 E.32016
G1 X154.64 Y16.421 E.01604
G1 X154.461 Y16.685 E.01268
G1 X154.146 Y16.45 F21000
G1 F3000
G1 X153.963 Y16.574 E.00879
G1 X153.726 Y16.623 E.00962
G1 X143.674 Y16.623 E.39969
G1 X143.437 Y16.574 E.00962
G1 X143.252 Y16.448 E.0089
G1 X143.126 Y16.263 E.0089
G1 X143.077 Y16.026 E.00962
G1 X143.077 Y7.974 E.32016
G1 X143.122 Y7.747 E.0092
G1 X143.314 Y7.497 E.01253
G1 X143.674 Y7.377 E.01509
G1 X153.726 Y7.377 E.39969
G1 X154.086 Y7.497 E.01509
G1 X154.278 Y7.747 E.01253
G1 X154.323 Y7.974 E.0092
G1 X154.323 Y16.026 E.32016
G1 X154.274 Y16.263 E.00962
G1 X154.18 Y16.402 E.00667
M204 T250
G1 X153.869 Y16.16 F21000
M204 T7000
;TYPE:External perimeter
G1 F3000
G1 X153.867 Y16.167 E.00029
G1 X153.726 Y16.225 E.00606
G1 F2999.998
G1 X143.674 Y16.225 E.39969
G1 F3000
G1 X143.533 Y16.167 E.00606
G1 X143.475 Y16.026 E.00606
G1 F2999.998
G1 X143.475 Y7.974 E.32016
G1 F3000
G1 X143.554 Y7.815 E.00706
G1 X143.674 Y7.775 E.00503
G1 F2999.998
G1 X153.726 Y7.775 E.39969
G1 F3000
G1 X153.846 Y7.815 E.00503
G1 X153.925 Y7.974 E.00706
G1 F2999.998
G1 X153.925 Y16.026 E.32016
G1 F3000
G1 X153.892 Y16.105 E.0034
G1 E-.16 F2700
;WIPE_START
G1 F16800
G1 X153.869 Y16.16 E-.0091
G1 X153.867 Y16.167 E-.00111
G1 X153.726 Y16.225 E-.02328
G1 X149.754 Y16.225 E-.60651
;WIPE_END
G1 X140.413 Y7.292 Z1.866 F21000
G1 Z1.64 F720
G1 E.8 F1500
;TYPE:Perimeter
G1 F4200
G1 X140.326 Y7.179 E.00567
G1 X139.726 Y6.978 E.02516
G1 X110.022 Y6.978 E1.18109
G1 X110.022 Y6.022 E.03801
M73 P43 R8
G1 X187.378 Y6.022 E3.07583
G1 X187.378 Y6.978 E.03801
M73 Q43 S10
G1 X157.537 Y6.978 E1.18654
G1 X157.074 Y7.179 E.02007
G1 X156.753 Y7.595 E.02089
G1 X156.678 Y7.974 E.01536
G1 X156.678 Y18.978 E.43754
G1 X140.722 Y18.978 E.63444
G1 X140.722 Y7.974 E.43754
G1 X140.647 Y7.595 E.01536
G1 X140.45 Y7.339 E.01284
G1 X140.138 Y7.565 F21000
G1 F4200
G1 X140.086 Y7.497 E.0034
G1 X139.726 Y7.377 E.01509
G1 X109.623 Y7.377 E1.19696
G1 X109.623 Y5.623 E.06974
G1 X187.776 Y5.623 E3.10752
G1 X187.776 Y7.377 E.06974
G1 X157.674 Y7.377 E1.19692
G1 X157.314 Y7.497 E.01509
G1 X157.122 Y7.747 E.01253
G1 X157.077 Y7.974 E.0092
G1 X157.077 Y19.377 E.45341
G1 X140.323 Y19.377 E.66617
G1 X140.323 Y7.974 E.45341
G1 X140.278 Y7.747 E.0092
G1 X140.175 Y7.613 E.00672
M204 T250
G1 X139.86 Y7.845 F21000
M204 T7000
;TYPE:External perimeter
G1 F3000
G1 X139.846 Y7.815 E.00132
G1 X139.726 Y7.775 E.00503
G1 F2999.998
G1 X109.225 Y7.775 E1.21278
G1 X109.225 Y5.225 E.10139
G1 X188.175 Y5.225 E3.13921
G1 X188.175 Y7.775 E.10139
G1 X157.674 Y7.775 E1.21278
G1 F3000
G1 X157.554 Y7.815 E.00503
G1 X157.475 Y7.974 E.00706
G1 F2999.998
G1 X157.475 Y19.775 E.46923
G1 X139.925 Y19.775 E.69782
G1 X139.925 Y7.974 E.46923
G1 F3000
G1 X139.887 Y7.898 E.00338
G1 E-.16 F2700
;WIPE_START
G1 F16800
G1 X139.86 Y7.845 E-.00908
G1 X139.846 Y7.815 E-.00505
G1 X139.726 Y7.775 E-.01931
G1 X135.753 Y7.775 E-.60656
;WIPE_END
G1 X138.053 Y6.639 Z1.685 F21000
G1 Z1.64 F720
G1 E.8 F1500
;TYPE:Internal infill
;WIDTH:0.45
G1 F7200
G1 X136.053 Y6.639 E.07952
G1 X135.774 Y6.361 E.01566
G1 X133.31 Y6.361 E.09797
G1 X133.032 Y6.639 E.01563
G1 X124.782 Y6.639 E.32804
G1 X124.503 Y6.361 E.01566
M73 P44 R8
G1 X122.039 Y6.361 E.09797
G1 X121.761 Y6.639 E.01563
G1 X113.51 Y6.639 E.32808
G1 X113.232 Y6.361 E.01563
G1 X110.768 Y6.361 E.09797
G1 X110.49 Y6.639 E.01563
G1 X112.49 Y6.639 E.07952
G1 E-.16 F2700
;WIPE_START
G1 F16800
G1 X110.49 Y6.639 E-.30536
G1 X110.768 Y6.361 E-.06003
G1 X112.567 Y6.361 E-.27461
;WIPE_END
G1 X141.595 Y6.581 Z2.147 F21000
G1 X143.733 Y6.597 Z2.18
G1 X145.871 Y6.613 Z2.206
G1 X148.009 Y6.629 Z2.225
G1 X149.324 Y6.639 Z2.233
G1 Z1.64 F720
G1 E.8 F1500
G1 F7200
G1 X147.324 Y6.639 E.07952
G1 X147.045 Y6.361 E.01566
G1 X144.582 Y6.361 E.09793
G1 X144.303 Y6.639 E.01566
G1 X143.433 Y6.66 E.0346
G1 X142.866 Y6.906 E.02458
G1 X142.443 Y7.454 E.02753
G1 X142.366 Y7.705 E.01044
G1 X142.339 Y7.967 E.01047
G1 X142.339 Y8.603 E.02529
G1 X141.061 Y9.882 E.07189
G1 X141.061 Y11.647 E.07018
G1 X142.339 Y12.926 E.07189
G1 X142.339 Y14.926 E.07952
G1 E-.16 F2700
;WIPE_START
G1 F16800
G1 X142.339 Y12.926 E-.30536
G1 X141.061 Y11.647 E-.27605
G1 X141.061 Y11.263 E-.05859
;WIPE_END
G1 X141.574 Y18.639 Z1.769 F21000
G1 Z1.64 F720
M73 Q44 S10
G1 E.8 F1500
G1 F7200
G1 X143.574 Y18.639 E.07952
G1 X144.853 Y17.361 E.07189
G1 X146.774 Y17.361 E.07638
G1 X148.053 Y18.639 E.07189
G1 X154.845 Y18.639 E.27006
G1 X156.339 Y17.145 E.08401
G1 X156.339 Y15.655 E.05925
G1 X155.061 Y14.376 E.07189
G1 X155.061 Y7.967 E.25483
G1 X155.034 Y7.705 E.01047
G1 X154.957 Y7.454 E.01044
G1 X154.871 Y7.342 E.00561
G1 X155.853 Y6.361 E.05519
G1 X158.316 Y6.361 E.09793
G1 X158.595 Y6.639 E.01566
G1 X166.845 Y6.639 E.32804
G1 X167.124 Y6.361 E.01566
G1 X169.588 Y6.361 E.09797
G1 X169.866 Y6.639 E.01563
G1 X178.116 Y6.639 E.32804
G1 X178.395 Y6.361 E.01566
G1 X180.859 Y6.361 E.09797
G1 X181.137 Y6.639 E.01563
G1 X183.137 Y6.639 E.07952
G1 E-.16 F2700
;WIPE_START
G1 F16800
G1 X181.137 Y6.639 E-.30536
G1 X180.859 Y6.361 E-.06003
G1 X179.06 Y6.361 E-.27461
;WIPE_END
G1 X197.4 Y19 Z2.029 F21000
G1 Z1.64 F720
G1 E.8 F1500
;TYPE:Perimeter
;WIDTH:0.40602
G1 F3000
G1 X197.4 Y8.3 E.3785
G1 X197.776 Y7.923 F21000
;WIDTH:0.449999
G1 F3000
G1 X197.776 Y19.377 E.45543
G1 X197.023 Y19.377 E.02994
G1 X197.023 Y7.923 E.45543
G1 X197.717 Y7.923 E.02759
M204 T250
G1 X198.175 Y7.525 F21000
M204 T7000
;TYPE:External perimeter
G1 F2999.998
G1 X198.175 Y19.775 E.48708
G1 X196.625 Y19.775 E.06163
G1 X196.625 Y7.525 E.48708
G1 X198.115 Y7.525 E.05925
G1 E-.16 F2700
;WIPE_START
G1 F16800
G1 X198.175 Y7.525 E-.00916
G1 X198.175 Y11.657 E-.63084
;WIPE_END
G1 X218 Y19 Z2.009 F21000
G1 Z1.64 F720
G1 E.8 F1500
;TYPE:Perimeter
;WIDTH:0.40602
G1 F3000
G1 X218 Y8.3 E.3785
G1 X217.623 Y7.923 F21000
;WIDTH:0.449999
G1 F3000
G1 X218.377 Y7.923 E.02998
G1 X218.377 Y19.377 E.45543
G1 X217.623 Y19.377 E.02998
G1 X217.623 Y7.983 E.45305
M204 T250
G1 X217.225 Y7.525 F21000
M204 T7000
;TYPE:External perimeter
G1 F2999.998
G1 X218.775 Y7.525 E.06163
G1 X218.775 Y19.775 E.48708
G1 X217.225 Y19.775 E.06163
G1 X217.225 Y7.585 E.4847
M106 S226.95
;LAYER_CHANGE
;Z:1.88
;HEIGHT:0.24
;BEFORE_LAYER_CHANGE
G92 E0.0
;1.88


G1 E-.16 F2700
;WIPE_START
G1 F16800
G1 X217.225 Y7.525 E-.00916
G1 X218.775 Y7.525 E-.23665
G1 X218.775 Y10.107 E-.39419
;WIPE_END
G1 X218.775 Y10.107 Z1.64 F21000
G1 X189.914 Y13.219 Z2.147
G1 X187.788 Y13.448 Z2.18
G1 X185.662 Y13.678 Z2.206
G1 X183.536 Y13.907 Z2.225
G1 X179.284 Y14.365 Z2.24
G1 X64.9 Y26.7 Z2.24
;AFTER_LAYER_CHANGE
;1.88
G1 Z1.88 F720
G1 E.8 F1500
;TYPE:Perimeter
;WIDTH:0.60602
G1 F3000
G1 X64.9 Y19.974 E.37215
G1 E-.16 F2700
;WIPE_START
G1 F16800
G1 X64.9 Y24.166 E-.64
;WIPE_END
G1 X70.7 Y26.7 Z1.99 F21000
G1 Z1.88 F720
G1 E.8 F1500
;WIDTH:0.606024
G1 F3000
G1 X70.7 Y19.974 E.37215
G1 E-.16 F2700
;WIPE_START
G1 F16800
G1 X70.7 Y24.166 E-.64
;WIPE_END
G1 X65.284 Y19.297 Z2.007 F21000
G1 Z1.88 F720
M73 Q44 S9
G1 E.8 F1500
;WIDTH:0.489005
G1 F4200
G1 X65.225 Y19.403 E.0053
;WIDTH:0.52801
G1 X65.116 Y19.593 E.01041
;WIDTH:0.567015
G1 X65.008 Y19.784 E.01129
;WIDTH:0.60602
G1 X64.9 Y19.974 E.01209
G1 X64.88 Y19.724 E.01388
;WIDTH:0.567015
G1 X64.861 Y19.474 E.0129
;WIDTH:0.52801
G1 X64.841 Y19.224 E.01192
;WIDTH:0.489005
G1 X64.822 Y18.974 E.01094
;WIDTH:0.449999
G1 X64.736 Y18.568 E.0165
G1 X64.627 Y18.382 E.00857
G1 X64.298 Y18.097 E.01731
G1 X63.826 Y17.978 E.01935
G1 X6.022 Y17.978 E2.2984
G1 X6.022 Y6.022 E.47539
G1 X9.978 Y6.022 E.1573
G1 X9.978 Y15.159 E.36331
G1 X10.131 Y15.557 E.01695
G1 X10.329 Y15.784 E.01198
G1 X10.62 Y15.957 E.01346
G1 X10.974 Y16.022 E.01431
G1 X95.026 Y16.022 E3.34207
G1 X95.38 Y15.957 E.01431
G1 X95.671 Y15.784 E.01346
G1 X95.869 Y15.557 E.01198
G1 X95.977 Y15.322 E.01028
G1 X96.022 Y15.026 E.0119
G1 X96.022 Y6.022 E.35802
G1 X99.978 Y6.022 E.1573
G1 X99.978 Y17.978 E.47539
G1 X71.645 Y17.978 E1.12658
G1 X71.302 Y18.097 E.01444
M73 P45 R8
G1 X70.973 Y18.382 E.01731
G1 X70.864 Y18.568 E.00857
G1 X70.778 Y18.974 E.0165
;WIDTH:0.489006
G1 X70.759 Y19.224 E.01094
;WIDTH:0.528012
G1 X70.739 Y19.474 E.01192
;WIDTH:0.567018
G1 X70.72 Y19.724 E.0129
;WIDTH:0.606024
G1 X70.7 Y19.974 E.01388
G1 X70.592 Y19.784 E.01209
;WIDTH:0.567018
G1 X70.484 Y19.593 E.01129
;WIDTH:0.528012
G1 X70.375 Y19.403 E.01041
;WIDTH:0.489006
G1 X70.267 Y19.212 E.00958
;WIDTH:0.449999
G1 X69.901 Y19.017 E.01649
G1 X69.626 Y18.978 E.01104
G1 X65.974 Y18.978 E.14521
G1 X65.699 Y19.017 E.01104
G1 X65.333 Y19.212 E.01649
;WIDTH:0.489005
G1 X65.314 Y19.245 E.00166
G1 X65.561 Y19.578 F21000
;WIDTH:0.449999
G1 F4200
G1 X65.377 Y19.974 E.01736
G1 X65.377 Y27.177 E.28641
G1 X64.423 Y27.177 E.03793
M73 Q45 S9
G1 X64.423 Y18.974 E.32617
G1 X64.372 Y18.731 E.00987
G1 X64.307 Y18.619 E.00515
G1 X64.109 Y18.448 E.0104
G1 X63.826 Y18.377 E.0116
G1 X5.623 Y18.377 E2.31427
G1 X5.623 Y5.623 E.50712
G1 X10.377 Y5.623 E.18903
G1 X10.377 Y15.026 E.37388
G1 X10.404 Y15.204 E.00716
G1 X10.587 Y15.481 E.0132
G1 X10.762 Y15.584 E.00807
G1 X10.974 Y15.623 E.00857
G1 X95.11 Y15.623 E3.34541
G1 X95.413 Y15.481 E.01331
G1 X95.596 Y15.204 E.0132
G1 X95.623 Y15.026 E.00716
G1 X95.623 Y5.623 E.37388
G1 X100.377 Y5.623 E.18903
G1 X100.377 Y18.377 E.50712
G1 X71.774 Y18.377 E1.13731
G1 X71.491 Y18.448 E.0116
G1 X71.293 Y18.619 E.0104
G1 X71.228 Y18.731 E.00515
G1 X71.177 Y18.974 E.00987
G1 X71.177 Y27.177 E.32617
G1 X70.223 Y27.177 E.03793
G1 X70.223 Y19.974 E.28641
G1 X70.011 Y19.517 E.02003
G1 X69.791 Y19.4 E.00991
G1 X69.626 Y19.377 E.00662
G1 X65.853 Y19.377 E.15002
G1 X65.589 Y19.517 E.01188
G1 X65.586 Y19.523 E.00027
M204 T250
G1 X65.836 Y19.843 F21000
M204 T7000
;TYPE:External perimeter
G1 F3000
G1 X65.775 Y19.974 E.00575
G1 X65.775 Y26.9 E.27539
G1 F2999.998
G1 X65.775 Y27.575 E.02684
G1 X64.025 Y27.575 E.06958
G1 X64.025 Y18.974 E.34199
G1 F3000
G1 X63.986 Y18.856 E.00494
G1 X63.826 Y18.775 E.00713
G1 F2999.998
G1 X5.225 Y18.775 E2.33009
G1 X5.225 Y5.225 E.53877
G1 X10.775 Y5.225 E.22068
G1 X10.775 Y15.026 E.38971
G1 F3000
G1 X10.845 Y15.177 E.00662
G1 X10.974 Y15.225 E.00547
G1 F2999.998
G1 X95.026 Y15.225 E3.34207
G1 F3000
G1 X95.155 Y15.177 E.00547
G1 X95.225 Y15.026 E.00662
G1 F2999.998
G1 X95.225 Y5.225 E.38971
G1 X100.775 Y5.225 E.22068
G1 X100.775 Y18.775 E.53877
G1 X71.774 Y18.775 E1.15314
G1 F3000
M73 P46 R8
G1 X71.614 Y18.856 E.00713
G1 X71.575 Y18.974 E.00494
G1 F2999.998
G1 X71.575 Y27.575 E.34199
G1 X69.825 Y27.575 E.06958
G1 X69.825 Y26.9 E.02684
G1 F3000
G1 X69.825 Y19.974 E.27539
G1 X69.754 Y19.822 E.00667
G1 X69.626 Y19.775 E.00542
G1 X65.974 Y19.775 E.14521
G1 X65.881 Y19.809 E.00394
G1 E-.16 F2700
;WIPE_START
G1 F16800
G1 X65.836 Y19.843 E-.00861
G1 X65.775 Y19.974 E-.02206
G1 X65.775 Y23.965 E-.60933
;WIPE_END
G1 X92.097 Y11.726 Z2.387 F21000
G1 X94.036 Y10.824 Z2.42
G1 X95.975 Y9.922 Z2.446
G1 X97.914 Y9.021 Z2.465
G1 X99.639 Y8.218 Z2.475
G1 Z1.88 F720
G1 E.8 F1500
;TYPE:Internal infill
;WIDTH:0.45
G1 F7200
G1 X99.639 Y6.361 E.07384
G1 X99.497 Y6.361 E.00565
G1 X96.361 Y9.497 E.17634
G1 X96.361 Y12.032 E.1008
G1 X99.639 Y15.31 E.18433
G1 X99.639 Y17.639 E.09261
G1 X90.697 Y17.639 E.35555
G1 X89.418 Y16.361 E.07189
M73 Q46 S9
G1 X89.497 Y16.361 E.00314
G1 X88.218 Y17.639 E.07189
G1 X79.426 Y17.639 E.34959
G1 X78.147 Y16.361 E.07189
G1 X78.226 Y16.361 E.00314
G1 X76.947 Y17.639 E.07189
G1 X71.538 Y17.659 E.21507
G1 X71.136 Y17.799 E.01693
G1 X70.704 Y18.174 E.02275
G1 X70.551 Y18.436 E.01206
G1 X70.446 Y18.928 E.02
G1 X70.002 Y18.692 E.01999
G1 X69.715 Y18.642 E.01158
G1 X69.155 Y18.64 E.02227
G1 X66.876 Y16.361 E.12815
G1 X66.955 Y16.361 E.00314
G1 X64.987 Y18.329 E.11066
G1 X64.896 Y18.174 E.00715
G1 X64.459 Y17.795 E.023
G1 X63.843 Y17.639 E.02527
G1 X56.884 Y17.639 E.2767
G1 X55.605 Y16.361 E.07189
G1 X55.684 Y16.361 E.00314
G1 X54.405 Y17.639 E.07189
G1 X45.612 Y17.639 E.34963
G1 X44.334 Y16.361 E.07186
G1 X44.412 Y16.361 E.0031
G1 X43.134 Y17.639 E.07186
G1 X34.341 Y17.639 E.34963
G1 X33.063 Y16.361 E.07186
G1 X33.141 Y16.361 E.0031
G1 X31.863 Y17.639 E.07186
G1 X23.07 Y17.639 E.34963
G1 X21.791 Y16.361 E.07189
G1 X21.87 Y16.361 E.00314
G1 X20.591 Y17.639 E.07189
G1 X11.799 Y17.639 E.34959
G1 X10.343 Y16.183 E.08187
G1 X10.499 Y16.276 E.00722
G1 X10.655 Y16.304 E.0063
G1 X9.32 Y17.639 E.07507
G1 X7.32 Y17.639 E.07952
G1 E-.16 F2700
;WIPE_START
G1 F16800
G1 X9.32 Y17.639 E-.30536
G1 X10.655 Y16.304 E-.28825
G1 X10.499 Y16.276 E-.0242
G1 X10.374 Y16.202 E-.02219
;WIPE_END
G1 X9.639 Y13.665 Z1.926 F21000
G1 Z1.88 F720
G1 E.8 F1500
G1 F7200
G1 X9.639 Y15.032 E.05435
G1 X9.701 Y15.427 E.0159
G1 X9.798 Y15.638 E.00923
G1 X6.361 Y12.201 E.19327
G1 X6.361 Y9.328 E.11424
G1 X9.328 Y6.361 E.16684
G1 X9.639 Y6.361 E.01237
G1 X9.639 Y8.049 E.06712
G1 E-.16 F2700
;WIPE_START
G1 F16800
G1 X9.639 Y6.361 E-.25772
G1 X9.328 Y6.361 E-.04748
G1 X7.777 Y7.911 E-.3348
;WIPE_END
G1 X36.753 Y9.654 Z2.387 F21000
G1 X38.887 Y9.783 Z2.42
G1 X41.022 Y9.911 Z2.446
G1 X43.156 Y10.039 Z2.465
G1 X47.425 Y10.296 Z2.48
G1 X154.426 Y16.733
G1 Z1.88 F720
G1 E.8 F1500
;TYPE:Perimeter
;WIDTH:0.449999
G1 F4200
G1 X154.121 Y16.94 E.01466
G1 X153.726 Y17.022 E.01604
G1 X143.674 Y17.022 E.39969
G1 X143.279 Y16.94 E.01604
G1 X142.97 Y16.73 E.01486
G1 X142.76 Y16.421 E.01486
G1 X142.678 Y16.026 E.01604
G1 X142.678 Y7.974 E.32016
G1 X142.753 Y7.595 E.01536
G1 X143.074 Y7.179 E.02089
G1 X143.537 Y6.978 E.02007
G1 X153.726 Y6.978 E.40513
G1 X154.326 Y7.179 E.02516
G1 X154.647 Y7.595 E.02089
G1 X154.722 Y7.974 E.01536
G1 X154.722 Y16.026 E.32016
G1 X154.64 Y16.421 E.01604
G1 X154.461 Y16.685 E.01268
G1 X154.146 Y16.45 F21000
G1 F3000
G1 X153.963 Y16.574 E.00879
G1 X153.726 Y16.623 E.00962
G1 X143.674 Y16.623 E.39969
G1 X143.437 Y16.574 E.00962
G1 X143.252 Y16.448 E.0089
G1 X143.126 Y16.263 E.0089
G1 X143.077 Y16.026 E.00962
G1 X143.077 Y7.974 E.32016
G1 X143.122 Y7.747 E.0092
G1 X143.314 Y7.497 E.01253
G1 X143.674 Y7.377 E.01509
G1 X153.726 Y7.377 E.39969
G1 X154.086 Y7.497 E.01509
G1 X154.278 Y7.747 E.01253
G1 X154.323 Y7.974 E.0092
G1 X154.323 Y16.026 E.32016
G1 X154.274 Y16.263 E.00962
G1 X154.18 Y16.402 E.00667
M204 T250
G1 X153.869 Y16.16 F21000
M204 T7000
;TYPE:External perimeter
G1 F3000
G1 X153.867 Y16.167 E.00029
G1 X153.726 Y16.225 E.00606
G1 F2999.998
G1 X143.674 Y16.225 E.39969
G1 F3000
G1 X143.533 Y16.167 E.00606
G1 X143.475 Y16.026 E.00606
G1 F2999.998
G1 X143.475 Y7.974 E.32016
G1 F3000
G1 X143.554 Y7.815 E.00706
G1 X143.674 Y7.775 E.00503
G1 F2999.998
G1 X153.726 Y7.775 E.39969
G1 F3000
G1 X153.846 Y7.815 E.00503
G1 X153.925 Y7.974 E.00706
G1 F2999.998
G1 X153.925 Y16.026 E.32016
G1 F3000
G1 X153.892 Y16.105 E.0034
G1 E-.16 F2700
;WIPE_START
G1 F16800
G1 X153.869 Y16.16 E-.0091
G1 X153.867 Y16.167 E-.00111
G1 X153.726 Y16.225 E-.02328
G1 X149.754 Y16.225 E-.60651
;WIPE_END
G1 X140.413 Y7.292 Z2.106 F21000
G1 Z1.88 F720
G1 E.8 F1500
;TYPE:Perimeter
G1 F4200
G1 X140.326 Y7.179 E.00567
G1 X139.726 Y6.978 E.02516
G1 X110.022 Y6.978 E1.18109
G1 X110.022 Y6.022 E.03801
G1 X187.378 Y6.022 E3.07583
G1 X187.378 Y6.978 E.03801
G1 X157.537 Y6.978 E1.18654
G1 X157.074 Y7.179 E.02007
G1 X156.753 Y7.595 E.02089
G1 X156.678 Y7.974 E.01536
G1 X156.678 Y18.978 E.43754
G1 X140.722 Y18.978 E.63444
G1 X140.722 Y7.974 E.43754
G1 X140.647 Y7.595 E.01536
G1 X140.45 Y7.339 E.01284
G1 X140.138 Y7.565 F21000
G1 F4200
G1 X140.086 Y7.497 E.0034
G1 X139.726 Y7.377 E.01509
G1 X109.623 Y7.377 E1.19696
G1 X109.623 Y5.623 E.06974
M73 P47 R8
G1 X187.776 Y5.623 E3.10752
G1 X187.776 Y7.377 E.06974
M73 Q47 S9
G1 X157.674 Y7.377 E1.19692
G1 X157.314 Y7.497 E.01509
G1 X157.122 Y7.747 E.01253
G1 X157.077 Y7.974 E.0092
G1 X157.077 Y19.377 E.45341
G1 X140.323 Y19.377 E.66617
G1 X140.323 Y7.974 E.45341
G1 X140.278 Y7.747 E.0092
G1 X140.175 Y7.613 E.00672
M204 T250
G1 X139.86 Y7.845 F21000
M204 T7000
;TYPE:External perimeter
G1 F3000
G1 X139.846 Y7.815 E.00132
G1 X139.726 Y7.775 E.00503
G1 F2999.998
G1 X109.225 Y7.775 E1.21278
G1 X109.225 Y5.225 E.10139
G1 X188.175 Y5.225 E3.13921
G1 X188.175 Y7.775 E.10139
G1 X157.674 Y7.775 E1.21278
G1 F3000
G1 X157.554 Y7.815 E.00503
G1 X157.475 Y7.974 E.00706
G1 F2999.998
G1 X157.475 Y19.775 E.46923
G1 X139.925 Y19.775 E.69782
G1 X139.925 Y7.974 E.46923
G1 F3000
G1 X139.887 Y7.898 E.00338
G1 E-.16 F2700
;WIPE_START
G1 F16800
G1 X139.86 Y7.845 E-.00908
G1 X139.846 Y7.815 E-.00505
G1 X139.726 Y7.775 E-.01931
G1 X135.753 Y7.775 E-.60656
;WIPE_END
G1 X138.053 Y6.639 Z1.925 F21000
G1 Z1.88 F720
G1 E.8 F1500
;TYPE:Internal infill
;WIDTH:0.45
G1 F7200
G1 X136.053 Y6.639 E.07952
G1 X135.774 Y6.361 E.01566
G1 X133.31 Y6.361 E.09797
G1 X133.032 Y6.639 E.01563
G1 X124.782 Y6.639 E.32804
G1 X124.503 Y6.361 E.01566
G1 X122.039 Y6.361 E.09797
G1 X121.761 Y6.639 E.01563
G1 X113.51 Y6.639 E.32808
G1 X113.232 Y6.361 E.01563
G1 X110.768 Y6.361 E.09797
G1 X110.49 Y6.639 E.01563
G1 X112.49 Y6.639 E.07952
G1 E-.16 F2700
;WIPE_START
G1 F16800
G1 X110.49 Y6.639 E-.30536
G1 X110.768 Y6.361 E-.06003
G1 X112.567 Y6.361 E-.27461
;WIPE_END
G1 X141.595 Y6.581 Z2.387 F21000
G1 X143.733 Y6.597 Z2.42
G1 X145.871 Y6.613 Z2.446
G1 X148.009 Y6.629 Z2.465
G1 X149.324 Y6.639 Z2.473
G1 Z1.88 F720
G1 E.8 F1500
G1 F7200
G1 X147.324 Y6.639 E.07952
G1 X147.045 Y6.361 E.01566
G1 X144.582 Y6.361 E.09793
G1 X144.303 Y6.639 E.01566
G1 X143.433 Y6.66 E.0346
G1 X142.866 Y6.906 E.02458
G1 X142.443 Y7.454 E.02753
G1 X142.366 Y7.705 E.01044
G1 X142.339 Y7.967 E.01047
G1 X142.339 Y8.603 E.02529
G1 X141.061 Y9.882 E.07189
G1 X141.061 Y11.647 E.07018
G1 X142.339 Y12.926 E.07189
G1 X142.339 Y14.926 E.07952
G1 E-.16 F2700
;WIPE_START
G1 F16800
G1 X142.339 Y12.926 E-.30536
G1 X141.061 Y11.647 E-.27605
G1 X141.061 Y11.263 E-.05859
;WIPE_END
G1 X141.574 Y18.639 Z2.009 F21000
G1 Z1.88 F720
G1 E.8 F1500
G1 F7200
G1 X143.574 Y18.639 E.07952
G1 X144.853 Y17.361 E.07189
G1 X146.774 Y17.361 E.07638
G1 X148.053 Y18.639 E.07189
G1 X154.845 Y18.639 E.27006
G1 X156.339 Y17.145 E.08401
G1 X156.339 Y15.655 E.05925
G1 X155.061 Y14.376 E.07189
G1 X155.061 Y7.967 E.25483
G1 X155.034 Y7.705 E.01047
G1 X154.957 Y7.454 E.01044
G1 X154.871 Y7.342 E.00561
G1 X155.853 Y6.361 E.05519
G1 X158.316 Y6.361 E.09793
G1 X158.595 Y6.639 E.01566
G1 X166.845 Y6.639 E.32804
G1 X167.124 Y6.361 E.01566
G1 X169.588 Y6.361 E.09797
G1 X169.866 Y6.639 E.01563
G1 X178.116 Y6.639 E.32804
G1 X178.395 Y6.361 E.01566
G1 X180.859 Y6.361 E.09797
G1 X181.137 Y6.639 E.01563
G1 X183.137 Y6.639 E.07952
G1 E-.16 F2700
;WIPE_START
G1 F16800
G1 X181.137 Y6.639 E-.30536
G1 X180.859 Y6.361 E-.06003
G1 X179.06 Y6.361 E-.27461
;WIPE_END
G1 X197.4 Y19 Z2.269 F21000
M73 P47 R7
G1 Z1.88 F720
G1 E.8 F1500
;TYPE:Perimeter
;WIDTH:0.40602
G1 F3000
G1 X197.4 Y8.3 E.3785
G1 X197.776 Y7.923 F21000
;WIDTH:0.449999
G1 F3000
G1 X197.776 Y19.377 E.45543
G1 X197.023 Y19.377 E.02994
G1 X197.023 Y7.923 E.45543
G1 X197.717 Y7.923 E.02759
M204 T250
G1 X198.175 Y7.525 F21000
M204 T7000
;TYPE:External perimeter
G1 F2999.998
M73 P48 R7
G1 X198.175 Y19.775 E.48708
G1 X196.625 Y19.775 E.06163
G1 X196.625 Y7.525 E.48708
G1 X198.115 Y7.525 E.05925
G1 E-.16 F2700
;WIPE_START
G1 F16800
G1 X198.175 Y7.525 E-.00916
G1 X198.175 Y11.657 E-.63084
;WIPE_END
G1 X218 Y19 Z2.249 F21000
G1 Z1.88 F720
G1 E.8 F1500
;TYPE:Perimeter
;WIDTH:0.40602
G1 F3000
G1 X218 Y8.3 E.3785
G1 X217.623 Y7.923 F21000
M73 Q48 S9
;WIDTH:0.449999
G1 F3000
G1 X218.377 Y7.923 E.02998
G1 X218.377 Y19.377 E.45543
G1 X217.623 Y19.377 E.02998
G1 X217.623 Y7.983 E.45305
M204 T250
G1 X217.225 Y7.525 F21000
M204 T7000
;TYPE:External perimeter
G1 F2999.998
G1 X218.775 Y7.525 E.06163
G1 X218.775 Y19.775 E.48708
G1 X217.225 Y19.775 E.06163
G1 X217.225 Y7.585 E.4847
M106 S224.4
;LAYER_CHANGE
;Z:2.12
;HEIGHT:0.24
;BEFORE_LAYER_CHANGE
G92 E0.0
;2.12


G1 E-.16 F2700
;WIPE_START
G1 F16800
G1 X217.225 Y7.525 E-.00916
G1 X218.775 Y7.525 E-.23665
G1 X218.775 Y10.107 E-.39419
;WIPE_END
G1 X218.775 Y10.107 Z1.88 F21000
G1 X189.914 Y13.219 Z2.387
G1 X187.788 Y13.448 Z2.42
G1 X185.662 Y13.678 Z2.446
G1 X183.536 Y13.907 Z2.465
G1 X179.284 Y14.365 Z2.48
G1 X64.9 Y26.7 Z2.48
;AFTER_LAYER_CHANGE
;2.12
G1 Z2.12 F720
G1 E.8 F1500
;TYPE:Perimeter
;WIDTH:0.60602
G1 F3000
G1 X64.9 Y19.974 E.37215
G1 E-.16 F2700
;WIPE_START
G1 F16800
G1 X64.9 Y24.166 E-.64
;WIPE_END
G1 X70.7 Y26.7 Z2.23 F21000
G1 Z2.12 F720
G1 E.8 F1500
;WIDTH:0.606024
G1 F3000
G1 X70.7 Y19.974 E.37215
G1 E-.16 F2700
;WIPE_START
G1 F16800
G1 X70.7 Y24.166 E-.64
;WIPE_END
G1 X65.284 Y19.297 Z2.247 F21000
G1 Z2.12 F720
G1 E.8 F1500
;WIDTH:0.489005
G1 F4200
G1 X65.225 Y19.403 E.0053
;WIDTH:0.52801
G1 X65.116 Y19.593 E.01041
;WIDTH:0.567015
G1 X65.008 Y19.784 E.01129
;WIDTH:0.60602
G1 X64.9 Y19.974 E.01209
G1 X64.88 Y19.724 E.01388
;WIDTH:0.567015
G1 X64.861 Y19.474 E.0129
;WIDTH:0.52801
G1 X64.841 Y19.224 E.01192
;WIDTH:0.489005
G1 X64.822 Y18.974 E.01094
;WIDTH:0.449999
G1 X64.736 Y18.568 E.0165
G1 X64.627 Y18.382 E.00857
G1 X64.298 Y18.097 E.01731
G1 X63.826 Y17.978 E.01935
G1 X6.022 Y17.978 E2.2984
G1 X6.022 Y6.022 E.47539
G1 X9.978 Y6.022 E.1573
G1 X9.978 Y15.159 E.36331
G1 X10.131 Y15.557 E.01695
G1 X10.329 Y15.784 E.01198
G1 X10.62 Y15.957 E.01346
G1 X10.974 Y16.022 E.01431
G1 X95.026 Y16.022 E3.34207
G1 X95.38 Y15.957 E.01431
G1 X95.671 Y15.784 E.01346
G1 X95.869 Y15.557 E.01198
G1 X95.977 Y15.322 E.01028
G1 X96.022 Y15.026 E.0119
G1 X96.022 Y6.022 E.35802
G1 X99.978 Y6.022 E.1573
G1 X99.978 Y17.978 E.47539
G1 X71.645 Y17.978 E1.12658
G1 X71.302 Y18.097 E.01444
G1 X70.973 Y18.382 E.01731
G1 X70.864 Y18.568 E.00857
G1 X70.778 Y18.974 E.0165
;WIDTH:0.489006
G1 X70.759 Y19.224 E.01094
;WIDTH:0.528012
G1 X70.739 Y19.474 E.01192
;WIDTH:0.567018
G1 X70.72 Y19.724 E.0129
;WIDTH:0.606024
G1 X70.7 Y19.974 E.01388
G1 X70.592 Y19.784 E.01209
;WIDTH:0.567018
G1 X70.484 Y19.593 E.01129
;WIDTH:0.528012
G1 X70.375 Y19.403 E.01041
;WIDTH:0.489006
G1 X70.267 Y19.212 E.00958
;WIDTH:0.449999
G1 X69.901 Y19.017 E.01649
G1 X69.626 Y18.978 E.01104
G1 X65.974 Y18.978 E.14521
G1 X65.699 Y19.017 E.01104
G1 X65.333 Y19.212 E.01649
;WIDTH:0.489005
G1 X65.314 Y19.245 E.00166
G1 X65.561 Y19.578 F21000
;WIDTH:0.449999
G1 F4200
G1 X65.377 Y19.974 E.01736
G1 X65.377 Y27.177 E.28641
G1 X64.423 Y27.177 E.03793
G1 X64.423 Y18.974 E.32617
G1 X64.372 Y18.731 E.00987
G1 X64.307 Y18.619 E.00515
G1 X64.109 Y18.448 E.0104
G1 X63.826 Y18.377 E.0116
G1 X5.623 Y18.377 E2.31427
G1 X5.623 Y5.623 E.50712
G1 X10.377 Y5.623 E.18903
G1 X10.377 Y15.026 E.37388
G1 X10.404 Y15.204 E.00716
G1 X10.587 Y15.481 E.0132
G1 X10.762 Y15.584 E.00807
G1 X10.974 Y15.623 E.00857
G1 X95.11 Y15.623 E3.34541
G1 X95.413 Y15.481 E.01331
M73 P49 R7
G1 X95.596 Y15.204 E.0132
G1 X95.623 Y15.026 E.00716
G1 X95.623 Y5.623 E.37388
G1 X100.377 Y5.623 E.18903
G1 X100.377 Y18.377 E.50712
G1 X71.774 Y18.377 E1.13731
G1 X71.491 Y18.448 E.0116
M73 Q49 S9
G1 X71.293 Y18.619 E.0104
G1 X71.228 Y18.731 E.00515
G1 X71.177 Y18.974 E.00987
G1 X71.177 Y27.177 E.32617
G1 X70.223 Y27.177 E.03793
G1 X70.223 Y19.974 E.28641
G1 X70.011 Y19.517 E.02003
G1 X69.791 Y19.4 E.00991
G1 X69.626 Y19.377 E.00662
G1 X65.853 Y19.377 E.15002
G1 X65.589 Y19.517 E.01188
G1 X65.586 Y19.523 E.00027
M204 T250
G1 X65.836 Y19.843 F21000
M204 T7000
;TYPE:External perimeter
G1 F3000
G1 X65.775 Y19.974 E.00575
G1 F2999.995
G1 X65.775 Y27.575 E.30223
G1 X64.025 Y27.575 E.06958
G1 X64.025 Y18.974 E.34199
G1 F3000
G1 X63.986 Y18.856 E.00494
G1 X63.826 Y18.775 E.00713
G1 F2999.998
G1 X5.225 Y18.775 E2.33009
G1 X5.225 Y5.225 E.53877
G1 X10.775 Y5.225 E.22068
G1 X10.775 Y15.026 E.38971
G1 F3000
G1 X10.845 Y15.177 E.00662
G1 X10.974 Y15.225 E.00547
G1 F2999.998
G1 X95.026 Y15.225 E3.34207
G1 F3000
G1 X95.155 Y15.177 E.00547
G1 X95.225 Y15.026 E.00662
G1 F2999.998
G1 X95.225 Y5.225 E.38971
G1 X100.775 Y5.225 E.22068
G1 X100.775 Y18.775 E.53877
G1 X71.774 Y18.775 E1.15314
G1 F3000
G1 X71.614 Y18.856 E.00713
G1 X71.575 Y18.974 E.00494
G1 F2999.998
G1 X71.575 Y27.575 E.34199
G1 X69.825 Y27.575 E.06958
G1 X69.825 Y19.974 E.30223
G1 F3000
G1 X69.754 Y19.822 E.00667
G1 X69.626 Y19.775 E.00542
G1 X65.974 Y19.775 E.14521
G1 X65.881 Y19.809 E.00394
G1 E-.16 F2700
;WIPE_START
G1 F16800
G1 X65.836 Y19.843 E-.00861
G1 X65.775 Y19.974 E-.02206
G1 X65.775 Y23.965 E-.60933
;WIPE_END
G1 X92.097 Y11.726 Z2.627 F21000
G1 X94.036 Y10.824 Z2.66
G1 X95.975 Y9.922 Z2.686
G1 X97.914 Y9.021 Z2.705
G1 X99.639 Y8.218 Z2.715
G1 Z2.12 F720
G1 E.8 F1500
;TYPE:Internal infill
;WIDTH:0.45
G1 F7200
G1 X99.639 Y6.361 E.07384
G1 X99.497 Y6.361 E.00565
G1 X96.361 Y9.497 E.17634
G1 X96.361 Y12.032 E.1008
G1 X99.639 Y15.31 E.18433
G1 X99.639 Y17.639 E.09261
G1 X90.697 Y17.639 E.35555
G1 X89.418 Y16.361 E.07189
G1 X89.497 Y16.361 E.00314
G1 X88.218 Y17.639 E.07189
G1 X79.426 Y17.639 E.34959
G1 X78.147 Y16.361 E.07189
G1 X78.226 Y16.361 E.00314
G1 X76.947 Y17.639 E.07189
G1 X71.538 Y17.659 E.21507
G1 X71.136 Y17.799 E.01693
G1 X70.704 Y18.174 E.02275
G1 X70.551 Y18.436 E.01206
G1 X70.446 Y18.928 E.02
G1 X70.002 Y18.692 E.01999
G1 X69.715 Y18.642 E.01158
G1 X69.155 Y18.64 E.02227
G1 X66.876 Y16.361 E.12815
G1 X66.955 Y16.361 E.00314
G1 X64.987 Y18.329 E.11066
G1 X64.896 Y18.174 E.00715
G1 X64.459 Y17.795 E.023
G1 X63.843 Y17.639 E.02527
G1 X56.884 Y17.639 E.2767
G1 X55.605 Y16.361 E.07189
G1 X55.684 Y16.361 E.00314
G1 X54.405 Y17.639 E.07189
G1 X45.612 Y17.639 E.34963
G1 X44.334 Y16.361 E.07186
G1 X44.412 Y16.361 E.0031
G1 X43.134 Y17.639 E.07186
G1 X34.341 Y17.639 E.34963
G1 X33.063 Y16.361 E.07186
G1 X33.141 Y16.361 E.0031
G1 X31.863 Y17.639 E.07186
G1 X23.07 Y17.639 E.34963
G1 X21.791 Y16.361 E.07189
G1 X21.87 Y16.361 E.00314
G1 X20.591 Y17.639 E.07189
G1 X11.799 Y17.639 E.34959
G1 X10.343 Y16.183 E.08187
G1 X10.499 Y16.276 E.00722
G1 X10.655 Y16.304 E.0063
G1 X9.32 Y17.639 E.07507
G1 X7.32 Y17.639 E.07952
G1 E-.16 F2700
;WIPE_START
G1 F16800
G1 X9.32 Y17.639 E-.30536
G1 X10.655 Y16.304 E-.28825
G1 X10.499 Y16.276 E-.0242
G1 X10.374 Y16.202 E-.02219
;WIPE_END
G1 X9.639 Y13.665 Z2.166 F21000
G1 Z2.12 F720
G1 E.8 F1500
G1 F7200
G1 X9.639 Y15.032 E.05435
G1 X9.701 Y15.427 E.0159
M73 P50 R7
G1 X9.798 Y15.638 E.00923
G1 X6.361 Y12.201 E.19327
G1 X6.361 Y9.328 E.11424
G1 X9.328 Y6.361 E.16684
G1 X9.639 Y6.361 E.01237
G1 X9.639 Y8.049 E.06712
G1 E-.16 F2700
;WIPE_START
G1 F16800
G1 X9.639 Y6.361 E-.25772
G1 X9.328 Y6.361 E-.04748
G1 X7.777 Y7.911 E-.3348
;WIPE_END
G1 X36.753 Y9.654 Z2.627 F21000
G1 X38.887 Y9.783 Z2.66
G1 X41.022 Y9.911 Z2.686
G1 X43.156 Y10.039 Z2.705
G1 X47.425 Y10.296 Z2.72
G1 X154.426 Y16.733
G1 Z2.12 F720
M73 Q50 S9
G1 E.8 F1500
;TYPE:Perimeter
;WIDTH:0.449999
G1 F4200
G1 X154.121 Y16.94 E.01466
G1 X153.726 Y17.022 E.01604
G1 X143.674 Y17.022 E.39969
G1 X143.279 Y16.94 E.01604
G1 X142.97 Y16.73 E.01486
G1 X142.76 Y16.421 E.01486
G1 X142.678 Y16.026 E.01604
G1 X142.678 Y7.974 E.32016
G1 X142.753 Y7.595 E.01536
G1 X143.074 Y7.179 E.02089
G1 X143.537 Y6.978 E.02007
G1 X153.726 Y6.978 E.40513
G1 X154.326 Y7.179 E.02516
G1 X154.647 Y7.595 E.02089
G1 X154.722 Y7.974 E.01536
G1 X154.722 Y16.026 E.32016
G1 X154.64 Y16.421 E.01604
G1 X154.461 Y16.685 E.01268
G1 X154.146 Y16.45 F21000
G1 F3000
G1 X153.963 Y16.574 E.00879
G1 X153.726 Y16.623 E.00962
G1 X143.674 Y16.623 E.39969
G1 X143.437 Y16.574 E.00962
G1 X143.252 Y16.448 E.0089
G1 X143.126 Y16.263 E.0089
G1 X143.077 Y16.026 E.00962
G1 X143.077 Y7.974 E.32016
G1 X143.122 Y7.747 E.0092
G1 X143.314 Y7.497 E.01253
G1 X143.674 Y7.377 E.01509
G1 X153.726 Y7.377 E.39969
G1 X154.086 Y7.497 E.01509
G1 X154.278 Y7.747 E.01253
G1 X154.323 Y7.974 E.0092
G1 X154.323 Y16.026 E.32016
G1 X154.274 Y16.263 E.00962
G1 X154.18 Y16.402 E.00667
M204 T250
G1 X153.869 Y16.16 F21000
M204 T7000
;TYPE:External perimeter
G1 F3000
G1 X153.867 Y16.167 E.00029
G1 X153.726 Y16.225 E.00606
G1 F2999.998
G1 X143.674 Y16.225 E.39969
G1 F3000
M73 Q50 S8
G1 X143.533 Y16.167 E.00606
G1 X143.475 Y16.026 E.00606
G1 F2999.998
G1 X143.475 Y7.974 E.32016
G1 F3000
G1 X143.554 Y7.815 E.00706
G1 X143.674 Y7.775 E.00503
G1 F2999.998
G1 X153.726 Y7.775 E.39969
G1 F3000
G1 X153.846 Y7.815 E.00503
G1 X153.925 Y7.974 E.00706
G1 F2999.998
G1 X153.925 Y16.026 E.32016
G1 F3000
G1 X153.892 Y16.105 E.0034
G1 E-.16 F2700
;WIPE_START
G1 F16800
G1 X153.869 Y16.16 E-.0091
G1 X153.867 Y16.167 E-.00111
G1 X153.726 Y16.225 E-.02328
G1 X149.754 Y16.225 E-.60651
;WIPE_END
G1 X140.413 Y7.292 Z2.346 F21000
G1 Z2.12 F720
G1 E.8 F1500
;TYPE:Perimeter
G1 F4200
G1 X140.326 Y7.179 E.00567
G1 X139.726 Y6.978 E.02516
G1 X110.022 Y6.978 E1.18109
G1 X110.022 Y6.022 E.03801
G1 X187.378 Y6.022 E3.07583
G1 X187.378 Y6.978 E.03801
G1 X157.537 Y6.978 E1.18654
G1 X157.074 Y7.179 E.02007
G1 X156.753 Y7.595 E.02089
G1 X156.678 Y7.974 E.01536
G1 X156.678 Y18.978 E.43754
G1 X140.722 Y18.978 E.63444
G1 X140.722 Y7.974 E.43754
G1 X140.647 Y7.595 E.01536
G1 X140.45 Y7.339 E.01284
G1 X140.138 Y7.565 F21000
G1 F4200
G1 X140.086 Y7.497 E.0034
G1 X139.726 Y7.377 E.01509
G1 X109.623 Y7.377 E1.19696
G1 X109.623 Y5.623 E.06974
G1 X187.776 Y5.623 E3.10752
G1 X187.776 Y7.377 E.06974
G1 X157.674 Y7.377 E1.19692
G1 X157.314 Y7.497 E.01509
G1 X157.122 Y7.747 E.01253
G1 X157.077 Y7.974 E.0092
G1 X157.077 Y19.377 E.45341
G1 X140.323 Y19.377 E.66617
G1 X140.323 Y7.974 E.45341
G1 X140.278 Y7.747 E.0092
G1 X140.175 Y7.613 E.00672
M204 T250
G1 X139.86 Y7.845 F21000
M204 T7000
;TYPE:External perimeter
G1 F3000
G1 X139.846 Y7.815 E.00132
G1 X139.726 Y7.775 E.00503
G1 F2999.998
G1 X109.225 Y7.775 E1.21278
G1 X109.225 Y5.225 E.10139
M73 P51 R7
G1 X188.175 Y5.225 E3.13921
G1 X188.175 Y7.775 E.10139
M73 Q51 S8
G1 X157.674 Y7.775 E1.21278
G1 F3000
G1 X157.554 Y7.815 E.00503
G1 X157.475 Y7.974 E.00706
G1 F2999.998
G1 X157.475 Y19.775 E.46923
G1 X139.925 Y19.775 E.69782
G1 X139.925 Y7.974 E.46923
G1 F3000
G1 X139.887 Y7.898 E.00338
G1 E-.16 F2700
;WIPE_START
G1 F16800
G1 X139.86 Y7.845 E-.00908
G1 X139.846 Y7.815 E-.00505
G1 X139.726 Y7.775 E-.01931
G1 X135.753 Y7.775 E-.60656
;WIPE_END
G1 X110.331 Y6.669 Z2.564 F21000
G1 Z2.12 F720
G1 E.8 F1500
;TYPE:Solid infill
;WIDTH:0.390042
G1 F8400
G1 X110.331 Y6.331 E.01142
G1 X139.697 Y6.331 E.99197
;WIDTH:0.420021
G1 X140.127 Y6.346 E.01582
;WIDTH:0.449999
G1 X140.557 Y6.361 E.01711
G1 X142.804 Y6.361 E.08935
G1 X143.24 Y6.346 E.01735
;WIDTH:0.420021
G1 X143.677 Y6.331 E.01608
;WIDTH:0.390042
G1 X153.697 Y6.331 E.33847
;WIDTH:0.420021
G1 X154.127 Y6.346 E.01582
;WIDTH:0.449999
G1 X154.557 Y6.361 E.01711
G1 X156.804 Y6.361 E.08935
G1 X157.24 Y6.346 E.01735
;WIDTH:0.420021
G1 X157.677 Y6.331 E.01608
;WIDTH:0.390042
G1 X187.069 Y6.331 E.99285
G1 X187.069 Y6.669 E.01142
G1 X157.458 Y6.669 E1.00024
;WIDTH:0.420021
G1 X157.146 Y6.808 E.01256
;WIDTH:0.449999
G1 X156.835 Y6.947 E.01354
G1 X156.439 Y7.47 E.02608
G1 X156.339 Y7.977 E.02055
G1 X156.339 Y18.639 E.42394
G1 X144.364 Y18.639 E.47615
G1 X144.364 Y18.498 E.00561
G1 X143.163 Y17.298 E.06751
G1 X142.971 Y17.131 E.01012
;WIDTH:0.42093
G1 X142.78 Y16.964 E.00935
G1 X142.981 Y17.113 E.00922
;WIDTH:0.449999
G1 X143.183 Y17.262 E.00998
G1 X143.68 Y17.361 E.02015
G1 X153.746 Y17.361 E.40024
G1 X154.287 Y17.233 E.02211
G1 X154.693 Y16.94 E.01991
G1 X154.963 Y16.515 E.02002
G1 X155.061 Y16.023 E.01995
G1 X155.061 Y7.955 E.3208
G1 X154.935 Y7.425 E.02166
G1 X154.567 Y6.949 E.02392
G1 X154.473 Y6.882 E.00459
G1 X154.094 Y6.775 E.01566
;WIDTH:0.420021
G1 X153.716 Y6.669 E.01444
;WIDTH:0.390042
G1 X143.458 Y6.669 E.34651
;WIDTH:0.420021
G1 X143.146 Y6.808 E.01256
;WIDTH:0.449999
G1 X142.835 Y6.947 E.01354
G1 X142.439 Y7.47 E.02608
G1 X142.339 Y7.977 E.02055
G1 X142.339 Y16.023 E.31992
G1 X142.437 Y16.515 E.01995
G1 X142.586 Y16.718 E.01001
;WIDTH:0.420752
G1 X142.736 Y16.92 E.00927
G1 X142.597 Y16.757 E.00789
;WIDTH:0.449999
G1 X142.459 Y16.593 E.00852
G1 X141.202 Y15.336 E.07068
G1 X141.061 Y15.336 E.00561
G1 X141.061 Y7.955 E.29348
G1 X140.935 Y7.425 E.02166
G1 X140.567 Y6.949 E.02392
G1 X140.473 Y6.882 E.00459
G1 X140.094 Y6.775 E.01566
;WIDTH:0.420021
G1 X139.716 Y6.669 E.01444
;WIDTH:0.390042
G1 X110.53 Y6.669 E.98589
G1 E-.16 F2700
;WIPE_START
G1 F16800
G1 X114.722 Y6.669 E-.64
;WIPE_END
G1 X140.924 Y6.759 Z2.577 F21000
G1 Z2.12 F720
G1 E.8 F1500
;WIDTH:0.449999
G1 F8400
G1 X142.476 Y6.759 E.06171
G1 X142.15 Y7.181 E.0212
G1 X142.036 Y7.432 E.01096
;WIDTH:0.491547
G1 X141.92 Y7.977 E.02447
G1 X141.92 Y15.462 E.32865
G1 X141.48 Y15.04 E.02677
G1 X141.48 Y7.977 E.31012
G1 X141.364 Y7.432 E.02447
;WIDTH:0.449999
G1 X141.25 Y7.181 E.01096
G1 X141.046 Y6.917 E.01327
G1 X141.687 Y7.112 E.02664
;WIDTH:0.457628
G1 X141.651 Y7.148 E.00206
G1 X141.664 Y7.197 E.00205
G1 X141.713 Y7.211 E.00207
G1 X141.749 Y7.175 E.00206
G1 X141.736 Y7.126 E.00205
G1 E-.16 F2700
;WIPE_START
G1 F16800
G1 X141.749 Y7.175 E-.00774
G1 X141.713 Y7.211 E-.00777
G1 X141.664 Y7.197 E-.00778
G1 X141.651 Y7.148 E-.00774
G1 X141.687 Y7.112 E-.00777
G1 X141.046 Y6.917 E-.1023
G1 X141.25 Y7.181 E-.05094
G1 X141.364 Y7.432 E-.04209
G1 X141.48 Y7.977 E-.08507
G1 X141.48 Y10.078 E-.3208
;WIPE_END
G1 X144.238 Y17.78 Z2.263 F21000
G1 Z2.12 F720
G1 E.8 F1500
;WIDTH:0.491546
G1 F8400
G1 X153.813 Y17.78 E.42041
G1 X154.511 Y17.563 E.03209
;WIDTH:0.449999
G1 X154.951 Y17.251 E.02145
G1 X155.263 Y16.811 E.02145
G1 X155.354 Y16.595 E.00932
;WIDTH:0.491547
G1 X155.48 Y16.023 E.02572
G1 X155.48 Y7.977 E.35328
G1 X155.364 Y7.432 E.02447
;WIDTH:0.449999
G1 X155.25 Y7.181 E.01096
G1 X154.924 Y6.759 E.0212
G1 X156.476 Y6.759 E.06171
G1 X156.15 Y7.181 E.0212
G1 X156.036 Y7.432 E.01096
;WIDTH:0.491547
G1 X155.92 Y7.977 E.02447
G1 X155.92 Y16.023 E.35328
G1 X155.941 Y16.655 E.02776
;WIDTH:0.449999
G1 X155.941 Y18.241 E.06306
G1 X154.355 Y18.241 E.06306
;WIDTH:0.491547
G1 X153.723 Y18.22 E.02776
G1 X144.678 Y18.22 E.39714
G1 X144.379 Y17.921 E.01857
G1 E-.16 F2700
;WIPE_START
G1 F16800
G1 X144.678 Y18.22 E-.06456
G1 X148.447 Y18.22 E-.57544
;WIPE_END
G1 X141.117 Y18.583 Z2.248 F21000
G1 Z2.12 F720
G1 E.8 F1500
;WIDTH:0.486574
G1 F8400
G1 X141.132 Y18.635 E.00235
G1 X141.093 Y18.674 E.00239
G1 X141.041 Y18.659 E.00235
G1 X141.026 Y18.607 E.00235
G1 X141.065 Y18.568 E.00239
;WIDTH:0.449999
G1 X141.061 Y18.013 E.02207
G1 X141.687 Y18.639 E.0352
G1 X142.25 Y18.639 E.02239
G1 X141.061 Y17.45 E.06686
G1 X141.061 Y16.886 E.02243
G1 X142.814 Y18.639 E.09857
G1 X143.377 Y18.639 E.02239
G1 X141.061 Y16.323 E.13023
G1 X141.061 Y15.759 E.02243
G1 X143.941 Y18.639 E.16195
G1 E-.16 F2700
;WIPE_START
G1 F16800
G1 X141.061 Y15.759 E-.62185
G1 X141.061 Y15.878 E-.01815
;WIPE_END
G1 X154.779 Y17.851 Z2.362 F21000
G1 Z2.12 F720
G1 E.8 F1500
;WIDTH:0.432224
G1 F8400
G1 X155.226 Y17.526 E.02099
G1 X155.551 Y17.079 E.02099
G1 X155.551 Y17.851 E.02933
G1 X154.978 Y17.851 E.02177
G1 E-.16 F2700
;WIPE_START
G1 F16800
G1 X155.551 Y17.851 E-.08748
G1 X155.551 Y17.079 E-.11787
G1 X155.226 Y17.526 E-.08438
G1 X154.779 Y17.851 E-.08438
;WIPE_END
G1 E-.26589 F2700
G1 X155.736 Y7.126 Z2.308 F21000
G1 Z2.12 F720
G1 E.8 F1500
;WIDTH:0.457628
G1 F8400
G1 X155.749 Y7.175 E.00205
G1 X155.713 Y7.211 E.00206
G1 X155.664 Y7.197 E.00207
G1 X155.651 Y7.148 E.00205
G1 X155.687 Y7.112 E.00206
G1 E-.16 F2700
;WIPE_START
G1 F16800
G1 X155.651 Y7.148 E-.00777
G1 X155.664 Y7.197 E-.00774
G1 X155.713 Y7.211 E-.00778
G1 X155.749 Y7.175 E-.00777
G1 X155.736 Y7.126 E-.00774
;WIPE_END
G1 E-.6012 F2700
G1 X183.653 Y15.082 Z2.627 F21000
G1 X185.709 Y15.668 Z2.66
G1 X187.765 Y16.254 Z2.686
G1 X189.822 Y16.84 Z2.705
G1 X193.935 Y18.012 Z2.72
G1 X197.4 Y19
G1 Z2.12 F720
G1 E.8 F1500
;TYPE:Perimeter
;WIDTH:0.40602
G1 F3000
G1 X197.4 Y8.3 E.3785
G1 X197.776 Y7.923 F21000
;WIDTH:0.449999
G1 F3000
G1 X197.776 Y19.377 E.45543
G1 X197.023 Y19.377 E.02994
G1 X197.023 Y7.923 E.45543
G1 X197.717 Y7.923 E.02759
M204 T250
G1 X198.175 Y7.525 F21000
M204 T7000
;TYPE:External perimeter
G1 F2999.998
G1 X198.175 Y19.775 E.48708
G1 X196.625 Y19.775 E.06163
G1 X196.625 Y7.525 E.48708
G1 X198.115 Y7.525 E.05925
M73 P52 R7
G1 E-.16 F2700
;WIPE_START
G1 F16800
G1 X198.175 Y7.525 E-.00916
G1 X198.175 Y11.657 E-.63084
;WIPE_END
G1 X218 Y19 Z2.489 F21000
G1 Z2.12 F720
G1 E.8 F1500
;TYPE:Perimeter
;WIDTH:0.40602
G1 F3000
G1 X218 Y8.3 E.3785
G1 X217.623 Y7.923 F21000
;WIDTH:0.449999
G1 F3000
G1 X218.377 Y7.923 E.02998
G1 X218.377 Y19.377 E.45543
G1 X217.623 Y19.377 E.02998
G1 X217.623 Y7.983 E.45305
M204 T250
G1 X217.225 Y7.525 F21000
M204 T7000
;TYPE:External perimeter
G1 F2999.998
G1 X218.775 Y7.525 E.06163
G1 X218.775 Y19.775 E.48708
M73 Q52 S8
G1 X217.225 Y19.775 E.06163
G1 X217.225 Y7.585 E.4847
;LAYER_CHANGE
;Z:2.36
;HEIGHT:0.24
;BEFORE_LAYER_CHANGE
G92 E0.0
;2.36


G1 E-.16 F2700
;WIPE_START
G1 F16800
G1 X217.225 Y7.525 E-.00916
G1 X218.775 Y7.525 E-.23665
G1 X218.775 Y10.107 E-.39419
;WIPE_END
G1 X218.775 Y10.107 Z2.12 F21000
G1 X189.914 Y13.219 Z2.627
G1 X187.788 Y13.448 Z2.66
G1 X185.662 Y13.678 Z2.686
G1 X183.536 Y13.907 Z2.705
G1 X179.284 Y14.365 Z2.72
G1 X64.9 Y26.7 Z2.72
;AFTER_LAYER_CHANGE
;2.36
G1 Z2.36 F720
G1 E.8 F1500
;TYPE:Perimeter
;WIDTH:0.60602
G1 F3000
G1 X64.9 Y19.974 E.37215
G1 E-.16 F2700
;WIPE_START
G1 F16800
G1 X64.9 Y24.166 E-.64
;WIPE_END
G1 X70.7 Y26.7 Z2.47 F21000
G1 Z2.36 F720
G1 E.8 F1500
;WIDTH:0.606024
G1 F3000
G1 X70.7 Y19.974 E.37215
G1 E-.16 F2700
;WIPE_START
G1 F16800
G1 X70.7 Y24.166 E-.64
;WIPE_END
G1 X65.284 Y19.297 Z2.487 F21000
G1 Z2.36 F720
G1 E.8 F1500
;WIDTH:0.489005
G1 F4200
G1 X65.225 Y19.403 E.0053
;WIDTH:0.52801
G1 X65.116 Y19.593 E.01041
;WIDTH:0.567015
G1 X65.008 Y19.784 E.01129
;WIDTH:0.60602
G1 X64.9 Y19.974 E.01209
G1 X64.88 Y19.724 E.01388
;WIDTH:0.567015
G1 X64.861 Y19.474 E.0129
;WIDTH:0.52801
G1 X64.841 Y19.224 E.01192
;WIDTH:0.489005
G1 X64.822 Y18.974 E.01094
;WIDTH:0.449999
G1 X64.736 Y18.568 E.0165
G1 X64.627 Y18.382 E.00857
G1 X64.298 Y18.097 E.01731
G1 X63.826 Y17.978 E.01935
G1 X6.022 Y17.978 E2.2984
G1 X6.022 Y6.022 E.47539
G1 X9.978 Y6.022 E.1573
G1 X9.978 Y15.159 E.36331
G1 X10.131 Y15.557 E.01695
G1 X10.329 Y15.784 E.01198
G1 X10.62 Y15.957 E.01346
G1 X10.974 Y16.022 E.01431
G1 X95.026 Y16.022 E3.34207
G1 X95.38 Y15.957 E.01431
G1 X95.671 Y15.784 E.01346
G1 X95.869 Y15.557 E.01198
G1 X95.977 Y15.322 E.01028
G1 X96.022 Y15.026 E.0119
G1 X96.022 Y6.022 E.35802
G1 X99.978 Y6.022 E.1573
G1 X99.978 Y17.978 E.47539
G1 X71.645 Y17.978 E1.12658
G1 X71.302 Y18.097 E.01444
G1 X70.973 Y18.382 E.01731
G1 X70.864 Y18.568 E.00857
G1 X70.778 Y18.974 E.0165
;WIDTH:0.489006
G1 X70.759 Y19.224 E.01094
;WIDTH:0.528012
G1 X70.739 Y19.474 E.01192
;WIDTH:0.567018
G1 X70.72 Y19.724 E.0129
;WIDTH:0.606024
G1 X70.7 Y19.974 E.01388
G1 X70.592 Y19.784 E.01209
;WIDTH:0.567018
G1 X70.484 Y19.593 E.01129
;WIDTH:0.528012
G1 X70.375 Y19.403 E.01041
;WIDTH:0.489006
G1 X70.267 Y19.212 E.00958
;WIDTH:0.449999
G1 X69.901 Y19.017 E.01649
G1 X69.626 Y18.978 E.01104
G1 X65.974 Y18.978 E.14521
G1 X65.699 Y19.017 E.01104
G1 X65.333 Y19.212 E.01649
;WIDTH:0.489005
G1 X65.314 Y19.245 E.00166
G1 X65.561 Y19.578 F21000
;WIDTH:0.449999
G1 F4200
G1 X65.377 Y19.974 E.01736
G1 X65.377 Y27.177 E.28641
G1 X64.423 Y27.177 E.03793
G1 X64.423 Y18.974 E.32617
G1 X64.372 Y18.731 E.00987
G1 X64.307 Y18.619 E.00515
G1 X64.109 Y18.448 E.0104
G1 X63.826 Y18.377 E.0116
G1 X5.623 Y18.377 E2.31427
G1 X5.623 Y5.623 E.50712
G1 X10.377 Y5.623 E.18903
G1 X10.377 Y15.026 E.37388
G1 X10.404 Y15.204 E.00716
G1 X10.587 Y15.481 E.0132
G1 X10.762 Y15.584 E.00807
G1 X10.974 Y15.623 E.00857
G1 X95.11 Y15.623 E3.34541
G1 X95.413 Y15.481 E.01331
G1 X95.596 Y15.204 E.0132
G1 X95.623 Y15.026 E.00716
G1 X95.623 Y5.623 E.37388
G1 X100.377 Y5.623 E.18903
M73 P53 R7
G1 X100.377 Y18.377 E.50712
G1 X71.774 Y18.377 E1.13731
G1 X71.491 Y18.448 E.0116
G1 X71.293 Y18.619 E.0104
G1 X71.228 Y18.731 E.00515
G1 X71.177 Y18.974 E.00987
G1 X71.177 Y27.177 E.32617
G1 X70.223 Y27.177 E.03793
G1 X70.223 Y19.974 E.28641
G1 X70.011 Y19.517 E.02003
G1 X69.791 Y19.4 E.00991
G1 X69.626 Y19.377 E.00662
G1 X65.853 Y19.377 E.15002
G1 X65.589 Y19.517 E.01188
G1 X65.586 Y19.523 E.00027
M204 T250
G1 X65.836 Y19.843 F21000
M204 T7000
;TYPE:External perimeter
G1 F3000
G1 X65.775 Y19.974 E.00575
G1 F2999.998
G1 X65.775 Y27.575 E.30223
G1 X64.025 Y27.575 E.06958
M73 Q53 S8
G1 X64.025 Y18.974 E.34199
G1 F3000
G1 X63.986 Y18.856 E.00494
G1 X63.826 Y18.775 E.00713
G1 F2999.998
G1 X5.225 Y18.775 E2.33009
G1 X5.225 Y5.225 E.53877
G1 X10.775 Y5.225 E.22068
G1 X10.775 Y15.026 E.38971
G1 F3000
G1 X10.845 Y15.177 E.00662
G1 X10.974 Y15.225 E.00547
G1 F2999.998
G1 X95.026 Y15.225 E3.34207
G1 F3000
G1 X95.155 Y15.177 E.00547
G1 X95.225 Y15.026 E.00662
G1 F2999.998
G1 X95.225 Y5.225 E.38971
G1 X100.775 Y5.225 E.22068
G1 X100.775 Y18.775 E.53877
G1 X71.774 Y18.775 E1.15314
G1 F3000
G1 X71.614 Y18.856 E.00713
G1 X71.575 Y18.974 E.00494
G1 F2999.998
G1 X71.575 Y27.575 E.34199
G1 X69.825 Y27.575 E.06958
G1 X69.825 Y19.974 E.30223
G1 F3000
G1 X69.754 Y19.822 E.00667
G1 X69.626 Y19.775 E.00542
G1 X65.974 Y19.775 E.14521
G1 X65.881 Y19.809 E.00394
G1 E-.16 F2700
;WIPE_START
G1 F16800
G1 X65.836 Y19.843 E-.00861
G1 X65.775 Y19.974 E-.02206
G1 X65.775 Y23.965 E-.60933
;WIPE_END
G1 X92.097 Y11.726 Z2.867 F21000
G1 X94.036 Y10.824 Z2.9
G1 X95.975 Y9.922 Z2.926
G1 X97.914 Y9.021 Z2.945
G1 X99.639 Y8.218 Z2.955
G1 Z2.36 F720
G1 E.8 F1500
;TYPE:Internal infill
;WIDTH:0.45
G1 F7200
G1 X99.639 Y6.361 E.07384
G1 X99.497 Y6.361 E.00565
G1 X96.361 Y9.497 E.17634
G1 X96.361 Y12.032 E.1008
G1 X99.639 Y15.31 E.18433
G1 X99.639 Y17.639 E.09261
G1 X90.697 Y17.639 E.35555
G1 X89.418 Y16.361 E.07189
G1 X89.497 Y16.361 E.00314
G1 X88.218 Y17.639 E.07189
G1 X79.426 Y17.639 E.34959
G1 X78.147 Y16.361 E.07189
G1 X78.226 Y16.361 E.00314
G1 X76.947 Y17.639 E.07189
G1 X71.538 Y17.659 E.21507
G1 X71.136 Y17.799 E.01693
G1 X70.704 Y18.174 E.02275
G1 X70.551 Y18.436 E.01206
G1 X70.446 Y18.928 E.02
G1 X70.002 Y18.692 E.01999
G1 X69.715 Y18.642 E.01158
G1 X69.155 Y18.64 E.02227
G1 X66.876 Y16.361 E.12815
G1 X66.955 Y16.361 E.00314
G1 X64.987 Y18.329 E.11066
G1 X64.896 Y18.174 E.00715
G1 X64.459 Y17.795 E.023
G1 X63.843 Y17.639 E.02527
G1 X56.884 Y17.639 E.2767
G1 X55.605 Y16.361 E.07189
G1 X55.684 Y16.361 E.00314
G1 X54.405 Y17.639 E.07189
G1 X45.612 Y17.639 E.34963
G1 X44.334 Y16.361 E.07186
G1 X44.412 Y16.361 E.0031
G1 X43.134 Y17.639 E.07186
G1 X34.341 Y17.639 E.34963
G1 X33.063 Y16.361 E.07186
G1 X33.141 Y16.361 E.0031
G1 X31.863 Y17.639 E.07186
G1 X23.07 Y17.639 E.34963
G1 X21.791 Y16.361 E.07189
G1 X21.87 Y16.361 E.00314
G1 X20.591 Y17.639 E.07189
G1 X11.799 Y17.639 E.34959
G1 X10.343 Y16.183 E.08187
G1 X10.499 Y16.276 E.00722
G1 X10.655 Y16.304 E.0063
G1 X9.32 Y17.639 E.07507
G1 X7.32 Y17.639 E.07952
G1 E-.16 F2700
;WIPE_START
G1 F16800
G1 X9.32 Y17.639 E-.30536
G1 X10.655 Y16.304 E-.28825
G1 X10.499 Y16.276 E-.0242
G1 X10.374 Y16.202 E-.02219
;WIPE_END
G1 X9.639 Y13.665 Z2.406 F21000
G1 Z2.36 F720
G1 E.8 F1500
G1 F7200
G1 X9.639 Y15.032 E.05435
G1 X9.701 Y15.427 E.0159
G1 X9.798 Y15.638 E.00923
G1 X6.361 Y12.201 E.19327
G1 X6.361 Y9.328 E.11424
G1 X9.328 Y6.361 E.16684
G1 X9.639 Y6.361 E.01237
G1 X9.639 Y8.049 E.06712
G1 E-.16 F2700
;WIPE_START
G1 F16800
G1 X9.639 Y6.361 E-.25772
G1 X9.328 Y6.361 E-.04748
G1 X7.777 Y7.911 E-.3348
;WIPE_END
G1 X36.753 Y9.654 Z2.867 F21000
G1 X38.887 Y9.783 Z2.9
G1 X41.022 Y9.911 Z2.926
G1 X43.156 Y10.039 Z2.945
G1 X47.425 Y10.296 Z2.96
G1 X154.426 Y16.733
G1 Z2.36 F720
M73 P54 R7
G1 E.8 F1500
;TYPE:Perimeter
;WIDTH:0.449999
G1 F4200
G1 X154.121 Y16.94 E.01466
G1 X153.726 Y17.022 E.01604
G1 X143.674 Y17.022 E.39969
G1 X143.279 Y16.94 E.01604
G1 X142.97 Y16.73 E.01486
G1 X142.76 Y16.421 E.01486
G1 X142.678 Y16.026 E.01604
G1 X142.678 Y7.974 E.32016
G1 X142.753 Y7.595 E.01536
G1 X143.074 Y7.179 E.02089
G1 X143.537 Y6.978 E.02007
G1 X153.726 Y6.978 E.40513
G1 X154.326 Y7.179 E.02516
M73 Q54 S8
G1 X154.647 Y7.595 E.02089
G1 X154.722 Y7.974 E.01536
G1 X154.722 Y16.026 E.32016
G1 X154.64 Y16.421 E.01604
G1 X154.461 Y16.685 E.01268
G1 X154.146 Y16.45 F21000
G1 F3000
G1 X153.963 Y16.574 E.00879
G1 X153.726 Y16.623 E.00962
G1 X143.674 Y16.623 E.39969
G1 X143.437 Y16.574 E.00962
G1 X143.252 Y16.448 E.0089
G1 X143.126 Y16.263 E.0089
G1 X143.077 Y16.026 E.00962
G1 X143.077 Y7.974 E.32016
G1 X143.122 Y7.747 E.0092
G1 X143.314 Y7.497 E.01253
G1 X143.674 Y7.377 E.01509
G1 X153.726 Y7.377 E.39969
G1 X154.086 Y7.497 E.01509
G1 X154.278 Y7.747 E.01253
G1 X154.323 Y7.974 E.0092
G1 X154.323 Y16.026 E.32016
G1 X154.274 Y16.263 E.00962
G1 X154.18 Y16.402 E.00667
M204 T250
G1 X153.869 Y16.16 F21000
M204 T7000
;TYPE:External perimeter
G1 F3000
G1 X153.867 Y16.167 E.00029
G1 X153.726 Y16.225 E.00606
G1 F2999.998
G1 X143.674 Y16.225 E.39969
G1 F3000
G1 X143.533 Y16.167 E.00606
G1 X143.475 Y16.026 E.00606
G1 F2999.998
G1 X143.475 Y7.974 E.32016
G1 F3000
G1 X143.554 Y7.815 E.00706
G1 X143.674 Y7.775 E.00503
G1 F2999.998
G1 X153.726 Y7.775 E.39969
G1 F3000
G1 X153.846 Y7.815 E.00503
G1 X153.925 Y7.974 E.00706
G1 F2999.998
G1 X153.925 Y16.026 E.32016
G1 F3000
G1 X153.892 Y16.105 E.0034
G1 E-.16 F2700
;WIPE_START
G1 F16800
G1 X153.869 Y16.16 E-.0091
G1 X153.867 Y16.167 E-.00111
G1 X153.726 Y16.225 E-.02328
G1 X149.754 Y16.225 E-.60651
;WIPE_END
G1 X140.413 Y7.292 Z2.586 F21000
G1 Z2.36 F720
G1 E.8 F1500
;TYPE:Perimeter
G1 F4200
G1 X140.326 Y7.179 E.00567
G1 X139.726 Y6.978 E.02516
G1 X110.022 Y6.978 E1.18109
G1 X110.022 Y6.022 E.03801
G1 X187.378 Y6.022 E3.07583
G1 X187.378 Y6.978 E.03801
M73 P54 R6
G1 X157.537 Y6.978 E1.18654
G1 X157.074 Y7.179 E.02007
G1 X156.753 Y7.595 E.02089
G1 X156.678 Y7.974 E.01536
G1 X156.678 Y18.978 E.43754
G1 X140.722 Y18.978 E.63444
G1 X140.722 Y7.974 E.43754
G1 X140.647 Y7.595 E.01536
G1 X140.45 Y7.339 E.01284
G1 X140.138 Y7.565 F21000
G1 F4200
G1 X140.086 Y7.497 E.0034
G1 X139.726 Y7.377 E.01509
G1 X109.623 Y7.377 E1.19696
G1 X109.623 Y5.623 E.06974
G1 X187.776 Y5.623 E3.10752
G1 X187.776 Y7.377 E.06974
G1 X157.674 Y7.377 E1.19692
G1 X157.314 Y7.497 E.01509
G1 X157.122 Y7.747 E.01253
G1 X157.077 Y7.974 E.0092
G1 X157.077 Y19.377 E.45341
G1 X140.323 Y19.377 E.66617
G1 X140.323 Y7.974 E.45341
G1 X140.278 Y7.747 E.0092
G1 X140.175 Y7.613 E.00672
M204 T250
G1 X139.86 Y7.845 F21000
M204 T7000
;TYPE:External perimeter
G1 F3000
G1 X139.846 Y7.815 E.00132
G1 X139.726 Y7.775 E.00503
G1 F2999.998
G1 X109.225 Y7.775 E1.21278
G1 X109.225 Y5.225 E.10139
G1 X188.175 Y5.225 E3.13921
G1 X188.175 Y7.775 E.10139
M73 P55 R6
G1 X157.674 Y7.775 E1.21278
G1 F3000
M73 Q55 S8
G1 X157.554 Y7.815 E.00503
G1 X157.475 Y7.974 E.00706
G1 F2999.998
G1 X157.475 Y19.775 E.46923
G1 X139.925 Y19.775 E.69782
G1 X139.925 Y7.974 E.46923
G1 F3000
G1 X139.887 Y7.898 E.00338
G1 E-.16 F2700
;WIPE_START
G1 F16800
G1 X139.86 Y7.845 E-.00908
G1 X139.846 Y7.815 E-.00505
G1 X139.726 Y7.775 E-.01931
G1 X135.753 Y7.775 E-.60656
;WIPE_END
G1 X153.498 Y6.331 Z2.671 F21000
G1 Z2.36 F720
G1 E.8 F1500
;TYPE:Solid infill
;WIDTH:0.390042
G1 F8400
G1 X143.677 Y6.331 E.33175
;WIDTH:0.420021
G1 X143.24 Y6.346 E.01608
;WIDTH:0.449999
G1 X142.804 Y6.361 E.01735
G1 X140.557 Y6.361 E.08935
G1 X140.127 Y6.346 E.01711
;WIDTH:0.420021
G1 X139.697 Y6.331 E.01582
;WIDTH:0.390042
G1 X110.331 Y6.331 E.99197
G1 X110.331 Y6.669 E.01142
G1 X139.716 Y6.669 E.99261
;WIDTH:0.420021
G1 X140.094 Y6.775 E.01444
;WIDTH:0.449999
G1 X140.473 Y6.882 E.01566
G1 X140.567 Y6.949 E.00459
G1 X140.935 Y7.425 E.02392
G1 X141.061 Y7.955 E.02166
G1 X141.061 Y18.639 E.42482
G1 X153.053 Y18.639 E.47683
G1 X153.053 Y18.498 E.00561
G1 X154.301 Y17.251 E.07015
G1 X154.462 Y17.11 E.00851
;WIDTH:0.420937
G1 X154.624 Y16.969 E.00792
G1 X154.419 Y17.116 E.0093
;WIDTH:0.449999
G1 X154.215 Y17.263 E.01
G1 X153.723 Y17.361 E.01995
G1 X143.68 Y17.361 E.39933
G1 X143.183 Y17.262 E.02015
G1 X142.76 Y16.993 E.01993
G1 X142.467 Y16.587 E.01991
G1 X142.339 Y16.046 E.02211
G1 X142.339 Y7.977 E.32084
G1 X142.439 Y7.47 E.02055
G1 X142.835 Y6.947 E.02608
G1 X143.146 Y6.808 E.01354
;WIDTH:0.420021
G1 X143.458 Y6.669 E.01256
;WIDTH:0.390042
G1 X153.716 Y6.669 E.34651
;WIDTH:0.420021
G1 X154.094 Y6.775 E.01444
;WIDTH:0.449999
G1 X154.473 Y6.882 E.01566
G1 X154.567 Y6.949 E.00459
G1 X154.935 Y7.425 E.02392
G1 X155.061 Y7.955 E.02166
G1 X155.061 Y16.023 E.3208
G1 X154.963 Y16.515 E.01995
G1 X154.816 Y16.719 E.01
;WIDTH:0.420964
G1 X154.669 Y16.924 E.0093
G1 X154.84 Y16.732 E.00948
;WIDTH:0.449999
G1 X155.011 Y16.541 E.01019
G1 X156.198 Y15.353 E.06678
G1 X156.339 Y15.353 E.00561
G1 X156.339 Y7.977 E.29328
G1 X156.439 Y7.47 E.02055
G1 X156.835 Y6.947 E.02608
G1 X157.146 Y6.808 E.01354
;WIDTH:0.420021
G1 X157.458 Y6.669 E.01256
;WIDTH:0.390042
G1 X187.069 Y6.669 E1.00024
G1 X187.069 Y6.331 E.01142
G1 X157.677 Y6.331 E.99285
;WIDTH:0.420021
G1 X157.24 Y6.346 E.01608
;WIDTH:0.449999
G1 X156.804 Y6.361 E.01735
G1 X154.557 Y6.361 E.08935
G1 X154.127 Y6.346 E.01711
;WIDTH:0.420021
G1 X153.697 Y6.331 E.01582
G1 X154.924 Y6.759 F21000
;WIDTH:0.449999
G1 F8400
G1 X156.476 Y6.759 E.06171
G1 X156.15 Y7.181 E.0212
G1 X156.036 Y7.432 E.01096
;WIDTH:0.491546
G1 X155.92 Y7.977 E.02447
G1 X155.92 Y15.039 E.31008
G1 X155.48 Y15.479 E.02732
G1 X155.48 Y7.977 E.32939
G1 X155.364 Y7.432 E.02447
;WIDTH:0.449999
G1 X155.25 Y7.181 E.01096
G1 X155.046 Y6.917 E.01327
G1 X155.749 Y7.148 E.02942
;WIDTH:0.457628
G1 X155.713 Y7.112 E.00206
G1 X155.664 Y7.126 E.00207
G1 X155.651 Y7.175 E.00205
G1 X155.687 Y7.211 E.00206
G1 X155.736 Y7.197 E.00207
G1 E-.16 F2700
;WIPE_START
G1 F16800
G1 X155.687 Y7.211 E-.00778
G1 X155.651 Y7.175 E-.00777
G1 X155.664 Y7.126 E-.00774
G1 X155.713 Y7.112 E-.00778
G1 X155.749 Y7.148 E-.00777
G1 X155.046 Y6.917 E-.11298
G1 X155.25 Y7.181 E-.05094
G1 X155.364 Y7.432 E-.04209
G1 X155.48 Y7.977 E-.08507
G1 X155.48 Y10.008 E-.31008
;WIPE_END
G1 X156.339 Y15.776 Z2.462 F21000
G1 Z2.36 F720
G1 E.8 F1500
;WIDTH:0.449999
G1 F8400
G1 X153.476 Y18.639 E.16099
G1 E-.16 F2700
;WIPE_START
G1 F16800
G1 X156.339 Y15.776 E-.61818
;WIPE_END
G1 E-.02182 F2700
G1 X156.198 Y16.48 Z2.373 F21000
G1 Z2.36 F720
G1 E.8 F1500
G1 F8400
G1 X154.039 Y18.639 E.1214
G1 X156.339 Y18.639 E.09145
G1 X156.339 Y16.339 E.09145
G1 X155.903 Y17.393 F21000
;WIDTH:0.525891
G1 F7904.939
G1 X155.903 Y18.203 E.03834
G1 X155.093 Y18.203 E.03834
G1 X155.762 Y17.534 E.04478
G1 E-.16 F2700
;WIPE_START
G1 F16800
G1 X155.093 Y18.203 E-.14445
G1 X155.903 Y18.203 E-.12367
G1 X155.903 Y17.393 E-.12367
;WIPE_END
G1 E-.24821 F2700
G1 X142.476 Y6.759 Z2.659 F21000
G1 Z2.36 F720
G1 E.8 F1500
;WIDTH:0.449999
G1 F8400
G1 X142.15 Y7.181 E.0212
G1 X142.036 Y7.432 E.01096
;WIDTH:0.491546
G1 X141.92 Y7.977 E.02447
G1 X141.92 Y16.113 E.35723
G1 X142.137 Y16.811 E.03209
;WIDTH:0.449999
G1 X142.449 Y17.251 E.02145
G1 X142.887 Y17.561 E.02134
G1 X143.102 Y17.652 E.00928
;WIDTH:0.491547
G1 X143.68 Y17.78 E.02599
G1 X153.179 Y17.78 E.41708
G1 X152.757 Y18.22 E.02677
G1 X143.68 Y18.22 E.39855
G1 X143.042 Y18.241 E.02803
;WIDTH:0.449999
G1 X141.459 Y18.241 E.06294
G1 X141.459 Y16.655 E.06306
;WIDTH:0.491547
G1 X141.48 Y16.023 E.02776
G1 X141.48 Y7.977 E.35328
G1 X141.364 Y7.432 E.02447
;WIDTH:0.449999
G1 X141.25 Y7.181 E.01096
G1 X140.924 Y6.759 E.0212
G1 X142.277 Y6.759 E.0538
G1 X141.749 Y7.148 E.02608
;WIDTH:0.457628
G1 X141.713 Y7.112 E.00206
G1 X141.664 Y7.126 E.00207
G1 X141.651 Y7.175 E.00205
G1 X141.687 Y7.211 E.00206
G1 X141.736 Y7.197 E.00207
G1 E-.16 F2700
;WIPE_START
G1 F16800
G1 X141.687 Y7.211 E-.00778
G1 X141.651 Y7.175 E-.00777
G1 X141.664 Y7.126 E-.00774
G1 X141.713 Y7.112 E-.00778
G1 X141.749 Y7.148 E-.00777
G1 X142.277 Y6.759 E-.10013
G1 X140.924 Y6.759 E-.20657
G1 X141.25 Y7.181 E-.08142
G1 X141.364 Y7.432 E-.04209
G1 X141.48 Y7.977 E-.08507
G1 X141.48 Y8.54 E-.08588
;WIPE_END
G1 X141.849 Y17.079 Z2.509 F21000
G1 Z2.36 F720
G1 E.8 F1500
;WIDTH:0.432225
G1 F8400
G1 X142.174 Y17.526 E.02099
G1 X142.621 Y17.851 E.02099
G1 X141.849 Y17.851 E.02933
G1 X141.849 Y17.278 E.02177
G1 E-.16 F2700
;WIPE_START
G1 F16800
G1 X141.849 Y17.851 E-.08748
G1 X142.621 Y17.851 E-.11787
G1 X142.174 Y17.526 E-.08438
G1 X141.849 Y17.079 E-.08438
;WIPE_END
G1 E-.26589 F2700
G1 X170.86 Y18.082 Z2.867 F21000
G1 X172.997 Y18.156 Z2.9
G1 X175.134 Y18.23 Z2.926
G1 X177.271 Y18.304 Z2.945
G1 X181.545 Y18.452 Z2.96
G1 X197.4 Y19
G1 Z2.36 F720
G1 E.8 F1500
;TYPE:Perimeter
;WIDTH:0.40602
G1 F3000
G1 X197.4 Y8.3 E.3785
G1 X197.776 Y7.923 F21000
;WIDTH:0.449999
G1 F3000
G1 X197.776 Y19.377 E.45543
G1 X197.023 Y19.377 E.02994
G1 X197.023 Y7.923 E.45543
G1 X197.717 Y7.923 E.02759
M73 Q55 S7
M204 T250
G1 X198.175 Y7.525 F21000
M204 T7000
;TYPE:External perimeter
G1 F2999.998
G1 X198.175 Y19.775 E.48708
G1 X196.625 Y19.775 E.06163
G1 X196.625 Y7.525 E.48708
G1 X198.115 Y7.525 E.05925
G1 E-.16 F2700
;WIPE_START
G1 F16800
G1 X198.175 Y7.525 E-.00916
G1 X198.175 Y11.657 E-.63084
;WIPE_END
G1 X218 Y19 Z2.729 F21000
G1 Z2.36 F720
G1 E.8 F1500
;TYPE:Perimeter
;WIDTH:0.40602
G1 F3000
G1 X218 Y8.3 E.3785
G1 X217.623 Y7.923 F21000
;WIDTH:0.449999
G1 F3000
G1 X218.377 Y7.923 E.02998
G1 X218.377 Y19.377 E.45543
G1 X217.623 Y19.377 E.02998
M73 P56 R6
G1 X217.623 Y7.983 E.45305
M204 T250
G1 X217.225 Y7.525 F21000
M204 T7000
;TYPE:External perimeter
G1 F2999.998
G1 X218.775 Y7.525 E.06163
G1 X218.775 Y19.775 E.48708
G1 X217.225 Y19.775 E.06163
G1 X217.225 Y7.585 E.4847
;LAYER_CHANGE
;Z:2.6
;HEIGHT:0.24
;BEFORE_LAYER_CHANGE
G92 E0.0
;2.6


G1 E-.16 F2700
;WIPE_START
G1 F16800
G1 X217.225 Y7.525 E-.00916
G1 X218.775 Y7.525 E-.23665
G1 X218.775 Y10.107 E-.39419
;WIPE_END
G1 X218.775 Y10.107 Z2.36 F21000
G1 X189.914 Y13.219 Z2.867
G1 X187.788 Y13.448 Z2.9
G1 X185.662 Y13.678 Z2.926
M73 Q56 S7
G1 X183.536 Y13.907 Z2.945
G1 X179.284 Y14.365 Z2.96
G1 X64.9 Y26.7 Z2.96
;AFTER_LAYER_CHANGE
;2.6
G1 Z2.6 F720
G1 E.8 F1500
;TYPE:Perimeter
;WIDTH:0.60602
G1 F3000
G1 X64.9 Y19.974 E.37215
G1 E-.16 F2700
;WIPE_START
G1 F16800
G1 X64.9 Y24.166 E-.64
;WIPE_END
G1 X70.7 Y26.7 Z2.71 F21000
G1 Z2.6 F720
G1 E.8 F1500
;WIDTH:0.606024
G1 F3000
G1 X70.7 Y19.974 E.37215
G1 E-.16 F2700
;WIPE_START
G1 F16800
G1 X70.7 Y24.166 E-.64
;WIPE_END
G1 X65.284 Y19.297 Z2.727 F21000
G1 Z2.6 F720
G1 E.8 F1500
;WIDTH:0.489005
G1 F4200
G1 X65.225 Y19.403 E.0053
;WIDTH:0.52801
G1 X65.116 Y19.593 E.01041
;WIDTH:0.567015
G1 X65.008 Y19.784 E.01129
;WIDTH:0.60602
G1 X64.9 Y19.974 E.01209
G1 X64.88 Y19.724 E.01388
;WIDTH:0.567015
G1 X64.861 Y19.474 E.0129
;WIDTH:0.52801
G1 X64.841 Y19.224 E.01192
;WIDTH:0.489005
G1 X64.822 Y18.974 E.01094
;WIDTH:0.449999
G1 X64.736 Y18.568 E.0165
G1 X64.627 Y18.382 E.00857
G1 X64.298 Y18.097 E.01731
G1 X63.826 Y17.978 E.01935
G1 X6.022 Y17.978 E2.2984
G1 X6.022 Y6.022 E.47539
G1 X9.978 Y6.022 E.1573
G1 X9.978 Y15.159 E.36331
G1 X10.131 Y15.557 E.01695
G1 X10.329 Y15.784 E.01198
G1 X10.62 Y15.957 E.01346
G1 X10.974 Y16.022 E.01431
G1 X95.026 Y16.022 E3.34207
G1 X95.38 Y15.957 E.01431
G1 X95.671 Y15.784 E.01346
G1 X95.869 Y15.557 E.01198
G1 X95.977 Y15.322 E.01028
G1 X96.022 Y15.026 E.0119
G1 X96.022 Y6.022 E.35802
G1 X99.978 Y6.022 E.1573
G1 X99.978 Y17.978 E.47539
G1 X71.645 Y17.978 E1.12658
G1 X71.302 Y18.097 E.01444
G1 X70.973 Y18.382 E.01731
G1 X70.864 Y18.568 E.00857
G1 X70.778 Y18.974 E.0165
;WIDTH:0.489006
G1 X70.759 Y19.224 E.01094
;WIDTH:0.528012
G1 X70.739 Y19.474 E.01192
;WIDTH:0.567018
G1 X70.72 Y19.724 E.0129
;WIDTH:0.606024
G1 X70.7 Y19.974 E.01388
G1 X70.592 Y19.784 E.01209
;WIDTH:0.567018
G1 X70.484 Y19.593 E.01129
;WIDTH:0.528012
G1 X70.375 Y19.403 E.01041
;WIDTH:0.489006
G1 X70.267 Y19.212 E.00958
;WIDTH:0.449999
G1 X69.901 Y19.017 E.01649
G1 X69.626 Y18.978 E.01104
G1 X65.974 Y18.978 E.14521
G1 X65.699 Y19.017 E.01104
G1 X65.333 Y19.212 E.01649
;WIDTH:0.489005
G1 X65.314 Y19.245 E.00166
G1 X65.561 Y19.578 F21000
;WIDTH:0.449999
G1 F4200
G1 X65.377 Y19.974 E.01736
G1 X65.377 Y27.177 E.28641
G1 X64.423 Y27.177 E.03793
G1 X64.423 Y18.974 E.32617
G1 X64.372 Y18.731 E.00987
G1 X64.307 Y18.619 E.00515
G1 X64.109 Y18.448 E.0104
G1 X63.826 Y18.377 E.0116
G1 X5.623 Y18.377 E2.31427
G1 X5.623 Y5.623 E.50712
G1 X10.377 Y5.623 E.18903
G1 X10.377 Y15.026 E.37388
G1 X10.404 Y15.204 E.00716
G1 X10.587 Y15.481 E.0132
G1 X10.762 Y15.584 E.00807
G1 X10.974 Y15.623 E.00857
G1 X95.11 Y15.623 E3.34541
G1 X95.413 Y15.481 E.01331
G1 X95.596 Y15.204 E.0132
G1 X95.623 Y15.026 E.00716
G1 X95.623 Y5.623 E.37388
G1 X100.377 Y5.623 E.18903
G1 X100.377 Y18.377 E.50712
G1 X71.774 Y18.377 E1.13731
G1 X71.491 Y18.448 E.0116
M73 P57 R6
G1 X71.293 Y18.619 E.0104
G1 X71.228 Y18.731 E.00515
G1 X71.177 Y18.974 E.00987
G1 X71.177 Y27.177 E.32617
G1 X70.223 Y27.177 E.03793
G1 X70.223 Y19.974 E.28641
G1 X70.011 Y19.517 E.02003
G1 X69.791 Y19.4 E.00991
G1 X69.626 Y19.377 E.00662
G1 X65.853 Y19.377 E.15002
G1 X65.589 Y19.517 E.01188
G1 X65.586 Y19.523 E.00027
M204 T250
G1 X65.836 Y19.843 F21000
M204 T7000
;TYPE:External perimeter
G1 F3000
G1 X65.775 Y19.974 E.00575
G1 F2999.998
G1 X65.775 Y27.575 E.30223
G1 X64.025 Y27.575 E.06958
G1 X64.025 Y18.974 E.34199
G1 F3000
G1 X63.986 Y18.856 E.00494
G1 X63.826 Y18.775 E.00713
G1 F2999.998
G1 X5.225 Y18.775 E2.33009
G1 X5.225 Y5.225 E.53877
M73 Q57 S7
G1 X10.775 Y5.225 E.22068
G1 X10.775 Y15.026 E.38971
G1 F3000
G1 X10.845 Y15.177 E.00662
G1 X10.974 Y15.225 E.00547
G1 F2999.998
G1 X95.026 Y15.225 E3.34207
G1 F3000
G1 X95.155 Y15.177 E.00547
G1 X95.225 Y15.026 E.00662
G1 F2999.998
G1 X95.225 Y5.225 E.38971
G1 X100.775 Y5.225 E.22068
G1 X100.775 Y18.775 E.53877
G1 X71.774 Y18.775 E1.15314
G1 F3000
G1 X71.614 Y18.856 E.00713
G1 X71.575 Y18.974 E.00494
G1 F2999.998
G1 X71.575 Y27.575 E.34199
G1 X69.825 Y27.575 E.06958
G1 X69.825 Y19.974 E.30223
G1 F3000
G1 X69.754 Y19.822 E.00667
G1 X69.626 Y19.775 E.00542
G1 X65.974 Y19.775 E.14521
G1 X65.881 Y19.809 E.00394
G1 E-.16 F2700
;WIPE_START
G1 F16800
G1 X65.836 Y19.843 E-.00861
G1 X65.775 Y19.974 E-.02206
G1 X65.775 Y23.965 E-.60933
;WIPE_END
G1 X92.097 Y11.726 Z3.107 F21000
G1 X94.036 Y10.824 Z3.14
G1 X95.975 Y9.922 Z3.166
G1 X97.914 Y9.021 Z3.185
G1 X99.639 Y8.218 Z3.195
G1 Z2.6 F720
G1 E.8 F1500
;TYPE:Internal infill
;WIDTH:0.45
G1 F7200
G1 X99.639 Y6.361 E.07384
G1 X99.497 Y6.361 E.00565
G1 X96.361 Y9.497 E.17634
G1 X96.361 Y12.032 E.1008
G1 X99.639 Y15.31 E.18433
G1 X99.639 Y17.639 E.09261
G1 X90.697 Y17.639 E.35555
G1 X89.418 Y16.361 E.07189
G1 X89.497 Y16.361 E.00314
G1 X88.218 Y17.639 E.07189
G1 X79.426 Y17.639 E.34959
G1 X78.147 Y16.361 E.07189
G1 X78.226 Y16.361 E.00314
G1 X76.947 Y17.639 E.07189
G1 X71.538 Y17.659 E.21507
G1 X71.136 Y17.799 E.01693
G1 X70.704 Y18.174 E.02275
G1 X70.551 Y18.436 E.01206
G1 X70.446 Y18.928 E.02
G1 X70.002 Y18.692 E.01999
G1 X69.715 Y18.642 E.01158
G1 X69.155 Y18.64 E.02227
G1 X66.876 Y16.361 E.12815
G1 X66.955 Y16.361 E.00314
G1 X64.987 Y18.329 E.11066
G1 X64.896 Y18.174 E.00715
G1 X64.459 Y17.795 E.023
G1 X63.843 Y17.639 E.02527
G1 X56.884 Y17.639 E.2767
G1 X55.605 Y16.361 E.07189
G1 X55.684 Y16.361 E.00314
G1 X54.405 Y17.639 E.07189
G1 X45.612 Y17.639 E.34963
G1 X44.334 Y16.361 E.07186
G1 X44.412 Y16.361 E.0031
G1 X43.134 Y17.639 E.07186
G1 X34.341 Y17.639 E.34963
G1 X33.063 Y16.361 E.07186
G1 X33.141 Y16.361 E.0031
G1 X31.863 Y17.639 E.07186
G1 X23.07 Y17.639 E.34963
G1 X21.791 Y16.361 E.07189
G1 X21.87 Y16.361 E.00314
G1 X20.591 Y17.639 E.07189
G1 X11.799 Y17.639 E.34959
G1 X10.343 Y16.183 E.08187
G1 X10.499 Y16.276 E.00722
G1 X10.655 Y16.304 E.0063
G1 X9.32 Y17.639 E.07507
G1 X7.32 Y17.639 E.07952
G1 E-.16 F2700
;WIPE_START
G1 F16800
G1 X9.32 Y17.639 E-.30536
G1 X10.655 Y16.304 E-.28825
G1 X10.499 Y16.276 E-.0242
G1 X10.374 Y16.202 E-.02219
;WIPE_END
G1 X9.639 Y13.665 Z2.646 F21000
G1 Z2.6 F720
G1 E.8 F1500
G1 F7200
G1 X9.639 Y15.032 E.05435
G1 X9.701 Y15.427 E.0159
G1 X9.798 Y15.638 E.00923
G1 X6.361 Y12.201 E.19327
G1 X6.361 Y9.328 E.11424
G1 X9.328 Y6.361 E.16684
G1 X9.639 Y6.361 E.01237
G1 X9.639 Y8.049 E.06712
G1 E-.16 F2700
;WIPE_START
G1 F16800
G1 X9.639 Y6.361 E-.25772
G1 X9.328 Y6.361 E-.04748
G1 X7.777 Y7.911 E-.3348
;WIPE_END
G1 X36.753 Y9.654 Z3.107 F21000
G1 X38.887 Y9.783 Z3.14
G1 X41.022 Y9.911 Z3.166
G1 X43.156 Y10.039 Z3.185
G1 X47.425 Y10.296 Z3.2
G1 X154.426 Y16.733
G1 Z2.6 F720
G1 E.8 F1500
;TYPE:Perimeter
;WIDTH:0.449999
G1 F4200
G1 X154.121 Y16.94 E.01466
G1 X153.726 Y17.022 E.01604
G1 X143.674 Y17.022 E.39969
G1 X143.279 Y16.94 E.01604
G1 X142.97 Y16.73 E.01486
G1 X142.76 Y16.421 E.01486
G1 X142.678 Y16.026 E.01604
G1 X142.678 Y7.974 E.32016
G1 X142.753 Y7.595 E.01536
G1 X143.074 Y7.179 E.02089
G1 X143.537 Y6.978 E.02007
G1 X153.726 Y6.978 E.40513
G1 X154.326 Y7.179 E.02516
M73 P58 R6
G1 X154.647 Y7.595 E.02089
G1 X154.722 Y7.974 E.01536
G1 X154.722 Y16.026 E.32016
G1 X154.64 Y16.421 E.01604
G1 X154.461 Y16.685 E.01268
G1 X154.146 Y16.45 F21000
G1 F3000
G1 X153.963 Y16.574 E.00879
G1 X153.726 Y16.623 E.00962
G1 X143.674 Y16.623 E.39969
G1 X143.437 Y16.574 E.00962
G1 X143.252 Y16.448 E.0089
G1 X143.126 Y16.263 E.0089
G1 X143.077 Y16.026 E.00962
G1 X143.077 Y7.974 E.32016
G1 X143.122 Y7.747 E.0092
G1 X143.314 Y7.497 E.01253
G1 X143.674 Y7.377 E.01509
G1 X153.726 Y7.377 E.39969
G1 X154.086 Y7.497 E.01509
G1 X154.278 Y7.747 E.01253
G1 X154.323 Y7.974 E.0092
G1 X154.323 Y16.026 E.32016
G1 X154.274 Y16.263 E.00962
M73 Q58 S7
G1 X154.18 Y16.402 E.00667
M204 T250
G1 X153.869 Y16.16 F21000
M204 T7000
;TYPE:External perimeter
G1 F3000
G1 X153.867 Y16.167 E.00029
G1 X153.726 Y16.225 E.00606
G1 F2999.998
G1 X143.674 Y16.225 E.39969
G1 F3000
G1 X143.533 Y16.167 E.00606
G1 X143.475 Y16.026 E.00606
G1 F2999.998
G1 X143.475 Y7.974 E.32016
G1 F3000
G1 X143.554 Y7.815 E.00706
G1 X143.674 Y7.775 E.00503
G1 F2999.998
G1 X153.726 Y7.775 E.39969
G1 F3000
G1 X153.846 Y7.815 E.00503
G1 X153.925 Y7.974 E.00706
G1 F2999.998
G1 X153.925 Y16.026 E.32016
G1 F3000
G1 X153.892 Y16.105 E.0034
G1 E-.16 F2700
;WIPE_START
G1 F16800
G1 X153.869 Y16.16 E-.0091
G1 X153.867 Y16.167 E-.00111
G1 X153.726 Y16.225 E-.02328
G1 X149.754 Y16.225 E-.60651
;WIPE_END
G1 X140.413 Y7.292 Z2.826 F21000
G1 Z2.6 F720
G1 E.8 F1500
;TYPE:Perimeter
G1 F4200
G1 X140.326 Y7.179 E.00567
G1 X139.726 Y6.978 E.02516
G1 X110.022 Y6.978 E1.18109
G1 X110.022 Y6.022 E.03801
G1 X187.378 Y6.022 E3.07583
G1 X187.378 Y6.978 E.03801
G1 X157.537 Y6.978 E1.18654
G1 X157.074 Y7.179 E.02007
G1 X156.753 Y7.595 E.02089
G1 X156.678 Y7.974 E.01536
G1 X156.678 Y18.978 E.43754
G1 X140.722 Y18.978 E.63444
G1 X140.722 Y7.974 E.43754
G1 X140.647 Y7.595 E.01536
G1 X140.45 Y7.339 E.01284
G1 X140.138 Y7.565 F21000
G1 F4200
G1 X140.086 Y7.497 E.0034
G1 X139.726 Y7.377 E.01509
G1 X109.623 Y7.377 E1.19696
G1 X109.623 Y5.623 E.06974
G1 X187.776 Y5.623 E3.10752
G1 X187.776 Y7.377 E.06974
G1 X157.674 Y7.377 E1.19692
G1 X157.314 Y7.497 E.01509
G1 X157.122 Y7.747 E.01253
G1 X157.077 Y7.974 E.0092
G1 X157.077 Y19.377 E.45341
G1 X140.323 Y19.377 E.66617
G1 X140.323 Y7.974 E.45341
G1 X140.278 Y7.747 E.0092
G1 X140.175 Y7.613 E.00672
M204 T250
G1 X139.86 Y7.845 F21000
M204 T7000
;TYPE:External perimeter
G1 F3000
G1 X139.846 Y7.815 E.00132
G1 X139.726 Y7.775 E.00503
G1 F2999.998
G1 X109.225 Y7.775 E1.21278
G1 X109.225 Y5.225 E.10139
G1 X188.175 Y5.225 E3.13921
G1 X188.175 Y7.775 E.10139
M73 P59 R6
G1 X157.674 Y7.775 E1.21278
G1 F3000
G1 X157.554 Y7.815 E.00503
G1 X157.475 Y7.974 E.00706
G1 F2999.998
G1 X157.475 Y19.775 E.46923
G1 X139.925 Y19.775 E.69782
G1 X139.925 Y7.974 E.46923
G1 F3000
G1 X139.887 Y7.898 E.00338
G1 E-.16 F2700
;WIPE_START
G1 F16800
G1 X139.86 Y7.845 E-.00908
G1 X139.846 Y7.815 E-.00505
G1 X139.726 Y7.775 E-.01931
G1 X135.753 Y7.775 E-.60656
M73 Q59 S7
;WIPE_END
G1 X110.331 Y6.669 Z3.044 F21000
G1 Z2.6 F720
G1 E.8 F1500
;TYPE:Solid infill
;WIDTH:0.390042
G1 F8400
G1 X110.331 Y6.331 E.01142
G1 X139.697 Y6.331 E.99197
;WIDTH:0.420021
G1 X140.127 Y6.346 E.01582
;WIDTH:0.449999
G1 X140.557 Y6.361 E.01711
G1 X142.804 Y6.361 E.08935
G1 X143.24 Y6.346 E.01735
;WIDTH:0.420021
G1 X143.677 Y6.331 E.01608
;WIDTH:0.390042
G1 X153.697 Y6.331 E.33847
;WIDTH:0.420021
G1 X154.127 Y6.346 E.01582
;WIDTH:0.449999
G1 X154.557 Y6.361 E.01711
G1 X156.804 Y6.361 E.08935
G1 X157.24 Y6.346 E.01735
;WIDTH:0.420021
G1 X157.677 Y6.331 E.01608
;WIDTH:0.390042
G1 X187.069 Y6.331 E.99285
G1 X187.069 Y6.669 E.01142
G1 X157.458 Y6.669 E1.00024
;WIDTH:0.420021
G1 X157.146 Y6.808 E.01256
;WIDTH:0.449999
G1 X156.835 Y6.947 E.01354
G1 X156.439 Y7.47 E.02608
G1 X156.339 Y7.977 E.02055
G1 X156.339 Y18.639 E.42394
G1 X144.364 Y18.639 E.47615
G1 X144.364 Y18.498 E.00561
G1 X143.163 Y17.298 E.06751
G1 X142.971 Y17.131 E.01012
;WIDTH:0.42093
G1 X142.78 Y16.964 E.00935
G1 X142.981 Y17.113 E.00922
;WIDTH:0.449999
G1 X143.183 Y17.262 E.00998
G1 X143.68 Y17.361 E.02015
G1 X153.746 Y17.361 E.40024
G1 X154.287 Y17.233 E.02211
G1 X154.693 Y16.94 E.01991
G1 X154.963 Y16.515 E.02002
G1 X155.061 Y16.023 E.01995
G1 X155.061 Y7.955 E.3208
G1 X154.935 Y7.425 E.02166
G1 X154.567 Y6.949 E.02392
G1 X154.473 Y6.882 E.00459
G1 X154.094 Y6.775 E.01566
;WIDTH:0.420021
G1 X153.716 Y6.669 E.01444
;WIDTH:0.390042
G1 X143.458 Y6.669 E.34651
;WIDTH:0.420021
G1 X143.146 Y6.808 E.01256
;WIDTH:0.449999
G1 X142.835 Y6.947 E.01354
G1 X142.439 Y7.47 E.02608
G1 X142.339 Y7.977 E.02055
G1 X142.339 Y16.023 E.31992
G1 X142.437 Y16.515 E.01995
G1 X142.586 Y16.718 E.01001
;WIDTH:0.420752
G1 X142.736 Y16.92 E.00927
G1 X142.597 Y16.757 E.00789
;WIDTH:0.449999
G1 X142.459 Y16.593 E.00852
G1 X141.202 Y15.336 E.07068
G1 X141.061 Y15.336 E.00561
G1 X141.061 Y7.955 E.29348
G1 X140.935 Y7.425 E.02166
G1 X140.567 Y6.949 E.02392
G1 X140.473 Y6.882 E.00459
G1 X140.094 Y6.775 E.01566
;WIDTH:0.420021
G1 X139.716 Y6.669 E.01444
;WIDTH:0.390042
G1 X110.53 Y6.669 E.98589
G1 E-.16 F2700
;WIPE_START
G1 F16800
G1 X114.722 Y6.669 E-.64
;WIPE_END
G1 X140.924 Y6.759 Z3.057 F21000
G1 Z2.6 F720
G1 E.8 F1500
;WIDTH:0.449999
G1 F8400
G1 X142.476 Y6.759 E.06171
G1 X142.15 Y7.181 E.0212
G1 X142.036 Y7.432 E.01096
;WIDTH:0.491547
G1 X141.92 Y7.977 E.02447
G1 X141.92 Y15.462 E.32865
G1 X141.48 Y15.04 E.02677
G1 X141.48 Y7.977 E.31012
G1 X141.364 Y7.432 E.02447
;WIDTH:0.449999
G1 X141.25 Y7.181 E.01096
G1 X141.046 Y6.917 E.01327
G1 X141.687 Y7.112 E.02664
;WIDTH:0.457628
G1 X141.651 Y7.148 E.00206
G1 X141.664 Y7.197 E.00205
G1 X141.713 Y7.211 E.00207
G1 X141.749 Y7.175 E.00206
G1 X141.736 Y7.126 E.00205
G1 E-.16 F2700
;WIPE_START
G1 F16800
G1 X141.749 Y7.175 E-.00774
G1 X141.713 Y7.211 E-.00777
G1 X141.664 Y7.197 E-.00778
G1 X141.651 Y7.148 E-.00774
G1 X141.687 Y7.112 E-.00777
G1 X141.046 Y6.917 E-.1023
G1 X141.25 Y7.181 E-.05094
G1 X141.364 Y7.432 E-.04209
G1 X141.48 Y7.977 E-.08507
G1 X141.48 Y10.078 E-.3208
;WIPE_END
G1 X144.238 Y17.78 Z2.743 F21000
G1 Z2.6 F720
G1 E.8 F1500
;WIDTH:0.491546
G1 F8400
G1 X153.813 Y17.78 E.42041
G1 X154.511 Y17.563 E.03209
;WIDTH:0.449999
G1 X154.951 Y17.251 E.02145
G1 X155.263 Y16.811 E.02145
G1 X155.354 Y16.595 E.00932
;WIDTH:0.491547
G1 X155.48 Y16.023 E.02572
G1 X155.48 Y7.977 E.35328
G1 X155.364 Y7.432 E.02447
;WIDTH:0.449999
G1 X155.25 Y7.181 E.01096
G1 X154.924 Y6.759 E.0212
G1 X156.476 Y6.759 E.06171
G1 X156.15 Y7.181 E.0212
G1 X156.036 Y7.432 E.01096
;WIDTH:0.491547
G1 X155.92 Y7.977 E.02447
G1 X155.92 Y16.023 E.35328
G1 X155.941 Y16.655 E.02776
;WIDTH:0.449999
G1 X155.941 Y18.241 E.06306
G1 X154.355 Y18.241 E.06306
;WIDTH:0.491547
G1 X153.723 Y18.22 E.02776
G1 X144.678 Y18.22 E.39714
G1 X144.379 Y17.921 E.01857
G1 E-.16 F2700
;WIPE_START
G1 F16800
G1 X144.678 Y18.22 E-.06456
G1 X148.447 Y18.22 E-.57544
;WIPE_END
G1 X141.117 Y18.583 Z2.728 F21000
G1 Z2.6 F720
G1 E.8 F1500
;WIDTH:0.486574
G1 F8400
G1 X141.132 Y18.635 E.00235
G1 X141.093 Y18.674 E.00239
G1 X141.041 Y18.659 E.00235
G1 X141.026 Y18.607 E.00235
G1 X141.065 Y18.568 E.00239
;WIDTH:0.449999
G1 X141.061 Y18.013 E.02207
G1 X141.687 Y18.639 E.0352
G1 X142.25 Y18.639 E.02239
G1 X141.061 Y17.45 E.06686
G1 X141.061 Y16.886 E.02243
G1 X142.814 Y18.639 E.09857
G1 X143.377 Y18.639 E.02239
G1 X141.061 Y16.323 E.13023
G1 X141.061 Y15.759 E.02243
G1 X143.941 Y18.639 E.16195
G1 E-.16 F2700
;WIPE_START
G1 F16800
G1 X141.061 Y15.759 E-.62185
G1 X141.061 Y15.878 E-.01815
;WIPE_END
G1 X154.779 Y17.851 Z2.842 F21000
G1 Z2.6 F720
G1 E.8 F1500
;WIDTH:0.432224
G1 F8400
G1 X155.226 Y17.526 E.02099
G1 X155.551 Y17.079 E.02099
G1 X155.551 Y17.851 E.02933
G1 X154.978 Y17.851 E.02177
G1 E-.16 F2700
;WIPE_START
G1 F16800
G1 X155.551 Y17.851 E-.08748
G1 X155.551 Y17.079 E-.11787
G1 X155.226 Y17.526 E-.08438
G1 X154.779 Y17.851 E-.08438
;WIPE_END
G1 E-.26589 F2700
G1 X155.736 Y7.126 Z2.788 F21000
G1 Z2.6 F720
G1 E.8 F1500
;WIDTH:0.457628
G1 F8400
G1 X155.749 Y7.175 E.00205
G1 X155.713 Y7.211 E.00206
G1 X155.664 Y7.197 E.00207
G1 X155.651 Y7.148 E.00205
G1 X155.687 Y7.112 E.00206
G1 E-.16 F2700
;WIPE_START
G1 F16800
G1 X155.651 Y7.148 E-.00777
G1 X155.664 Y7.197 E-.00774
G1 X155.713 Y7.211 E-.00778
G1 X155.749 Y7.175 E-.00777
G1 X155.736 Y7.126 E-.00774
;WIPE_END
G1 E-.6012 F2700
G1 X183.653 Y15.082 Z3.107 F21000
G1 X185.709 Y15.668 Z3.14
G1 X187.765 Y16.254 Z3.166
G1 X189.822 Y16.84 Z3.185
G1 X193.935 Y18.012 Z3.2
G1 X197.4 Y19
G1 Z2.6 F720
G1 E.8 F1500
;TYPE:Perimeter
;WIDTH:0.40602
G1 F3000
G1 X197.4 Y8.3 E.3785
G1 X197.776 Y7.923 F21000
;WIDTH:0.449999
G1 F3000
G1 X197.776 Y19.377 E.45543
G1 X197.023 Y19.377 E.02994
G1 X197.023 Y7.923 E.45543
G1 X197.717 Y7.923 E.02759
M204 T250
G1 X198.175 Y7.525 F21000
M204 T7000
;TYPE:External perimeter
G1 F2999.998
G1 X198.175 Y19.775 E.48708
G1 X196.625 Y19.775 E.06163
G1 X196.625 Y7.525 E.48708
G1 X198.115 Y7.525 E.05925
G1 E-.16 F2700
;WIPE_START
G1 F16800
G1 X198.175 Y7.525 E-.00916
G1 X198.175 Y11.657 E-.63084
;WIPE_END
G1 X218 Y19 Z2.969 F21000
G1 Z2.6 F720
G1 E.8 F1500
;TYPE:Perimeter
;WIDTH:0.40602
G1 F3000
G1 X218 Y8.3 E.3785
G1 X217.623 Y7.923 F21000
;WIDTH:0.449999
G1 F3000
G1 X218.377 Y7.923 E.02998
G1 X218.377 Y19.377 E.45543
G1 X217.623 Y19.377 E.02998
G1 X217.623 Y7.983 E.45305
M204 T250
G1 X217.225 Y7.525 F21000
M204 T7000
;TYPE:External perimeter
G1 F2999.998
G1 X218.775 Y7.525 E.06163
G1 X218.775 Y19.775 E.48708
G1 X217.225 Y19.775 E.06163
M73 P60 R6
G1 X217.225 Y7.585 E.4847
;LAYER_CHANGE
;Z:2.84
;HEIGHT:0.24
;BEFORE_LAYER_CHANGE
G92 E0.0
;2.84


G1 E-.16 F2700
;WIPE_START
G1 F16800
G1 X217.225 Y7.525 E-.00916
G1 X218.775 Y7.525 E-.23665
G1 X218.775 Y10.107 E-.39419
;WIPE_END
G1 X218.775 Y10.107 Z2.6 F21000
G1 X189.914 Y13.219 Z3.107
G1 X187.788 Y13.448 Z3.14
G1 X185.662 Y13.678 Z3.166
G1 X183.536 Y13.907 Z3.185
G1 X179.284 Y14.365 Z3.2
G1 X64.9 Y26.7 Z3.2
;AFTER_LAYER_CHANGE
;2.84
G1 Z2.84 F720
M73 Q60 S7
G1 E.8 F1500
;TYPE:Perimeter
;WIDTH:0.60602
G1 F3000
G1 X64.9 Y19.974 E.37215
G1 E-.16 F2700
;WIPE_START
G1 F16800
G1 X64.9 Y24.166 E-.64
;WIPE_END
G1 X70.7 Y26.7 Z2.95 F21000
G1 Z2.84 F720
G1 E.8 F1500
;WIDTH:0.606024
G1 F3000
G1 X70.7 Y19.974 E.37215
G1 E-.16 F2700
;WIPE_START
G1 F16800
G1 X70.7 Y24.166 E-.64
;WIPE_END
G1 X65.284 Y19.297 Z2.967 F21000
G1 Z2.84 F720
G1 E.8 F1500
;WIDTH:0.489005
G1 F4200
G1 X65.225 Y19.403 E.0053
;WIDTH:0.52801
G1 X65.116 Y19.593 E.01041
;WIDTH:0.567015
G1 X65.008 Y19.784 E.01129
;WIDTH:0.60602
G1 X64.9 Y19.974 E.01209
G1 X64.88 Y19.724 E.01388
;WIDTH:0.567015
G1 X64.861 Y19.474 E.0129
;WIDTH:0.52801
G1 X64.841 Y19.224 E.01192
;WIDTH:0.489005
G1 X64.822 Y18.974 E.01094
;WIDTH:0.449999
G1 X64.736 Y18.568 E.0165
G1 X64.627 Y18.382 E.00857
G1 X64.298 Y18.097 E.01731
G1 X63.826 Y17.978 E.01935
G1 X6.022 Y17.978 E2.2984
G1 X6.022 Y6.022 E.47539
G1 X9.978 Y6.022 E.1573
G1 X9.978 Y15.159 E.36331
G1 X10.131 Y15.557 E.01695
G1 X10.329 Y15.784 E.01198
G1 X10.62 Y15.957 E.01346
G1 X10.974 Y16.022 E.01431
G1 X95.026 Y16.022 E3.34207
G1 X95.38 Y15.957 E.01431
G1 X95.671 Y15.784 E.01346
G1 X95.869 Y15.557 E.01198
G1 X95.977 Y15.322 E.01028
G1 X96.022 Y15.026 E.0119
G1 X96.022 Y6.022 E.35802
G1 X99.978 Y6.022 E.1573
G1 X99.978 Y17.978 E.47539
G1 X71.645 Y17.978 E1.12658
G1 X71.302 Y18.097 E.01444
G1 X70.973 Y18.382 E.01731
G1 X70.864 Y18.568 E.00857
G1 X70.778 Y18.974 E.0165
;WIDTH:0.489006
G1 X70.759 Y19.224 E.01094
;WIDTH:0.528012
G1 X70.739 Y19.474 E.01192
;WIDTH:0.567018
G1 X70.72 Y19.724 E.0129
;WIDTH:0.606024
G1 X70.7 Y19.974 E.01388
G1 X70.592 Y19.784 E.01209
;WIDTH:0.567018
G1 X70.484 Y19.593 E.01129
;WIDTH:0.528012
G1 X70.375 Y19.403 E.01041
;WIDTH:0.489006
G1 X70.267 Y19.212 E.00958
;WIDTH:0.449999
G1 X69.901 Y19.017 E.01649
G1 X69.626 Y18.978 E.01104
G1 X65.974 Y18.978 E.14521
G1 X65.699 Y19.017 E.01104
G1 X65.333 Y19.212 E.01649
;WIDTH:0.489005
G1 X65.314 Y19.245 E.00166
G1 X65.561 Y19.578 F21000
;WIDTH:0.449999
G1 F4200
G1 X65.377 Y19.974 E.01736
G1 X65.377 Y27.177 E.28641
G1 X64.423 Y27.177 E.03793
G1 X64.423 Y18.974 E.32617
G1 X64.372 Y18.731 E.00987
G1 X64.307 Y18.619 E.00515
G1 X64.109 Y18.448 E.0104
G1 X63.826 Y18.377 E.0116
G1 X5.623 Y18.377 E2.31427
G1 X5.623 Y5.623 E.50712
G1 X10.377 Y5.623 E.18903
G1 X10.377 Y15.026 E.37388
G1 X10.404 Y15.204 E.00716
G1 X10.587 Y15.481 E.0132
G1 X10.762 Y15.584 E.00807
G1 X10.974 Y15.623 E.00857
G1 X95.11 Y15.623 E3.34541
G1 X95.413 Y15.481 E.01331
G1 X95.596 Y15.204 E.0132
G1 X95.623 Y15.026 E.00716
G1 X95.623 Y5.623 E.37388
G1 X100.377 Y5.623 E.18903
G1 X100.377 Y18.377 E.50712
G1 X71.774 Y18.377 E1.13731
G1 X71.491 Y18.448 E.0116
M73 P60 R5
G1 X71.293 Y18.619 E.0104
G1 X71.228 Y18.731 E.00515
G1 X71.177 Y18.974 E.00987
G1 X71.177 Y27.177 E.32617
G1 X70.223 Y27.177 E.03793
G1 X70.223 Y19.974 E.28641
G1 X70.011 Y19.517 E.02003
G1 X69.791 Y19.4 E.00991
G1 X69.626 Y19.377 E.00662
G1 X65.853 Y19.377 E.15002
G1 X65.589 Y19.517 E.01188
G1 X65.586 Y19.523 E.00027
M204 T250
G1 X65.836 Y19.843 F21000
M204 T7000
;TYPE:External perimeter
G1 F3000
G1 X65.775 Y19.974 E.00575
G1 F2999.998
G1 X65.775 Y27.575 E.30223
G1 X64.025 Y27.575 E.06958
M73 P61 R5
G1 X64.025 Y18.974 E.34199
G1 F3000
G1 X63.986 Y18.856 E.00494
G1 X63.826 Y18.775 E.00713
G1 F2999.998
G1 X5.225 Y18.775 E2.33009
G1 X5.225 Y5.225 E.53877
G1 X10.775 Y5.225 E.22068
M73 Q61 S7
G1 X10.775 Y15.026 E.38971
G1 F3000
G1 X10.845 Y15.177 E.00662
G1 X10.974 Y15.225 E.00547
G1 F2999.998
G1 X95.026 Y15.225 E3.34207
G1 F3000
G1 X95.155 Y15.177 E.00547
G1 X95.225 Y15.026 E.00662
G1 F2999.998
G1 X95.225 Y5.225 E.38971
G1 X100.775 Y5.225 E.22068
G1 X100.775 Y18.775 E.53877
G1 X71.774 Y18.775 E1.15314
M73 Q61 S6
G1 F3000
G1 X71.614 Y18.856 E.00713
G1 X71.575 Y18.974 E.00494
G1 F2999.998
G1 X71.575 Y27.575 E.34199
G1 X69.825 Y27.575 E.06958
G1 X69.825 Y19.974 E.30223
G1 F3000
G1 X69.754 Y19.822 E.00667
G1 X69.626 Y19.775 E.00542
G1 X65.974 Y19.775 E.14521
G1 X65.881 Y19.809 E.00394
G1 E-.16 F2700
;WIPE_START
G1 F16800
G1 X65.836 Y19.843 E-.00861
G1 X65.775 Y19.974 E-.02206
G1 X65.775 Y23.965 E-.60933
;WIPE_END
G1 X92.097 Y11.726 Z3.347 F21000
G1 X94.036 Y10.824 Z3.38
G1 X95.975 Y9.922 Z3.406
G1 X97.914 Y9.021 Z3.425
G1 X99.639 Y8.218 Z3.435
G1 Z2.84 F720
G1 E.8 F1500
;TYPE:Internal infill
;WIDTH:0.45
G1 F7200
G1 X99.639 Y6.361 E.07384
G1 X99.497 Y6.361 E.00565
G1 X96.361 Y9.497 E.17634
G1 X96.361 Y12.032 E.1008
G1 X99.639 Y15.31 E.18433
G1 X99.639 Y17.639 E.09261
G1 X90.697 Y17.639 E.35555
G1 X89.418 Y16.361 E.07189
G1 X89.497 Y16.361 E.00314
G1 X88.218 Y17.639 E.07189
G1 X79.426 Y17.639 E.34959
G1 X78.147 Y16.361 E.07189
G1 X78.226 Y16.361 E.00314
G1 X76.947 Y17.639 E.07189
G1 X71.538 Y17.659 E.21507
G1 X71.136 Y17.799 E.01693
G1 X70.704 Y18.174 E.02275
G1 X70.551 Y18.436 E.01206
G1 X70.446 Y18.928 E.02
G1 X70.002 Y18.692 E.01999
G1 X69.715 Y18.642 E.01158
G1 X69.155 Y18.64 E.02227
G1 X66.876 Y16.361 E.12815
G1 X66.955 Y16.361 E.00314
G1 X64.987 Y18.329 E.11066
G1 X64.896 Y18.174 E.00715
G1 X64.459 Y17.795 E.023
G1 X63.843 Y17.639 E.02527
G1 X56.884 Y17.639 E.2767
G1 X55.605 Y16.361 E.07189
G1 X55.684 Y16.361 E.00314
G1 X54.405 Y17.639 E.07189
G1 X45.612 Y17.639 E.34963
G1 X44.334 Y16.361 E.07186
G1 X44.412 Y16.361 E.0031
G1 X43.134 Y17.639 E.07186
G1 X34.341 Y17.639 E.34963
G1 X33.063 Y16.361 E.07186
G1 X33.141 Y16.361 E.0031
G1 X31.863 Y17.639 E.07186
G1 X23.07 Y17.639 E.34963
G1 X21.791 Y16.361 E.07189
G1 X21.87 Y16.361 E.00314
G1 X20.591 Y17.639 E.07189
G1 X11.799 Y17.639 E.34959
G1 X10.343 Y16.183 E.08187
G1 X10.499 Y16.276 E.00722
G1 X10.655 Y16.304 E.0063
G1 X9.32 Y17.639 E.07507
G1 X7.32 Y17.639 E.07952
G1 E-.16 F2700
;WIPE_START
G1 F16800
G1 X9.32 Y17.639 E-.30536
G1 X10.655 Y16.304 E-.28825
G1 X10.499 Y16.276 E-.0242
G1 X10.374 Y16.202 E-.02219
;WIPE_END
G1 X9.639 Y13.665 Z2.886 F21000
G1 Z2.84 F720
G1 E.8 F1500
G1 F7200
G1 X9.639 Y15.032 E.05435
G1 X9.701 Y15.427 E.0159
G1 X9.798 Y15.638 E.00923
G1 X6.361 Y12.201 E.19327
G1 X6.361 Y9.328 E.11424
G1 X9.328 Y6.361 E.16684
G1 X9.639 Y6.361 E.01237
G1 X9.639 Y8.049 E.06712
G1 E-.16 F2700
;WIPE_START
G1 F16800
G1 X9.639 Y6.361 E-.25772
G1 X9.328 Y6.361 E-.04748
G1 X7.777 Y7.911 E-.3348
;WIPE_END
G1 X36.753 Y9.654 Z3.347 F21000
G1 X38.887 Y9.783 Z3.38
G1 X41.022 Y9.911 Z3.406
G1 X43.156 Y10.039 Z3.425
G1 X47.425 Y10.296 Z3.44
G1 X154.426 Y16.733
G1 Z2.84 F720
G1 E.8 F1500
;TYPE:Perimeter
;WIDTH:0.449999
G1 F4200
G1 X154.121 Y16.94 E.01466
G1 X153.726 Y17.022 E.01604
G1 X143.674 Y17.022 E.39969
G1 X143.279 Y16.94 E.01604
G1 X142.97 Y16.73 E.01486
G1 X142.76 Y16.421 E.01486
G1 X142.678 Y16.026 E.01604
G1 X142.678 Y7.974 E.32016
G1 X142.753 Y7.595 E.01536
G1 X143.074 Y7.179 E.02089
G1 X143.537 Y6.978 E.02007
G1 X153.726 Y6.978 E.40513
G1 X154.326 Y7.179 E.02516
G1 X154.647 Y7.595 E.02089
G1 X154.722 Y7.974 E.01536
G1 X154.722 Y16.026 E.32016
G1 X154.64 Y16.421 E.01604
G1 X154.461 Y16.685 E.01268
G1 X154.146 Y16.45 F21000
G1 F3000
G1 X153.963 Y16.574 E.00879
G1 X153.726 Y16.623 E.00962
G1 X143.674 Y16.623 E.39969
G1 X143.437 Y16.574 E.00962
G1 X143.252 Y16.448 E.0089
G1 X143.126 Y16.263 E.0089
G1 X143.077 Y16.026 E.00962
G1 X143.077 Y7.974 E.32016
G1 X143.122 Y7.747 E.0092
M73 P62 R5
G1 X143.314 Y7.497 E.01253
G1 X143.674 Y7.377 E.01509
G1 X153.726 Y7.377 E.39969
G1 X154.086 Y7.497 E.01509
G1 X154.278 Y7.747 E.01253
G1 X154.323 Y7.974 E.0092
G1 X154.323 Y16.026 E.32016
G1 X154.274 Y16.263 E.00962
G1 X154.18 Y16.402 E.00667
M204 T250
G1 X153.869 Y16.16 F21000
M204 T7000
;TYPE:External perimeter
G1 F3000
G1 X153.867 Y16.167 E.00029
G1 X153.726 Y16.225 E.00606
G1 F2999.998
G1 X143.674 Y16.225 E.39969
G1 F3000
G1 X143.533 Y16.167 E.00606
G1 X143.475 Y16.026 E.00606
G1 F2999.998
G1 X143.475 Y7.974 E.32016
G1 F3000
G1 X143.554 Y7.815 E.00706
G1 X143.674 Y7.775 E.00503
G1 F2999.998
G1 X153.726 Y7.775 E.39969
G1 F3000
M73 Q62 S6
G1 X153.846 Y7.815 E.00503
G1 X153.925 Y7.974 E.00706
G1 F2999.998
G1 X153.925 Y16.026 E.32016
G1 F3000
G1 X153.892 Y16.105 E.0034
G1 E-.16 F2700
;WIPE_START
G1 F16800
G1 X153.869 Y16.16 E-.0091
G1 X153.867 Y16.167 E-.00111
G1 X153.726 Y16.225 E-.02328
G1 X149.754 Y16.225 E-.60651
;WIPE_END
G1 X140.413 Y7.292 Z3.066 F21000
G1 Z2.84 F720
G1 E.8 F1500
;TYPE:Perimeter
G1 F4200
G1 X140.326 Y7.179 E.00567
G1 X139.726 Y6.978 E.02516
G1 X110.022 Y6.978 E1.18109
G1 X110.022 Y6.022 E.03801
G1 X187.378 Y6.022 E3.07583
G1 X187.378 Y6.978 E.03801
G1 X157.537 Y6.978 E1.18654
G1 X157.074 Y7.179 E.02007
G1 X156.753 Y7.595 E.02089
G1 X156.678 Y7.974 E.01536
G1 X156.678 Y18.978 E.43754
G1 X140.722 Y18.978 E.63444
G1 X140.722 Y7.974 E.43754
G1 X140.647 Y7.595 E.01536
G1 X140.45 Y7.339 E.01284
G1 X140.138 Y7.565 F21000
G1 F4200
G1 X140.086 Y7.497 E.0034
G1 X139.726 Y7.377 E.01509
G1 X109.623 Y7.377 E1.19696
G1 X109.623 Y5.623 E.06974
G1 X187.776 Y5.623 E3.10752
G1 X187.776 Y7.377 E.06974
G1 X157.674 Y7.377 E1.19692
G1 X157.314 Y7.497 E.01509
G1 X157.122 Y7.747 E.01253
G1 X157.077 Y7.974 E.0092
G1 X157.077 Y19.377 E.45341
G1 X140.323 Y19.377 E.66617
G1 X140.323 Y7.974 E.45341
G1 X140.278 Y7.747 E.0092
G1 X140.175 Y7.613 E.00672
M204 T250
G1 X139.86 Y7.845 F21000
M204 T7000
;TYPE:External perimeter
G1 F3000
G1 X139.846 Y7.815 E.00132
G1 X139.726 Y7.775 E.00503
G1 F2999.998
G1 X109.225 Y7.775 E1.21278
G1 X109.225 Y5.225 E.10139
G1 X188.175 Y5.225 E3.13921
G1 X188.175 Y7.775 E.10139
G1 X157.674 Y7.775 E1.21278
M73 P63 R5
G1 F3000
G1 X157.554 Y7.815 E.00503
G1 X157.475 Y7.974 E.00706
G1 F2999.998
G1 X157.475 Y19.775 E.46923
G1 X139.925 Y19.775 E.69782
G1 X139.925 Y7.974 E.46923
G1 F3000
G1 X139.887 Y7.898 E.00338
G1 E-.16 F2700
;WIPE_START
G1 F16800
G1 X139.86 Y7.845 E-.00908
G1 X139.846 Y7.815 E-.00505
G1 X139.726 Y7.775 E-.01931
G1 X135.753 Y7.775 E-.60656
;WIPE_END
G1 X153.498 Y6.331 Z3.151 F21000
G1 Z2.84 F720
G1 E.8 F1500
;TYPE:Solid infill
;WIDTH:0.390042
G1 F8400
G1 X143.677 Y6.331 E.33175
;WIDTH:0.420021
G1 X143.24 Y6.346 E.01608
;WIDTH:0.449999
G1 X142.804 Y6.361 E.01735
G1 X140.557 Y6.361 E.08935
G1 X140.127 Y6.346 E.01711
;WIDTH:0.420021
G1 X139.697 Y6.331 E.01582
;WIDTH:0.390042
G1 X110.331 Y6.331 E.99197
G1 X110.331 Y6.669 E.01142
M73 Q63 S6
G1 X139.716 Y6.669 E.99261
;WIDTH:0.420021
G1 X140.094 Y6.775 E.01444
;WIDTH:0.449999
G1 X140.473 Y6.882 E.01566
G1 X140.567 Y6.949 E.00459
G1 X140.935 Y7.425 E.02392
G1 X141.061 Y7.955 E.02166
G1 X141.061 Y18.639 E.42482
G1 X153.053 Y18.639 E.47683
G1 X153.053 Y18.498 E.00561
G1 X154.301 Y17.251 E.07015
G1 X154.462 Y17.11 E.00851
;WIDTH:0.420937
G1 X154.624 Y16.969 E.00792
G1 X154.419 Y17.116 E.0093
;WIDTH:0.449999
G1 X154.215 Y17.263 E.01
G1 X153.723 Y17.361 E.01995
G1 X143.68 Y17.361 E.39933
G1 X143.183 Y17.262 E.02015
G1 X142.76 Y16.993 E.01993
G1 X142.467 Y16.587 E.01991
G1 X142.339 Y16.046 E.02211
G1 X142.339 Y7.977 E.32084
G1 X142.439 Y7.47 E.02055
G1 X142.835 Y6.947 E.02608
G1 X143.146 Y6.808 E.01354
;WIDTH:0.420021
G1 X143.458 Y6.669 E.01256
;WIDTH:0.390042
G1 X153.716 Y6.669 E.34651
;WIDTH:0.420021
G1 X154.094 Y6.775 E.01444
;WIDTH:0.449999
G1 X154.473 Y6.882 E.01566
G1 X154.567 Y6.949 E.00459
G1 X154.935 Y7.425 E.02392
G1 X155.061 Y7.955 E.02166
G1 X155.061 Y16.023 E.3208
G1 X154.963 Y16.515 E.01995
G1 X154.816 Y16.719 E.01
;WIDTH:0.420964
G1 X154.669 Y16.924 E.0093
G1 X154.84 Y16.732 E.00948
;WIDTH:0.449999
G1 X155.011 Y16.541 E.01019
G1 X156.198 Y15.353 E.06678
G1 X156.339 Y15.353 E.00561
G1 X156.339 Y7.977 E.29328
G1 X156.439 Y7.47 E.02055
G1 X156.835 Y6.947 E.02608
G1 X157.146 Y6.808 E.01354
;WIDTH:0.420021
G1 X157.458 Y6.669 E.01256
;WIDTH:0.390042
G1 X187.069 Y6.669 E1.00024
G1 X187.069 Y6.331 E.01142
G1 X157.677 Y6.331 E.99285
;WIDTH:0.420021
G1 X157.24 Y6.346 E.01608
;WIDTH:0.449999
G1 X156.804 Y6.361 E.01735
G1 X154.557 Y6.361 E.08935
G1 X154.127 Y6.346 E.01711
;WIDTH:0.420021
G1 X153.697 Y6.331 E.01582
G1 X154.924 Y6.759 F21000
;WIDTH:0.449999
G1 F8400
G1 X156.476 Y6.759 E.06171
G1 X156.15 Y7.181 E.0212
G1 X156.036 Y7.432 E.01096
;WIDTH:0.491546
G1 X155.92 Y7.977 E.02447
G1 X155.92 Y15.039 E.31008
G1 X155.48 Y15.479 E.02732
G1 X155.48 Y7.977 E.32939
G1 X155.364 Y7.432 E.02447
;WIDTH:0.449999
G1 X155.25 Y7.181 E.01096
G1 X155.046 Y6.917 E.01327
G1 X155.749 Y7.148 E.02942
;WIDTH:0.457628
G1 X155.713 Y7.112 E.00206
G1 X155.664 Y7.126 E.00207
G1 X155.651 Y7.175 E.00205
G1 X155.687 Y7.211 E.00206
G1 X155.736 Y7.197 E.00207
G1 E-.16 F2700
;WIPE_START
G1 F16800
G1 X155.687 Y7.211 E-.00778
G1 X155.651 Y7.175 E-.00777
G1 X155.664 Y7.126 E-.00774
G1 X155.713 Y7.112 E-.00778
G1 X155.749 Y7.148 E-.00777
G1 X155.046 Y6.917 E-.11298
G1 X155.25 Y7.181 E-.05094
G1 X155.364 Y7.432 E-.04209
G1 X155.48 Y7.977 E-.08507
G1 X155.48 Y10.008 E-.31008
;WIPE_END
G1 X156.339 Y15.776 Z2.942 F21000
G1 Z2.84 F720
G1 E.8 F1500
;WIDTH:0.449999
G1 F8400
G1 X153.476 Y18.639 E.16099
G1 E-.16 F2700
;WIPE_START
G1 F16800
G1 X156.339 Y15.776 E-.61818
;WIPE_END
G1 E-.02182 F2700
G1 X156.198 Y16.48 Z2.853 F21000
G1 Z2.84 F720
G1 E.8 F1500
G1 F8400
G1 X154.039 Y18.639 E.1214
G1 X156.339 Y18.639 E.09145
G1 X156.339 Y16.339 E.09145
G1 X155.903 Y17.393 F21000
;WIDTH:0.525891
G1 F7904.939
G1 X155.903 Y18.203 E.03834
G1 X155.093 Y18.203 E.03834
G1 X155.762 Y17.534 E.04478
G1 E-.16 F2700
;WIPE_START
G1 F16800
G1 X155.093 Y18.203 E-.14445
G1 X155.903 Y18.203 E-.12367
G1 X155.903 Y17.393 E-.12367
;WIPE_END
G1 E-.24821 F2700
G1 X142.476 Y6.759 Z3.139 F21000
G1 Z2.84 F720
G1 E.8 F1500
;WIDTH:0.449999
G1 F8400
G1 X142.15 Y7.181 E.0212
G1 X142.036 Y7.432 E.01096
;WIDTH:0.491546
G1 X141.92 Y7.977 E.02447
G1 X141.92 Y16.113 E.35723
G1 X142.137 Y16.811 E.03209
;WIDTH:0.449999
G1 X142.449 Y17.251 E.02145
G1 X142.887 Y17.561 E.02134
G1 X143.102 Y17.652 E.00928
;WIDTH:0.491547
G1 X143.68 Y17.78 E.02599
G1 X153.179 Y17.78 E.41708
G1 X152.757 Y18.22 E.02677
G1 X143.68 Y18.22 E.39855
G1 X143.042 Y18.241 E.02803
;WIDTH:0.449999
G1 X141.459 Y18.241 E.06294
G1 X141.459 Y16.655 E.06306
;WIDTH:0.491547
G1 X141.48 Y16.023 E.02776
G1 X141.48 Y7.977 E.35328
G1 X141.364 Y7.432 E.02447
;WIDTH:0.449999
G1 X141.25 Y7.181 E.01096
G1 X140.924 Y6.759 E.0212
G1 X142.277 Y6.759 E.0538
G1 X141.749 Y7.148 E.02608
;WIDTH:0.457628
G1 X141.713 Y7.112 E.00206
G1 X141.664 Y7.126 E.00207
G1 X141.651 Y7.175 E.00205
G1 X141.687 Y7.211 E.00206
G1 X141.736 Y7.197 E.00207
G1 E-.16 F2700
;WIPE_START
G1 F16800
G1 X141.687 Y7.211 E-.00778
G1 X141.651 Y7.175 E-.00777
G1 X141.664 Y7.126 E-.00774
G1 X141.713 Y7.112 E-.00778
G1 X141.749 Y7.148 E-.00777
G1 X142.277 Y6.759 E-.10013
G1 X140.924 Y6.759 E-.20657
G1 X141.25 Y7.181 E-.08142
G1 X141.364 Y7.432 E-.04209
G1 X141.48 Y7.977 E-.08507
G1 X141.48 Y8.54 E-.08588
;WIPE_END
G1 X141.849 Y17.079 Z2.989 F21000
G1 Z2.84 F720
G1 E.8 F1500
;WIDTH:0.432225
G1 F8400
G1 X142.174 Y17.526 E.02099
G1 X142.621 Y17.851 E.02099
G1 X141.849 Y17.851 E.02933
G1 X141.849 Y17.278 E.02177
G1 E-.16 F2700
;WIPE_START
G1 F16800
G1 X141.849 Y17.851 E-.08748
G1 X142.621 Y17.851 E-.11787
G1 X142.174 Y17.526 E-.08438
G1 X141.849 Y17.079 E-.08438
;WIPE_END
G1 E-.26589 F2700
G1 X170.86 Y18.082 Z3.347 F21000
G1 X172.997 Y18.156 Z3.38
G1 X175.134 Y18.23 Z3.406
G1 X177.271 Y18.304 Z3.425
G1 X181.545 Y18.452 Z3.44
G1 X197.4 Y19
G1 Z2.84 F720
G1 E.8 F1500
;TYPE:Perimeter
;WIDTH:0.40602
G1 F3000
G1 X197.4 Y8.3 E.3785
G1 X197.776 Y7.923 F21000
;WIDTH:0.449999
G1 F3000
G1 X197.776 Y19.377 E.45543
G1 X197.023 Y19.377 E.02994
G1 X197.023 Y7.923 E.45543
G1 X197.717 Y7.923 E.02759
M204 T250
G1 X198.175 Y7.525 F21000
M204 T7000
;TYPE:External perimeter
G1 F2999.998
G1 X198.175 Y19.775 E.48708
G1 X196.625 Y19.775 E.06163
G1 X196.625 Y7.525 E.48708
G1 X198.115 Y7.525 E.05925
G1 E-.16 F2700
;WIPE_START
G1 F16800
G1 X198.175 Y7.525 E-.00916
G1 X198.175 Y11.657 E-.63084
;WIPE_END
G1 X218 Y19 Z3.209 F21000
G1 Z2.84 F720
G1 E.8 F1500
;TYPE:Perimeter
;WIDTH:0.40602
G1 F3000
G1 X218 Y8.3 E.3785
G1 X217.623 Y7.923 F21000
;WIDTH:0.449999
G1 F3000
G1 X218.377 Y7.923 E.02998
G1 X218.377 Y19.377 E.45543
G1 X217.623 Y19.377 E.02998
G1 X217.623 Y7.983 E.45305
M204 T250
G1 X217.225 Y7.525 F21000
M204 T7000
;TYPE:External perimeter
G1 F2999.998
G1 X218.775 Y7.525 E.06163
G1 X218.775 Y19.775 E.48708
G1 X217.225 Y19.775 E.06163
G1 X217.225 Y7.585 E.4847
M106 S221.85
;LAYER_CHANGE
;Z:3.08
;HEIGHT:0.24
;BEFORE_LAYER_CHANGE
G92 E0.0
;3.08


G1 E-.16 F2700
;WIPE_START
G1 F16800
G1 X217.225 Y7.525 E-.00916
G1 X218.775 Y7.525 E-.23665
G1 X218.775 Y10.107 E-.39419
;WIPE_END
G1 X218.775 Y10.107 Z2.84 F21000
G1 X189.914 Y13.219 Z3.347
G1 X187.788 Y13.448 Z3.38
G1 X185.662 Y13.678 Z3.406
G1 X183.536 Y13.907 Z3.425
G1 X179.284 Y14.365 Z3.44
G1 X64.9 Y26.7 Z3.44
;AFTER_LAYER_CHANGE
;3.08
G1 Z3.08 F720
M73 P64 R5
G1 E.8 F1500
;TYPE:Perimeter
;WIDTH:0.60602
G1 F3000
G1 X64.9 Y19.974 E.37215
G1 E-.16 F2700
;WIPE_START
G1 F16800
G1 X64.9 Y24.166 E-.64
;WIPE_END
G1 X70.7 Y26.7 Z3.19 F21000
G1 Z3.08 F720
G1 E.8 F1500
;WIDTH:0.606024
G1 F3000
G1 X70.7 Y19.974 E.37215
G1 E-.16 F2700
M73 Q64 S6
;WIPE_START
G1 F16800
G1 X70.7 Y24.166 E-.64
;WIPE_END
G1 X65.284 Y19.297 Z3.207 F21000
G1 Z3.08 F720
G1 E.8 F1500
;WIDTH:0.489005
G1 F4200
G1 X65.225 Y19.403 E.0053
;WIDTH:0.52801
G1 X65.116 Y19.593 E.01041
;WIDTH:0.567015
G1 X65.008 Y19.784 E.01129
;WIDTH:0.60602
G1 X64.9 Y19.974 E.01209
G1 X64.88 Y19.724 E.01388
;WIDTH:0.567015
G1 X64.861 Y19.474 E.0129
;WIDTH:0.52801
G1 X64.841 Y19.224 E.01192
;WIDTH:0.489005
G1 X64.822 Y18.974 E.01094
;WIDTH:0.449999
G1 X64.736 Y18.568 E.0165
G1 X64.627 Y18.382 E.00857
G1 X64.298 Y18.097 E.01731
G1 X63.826 Y17.978 E.01935
G1 X6.022 Y17.978 E2.2984
G1 X6.022 Y6.022 E.47539
G1 X9.978 Y6.022 E.1573
G1 X9.978 Y15.159 E.36331
G1 X10.131 Y15.557 E.01695
G1 X10.329 Y15.784 E.01198
G1 X10.62 Y15.957 E.01346
G1 X10.974 Y16.022 E.01431
G1 X95.026 Y16.022 E3.34207
G1 X95.38 Y15.957 E.01431
G1 X95.671 Y15.784 E.01346
G1 X95.869 Y15.557 E.01198
G1 X95.977 Y15.322 E.01028
G1 X96.022 Y15.026 E.0119
G1 X96.022 Y6.022 E.35802
G1 X99.978 Y6.022 E.1573
G1 X99.978 Y17.978 E.47539
G1 X71.645 Y17.978 E1.12658
G1 X71.302 Y18.097 E.01444
G1 X70.973 Y18.382 E.01731
G1 X70.864 Y18.568 E.00857
G1 X70.778 Y18.974 E.0165
;WIDTH:0.489006
G1 X70.759 Y19.224 E.01094
;WIDTH:0.528012
G1 X70.739 Y19.474 E.01192
;WIDTH:0.567018
G1 X70.72 Y19.724 E.0129
;WIDTH:0.606024
G1 X70.7 Y19.974 E.01388
G1 X70.592 Y19.784 E.01209
;WIDTH:0.567018
G1 X70.484 Y19.593 E.01129
;WIDTH:0.528012
G1 X70.375 Y19.403 E.01041
;WIDTH:0.489006
G1 X70.267 Y19.212 E.00958
;WIDTH:0.449999
G1 X69.901 Y19.017 E.01649
G1 X69.626 Y18.978 E.01104
G1 X65.974 Y18.978 E.14521
G1 X65.699 Y19.017 E.01104
G1 X65.333 Y19.212 E.01649
;WIDTH:0.489005
G1 X65.314 Y19.245 E.00166
G1 X65.561 Y19.578 F21000
;WIDTH:0.449999
G1 F4200
G1 X65.377 Y19.974 E.01736
G1 X65.377 Y27.177 E.28641
G1 X64.423 Y27.177 E.03793
G1 X64.423 Y18.974 E.32617
G1 X64.372 Y18.731 E.00987
G1 X64.307 Y18.619 E.00515
G1 X64.109 Y18.448 E.0104
G1 X63.826 Y18.377 E.0116
G1 X5.623 Y18.377 E2.31427
G1 X5.623 Y5.623 E.50712
G1 X10.377 Y5.623 E.18903
G1 X10.377 Y15.026 E.37388
G1 X10.404 Y15.204 E.00716
G1 X10.587 Y15.481 E.0132
G1 X10.762 Y15.584 E.00807
G1 X10.974 Y15.623 E.00857
G1 X95.11 Y15.623 E3.34541
G1 X95.413 Y15.481 E.01331
G1 X95.596 Y15.204 E.0132
G1 X95.623 Y15.026 E.00716
G1 X95.623 Y5.623 E.37388
G1 X100.377 Y5.623 E.18903
G1 X100.377 Y18.377 E.50712
G1 X71.774 Y18.377 E1.13731
G1 X71.491 Y18.448 E.0116
G1 X71.293 Y18.619 E.0104
G1 X71.228 Y18.731 E.00515
G1 X71.177 Y18.974 E.00987
G1 X71.177 Y27.177 E.32617
G1 X70.223 Y27.177 E.03793
G1 X70.223 Y19.974 E.28641
G1 X70.011 Y19.517 E.02003
G1 X69.791 Y19.4 E.00991
G1 X69.626 Y19.377 E.00662
G1 X65.853 Y19.377 E.15002
G1 X65.589 Y19.517 E.01188
G1 X65.586 Y19.523 E.00027
M204 T250
G1 X65.836 Y19.843 F21000
M204 T7000
;TYPE:External perimeter
G1 F3000
G1 X65.775 Y19.974 E.00575
G1 F2999.998
G1 X65.775 Y27.575 E.30223
G1 X64.025 Y27.575 E.06958
G1 X64.025 Y18.974 E.34199
G1 F3000
G1 X63.986 Y18.856 E.00494
G1 X63.826 Y18.775 E.00713
G1 F2999.998
G1 X5.225 Y18.775 E2.33009
G1 X5.225 Y5.225 E.53877
M73 P65 R5
G1 X10.775 Y5.225 E.22068
G1 X10.775 Y15.026 E.38971
G1 F3000
G1 X10.845 Y15.177 E.00662
G1 X10.974 Y15.225 E.00547
G1 F2999.998
G1 X95.026 Y15.225 E3.34207
G1 F3000
M73 Q65 S6
G1 X95.155 Y15.177 E.00547
G1 X95.225 Y15.026 E.00662
G1 F2999.998
G1 X95.225 Y5.225 E.38971
G1 X100.775 Y5.225 E.22068
G1 X100.775 Y18.775 E.53877
G1 X71.774 Y18.775 E1.15314
G1 F3000
G1 X71.614 Y18.856 E.00713
G1 X71.575 Y18.974 E.00494
G1 F2999.998
G1 X71.575 Y27.575 E.34199
G1 X69.825 Y27.575 E.06958
G1 X69.825 Y19.974 E.30223
G1 F3000
G1 X69.754 Y19.822 E.00667
G1 X69.626 Y19.775 E.00542
G1 X65.974 Y19.775 E.14521
G1 X65.881 Y19.809 E.00394
G1 E-.16 F2700
;WIPE_START
G1 F16800
G1 X65.836 Y19.843 E-.00861
G1 X65.775 Y19.974 E-.02206
G1 X65.775 Y23.965 E-.60933
;WIPE_END
G1 X92.097 Y11.726 Z3.587 F21000
G1 X94.036 Y10.824 Z3.62
G1 X95.975 Y9.922 Z3.646
G1 X97.914 Y9.021 Z3.665
G1 X99.639 Y8.218 Z3.675
G1 Z3.08 F720
G1 E.8 F1500
;TYPE:Internal infill
;WIDTH:0.45
G1 F7200
G1 X99.639 Y6.361 E.07384
G1 X99.497 Y6.361 E.00565
G1 X96.361 Y9.497 E.17634
G1 X96.361 Y12.032 E.1008
G1 X99.639 Y15.31 E.18433
G1 X99.639 Y17.639 E.09261
G1 X90.697 Y17.639 E.35555
G1 X89.418 Y16.361 E.07189
G1 X89.497 Y16.361 E.00314
G1 X88.218 Y17.639 E.07189
G1 X79.426 Y17.639 E.34959
G1 X78.147 Y16.361 E.07189
G1 X78.226 Y16.361 E.00314
G1 X76.947 Y17.639 E.07189
G1 X71.538 Y17.659 E.21507
G1 X71.136 Y17.799 E.01693
G1 X70.704 Y18.174 E.02275
G1 X70.551 Y18.436 E.01206
G1 X70.446 Y18.928 E.02
G1 X70.002 Y18.692 E.01999
G1 X69.715 Y18.642 E.01158
G1 X69.155 Y18.64 E.02227
G1 X66.876 Y16.361 E.12815
G1 X66.955 Y16.361 E.00314
G1 X64.987 Y18.329 E.11066
G1 X64.896 Y18.174 E.00715
G1 X64.459 Y17.795 E.023
G1 X63.843 Y17.639 E.02527
G1 X56.884 Y17.639 E.2767
G1 X55.605 Y16.361 E.07189
G1 X55.684 Y16.361 E.00314
G1 X54.405 Y17.639 E.07189
G1 X45.612 Y17.639 E.34963
G1 X44.334 Y16.361 E.07186
G1 X44.412 Y16.361 E.0031
G1 X43.134 Y17.639 E.07186
G1 X34.341 Y17.639 E.34963
G1 X33.063 Y16.361 E.07186
G1 X33.141 Y16.361 E.0031
G1 X31.863 Y17.639 E.07186
G1 X23.07 Y17.639 E.34963
G1 X21.791 Y16.361 E.07189
G1 X21.87 Y16.361 E.00314
G1 X20.591 Y17.639 E.07189
G1 X11.799 Y17.639 E.34959
G1 X10.343 Y16.183 E.08187
G1 X10.499 Y16.276 E.00722
G1 X10.655 Y16.304 E.0063
G1 X9.32 Y17.639 E.07507
G1 X7.32 Y17.639 E.07952
G1 E-.16 F2700
;WIPE_START
G1 F16800
G1 X9.32 Y17.639 E-.30536
G1 X10.655 Y16.304 E-.28825
G1 X10.499 Y16.276 E-.0242
G1 X10.374 Y16.202 E-.02219
;WIPE_END
G1 X9.639 Y13.665 Z3.126 F21000
G1 Z3.08 F720
G1 E.8 F1500
G1 F7200
G1 X9.639 Y15.032 E.05435
G1 X9.701 Y15.427 E.0159
G1 X9.798 Y15.638 E.00923
G1 X6.361 Y12.201 E.19327
G1 X6.361 Y9.328 E.11424
G1 X9.328 Y6.361 E.16684
G1 X9.639 Y6.361 E.01237
G1 X9.639 Y8.049 E.06712
G1 E-.16 F2700
;WIPE_START
G1 F16800
G1 X9.639 Y6.361 E-.25772
G1 X9.328 Y6.361 E-.04748
G1 X7.777 Y7.911 E-.3348
;WIPE_END
G1 X36.753 Y9.654 Z3.587 F21000
G1 X38.887 Y9.783 Z3.62
G1 X41.022 Y9.911 Z3.646
G1 X43.156 Y10.039 Z3.665
G1 X47.425 Y10.296 Z3.68
G1 X154.426 Y16.733
G1 Z3.08 F720
G1 E.8 F1500
;TYPE:Perimeter
;WIDTH:0.449999
G1 F4200
G1 X154.121 Y16.94 E.01466
G1 X153.726 Y17.022 E.01604
G1 X143.674 Y17.022 E.39969
G1 X143.279 Y16.94 E.01604
G1 X142.97 Y16.73 E.01486
G1 X142.76 Y16.421 E.01486
G1 X142.678 Y16.026 E.01604
G1 X142.678 Y7.974 E.32016
G1 X142.753 Y7.595 E.01536
G1 X143.074 Y7.179 E.02089
G1 X143.537 Y6.978 E.02007
G1 X153.726 Y6.978 E.40513
G1 X154.326 Y7.179 E.02516
G1 X154.647 Y7.595 E.02089
G1 X154.722 Y7.974 E.01536
G1 X154.722 Y16.026 E.32016
G1 X154.64 Y16.421 E.01604
G1 X154.461 Y16.685 E.01268
G1 X154.146 Y16.45 F21000
G1 F3000
G1 X153.963 Y16.574 E.00879
G1 X153.726 Y16.623 E.00962
G1 X143.674 Y16.623 E.39969
G1 X143.437 Y16.574 E.00962
G1 X143.252 Y16.448 E.0089
G1 X143.126 Y16.263 E.0089
G1 X143.077 Y16.026 E.00962
G1 X143.077 Y7.974 E.32016
G1 X143.122 Y7.747 E.0092
G1 X143.314 Y7.497 E.01253
G1 X143.674 Y7.377 E.01509
G1 X153.726 Y7.377 E.39969
G1 X154.086 Y7.497 E.01509
G1 X154.278 Y7.747 E.01253
G1 X154.323 Y7.974 E.0092
G1 X154.323 Y16.026 E.32016
G1 X154.274 Y16.263 E.00962
G1 X154.18 Y16.402 E.00667
M204 T250
G1 X153.869 Y16.16 F21000
M204 T7000
;TYPE:External perimeter
G1 F3000
G1 X153.867 Y16.167 E.00029
G1 X153.726 Y16.225 E.00606
G1 F2999.998
G1 X143.674 Y16.225 E.39969
G1 F3000
M73 P66 R5
G1 X143.533 Y16.167 E.00606
G1 X143.475 Y16.026 E.00606
G1 F2999.998
G1 X143.475 Y7.974 E.32016
G1 F3000
G1 X143.554 Y7.815 E.00706
G1 X143.674 Y7.775 E.00503
G1 F2999.998
G1 X153.726 Y7.775 E.39969
G1 F3000
G1 X153.846 Y7.815 E.00503
G1 X153.925 Y7.974 E.00706
G1 X153.925 Y16.026 E.32016
G1 X153.892 Y16.105 E.0034
G1 E-.16 F2700
;WIPE_START
G1 F16800
G1 X153.869 Y16.16 E-.0091
G1 X153.867 Y16.167 E-.00111
G1 X153.726 Y16.225 E-.02328
G1 X149.754 Y16.225 E-.60651
;WIPE_END
G1 X140.413 Y7.292 Z3.306 F21000
G1 Z3.08 F720
G1 E.8 F1500
;TYPE:Perimeter
G1 F4200
G1 X140.326 Y7.179 E.00567
G1 X139.726 Y6.978 E.02516
G1 X110.022 Y6.978 E1.18109
G1 X110.022 Y6.022 E.03801
M73 Q66 S6
G1 X187.378 Y6.022 E3.07583
G1 X187.378 Y6.978 E.03801
G1 X157.537 Y6.978 E1.18654
G1 X157.074 Y7.179 E.02007
G1 X156.753 Y7.595 E.02089
G1 X156.678 Y7.974 E.01536
G1 X156.678 Y18.978 E.43754
G1 X140.722 Y18.978 E.63444
G1 X140.722 Y7.974 E.43754
G1 X140.647 Y7.595 E.01536
G1 X140.45 Y7.339 E.01284
G1 X140.138 Y7.565 F21000
G1 F4200
G1 X140.086 Y7.497 E.0034
G1 X139.726 Y7.377 E.01509
G1 X109.623 Y7.377 E1.19696
G1 X109.623 Y5.623 E.06974
G1 X187.776 Y5.623 E3.10752
G1 X187.776 Y7.377 E.06974
G1 X157.674 Y7.377 E1.19692
G1 X157.314 Y7.497 E.01509
G1 X157.122 Y7.747 E.01253
G1 X157.077 Y7.974 E.0092
G1 X157.077 Y19.377 E.45341
G1 X140.323 Y19.377 E.66617
G1 X140.323 Y7.974 E.45341
G1 X140.278 Y7.747 E.0092
G1 X140.175 Y7.613 E.00672
M204 T250
G1 X139.86 Y7.845 F21000
M204 T7000
;TYPE:External perimeter
G1 F3000
G1 X139.846 Y7.815 E.00132
G1 X139.726 Y7.775 E.00503
G1 F2999.998
G1 X109.225 Y7.775 E1.21278
G1 X109.225 Y5.225 E.10139
G1 X188.175 Y5.225 E3.13921
G1 X188.175 Y7.775 E.10139
G1 X157.674 Y7.775 E1.21278
G1 F3000
G1 X157.554 Y7.815 E.00503
G1 X157.475 Y7.974 E.00706
G1 F2999.998
G1 X157.475 Y19.775 E.46923
G1 X139.925 Y19.775 E.69782
M73 P67 R5
G1 X139.925 Y7.974 E.46923
M73 Q66 S5
G1 F3000
G1 X139.887 Y7.898 E.00338
G1 E-.16 F2700
;WIPE_START
G1 F16800
G1 X139.86 Y7.845 E-.00908
G1 X139.846 Y7.815 E-.00505
G1 X139.726 Y7.775 E-.01931
G1 X135.753 Y7.775 E-.60656
;WIPE_END
G1 X164.776 Y7.235 Z3.587 F21000
G1 X166.914 Y7.196 Z3.62
G1 X169.052 Y7.156 Z3.646
G1 X171.19 Y7.116 Z3.665
G1 X175.466 Y7.037 Z3.68
G1 X187.114 Y6.82
G1 Z3.08 F720
G1 E.8 F1500
;TYPE:Top solid infill
;WIDTH:0.4205
G1 F4800
G1 X186.474 Y6.18 E.03332
G1 X185.952 Y6.18 F21000
G1 F4800
G1 X186.593 Y6.82 E.03335
G1 X186.071 Y6.82 F21000
G1 F4800
G1 X185.43 Y6.18 E.03335
G1 X184.909 Y6.18 F21000
G1 F4800
G1 X185.549 Y6.82 E.03332
G1 X185.027 Y6.82 F21000
G1 F4800
G1 X184.387 Y6.18 E.03332
G1 X183.865 Y6.18 F21000
G1 F4800
G1 X184.505 Y6.82 E.03332
G1 X183.983 Y6.82 F21000
G1 F4800
G1 X183.343 Y6.18 E.03332
G1 X182.821 Y6.18 F21000
G1 F4800
G1 X183.461 Y6.82 E.03332
G1 X182.94 Y6.82 F21000
G1 F4800
G1 X182.299 Y6.18 E.03335
G1 X181.778 Y6.18 F21000
G1 F4800
G1 X182.418 Y6.82 E.03332
G1 X181.896 Y6.82 F21000
G1 F4800
G1 X181.256 Y6.18 E.03332
G1 X180.734 Y6.18 F21000
G1 F4800
G1 X181.374 Y6.82 E.03332
G1 X180.852 Y6.82 F21000
G1 F4800
G1 X180.212 Y6.18 E.03332
G1 X179.69 Y6.18 F21000
G1 F4800
G1 X180.33 Y6.82 E.03332
G1 X179.809 Y6.82 F21000
G1 F4800
G1 X179.168 Y6.18 E.03335
G1 X178.647 Y6.18 F21000
G1 F4800
G1 X179.287 Y6.82 E.03332
G1 X178.765 Y6.82 F21000
G1 F4800
M73 Q67 S5
G1 X178.125 Y6.18 E.03332
G1 X177.603 Y6.18 F21000
G1 F4800
G1 X178.243 Y6.82 E.03332
G1 X177.721 Y6.82 F21000
G1 F4800
G1 X177.081 Y6.18 E.03332
G1 X176.559 Y6.18 F21000
G1 F4800
G1 X177.199 Y6.82 E.03332
G1 X176.678 Y6.82 F21000
G1 F4800
G1 X176.037 Y6.18 E.03335
G1 X175.516 Y6.18 F21000
G1 F4800
G1 X176.156 Y6.82 E.03332
G1 X175.634 Y6.82 F21000
G1 F4800
G1 X174.994 Y6.18 E.03332
G1 X174.472 Y6.18 F21000
G1 F4800
G1 X175.112 Y6.82 E.03332
G1 X174.59 Y6.82 F21000
G1 F4800
G1 X173.95 Y6.18 E.03332
G1 X173.428 Y6.18 F21000
G1 F4800
G1 X174.068 Y6.82 E.03332
G1 X173.547 Y6.82 F21000
G1 F4800
G1 X172.906 Y6.18 E.03335
G1 X172.384 Y6.18 F21000
G1 F4800
G1 X173.025 Y6.82 E.03335
G1 X172.503 Y6.82 F21000
G1 F4800
G1 X171.863 Y6.18 E.03332
G1 X171.341 Y6.18 F21000
G1 F4800
G1 X171.981 Y6.82 E.03332
G1 X171.459 Y6.82 F21000
G1 F4800
G1 X170.819 Y6.18 E.03332
G1 X170.297 Y6.18 F21000
G1 F4800
G1 X170.937 Y6.82 E.03332
G1 X170.416 Y6.82 F21000
G1 F4800
G1 X169.775 Y6.18 E.03335
G1 X169.253 Y6.18 F21000
G1 F4800
G1 X169.894 Y6.82 E.03335
G1 X169.372 Y6.82 F21000
G1 F4800
G1 X168.732 Y6.18 E.03332
G1 X168.21 Y6.18 F21000
G1 F4800
G1 X168.85 Y6.82 E.03332
G1 X168.328 Y6.82 F21000
G1 F4800
G1 X167.688 Y6.18 E.03332
G1 X167.166 Y6.18 F21000
G1 F4800
G1 X167.806 Y6.82 E.03332
G1 X167.284 Y6.82 F21000
G1 F4800
G1 X166.644 Y6.18 E.03332
G1 X166.122 Y6.18 F21000
G1 F4800
G1 X166.763 Y6.82 E.03335
G1 X166.241 Y6.82 F21000
G1 F4800
G1 X165.601 Y6.18 E.03332
G1 X165.079 Y6.18 F21000
G1 F4800
G1 X165.719 Y6.82 E.03332
G1 X165.197 Y6.82 F21000
G1 F4800
G1 X164.557 Y6.18 E.03332
G1 X164.035 Y6.18 F21000
G1 F4800
G1 X164.675 Y6.82 E.03332
G1 X164.153 Y6.82 F21000
G1 F4800
G1 X163.513 Y6.18 E.03332
G1 X162.991 Y6.18 F21000
G1 F4800
G1 X163.632 Y6.82 E.03335
G1 X163.11 Y6.82 F21000
G1 F4800
G1 X162.47 Y6.18 E.03332
G1 X161.948 Y6.18 F21000
G1 F4800
G1 X162.588 Y6.82 E.03332
G1 X162.066 Y6.82 F21000
G1 F4800
G1 X161.426 Y6.18 E.03332
G1 X160.904 Y6.18 F21000
G1 F4800
G1 X161.544 Y6.82 E.03332
G1 X161.022 Y6.82 F21000
G1 F4800
G1 X160.382 Y6.18 E.03332
G1 X159.86 Y6.18 F21000
G1 F4800
G1 X160.501 Y6.82 E.03335
G1 X159.979 Y6.82 F21000
G1 F4800
G1 X159.338 Y6.18 E.03335
G1 X158.817 Y6.18 F21000
G1 F4800
G1 X159.457 Y6.82 E.03332
G1 X158.935 Y6.82 F21000
G1 F4800
G1 X158.295 Y6.18 E.03332
G1 X157.773 Y6.18 F21000
G1 F4800
G1 X158.413 Y6.82 E.03332
G1 X157.891 Y6.82 F21000
G1 F4800
G1 X157.251 Y6.18 E.03332
G1 X156.729 Y6.18 F21000
G1 F4800
G1 X157.414 Y6.865 E.03567
G1 X157.051 Y7.023 F21000
G1 F4800
G1 X156.207 Y6.18 E.04392
G1 X155.686 Y6.18 F21000
G1 F4800
G1 X156.797 Y7.291 E.05785
G1 X156.587 Y7.603 F21000
G1 F4800
G1 X155.164 Y6.18 E.07409
G1 X154.642 Y6.18 F21000
G1 F4800
G1 X156.52 Y8.058 E.09779
G1 X156.52 Y8.58 F21000
G1 F4800
G1 X154.12 Y6.18 E.12497
G1 X153.598 Y6.18 F21000
G1 F4800
G1 X156.52 Y9.102 E.15215
G1 X156.52 Y9.624 F21000
G1 F4800
G1 X154.88 Y7.983 E.08542
G1 X154.88 Y8.505 F21000
G1 F4800
G1 X156.52 Y10.145 E.08539
G1 X156.52 Y10.667 F21000
G1 F4800
G1 X154.88 Y9.027 E.08539
G1 X154.88 Y9.549 F21000
G1 F4800
G1 X156.52 Y11.189 E.08539
G1 X156.52 Y11.711 F21000
G1 F4800
G1 X154.88 Y10.071 E.08539
G1 X154.88 Y10.593 F21000
G1 F4800
G1 X156.52 Y12.233 E.08539
G1 X156.52 Y12.755 F21000
G1 F4800
G1 X154.88 Y11.114 E.08542
G1 X154.88 Y11.636 F21000
G1 F4800
G1 X156.52 Y13.276 E.08539
G1 X156.52 Y13.798 F21000
G1 F4800
G1 X154.88 Y12.158 E.08539
G1 X154.88 Y12.68 F21000
G1 F4800
G1 X156.52 Y14.32 E.08539
G1 X156.52 Y14.842 F21000
G1 F4800
G1 X154.88 Y13.202 E.08539
G1 X154.88 Y13.724 F21000
G1 F4800
G1 X156.52 Y15.364 E.08539
G1 X156.52 Y15.886 F21000
G1 F4800
G1 X154.88 Y14.245 E.08542
G1 X154.88 Y14.767 F21000
G1 F4800
G1 X156.52 Y16.407 E.08539
G1 X156.52 Y16.929 F21000
G1 F4800
G1 X154.88 Y15.289 E.08539
G1 X154.88 Y15.811 F21000
G1 F4800
G1 X156.52 Y17.451 E.08539
G1 X156.52 Y17.973 F21000
M73 P67 R4
G1 F4800
G1 X154.841 Y16.294 E.08742
G1 X154.673 Y16.648 F21000
G1 F4800
G1 X156.52 Y18.495 E.09617
G1 X156.324 Y18.82 F21000
G1 F4800
G1 X154.424 Y16.921 E.09891
G1 X154.093 Y17.112 F21000
G1 F4800
G1 X155.802 Y18.82 E.08896
G1 X155.28 Y18.82 F21000
G1 F4800
G1 X153.64 Y17.18 E.08539
G1 X153.118 Y17.18 F21000
G1 F4800
G1 X154.758 Y18.82 E.08539
G1 X154.236 Y18.82 F21000
G1 F4800
G1 X152.596 Y17.18 E.08539
G1 X152.074 Y17.18 F21000
G1 F4800
G1 X153.714 Y18.82 E.08539
G1 X153.193 Y18.82 F21000
G1 F4800
G1 X151.552 Y17.18 E.08542
G1 X151.03 Y17.18 F21000
G1 F4800
G1 X152.671 Y18.82 E.08542
G1 X152.149 Y18.82 F21000
G1 F4800
G1 X150.509 Y17.18 E.08539
G1 X149.987 Y17.18 F21000
G1 F4800
G1 X151.627 Y18.82 E.08539
G1 X151.105 Y18.82 F21000
G1 F4800
G1 X149.465 Y17.18 E.08539
G1 X148.943 Y17.18 F21000
G1 F4800
G1 X150.583 Y18.82 E.08539
G1 X150.061 Y18.82 F21000
G1 F4800
G1 X148.421 Y17.18 E.08539
G1 X147.899 Y17.18 F21000
G1 F4800
G1 X149.54 Y18.82 E.08542
G1 X149.018 Y18.82 F21000
G1 F4800
G1 X147.378 Y17.18 E.08539
G1 X146.856 Y17.18 F21000
G1 F4800
G1 X148.496 Y18.82 E.08539
G1 X147.974 Y18.82 F21000
G1 F4800
G1 X146.334 Y17.18 E.08539
G1 X145.812 Y17.18 F21000
G1 F4800
G1 X147.452 Y18.82 E.08539
G1 X146.93 Y18.82 F21000
G1 F4800
G1 X145.29 Y17.18 E.08539
G1 X144.768 Y17.18 F21000
G1 F4800
G1 X146.409 Y18.82 E.08542
G1 X145.887 Y18.82 F21000
G1 F4800
G1 X144.247 Y17.18 E.08539
G1 X143.725 Y17.18 F21000
G1 F4800
G1 X145.365 Y18.82 E.08539
G1 X144.843 Y18.82 F21000
G1 F4800
G1 X142.876 Y16.853 E.10242
G1 E-.16 F2700
;WIPE_START
G1 F16800
G1 X144.843 Y18.82 E-.42471
;WIPE_END
G1 E-.21529 F2700
G1 X153.717 Y6.82 Z3.341 F21000
G1 Z3.08 F720
G1 E.8 F1500
G1 F4800
G1 X153.076 Y6.18 E.03335
G1 X152.555 Y6.18 F21000
G1 F4800
G1 X153.195 Y6.82 E.03332
G1 X152.673 Y6.82 F21000
G1 F4800
G1 X152.033 Y6.18 E.03332
G1 X151.511 Y6.18 F21000
G1 F4800
G1 X152.151 Y6.82 E.03332
G1 X151.629 Y6.82 F21000
G1 F4800
G1 X150.989 Y6.18 E.03332
G1 X150.467 Y6.18 F21000
G1 F4800
G1 X151.107 Y6.82 E.03332
G1 X150.586 Y6.82 F21000
G1 F4800
G1 X149.945 Y6.18 E.03335
G1 X149.424 Y6.18 F21000
G1 F4800
G1 X150.064 Y6.82 E.03332
G1 X149.542 Y6.82 F21000
G1 F4800
G1 X148.902 Y6.18 E.03332
G1 X148.38 Y6.18 F21000
G1 F4800
G1 X149.02 Y6.82 E.03332
G1 X148.498 Y6.82 F21000
G1 F4800
G1 X147.858 Y6.18 E.03332
G1 X147.336 Y6.18 F21000
G1 F4800
G1 X147.976 Y6.82 E.03332
G1 X147.455 Y6.82 F21000
G1 F4800
G1 X146.814 Y6.18 E.03335
G1 X146.293 Y6.18 F21000
G1 F4800
G1 X146.933 Y6.82 E.03332
G1 X146.411 Y6.82 F21000
G1 F4800
G1 X145.771 Y6.18 E.03332
G1 X145.249 Y6.18 F21000
G1 F4800
G1 X145.889 Y6.82 E.03332
G1 X145.367 Y6.82 F21000
G1 F4800
G1 X144.727 Y6.18 E.03332
G1 X144.205 Y6.18 F21000
G1 F4800
G1 X144.845 Y6.82 E.03332
G1 X144.324 Y6.82 F21000
G1 F4800
G1 X143.683 Y6.18 E.03335
G1 X143.161 Y6.18 F21000
G1 F4800
G1 X143.802 Y6.82 E.03335
G1 X143.352 Y6.892 F21000
G1 F4800
G1 X142.64 Y6.18 E.03707
G1 X142.118 Y6.18 F21000
G1 F4800
G1 X142.988 Y7.05 E.0453
G1 X142.758 Y7.342 F21000
G1 F4800
G1 X141.596 Y6.18 E.0605
G1 X141.074 Y6.18 F21000
G1 F4800
G1 X142.565 Y7.671 E.07764
G1 X142.52 Y8.148 F21000
G1 F4800
G1 X140.552 Y6.18 E.10247
G1 X140.03 Y6.18 F21000
G1 F4800
G1 X142.52 Y8.67 E.12965
G1 X142.52 Y9.191 F21000
G1 F4800
G1 X140.545 Y7.217 E.10281
G1 X140.88 Y8.073 F21000
G1 F4800
G1 X142.52 Y9.713 E.08539
G1 X142.52 Y10.235 F21000
G1 F4800
G1 X140.88 Y8.595 E.08539
G1 X140.88 Y9.117 F21000
G1 F4800
G1 X142.52 Y10.757 E.08539
G1 X142.52 Y11.279 F21000
G1 F4800
G1 X140.88 Y9.639 E.08539
G1 X140.88 Y10.16 F21000
G1 F4800
G1 X142.52 Y11.801 E.08542
G1 X142.52 Y12.322 F21000
G1 F4800
G1 X140.88 Y10.682 E.08539
G1 X140.88 Y11.204 F21000
G1 F4800
G1 X142.52 Y12.844 E.08539
G1 X142.52 Y13.366 F21000
G1 F4800
G1 X140.88 Y11.726 E.08539
G1 X140.88 Y12.248 F21000
G1 F4800
G1 X142.52 Y13.888 E.08539
G1 X142.52 Y14.41 F21000
G1 F4800
G1 X140.88 Y12.77 E.08539
G1 X140.88 Y13.291 F21000
G1 F4800
G1 X142.52 Y14.932 E.08542
G1 X142.52 Y15.453 F21000
G1 F4800
G1 X140.88 Y13.813 E.08539
G1 X140.88 Y14.335 F21000
G1 F4800
G1 X142.52 Y15.975 E.08539
G1 X142.847 Y16.824 F21000
G1 F4800
G1 X140.88 Y14.857 E.10242
G1 X140.88 Y15.379 F21000
G1 F4800
G1 X144.321 Y18.82 E.17917
G1 X143.799 Y18.82 F21000
G1 F4800
G1 X140.88 Y15.901 E.15199
G1 X140.88 Y16.422 F21000
G1 F4800
G1 X143.278 Y18.82 E.12486
G1 X142.756 Y18.82 F21000
G1 F4800
G1 X140.88 Y16.944 E.09768
G1 X140.88 Y17.466 F21000
G1 F4800
G1 X142.234 Y18.82 E.0705
G1 X141.712 Y18.82 F21000
G1 F4800
G1 X140.88 Y17.988 E.04332
G1 E-.16 F2700
;WIPE_START
G1 F16800
G1 X141.712 Y18.82 E-.17965
;WIPE_END
G1 E-.46035 F2700
G1 X140.365 Y7.036 Z3.287 F21000
G1 Z3.08 F720
G1 E.8 F1500
G1 F4800
G1 X139.509 Y6.18 E.04457
G1 X138.987 Y6.18 F21000
G1 F4800
G1 X139.627 Y6.82 E.03332
G1 X139.105 Y6.82 F21000
G1 F4800
G1 X138.465 Y6.18 E.03332
G1 X137.943 Y6.18 F21000
G1 F4800
G1 X138.583 Y6.82 E.03332
G1 X138.061 Y6.82 F21000
G1 F4800
G1 X137.421 Y6.18 E.03332
G1 X136.899 Y6.18 F21000
G1 F4800
G1 X137.54 Y6.82 E.03335
G1 X137.018 Y6.82 F21000
G1 F4800
G1 X136.378 Y6.18 E.03332
G1 X135.856 Y6.18 F21000
G1 F4800
G1 X136.496 Y6.82 E.03332
G1 X135.974 Y6.82 F21000
G1 F4800
G1 X135.334 Y6.18 E.03332
G1 X134.812 Y6.18 F21000
G1 F4800
G1 X135.452 Y6.82 E.03332
G1 X134.93 Y6.82 F21000
G1 F4800
G1 X134.29 Y6.18 E.03332
G1 X133.768 Y6.18 F21000
G1 F4800
G1 X134.409 Y6.82 E.03335
G1 X133.887 Y6.82 F21000
G1 F4800
G1 X133.247 Y6.18 E.03332
G1 X132.725 Y6.18 F21000
G1 F4800
G1 X133.365 Y6.82 E.03332
G1 X132.843 Y6.82 F21000
G1 F4800
G1 X132.203 Y6.18 E.03332
G1 X131.681 Y6.18 F21000
G1 F4800
G1 X132.321 Y6.82 E.03332
G1 X131.799 Y6.82 F21000
G1 F4800
G1 X131.159 Y6.18 E.03332
G1 X130.637 Y6.18 F21000
G1 F4800
G1 X131.278 Y6.82 E.03335
G1 X130.756 Y6.82 F21000
G1 F4800
G1 X130.116 Y6.18 E.03332
G1 X129.594 Y6.18 F21000
G1 F4800
G1 X130.234 Y6.82 E.03332
G1 X129.712 Y6.82 F21000
G1 F4800
G1 X129.072 Y6.18 E.03332
G1 X128.55 Y6.18 F21000
G1 F4800
G1 X129.19 Y6.82 E.03332
G1 X128.668 Y6.82 F21000
G1 F4800
G1 X128.028 Y6.18 E.03332
G1 X127.506 Y6.18 F21000
G1 F4800
G1 X128.147 Y6.82 E.03335
G1 X127.625 Y6.82 F21000
G1 F4800
G1 X126.984 Y6.18 E.03335
G1 X126.463 Y6.18 F21000
M73 Q68 S5
G1 F4800
G1 X127.103 Y6.82 E.03332
G1 X126.581 Y6.82 F21000
G1 F4800
G1 X125.941 Y6.18 E.03332
G1 X125.419 Y6.18 F21000
G1 F4800
G1 X126.059 Y6.82 E.03332
G1 X125.537 Y6.82 F21000
G1 F4800
G1 X124.897 Y6.18 E.03332
G1 X124.375 Y6.18 F21000
G1 F4800
G1 X125.015 Y6.82 E.03332
G1 X124.494 Y6.82 F21000
G1 F4800
G1 X123.853 Y6.18 E.03335
G1 X123.332 Y6.18 F21000
G1 F4800
G1 X123.972 Y6.82 E.03332
G1 X123.45 Y6.82 F21000
G1 F4800
G1 X122.81 Y6.18 E.03332
G1 X122.288 Y6.18 F21000
G1 F4800
G1 X122.928 Y6.82 E.03332
G1 X122.406 Y6.82 F21000
G1 F4800
M73 P68 R4
G1 X121.766 Y6.18 E.03332
G1 X121.244 Y6.18 F21000
G1 F4800
G1 X121.884 Y6.82 E.03332
G1 X121.363 Y6.82 F21000
G1 F4800
G1 X120.722 Y6.18 E.03335
G1 X120.201 Y6.18 F21000
G1 F4800
G1 X120.841 Y6.82 E.03332
G1 X120.319 Y6.82 F21000
G1 F4800
G1 X119.679 Y6.18 E.03332
G1 X119.157 Y6.18 F21000
G1 F4800
G1 X119.797 Y6.82 E.03332
G1 X119.275 Y6.82 F21000
G1 F4800
G1 X118.635 Y6.18 E.03332
G1 X118.113 Y6.18 F21000
G1 F4800
G1 X118.753 Y6.82 E.03332
G1 X118.232 Y6.82 F21000
G1 F4800
G1 X117.591 Y6.18 E.03335
G1 X117.07 Y6.18 F21000
G1 F4800
G1 X117.71 Y6.82 E.03332
G1 X117.188 Y6.82 F21000
G1 F4800
G1 X116.548 Y6.18 E.03332
G1 X116.026 Y6.18 F21000
G1 F4800
G1 X116.666 Y6.82 E.03332
G1 X116.144 Y6.82 F21000
G1 F4800
G1 X115.504 Y6.18 E.03332
G1 X114.982 Y6.18 F21000
G1 F4800
G1 X115.622 Y6.82 E.03332
G1 X115.101 Y6.82 F21000
G1 F4800
G1 X114.46 Y6.18 E.03335
G1 X113.938 Y6.18 F21000
G1 F4800
G1 X114.579 Y6.82 E.03335
G1 X114.057 Y6.82 F21000
G1 F4800
G1 X113.417 Y6.18 E.03332
G1 X112.895 Y6.18 F21000
G1 F4800
G1 X113.535 Y6.82 E.03332
G1 X113.013 Y6.82 F21000
G1 F4800
G1 X112.373 Y6.18 E.03332
G1 X111.851 Y6.18 F21000
G1 F4800
G1 X112.491 Y6.82 E.03332
G1 X111.97 Y6.82 F21000
G1 F4800
G1 X111.329 Y6.18 E.03335
G1 X110.807 Y6.18 F21000
G1 F4800
G1 X111.448 Y6.82 E.03335
G1 X110.926 Y6.82 F21000
G1 F4800
G1 X110.286 Y6.18 E.03332
G1 E-.16 F2700
;WIPE_START
G1 F16800
G1 X110.926 Y6.82 E-.13819
;WIPE_END
G1 E-.50181 F2700
G1 X139.671 Y10.869 Z3.587 F21000
G1 X141.788 Y11.167 Z3.62
G1 X143.905 Y11.465 Z3.646
G1 X146.023 Y11.763 Z3.665
G1 X150.257 Y12.36 Z3.68
G1 X197.4 Y19
G1 Z3.08 F720
G1 E.8 F1500
;TYPE:Perimeter
;WIDTH:0.40602
G1 F3000
G1 X197.4 Y8.3 E.3785
G1 X197.776 Y7.923 F21000
;WIDTH:0.449999
G1 F3000
G1 X197.776 Y19.377 E.45543
G1 X197.023 Y19.377 E.02994
G1 X197.023 Y7.923 E.45543
G1 X197.717 Y7.923 E.02759
M204 T250
G1 X198.175 Y7.525 F21000
M204 T7000
;TYPE:External perimeter
G1 F2999.998
G1 X198.175 Y19.775 E.48708
G1 X196.625 Y19.775 E.06163
G1 X196.625 Y7.525 E.48708
G1 X198.115 Y7.525 E.05925
G1 E-.16 F2700
;WIPE_START
G1 F16800
G1 X198.175 Y7.525 E-.00916
G1 X198.175 Y11.657 E-.63084
;WIPE_END
G1 X218 Y19 Z3.449 F21000
G1 Z3.08 F720
G1 E.8 F1500
;TYPE:Perimeter
;WIDTH:0.40602
G1 F3000
G1 X218 Y8.3 E.3785
G1 X217.623 Y7.923 F21000
;WIDTH:0.449999
G1 F3000
G1 X218.377 Y7.923 E.02998
G1 X218.377 Y19.377 E.45543
G1 X217.623 Y19.377 E.02998
G1 X217.623 Y7.983 E.45305
M204 T250
G1 X217.225 Y7.525 F21000
M204 T7000
;TYPE:External perimeter
G1 F2999.998
G1 X218.775 Y7.525 E.06163
G1 X218.775 Y19.775 E.48708
G1 X217.225 Y19.775 E.06163
G1 X217.225 Y7.585 E.4847
M106 S242.25
;LAYER_CHANGE
;Z:3.32
;HEIGHT:0.24
;BEFORE_LAYER_CHANGE
G92 E0.0
;3.32


G1 E-.16 F2700
;WIPE_START
G1 F16800
G1 X217.225 Y7.525 E-.00916
G1 X218.775 Y7.525 E-.23665
G1 X218.775 Y10.107 E-.39419
;WIPE_END
G1 X218.775 Y10.107 Z3.08 F21000
G1 X189.914 Y13.219 Z3.587
G1 X187.788 Y13.448 Z3.62
G1 X185.662 Y13.678 Z3.646
G1 X183.536 Y13.907 Z3.665
G1 X179.284 Y14.365 Z3.68
G1 X64.9 Y26.7 Z3.68
;AFTER_LAYER_CHANGE
;3.32
G1 Z3.32 F720
G1 E.8 F1500
;TYPE:Perimeter
;WIDTH:0.60602
G1 F3000
G1 X64.9 Y19.974 E.37215
G1 E-.16 F2700
;WIPE_START
G1 F16800
G1 X64.9 Y24.166 E-.64
;WIPE_END
G1 X70.7 Y26.7 Z3.43 F21000
G1 Z3.32 F720
G1 E.8 F1500
;WIDTH:0.606024
G1 F3000
G1 X70.7 Y19.974 E.37215
G1 E-.16 F2700
;WIPE_START
G1 F16800
G1 X70.7 Y24.166 E-.64
;WIPE_END
G1 X65.284 Y19.297 Z3.447 F21000
G1 Z3.32 F720
G1 E.8 F1500
;WIDTH:0.489005
G1 F4200
G1 X65.225 Y19.403 E.0053
;WIDTH:0.52801
G1 X65.116 Y19.593 E.01041
;WIDTH:0.567015
G1 X65.008 Y19.784 E.01129
;WIDTH:0.60602
G1 X64.9 Y19.974 E.01209
G1 X64.88 Y19.724 E.01388
;WIDTH:0.567015
G1 X64.861 Y19.474 E.0129
;WIDTH:0.52801
G1 X64.841 Y19.224 E.01192
;WIDTH:0.489005
G1 X64.822 Y18.974 E.01094
;WIDTH:0.449999
G1 X64.736 Y18.568 E.0165
G1 X64.627 Y18.382 E.00857
G1 X64.298 Y18.097 E.01731
G1 X63.826 Y17.978 E.01935
G1 X6.022 Y17.978 E2.2984
G1 X6.022 Y6.022 E.47539
G1 X9.978 Y6.022 E.1573
G1 X9.978 Y15.159 E.36331
G1 X10.131 Y15.557 E.01695
G1 X10.329 Y15.784 E.01198
G1 X10.62 Y15.957 E.01346
G1 X10.974 Y16.022 E.01431
G1 X95.026 Y16.022 E3.34207
G1 X95.38 Y15.957 E.01431
G1 X95.671 Y15.784 E.01346
G1 X95.869 Y15.557 E.01198
M73 Q69 S5
G1 X95.977 Y15.322 E.01028
G1 X96.022 Y15.026 E.0119
G1 X96.022 Y6.022 E.35802
G1 X99.978 Y6.022 E.1573
G1 X99.978 Y17.978 E.47539
G1 X71.645 Y17.978 E1.12658
G1 X71.302 Y18.097 E.01444
G1 X70.973 Y18.382 E.01731
G1 X70.864 Y18.568 E.00857
G1 X70.778 Y18.974 E.0165
;WIDTH:0.489006
G1 X70.759 Y19.224 E.01094
;WIDTH:0.528012
G1 X70.739 Y19.474 E.01192
;WIDTH:0.567018
G1 X70.72 Y19.724 E.0129
;WIDTH:0.606024
G1 X70.7 Y19.974 E.01388
G1 X70.592 Y19.784 E.01209
;WIDTH:0.567018
G1 X70.484 Y19.593 E.01129
;WIDTH:0.528012
G1 X70.375 Y19.403 E.01041
;WIDTH:0.489006
G1 X70.267 Y19.212 E.00958
;WIDTH:0.449999
G1 X69.901 Y19.017 E.01649
G1 X69.626 Y18.978 E.01104
G1 X65.974 Y18.978 E.14521
G1 X65.699 Y19.017 E.01104
G1 X65.333 Y19.212 E.01649
;WIDTH:0.489005
G1 X65.314 Y19.245 E.00166
G1 X65.561 Y19.578 F21000
;WIDTH:0.449999
G1 F4200
G1 X65.377 Y19.974 E.01736
G1 X65.377 Y27.177 E.28641
G1 X64.423 Y27.177 E.03793
G1 X64.423 Y18.974 E.32617
G1 X64.372 Y18.731 E.00987
G1 X64.307 Y18.619 E.00515
M73 P69 R4
G1 X64.109 Y18.448 E.0104
G1 X63.826 Y18.377 E.0116
G1 X5.623 Y18.377 E2.31427
G1 X5.623 Y5.623 E.50712
G1 X10.377 Y5.623 E.18903
G1 X10.377 Y15.026 E.37388
G1 X10.404 Y15.204 E.00716
G1 X10.587 Y15.481 E.0132
G1 X10.762 Y15.584 E.00807
G1 X10.974 Y15.623 E.00857
G1 X95.11 Y15.623 E3.34541
G1 X95.413 Y15.481 E.01331
G1 X95.596 Y15.204 E.0132
G1 X95.623 Y15.026 E.00716
G1 X95.623 Y5.623 E.37388
G1 X100.377 Y5.623 E.18903
G1 X100.377 Y18.377 E.50712
G1 X71.774 Y18.377 E1.13731
G1 X71.491 Y18.448 E.0116
G1 X71.293 Y18.619 E.0104
G1 X71.228 Y18.731 E.00515
G1 X71.177 Y18.974 E.00987
G1 X71.177 Y27.177 E.32617
G1 X70.223 Y27.177 E.03793
G1 X70.223 Y19.974 E.28641
G1 X70.011 Y19.517 E.02003
G1 X69.791 Y19.4 E.00991
G1 X69.626 Y19.377 E.00662
G1 X65.853 Y19.377 E.15002
G1 X65.589 Y19.517 E.01188
G1 X65.586 Y19.523 E.00027
M204 T250
G1 X65.836 Y19.843 F21000
M204 T7000
;TYPE:External perimeter
G1 F3000
G1 X65.775 Y19.974 E.00575
G1 F2999.998
G1 X65.775 Y27.575 E.30223
G1 X64.025 Y27.575 E.06958
G1 X64.025 Y18.974 E.34199
G1 F3000
G1 X63.986 Y18.856 E.00494
G1 X63.826 Y18.775 E.00713
G1 F2999.998
G1 X5.225 Y18.775 E2.33009
G1 X5.225 Y5.225 E.53877
G1 X10.775 Y5.225 E.22068
G1 X10.775 Y15.026 E.38971
G1 F3000
G1 X10.845 Y15.177 E.00662
G1 X10.974 Y15.225 E.00547
G1 F2999.998
G1 X95.026 Y15.225 E3.34207
G1 F3000
G1 X95.155 Y15.177 E.00547
G1 X95.225 Y15.026 E.00662
G1 F2999.998
G1 X95.225 Y5.225 E.38971
G1 X100.775 Y5.225 E.22068
G1 X100.775 Y18.775 E.53877
G1 X71.774 Y18.775 E1.15314
G1 F3000
G1 X71.614 Y18.856 E.00713
G1 X71.575 Y18.974 E.00494
G1 F2999.998
G1 X71.575 Y27.575 E.34199
G1 X69.825 Y27.575 E.06958
G1 X69.825 Y19.974 E.30223
G1 F3000
M73 Q70 S5
G1 X69.754 Y19.822 E.00667
G1 X69.626 Y19.775 E.00542
G1 X65.974 Y19.775 E.14521
G1 X65.881 Y19.809 E.00394
M73 P70 R4
G1 E-.16 F2700
;WIPE_START
G1 F16800
G1 X65.836 Y19.843 E-.00861
G1 X65.775 Y19.974 E-.02206
G1 X65.775 Y23.965 E-.60933
;WIPE_END
G1 X92.097 Y11.726 Z3.827 F21000
G1 X94.036 Y10.824 Z3.86
G1 X95.975 Y9.922 Z3.886
G1 X97.914 Y9.021 Z3.905
G1 X99.639 Y8.218 Z3.915
G1 Z3.32 F720
G1 E.8 F1500
;TYPE:Internal infill
;WIDTH:0.45
G1 F7200
G1 X99.639 Y6.361 E.07384
G1 X99.497 Y6.361 E.00565
G1 X96.361 Y9.497 E.17634
G1 X96.361 Y12.032 E.1008
G1 X99.639 Y15.31 E.18433
G1 X99.639 Y17.639 E.09261
G1 X90.697 Y17.639 E.35555
G1 X89.418 Y16.361 E.07189
G1 X89.497 Y16.361 E.00314
G1 X88.218 Y17.639 E.07189
G1 X79.426 Y17.639 E.34959
G1 X78.147 Y16.361 E.07189
G1 X78.226 Y16.361 E.00314
G1 X76.947 Y17.639 E.07189
G1 X71.538 Y17.659 E.21507
G1 X71.136 Y17.799 E.01693
G1 X70.704 Y18.174 E.02275
G1 X70.551 Y18.436 E.01206
G1 X70.446 Y18.928 E.02
G1 X70.002 Y18.692 E.01999
G1 X69.715 Y18.642 E.01158
G1 X69.155 Y18.64 E.02227
G1 X66.876 Y16.361 E.12815
G1 X66.955 Y16.361 E.00314
G1 X64.987 Y18.329 E.11066
G1 X64.896 Y18.174 E.00715
G1 X64.459 Y17.795 E.023
G1 X63.843 Y17.639 E.02527
G1 X56.884 Y17.639 E.2767
G1 X55.605 Y16.361 E.07189
G1 X55.684 Y16.361 E.00314
G1 X54.405 Y17.639 E.07189
G1 X45.612 Y17.639 E.34963
G1 X44.334 Y16.361 E.07186
G1 X44.412 Y16.361 E.0031
G1 X43.134 Y17.639 E.07186
G1 X34.341 Y17.639 E.34963
G1 X33.063 Y16.361 E.07186
G1 X33.141 Y16.361 E.0031
G1 X31.863 Y17.639 E.07186
G1 X23.07 Y17.639 E.34963
G1 X21.791 Y16.361 E.07189
G1 X21.87 Y16.361 E.00314
G1 X20.591 Y17.639 E.07189
G1 X11.799 Y17.639 E.34959
G1 X10.343 Y16.183 E.08187
G1 X10.499 Y16.276 E.00722
G1 X10.655 Y16.304 E.0063
G1 X9.32 Y17.639 E.07507
G1 X7.32 Y17.639 E.07952
G1 E-.16 F2700
;WIPE_START
G1 F16800
G1 X9.32 Y17.639 E-.30536
G1 X10.655 Y16.304 E-.28825
G1 X10.499 Y16.276 E-.0242
G1 X10.374 Y16.202 E-.02219
;WIPE_END
G1 X9.639 Y13.665 Z3.366 F21000
G1 Z3.32 F720
G1 E.8 F1500
G1 F7200
G1 X9.639 Y15.032 E.05435
G1 X9.701 Y15.427 E.0159
G1 X9.798 Y15.638 E.00923
G1 X6.361 Y12.201 E.19327
G1 X6.361 Y9.328 E.11424
G1 X9.328 Y6.361 E.16684
G1 X9.639 Y6.361 E.01237
G1 X9.639 Y8.049 E.06712
G1 E-.16 F2700
;WIPE_START
G1 F16800
G1 X9.639 Y6.361 E-.25772
G1 X9.328 Y6.361 E-.04748
G1 X7.777 Y7.911 E-.3348
;WIPE_END
G1 X36.756 Y9.606 Z3.827 F21000
G1 X38.89 Y9.73 Z3.86
G1 X41.025 Y9.855 Z3.886
G1 X43.16 Y9.98 Z3.905
G1 X47.429 Y10.23 Z3.92
G1 X197.4 Y19
G1 Z3.32 F720
G1 E.8 F1500
;TYPE:Perimeter
;WIDTH:0.40602
G1 F3000
G1 X197.4 Y8.3 E.3785
G1 X197.776 Y7.923 F21000
;WIDTH:0.449999
G1 F3000
G1 X197.776 Y19.377 E.45543
G1 X197.023 Y19.377 E.02994
G1 X197.023 Y7.923 E.45543
G1 X197.717 Y7.923 E.02759
M204 T250
G1 X198.175 Y7.525 F21000
M204 T7000
;TYPE:External perimeter
G1 F2999.998
G1 X198.175 Y19.775 E.48708
G1 X196.625 Y19.775 E.06163
G1 X196.625 Y7.525 E.48708
G1 X198.115 Y7.525 E.05925
G1 E-.16 F2700
;WIPE_START
G1 F16800
G1 X198.175 Y7.525 E-.00916
G1 X198.175 Y11.657 E-.63084
;WIPE_END
G1 X218 Y19 Z3.689 F21000
G1 Z3.32 F720
G1 E.8 F1500
;TYPE:Perimeter
;WIDTH:0.40602
G1 F3000
G1 X218 Y8.3 E.3785
G1 X217.623 Y7.923 F21000
;WIDTH:0.449999
G1 F3000
G1 X218.377 Y7.923 E.02998
G1 X218.377 Y19.377 E.45543
G1 X217.623 Y19.377 E.02998
G1 X217.623 Y7.983 E.45305
M204 T250
G1 X217.225 Y7.525 F21000
M204 T7000
;TYPE:External perimeter
G1 F2999.998
G1 X218.775 Y7.525 E.06163
G1 X218.775 Y19.775 E.48708
G1 X217.225 Y19.775 E.06163
G1 X217.225 Y7.585 E.4847
;LAYER_CHANGE
;Z:3.56
;HEIGHT:0.24
;BEFORE_LAYER_CHANGE
G92 E0.0
;3.56


G1 E-.16 F2700
;WIPE_START
G1 F16800
G1 X217.225 Y7.525 E-.00916
G1 X218.775 Y7.525 E-.23665
G1 X218.775 Y10.107 E-.39419
;WIPE_END
G1 X218.775 Y10.107 Z3.32 F21000
G1 X189.914 Y13.219 Z3.827
G1 X187.788 Y13.448 Z3.86
G1 X185.662 Y13.678 Z3.886
G1 X183.536 Y13.907 Z3.905
G1 X179.284 Y14.365 Z3.92
G1 X64.9 Y26.7 Z3.92
;AFTER_LAYER_CHANGE
;3.56
G1 Z3.56 F720
G1 E.8 F1500
;TYPE:Perimeter
;WIDTH:0.60602
G1 F3000
G1 X64.9 Y19.974 E.37215
G1 E-.16 F2700
;WIPE_START
G1 F16800
G1 X64.9 Y24.166 E-.64
;WIPE_END
G1 X70.7 Y26.7 Z3.67 F21000
G1 Z3.56 F720
G1 E.8 F1500
;WIDTH:0.606024
G1 F3000
G1 X70.7 Y19.974 E.37215
G1 E-.16 F2700
;WIPE_START
G1 F16800
G1 X70.7 Y24.166 E-.64
;WIPE_END
G1 X65.284 Y19.297 Z3.687 F21000
G1 Z3.56 F720
G1 E.8 F1500
;WIDTH:0.489005
G1 F4200
G1 X65.225 Y19.403 E.0053
;WIDTH:0.52801
G1 X65.116 Y19.593 E.01041
;WIDTH:0.567015
G1 X65.008 Y19.784 E.01129
;WIDTH:0.60602
G1 X64.9 Y19.974 E.01209
G1 X64.88 Y19.724 E.01388
;WIDTH:0.567015
G1 X64.861 Y19.474 E.0129
;WIDTH:0.52801
G1 X64.841 Y19.224 E.01192
;WIDTH:0.489005
G1 X64.822 Y18.974 E.01094
;WIDTH:0.449999
G1 X64.736 Y18.568 E.0165
G1 X64.627 Y18.382 E.00857
G1 X64.298 Y18.097 E.01731
G1 X63.826 Y17.978 E.01935
G1 X6.022 Y17.978 E2.2984
G1 X6.022 Y6.022 E.47539
M73 Q71 S5
G1 X9.978 Y6.022 E.1573
G1 X9.978 Y15.159 E.36331
G1 X10.131 Y15.557 E.01695
G1 X10.329 Y15.784 E.01198
G1 X10.62 Y15.957 E.01346
G1 X10.974 Y16.022 E.01431
G1 X95.026 Y16.022 E3.34207
G1 X95.38 Y15.957 E.01431
M73 P71 R4
G1 X95.671 Y15.784 E.01346
G1 X95.869 Y15.557 E.01198
G1 X95.977 Y15.322 E.01028
G1 X96.022 Y15.026 E.0119
G1 X96.022 Y6.022 E.35802
G1 X99.978 Y6.022 E.1573
G1 X99.978 Y17.978 E.47539
G1 X71.645 Y17.978 E1.12658
G1 X71.302 Y18.097 E.01444
G1 X70.973 Y18.382 E.01731
G1 X70.864 Y18.568 E.00857
G1 X70.778 Y18.974 E.0165
;WIDTH:0.489006
G1 X70.759 Y19.224 E.01094
;WIDTH:0.528012
G1 X70.739 Y19.474 E.01192
;WIDTH:0.567018
G1 X70.72 Y19.724 E.0129
;WIDTH:0.606024
G1 X70.7 Y19.974 E.01388
G1 X70.592 Y19.784 E.01209
;WIDTH:0.567018
G1 X70.484 Y19.593 E.01129
;WIDTH:0.528012
G1 X70.375 Y19.403 E.01041
;WIDTH:0.489006
G1 X70.267 Y19.212 E.00958
;WIDTH:0.449999
G1 X69.901 Y19.017 E.01649
G1 X69.626 Y18.978 E.01104
G1 X65.974 Y18.978 E.14521
G1 X65.699 Y19.017 E.01104
G1 X65.333 Y19.212 E.01649
;WIDTH:0.489005
G1 X65.314 Y19.245 E.00166
G1 X65.561 Y19.578 F21000
;WIDTH:0.449999
G1 F4200
G1 X65.377 Y19.974 E.01736
G1 X65.377 Y27.177 E.28641
G1 X64.423 Y27.177 E.03793
G1 X64.423 Y18.974 E.32617
G1 X64.372 Y18.731 E.00987
G1 X64.307 Y18.619 E.00515
G1 X64.109 Y18.448 E.0104
G1 X63.826 Y18.377 E.0116
G1 X5.623 Y18.377 E2.31427
G1 X5.623 Y5.623 E.50712
G1 X10.377 Y5.623 E.18903
G1 X10.377 Y15.026 E.37388
G1 X10.404 Y15.204 E.00716
G1 X10.587 Y15.481 E.0132
G1 X10.762 Y15.584 E.00807
G1 X10.974 Y15.623 E.00857
G1 X95.11 Y15.623 E3.34541
G1 X95.413 Y15.481 E.01331
G1 X95.596 Y15.204 E.0132
G1 X95.623 Y15.026 E.00716
G1 X95.623 Y5.623 E.37388
G1 X100.377 Y5.623 E.18903
G1 X100.377 Y18.377 E.50712
G1 X71.774 Y18.377 E1.13731
G1 X71.491 Y18.448 E.0116
G1 X71.293 Y18.619 E.0104
G1 X71.228 Y18.731 E.00515
G1 X71.177 Y18.974 E.00987
G1 X71.177 Y27.177 E.32617
G1 X70.223 Y27.177 E.03793
G1 X70.223 Y19.974 E.28641
G1 X70.011 Y19.517 E.02003
G1 X69.791 Y19.4 E.00991
G1 X69.626 Y19.377 E.00662
G1 X65.853 Y19.377 E.15002
G1 X65.589 Y19.517 E.01188
G1 X65.586 Y19.523 E.00027
M204 T250
G1 X65.836 Y19.843 F21000
M204 T7000
;TYPE:External perimeter
G1 F3000
G1 X65.775 Y19.974 E.00575
G1 F2999.998
G1 X65.775 Y27.575 E.30223
G1 X64.025 Y27.575 E.06958
G1 X64.025 Y18.974 E.34199
G1 F3000
G1 X63.986 Y18.856 E.00494
G1 X63.826 Y18.775 E.00713
G1 F2999.998
G1 X5.225 Y18.775 E2.33009
G1 X5.225 Y5.225 E.53877
G1 X10.775 Y5.225 E.22068
G1 X10.775 Y15.026 E.38971
G1 F3000
G1 X10.845 Y15.177 E.00662
G1 X10.974 Y15.225 E.00547
G1 F2999.998
G1 X95.026 Y15.225 E3.34207
G1 F3000
M73 P72 R4
M73 Q72 S5
G1 X95.155 Y15.177 E.00547
G1 X95.225 Y15.026 E.00662
G1 F2999.998
G1 X95.225 Y5.225 E.38971
G1 X100.775 Y5.225 E.22068
G1 X100.775 Y18.775 E.53877
G1 X71.774 Y18.775 E1.15314
G1 F3000
G1 X71.614 Y18.856 E.00713
G1 X71.575 Y18.974 E.00494
G1 F2999.998
G1 X71.575 Y27.575 E.34199
G1 X69.825 Y27.575 E.06958
G1 X69.825 Y19.974 E.30223
G1 F3000
G1 X69.754 Y19.822 E.00667
G1 X69.626 Y19.775 E.00542
G1 X65.974 Y19.775 E.14521
G1 X65.881 Y19.809 E.00394
G1 E-.16 F2700
;WIPE_START
G1 F16800
G1 X65.836 Y19.843 E-.00861
G1 X65.775 Y19.974 E-.02206
G1 X65.775 Y23.965 E-.60933
;WIPE_END
G1 X92.097 Y11.726 Z4.067 F21000
G1 X94.036 Y10.824 Z4.1
G1 X95.975 Y9.922 Z4.126
G1 X97.914 Y9.021 Z4.145
G1 X99.639 Y8.218 Z4.155
G1 Z3.56 F720
G1 E.8 F1500
;TYPE:Internal infill
;WIDTH:0.45
G1 F7200
G1 X99.639 Y6.361 E.07384
G1 X99.497 Y6.361 E.00565
G1 X96.361 Y9.497 E.17634
G1 X96.361 Y12.032 E.1008
G1 X99.639 Y15.31 E.18433
G1 X99.639 Y17.639 E.09261
G1 X90.697 Y17.639 E.35555
G1 X89.418 Y16.361 E.07189
G1 X89.497 Y16.361 E.00314
G1 X88.218 Y17.639 E.07189
G1 X79.426 Y17.639 E.34959
M73 Q72 S4
G1 X78.147 Y16.361 E.07189
G1 X78.226 Y16.361 E.00314
G1 X76.947 Y17.639 E.07189
G1 X71.538 Y17.659 E.21507
G1 X71.136 Y17.799 E.01693
G1 X70.704 Y18.174 E.02275
G1 X70.551 Y18.436 E.01206
G1 X70.446 Y18.928 E.02
G1 X70.002 Y18.692 E.01999
G1 X69.715 Y18.642 E.01158
G1 X69.155 Y18.64 E.02227
G1 X66.876 Y16.361 E.12815
G1 X66.955 Y16.361 E.00314
G1 X64.987 Y18.329 E.11066
G1 X64.896 Y18.174 E.00715
G1 X64.459 Y17.795 E.023
G1 X63.843 Y17.639 E.02527
G1 X56.884 Y17.639 E.2767
G1 X55.605 Y16.361 E.07189
G1 X55.684 Y16.361 E.00314
G1 X54.405 Y17.639 E.07189
G1 X45.612 Y17.639 E.34963
G1 X44.334 Y16.361 E.07186
G1 X44.412 Y16.361 E.0031
G1 X43.134 Y17.639 E.07186
G1 X34.341 Y17.639 E.34963
G1 X33.063 Y16.361 E.07186
G1 X33.141 Y16.361 E.0031
G1 X31.863 Y17.639 E.07186
G1 X23.07 Y17.639 E.34963
G1 X21.791 Y16.361 E.07189
G1 X21.87 Y16.361 E.00314
G1 X20.591 Y17.639 E.07189
G1 X11.799 Y17.639 E.34959
G1 X10.343 Y16.183 E.08187
G1 X10.499 Y16.276 E.00722
G1 X10.655 Y16.304 E.0063
G1 X9.32 Y17.639 E.07507
G1 X7.32 Y17.639 E.07952
G1 E-.16 F2700
;WIPE_START
G1 F16800
G1 X9.32 Y17.639 E-.30536
G1 X10.655 Y16.304 E-.28825
G1 X10.499 Y16.276 E-.0242
G1 X10.374 Y16.202 E-.02219
;WIPE_END
G1 X9.639 Y13.665 Z3.606 F21000
G1 Z3.56 F720
G1 E.8 F1500
G1 F7200
G1 X9.639 Y15.032 E.05435
G1 X9.701 Y15.427 E.0159
G1 X9.798 Y15.638 E.00923
G1 X6.361 Y12.201 E.19327
G1 X6.361 Y9.328 E.11424
G1 X9.328 Y6.361 E.16684
G1 X9.639 Y6.361 E.01237
G1 X9.639 Y8.049 E.06712
G1 E-.16 F2700
;WIPE_START
G1 F16800
G1 X9.639 Y6.361 E-.25772
G1 X9.328 Y6.361 E-.04748
G1 X7.777 Y7.911 E-.3348
;WIPE_END
G1 X36.756 Y9.606 Z4.067 F21000
G1 X38.89 Y9.73 Z4.1
G1 X41.025 Y9.855 Z4.126
G1 X43.16 Y9.98 Z4.145
G1 X47.429 Y10.23 Z4.16
G1 X197.4 Y19
G1 Z3.56 F720
G1 E.8 F1500
;TYPE:Perimeter
;WIDTH:0.40602
G1 F3000
G1 X197.4 Y8.3 E.3785
G1 X197.776 Y7.923 F21000
;WIDTH:0.449999
G1 F3000
G1 X197.776 Y19.377 E.45543
G1 X197.023 Y19.377 E.02994
G1 X197.023 Y7.923 E.45543
G1 X197.717 Y7.923 E.02759
M204 T250
G1 X198.175 Y7.525 F21000
M204 T7000
;TYPE:External perimeter
G1 F2999.998
G1 X198.175 Y19.775 E.48708
G1 X196.625 Y19.775 E.06163
G1 X196.625 Y7.525 E.48708
G1 X198.115 Y7.525 E.05925
G1 E-.16 F2700
;WIPE_START
G1 F16800
G1 X198.175 Y7.525 E-.00916
G1 X198.175 Y11.657 E-.63084
;WIPE_END
G1 X218 Y19 Z3.929 F21000
G1 Z3.56 F720
G1 E.8 F1500
;TYPE:Perimeter
;WIDTH:0.40602
G1 F3000
G1 X218 Y8.3 E.3785
G1 X217.623 Y7.923 F21000
;WIDTH:0.449999
G1 F3000
G1 X218.377 Y7.923 E.02998
G1 X218.377 Y19.377 E.45543
G1 X217.623 Y19.377 E.02998
G1 X217.623 Y7.983 E.45305
M204 T250
G1 X217.225 Y7.525 F21000
M204 T7000
;TYPE:External perimeter
G1 F2999.998
G1 X218.775 Y7.525 E.06163
G1 X218.775 Y19.775 E.48708
G1 X217.225 Y19.775 E.06163
G1 X217.225 Y7.585 E.4847
M106 S239.7
;LAYER_CHANGE
;Z:3.8
;HEIGHT:0.24
;BEFORE_LAYER_CHANGE
G92 E0.0
;3.8


G1 E-.16 F2700
M73 Q73 S4
;WIPE_START
G1 F16800
G1 X217.225 Y7.525 E-.00916
G1 X218.775 Y7.525 E-.23665
G1 X218.775 Y10.107 E-.39419
;WIPE_END
G1 X218.775 Y10.107 Z3.56 F21000
G1 X189.914 Y13.219 Z4.067
G1 X187.788 Y13.448 Z4.1
G1 X185.662 Y13.678 Z4.126
G1 X183.536 Y13.907 Z4.145
G1 X179.284 Y14.365 Z4.16
G1 X64.9 Y26.7 Z4.16
;AFTER_LAYER_CHANGE
;3.8
G1 Z3.8 F720
G1 E.8 F1500
;TYPE:Perimeter
;WIDTH:0.60602
G1 F3000
G1 X64.9 Y19.974 E.37215
G1 E-.16 F2700
;WIPE_START
G1 F16800
G1 X64.9 Y24.166 E-.64
;WIPE_END
G1 X70.7 Y26.7 Z3.91 F21000
G1 Z3.8 F720
G1 E.8 F1500
;WIDTH:0.606024
G1 F3000
G1 X70.7 Y19.974 E.37215
G1 E-.16 F2700
;WIPE_START
G1 F16800
G1 X70.7 Y24.166 E-.64
;WIPE_END
G1 X65.284 Y19.297 Z3.927 F21000
G1 Z3.8 F720
G1 E.8 F1500
;WIDTH:0.489005
G1 F4200
G1 X65.225 Y19.403 E.0053
;WIDTH:0.52801
G1 X65.116 Y19.593 E.01041
;WIDTH:0.567015
G1 X65.008 Y19.784 E.01129
;WIDTH:0.60602
G1 X64.9 Y19.974 E.01209
G1 X64.88 Y19.724 E.01388
;WIDTH:0.567015
G1 X64.861 Y19.474 E.0129
;WIDTH:0.52801
G1 X64.841 Y19.224 E.01192
;WIDTH:0.489005
G1 X64.822 Y18.974 E.01094
;WIDTH:0.449999
G1 X64.736 Y18.568 E.0165
G1 X64.627 Y18.382 E.00857
G1 X64.298 Y18.097 E.01731
G1 X63.826 Y17.978 E.01935
G1 X6.022 Y17.978 E2.2984
G1 X6.022 Y6.022 E.47539
M73 P73 R4
G1 X9.978 Y6.022 E.1573
G1 X9.978 Y15.159 E.36331
G1 X10.131 Y15.557 E.01695
G1 X10.329 Y15.784 E.01198
G1 X10.62 Y15.957 E.01346
G1 X10.974 Y16.022 E.01431
G1 X95.026 Y16.022 E3.34207
G1 X95.38 Y15.957 E.01431
G1 X95.671 Y15.784 E.01346
G1 X95.869 Y15.557 E.01198
G1 X95.977 Y15.322 E.01028
G1 X96.022 Y15.026 E.0119
G1 X96.022 Y6.022 E.35802
G1 X99.978 Y6.022 E.1573
G1 X99.978 Y17.978 E.47539
G1 X71.645 Y17.978 E1.12658
G1 X71.302 Y18.097 E.01444
G1 X70.973 Y18.382 E.01731
G1 X70.864 Y18.568 E.00857
G1 X70.778 Y18.974 E.0165
;WIDTH:0.489006
G1 X70.759 Y19.224 E.01094
;WIDTH:0.528012
G1 X70.739 Y19.474 E.01192
;WIDTH:0.567018
G1 X70.72 Y19.724 E.0129
;WIDTH:0.606024
G1 X70.7 Y19.974 E.01388
G1 X70.592 Y19.784 E.01209
;WIDTH:0.567018
G1 X70.484 Y19.593 E.01129
;WIDTH:0.528012
G1 X70.375 Y19.403 E.01041
;WIDTH:0.489006
G1 X70.267 Y19.212 E.00958
;WIDTH:0.449999
G1 X69.901 Y19.017 E.01649
G1 X69.626 Y18.978 E.01104
G1 X65.974 Y18.978 E.14521
G1 X65.699 Y19.017 E.01104
G1 X65.333 Y19.212 E.01649
;WIDTH:0.489005
G1 X65.314 Y19.245 E.00166
G1 X65.561 Y19.578 F21000
;WIDTH:0.449999
G1 F4200
G1 X65.377 Y19.974 E.01736
G1 X65.377 Y27.177 E.28641
G1 X64.423 Y27.177 E.03793
G1 X64.423 Y18.974 E.32617
G1 X64.372 Y18.731 E.00987
G1 X64.307 Y18.619 E.00515
G1 X64.109 Y18.448 E.0104
G1 X63.826 Y18.377 E.0116
G1 X5.623 Y18.377 E2.31427
G1 X5.623 Y5.623 E.50712
G1 X10.377 Y5.623 E.18903
G1 X10.377 Y15.026 E.37388
G1 X10.404 Y15.204 E.00716
G1 X10.587 Y15.481 E.0132
G1 X10.762 Y15.584 E.00807
G1 X10.974 Y15.623 E.00857
G1 X95.11 Y15.623 E3.34541
G1 X95.413 Y15.481 E.01331
G1 X95.596 Y15.204 E.0132
G1 X95.623 Y15.026 E.00716
G1 X95.623 Y5.623 E.37388
G1 X100.377 Y5.623 E.18903
G1 X100.377 Y18.377 E.50712
G1 X71.774 Y18.377 E1.13731
G1 X71.491 Y18.448 E.0116
G1 X71.293 Y18.619 E.0104
G1 X71.228 Y18.731 E.00515
G1 X71.177 Y18.974 E.00987
G1 X71.177 Y27.177 E.32617
G1 X70.223 Y27.177 E.03793
G1 X70.223 Y19.974 E.28641
G1 X70.011 Y19.517 E.02003
G1 X69.791 Y19.4 E.00991
G1 X69.626 Y19.377 E.00662
G1 X65.853 Y19.377 E.15002
G1 X65.589 Y19.517 E.01188
G1 X65.586 Y19.523 E.00027
M204 T250
G1 X65.836 Y19.843 F21000
M204 T7000
;TYPE:External perimeter
G1 F3000
G1 X65.775 Y19.974 E.00575
G1 F2999.998
G1 X65.775 Y27.575 E.30223
G1 X64.025 Y27.575 E.06958
G1 X64.025 Y18.974 E.34199
G1 F3000
G1 X63.986 Y18.856 E.00494
G1 X63.826 Y18.775 E.00713
G1 F2999.998
G1 X5.225 Y18.775 E2.33009
G1 X5.225 Y5.225 E.53877
M73 Q74 S4
G1 X10.775 Y5.225 E.22068
M73 P73 R3
G1 X10.775 Y15.026 E.38971
G1 F3000
M73 P74 R3
G1 X10.845 Y15.177 E.00662
G1 X10.974 Y15.225 E.00547
G1 F2999.998
G1 X95.026 Y15.225 E3.34207
G1 F3000
G1 X95.155 Y15.177 E.00547
G1 X95.225 Y15.026 E.00662
G1 F2999.998
G1 X95.225 Y5.225 E.38971
G1 X100.775 Y5.225 E.22068
G1 X100.775 Y18.775 E.53877
G1 X71.774 Y18.775 E1.15314
G1 F3000
G1 X71.614 Y18.856 E.00713
G1 X71.575 Y18.974 E.00494
G1 F2999.998
G1 X71.575 Y27.575 E.34199
G1 X69.825 Y27.575 E.06958
G1 X69.825 Y19.974 E.30223
G1 F3000
G1 X69.754 Y19.822 E.00667
G1 X69.626 Y19.775 E.00542
G1 X65.974 Y19.775 E.14521
G1 X65.881 Y19.809 E.00394
G1 E-.16 F2700
;WIPE_START
G1 F16800
G1 X65.836 Y19.843 E-.00861
G1 X65.775 Y19.974 E-.02206
G1 X65.775 Y23.965 E-.60933
;WIPE_END
G1 X93.025 Y17.639 Z4.288 F21000
G1 Z3.8 F720
G1 E.8 F1500
;TYPE:Solid infill
;WIDTH:0.45003
G1 F8400
G1 X99.44 Y17.639 E.25509
;WIDTH:0.484217
G1 X99.523 Y17.622 E.00366
;WIDTH:0.518406
G1 F8031.664
G1 X99.605 Y17.605 E.0039
G1 X99.622 Y17.523 E.0039
;WIDTH:0.484217
G1 F8400
G1 X99.639 Y17.44 E.00366
;WIDTH:0.450028
G1 X99.639 Y6.56 E.43264
;WIDTH:0.484216
G1 X99.622 Y6.477 E.00366
;WIDTH:0.518406
G1 F8031.664
G1 X99.605 Y6.395 E.0039
G1 X99.523 Y6.378 E.0039
;WIDTH:0.484217
G1 F8400
G1 X99.44 Y6.361 E.00366
;WIDTH:0.450028
G1 X96.56 Y6.361 E.11452
;WIDTH:0.484217
G1 X96.477 Y6.378 E.00366
;WIDTH:0.518406
G1 F8031.664
G1 X96.395 Y6.395 E.0039
G1 X96.378 Y6.477 E.0039
;WIDTH:0.484218
G1 F8400
G1 X96.361 Y6.56 E.00366
;WIDTH:0.450036
G1 X96.361 Y15.025 E.33662
;WIDTH:0.468972
G1 X96.287 Y15.432 E.01723
G1 X96.137 Y15.761 E.01506
;WIDTH:0.450028
G1 X95.863 Y16.061 E.01616
;WIDTH:0.450794
G1 X95.464 Y16.284 E.01821
G1 X95.023 Y16.361 E.01784
;WIDTH:0.450032
G1 X94.304 Y16.361 E.02859
G1 E-.16 F2700
;WIPE_START
G1 F16800
G1 X95.023 Y16.361 E-.10978
G1 X95.464 Y16.284 E-.06835
G1 X95.863 Y16.061 E-.06979
G1 X96.137 Y15.761 E-.06203
G1 X96.287 Y15.432 E-.05521
G1 X96.361 Y15.025 E-.06316
G1 X96.361 Y13.639 E-.21168
;WIPE_END
G1 X99.241 Y8.617 Z3.901 F21000
G1 Z3.8 F720
G1 E.8 F1500
;TYPE:Internal infill
;WIDTH:0.45
G1 F7200
G1 X99.241 Y6.759 E.07388
G1 X99.098 Y6.759 E.00569
G1 X96.759 Y9.098 E.13153
G1 X96.759 Y12.43 E.13249
G1 X99.241 Y14.912 E.13957
G1 X99.241 Y17.241 E.09261
G1 X92.86 Y17.241 E.25372
G1 X92.461 Y17.639 E.02241
G1 X90.697 Y17.639 E.07014
G1 X89.418 Y16.361 E.07189
G1 X89.497 Y16.361 E.00314
G1 X88.218 Y17.639 E.07189
G1 X79.426 Y17.639 E.34959
G1 X78.147 Y16.361 E.07189
G1 X78.226 Y16.361 E.00314
G1 X76.947 Y17.639 E.07189
G1 X71.538 Y17.659 E.21507
G1 X71.136 Y17.799 E.01693
G1 X70.704 Y18.174 E.02275
G1 X70.551 Y18.436 E.01206
G1 X70.446 Y18.928 E.02
G1 X70.002 Y18.692 E.01999
G1 X69.715 Y18.642 E.01158
G1 X69.155 Y18.64 E.02227
G1 X66.876 Y16.361 E.12815
G1 X66.955 Y16.361 E.00314
G1 X64.987 Y18.329 E.11066
G1 X64.896 Y18.174 E.00715
G1 X64.459 Y17.795 E.023
G1 X63.843 Y17.639 E.02527
G1 X56.884 Y17.639 E.2767
G1 X55.605 Y16.361 E.07189
G1 X55.684 Y16.361 E.00314
G1 X54.405 Y17.639 E.07189
G1 X45.612 Y17.639 E.34963
G1 X44.334 Y16.361 E.07186
G1 X44.412 Y16.361 E.0031
G1 X43.134 Y17.639 E.07186
G1 X34.341 Y17.639 E.34963
G1 X33.063 Y16.361 E.07186
G1 X33.141 Y16.361 E.0031
G1 X31.863 Y17.639 E.07186
G1 X23.07 Y17.639 E.34963
G1 X21.791 Y16.361 E.07189
G1 X21.87 Y16.361 E.00314
G1 X20.591 Y17.639 E.07189
G1 X13.73 Y17.639 E.27281
G1 X13.989 Y17.241 E.01888
G1 X11.4 Y17.241 E.10294
G1 X10.917 Y16.758 E.02716
G1 X10.324 Y16.635 E.02408
G1 X9.719 Y17.241 E.03405
G1 X7.719 Y17.241 E.07952
G1 E-.16 F2700
;WIPE_START
G1 F16800
G1 X9.719 Y17.241 E-.30536
G1 X10.324 Y16.635 E-.13074
G1 X10.917 Y16.758 E-.09247
G1 X11.4 Y17.241 E-.10429
G1 X11.447 Y17.241 E-.00714
;WIPE_END
G1 X9.241 Y13.084 Z3.882 F21000
G1 Z3.8 F720
G1 E.8 F1500
G1 F7200
G1 X9.244 Y15.084 E.07952
G1 X6.759 Y12.6 E.13971
G1 X6.759 Y8.929 E.14597
G1 X8.929 Y6.759 E.12202
G1 X9.241 Y6.759 E.01241
G1 X9.241 Y8.448 E.06716
G1 E-.16 F2700
;WIPE_START
G1 F16800
G1 X9.241 Y6.759 E-.25787
G1 X8.929 Y6.759 E-.04764
G1 X7.38 Y8.308 E-.33449
;WIPE_END
G1 X14.085 Y16.361 Z3.983 F21000
G1 Z3.8 F720
G1 E.8 F1500
;TYPE:Solid infill
;WIDTH:0.45003
G1 F8400
G1 X10.98 Y16.361 E.12347
G1 X10.469 Y16.258 E.02073
G1 X10.088 Y16.02 E.01786
G1 X9.833 Y15.714 E.01584
G1 X9.695 Y15.391 E.01397
G1 X9.639 Y15.023 E.0148
G1 X9.639 Y6.56 E.33653
;WIDTH:0.484216
G1 X9.622 Y6.477 E.00366
;WIDTH:0.518406
G1 F8031.664
G1 X9.605 Y6.395 E.0039
G1 X9.523 Y6.378 E.0039
;WIDTH:0.484217
G1 F8400
G1 X9.44 Y6.361 E.00366
;WIDTH:0.450028
G1 X6.56 Y6.361 E.11452
;WIDTH:0.484217
G1 X6.477 Y6.378 E.00366
;WIDTH:0.518406
G1 F8031.664
G1 X6.395 Y6.395 E.0039
G1 X6.378 Y6.477 E.0039
;WIDTH:0.484218
G1 F8400
G1 X6.361 Y6.56 E.00366
;WIDTH:0.45003
G1 X6.361 Y17.44 E.43264
;WIDTH:0.484216
G1 X6.378 Y17.523 E.00366
;WIDTH:0.518404
G1 F8031.699
G1 X6.395 Y17.605 E.0039
G1 X6.477 Y17.622 E.0039
;WIDTH:0.484215
G1 F8400
G1 X6.56 Y17.639 E.00366
;WIDTH:0.45003
G1 X13.264 Y17.639 E.26659
G1 E-.16 F2700
;WIPE_START
G1 F16800
G1 X9.072 Y17.639 E-.64
;WIPE_END
G1 X38.1 Y17.849 Z4.307 F21000
G1 X40.238 Y17.864 Z4.34
G1 X42.376 Y17.88 Z4.366
G1 X44.514 Y17.895 Z4.385
G1 X48.791 Y17.926 Z4.4
G1 X197.4 Y19
G1 Z3.8 F720
M73 Q75 S4
G1 E.8 F1500
;TYPE:Perimeter
;WIDTH:0.40602
G1 F3000
G1 X197.4 Y8.3 E.3785
G1 X197.776 Y7.923 F21000
;WIDTH:0.449999
G1 F3000
G1 X197.776 Y19.377 E.45543
G1 X197.023 Y19.377 E.02994
G1 X197.023 Y7.923 E.45543
G1 X197.717 Y7.923 E.02759
M204 T250
G1 X198.175 Y7.525 F21000
M204 T7000
;TYPE:External perimeter
G1 F2999.998
G1 X198.175 Y19.775 E.48708
G1 X196.625 Y19.775 E.06163
G1 X196.625 Y7.525 E.48708
G1 X198.115 Y7.525 E.05925
G1 E-.16 F2700
;WIPE_START
G1 F16800
G1 X198.175 Y7.525 E-.00916
G1 X198.175 Y11.657 E-.63084
;WIPE_END
G1 X218 Y19 Z4.169 F21000
G1 Z3.8 F720
G1 E.8 F1500
;TYPE:Perimeter
;WIDTH:0.40602
G1 F3000
G1 X218 Y8.3 E.3785
G1 X217.623 Y7.923 F21000
M73 P75 R3
;WIDTH:0.449999
G1 F3000
G1 X218.377 Y7.923 E.02998
G1 X218.377 Y19.377 E.45543
G1 X217.623 Y19.377 E.02998
G1 X217.623 Y7.983 E.45305
M204 T250
G1 X217.225 Y7.525 F21000
M204 T7000
;TYPE:External perimeter
G1 F2999.998
G1 X218.775 Y7.525 E.06163
G1 X218.775 Y19.775 E.48708
G1 X217.225 Y19.775 E.06163
G1 X217.225 Y7.585 E.4847
M106 S234.6
;LAYER_CHANGE
;Z:4.04
;HEIGHT:0.24
;BEFORE_LAYER_CHANGE
G92 E0.0
;4.04


G1 E-.16 F2700
;WIPE_START
G1 F16800
G1 X217.225 Y7.525 E-.00916
G1 X218.775 Y7.525 E-.23665
G1 X218.775 Y10.107 E-.39419
;WIPE_END
G1 X218.775 Y10.107 Z3.8 F21000
G1 X189.914 Y13.219 Z4.307
G1 X187.788 Y13.448 Z4.34
G1 X185.662 Y13.678 Z4.366
G1 X183.536 Y13.907 Z4.385
G1 X179.284 Y14.365 Z4.4
G1 X64.9 Y26.7 Z4.4
;AFTER_LAYER_CHANGE
;4.04
G1 Z4.04 F720
G1 E.8 F1500
;TYPE:Perimeter
;WIDTH:0.60602
G1 F3000
G1 X64.9 Y19.974 E.37215
G1 E-.16 F2700
;WIPE_START
G1 F16800
G1 X64.9 Y24.166 E-.64
;WIPE_END
G1 X70.7 Y26.7 Z4.15 F21000
G1 Z4.04 F720
G1 E.8 F1500
;WIDTH:0.606024
G1 F3000
G1 X70.7 Y19.974 E.37215
G1 E-.16 F2700
;WIPE_START
G1 F16800
G1 X70.7 Y24.166 E-.64
;WIPE_END
G1 X65.284 Y19.297 Z4.167 F21000
G1 Z4.04 F720
G1 E.8 F1500
;WIDTH:0.489005
G1 F4200
G1 X65.225 Y19.403 E.0053
;WIDTH:0.52801
G1 X65.116 Y19.593 E.01041
;WIDTH:0.567015
G1 X65.008 Y19.784 E.01129
;WIDTH:0.60602
G1 X64.9 Y19.974 E.01209
G1 X64.88 Y19.724 E.01388
;WIDTH:0.567015
G1 X64.861 Y19.474 E.0129
;WIDTH:0.52801
G1 X64.841 Y19.224 E.01192
;WIDTH:0.489005
G1 X64.822 Y18.974 E.01094
;WIDTH:0.449999
G1 X64.736 Y18.568 E.0165
G1 X64.627 Y18.382 E.00857
G1 X64.298 Y18.097 E.01731
G1 X63.826 Y17.978 E.01935
G1 X6.022 Y17.978 E2.2984
G1 X6.022 Y6.022 E.47539
G1 X9.978 Y6.022 E.1573
G1 X9.978 Y15.159 E.36331
G1 X10.131 Y15.557 E.01695
G1 X10.329 Y15.784 E.01198
G1 X10.62 Y15.957 E.01346
G1 X10.974 Y16.022 E.01431
G1 X95.026 Y16.022 E3.34207
G1 X95.38 Y15.957 E.01431
G1 X95.671 Y15.784 E.01346
G1 X95.869 Y15.557 E.01198
G1 X95.977 Y15.322 E.01028
G1 X96.022 Y15.026 E.0119
G1 X96.022 Y6.022 E.35802
G1 X99.978 Y6.022 E.1573
G1 X99.978 Y17.978 E.47539
G1 X71.645 Y17.978 E1.12658
G1 X71.302 Y18.097 E.01444
G1 X70.973 Y18.382 E.01731
G1 X70.864 Y18.568 E.00857
G1 X70.778 Y18.974 E.0165
;WIDTH:0.489006
G1 X70.759 Y19.224 E.01094
;WIDTH:0.528012
G1 X70.739 Y19.474 E.01192
;WIDTH:0.567018
G1 X70.72 Y19.724 E.0129
;WIDTH:0.606024
G1 X70.7 Y19.974 E.01388
G1 X70.592 Y19.784 E.01209
;WIDTH:0.567018
G1 X70.484 Y19.593 E.01129
;WIDTH:0.528012
G1 X70.375 Y19.403 E.01041
;WIDTH:0.489006
G1 X70.267 Y19.212 E.00958
;WIDTH:0.449999
G1 X69.901 Y19.017 E.01649
G1 X69.626 Y18.978 E.01104
G1 X65.974 Y18.978 E.14521
G1 X65.699 Y19.017 E.01104
G1 X65.333 Y19.212 E.01649
;WIDTH:0.489005
G1 X65.314 Y19.245 E.00166
G1 X65.561 Y19.578 F21000
;WIDTH:0.449999
G1 F4200
G1 X65.377 Y19.974 E.01736
G1 X65.377 Y27.177 E.28641
G1 X64.423 Y27.177 E.03793
G1 X64.423 Y18.974 E.32617
G1 X64.372 Y18.731 E.00987
G1 X64.307 Y18.619 E.00515
G1 X64.109 Y18.448 E.0104
G1 X63.826 Y18.377 E.0116
G1 X5.623 Y18.377 E2.31427
G1 X5.623 Y5.623 E.50712
M73 Q76 S4
G1 X10.377 Y5.623 E.18903
G1 X10.377 Y15.026 E.37388
G1 X10.404 Y15.204 E.00716
G1 X10.587 Y15.481 E.0132
G1 X10.762 Y15.584 E.00807
G1 X10.974 Y15.623 E.00857
G1 X95.11 Y15.623 E3.34541
G1 X95.413 Y15.481 E.01331
G1 X95.596 Y15.204 E.0132
G1 X95.623 Y15.026 E.00716
G1 X95.623 Y5.623 E.37388
G1 X100.377 Y5.623 E.18903
G1 X100.377 Y18.377 E.50712
G1 X71.774 Y18.377 E1.13731
G1 X71.491 Y18.448 E.0116
M73 P76 R3
G1 X71.293 Y18.619 E.0104
G1 X71.228 Y18.731 E.00515
G1 X71.177 Y18.974 E.00987
G1 X71.177 Y27.177 E.32617
G1 X70.223 Y27.177 E.03793
G1 X70.223 Y19.974 E.28641
G1 X70.011 Y19.517 E.02003
G1 X69.791 Y19.4 E.00991
G1 X69.626 Y19.377 E.00662
G1 X65.853 Y19.377 E.15002
G1 X65.589 Y19.517 E.01188
G1 X65.586 Y19.523 E.00027
M204 T250
G1 X65.836 Y19.843 F21000
M204 T7000
;TYPE:External perimeter
G1 F3000
G1 X65.775 Y19.974 E.00575
G1 F2999.998
G1 X65.775 Y27.575 E.30223
G1 X64.025 Y27.575 E.06958
G1 X64.025 Y18.974 E.34199
G1 F3000
G1 X63.986 Y18.856 E.00494
G1 X63.826 Y18.775 E.00713
G1 F2999.998
G1 X5.225 Y18.775 E2.33009
G1 X5.225 Y5.225 E.53877
G1 X10.775 Y5.225 E.22068
G1 X10.775 Y15.026 E.38971
G1 F3000
G1 X10.845 Y15.177 E.00662
G1 X10.974 Y15.225 E.00547
G1 F2999.998
G1 X95.026 Y15.225 E3.34207
G1 F3000
G1 X95.155 Y15.177 E.00547
G1 X95.225 Y15.026 E.00662
G1 F2999.998
G1 X95.225 Y5.225 E.38971
G1 X100.775 Y5.225 E.22068
G1 X100.775 Y18.775 E.53877
G1 X71.774 Y18.775 E1.15314
G1 F3000
G1 X71.614 Y18.856 E.00713
G1 X71.575 Y18.974 E.00494
G1 F2999.998
G1 X71.575 Y27.575 E.34199
G1 X69.825 Y27.575 E.06958
G1 X69.825 Y19.974 E.30223
G1 F3000
G1 X69.754 Y19.822 E.00667
G1 X69.626 Y19.775 E.00542
G1 X65.974 Y19.775 E.14521
G1 X65.881 Y19.809 E.00394
G1 X66.463 Y18.641 F21000
;TYPE:Internal infill
;WIDTH:0.45
G1 F7200
G1 X65.887 Y18.642 E.0229
G1 X65.598 Y18.692 E.01166
G1 X65.154 Y18.928 E.01999
G1 X65.049 Y18.436 E.02
G1 X64.987 Y18.329 E.00492
G1 X66.013 Y17.303 E.05769
G1 X67.818 Y17.303 E.07177
G1 X69.155 Y18.64 E.07518
G1 X69.715 Y18.642 E.02227
G1 X70.002 Y18.692 E.01158
G1 X70.446 Y18.928 E.01999
G1 X70.551 Y18.436 E.02
G1 X70.622 Y18.313 E.00565
G1 E-.16 F2700
;WIPE_START
G1 F16800
G1 X70.551 Y18.436 E-.02168
G1 X70.446 Y18.928 E-.07681
G1 X70.002 Y18.692 E-.07677
G1 X69.715 Y18.642 E-.04448
G1 X69.155 Y18.64 E-.0855
G1 X67.818 Y17.303 E-.28869
G1 X67.516 Y17.303 E-.04607
;WIPE_END
G1 X96.542 Y16.942 Z4.547 F21000
G1 X98.68 Y16.915 Z4.58
G1 X99.816 Y16.901 Z4.595
G1 Z4.04 F720
G1 E.8 F1500
;TYPE:Bridge infill
;WIDTH:0.402377
;HEIGHT:0.4
M106 S255
G1 F3000
G1 X99.104 Y17.614 E.05327
G1 X98.464 Y17.614 E.03384
G1 X99.614 Y16.464 E.08598
G1 X99.614 Y15.824 E.03384
G1 X97.824 Y17.614 E.13383
G1 X97.185 Y17.614 E.03378
G1 X99.614 Y15.185 E.18161
G1 X99.614 Y14.545 E.03384
G1 X96.545 Y17.614 E.22946
G1 X95.905 Y17.614 E.03384
G1 X99.614 Y13.905 E.27731
G1 X99.614 Y13.265 E.03384
G1 X95.265 Y17.614 E.32516
G1 X94.626 Y17.614 E.03378
G1 X99.614 Y12.626 E.37293
G1 X99.614 Y11.986 E.03384
G1 X96.369 Y15.23 E.24258
G1 X96.324 Y15.436 E.01115
G1 X96.177 Y15.754 E.01852
G1 X95.908 Y16.065 E.02174
M73 Q77 S4
G1 X95.516 Y16.296 E.02405
G1 X95.23 Y16.369 E.0156
G1 X93.986 Y17.614 E.09305
G1 X93.346 Y17.614 E.03384
G1 X94.776 Y16.184 E.10692
M106 S234.6
G1 E-.16 F2700
;WIPE_START
G1 F16800
G1 X93.346 Y17.614 E-.30877
G1 X93.986 Y17.614 E-.09771
G1 X95.067 Y16.532 E-.23352
;WIPE_END
G1 X96.184 Y14.776 Z4.076 F21000
G1 Z4.04 F720
G1 E.8 F1500
M106 S255
G1 F3000
G1 X99.614 Y11.346 E.25645
G1 X99.614 Y10.706 E.03384
G1 X96.386 Y13.933 E.24131
G1 X96.386 Y13.294 E.03378
G1 X99.614 Y10.067 E.24131
G1 X99.614 Y9.427 E.03384
G1 X96.386 Y12.654 E.24131
G1 X96.386 Y12.014 E.03384
G1 X99.614 Y8.787 E.24131
G1 X99.614 Y8.147 E.03384
G1 X96.386 Y11.374 E.24131
G1 X96.386 Y10.735 E.03378
G1 X99.614 Y7.507 E.24135
G1 X99.614 Y6.868 E.03378
G1 X96.386 Y10.095 E.24131
G1 X96.386 Y9.455 E.03384
G1 X99.455 Y6.386 E.22946
G1 X98.815 Y6.386 E.03384
G1 X96.386 Y8.815 E.18161
G1 X96.386 Y8.176 E.03378
G1 X98.176 Y6.386 E.13383
G1 X97.536 Y6.386 E.03384
G1 X96.386 Y7.536 E.08598
G1 X96.386 Y6.896 E.03384
G1 X97.099 Y6.184 E.05327
M73 P77 R3
M106 S234.6
G1 E-.16 F2700
;WIPE_START
G1 F16800
G1 X96.386 Y6.896 E-.15384
G1 X96.386 Y7.536 E-.09771
G1 X97.536 Y6.386 E-.24831
G1 X98.176 Y6.386 E-.09771
G1 X97.98 Y6.582 E-.04243
;WIPE_END
G1 X69.141 Y9.891 Z4.547 F21000
G1 X67.017 Y10.135 Z4.58
G1 X64.892 Y10.378 Z4.606
G1 X62.768 Y10.622 Z4.625
G1 X58.519 Y11.11 Z4.64
G1 X14.295 Y16.184
G1 Z4.04 F720
G1 E.8 F1500
;WIDTH:0.400479
M106 S255
G1 F3000
G1 X12.866 Y17.614 E.10587
G1 X12.229 Y17.614 E.03336
G1 X13.456 Y16.386 E.09091
G1 X12.819 Y16.386 E.03336
G1 X11.592 Y17.614 E.09091
G1 X10.955 Y17.614 E.03336
G1 X12.182 Y16.386 E.09091
G1 X11.545 Y16.386 E.03336
G1 X10.318 Y17.614 E.09091
G1 X9.681 Y17.614 E.03336
G1 X10.916 Y16.378 E.0915
G1 X10.49 Y16.3 E.02268
G1 X10.406 Y16.251 E.00509
G1 X9.043 Y17.614 E.10095
G1 X8.406 Y17.614 E.03336
G1 X10.029 Y15.991 E.1202
G1 X9.823 Y15.754 E.01644
G1 X9.762 Y15.621 E.00766
G1 X7.769 Y17.614 E.14761
G1 X7.132 Y17.614 E.03336
G1 X9.622 Y15.124 E.18442
G1 X9.614 Y14.495 E.03294
G1 X6.495 Y17.614 E.231
G1 X6.386 Y17.614 E.00571
G1 X6.386 Y17.085 E.0277
G1 X9.614 Y13.858 E.23904
G1 X9.614 Y13.221 E.03336
G1 X6.386 Y16.448 E.23904
G1 X6.386 Y15.811 E.03336
G1 X9.614 Y12.584 E.23904
G1 X9.614 Y11.947 E.03336
G1 X6.386 Y15.174 E.23904
G1 X6.386 Y14.537 E.03336
G1 X9.614 Y11.31 E.23904
G1 X9.614 Y10.673 E.03336
G1 X6.386 Y13.9 E.23904
G1 X6.386 Y13.263 E.03336
G1 X9.614 Y10.036 E.23904
G1 X9.614 Y9.399 E.03336
G1 X6.386 Y12.626 E.23904
G1 X6.386 Y11.989 E.03336
G1 X9.614 Y8.761 E.23907
G1 X9.614 Y8.124 E.03336
G1 X6.386 Y11.352 E.23907
G1 X6.386 Y10.714 E.03341
G1 X9.614 Y7.487 E.23904
G1 X9.614 Y6.85 E.03336
G1 X6.386 Y10.077 E.23904
G1 X6.386 Y9.44 E.03336
G1 X9.44 Y6.386 E.22619
G1 X8.803 Y6.386 E.03336
G1 X6.386 Y8.803 E.17901
G1 X6.386 Y8.166 E.03336
G1 X8.166 Y6.386 E.13183
G1 X7.529 Y6.386 E.03336
G1 X6.386 Y7.529 E.08465
G1 X6.386 Y6.892 E.03336
G1 X7.094 Y6.184 E.05244
M106 S234.6
G1 E-.16 F2700
;WIPE_START
G1 F16800
G1 X6.386 Y6.892 E-.15287
G1 X6.386 Y7.529 E-.09726
G1 X7.529 Y6.386 E-.2468
G1 X8.166 Y6.386 E-.09726
G1 X7.954 Y6.598 E-.04581
;WIPE_END
G1 X13.73 Y17.639 Z4.257 F21000
G1 Z4.04 F720
G1 E.8 F1500
;TYPE:Solid infill
;WIDTH:0.449999
;HEIGHT:0.24
G1 F8400
G1 X14.561 Y16.361 E.06061
G1 X63.473 Y16.361 E1.94484
;WIDTH:0.486291
G1 X63.737 Y16.379 E.01148
;WIDTH:0.522582
G1 F7960.465
G1 X64.002 Y16.397 E.01248
G1 X71.598 Y16.397 E.35705
G1 X71.863 Y16.379 E.01248
;WIDTH:0.486291
G1 F8400
G1 X72.127 Y16.361 E.01148
;WIDTH:0.449999
G1 X93.74 Y16.361 E.85938
G1 X92.461 Y17.639 E.07189
G1 X71.896 Y17.642 E.81771
G1 X71.896 Y17.202 E.0175
G1 X71.837 Y17.061 E.00608
;WIDTH:0.486291
G1 X71.718 Y16.964 E.00666
;WIDTH:0.522582
G1 F7960.465
G1 X71.598 Y16.868 E.00722
G1 X64.002 Y16.868 E.35705
G1 X63.928 Y16.913 E.00407
;WIDTH:0.494117
G1 F8400
G1 X63.855 Y16.957 E.00376
;WIDTH:0.465652
G1 X63.71 Y17.154 E.01011
;WIDTH:0.449999
G1 X63.704 Y17.639 E.01929
G1 X13.929 Y17.639 E1.97915
G1 X14.502 Y17.22 E.02823
;WIDTH:0.491555
G1 X14.788 Y16.78 E.02304
G1 X63.457 Y16.78 E2.13698
G1 X63.303 Y17.053 E.01376
G1 X63.285 Y17.22 E.00738
G1 X14.701 Y17.22 E2.13325
G1 E-.16 F2700
;WIPE_START
G1 F16800
G1 X18.893 Y17.22 E-.64
;WIPE_END
G1 X47.92 Y16.981 Z4.547 F21000
G1 X50.059 Y16.963 Z4.58
G1 X52.197 Y16.945 Z4.606
G1 X54.335 Y16.928 Z4.625
G1 X58.611 Y16.892 Z4.64
G1 X72.144 Y16.781
G1 Z4.04 F720
G1 E.8 F1500
;WIDTH:0.492923
G1 F8400
G1 X92.197 Y16.78 E.88323
;WIDTH:0.491582
G1 X92.728 Y16.78 E.02332
G1 X92.288 Y17.22 E.02732
G1 X92.197 Y17.22 E.004
;WIDTH:0.492923
G1 X72.336 Y17.222 E.87478
G1 X72.298 Y17.054 E.00759
M73 Q77 S3
G1 X72.242 Y16.954 E.00505
G1 E-.16 F2700
;WIPE_START
G1 F16800
G1 X72.298 Y17.054 E-.0175
G1 X72.336 Y17.222 E-.0263
G1 X76.241 Y17.222 E-.5962
;WIPE_END
G1 X105.266 Y17.648 Z4.547 F21000
G1 X107.404 Y17.679 Z4.58
G1 X109.542 Y17.711 Z4.606
G1 X111.68 Y17.742 Z4.625
G1 X115.956 Y17.805 Z4.64
G1 X197.4 Y19
G1 Z4.04 F720
G1 E.8 F1500
M73 Q78 S3
;TYPE:Perimeter
;WIDTH:0.40602
G1 F3000
G1 X197.4 Y8.3 E.3785
G1 X197.776 Y7.923 F21000
;WIDTH:0.449999
G1 F3000
G1 X197.776 Y19.377 E.45543
G1 X197.023 Y19.377 E.02994
G1 X197.023 Y7.923 E.45543
G1 X197.717 Y7.923 E.02759
M204 T250
G1 X198.175 Y7.525 F21000
M204 T7000
;TYPE:External perimeter
G1 F2999.998
G1 X198.175 Y19.775 E.48708
G1 X196.625 Y19.775 E.06163
G1 X196.625 Y7.525 E.48708
G1 X198.115 Y7.525 E.05925
G1 E-.16 F2700
;WIPE_START
G1 F16800
G1 X198.175 Y7.525 E-.00916
G1 X198.175 Y11.657 E-.63084
;WIPE_END
G1 X218 Y19 Z4.409 F21000
G1 Z4.04 F720
G1 E.8 F1500
;TYPE:Perimeter
;WIDTH:0.40602
G1 F3000
G1 X218 Y8.3 E.3785
G1 X217.623 Y7.923 F21000
;WIDTH:0.449999
G1 F3000
G1 X218.377 Y7.923 E.02998
G1 X218.377 Y19.377 E.45543
G1 X217.623 Y19.377 E.02998
G1 X217.623 Y7.983 E.45305
M204 T250
G1 X217.225 Y7.525 F21000
M204 T7000
;TYPE:External perimeter
G1 F2999.998
G1 X218.775 Y7.525 E.06163
G1 X218.775 Y19.775 E.48708
G1 X217.225 Y19.775 E.06163
G1 X217.225 Y7.585 E.4847
M73 P78 R3
M106 S237.15
;LAYER_CHANGE
;Z:4.28
;HEIGHT:0.24
;BEFORE_LAYER_CHANGE
G92 E0.0
;4.28


G1 E-.16 F2700
;WIPE_START
G1 F16800
G1 X217.225 Y7.525 E-.00916
G1 X218.775 Y7.525 E-.23665
G1 X218.775 Y10.107 E-.39419
;WIPE_END
G1 X218.775 Y10.107 Z4.04 F21000
G1 X189.914 Y13.219 Z4.547
G1 X187.788 Y13.448 Z4.58
G1 X185.662 Y13.678 Z4.606
G1 X183.536 Y13.907 Z4.625
G1 X179.284 Y14.365 Z4.64
G1 X64.9 Y26.7 Z4.64
;AFTER_LAYER_CHANGE
;4.28
G1 Z4.28 F720
G1 E.8 F1500
;TYPE:Perimeter
;WIDTH:0.60602
G1 F3000
G1 X64.9 Y19.974 E.37215
G1 E-.16 F2700
;WIPE_START
G1 F16800
G1 X64.9 Y24.166 E-.64
;WIPE_END
G1 X70.7 Y26.7 Z4.39 F21000
G1 Z4.28 F720
G1 E.8 F1500
;WIDTH:0.606024
G1 F3000
G1 X70.7 Y19.974 E.37215
G1 E-.16 F2700
;WIPE_START
G1 F16800
G1 X70.7 Y24.166 E-.64
;WIPE_END
G1 X65.284 Y19.297 Z4.407 F21000
G1 Z4.28 F720
G1 E.8 F1500
;WIDTH:0.489005
G1 F4200
G1 X65.225 Y19.403 E.0053
;WIDTH:0.52801
G1 X65.116 Y19.593 E.01041
;WIDTH:0.567015
G1 X65.008 Y19.784 E.01129
;WIDTH:0.60602
G1 X64.9 Y19.974 E.01209
G1 X64.88 Y19.724 E.01388
;WIDTH:0.567015
G1 X64.861 Y19.474 E.0129
;WIDTH:0.52801
G1 X64.841 Y19.224 E.01192
;WIDTH:0.489005
G1 X64.822 Y18.974 E.01094
;WIDTH:0.449999
G1 X64.736 Y18.568 E.0165
G1 X64.627 Y18.382 E.00857
G1 X64.298 Y18.097 E.01731
G1 X63.826 Y17.978 E.01935
G1 X6.022 Y17.978 E2.2984
G1 X6.022 Y6.022 E.47539
G1 X9.978 Y6.022 E.1573
G1 X9.978 Y15.159 E.36331
G1 X10.131 Y15.557 E.01695
G1 X10.329 Y15.784 E.01198
G1 X10.62 Y15.957 E.01346
G1 X10.974 Y16.022 E.01431
G1 X95.026 Y16.022 E3.34207
G1 X95.38 Y15.957 E.01431
G1 X95.671 Y15.784 E.01346
G1 X95.869 Y15.557 E.01198
G1 X95.977 Y15.322 E.01028
G1 X96.022 Y15.026 E.0119
G1 X96.022 Y6.022 E.35802
G1 X99.978 Y6.022 E.1573
G1 X99.978 Y17.978 E.47539
G1 X71.645 Y17.978 E1.12658
G1 X71.302 Y18.097 E.01444
G1 X70.973 Y18.382 E.01731
G1 X70.864 Y18.568 E.00857
G1 X70.778 Y18.974 E.0165
;WIDTH:0.489006
G1 X70.759 Y19.224 E.01094
;WIDTH:0.528012
G1 X70.739 Y19.474 E.01192
;WIDTH:0.567018
G1 X70.72 Y19.724 E.0129
;WIDTH:0.606024
G1 X70.7 Y19.974 E.01388
G1 X70.592 Y19.784 E.01209
;WIDTH:0.567018
G1 X70.484 Y19.593 E.01129
;WIDTH:0.528012
G1 X70.375 Y19.403 E.01041
;WIDTH:0.489006
G1 X70.267 Y19.212 E.00958
;WIDTH:0.449999
G1 X69.901 Y19.017 E.01649
G1 X69.626 Y18.978 E.01104
G1 X65.974 Y18.978 E.14521
G1 X65.699 Y19.017 E.01104
G1 X65.333 Y19.212 E.01649
;WIDTH:0.489005
G1 X65.314 Y19.245 E.00166
G1 X65.561 Y19.578 F21000
;WIDTH:0.449999
G1 F4200
G1 X65.377 Y19.974 E.01736
G1 X65.377 Y27.177 E.28641
G1 X64.423 Y27.177 E.03793
G1 X64.423 Y18.974 E.32617
G1 X64.372 Y18.731 E.00987
G1 X64.307 Y18.619 E.00515
G1 X64.109 Y18.448 E.0104
G1 X63.826 Y18.377 E.0116
G1 X5.623 Y18.377 E2.31427
G1 X5.623 Y5.623 E.50712
G1 X10.377 Y5.623 E.18903
G1 X10.377 Y15.026 E.37388
G1 X10.404 Y15.204 E.00716
M73 Q79 S3
G1 X10.587 Y15.481 E.0132
G1 X10.762 Y15.584 E.00807
G1 X10.974 Y15.623 E.00857
G1 X95.11 Y15.623 E3.34541
G1 X95.413 Y15.481 E.01331
G1 X95.596 Y15.204 E.0132
G1 X95.623 Y15.026 E.00716
G1 X95.623 Y5.623 E.37388
G1 X100.377 Y5.623 E.18903
G1 X100.377 Y18.377 E.50712
G1 X71.774 Y18.377 E1.13731
G1 X71.491 Y18.448 E.0116
G1 X71.293 Y18.619 E.0104
G1 X71.228 Y18.731 E.00515
G1 X71.177 Y18.974 E.00987
G1 X71.177 Y27.177 E.32617
G1 X70.223 Y27.177 E.03793
G1 X70.223 Y19.974 E.28641
G1 X70.011 Y19.517 E.02003
G1 X69.791 Y19.4 E.00991
G1 X69.626 Y19.377 E.00662
G1 X65.853 Y19.377 E.15002
G1 X65.589 Y19.517 E.01188
G1 X65.586 Y19.523 E.00027
M204 T250
G1 X65.836 Y19.843 F21000
M204 T7000
;TYPE:External perimeter
G1 F3000
G1 X65.775 Y19.974 E.00575
G1 F2999.998
G1 X65.775 Y27.575 E.30223
G1 X64.025 Y27.575 E.06958
G1 X64.025 Y18.974 E.34199
G1 F3000
M73 P79 R3
G1 X63.986 Y18.856 E.00494
G1 X63.826 Y18.775 E.00713
G1 F2999.998
G1 X5.225 Y18.775 E2.33009
G1 X5.225 Y5.225 E.53877
G1 X10.775 Y5.225 E.22068
G1 X10.775 Y15.026 E.38971
G1 F3000
G1 X10.845 Y15.177 E.00662
G1 X10.974 Y15.225 E.00547
G1 F2999.998
G1 X95.026 Y15.225 E3.34207
G1 F3000
G1 X95.155 Y15.177 E.00547
G1 X95.225 Y15.026 E.00662
G1 F2999.998
G1 X95.225 Y5.225 E.38971
G1 X100.775 Y5.225 E.22068
G1 X100.775 Y18.775 E.53877
G1 X71.774 Y18.775 E1.15314
G1 F3000
G1 X71.614 Y18.856 E.00713
G1 X71.575 Y18.974 E.00494
G1 F2999.998
G1 X71.575 Y27.575 E.34199
G1 X69.825 Y27.575 E.06958
G1 X69.825 Y19.974 E.30223
G1 F3000
G1 X69.754 Y19.822 E.00667
G1 X69.626 Y19.775 E.00542
G1 X65.974 Y19.775 E.14521
G1 X65.881 Y19.809 E.00394
G1 E-.16 F2700
;WIPE_START
G1 F16800
G1 X65.836 Y19.843 E-.00861
G1 X65.775 Y19.974 E-.02206
G1 X65.775 Y23.965 E-.60933
;WIPE_END
G1 X68.96 Y18.444 Z4.391 F21000
G1 Z4.28 F720
G1 E.8 F1500
;TYPE:Internal infill
;WIDTH:0.45
G1 F7200
G1 X69.155 Y18.64 E.01099
G1 E-.16 F2700
;WIPE_START
G1 F16800
G1 X68.96 Y18.444 E-.04221
;WIPE_END
G1 E-.59779 F2700
G1 X95.488 Y6.659 Z4.787 F21000
G1 X96.335 Y6.283 Z4.802
G1 Z4.28 F720
G1 E.8 F1500
;TYPE:Solid infill
;WIDTH:0.391504
G1 F8400
G1 X96.263 Y6.263 E.00254
G1 X96.283 Y6.335 E.00254
G1 X96.324 Y6.324 E.00144
;WIDTH:0.420752
G1 X96.509 Y6.342 E.00685
;WIDTH:0.449999
G1 X96.695 Y6.361 E.00743
G1 X96.361 Y6.695 E.01878
G1 X96.361 Y7.258 E.02239
G1 X97.258 Y6.361 E.05044
G1 X97.822 Y6.361 E.02243
G1 X96.361 Y7.822 E.08215
G1 X96.361 Y8.386 E.02243
G1 X98.386 Y6.361 E.11387
G1 X98.949 Y6.361 E.02239
G1 X96.361 Y8.949 E.14553
G1 X96.361 Y9.513 E.02243
G1 X99.513 Y6.361 E.17724
G1 X99.639 Y6.798 E.01808
G1 X96.361 Y10.076 E.18433
G1 X96.361 Y10.64 E.02243
G1 X99.639 Y7.361 E.18436
G1 X99.639 Y7.925 E.02243
G1 X96.361 Y11.203 E.18433
G1 X96.361 Y11.767 E.02243
G1 X99.639 Y8.488 E.18436
G1 X99.639 Y9.052 E.02243
G1 X96.361 Y12.33 E.18433
G1 X96.361 Y12.894 E.02243
G1 X99.639 Y9.615 E.18436
G1 X99.639 Y10.179 E.02243
G1 X96.361 Y13.458 E.18436
G1 X96.361 Y14.021 E.02239
G1 X99.639 Y10.743 E.18433
G1 X99.639 Y11.306 E.02239
G1 X96.361 Y14.585 E.18436
G1 X96.35 Y15.159 E.02283
G1 X99.639 Y11.87 E.18495
G1 E-.16 F2700
;WIPE_START
G1 F16800
G1 X96.675 Y14.834 E-.64
;WIPE_END
G1 X96.185 Y15.441 Z4.294 F21000
G1 Z4.28 F720
G1 E.8 F1500
;WIDTH:0.391504
G1 F8400
G1 X96.033 Y15.671 E.00935
G1 X95.817 Y15.903 E.01075
G1 E-.16 F2700
;WIPE_START
G1 F16800
G1 X96.033 Y15.671 E-.0484
G1 X96.185 Y15.441 E-.04209
;WIPE_END
G1 E-.54951 F2700
G1 X67.303 Y12.528 Z4.787 F21000
G1 X65.176 Y12.314 Z4.82
M73 Q80 S3
G1 X63.048 Y12.099 Z4.846
G1 X60.921 Y11.885 Z4.865
G1 X56.666 Y11.455 Z4.88
G1 X6.469 Y6.393
G1 Z4.28 F720
G1 E.8 F1500
;WIDTH:0.546684
G1 F7573.004
G1 X6.425 Y6.349 E.00307
G1 X6.365 Y6.365 E.00307
G1 X6.349 Y6.425 E.00307
G1 X6.393 Y6.469 E.00307
G1 X6.453 Y6.453 E.00307
;WIDTH:0.449999
G1 F8400
G1 X6.361 Y7.089 E.02555
G1 X7.089 Y6.361 E.04094
G1 X7.181 Y6.291 E.0046
;WIDTH:0.420752
G1 X7.272 Y6.221 E.00423
;WIDTH:0.391504
G1 X7.231 Y6.232 E.00144
G1 X7.212 Y6.161 E.00249
G1 X7.283 Y6.18 E.00249
;WIDTH:0.449999
G1 X7.653 Y6.361 E.01638
G1 X6.361 Y7.653 E.07265
G1 X6.361 Y8.216 E.02239
G1 X8.216 Y6.361 E.10431
G1 X8.78 Y6.361 E.02243
G1 X6.361 Y8.78 E.13603
G1 X6.361 Y9.344 E.02243
G1 X9.344 Y6.361 E.16774
G1 X9.763 Y6.267 E.01707
;WIDTH:0.391504
G1 X9.692 Y6.248 E.00249
G1 X9.711 Y6.319 E.00249
G1 X9.752 Y6.308 E.00144
;WIDTH:0.420752
G1 X9.696 Y6.468 E.00625
;WIDTH:0.449999
G1 X9.639 Y6.629 E.00679
G1 X6.361 Y9.907 E.18433
G1 X6.361 Y10.471 E.02243
G1 X9.639 Y7.192 E.18436
G1 X9.639 Y7.756 E.02243
G1 X6.361 Y11.034 E.18433
G1 X6.361 Y11.598 E.02243
G1 X9.639 Y8.319 E.18436
G1 X9.639 Y8.883 E.02243
G1 X6.361 Y12.161 E.18433
G1 X6.361 Y12.725 E.02243
G1 X9.639 Y9.446 E.18436
G1 X9.639 Y10.01 E.02243
G1 X6.361 Y13.288 E.18433
G1 X6.361 Y13.852 E.02243
G1 X9.639 Y10.573 E.18436
G1 X9.639 Y11.137 E.02243
G1 X6.361 Y14.416 E.18436
G1 X6.361 Y14.979 E.02239
G1 X9.639 Y11.701 E.18433
G1 X9.639 Y12.264 E.02239
G1 X6.361 Y15.543 E.18436
G1 X6.361 Y16.106 E.02239
G1 X9.639 Y12.828 E.18433
G1 X9.639 Y13.391 E.02239
G1 X6.361 Y16.67 E.18436
G1 X6.361 Y17.233 E.02239
G1 X9.639 Y13.955 E.18433
G1 X9.639 Y14.518 E.02239
G1 X6.518 Y17.639 E.1755
G1 X6.409 Y17.685 E.0047
;WIDTH:0.420752
G1 X6.299 Y17.731 E.00439
;WIDTH:0.391504
G1 X6.228 Y17.712 E.00249
G1 X6.247 Y17.783 E.00249
G1 X6.288 Y17.772 E.00144
G1 X7.082 Y17.639 F21000
;WIDTH:0.449999
G1 F8400
G1 X9.643 Y15.078 E.14401
G1 X9.75 Y15.535 E.01866
G1 X7.645 Y17.639 E.11834
G1 E-.16 F2700
;WIPE_START
G1 F16800
G1 X9.75 Y15.535 E-.4544
G1 X9.643 Y15.078 E-.07166
G1 X9.115 Y15.606 E-.11394
;WIPE_END
G1 X38.123 Y16.684 Z4.787 F21000
G1 X40.26 Y16.764 Z4.82
G1 X42.397 Y16.843 Z4.846
G1 X44.534 Y16.922 Z4.865
G1 X48.807 Y17.081 Z4.88
G1 X63.818 Y17.639
G1 Z4.28 F720
G1 E.8 F1500
G1 F8400
G1 X8.209 Y17.639 E2.21112
G1 X9.972 Y15.876 E.09914
M73 P80 R3
G1 X10.083 Y16.014 E.00704
G1 X10.469 Y16.258 E.01816
G1 X10.98 Y16.361 E.02073
G1 X95.148 Y16.361 E3.34669
G1 X94.011 Y17.498 E.06394
G1 X94.011 Y17.639 E.00561
G1 X71.612 Y17.639 E.89063
G1 X71.107 Y17.824 E.02138
G1 X70.729 Y18.152 E.0199
G1 X70.457 Y18.046 E.01161
G1 X65.143 Y18.046 E.2113
G1 X64.899 Y18.185 E.01117
G1 X64.823 Y18.111 E.00422
G1 X64.413 Y17.783 E.02088
G1 X64.012 Y17.686 E.0164
G1 X63.961 Y16.78 F21000
;WIDTH:0.491546
G1 F8400
G1 X10.98 Y16.78 E2.32627
G1 X10.462 Y16.674 E.02322
;WIDTH:0.449999
G1 X9.98 Y16.432 E.02145
G1 X9.171 Y17.241 E.04549
G1 X10.41 Y17.241 E.04927
;WIDTH:0.491546
G1 X10.98 Y17.22 E.02504
G1 X63.818 Y17.22 E2.31999
;WIDTH:0.504476
G1 F8278.658
G1 X63.971 Y17.233 E.00694
G1 X64.241 Y17.315 E.01275
;WIDTH:0.477238
G1 F8400
G1 X64.511 Y17.397 E.01199
;WIDTH:0.449999
G1 X64.775 Y17.541 E.01196
G1 X64.969 Y17.709 E.0102
G1 X65.143 Y17.647 E.00734
G1 X70.457 Y17.647 E.2113
G1 X70.631 Y17.709 E.00734
G1 X71.042 Y17.41 E.02021
;WIDTH:0.491547
G1 X71.566 Y17.22 E.02447
G1 X93.714 Y17.22 E.97247
G1 X94.136 Y16.78 E.02677
G1 X71.777 Y16.78 E.98173
G1 X70.932 Y16.759 E.03711
;WIDTH:0.449999
G1 X64.59 Y16.759 E.25217
;WIDTH:0.491546
G1 X64.16 Y16.78 E.0189
G1 X65.067 Y17.205 F21000
;WIDTH:0.543994
G1 F7614.368
G1 X65.143 Y17.203 E.00374
;WIDTH:0.541206
G1 F7657.719
G1 X70.457 Y17.203 E.25966
;WIDTH:0.543992
G1 F7614.399
G1 X70.533 Y17.205 E.00374
G1 E-.16 F2700
;WIPE_START
G1 F16800
G1 X70.457 Y17.203 E-.01161
G1 X66.341 Y17.203 E-.62839
;WIPE_END
G1 X94.433 Y17.639 Z4.77 F21000
G1 Z4.28 F720
G1 E.8 F1500
;WIDTH:0.449999
G1 F8400
G1 X99.639 Y12.433 E.29274
G1 X99.639 Y12.997 E.02243
G1 X94.997 Y17.639 E.26103
G1 X95.56 Y17.639 E.02239
G1 X99.639 Y13.56 E.22937
G1 X99.639 Y14.124 E.02243
G1 X96.124 Y17.639 E.19766
G1 X96.687 Y17.639 E.02239
G1 X99.639 Y14.687 E.166
G1 X99.639 Y15.251 E.02243
G1 X97.251 Y17.639 E.13428
G1 X97.815 Y17.639 E.02243
G1 X99.639 Y15.815 E.10257
G1 X99.639 Y17.639 E.07253
G1 X98.378 Y17.639 E.05014
G1 X99.498 Y16.519 E.06298
G1 E-.16 F2700
;WIPE_START
G1 F16800
G1 X98.378 Y17.639 E-.24183
G1 X99.639 Y17.639 E-.19253
G1 X99.639 Y16.292 E-.20564
;WIPE_END
G1 X128.656 Y17.096 Z4.787 F21000
G1 X130.794 Y17.155 Z4.82
G1 X132.931 Y17.214 Z4.846
G1 X135.069 Y17.273 Z4.865
G1 X139.343 Y17.392 Z4.88
G1 X197.4 Y19
G1 Z4.28 F720
G1 E.8 F1500
;TYPE:Perimeter
;WIDTH:0.40602
G1 F3000
G1 X197.4 Y8.3 E.3785
G1 X197.776 Y7.923 F21000
;WIDTH:0.449999
G1 F3000
G1 X197.776 Y19.377 E.45543
G1 X197.023 Y19.377 E.02994
G1 X197.023 Y7.923 E.45543
G1 X197.717 Y7.923 E.02759
M73 P80 R2
M204 T250
G1 X198.175 Y7.525 F21000
M204 T7000
;TYPE:External perimeter
G1 F2999.998
G1 X198.175 Y19.775 E.48708
G1 X196.625 Y19.775 E.06163
G1 X196.625 Y7.525 E.48708
G1 X198.115 Y7.525 E.05925
M73 Q81 S3
G1 E-.16 F2700
;WIPE_START
G1 F16800
G1 X198.175 Y7.525 E-.00916
G1 X198.175 Y11.657 E-.63084
;WIPE_END
G1 X218 Y19 Z4.649 F21000
G1 Z4.28 F720
G1 E.8 F1500
;TYPE:Perimeter
;WIDTH:0.40602
G1 F3000
G1 X218 Y8.3 E.3785
G1 X217.623 Y7.923 F21000
;WIDTH:0.449999
G1 F3000
G1 X218.377 Y7.923 E.02998
G1 X218.377 Y19.377 E.45543
G1 X217.623 Y19.377 E.02998
G1 X217.623 Y7.983 E.45305
M204 T250
G1 X217.225 Y7.525 F21000
M204 T7000
;TYPE:External perimeter
G1 F2999.998
G1 X218.775 Y7.525 E.06163
G1 X218.775 Y19.775 E.48708
G1 X217.225 Y19.775 E.06163
G1 X217.225 Y7.585 E.4847
;LAYER_CHANGE
;Z:4.52
;HEIGHT:0.24
;BEFORE_LAYER_CHANGE
G92 E0.0
;4.52


G1 E-.16 F2700
;WIPE_START
G1 F16800
G1 X217.225 Y7.525 E-.00916
G1 X218.775 Y7.525 E-.23665
G1 X218.775 Y10.107 E-.39419
;WIPE_END
G1 X218.775 Y10.107 Z4.28 F21000
G1 X189.914 Y13.219 Z4.787
G1 X187.788 Y13.448 Z4.82
G1 X185.662 Y13.678 Z4.846
G1 X183.536 Y13.907 Z4.865
G1 X179.284 Y14.365 Z4.88
G1 X64.9 Y26.7 Z4.88
;AFTER_LAYER_CHANGE
;4.52
G1 Z4.52 F720
G1 E.8 F1500
;TYPE:Perimeter
;WIDTH:0.60602
G1 F3000
G1 X64.9 Y19.974 E.37215
G1 E-.16 F2700
;WIPE_START
G1 F16800
G1 X64.9 Y24.166 E-.64
;WIPE_END
G1 X70.7 Y26.7 Z4.63 F21000
G1 Z4.52 F720
G1 E.8 F1500
;WIDTH:0.606024
G1 F3000
G1 X70.7 Y19.974 E.37215
G1 E-.16 F2700
;WIPE_START
G1 F16800
G1 X70.7 Y24.166 E-.64
;WIPE_END
G1 X65.284 Y19.297 Z4.647 F21000
G1 Z4.52 F720
G1 E.8 F1500
;WIDTH:0.489005
G1 F4200
G1 X65.225 Y19.403 E.0053
;WIDTH:0.52801
G1 X65.116 Y19.593 E.01041
;WIDTH:0.567015
G1 X65.008 Y19.784 E.01129
;WIDTH:0.60602
G1 X64.9 Y19.974 E.01209
G1 X64.88 Y19.724 E.01388
;WIDTH:0.567015
G1 X64.861 Y19.474 E.0129
;WIDTH:0.52801
G1 X64.841 Y19.224 E.01192
;WIDTH:0.489005
G1 X64.822 Y18.974 E.01094
;WIDTH:0.449999
G1 X64.736 Y18.568 E.0165
G1 X64.627 Y18.382 E.00857
G1 X64.298 Y18.097 E.01731
G1 X63.826 Y17.978 E.01935
G1 X6.022 Y17.978 E2.2984
G1 X6.022 Y6.022 E.47539
G1 X9.978 Y6.022 E.1573
M73 P81 R2
G1 X9.978 Y15.159 E.36331
G1 X10.131 Y15.557 E.01695
G1 X10.329 Y15.784 E.01198
G1 X10.62 Y15.957 E.01346
G1 X10.974 Y16.022 E.01431
G1 X95.026 Y16.022 E3.34207
G1 X95.38 Y15.957 E.01431
G1 X95.671 Y15.784 E.01346
G1 X95.869 Y15.557 E.01198
G1 X95.977 Y15.322 E.01028
G1 X96.022 Y15.026 E.0119
G1 X96.022 Y6.022 E.35802
G1 X99.978 Y6.022 E.1573
G1 X99.978 Y17.978 E.47539
G1 X71.645 Y17.978 E1.12658
G1 X71.302 Y18.097 E.01444
G1 X70.973 Y18.382 E.01731
G1 X70.864 Y18.568 E.00857
G1 X70.778 Y18.974 E.0165
;WIDTH:0.489006
G1 X70.759 Y19.224 E.01094
;WIDTH:0.528012
G1 X70.739 Y19.474 E.01192
;WIDTH:0.567018
G1 X70.72 Y19.724 E.0129
;WIDTH:0.606024
G1 X70.7 Y19.974 E.01388
G1 X70.592 Y19.784 E.01209
;WIDTH:0.567018
G1 X70.484 Y19.593 E.01129
;WIDTH:0.528012
G1 X70.375 Y19.403 E.01041
;WIDTH:0.489006
G1 X70.267 Y19.212 E.00958
;WIDTH:0.449999
G1 X69.901 Y19.017 E.01649
G1 X69.626 Y18.978 E.01104
G1 X65.974 Y18.978 E.14521
G1 X65.699 Y19.017 E.01104
G1 X65.333 Y19.212 E.01649
;WIDTH:0.489005
G1 X65.314 Y19.245 E.00166
G1 X65.561 Y19.578 F21000
;WIDTH:0.449999
G1 F4200
G1 X65.377 Y19.974 E.01736
G1 X65.377 Y27.177 E.28641
G1 X64.423 Y27.177 E.03793
G1 X64.423 Y18.974 E.32617
G1 X64.372 Y18.731 E.00987
G1 X64.307 Y18.619 E.00515
G1 X64.109 Y18.448 E.0104
G1 X63.826 Y18.377 E.0116
G1 X5.623 Y18.377 E2.31427
G1 X5.623 Y5.623 E.50712
G1 X10.377 Y5.623 E.18903
G1 X10.377 Y15.026 E.37388
G1 X10.404 Y15.204 E.00716
G1 X10.587 Y15.481 E.0132
G1 X10.762 Y15.584 E.00807
G1 X10.974 Y15.623 E.00857
G1 X95.11 Y15.623 E3.34541
G1 X95.413 Y15.481 E.01331
G1 X95.596 Y15.204 E.0132
G1 X95.623 Y15.026 E.00716
G1 X95.623 Y5.623 E.37388
G1 X100.377 Y5.623 E.18903
M73 Q82 S3
G1 X100.377 Y18.377 E.50712
G1 X71.774 Y18.377 E1.13731
G1 X71.491 Y18.448 E.0116
G1 X71.293 Y18.619 E.0104
G1 X71.228 Y18.731 E.00515
G1 X71.177 Y18.974 E.00987
G1 X71.177 Y27.177 E.32617
G1 X70.223 Y27.177 E.03793
G1 X70.223 Y19.974 E.28641
G1 X70.011 Y19.517 E.02003
G1 X69.791 Y19.4 E.00991
G1 X69.626 Y19.377 E.00662
G1 X65.853 Y19.377 E.15002
G1 X65.589 Y19.517 E.01188
G1 X65.586 Y19.523 E.00027
M204 T250
G1 X65.836 Y19.843 F21000
M204 T7000
;TYPE:External perimeter
G1 F3000
G1 X65.775 Y19.974 E.00575
G1 F2999.998
G1 X65.775 Y27.575 E.30223
G1 X64.025 Y27.575 E.06958
G1 X64.025 Y18.974 E.34199
G1 F3000
G1 X63.986 Y18.856 E.00494
G1 X63.826 Y18.775 E.00713
G1 F2999.998
G1 X5.225 Y18.775 E2.33009
G1 X5.225 Y5.225 E.53877
G1 X10.775 Y5.225 E.22068
G1 X10.775 Y15.026 E.38971
G1 F3000
G1 X10.845 Y15.177 E.00662
G1 X10.974 Y15.225 E.00547
G1 F2999.998
G1 X95.026 Y15.225 E3.34207
G1 F3000
M73 P82 R2
G1 X95.155 Y15.177 E.00547
G1 X95.225 Y15.026 E.00662
G1 F2999.998
G1 X95.225 Y5.225 E.38971
G1 X100.775 Y5.225 E.22068
G1 X100.775 Y18.775 E.53877
G1 X71.774 Y18.775 E1.15314
G1 F3000
G1 X71.614 Y18.856 E.00713
G1 X71.575 Y18.974 E.00494
G1 F2999.998
G1 X71.575 Y27.575 E.34199
G1 X69.825 Y27.575 E.06958
G1 X69.825 Y19.974 E.30223
G1 F3000
G1 X69.754 Y19.822 E.00667
G1 X69.626 Y19.775 E.00542
G1 X65.974 Y19.775 E.14521
G1 X65.881 Y19.809 E.00394
G1 E-.16 F2700
;WIPE_START
G1 F16800
G1 X65.836 Y19.843 E-.00861
G1 X65.775 Y19.974 E-.02206
G1 X65.775 Y23.965 E-.60933
;WIPE_END
G1 X68.96 Y18.444 Z4.631 F21000
G1 Z4.52 F720
G1 E.8 F1500
;TYPE:Internal infill
;WIDTH:0.45
G1 F7200
G1 X69.155 Y18.64 E.01099
G1 E-.16 F2700
;WIPE_START
G1 F16800
G1 X68.96 Y18.444 E-.04221
;WIPE_END
G1 E-.59779 F2700
G1 X39.935 Y18.021 Z5.027 F21000
G1 X37.797 Y17.989 Z5.06
G1 X35.659 Y17.958 Z5.086
G1 X33.521 Y17.927 Z5.105
G1 X29.245 Y17.865 Z5.12
G1 X6.393 Y17.531
G1 Z4.52 F720
G1 E.8 F1500
;TYPE:Solid infill
;WIDTH:0.546684
G1 F7573.004
G1 X6.349 Y17.575 E.00307
G1 X6.365 Y17.635 E.00307
G1 X6.425 Y17.651 E.00307
G1 X6.469 Y17.607 E.00307
G1 X6.453 Y17.547 E.00307
;WIDTH:0.449999
G1 F8400
G1 X6.361 Y16.911 E.02555
G1 X7.16 Y17.704 E.04476
;WIDTH:0.420752
G1 X7.231 Y17.768 E.00352
;WIDTH:0.391504
G1 X7.212 Y17.839 E.00249
G1 X7.283 Y17.82 E.00249
G1 X7.272 Y17.779 E.00144
;WIDTH:0.449999
G1 X7.653 Y17.639 E.01614
G1 X6.361 Y16.347 E.07265
G1 X6.361 Y15.784 E.02239
G1 X8.216 Y17.639 E.10431
G1 X8.78 Y17.639 E.02243
G1 X6.361 Y15.22 E.13603
G1 X6.361 Y14.656 E.02243
G1 X9.344 Y17.639 E.16774
G1 X9.907 Y17.639 E.02239
G1 X6.361 Y14.093 E.1994
G1 X6.361 Y13.529 E.02243
G1 X10.471 Y17.639 E.23111
G1 X11.034 Y17.639 E.02239
G1 X6.361 Y12.966 E.26277
G1 X6.361 Y12.402 E.02243
G1 X11.598 Y17.639 E.29449
G1 X11.754 Y17.683 E.00644
;WIDTH:0.420752
G1 X11.91 Y17.726 E.00596
;WIDTH:0.391504
G1 X11.921 Y17.767 E.00144
G1 X11.85 Y17.786 E.00249
G1 X11.869 Y17.715 E.00249
;WIDTH:0.449999
G1 X12.161 Y17.639 E.012
G1 X10.865 Y16.343 E.07288
G1 X10.739 Y16.254 E.00613
;WIDTH:0.420752
G1 X10.613 Y16.165 E.00568
;WIDTH:0.391504
G1 X10.624 Y16.206 E.00144
G1 X10.553 Y16.225 E.00249
G1 X10.572 Y16.154 E.00249
;WIDTH:0.449999
G1 X9.975 Y15.663 E.03074
;WIDTH:0.391504
G1 X9.795 Y15.407 E.01062
;WIDTH:0.420752
G1 X9.721 Y15.266 E.00587
;WIDTH:0.449999
G1 X9.647 Y15.125 E.00633
G1 X6.361 Y11.839 E.18478
G1 X6.361 Y11.275 E.02243
G1 X9.639 Y14.554 E.18436
G1 X9.639 Y13.99 E.02243
G1 X6.361 Y10.712 E.18433
G1 X6.361 Y10.148 E.02243
G1 X9.639 Y13.427 E.18436
G1 X9.639 Y12.863 E.02243
G1 X6.361 Y9.584 E.18436
G1 X6.361 Y9.021 E.02239
G1 X9.639 Y12.299 E.18433
G1 X9.639 Y11.736 E.02239
G1 X6.361 Y8.457 E.18436
G1 X6.361 Y7.894 E.02239
G1 X9.639 Y11.172 E.18433
G1 X9.639 Y10.609 E.02239
G1 X6.361 Y7.33 E.18436
G1 X6.361 Y6.767 E.02239
G1 X9.639 Y10.045 E.18433
G1 X9.639 Y9.482 E.02239
G1 X6.518 Y6.361 E.1755
G1 X6.403 Y6.295 E.00527
;WIDTH:0.420752
G1 X6.288 Y6.228 E.0049
;WIDTH:0.391504
G1 X6.299 Y6.269 E.00144
G1 X6.228 Y6.288 E.00249
G1 X6.247 Y6.217 E.00249
G1 X7.082 Y6.361 F21000
;WIDTH:0.449999
G1 F8400
G1 X9.639 Y8.918 E.14379
G1 X9.639 Y8.355 E.02239
G1 X7.645 Y6.361 E.11213
G1 X9.639 Y6.361 E.07929
G1 X9.639 Y7.791 E.05686
G1 X8.35 Y6.502 E.07248
G1 X9.206 Y6.727 F21000
;WIDTH:0.490844
G1 F8400
G1 X9.167 Y6.765 E.00239
G1 X9.182 Y6.818 E.00241
G1 X9.235 Y6.833 E.00241
G1 X9.273 Y6.794 E.00239
G1 X9.259 Y6.741 E.0024
G1 E-.16 F2700
;WIPE_START
G1 F16800
G1 X9.273 Y6.794 E-.00837
G1 X9.235 Y6.833 E-.00831
G1 X9.182 Y6.818 E-.00841
G1 X9.167 Y6.765 E-.00841
G1 X9.206 Y6.727 E-.00831
;WIPE_END
G1 E-.59819 F2700
G1 X11.446 Y16.361 Z4.693 F21000
G1 Z4.52 F720
G1 E.8 F1500
;WIDTH:0.449999
G1 F8400
G1 X12.725 Y17.639 E.07189
G1 X12.151 Y16.502 F21000
G1 F8400
M73 Q83 S3
G1 X13.148 Y17.498 E.05604
G1 X13.148 Y17.639 E.00561
G1 X63.818 Y17.639 E2.01474
G1 X64.413 Y17.783 E.02434
G1 X64.823 Y18.111 E.02088
G1 X64.899 Y18.185 E.00422
G1 X65.143 Y18.046 E.01117
G1 X70.457 Y18.046 E.2113
G1 X70.729 Y18.152 E.01161
G1 X71.107 Y17.824 E.0199
G1 X71.612 Y17.639 E.02138
G1 X98.949 Y17.639 E1.08697
G1 X96.348 Y15.038 E.14626
G1 X96.33 Y15.294 E.0102
G1 X96.137 Y15.761 E.02009
G1 X95.863 Y16.061 E.01616
G1 X95.463 Y16.283 E.01819
G1 X95.023 Y16.361 E.01777
G1 X12.01 Y16.361 E3.30076
G1 X13.022 Y16.78 F21000
;WIDTH:0.491546
G1 F8400
G1 X64.16 Y16.78 E2.24535
G1 X64.59 Y16.759 E.0189
;WIDTH:0.449999
G1 X70.932 Y16.759 E.25217
;WIDTH:0.491547
G1 X71.777 Y16.78 E.03711
G1 X95.023 Y16.78 E1.02068
G1 X95.535 Y16.675 E.02295
;WIDTH:0.449999
G1 X96.066 Y16.404 E.0237
G1 X96.438 Y16.022 E.0212
G1 X96.557 Y15.811 E.00963
G1 X97.987 Y17.241 E.08041
G1 X95.586 Y17.241 E.09547
;WIDTH:0.491547
G1 X95.023 Y17.22 E.02474
G1 X71.566 Y17.22 E1.02994
G1 X71.042 Y17.41 E.02447
;WIDTH:0.449999
G1 X70.631 Y17.709 E.02021
G1 X70.457 Y17.647 E.00734
G1 X65.143 Y17.647 E.2113
G1 X64.969 Y17.709 E.00734
G1 X64.775 Y17.541 E.0102
G1 X64.511 Y17.397 E.01196
;WIDTH:0.477238
G1 X64.241 Y17.315 E.01199
;WIDTH:0.504476
G1 F8278.658
G1 X63.971 Y17.233 E.01275
G1 X63.818 Y17.22 E.00694
;WIDTH:0.491547
G1 F8400
G1 X13.462 Y17.22 E2.21101
G1 X13.163 Y16.921 E.01857
G1 E-.16 F2700
;WIPE_START
G1 F16800
G1 X13.462 Y17.22 E-.06456
G1 X17.231 Y17.22 E-.57544
;WIPE_END
G1 X46.259 Y17.211 Z5.027 F21000
G1 X48.398 Y17.21 Z5.06
G1 X50.536 Y17.209 Z5.086
G1 X52.674 Y17.209 Z5.105
G1 X56.951 Y17.207 Z5.12
G1 X65.067 Y17.205
G1 Z4.52 F720
G1 E.8 F1500
;WIDTH:0.543994
G1 F7614.368
G1 X65.143 Y17.203 E.00374
;WIDTH:0.541206
G1 F7657.719
G1 X70.457 Y17.203 E.25966
;WIDTH:0.543994
G1 F7614.368
G1 X70.533 Y17.205 E.00374
G1 E-.16 F2700
;WIPE_START
G1 F16800
G1 X70.457 Y17.203 E-.01161
G1 X66.341 Y17.203 E-.62839
;WIPE_END
G1 X95.367 Y16.866 Z5.027 F21000
G1 X96.05 Y16.858 Z5.038
G1 Z4.52 F720
G1 E.8 F1500
;WIDTH:0.418229
G1 F8400
G1 X96.261 Y16.733 E.00897
G1 X96.611 Y16.406 E.01753
G1 X97.063 Y16.858 E.02339
G1 X96.249 Y16.858 E.02979
G1 E-.16 F2700
;WIPE_START
G1 F16800
M73 Q83 S2
G1 X97.063 Y16.858 E-.12428
G1 X96.611 Y16.406 E-.0976
G1 X96.261 Y16.733 E-.07313
G1 X96.05 Y16.858 E-.03744
;WIPE_END
G1 E-.30755 F2700
G1 X96.18 Y14.293 Z4.565 F21000
G1 Z4.52 F720
G1 E.8 F1500
;WIDTH:0.391504
G1 F8400
G1 X96.161 Y14.364 E.00249
G1 X96.232 Y14.345 E.00249
G1 X96.221 Y14.304 E.00144
;WIDTH:0.420752
G1 X96.291 Y14.396 E.00426
;WIDTH:0.449999
G1 X96.361 Y14.487 E.00457
G1 X99.513 Y17.639 E.17724
G1 X99.647 Y17.681 E.00558
;WIDTH:0.420752
G1 X99.782 Y17.722 E.0052
;WIDTH:0.391504
G1 X99.793 Y17.763 E.00144
G1 X99.722 Y17.782 E.00249
G1 X99.741 Y17.711 E.00249
;WIDTH:0.449999
G1 X99.639 Y17.202 E.02064
G1 X96.361 Y13.924 E.18433
G1 X96.361 Y13.36 E.02243
G1 X99.639 Y16.639 E.18436
G1 X99.639 Y16.075 E.02243
G1 X96.361 Y12.797 E.18433
G1 X96.361 Y12.233 E.02243
G1 X99.639 Y15.512 E.18436
G1 X99.639 Y14.948 E.02243
M73 P83 R2
G1 X96.361 Y11.67 E.18433
G1 X96.361 Y11.106 E.02243
G1 X99.639 Y14.385 E.18436
G1 X99.639 Y13.821 E.02243
G1 X96.361 Y10.542 E.18436
G1 X96.361 Y9.979 E.02239
G1 X99.639 Y13.257 E.18433
G1 X99.639 Y12.694 E.02239
G1 X96.361 Y9.415 E.18436
G1 X96.361 Y8.852 E.02239
G1 X99.639 Y12.13 E.18433
G1 X99.639 Y11.567 E.02239
G1 X96.361 Y8.288 E.18436
G1 X96.361 Y7.725 E.02239
G1 X99.639 Y11.003 E.18433
G1 X99.639 Y10.44 E.02239
G1 X96.361 Y7.161 E.18436
G1 X96.361 Y6.598 E.02239
G1 X99.639 Y9.876 E.18433
G1 X99.639 Y9.313 E.02239
G1 X96.687 Y6.361 E.166
G1 X97.251 Y6.361 E.02243
G1 X99.639 Y8.749 E.13428
G1 X99.639 Y8.185 E.02243
G1 X97.815 Y6.361 E.10257
G1 X99.639 Y6.361 E.07253
G1 X99.639 Y7.622 E.05014
G1 X98.519 Y6.502 E.06298
G1 E-.16 F2700
;WIPE_START
G1 F16800
G1 X99.639 Y7.622 E-.24183
G1 X99.639 Y6.361 E-.19253
G1 X98.292 Y6.361 E-.20564
;WIPE_END
G1 X127.087 Y10.033 Z5.027 F21000
G1 X129.208 Y10.304 Z5.06
G1 X131.329 Y10.574 Z5.086
G1 X133.45 Y10.845 Z5.105
G1 X137.692 Y11.386 Z5.12
G1 X197.4 Y19
G1 Z4.52 F720
G1 E.8 F1500
;TYPE:Perimeter
;WIDTH:0.40602
G1 F3000
G1 X197.4 Y8.3 E.3785
G1 X197.776 Y7.923 F21000
;WIDTH:0.449999
G1 F3000
G1 X197.776 Y19.377 E.45543
G1 X197.023 Y19.377 E.02994
G1 X197.023 Y7.923 E.45543
G1 X197.717 Y7.923 E.02759
M204 T250
G1 X198.175 Y7.525 F21000
M204 T7000
;TYPE:External perimeter
G1 F2999.998
G1 X198.175 Y19.775 E.48708
G1 X196.625 Y19.775 E.06163
G1 X196.625 Y7.525 E.48708
G1 X198.115 Y7.525 E.05925
G1 E-.16 F2700
;WIPE_START
G1 F16800
G1 X198.175 Y7.525 E-.00916
G1 X198.175 Y11.657 E-.63084
;WIPE_END
G1 X218 Y19 Z4.889 F21000
G1 Z4.52 F720
G1 E.8 F1500
;TYPE:Perimeter
;WIDTH:0.40602
G1 F3000
G1 X218 Y8.3 E.3785
G1 X217.623 Y7.923 F21000
;WIDTH:0.449999
G1 F3000
G1 X218.377 Y7.923 E.02998
G1 X218.377 Y19.377 E.45543
G1 X217.623 Y19.377 E.02998
G1 X217.623 Y7.983 E.45305
M204 T250
G1 X217.225 Y7.525 F21000
M204 T7000
;TYPE:External perimeter
G1 F2999.998
G1 X218.775 Y7.525 E.06163
G1 X218.775 Y19.775 E.48708
G1 X217.225 Y19.775 E.06163
M73 Q84 S2
G1 X217.225 Y7.585 E.4847
;LAYER_CHANGE
;Z:4.76
;HEIGHT:0.24
;BEFORE_LAYER_CHANGE
G92 E0.0
;4.76


G1 E-.16 F2700
;WIPE_START
G1 F16800
G1 X217.225 Y7.525 E-.00916
G1 X218.775 Y7.525 E-.23665
G1 X218.775 Y10.107 E-.39419
;WIPE_END
G1 X218.775 Y10.107 Z4.52 F21000
G1 X189.914 Y13.219 Z5.027
G1 X187.788 Y13.448 Z5.06
G1 X185.662 Y13.678 Z5.086
G1 X183.536 Y13.907 Z5.105
G1 X179.284 Y14.365 Z5.12
G1 X64.9 Y26.7 Z5.12
;AFTER_LAYER_CHANGE
;4.76
G1 Z4.76 F720
G1 E.8 F1500
;TYPE:Perimeter
;WIDTH:0.60602
G1 F3000
G1 X64.9 Y19.974 E.37215
G1 E-.16 F2700
;WIPE_START
G1 F16800
G1 X64.9 Y24.166 E-.64
;WIPE_END
G1 X70.7 Y26.7 Z4.87 F21000
G1 Z4.76 F720
G1 E.8 F1500
;WIDTH:0.606024
G1 F3000
G1 X70.7 Y19.974 E.37215
G1 E-.16 F2700
;WIPE_START
G1 F16800
G1 X70.7 Y24.166 E-.64
;WIPE_END
G1 X65.284 Y19.297 Z4.887 F21000
G1 Z4.76 F720
G1 E.8 F1500
;WIDTH:0.489005
G1 F4200
G1 X65.225 Y19.403 E.0053
;WIDTH:0.52801
G1 X65.116 Y19.593 E.01041
;WIDTH:0.567015
G1 X65.008 Y19.784 E.01129
;WIDTH:0.60602
G1 X64.9 Y19.974 E.01209
G1 X64.88 Y19.724 E.01388
;WIDTH:0.567015
G1 X64.861 Y19.474 E.0129
;WIDTH:0.52801
G1 X64.841 Y19.224 E.01192
;WIDTH:0.489005
G1 X64.822 Y18.974 E.01094
;WIDTH:0.449999
G1 X64.736 Y18.568 E.0165
G1 X64.627 Y18.382 E.00857
G1 X64.298 Y18.097 E.01731
G1 X63.826 Y17.978 E.01935
G1 X6.022 Y17.978 E2.2984
G1 X6.022 Y6.022 E.47539
G1 X9.978 Y6.022 E.1573
G1 X9.978 Y15.159 E.36331
G1 X10.131 Y15.557 E.01695
G1 X10.329 Y15.784 E.01198
G1 X10.62 Y15.957 E.01346
G1 X10.974 Y16.022 E.01431
G1 X95.026 Y16.022 E3.34207
G1 X95.38 Y15.957 E.01431
G1 X95.671 Y15.784 E.01346
G1 X95.869 Y15.557 E.01198
G1 X95.977 Y15.322 E.01028
G1 X96.022 Y15.026 E.0119
G1 X96.022 Y6.022 E.35802
G1 X99.978 Y6.022 E.1573
G1 X99.978 Y17.978 E.47539
G1 X71.645 Y17.978 E1.12658
G1 X71.302 Y18.097 E.01444
G1 X70.973 Y18.382 E.01731
G1 X70.864 Y18.568 E.00857
G1 X70.778 Y18.974 E.0165
;WIDTH:0.489006
G1 X70.759 Y19.224 E.01094
;WIDTH:0.528012
G1 X70.739 Y19.474 E.01192
;WIDTH:0.567018
G1 X70.72 Y19.724 E.0129
;WIDTH:0.606024
G1 X70.7 Y19.974 E.01388
G1 X70.592 Y19.784 E.01209
;WIDTH:0.567018
G1 X70.484 Y19.593 E.01129
;WIDTH:0.528012
G1 X70.375 Y19.403 E.01041
;WIDTH:0.489006
G1 X70.267 Y19.212 E.00958
;WIDTH:0.449999
G1 X69.901 Y19.017 E.01649
G1 X69.626 Y18.978 E.01104
G1 X65.974 Y18.978 E.14521
G1 X65.699 Y19.017 E.01104
G1 X65.333 Y19.212 E.01649
;WIDTH:0.489005
G1 X65.314 Y19.245 E.00166
G1 X65.561 Y19.578 F21000
;WIDTH:0.449999
G1 F4200
G1 X65.377 Y19.974 E.01736
G1 X65.377 Y27.177 E.28641
G1 X64.423 Y27.177 E.03793
M73 P84 R2
G1 X64.423 Y18.974 E.32617
G1 X64.372 Y18.731 E.00987
G1 X64.307 Y18.619 E.00515
G1 X64.109 Y18.448 E.0104
G1 X63.826 Y18.377 E.0116
G1 X5.623 Y18.377 E2.31427
G1 X5.623 Y5.623 E.50712
G1 X10.377 Y5.623 E.18903
G1 X10.377 Y15.026 E.37388
G1 X10.404 Y15.204 E.00716
G1 X10.587 Y15.481 E.0132
G1 X10.762 Y15.584 E.00807
G1 X10.974 Y15.623 E.00857
G1 X95.11 Y15.623 E3.34541
G1 X95.413 Y15.481 E.01331
G1 X95.596 Y15.204 E.0132
G1 X95.623 Y15.026 E.00716
G1 X95.623 Y5.623 E.37388
G1 X100.377 Y5.623 E.18903
G1 X100.377 Y18.377 E.50712
G1 X71.774 Y18.377 E1.13731
G1 X71.491 Y18.448 E.0116
G1 X71.293 Y18.619 E.0104
G1 X71.228 Y18.731 E.00515
G1 X71.177 Y18.974 E.00987
G1 X71.177 Y27.177 E.32617
G1 X70.223 Y27.177 E.03793
G1 X70.223 Y19.974 E.28641
G1 X70.011 Y19.517 E.02003
G1 X69.791 Y19.4 E.00991
G1 X69.626 Y19.377 E.00662
G1 X65.853 Y19.377 E.15002
G1 X65.589 Y19.517 E.01188
G1 X65.586 Y19.523 E.00027
M204 T250
G1 X65.836 Y19.843 F21000
M204 T7000
;TYPE:External perimeter
G1 F3000
G1 X65.775 Y19.974 E.00575
G1 F2999.998
G1 X65.775 Y27.575 E.30223
G1 X64.025 Y27.575 E.06958
G1 X64.025 Y18.974 E.34199
G1 F3000
M73 Q85 S2
G1 X63.986 Y18.856 E.00494
G1 X63.826 Y18.775 E.00713
G1 F2999.998
G1 X5.225 Y18.775 E2.33009
G1 X5.225 Y5.225 E.53877
G1 X10.775 Y5.225 E.22068
G1 X10.775 Y15.026 E.38971
G1 F3000
G1 X10.845 Y15.177 E.00662
G1 X10.974 Y15.225 E.00547
G1 F2999.998
G1 X95.026 Y15.225 E3.34207
G1 F3000
G1 X95.155 Y15.177 E.00547
G1 X95.225 Y15.026 E.00662
G1 F2999.998
G1 X95.225 Y5.225 E.38971
G1 X100.775 Y5.225 E.22068
G1 X100.775 Y18.775 E.53877
G1 X71.774 Y18.775 E1.15314
G1 F3000
G1 X71.614 Y18.856 E.00713
G1 X71.575 Y18.974 E.00494
G1 F2999.998
G1 X71.575 Y27.575 E.34199
G1 X69.825 Y27.575 E.06958
G1 X69.825 Y19.974 E.30223
G1 F3000
M73 P85 R2
G1 X69.754 Y19.822 E.00667
G1 X69.626 Y19.775 E.00542
G1 X65.974 Y19.775 E.14521
G1 X65.881 Y19.809 E.00394
G1 E-.16 F2700
;WIPE_START
G1 F16800
G1 X65.836 Y19.843 E-.00861
G1 X65.775 Y19.974 E-.02206
G1 X65.775 Y23.965 E-.60933
;WIPE_END
G1 X68.96 Y18.444 Z4.871 F21000
G1 Z4.76 F720
G1 E.8 F1500
;TYPE:Internal infill
;WIDTH:0.45
G1 F7200
G1 X69.155 Y18.64 E.01099
G1 E-.16 F2700
;WIPE_START
G1 F16800
G1 X68.96 Y18.444 E-.04221
;WIPE_END
G1 E-.59779 F2700
G1 X95.488 Y6.659 Z5.267 F21000
G1 X96.335 Y6.283 Z5.282
G1 Z4.76 F720
G1 E.8 F1500
;TYPE:Solid infill
;WIDTH:0.391504
G1 F8400
G1 X96.263 Y6.263 E.00254
G1 X96.283 Y6.335 E.00254
G1 X96.324 Y6.324 E.00144
;WIDTH:0.420752
G1 X96.509 Y6.342 E.00685
;WIDTH:0.449999
G1 X96.695 Y6.361 E.00743
G1 X96.361 Y6.695 E.01878
G1 X96.361 Y7.258 E.02239
G1 X97.258 Y6.361 E.05044
G1 X97.822 Y6.361 E.02243
G1 X96.361 Y7.822 E.08215
G1 X96.361 Y8.386 E.02243
G1 X98.386 Y6.361 E.11387
G1 X98.949 Y6.361 E.02239
G1 X96.361 Y8.949 E.14553
G1 X96.361 Y9.513 E.02243
G1 X99.513 Y6.361 E.17724
G1 X99.639 Y6.798 E.01808
G1 X96.361 Y10.076 E.18433
G1 X96.361 Y10.64 E.02243
G1 X99.639 Y7.361 E.18436
G1 X99.639 Y7.925 E.02243
G1 X96.361 Y11.203 E.18433
G1 X96.361 Y11.767 E.02243
G1 X99.639 Y8.488 E.18436
G1 X99.639 Y9.052 E.02243
G1 X96.361 Y12.33 E.18433
G1 X96.361 Y12.894 E.02243
G1 X99.639 Y9.615 E.18436
G1 X99.639 Y10.179 E.02243
G1 X96.361 Y13.458 E.18436
G1 X96.361 Y14.021 E.02239
G1 X99.639 Y10.743 E.18433
G1 X99.639 Y11.306 E.02239
G1 X96.361 Y14.585 E.18436
G1 X96.35 Y15.159 E.02283
G1 X99.639 Y11.87 E.18495
G1 E-.16 F2700
;WIPE_START
G1 F16800
G1 X96.675 Y14.834 E-.64
;WIPE_END
G1 X96.185 Y15.441 Z4.774 F21000
G1 Z4.76 F720
G1 E.8 F1500
;WIDTH:0.391504
G1 F8400
G1 X96.033 Y15.671 E.00935
G1 X95.817 Y15.903 E.01075
G1 E-.16 F2700
;WIPE_START
G1 F16800
G1 X96.033 Y15.671 E-.0484
G1 X96.185 Y15.441 E-.04209
;WIPE_END
G1 E-.54951 F2700
G1 X67.303 Y12.528 Z5.267 F21000
G1 X65.176 Y12.314 Z5.3
G1 X63.048 Y12.099 Z5.326
G1 X60.921 Y11.885 Z5.345
G1 X56.666 Y11.455 Z5.36
G1 X6.469 Y6.393
G1 Z4.76 F720
G1 E.8 F1500
;WIDTH:0.546684
G1 F7573.004
G1 X6.425 Y6.349 E.00307
G1 X6.365 Y6.365 E.00307
G1 X6.349 Y6.425 E.00307
G1 X6.393 Y6.469 E.00307
G1 X6.453 Y6.453 E.00307
;WIDTH:0.449999
G1 F8400
G1 X6.361 Y7.089 E.02555
G1 X7.089 Y6.361 E.04094
G1 X7.181 Y6.291 E.0046
;WIDTH:0.420752
G1 X7.272 Y6.221 E.00423
;WIDTH:0.391504
G1 X7.231 Y6.232 E.00144
G1 X7.212 Y6.161 E.00249
G1 X7.283 Y6.18 E.00249
;WIDTH:0.449999
G1 X7.653 Y6.361 E.01638
G1 X6.361 Y7.653 E.07265
G1 X6.361 Y8.216 E.02239
G1 X8.216 Y6.361 E.10431
G1 X8.78 Y6.361 E.02243
G1 X6.361 Y8.78 E.13603
G1 X6.361 Y9.344 E.02243
G1 X9.344 Y6.361 E.16774
G1 X9.763 Y6.267 E.01707
;WIDTH:0.391504
G1 X9.692 Y6.248 E.00249
G1 X9.711 Y6.319 E.00249
G1 X9.752 Y6.308 E.00144
;WIDTH:0.420752
G1 X9.696 Y6.468 E.00625
;WIDTH:0.449999
G1 X9.639 Y6.629 E.00679
G1 X6.361 Y9.907 E.18433
G1 X6.361 Y10.471 E.02243
G1 X9.639 Y7.192 E.18436
G1 X9.639 Y7.756 E.02243
G1 X6.361 Y11.034 E.18433
G1 X6.361 Y11.598 E.02243
G1 X9.639 Y8.319 E.18436
G1 X9.639 Y8.883 E.02243
G1 X6.361 Y12.161 E.18433
G1 X6.361 Y12.725 E.02243
G1 X9.639 Y9.446 E.18436
G1 X9.639 Y10.01 E.02243
G1 X6.361 Y13.288 E.18433
G1 X6.361 Y13.852 E.02243
G1 X9.639 Y10.573 E.18436
G1 X9.639 Y11.137 E.02243
G1 X6.361 Y14.416 E.18436
G1 X6.361 Y14.979 E.02239
G1 X9.639 Y11.701 E.18433
G1 X9.639 Y12.264 E.02239
G1 X6.361 Y15.543 E.18436
G1 X6.361 Y16.106 E.02239
G1 X9.639 Y12.828 E.18433
G1 X9.639 Y13.391 E.02239
G1 X6.361 Y16.67 E.18436
G1 X6.361 Y17.233 E.02239
G1 X9.639 Y13.955 E.18433
G1 X9.639 Y14.518 E.02239
G1 X6.518 Y17.639 E.1755
G1 X6.409 Y17.685 E.0047
;WIDTH:0.420752
G1 X6.299 Y17.731 E.00439
;WIDTH:0.391504
G1 X6.228 Y17.712 E.00249
G1 X6.247 Y17.783 E.00249
G1 X6.288 Y17.772 E.00144
G1 X7.082 Y17.639 F21000
;WIDTH:0.449999
G1 F8400
G1 X9.643 Y15.078 E.14401
G1 X9.75 Y15.535 E.01866
G1 X7.645 Y17.639 E.11834
G1 E-.16 F2700
;WIPE_START
G1 F16800
G1 X9.75 Y15.535 E-.4544
G1 X9.643 Y15.078 E-.07166
M73 Q86 S2
G1 X9.115 Y15.606 E-.11394
;WIPE_END
G1 X38.123 Y16.684 Z5.267 F21000
G1 X40.26 Y16.764 Z5.3
G1 X42.397 Y16.843 Z5.326
G1 X44.534 Y16.922 Z5.345
G1 X48.807 Y17.081 Z5.36
G1 X63.818 Y17.639
G1 Z4.76 F720
G1 E.8 F1500
G1 F8400
G1 X8.209 Y17.639 E2.21112
G1 X9.972 Y15.876 E.09914
G1 X10.083 Y16.014 E.00704
G1 X10.469 Y16.258 E.01816
G1 X10.98 Y16.361 E.02073
G1 X95.148 Y16.361 E3.34669
G1 X94.011 Y17.498 E.06394
G1 X94.011 Y17.639 E.00561
G1 X71.612 Y17.639 E.89063
G1 X71.107 Y17.824 E.02138
G1 X70.729 Y18.152 E.0199
G1 X70.457 Y18.046 E.01161
G1 X65.143 Y18.046 E.2113
G1 X64.899 Y18.185 E.01117
G1 X64.823 Y18.111 E.00422
G1 X64.413 Y17.783 E.02088
G1 X64.012 Y17.686 E.0164
G1 X63.961 Y16.78 F21000
;WIDTH:0.491546
G1 F8400
G1 X10.98 Y16.78 E2.32627
G1 X10.462 Y16.674 E.02322
;WIDTH:0.449999
G1 X9.98 Y16.432 E.02145
G1 X9.171 Y17.241 E.04549
G1 X10.41 Y17.241 E.04927
;WIDTH:0.491546
G1 X10.98 Y17.22 E.02504
G1 X63.818 Y17.22 E2.31999
;WIDTH:0.504476
G1 F8278.658
G1 X63.971 Y17.233 E.00694
G1 X64.241 Y17.315 E.01275
;WIDTH:0.477238
G1 F8400
G1 X64.511 Y17.397 E.01199
;WIDTH:0.449999
G1 X64.775 Y17.541 E.01196
G1 X64.969 Y17.709 E.0102
G1 X65.143 Y17.647 E.00734
G1 X70.457 Y17.647 E.2113
G1 X70.631 Y17.709 E.00734
G1 X71.042 Y17.41 E.02021
;WIDTH:0.491547
G1 X71.566 Y17.22 E.02447
G1 X93.714 Y17.22 E.97247
G1 X94.136 Y16.78 E.02677
G1 X71.777 Y16.78 E.98173
G1 X70.932 Y16.759 E.03711
;WIDTH:0.449999
G1 X64.59 Y16.759 E.25217
;WIDTH:0.491546
G1 X64.16 Y16.78 E.0189
G1 X65.067 Y17.205 F21000
;WIDTH:0.543994
G1 F7614.368
G1 X65.143 Y17.203 E.00374
;WIDTH:0.541206
G1 F7657.719
G1 X70.457 Y17.203 E.25966
;WIDTH:0.543994
G1 F7614.368
G1 X70.533 Y17.205 E.00374
G1 E-.16 F2700
;WIPE_START
G1 F16800
G1 X70.457 Y17.203 E-.01161
G1 X66.341 Y17.203 E-.62839
;WIPE_END
G1 X94.433 Y17.639 Z5.25 F21000
G1 Z4.76 F720
G1 E.8 F1500
;WIDTH:0.449999
G1 F8400
G1 X99.639 Y12.433 E.29274
G1 X99.639 Y12.997 E.02243
G1 X94.997 Y17.639 E.26103
G1 X95.56 Y17.639 E.02239
G1 X99.639 Y13.56 E.22937
G1 X99.639 Y14.124 E.02243
G1 X96.124 Y17.639 E.19766
G1 X96.687 Y17.639 E.02239
G1 X99.639 Y14.687 E.166
G1 X99.639 Y15.251 E.02243
G1 X97.251 Y17.639 E.13428
G1 X97.815 Y17.639 E.02243
G1 X99.639 Y15.815 E.10257
G1 X99.639 Y17.639 E.07253
G1 X98.378 Y17.639 E.05014
G1 X99.498 Y16.519 E.06298
G1 E-.16 F2700
;WIPE_START
G1 F16800
G1 X98.378 Y17.639 E-.24183
G1 X99.639 Y17.639 E-.19253
G1 X99.639 Y16.292 E-.20564
;WIPE_END
G1 X128.656 Y17.096 Z5.267 F21000
G1 X130.794 Y17.155 Z5.3
G1 X132.931 Y17.214 Z5.326
G1 X135.069 Y17.273 Z5.345
G1 X139.343 Y17.392 Z5.36
G1 X197.4 Y19
G1 Z4.76 F720
G1 E.8 F1500
;TYPE:Perimeter
;WIDTH:0.40602
G1 F3000
G1 X197.4 Y8.3 E.3785
G1 X197.776 Y7.923 F21000
;WIDTH:0.449999
G1 F3000
G1 X197.776 Y19.377 E.45543
G1 X197.023 Y19.377 E.02994
G1 X197.023 Y7.923 E.45543
G1 X197.717 Y7.923 E.02759
M204 T250
G1 X198.175 Y7.525 F21000
M204 T7000
;TYPE:External perimeter
G1 F2999.998
G1 X198.175 Y19.775 E.48708
G1 X196.625 Y19.775 E.06163
G1 X196.625 Y7.525 E.48708
G1 X198.115 Y7.525 E.05925
M73 P86 R2
G1 E-.16 F2700
;WIPE_START
G1 F16800
G1 X198.175 Y7.525 E-.00916
G1 X198.175 Y11.657 E-.63084
;WIPE_END
G1 X218 Y19 Z5.129 F21000
G1 Z4.76 F720
G1 E.8 F1500
;TYPE:Perimeter
;WIDTH:0.40602
G1 F3000
G1 X218 Y8.3 E.3785
G1 X217.623 Y7.923 F21000
;WIDTH:0.449999
G1 F3000
G1 X218.377 Y7.923 E.02998
G1 X218.377 Y19.377 E.45543
G1 X217.623 Y19.377 E.02998
G1 X217.623 Y7.983 E.45305
M204 T250
G1 X217.225 Y7.525 F21000
M204 T7000
;TYPE:External perimeter
G1 F2999.998
G1 X218.775 Y7.525 E.06163
G1 X218.775 Y19.775 E.48708
G1 X217.225 Y19.775 E.06163
G1 X217.225 Y7.585 E.4847
;LAYER_CHANGE
;Z:5
;HEIGHT:0.24
;BEFORE_LAYER_CHANGE
G92 E0.0
;5


G1 E-.16 F2700
;WIPE_START
G1 F16800
G1 X217.225 Y7.525 E-.00916
G1 X218.775 Y7.525 E-.23665
G1 X218.775 Y10.107 E-.39419
;WIPE_END
G1 X218.775 Y10.107 Z4.76 F21000
G1 X189.914 Y13.219 Z5.267
G1 X187.788 Y13.448 Z5.3
G1 X185.662 Y13.678 Z5.326
G1 X183.536 Y13.907 Z5.345
G1 X179.284 Y14.365 Z5.36
G1 X64.9 Y26.7 Z5.36
;AFTER_LAYER_CHANGE
;5
G1 Z5 F720
M73 Q87 S2
G1 E.8 F1500
;TYPE:Perimeter
;WIDTH:0.60602
G1 F3000
G1 X64.9 Y19.974 E.37215
G1 E-.16 F2700
;WIPE_START
G1 F16800
G1 X64.9 Y24.166 E-.64
;WIPE_END
G1 X70.7 Y26.7 Z5.11 F21000
G1 Z5 F720
G1 E.8 F1500
;WIDTH:0.606024
G1 F3000
G1 X70.7 Y19.974 E.37215
G1 E-.16 F2700
;WIPE_START
G1 F16800
G1 X70.7 Y24.166 E-.64
;WIPE_END
G1 X65.284 Y19.297 Z5.127 F21000
G1 Z5 F720
G1 E.8 F1500
;WIDTH:0.489005
G1 F4200
G1 X65.225 Y19.403 E.0053
;WIDTH:0.52801
G1 X65.116 Y19.593 E.01041
;WIDTH:0.567015
G1 X65.008 Y19.784 E.01129
;WIDTH:0.60602
G1 X64.9 Y19.974 E.01209
G1 X64.88 Y19.724 E.01388
;WIDTH:0.567015
G1 X64.861 Y19.474 E.0129
;WIDTH:0.52801
G1 X64.841 Y19.224 E.01192
;WIDTH:0.489005
G1 X64.822 Y18.974 E.01094
;WIDTH:0.449999
G1 X64.736 Y18.568 E.0165
G1 X64.627 Y18.382 E.00857
G1 X64.298 Y18.097 E.01731
G1 X63.826 Y17.978 E.01935
G1 X6.022 Y17.978 E2.2984
G1 X6.022 Y6.022 E.47539
G1 X9.978 Y6.022 E.1573
G1 X9.978 Y15.159 E.36331
G1 X10.131 Y15.557 E.01695
G1 X10.329 Y15.784 E.01198
G1 X10.62 Y15.957 E.01346
G1 X10.974 Y16.022 E.01431
G1 X95.026 Y16.022 E3.34207
G1 X95.38 Y15.957 E.01431
G1 X95.671 Y15.784 E.01346
G1 X95.869 Y15.557 E.01198
G1 X95.977 Y15.322 E.01028
G1 X96.022 Y15.026 E.0119
G1 X96.022 Y6.022 E.35802
G1 X99.978 Y6.022 E.1573
G1 X99.978 Y17.978 E.47539
G1 X71.645 Y17.978 E1.12658
G1 X71.302 Y18.097 E.01444
G1 X70.973 Y18.382 E.01731
G1 X70.864 Y18.568 E.00857
G1 X70.778 Y18.974 E.0165
;WIDTH:0.489006
G1 X70.759 Y19.224 E.01094
;WIDTH:0.528012
G1 X70.739 Y19.474 E.01192
;WIDTH:0.567018
G1 X70.72 Y19.724 E.0129
;WIDTH:0.606024
G1 X70.7 Y19.974 E.01388
G1 X70.592 Y19.784 E.01209
;WIDTH:0.567018
G1 X70.484 Y19.593 E.01129
;WIDTH:0.528012
G1 X70.375 Y19.403 E.01041
;WIDTH:0.489006
G1 X70.267 Y19.212 E.00958
;WIDTH:0.449999
G1 X69.901 Y19.017 E.01649
G1 X69.626 Y18.978 E.01104
G1 X65.974 Y18.978 E.14521
G1 X65.699 Y19.017 E.01104
G1 X65.333 Y19.212 E.01649
;WIDTH:0.489005
G1 X65.314 Y19.245 E.00166
G1 X65.561 Y19.578 F21000
;WIDTH:0.449999
G1 F4200
G1 X65.377 Y19.974 E.01736
G1 X65.377 Y27.177 E.28641
G1 X64.423 Y27.177 E.03793
G1 X64.423 Y18.974 E.32617
G1 X64.372 Y18.731 E.00987
G1 X64.307 Y18.619 E.00515
G1 X64.109 Y18.448 E.0104
G1 X63.826 Y18.377 E.0116
G1 X5.623 Y18.377 E2.31427
G1 X5.623 Y5.623 E.50712
G1 X10.377 Y5.623 E.18903
G1 X10.377 Y15.026 E.37388
G1 X10.404 Y15.204 E.00716
G1 X10.587 Y15.481 E.0132
G1 X10.762 Y15.584 E.00807
G1 X10.974 Y15.623 E.00857
G1 X95.11 Y15.623 E3.34541
G1 X95.413 Y15.481 E.01331
M73 P87 R1
G1 X95.596 Y15.204 E.0132
G1 X95.623 Y15.026 E.00716
G1 X95.623 Y5.623 E.37388
G1 X100.377 Y5.623 E.18903
G1 X100.377 Y18.377 E.50712
G1 X71.774 Y18.377 E1.13731
G1 X71.491 Y18.448 E.0116
G1 X71.293 Y18.619 E.0104
G1 X71.228 Y18.731 E.00515
G1 X71.177 Y18.974 E.00987
G1 X71.177 Y27.177 E.32617
G1 X70.223 Y27.177 E.03793
G1 X70.223 Y19.974 E.28641
G1 X70.011 Y19.517 E.02003
G1 X69.791 Y19.4 E.00991
G1 X69.626 Y19.377 E.00662
G1 X65.853 Y19.377 E.15002
G1 X65.589 Y19.517 E.01188
G1 X65.586 Y19.523 E.00027
M204 T250
G1 X65.836 Y19.843 F21000
M204 T7000
;TYPE:External perimeter
G1 F3000
G1 X65.775 Y19.974 E.00575
G1 F2999.998
G1 X65.775 Y27.575 E.30223
G1 X64.025 Y27.575 E.06958
G1 X64.025 Y18.974 E.34199
G1 F3000
G1 X63.986 Y18.856 E.00494
G1 X63.826 Y18.775 E.00713
G1 F2999.998
G1 X5.225 Y18.775 E2.33009
G1 X5.225 Y5.225 E.53877
G1 X10.775 Y5.225 E.22068
M73 Q88 S2
G1 X10.775 Y15.026 E.38971
G1 F3000
G1 X10.845 Y15.177 E.00662
G1 X10.974 Y15.225 E.00547
G1 F2999.998
G1 X95.026 Y15.225 E3.34207
G1 F3000
G1 X95.155 Y15.177 E.00547
G1 X95.225 Y15.026 E.00662
G1 F2999.998
G1 X95.225 Y5.225 E.38971
G1 X100.775 Y5.225 E.22068
G1 X100.775 Y18.775 E.53877
G1 X71.774 Y18.775 E1.15314
G1 F3000
G1 X71.614 Y18.856 E.00713
G1 X71.575 Y18.974 E.00494
G1 F2999.998
G1 X71.575 Y27.575 E.34199
G1 X69.825 Y27.575 E.06958
G1 X69.825 Y19.974 E.30223
G1 F3000
G1 X69.754 Y19.822 E.00667
G1 X69.626 Y19.775 E.00542
G1 X65.974 Y19.775 E.14521
G1 X65.881 Y19.809 E.00394
G1 E-.16 F2700
;WIPE_START
G1 F16800
G1 X65.836 Y19.843 E-.00861
G1 X65.775 Y19.974 E-.02206
G1 X65.775 Y23.965 E-.60933
;WIPE_END
G1 X68.96 Y18.444 Z5.111 F21000
G1 Z5 F720
G1 E.8 F1500
;TYPE:Internal infill
;WIDTH:0.45
G1 F7200
G1 X69.155 Y18.64 E.01099
G1 E-.16 F2700
;WIPE_START
G1 F16800
G1 X68.96 Y18.444 E-.04221
;WIPE_END
G1 E-.59779 F2700
G1 X96.156 Y8.293 Z5.507 F21000
G1 X98.159 Y7.545 Z5.54
G1 X99.82 Y6.925 Z5.562
G1 Z5 F720
G1 E.8 F1500
;TYPE:Top solid infill
;WIDTH:0.420299
G1 F4800
G1 X99.075 Y6.18 E.03877
G1 X98.553 Y6.18 F21000
G1 F4800
G1 X99.82 Y7.447 E.06594
G1 X99.82 Y7.969 F21000
G1 F4800
G1 X98.031 Y6.18 E.0931
G1 X97.51 Y6.18 F21000
G1 F4800
G1 X99.82 Y8.49 E.12021
G1 X99.82 Y9.012 F21000
G1 F4800
G1 X96.988 Y6.18 E.14738
G1 X96.467 Y6.18 F21000
G1 F4800
G1 X99.82 Y9.533 E.17449
G1 X99.82 Y10.055 F21000
G1 F4800
G1 X96.18 Y6.415 E.18943
G1 X96.18 Y6.936 F21000
G1 F4800
G1 X99.82 Y10.576 E.18943
G1 X99.82 Y11.098 F21000
G1 F4800
G1 X96.18 Y7.458 E.18943
G1 X96.18 Y7.979 F21000
G1 F4800
G1 X99.82 Y11.619 E.18943
G1 X99.82 Y12.141 F21000
G1 F4800
G1 X96.18 Y8.501 E.18943
G1 X96.18 Y9.022 F21000
G1 F4800
G1 X99.82 Y12.663 E.18946
G1 X99.82 Y13.184 F21000
G1 F4800
G1 X96.18 Y9.544 E.18943
G1 X96.18 Y10.065 F21000
G1 F4800
G1 X99.82 Y13.706 E.18946
G1 X99.82 Y14.227 F21000
G1 F4800
G1 X96.18 Y10.587 E.18943
G1 X96.18 Y11.109 F21000
G1 F4800
G1 X99.82 Y14.749 E.18943
G1 X99.82 Y15.27 F21000
G1 F4800
G1 X96.18 Y11.63 E.18943
G1 X96.18 Y12.152 F21000
G1 F4800
G1 X99.82 Y15.792 E.18943
G1 X99.82 Y16.313 F21000
G1 F4800
G1 X96.18 Y12.673 E.18943
G1 X96.18 Y13.195 F21000
G1 F4800
G1 X99.82 Y16.835 E.18943
G1 X99.82 Y17.357 F21000
G1 F4800
G1 X96.18 Y13.716 E.18946
G1 X96.18 Y14.238 F21000
G1 F4800
G1 X99.762 Y17.82 E.18641
G1 X99.241 Y17.82 F21000
G1 F4800
G1 X96.18 Y14.759 E.1593
G1 X96.155 Y15.256 F21000
G1 F4800
G1 X98.719 Y17.82 E.13343
G1 X98.198 Y17.82 F21000
M73 P88 R1
G1 F4800
G1 X96.007 Y15.63 E.114
G1 X95.765 Y15.909 F21000
G1 F4800
G1 X97.676 Y17.82 E.09945
G1 X97.154 Y17.82 F21000
G1 F4800
G1 X95.437 Y16.103 E.08935
G1 X94.993 Y16.18 F21000
G1 F4800
G1 X96.633 Y17.82 E.08535
G1 X96.111 Y17.82 F21000
G1 F4800
G1 X94.471 Y16.18 E.08535
G1 X93.949 Y16.18 F21000
G1 F4800
G1 X95.59 Y17.82 E.08537
G1 X95.068 Y17.82 F21000
G1 F4800
G1 X93.428 Y16.18 E.08535
G1 X92.906 Y16.18 F21000
G1 F4800
G1 X94.547 Y17.82 E.08537
G1 X94.025 Y17.82 F21000
G1 F4800
G1 X92.385 Y16.18 E.08535
G1 X91.863 Y16.18 F21000
G1 F4800
G1 X93.504 Y17.82 E.08537
G1 X92.982 Y17.82 F21000
G1 F4800
G1 X91.342 Y16.18 E.08535
G1 X90.82 Y16.18 F21000
G1 F4800
G1 X92.46 Y17.82 E.08535
G1 X91.939 Y17.82 F21000
G1 F4800
G1 X90.299 Y16.18 E.08535
G1 X89.777 Y16.18 F21000
G1 F4800
G1 X91.417 Y17.82 E.08535
G1 X90.896 Y17.82 F21000
G1 F4800
G1 X89.255 Y16.18 E.08537
G1 X88.734 Y16.18 F21000
G1 F4800
G1 X90.374 Y17.82 E.08535
G1 X89.853 Y17.82 F21000
G1 F4800
G1 X88.212 Y16.18 E.08537
G1 X87.691 Y16.18 F21000
G1 F4800
G1 X89.331 Y17.82 E.08535
G1 X88.81 Y17.82 F21000
G1 F4800
G1 X87.169 Y16.18 E.08537
G1 X86.648 Y16.18 F21000
G1 F4800
G1 X88.288 Y17.82 E.08535
G1 X87.766 Y17.82 F21000
G1 F4800
G1 X86.126 Y16.18 E.08535
G1 X85.605 Y16.18 F21000
G1 F4800
G1 X87.245 Y17.82 E.08535
G1 X86.723 Y17.82 F21000
G1 F4800
G1 X85.083 Y16.18 E.08535
G1 X84.561 Y16.18 F21000
G1 F4800
G1 X86.202 Y17.82 E.08537
G1 X85.68 Y17.82 F21000
G1 F4800
G1 X84.04 Y16.18 E.08535
G1 X83.518 Y16.18 F21000
G1 F4800
G1 X85.159 Y17.82 E.08537
G1 X84.637 Y17.82 F21000
G1 F4800
G1 X82.997 Y16.18 E.08535
G1 X82.475 Y16.18 F21000
G1 F4800
G1 X84.116 Y17.82 E.08537
G1 X83.594 Y17.82 F21000
G1 F4800
G1 X81.954 Y16.18 E.08535
G1 X81.432 Y16.18 F21000
G1 F4800
G1 X83.072 Y17.82 E.08535
G1 X82.551 Y17.82 F21000
G1 F4800
G1 X80.911 Y16.18 E.08535
G1 X80.389 Y16.18 F21000
G1 F4800
G1 X82.029 Y17.82 E.08535
G1 X81.508 Y17.82 F21000
G1 F4800
G1 X79.867 Y16.18 E.08537
G1 X79.346 Y16.18 F21000
G1 F4800
G1 X80.986 Y17.82 E.08535
G1 X80.465 Y17.82 F21000
G1 F4800
G1 X78.824 Y16.18 E.08537
G1 X78.303 Y16.18 F21000
G1 F4800
G1 X79.943 Y17.82 E.08535
G1 X79.422 Y17.82 F21000
G1 F4800
G1 X77.781 Y16.18 E.08537
G1 X77.26 Y16.18 F21000
G1 F4800
G1 X78.9 Y17.82 E.08535
G1 X78.378 Y17.82 F21000
G1 F4800
G1 X76.738 Y16.18 E.08535
G1 X76.217 Y16.18 F21000
G1 F4800
G1 X77.857 Y17.82 E.08535
G1 X77.335 Y17.82 F21000
G1 F4800
G1 X75.695 Y16.18 E.08535
G1 X75.174 Y16.18 F21000
G1 F4800
G1 X76.814 Y17.82 E.08535
G1 X76.292 Y17.82 F21000
G1 F4800
G1 X74.652 Y16.18 E.08535
G1 X74.13 Y16.18 F21000
G1 F4800
G1 X75.771 Y17.82 E.08537
G1 X75.249 Y17.82 F21000
G1 F4800
G1 X73.609 Y16.18 E.08535
G1 X73.087 Y16.18 F21000
M73 Q88 S1
G1 F4800
G1 X74.728 Y17.82 E.08537
G1 X74.206 Y17.82 F21000
G1 F4800
G1 X72.566 Y16.18 E.08535
G1 X72.044 Y16.18 F21000
G1 F4800
G1 X73.684 Y17.82 E.08535
G1 X73.163 Y17.82 F21000
G1 F4800
G1 X71.523 Y16.18 E.08535
G1 X71.001 Y16.18 F21000
G1 F4800
G1 X72.641 Y17.82 E.08535
G1 X72.12 Y17.82 F21000
M73 Q89 S1
G1 F4800
G1 X70.48 Y16.18 E.08535
G1 X69.958 Y16.18 F21000
G1 F4800
G1 X71.612 Y17.834 E.08608
G1 X71.221 Y17.965 F21000
G1 F4800
G1 X69.436 Y16.18 E.09289
G1 X68.915 Y16.18 F21000
G1 F4800
G1 X70.942 Y18.207 E.10549
G1 X70.44 Y18.227 F21000
G1 F4800
G1 X68.393 Y16.18 E.10653
G1 X67.872 Y16.18 F21000
G1 F4800
G1 X69.919 Y18.227 E.10653
G1 X69.397 Y18.227 F21000
G1 F4800
G1 X67.35 Y16.18 E.10653
G1 X66.829 Y16.18 F21000
G1 F4800
G1 X68.875 Y18.227 E.1065
G1 X68.354 Y18.227 F21000
G1 F4800
G1 X66.307 Y16.18 E.10653
G1 X65.786 Y16.18 F21000
G1 F4800
G1 X67.832 Y18.227 E.1065
G1 X67.311 Y18.227 F21000
G1 F4800
G1 X65.264 Y16.18 E.10653
G1 X64.742 Y16.18 F21000
G1 F4800
G1 X66.789 Y18.227 E.10653
G1 X66.268 Y18.227 F21000
G1 F4800
G1 X64.221 Y16.18 E.10653
G1 X63.699 Y16.18 F21000
G1 F4800
G1 X65.746 Y18.227 E.10653
G1 X65.225 Y18.227 F21000
G1 F4800
G1 X63.178 Y16.18 E.10653
G1 X62.656 Y16.18 F21000
G1 F4800
G1 X64.872 Y18.396 E.11532
G1 X63.775 Y17.82 F21000
G1 F4800
G1 X62.135 Y16.18 E.08535
G1 X61.613 Y16.18 F21000
G1 F4800
G1 X63.253 Y17.82 E.08535
G1 X62.732 Y17.82 F21000
G1 F4800
G1 X61.092 Y16.18 E.08535
G1 X60.57 Y16.18 F21000
G1 F4800
G1 X62.21 Y17.82 E.08535
G1 X61.689 Y17.82 F21000
G1 F4800
G1 X60.048 Y16.18 E.08537
G1 X59.527 Y16.18 F21000
G1 F4800
G1 X61.167 Y17.82 E.08535
G1 X60.646 Y17.82 F21000
G1 F4800
G1 X59.005 Y16.18 E.08537
G1 X58.484 Y16.18 F21000
G1 F4800
G1 X60.124 Y17.82 E.08535
G1 X59.602 Y17.82 F21000
G1 F4800
G1 X57.962 Y16.18 E.08535
G1 X57.441 Y16.18 F21000
G1 F4800
G1 X59.081 Y17.82 E.08535
G1 X58.559 Y17.82 F21000
G1 F4800
G1 X56.919 Y16.18 E.08535
G1 X56.398 Y16.18 F21000
G1 F4800
G1 X58.038 Y17.82 E.08535
G1 X57.516 Y17.82 F21000
G1 F4800
G1 X55.876 Y16.18 E.08535
G1 X55.354 Y16.18 F21000
G1 F4800
G1 X56.995 Y17.82 E.08537
G1 X56.473 Y17.82 F21000
G1 F4800
G1 X54.833 Y16.18 E.08535
G1 X54.311 Y16.18 F21000
G1 F4800
G1 X55.952 Y17.82 E.08537
G1 X55.43 Y17.82 F21000
G1 F4800
G1 X53.79 Y16.18 E.08535
G1 X53.268 Y16.18 F21000
G1 F4800
G1 X54.908 Y17.82 E.08535
G1 X54.387 Y17.82 F21000
G1 F4800
G1 X52.747 Y16.18 E.08535
G1 X52.225 Y16.18 F21000
G1 F4800
G1 X53.865 Y17.82 E.08535
G1 X53.344 Y17.82 F21000
G1 F4800
G1 X51.704 Y16.18 E.08535
G1 X51.182 Y16.18 F21000
G1 F4800
G1 X52.822 Y17.82 E.08535
G1 X52.301 Y17.82 F21000
G1 F4800
G1 X50.66 Y16.18 E.08537
G1 X50.139 Y16.18 F21000
G1 F4800
G1 X51.779 Y17.82 E.08535
G1 X51.258 Y17.82 F21000
G1 F4800
G1 X49.617 Y16.18 E.08537
G1 X49.096 Y16.18 F21000
G1 F4800
G1 X50.736 Y17.82 E.08535
G1 X50.214 Y17.82 F21000
G1 F4800
G1 X48.574 Y16.18 E.08535
G1 X48.053 Y16.18 F21000
G1 F4800
G1 X49.693 Y17.82 E.08535
G1 X49.171 Y17.82 F21000
G1 F4800
G1 X47.531 Y16.18 E.08535
G1 X47.01 Y16.18 F21000
G1 F4800
G1 X48.65 Y17.82 E.08535
G1 X48.128 Y17.82 F21000
G1 F4800
G1 X46.488 Y16.18 E.08535
G1 X45.966 Y16.18 F21000
G1 F4800
G1 X47.607 Y17.82 E.08537
G1 X47.085 Y17.82 F21000
G1 F4800
G1 X45.445 Y16.18 E.08535
G1 X44.923 Y16.18 F21000
G1 F4800
G1 X46.564 Y17.82 E.08537
G1 X46.042 Y17.82 F21000
G1 F4800
G1 X44.402 Y16.18 E.08535
G1 X43.88 Y16.18 F21000
G1 F4800
G1 X45.52 Y17.82 E.08535
G1 X44.999 Y17.82 F21000
G1 F4800
G1 X43.359 Y16.18 E.08535
G1 X42.837 Y16.18 F21000
G1 F4800
G1 X44.477 Y17.82 E.08535
G1 X43.956 Y17.82 F21000
G1 F4800
G1 X42.316 Y16.18 E.08535
G1 X41.794 Y16.18 F21000
G1 F4800
G1 X43.434 Y17.82 E.08535
G1 X42.913 Y17.82 F21000
G1 F4800
G1 X41.272 Y16.18 E.08537
G1 X40.751 Y16.18 F21000
G1 F4800
G1 X42.391 Y17.82 E.08535
G1 X41.87 Y17.82 F21000
G1 F4800
G1 X40.229 Y16.18 E.08537
G1 X39.708 Y16.18 F21000
G1 F4800
G1 X41.348 Y17.82 E.08535
G1 X40.826 Y17.82 F21000
G1 F4800
G1 X39.186 Y16.18 E.08535
G1 X38.665 Y16.18 F21000
G1 F4800
G1 X40.305 Y17.82 E.08535
G1 X39.783 Y17.82 F21000
G1 F4800
G1 X38.143 Y16.18 E.08535
G1 X37.622 Y16.18 F21000
G1 F4800
G1 X39.262 Y17.82 E.08535
G1 X38.74 Y17.82 F21000
G1 F4800
G1 X37.1 Y16.18 E.08535
G1 X36.578 Y16.18 F21000
G1 F4800
G1 X38.219 Y17.82 E.08537
G1 X37.697 Y17.82 F21000
G1 F4800
G1 X36.057 Y16.18 E.08535
G1 X35.535 Y16.18 F21000
G1 F4800
G1 X37.176 Y17.82 E.08537
G1 X36.654 Y17.82 F21000
G1 F4800
G1 X35.014 Y16.18 E.08535
G1 X34.492 Y16.18 F21000
G1 F4800
G1 X36.132 Y17.82 E.08535
G1 X35.611 Y17.82 F21000
G1 F4800
G1 X33.971 Y16.18 E.08535
G1 X33.449 Y16.18 F21000
G1 F4800
G1 X35.089 Y17.82 E.08535
G1 X34.568 Y17.82 F21000
G1 F4800
G1 X32.928 Y16.18 E.08535
G1 X32.406 Y16.18 F21000
G1 F4800
G1 X34.046 Y17.82 E.08535
G1 X33.525 Y17.82 F21000
G1 F4800
G1 X31.884 Y16.18 E.08537
G1 X31.363 Y16.18 F21000
G1 F4800
G1 X33.003 Y17.82 E.08535
G1 X32.482 Y17.82 F21000
G1 F4800
G1 X30.841 Y16.18 E.08537
G1 X30.32 Y16.18 F21000
G1 F4800
G1 X31.96 Y17.82 E.08535
G1 X31.438 Y17.82 F21000
G1 F4800
G1 X29.798 Y16.18 E.08535
G1 X29.277 Y16.18 F21000
G1 F4800
G1 X30.917 Y17.82 E.08535
G1 X30.395 Y17.82 F21000
G1 F4800
G1 X28.755 Y16.18 E.08535
G1 X28.234 Y16.18 F21000
G1 F4800
G1 X29.874 Y17.82 E.08535
G1 X29.352 Y17.82 F21000
G1 F4800
G1 X27.712 Y16.18 E.08535
G1 X27.19 Y16.18 F21000
G1 F4800
G1 X28.831 Y17.82 E.08537
G1 X28.309 Y17.82 F21000
G1 F4800
G1 X26.669 Y16.18 E.08535
G1 X26.147 Y16.18 F21000
G1 F4800
G1 X27.788 Y17.82 E.08537
G1 X27.266 Y17.82 F21000
G1 F4800
G1 X25.626 Y16.18 E.08535
G1 X25.104 Y16.18 F21000
G1 F4800
G1 X26.744 Y17.82 E.08535
G1 X26.223 Y17.82 F21000
G1 F4800
G1 X24.583 Y16.18 E.08535
G1 X24.061 Y16.18 F21000
G1 F4800
G1 X25.701 Y17.82 E.08535
G1 X25.18 Y17.82 F21000
G1 F4800
G1 X23.54 Y16.18 E.08535
G1 X23.018 Y16.18 F21000
G1 F4800
G1 X24.658 Y17.82 E.08535
G1 X24.137 Y17.82 F21000
G1 F4800
G1 X22.496 Y16.18 E.08537
G1 X21.975 Y16.18 F21000
G1 F4800
G1 X23.615 Y17.82 E.08535
G1 X23.094 Y17.82 F21000
G1 F4800
G1 X21.453 Y16.18 E.08537
G1 X20.932 Y16.18 F21000
G1 F4800
G1 X22.572 Y17.82 E.08535
G1 X22.05 Y17.82 F21000
G1 F4800
G1 X20.41 Y16.18 E.08535
G1 X19.889 Y16.18 F21000
G1 F4800
G1 X21.529 Y17.82 E.08535
G1 X21.007 Y17.82 F21000
G1 F4800
G1 X19.367 Y16.18 E.08535
G1 X18.846 Y16.18 F21000
G1 F4800
G1 X20.486 Y17.82 E.08535
G1 X19.964 Y17.82 F21000
G1 F4800
G1 X18.324 Y16.18 E.08535
G1 X17.802 Y16.18 F21000
G1 F4800
G1 X19.443 Y17.82 E.08537
G1 X18.921 Y17.82 F21000
G1 F4800
G1 X17.281 Y16.18 E.08535
G1 X16.759 Y16.18 F21000
G1 F4800
G1 X18.4 Y17.82 E.08537
G1 X17.878 Y17.82 F21000
G1 F4800
G1 X16.238 Y16.18 E.08535
G1 X15.716 Y16.18 F21000
G1 F4800
G1 X17.356 Y17.82 E.08535
G1 X16.835 Y17.82 F21000
G1 F4800
G1 X15.195 Y16.18 E.08535
G1 X14.673 Y16.18 F21000
G1 F4800
G1 X16.313 Y17.82 E.08535
G1 X15.792 Y17.82 F21000
G1 F4800
G1 X14.152 Y16.18 E.08535
G1 X13.63 Y16.18 F21000
G1 F4800
G1 X15.27 Y17.82 E.08535
G1 X14.749 Y17.82 F21000
G1 F4800
G1 X13.108 Y16.18 E.08537
G1 X12.587 Y16.18 F21000
G1 F4800
G1 X14.227 Y17.82 E.08535
G1 X13.706 Y17.82 F21000
G1 F4800
G1 X12.065 Y16.18 E.08537
G1 X11.544 Y16.18 F21000
G1 F4800
G1 X13.184 Y17.82 E.08535
G1 X12.662 Y17.82 F21000
G1 F4800
G1 X11.022 Y16.18 E.08535
G1 E-.16 F2700
;WIPE_START
G1 F16800
G1 X12.662 Y17.82 E-.35411
;WIPE_END
G1 E-.28589 F2700
G1 X9.82 Y6.633 Z5.201 F21000
G1 Z5 F720
G1 E.8 F1500
G1 F4800
G1 X9.367 Y6.18 E.02357
G1 X8.846 Y6.18 F21000
G1 F4800
G1 X9.82 Y7.154 E.05069
G1 X9.82 Y7.676 F21000
G1 F4800
G1 X8.324 Y6.18 E.07785
G1 X7.802 Y6.18 F21000
G1 F4800
G1 X9.82 Y8.198 E.10502
G1 X9.82 Y8.719 F21000
G1 F4800
G1 X7.281 Y6.18 E.13213
G1 X6.759 Y6.18 F21000
G1 F4800
G1 X9.82 Y9.241 E.1593
G1 X9.82 Y9.762 F21000
M73 P89 R1
G1 F4800
G1 X6.238 Y6.18 E.18641
G1 X6.18 Y6.644 F21000
G1 F4800
G1 X9.82 Y10.284 E.18943
G1 X9.82 Y10.805 F21000
G1 F4800
G1 X6.18 Y7.165 E.18943
G1 X6.18 Y7.687 F21000
G1 F4800
G1 X9.82 Y11.327 E.18943
G1 X9.82 Y11.848 F21000
G1 F4800
G1 X6.18 Y8.208 E.18943
G1 X6.18 Y8.73 F21000
G1 F4800
G1 X9.82 Y12.37 E.18943
G1 X9.82 Y12.892 F21000
G1 F4800
G1 X6.18 Y9.251 E.18946
G1 X6.18 Y9.773 F21000
G1 F4800
G1 X9.82 Y13.413 E.18943
G1 X9.82 Y13.935 F21000
G1 F4800
G1 X6.18 Y10.294 E.18946
G1 X6.18 Y10.816 F21000
G1 F4800
G1 X9.82 Y14.456 E.18943
G1 X9.82 Y14.978 F21000
G1 F4800
G1 X6.18 Y11.338 E.18943
G1 X6.18 Y11.859 F21000
G1 F4800
M73 Q90 S1
G1 X12.141 Y17.82 E.31022
G1 X11.619 Y17.82 F21000
G1 F4800
G1 X6.18 Y12.381 E.28305
G1 X6.18 Y12.902 F21000
G1 F4800
G1 X11.098 Y17.82 E.25594
G1 X10.576 Y17.82 F21000
G1 F4800
G1 X6.18 Y13.424 E.22877
G1 X6.18 Y13.945 F21000
G1 F4800
G1 X10.055 Y17.82 E.20166
G1 X9.533 Y17.82 F21000
G1 F4800
G1 X6.18 Y14.467 E.17449
G1 X6.18 Y14.988 F21000
G1 F4800
G1 X9.012 Y17.82 E.14738
G1 X8.49 Y17.82 F21000
G1 F4800
G1 X6.18 Y15.51 E.12021
G1 X6.18 Y16.031 F21000
G1 F4800
G1 X7.969 Y17.82 E.0931
G1 X7.447 Y17.82 F21000
G1 F4800
G1 X6.18 Y16.553 E.06594
G1 X6.18 Y17.075 F21000
G1 F4800
G1 X6.925 Y17.82 E.03877
M106 S255
;LAYER_CHANGE
;Z:5.24
;HEIGHT:0.24
;BEFORE_LAYER_CHANGE
G92 E0.0
;5.24


G1 E-.16 F2700
;WIPE_START
G1 F16800
G1 X6.18 Y17.075 E-.16086
;WIPE_END
G1 E-.47914 F2700
G1 X6.18 Y17.075 Z5 F21000
G1 X34.826 Y21.77 Z5.507
G1 X36.936 Y22.116 Z5.54
G1 X39.046 Y22.462 Z5.566
G1 X41.156 Y22.808 Z5.585
G1 X45.377 Y23.5 Z5.6
G1 X64.9 Y26.7 Z5.6
;AFTER_LAYER_CHANGE
;5.24
G1 Z5.24 F720
G1 E.8 F1500
;TYPE:Perimeter
;WIDTH:0.60602
G1 F1200
G1 X64.9 Y19.974 E.37215
G1 E-.16 F2700
;WIPE_START
G1 F16800
G1 X64.9 Y24.166 E-.64
;WIPE_END
G1 X70.7 Y26.7 Z5.35 F21000
G1 Z5.24 F720
G1 E.8 F1500
;WIDTH:0.606024
G1 F1200
G1 X70.7 Y19.974 E.37215
G1 E-.16 F2700
;WIPE_START
G1 F16800
G1 X70.7 Y24.166 E-.64
;WIPE_END
G1 X65.29 Y19.289 Z5.367 F21000
G1 Z5.24 F720
G1 E.8 F1500
;WIDTH:0.449999
G1 F1200
G1 X65.172 Y19.384 E.00602
;WIDTH:0.489005
G1 X65.104 Y19.531 E.00707
;WIDTH:0.52801
G1 X65.036 Y19.679 E.00774
;WIDTH:0.567015
G1 X64.968 Y19.827 E.00838
;WIDTH:0.60602
G1 X64.9 Y19.974 E.00896
G1 X64.88 Y19.798 E.0098
;WIDTH:0.567015
G1 X64.861 Y19.622 E.00911
;WIDTH:0.52801
G1 X64.841 Y19.445 E.00847
;WIDTH:0.489005
G1 X64.822 Y19.269 E.00773
;WIDTH:0.449999
G1 X64.822 Y18.022 E.04958
G1 X69.066 E.16876
G1 F3000
G1 X70.778 E.06806
G1 F3000
G1 X70.778 Y19.269 E.04958
;WIDTH:0.489006
G1 X70.759 Y19.445 E.00773
;WIDTH:0.528012
G1 X70.739 Y19.622 E.00847
;WIDTH:0.567018
G1 X70.72 Y19.798 E.00911
;WIDTH:0.606024
G1 X70.7 Y19.974 E.0098
G1 X70.632 Y19.827 E.00896
;WIDTH:0.567018
G1 X70.564 Y19.679 E.00838
;WIDTH:0.528012
G1 X70.496 Y19.531 E.00774
;WIDTH:0.489006
G1 X70.428 Y19.384 E.00707
;WIDTH:0.449999
G1 X70.022 Y19.06 E.02065
G1 X69.626 Y18.978 E.01608
G1 X65.974 Y18.978 E.14521
G1 X65.578 Y19.06 E.01608
G1 X65.337 Y19.252 E.01225
G1 X65.565 Y19.562 F21000
G1 F1200
G1 X65.493 Y19.62 E.00368
G1 X65.377 Y19.974 E.01481
G1 X65.377 Y27.177 E.28641
G1 X64.423 Y27.177 E.03793
G1 X64.423 Y17.623 E.37989
G1 X71.177 Y17.623 E.26855
G1 X71.177 Y27.177 E.37989
G1 X70.223 Y27.177 E.03793
G1 X70.223 Y19.974 E.28641
G1 X70.107 Y19.62 E.01481
G1 X69.863 Y19.426 E.01239
G1 X69.626 Y19.377 E.00962
G1 X65.974 Y19.377 E.14521
G1 X65.737 Y19.426 E.00962
G1 X65.612 Y19.525 E.00634
M204 T250
G1 X65.845 Y19.84 F21000
M204 T7000
;TYPE:External perimeter
G1 F1200
G1 X65.814 Y19.856 E.00139
G1 X65.775 Y19.974 E.00494
G1 X65.775 Y27.575 E.30223
G1 X64.025 Y27.575 E.06958
G1 X64.025 Y17.225 E.41154
G1 X71.575 Y17.225 E.3002
G1 X71.575 Y27.575 E.41154
G1 X69.825 Y27.575 E.06958
G1 X69.825 Y19.974 E.30223
G1 X69.786 Y19.856 E.00494
G1 X69.626 Y19.775 E.00713
G1 X65.974 Y19.775 E.14521
G1 X65.899 Y19.813 E.00334
G1 E-.16 F2700
;WIPE_START
G1 F16800
G1 X65.845 Y19.84 E-.00922
G1 X65.814 Y19.856 E-.00533
G1 X65.775 Y19.974 E-.01897
G1 X65.775 Y23.946 E-.60648
;WIPE_END
G1 X68.876 Y18.361 Z5.352 F21000
G1 Z5.24 F720
G1 E.8 F1500
;TYPE:Internal infill
;WIDTH:0.45
G1 F7200
G1 X69.155 Y18.639 E.01566
;LAYER_CHANGE
;Z:5.48
;HEIGHT:0.24
;BEFORE_LAYER_CHANGE
G92 E0.0
;5.48


G1 E-.16 F2700
;WIPE_START
G1 F16800
G1 X68.876 Y18.361 E-.06013
;WIPE_END
G1 E-.57987 F2700
G1 X68.876 Y18.361 Z5.24 F21000
G1 X64.9 Y26.7 Z5.48
;AFTER_LAYER_CHANGE
;5.48
G1 Z5.48 F720
G1 E.8 F1500
;TYPE:Perimeter
;WIDTH:0.60602
G1 F1200
G1 X64.9 Y19.974 E.37215
G1 E-.16 F2700
M73 P90 R1
;WIPE_START
G1 F16800
G1 X64.9 Y24.166 E-.64
;WIPE_END
G1 X70.7 Y26.7 Z5.59 F21000
G1 Z5.48 F720
G1 E.8 F1500
;WIDTH:0.606024
G1 F1200
G1 X70.7 Y19.974 E.37215
G1 E-.16 F2700
;WIPE_START
G1 F16800
G1 X70.7 Y24.166 E-.64
;WIPE_END
G1 X65.29 Y19.289 Z5.607 F21000
G1 Z5.48 F720
G1 E.8 F1500
;WIDTH:0.449999
G1 F1200
G1 X65.172 Y19.384 E.00602
;WIDTH:0.489005
G1 X65.104 Y19.531 E.00707
;WIDTH:0.52801
G1 X65.036 Y19.679 E.00774
;WIDTH:0.567015
G1 X64.968 Y19.827 E.00838
;WIDTH:0.60602
G1 X64.9 Y19.974 E.00896
G1 X64.88 Y19.798 E.0098
;WIDTH:0.567015
G1 X64.861 Y19.622 E.00911
;WIDTH:0.52801
G1 X64.841 Y19.445 E.00847
;WIDTH:0.489005
G1 X64.822 Y19.269 E.00773
;WIDTH:0.449999
G1 X64.822 Y18.022 E.04958
G1 X69.066 E.16876
G1 F3000
G1 X70.778 E.06806
G1 X70.778 Y19.269 E.04958
;WIDTH:0.489006
G1 F3000
M73 Q91 S1
G1 X70.759 Y19.445 E.00773
;WIDTH:0.528012
G1 X70.739 Y19.622 E.00847
;WIDTH:0.567018
G1 X70.72 Y19.798 E.00911
;WIDTH:0.606024
G1 X70.7 Y19.974 E.0098
G1 X70.632 Y19.827 E.00896
;WIDTH:0.567018
G1 X70.564 Y19.679 E.00838
;WIDTH:0.528012
G1 X70.496 Y19.531 E.00774
;WIDTH:0.489006
G1 X70.428 Y19.384 E.00707
;WIDTH:0.449999
G1 X70.022 Y19.06 E.02065
G1 X69.626 Y18.978 E.01608
G1 X65.974 Y18.978 E.14521
G1 X65.578 Y19.06 E.01608
G1 X65.337 Y19.252 E.01225
G1 X65.565 Y19.562 F21000
G1 F1200
G1 X65.493 Y19.62 E.00368
G1 X65.377 Y19.974 E.01481
G1 X65.377 Y27.177 E.28641
G1 X64.423 Y27.177 E.03793
G1 X64.423 Y17.623 E.37989
G1 X71.177 Y17.623 E.26855
G1 X71.177 Y27.177 E.37989
G1 X70.223 Y27.177 E.03793
G1 X70.223 Y19.974 E.28641
G1 X70.107 Y19.62 E.01481
G1 X69.863 Y19.426 E.01239
G1 X69.626 Y19.377 E.00962
G1 X65.974 Y19.377 E.14521
G1 X65.737 Y19.426 E.00962
G1 X65.612 Y19.525 E.00634
M204 T250
G1 X65.845 Y19.84 F21000
M204 T7000
;TYPE:External perimeter
G1 F1200
G1 X65.814 Y19.856 E.00139
G1 X65.775 Y19.974 E.00494
G1 X65.775 Y27.575 E.30223
G1 X64.025 Y27.575 E.06958
G1 X64.025 Y17.225 E.41154
G1 X71.575 Y17.225 E.3002
G1 X71.575 Y27.575 E.41154
G1 X69.825 Y27.575 E.06958
G1 X69.825 Y19.974 E.30223
G1 X69.786 Y19.856 E.00494
G1 X69.626 Y19.775 E.00713
G1 X65.974 Y19.775 E.14521
G1 X65.899 Y19.813 E.00334
G1 E-.16 F2700
;WIPE_START
G1 F16800
G1 X65.845 Y19.84 E-.00922
G1 X65.814 Y19.856 E-.00533
G1 X65.775 Y19.974 E-.01897
G1 X65.775 Y23.946 E-.60648
;WIPE_END
G1 X68.876 Y18.361 Z5.592 F21000
G1 Z5.48 F720
G1 E.8 F1500
;TYPE:Internal infill
;WIDTH:0.45
G1 F7200
G1 X69.155 Y18.639 E.01566
;LAYER_CHANGE
;Z:5.72
;HEIGHT:0.24
;BEFORE_LAYER_CHANGE
G92 E0.0
;5.72


G1 E-.16 F2700
;WIPE_START
G1 F16800
G1 X68.876 Y18.361 E-.06013
;WIPE_END
G1 E-.57987 F2700
G1 X68.876 Y18.361 Z5.48 F21000
G1 X64.9 Y26.7 Z5.72
;AFTER_LAYER_CHANGE
;5.72
G1 Z5.72 F720
G1 E.8 F1500
;TYPE:Perimeter
;WIDTH:0.60602
G1 F1200
G1 X64.9 Y19.974 E.37215
G1 E-.16 F2700
;WIPE_START
G1 F16800
G1 X64.9 Y24.166 E-.64
;WIPE_END
G1 X70.7 Y26.7 Z5.83 F21000
G1 Z5.72 F720
G1 E.8 F1500
;WIDTH:0.606024
G1 F1200
G1 X70.7 Y19.974 E.37215
G1 E-.16 F2700
;WIPE_START
G1 F16800
G1 X70.7 Y24.166 E-.64
;WIPE_END
G1 X65.29 Y19.289 Z5.847 F21000
G1 Z5.72 F720
G1 E.8 F1500
;WIDTH:0.449999
G1 F1200
G1 X65.172 Y19.384 E.00602
;WIDTH:0.489005
G1 X65.104 Y19.531 E.00707
;WIDTH:0.52801
G1 X65.036 Y19.679 E.00774
;WIDTH:0.567015
G1 X64.968 Y19.827 E.00838
;WIDTH:0.60602
G1 X64.9 Y19.974 E.00896
G1 X64.88 Y19.798 E.0098
;WIDTH:0.567015
G1 X64.861 Y19.622 E.00911
;WIDTH:0.52801
G1 X64.841 Y19.445 E.00847
;WIDTH:0.489005
G1 X64.822 Y19.269 E.00773
;WIDTH:0.449999
G1 X64.822 Y18.022 E.04958
G1 X69.066 E.16876
G1 F3000
G1 X70.778 E.06806
G1 X70.778 Y19.269 E.04958
;WIDTH:0.489006
G1 F3000
G1 X70.759 Y19.445 E.00773
;WIDTH:0.528012
G1 X70.739 Y19.622 E.00847
;WIDTH:0.567018
G1 X70.72 Y19.798 E.00911
;WIDTH:0.606024
G1 X70.7 Y19.974 E.0098
G1 X70.632 Y19.827 E.00896
;WIDTH:0.567018
G1 X70.564 Y19.679 E.00838
;WIDTH:0.528012
G1 X70.496 Y19.531 E.00774
;WIDTH:0.489006
G1 X70.428 Y19.384 E.00707
;WIDTH:0.449999
G1 X70.022 Y19.06 E.02065
G1 X69.626 Y18.978 E.01608
G1 X65.974 Y18.978 E.14521
G1 X65.578 Y19.06 E.01608
G1 X65.337 Y19.252 E.01225
G1 X65.565 Y19.562 F21000
G1 F1200
G1 X65.493 Y19.62 E.00368
G1 X65.377 Y19.974 E.01481
G1 X65.377 Y27.177 E.28641
G1 X64.423 Y27.177 E.03793
G1 X64.423 Y17.623 E.37989
G1 X71.177 Y17.623 E.26855
M73 P91 R1
G1 X71.177 Y27.177 E.37989
G1 X70.223 Y27.177 E.03793
G1 X70.223 Y19.974 E.28641
G1 X70.107 Y19.62 E.01481
G1 X69.863 Y19.426 E.01239
G1 X69.626 Y19.377 E.00962
G1 X65.974 Y19.377 E.14521
G1 X65.737 Y19.426 E.00962
G1 X65.612 Y19.525 E.00634
M204 T250
G1 X65.845 Y19.84 F21000
M204 T7000
;TYPE:External perimeter
G1 F1200
G1 X65.814 Y19.856 E.00139
G1 X65.775 Y19.974 E.00494
G1 X65.775 Y27.575 E.30223
G1 X64.025 Y27.575 E.06958
G1 X64.025 Y17.225 E.41154
G1 X71.575 Y17.225 E.3002
M73 Q92 S1
G1 X71.575 Y27.575 E.41154
G1 X69.825 Y27.575 E.06958
G1 X69.825 Y19.974 E.30223
G1 X69.786 Y19.856 E.00494
G1 X69.626 Y19.775 E.00713
G1 X65.974 Y19.775 E.14521
G1 X65.899 Y19.813 E.00334
G1 E-.16 F2700
;WIPE_START
G1 F16800
G1 X65.845 Y19.84 E-.00922
G1 X65.814 Y19.856 E-.00533
G1 X65.775 Y19.974 E-.01897
G1 X65.775 Y23.946 E-.60648
;WIPE_END
G1 X68.876 Y18.361 Z5.832 F21000
G1 Z5.72 F720
G1 E.8 F1500
;TYPE:Internal infill
;WIDTH:0.45
G1 F7200
G1 X69.155 Y18.639 E.01566
;LAYER_CHANGE
;Z:5.96
;HEIGHT:0.24
;BEFORE_LAYER_CHANGE
G92 E0.0
;5.96


G1 E-.16 F2700
;WIPE_START
G1 F16800
G1 X68.876 Y18.361 E-.06013
;WIPE_END
G1 E-.57987 F2700
G1 X68.876 Y18.361 Z5.72 F21000
G1 X64.9 Y26.7 Z5.96
;AFTER_LAYER_CHANGE
;5.96
G1 Z5.96 F720
G1 E.8 F1500
;TYPE:Perimeter
;WIDTH:0.60602
G1 F1200
G1 X64.9 Y19.974 E.37215
G1 E-.16 F2700
;WIPE_START
G1 F16800
G1 X64.9 Y24.166 E-.64
;WIPE_END
G1 X70.7 Y26.7 Z6.07 F21000
G1 Z5.96 F720
G1 E.8 F1500
;WIDTH:0.606024
G1 F1200
G1 X70.7 Y19.974 E.37215
G1 E-.16 F2700
;WIPE_START
G1 F16800
G1 X70.7 Y24.166 E-.64
;WIPE_END
G1 X65.29 Y19.289 Z6.087 F21000
G1 Z5.96 F720
G1 E.8 F1500
;WIDTH:0.449999
G1 F1200
G1 X65.172 Y19.384 E.00602
;WIDTH:0.489005
G1 X65.104 Y19.531 E.00707
;WIDTH:0.52801
G1 X65.036 Y19.679 E.00774
;WIDTH:0.567015
G1 X64.968 Y19.827 E.00838
;WIDTH:0.60602
G1 X64.9 Y19.974 E.00896
G1 X64.88 Y19.798 E.0098
;WIDTH:0.567015
G1 X64.861 Y19.622 E.00911
;WIDTH:0.52801
G1 X64.841 Y19.445 E.00847
;WIDTH:0.489005
G1 X64.822 Y19.269 E.00773
;WIDTH:0.449999
G1 X64.822 Y18.022 E.04958
G1 X69.066 E.16876
G1 F3000
G1 X70.778 E.06806
G1 X70.778 Y19.269 E.04958
;WIDTH:0.489006
G1 F3000
G1 X70.759 Y19.445 E.00773
;WIDTH:0.528012
G1 X70.739 Y19.622 E.00847
;WIDTH:0.567018
G1 X70.72 Y19.798 E.00911
;WIDTH:0.606024
G1 X70.7 Y19.974 E.0098
G1 X70.632 Y19.827 E.00896
;WIDTH:0.567018
G1 X70.564 Y19.679 E.00838
;WIDTH:0.528012
G1 X70.496 Y19.531 E.00774
;WIDTH:0.489006
G1 X70.428 Y19.384 E.00707
;WIDTH:0.449999
G1 X70.022 Y19.06 E.02065
G1 X69.626 Y18.978 E.01608
G1 X65.974 Y18.978 E.14521
G1 X65.578 Y19.06 E.01608
G1 X65.337 Y19.252 E.01225
G1 X65.565 Y19.562 F21000
G1 F1200
G1 X65.493 Y19.62 E.00368
G1 X65.377 Y19.974 E.01481
G1 X65.377 Y27.177 E.28641
G1 X64.423 Y27.177 E.03793
G1 X64.423 Y17.623 E.37989
G1 X71.177 Y17.623 E.26855
G1 X71.177 Y27.177 E.37989
G1 X70.223 Y27.177 E.03793
G1 X70.223 Y19.974 E.28641
G1 X70.107 Y19.62 E.01481
G1 X69.863 Y19.426 E.01239
G1 X69.626 Y19.377 E.00962
G1 X65.974 Y19.377 E.14521
G1 X65.737 Y19.426 E.00962
G1 X65.612 Y19.525 E.00634
M204 T250
G1 X65.845 Y19.84 F21000
M204 T7000
;TYPE:External perimeter
G1 F1200
G1 X65.814 Y19.856 E.00139
G1 X65.775 Y19.974 E.00494
G1 X65.775 Y27.575 E.30223
G1 X64.025 Y27.575 E.06958
G1 X64.025 Y17.225 E.41154
G1 X71.575 Y17.225 E.3002
M73 P92 R1
G1 X71.575 Y27.575 E.41154
G1 X69.825 Y27.575 E.06958
G1 X69.825 Y19.974 E.30223
G1 X69.786 Y19.856 E.00494
G1 X69.626 Y19.775 E.00713
G1 X65.974 Y19.775 E.14521
G1 X65.899 Y19.813 E.00334
G1 E-.16 F2700
;WIPE_START
G1 F16800
G1 X65.845 Y19.84 E-.00922
G1 X65.814 Y19.856 E-.00533
G1 X65.775 Y19.974 E-.01897
G1 X65.775 Y23.946 E-.60648
;WIPE_END
G1 X68.876 Y18.361 Z6.072 F21000
G1 Z5.96 F720
G1 E.8 F1500
;TYPE:Internal infill
;WIDTH:0.45
G1 F7200
G1 X69.155 Y18.639 E.01566
;LAYER_CHANGE
;Z:6.2
;HEIGHT:0.24
;BEFORE_LAYER_CHANGE
G92 E0.0
;6.2


G1 E-.16 F2700
;WIPE_START
G1 F16800
G1 X68.876 Y18.361 E-.06013
;WIPE_END
G1 E-.57987 F2700
G1 X68.876 Y18.361 Z5.96 F21000
G1 X64.9 Y26.7 Z6.2
;AFTER_LAYER_CHANGE
;6.2
G1 Z6.2 F720
G1 E.8 F1500
;TYPE:Perimeter
;WIDTH:0.60602
G1 F1200
G1 X64.9 Y19.974 E.37215
G1 E-.16 F2700
;WIPE_START
G1 F16800
G1 X64.9 Y24.166 E-.64
;WIPE_END
G1 X70.7 Y26.7 Z6.31 F21000
G1 Z6.2 F720
G1 E.8 F1500
;WIDTH:0.606024
G1 F1200
G1 X70.7 Y19.974 E.37215
G1 E-.16 F2700
;WIPE_START
G1 F16800
G1 X70.7 Y24.166 E-.64
;WIPE_END
G1 X65.29 Y19.289 Z6.327 F21000
G1 Z6.2 F720
G1 E.8 F1500
;WIDTH:0.449999
G1 F1200
G1 X65.172 Y19.384 E.00602
;WIDTH:0.489005
G1 X65.104 Y19.531 E.00707
;WIDTH:0.52801
G1 X65.036 Y19.679 E.00774
;WIDTH:0.567015
G1 X64.968 Y19.827 E.00838
;WIDTH:0.60602
G1 X64.9 Y19.974 E.00896
G1 X64.88 Y19.798 E.0098
;WIDTH:0.567015
G1 X64.861 Y19.622 E.00911
;WIDTH:0.52801
G1 X64.841 Y19.445 E.00847
;WIDTH:0.489005
G1 X64.822 Y19.269 E.00773
;WIDTH:0.449999
G1 X64.822 Y18.022 E.04958
G1 X69.066 E.16876
G1 F3000
M73 Q93 S1
G1 X70.778 E.06806
G1 X70.778 Y19.269 E.04958
;WIDTH:0.489006
G1 F3000
G1 X70.759 Y19.445 E.00773
;WIDTH:0.528012
G1 X70.739 Y19.622 E.00847
;WIDTH:0.567018
G1 X70.72 Y19.798 E.00911
;WIDTH:0.606024
G1 X70.7 Y19.974 E.0098
G1 X70.632 Y19.827 E.00896
;WIDTH:0.567018
G1 X70.564 Y19.679 E.00838
;WIDTH:0.528012
G1 X70.496 Y19.531 E.00774
;WIDTH:0.489006
G1 X70.428 Y19.384 E.00707
;WIDTH:0.449999
G1 X70.022 Y19.06 E.02065
G1 X69.626 Y18.978 E.01608
G1 X65.974 Y18.978 E.14521
G1 X65.578 Y19.06 E.01608
G1 X65.337 Y19.252 E.01225
G1 X65.565 Y19.562 F21000
G1 F1200
G1 X65.493 Y19.62 E.00368
G1 X65.377 Y19.974 E.01481
G1 X65.377 Y27.177 E.28641
G1 X64.423 Y27.177 E.03793
G1 X64.423 Y17.623 E.37989
G1 X71.177 Y17.623 E.26855
G1 X71.177 Y27.177 E.37989
G1 X70.223 Y27.177 E.03793
G1 X70.223 Y19.974 E.28641
G1 X70.107 Y19.62 E.01481
G1 X69.863 Y19.426 E.01239
G1 X69.626 Y19.377 E.00962
G1 X65.974 Y19.377 E.14521
G1 X65.737 Y19.426 E.00962
G1 X65.612 Y19.525 E.00634
M204 T250
G1 X65.845 Y19.84 F21000
M204 T7000
;TYPE:External perimeter
G1 F1200
G1 X65.814 Y19.856 E.00139
G1 X65.775 Y19.974 E.00494
G1 X65.775 Y27.575 E.30223
G1 X64.025 Y27.575 E.06958
G1 X64.025 Y17.225 E.41154
G1 X71.575 Y17.225 E.3002
G1 X71.575 Y27.575 E.41154
G1 X69.825 Y27.575 E.06958
G1 X69.825 Y19.974 E.30223
G1 X69.786 Y19.856 E.00494
G1 X69.626 Y19.775 E.00713
G1 X65.974 Y19.775 E.14521
G1 X65.899 Y19.813 E.00334
G1 E-.16 F2700
;WIPE_START
G1 F16800
G1 X65.845 Y19.84 E-.00922
G1 X65.814 Y19.856 E-.00533
G1 X65.775 Y19.974 E-.01897
G1 X65.775 Y23.946 E-.60648
;WIPE_END
G1 X68.876 Y18.361 Z6.312 F21000
G1 Z6.2 F720
G1 E.8 F1500
;TYPE:Internal infill
;WIDTH:0.45
G1 F7200
G1 X69.155 Y18.639 E.01566
M106 S252.45
;LAYER_CHANGE
;Z:6.44
;HEIGHT:0.24
;BEFORE_LAYER_CHANGE
G92 E0.0
;6.44


G1 E-.16 F2700
;WIPE_START
G1 F16800
G1 X68.876 Y18.361 E-.06013
;WIPE_END
G1 E-.57987 F2700
G1 X68.876 Y18.361 Z6.2 F21000
G1 X65.302 Y22.594 Z6.44 F16635.401
;AFTER_LAYER_CHANGE
;6.44
G1 X65.302 Y22.594 F21000
G1 Z6.44 F720
G1 E.8 F1500
;TYPE:Perimeter
;WIDTH:0.526216
G1 F1200
G1 X65.332 Y22.351 E.0116
G1 X65.515 Y21.986 E.01934
;WIDTH:0.488108
G1 X65.698 Y21.62 E.01783
M73 P93 R1
;WIDTH:0.449999
G1 X65.89 Y21.365 E.01269
G1 X66 Y21.259 E.00607
G1 F1033.332
G1 X66.2 Y21.067 E.01102
;TYPE:Overhang perimeter
M106 S255
G1 F900
M106 S255
G1 X66.243 Y21.026 E.00236
G1 X66.506 Y20.844 E.01272
G1 X67.203 Y20.553 E.03003
G1 X67.741 Y20.486 E.02156
G1 X68.225 Y20.516 E.01928
G1 X68.88 Y20.733 E.02744
G1 X69.193 Y20.907 E.01424
G1 X69.4 Y21.076 E.01063
M106 S255
;TYPE:Perimeter
G1 F1033.332
G1 X69.572 Y21.217 E.00884
G1 F1200
M106 S252.45
G1 X69.6 Y21.248 E.00166
G1 X69.784 Y21.456 E.01104
G1 X70.046 Y21.869 E.01945
;WIDTH:0.499281
G1 X70.312 Y22.633 E.03614
G1 X70.33 Y22.959 E.01459
;WIDTH:0.510333
G1 X70.292 Y23.543 E.02679
G1 X70.149 Y23.874 E.01651
;WIDTH:0.480166
G1 X70.006 Y24.206 E.01546
;WIDTH:0.449999
G1 X69.835 Y24.476 E.01271
G1 X69.6 Y24.717 E.01338
G1 F1033.332
G1 X69.4 Y24.922 E.01139
;TYPE:Overhang perimeter
M106 S255
G1 F900
M106 S255
G1 X69.305 Y25.019 E.0054
G1 X68.839 Y25.289 E.02141
G1 X68.54 Y25.403 E.01272
G1 X68.034 Y25.506 E.02053
G1 X67.741 Y25.514 E.01165
G1 X67.255 Y25.455 E.01947
G1 X66.948 Y25.366 E.01271
G1 X66.342 Y25.057 E.02705
G1 X66.2 Y24.925 E.00771
M106 S255
;TYPE:Perimeter
G1 F1033.332
G1 X66 Y24.738 E.01089
G1 F1200
M106 S252.45
G1 X65.89 Y24.635 E.00599
G1 X65.698 Y24.38 E.01269
;WIDTH:0.488778
G1 X65.516 Y24.021 E.01756
;WIDTH:0.527556
G1 X65.333 Y23.662 E.01914
G1 X65.273 Y23.163 E.02387
;WIDTH:0.486699
G1 X65.273 Y22.837 E.01416
;WIDTH:0.526216
G1 X65.295 Y22.654 E.00873
G1 X65.734 Y22.664 F21000
;WIDTH:0.449999
G1 F1466
G1 X65.763 Y22.421 E.00973
G1 X66 Y21.914 E.02225
G1 X66.051 Y21.806 E.00475
G1 F1033.332
G1 X66.2 Y21.649 E.00861
;TYPE:Overhang perimeter
M106 S255
G1 F900
M106 S255
G1 X66.519 Y21.313 E.01842
G1 X66.997 Y21.052 E.02165
G1 X67.303 Y20.941 E.01294
G1 X67.861 Y20.878 E.02233
G1 X68.317 Y20.946 E.01833
G1 X68.941 Y21.216 E.02703
G1 X69.4 Y21.626 E.02447
M106 S255
;TYPE:Perimeter
G1 F1033.332
G1 X69.447 Y21.669 E.00253
G1 F1285.695
G1 X69.6 Y21.936 E.01224
G1 F1466
M106 S252.45
G1 X69.784 Y22.259 E.01478
G1 X69.919 Y22.877 E.02515
G1 X69.877 Y23.413 E.02138
G1 X69.64 Y24.05 E.02702
G1 X69.6 Y24.099 E.00252
G1 F1033.332
G1 X69.4 Y24.346 E.01264
;TYPE:Overhang perimeter
M106 S255
G1 F900
M106 S255
G1 X69.212 Y24.578 E.01187
G1 X68.64 Y24.944 E.027
G1 X67.981 Y25.11 E.02702
G1 X67.303 Y25.059 E.02703
G1 X66.677 Y24.796 E.027
G1 X66.2 Y24.377 E.02524
M106 S255
;TYPE:Perimeter
G1 F1033.332
G1 X66.166 Y24.348 E.00178
G1 F1214.052
G1 X66 Y24.063 E.01311
G1 F1466
M106 S252.45
G1 X65.823 Y23.761 E.01392
G1 X65.684 Y23.096 E.02701
G1 X65.727 Y22.724 E.01489
M204 T250
G1 X66.121 Y22.727 F21000
M204 T7000
;TYPE:External perimeter
G1 F1267.882
G1 X66.156 Y22.485 E.00972
G1 F1033.332
M106 S255
G1 X66.2 Y22.397 E.00391
;TYPE:Overhang perimeter
M106 S255
G1 F900
G1 X66.404 Y21.991 E.01807
G1 X66.795 Y21.601 E.02196
G1 X67.29 Y21.354 E.022
G1 X67.837 Y21.278 E.02196
G1 X68.176 Y21.319 E.01358
G1 X68.689 Y21.524 E.02197
G1 X69.111 Y21.882 E.022
G1 X69.397 Y22.354 E.02194
G1 F1018.377
G1 X69.4 Y22.366 E.00049
M106 S255
;TYPE:External perimeter
G1 F1033.332
G1 X69.52 Y22.877 E.02087
G1 F1460.538
M106 S252.45
G1 X69.48 Y23.381 E.0201
G1 F1033.332
M106 S255
G1 X69.4 Y23.579 E.00849
;TYPE:Overhang perimeter
M106 S255
G1 F900
G1 X69.273 Y23.894 E.0135
G1 X68.914 Y24.314 E.02197
G1 X68.441 Y24.599 E.02196
G1 X67.901 Y24.72 E.022
G1 X67.351 Y24.663 E.02199
G1 X66.848 Y24.436 E.02194
G1 X66.442 Y24.06 E.022
G1 X66.2 Y23.619 E.02
M106 S255
;TYPE:External perimeter
G1 F1033.332
G1 X66.176 Y23.576 E.00196
G1 F1159.924
G1 X66.078 Y23.032 E.02198
G1 F1267.882
M106 S252.45
G1 X66.113 Y22.787 E.00984
G1 E-.16 F2700
;WIPE_START
G1 F16800
G1 X66.121 Y22.727 E-.00924
G1 X66.156 Y22.485 E-.03733
G1 X66.2 Y22.397 E-.01502
;WIPE_END
G1 E-.57841 F2700
G1 X70.778 Y18.022 Z6.551 F21000
G1 Z6.44 F720
G1 E.8 F1500
;TYPE:Perimeter
G1 F1200
G1 X70.778 Y22.09 E.16175
;WIDTH:0.483188
G1 X70.761 Y22.976 E.03817
;WIDTH:0.510333
G1 X70.748 Y23.582 E.02775
G1 X70.763 Y23.973 E.01791
;WIDTH:0.480166
G1 X70.778 Y24.364 E.01674
;WIDTH:0.449999
G1 X70.778 Y26.778 E.09599
G1 X69.6 Y26.778 E.04684
G1 F1033.332
M106 S255
G1 X69.4 Y26.778 E.00795
;TYPE:Overhang perimeter
M106 S255
G1 X66.2 Y26.778 E.12724
M106 S255
;TYPE:Perimeter
M106 S252.45
G1 X66 Y26.778 E.00795
G1 F1200
G1 X64.822 Y26.778 E.04684
G1 X64.822 Y24.596 E.08676
;WIDTH:0.488108
G1 X64.841 Y24.141 E.01984
;WIDTH:0.526216
G1 X64.86 Y23.687 E.02152
G1 X64.836 Y23 E.03256
G1 X64.86 Y22.313 E.03256
G1 X64.841 Y22.103 E.00999
;WIDTH:0.488108
G1 X64.822 Y21.894 E.00914
;WIDTH:0.449999
G1 Y21.85 Z6.44 E.00174
G1 F3000
G1 Y18.022 Z6.44 E.15222
G1 X70.718 Y18.022 E.23444
G1 X71.177 Y17.623 F21000
G1 F1466
G1 X71.177 Y27.177 E.37989
G1 X69.6 Y27.177 E.0627
G1 F1033.332
M106 S255
G1 X69.4 Y27.177 E.00795
;TYPE:Overhang perimeter
M106 S255
G1 X66.2 Y27.177 E.12724
M106 S255
;TYPE:Perimeter
M106 S252.45
G1 X66 Y27.177 E.00795
G1 F1466
G1 X64.423 Y27.177 E.0627
G1 X64.423 Y17.623 E.37989
G1 X71.117 Y17.623 E.26617
M73 Q94 S1
M204 T250
G1 X71.575 Y17.225 F21000
M73 P93 R0
M204 T7000
;TYPE:External perimeter
G1 F1466
G1 X71.575 Y26.9 E.3847
G1 X71.575 Y27.575 E.02684
G1 X69.6 Y27.575 E.07853
G1 F1033.332
M106 S255
G1 X69.4 Y27.575 E.00795
;TYPE:Overhang perimeter
M106 S255
G1 X66.2 Y27.575 E.12724
M106 S255
;TYPE:External perimeter
M106 S252.45
G1 X66 Y27.575 E.00795
G1 F1466
G1 X64.025 Y27.575 E.07853
G1 X64.025 Y26.9 E.02684
G1 X64.025 Y17.225 E.3847
G1 X71.515 Y17.225 E.29782
G1 E-.16 F2700
;WIPE_START
G1 F16800
G1 X71.575 Y17.225 E-.00916
G1 X71.575 Y21.357 E-.63084
;WIPE_END
G1 X69.071 Y18.556 Z6.506 F21000
G1 Z6.44 F720
G1 E.8 F1500
;TYPE:Internal infill
;WIDTH:0.45
G1 F7200
G1 X68.876 Y18.361 E.01097
G1 E-.16 F2700
;WIPE_START
G1 F16800
G1 X69.071 Y18.556 E-.0421
;WIPE_END
G1 E-.5979 F2700
G1 X70.619 Y21.546 Z6.499 F21000
G1 Z6.44 F720
G1 E.8 F1500
;TYPE:Bridge infill
;WIDTH:0.490449
M106 S255
G1 F3000
G1 X70.267 Y21.585 E.01551
G1 X70.064 Y21.265 E.0166
G1 X69.984 Y21.175 E.00527
G1 X70.439 Y21.124 E.02005
G1 X70.439 Y20.683 E.01931
G1 X69.322 Y20.807 E.04922
M106 S252.45
G1 E-.16 F2700
;WIPE_START
G1 F16800
G1 X70.439 Y20.683 E-.17159
G1 X70.439 Y21.124 E-.06733
G1 X69.984 Y21.175 E-.0699
G1 X70.064 Y21.265 E-.01838
G1 X70.267 Y21.585 E-.05786
G1 X70.619 Y21.546 E-.05407
;WIPE_END
G1 E-.20087 F2700
G1 X65.488 Y21.675 Z6.53 F21000
G1 Z6.44 F720
G1 E.8 F1500
M106 S255
G1 F3000
G1 X65.161 Y21.711 E.01441
G1 X65.161 Y21.269 E.01936
G1 X65.838 Y21.194 E.02983
M106 S252.45
G1 X64.981 Y20.848 F21000
M106 S255
G1 F3000
G1 X66.088 Y20.725 E.04878
G1 X66.351 Y20.543 E.01401
G1 X66.812 Y20.324 E.02235
G1 X67.14 Y20.22 E.01507
G1 X67.861 Y20.14 E.03177
G1 X68.273 Y20.18 E.01813
G1 X68.571 Y20.254 E.01345
G1 X68.968 Y20.405 E.0186
G1 X70.439 Y20.241 E.06483
G1 X70.439 Y19.799 E.01936
G1 X65.161 Y20.386 E.23259
G1 X65.161 Y19.944 E.01936
G1 X70.425 Y19.359 E.23197
G1 X70.026 Y19.042 E.02232
G1 X69.778 Y18.989 E.01111
G1 X65.161 Y19.503 E.20347
G1 X65.161 Y19.371 E.00578
G1 X65.58 Y19.037 E.02347
G1 X65.694 Y19.002 E.00522
G1 X67.737 Y18.775 E.09003
M106 S252.45
G1 E-.16 F2700
;WIPE_START
G1 F16800
G1 X65.694 Y19.002 E-.31384
G1 X65.58 Y19.037 E-.01821
G1 X65.161 Y19.371 E-.08181
G1 X65.161 Y19.503 E-.02015
G1 X66.502 Y19.354 E-.20599
;WIPE_END
G1 X64.981 Y26.428 Z6.566 F21000
G1 Z6.44 F720
G1 E.8 F1500
;WIDTH:0.472712
M106 S255
G1 F3000
G1 X70.439 Y26.428 E.22939
G1 X70.439 Y26.007 E.01769
G1 X65.161 Y26.007 E.22183
G1 X65.161 Y25.585 E.01774
G1 X66.622 Y25.585 E.0614
G1 X66.813 Y25.676 E.00889
G1 X67.204 Y25.79 E.01712
G1 X67.86 Y25.86 E.02773
G1 X68.088 Y25.84 E.00962
G1 X68.619 Y25.732 E.02277
G1 X69.004 Y25.585 E.01732
G1 X70.439 Y25.585 E.06031
G1 X70.439 Y25.164 E.01769
G1 X69.653 Y25.164 E.03303
G1 X69.758 Y25.074 E.00581
G1 X70.051 Y24.743 E.01858
G1 X70.439 Y24.743 E.01631
G1 X70.438 Y24.322 E.01769
G1 X70.118 Y24.322 E.01345
M106 S252.45
G1 E-.16 F2700
;WIPE_START
G1 F16800
G1 X70.438 Y24.322 E-.04886
G1 X70.439 Y24.743 E-.06428
G1 X70.051 Y24.743 E-.05924
G1 X69.758 Y25.074 E-.06749
G1 X69.653 Y25.164 E-.02111
G1 X70.439 Y25.164 E-.12001
G1 X70.439 Y25.585 E-.06428
G1 X69.163 Y25.585 E-.19473
;WIPE_END
G1 X66.225 Y25.164 Z6.492 F21000
G1 Z6.44 F720
G1 E.8 F1500
M106 S255
G1 F3000
G1 X65.161 Y25.164 E.04472
G1 X65.161 Y24.743 E.01769
G1 X65.551 Y24.743 E.01639
G1 X65.403 Y24.547 E.01032
G1 X65.285 Y24.322 E.01068
G1 X64.981 Y24.322 E.01278
M106 S252.45
;LAYER_CHANGE
;Z:6.68
;HEIGHT:0.24
;BEFORE_LAYER_CHANGE
G92 E0.0
;6.68


G1 E-.16 F2700
;WIPE_START
G1 F16800
G1 X65.285 Y24.322 E-.04641
G1 X65.403 Y24.547 E-.03879
G1 X65.551 Y24.743 E-.0375
G1 X65.161 Y24.743 E-.05954
G1 X65.161 Y25.164 E-.06428
G1 X66.224 Y25.164 E-.1623
;WIPE_END
G1 E-.23118 F2700
G1 X66.224 Y25.164 Z6.44 F21000
G1 X65.302 Y22.594 Z6.68 F8222.192
;AFTER_LAYER_CHANGE
;6.68
G1 X65.302 Y22.594 F21000
G1 Z6.68 F720
G1 E.8 F1500
;TYPE:Perimeter
;WIDTH:0.526218
G1 F1200
G1 X65.332 Y22.351 E.0116
G1 X65.515 Y21.986 E.01934
;WIDTH:0.488109
G1 X65.698 Y21.621 E.01779
;WIDTH:0.449999
G1 X65.89 Y21.365 E.01272
G1 X66.243 Y21.026 E.01946
G1 X66.506 Y20.844 E.01272
G1 X67.203 Y20.553 E.03003
G1 X67.824 Y20.481 E.02486
G1 X68.458 Y20.573 E.02547
M73 P94 R0
G1 X68.916 Y20.747 E.01948
G1 X69.193 Y20.907 E.01272
G1 X69.572 Y21.217 E.01947
G1 X69.784 Y21.456 E.0127
G1 X70.046 Y21.869 E.01945
;WIDTH:0.499281
G1 X70.312 Y22.633 E.03614
G1 X70.33 Y22.959 E.01459
;WIDTH:0.510333
G1 X70.292 Y23.543 E.02679
G1 X70.149 Y23.874 E.01651
;WIDTH:0.480166
G1 X70.006 Y24.206 E.01546
;WIDTH:0.449999
G1 X69.835 Y24.476 E.01271
G1 X69.305 Y25.019 E.03017
G1 X68.839 Y25.289 E.02141
M73 Q94 S0
G1 X68.54 Y25.403 E.01272
G1 X68.034 Y25.506 E.02053
G1 X67.748 Y25.514 E.01138
G1 X67.298 Y25.463 E.01801
G1 X67 Y25.38 E.0123
G1 X66.521 Y25.163 E.02091
G1 X66.243 Y24.974 E.01337
G1 X65.89 Y24.635 E.01946
G1 X65.698 Y24.38 E.01269
;WIDTH:0.488778
G1 X65.516 Y24.021 E.01756
;WIDTH:0.527556
G1 X65.333 Y23.662 E.01914
G1 X65.273 Y23.163 E.02387
;WIDTH:0.4867
G1 X65.273 Y22.837 E.01416
;WIDTH:0.526218
G1 X65.295 Y22.654 E.00873
G1 X65.734 Y22.664 F21000
;WIDTH:0.449999
G1 F1852
G1 X65.763 Y22.421 E.00973
G1 X66.051 Y21.806 E.027
G1 X66.519 Y21.313 E.02703
G1 X66.997 Y21.052 E.02165
G1 X67.3 Y20.942 E.01282
G1 X67.824 Y20.879 E.02099
G1 X68.317 Y20.946 E.01978
G1 X68.941 Y21.216 E.02703
G1 X69.447 Y21.669 E.027
G1 X69.784 Y22.259 E.02702
G1 X69.919 Y22.877 E.02515
G1 X69.877 Y23.413 E.02138
G1 X69.64 Y24.05 E.02702
G1 X69.212 Y24.578 E.02703
G1 X68.64 Y24.944 E.027
G1 X67.981 Y25.11 E.02702
G1 X67.344 Y25.067 E.02539
G1 X66.686 Y24.8 E.02824
G1 X66.519 Y24.687 E.00802
G1 X66.051 Y24.194 E.02703
G1 X65.764 Y23.586 E.02673
G1 X65.684 Y23.096 E.01974
G1 X65.727 Y22.724 E.01489
M204 T250
G1 X66.121 Y22.727 F21000
M204 T7000
;TYPE:External perimeter
G1 F1852
G1 X66.156 Y22.485 E.00972
G1 X66.404 Y21.991 E.02198
G1 X66.795 Y21.601 E.02196
G1 X67.29 Y21.354 E.022
G1 X67.799 Y21.279 E.02046
G1 X68.176 Y21.319 E.01507
G1 X68.689 Y21.524 E.02197
G1 X69.111 Y21.882 E.022
G1 X69.397 Y22.354 E.02194
G1 X69.52 Y22.877 E.02136
G1 X69.48 Y23.381 E.0201
G1 X69.273 Y23.894 E.022
G1 X68.914 Y24.314 E.02197
G1 X68.441 Y24.599 E.02196
G1 X67.901 Y24.72 E.022
G1 X67.389 Y24.671 E.02045
G1 X66.851 Y24.437 E.02333
G1 X66.442 Y24.06 E.02212
G1 X66.176 Y23.576 E.02196
G1 X66.078 Y23.032 E.02198
G1 X66.113 Y22.787 E.00984
G1 E-.16 F2700
;WIPE_START
G1 F16800
G1 X66.121 Y22.727 E-.00924
G1 X66.156 Y22.485 E-.03733
G1 X66.404 Y21.991 E-.08439
G1 X66.795 Y21.601 E-.08432
G1 X67.29 Y21.354 E-.08446
G1 X67.799 Y21.279 E-.07855
G1 X68.176 Y21.319 E-.05788
G1 X68.689 Y21.524 E-.08435
G1 X69.111 Y21.882 E-.08449
G1 X69.23 Y22.078 E-.03499
;WIPE_END
G1 X70.778 Y18.022 Z6.756 F21000
G1 Z6.68 F720
G1 E.8 F1500
;TYPE:Perimeter
G1 F1200
G1 X70.778 Y22.09 E.16175
;WIDTH:0.483188
G1 X70.761 Y22.976 E.03817
;WIDTH:0.510333
G1 X70.748 Y23.582 E.02775
G1 X70.763 Y23.973 E.01791
;WIDTH:0.480166
G1 X70.778 Y24.364 E.01674
;WIDTH:0.449999
G1 X70.778 Y26.778 E.09599
G1 X64.822 Y26.778 E.23682
G1 X64.822 Y24.596 E.08676
;WIDTH:0.488108
G1 X64.841 Y24.141 E.01984
;WIDTH:0.526216
G1 X64.86 Y23.687 E.02152
G1 X64.836 Y23 E.03256
G1 X64.86 Y22.313 E.03256
G1 X64.841 Y22.103 E.00999
;WIDTH:0.488109
G1 X64.822 Y21.894 E.00914
;WIDTH:0.449999
G1 X64.822 Y18.022 E.15396
G1 X70.718 Y18.022 E.23444
G1 X71.177 Y17.623 F21000
G1 F1852
G1 X71.177 Y27.177 E.37989
G1 X64.423 Y27.177 E.26855
G1 X64.423 Y17.623 E.37989
G1 X71.117 Y17.623 E.26617
M204 T250
G1 X71.575 Y17.225 F21000
M204 T7000
;TYPE:External perimeter
G1 F1852
G1 X71.575 Y27.575 E.41154
G1 X64.025 Y27.575 E.3002
G1 X64.025 Y17.225 E.41154
G1 X71.515 Y17.225 E.29782
G1 E-.16 F2700
;WIPE_START
G1 F16800
G1 X71.575 Y17.225 E-.00916
G1 X71.575 Y21.357 E-.63084
;WIPE_END
G1 X69.071 Y18.556 Z6.746 F21000
M73 Q95 S0
G1 Z6.68 F720
G1 E.8 F1500
;TYPE:Internal infill
;WIDTH:0.45
G1 F1200
G1 X68.876 Y18.361 E.01097
G1 X69.324 Y18.956 F21000
;TYPE:Solid infill
;WIDTH:0.449999
G1 F1200
G1 X65.986 Y18.954 E.13273
G1 X65.567 Y19.048 E.01707
G1 X65.161 Y19.371 E.02063
G1 X65.161 Y21.882 E.09984
G1 X65.413 Y21.441 E.0202
G1 X65.659 Y21.117 E.01618
G1 X66.03 Y20.765 E.02033
G1 X66.376 Y20.531 E.01661
G1 X66.825 Y20.32 E.01973
G1 X67.159 Y20.218 E.01389
G1 X67.802 Y20.144 E.02574
G1 X68.275 Y20.185 E.01888
G1 X69.022 Y20.425 E.0312
G1 X69.411 Y20.648 E.01783
G1 X69.806 Y20.973 E.02034
G1 X70.073 Y21.279 E.01615
G1 X70.344 Y21.713 E.02034
G1 X70.439 Y21.936 E.00964
G1 X70.439 Y19.371 E.10199
G1 X70.043 Y19.055 E.02014
G1 X69.523 Y18.956 E.02105
G1 E-.16 F2700
;WIPE_START
G1 F16800
G1 X70.043 Y19.055 E-.08082
G1 X70.439 Y19.371 E-.07735
G1 X70.439 Y21.936 E-.39162
G1 X70.344 Y21.713 E-.03701
G1 X70.159 Y21.417 E-.0532
;WIPE_END
G1 X67.893 Y19.352 Z6.734 F21000
G1 Z6.68 F720
G1 E.8 F1500
;WIDTH:0.457261
G1 F1200
G1 X69.459 Y19.355 E.0634
;WIDTH:0.449999
G1 X69.796 Y19.407 E.01356
G1 X70.041 Y19.563 E.01155
G1 X70.037 Y20.64 E.04282
G1 X69.663 Y20.339 E.01909
G1 X69.144 Y20.046 E.0237
;WIDTH:0.463596
G1 X68.265 Y19.772 E.03786
G1 X67.757 Y19.748 E.02091
;WIDTH:0.48579
G1 X67.111 Y19.804 E.0281
G1 X66.704 Y19.941 E.01861
;WIDTH:0.449999
G1 X66.206 Y20.171 E.02181
G1 X65.803 Y20.437 E.0192
G1 X65.559 Y20.661 E.01317
G1 X65.559 Y19.563 E.04366
G1 X65.758 Y19.405 E.0101
G1 X65.985 Y19.354 E.00925
G1 X66.49 Y19.353 E.02008
;WIDTH:0.48579
G1 X67.086 Y19.371 E.02584
G1 X67.693 Y19.357 E.02631
G1 E-.16 F2700
;WIPE_START
G1 F16800
G1 X67.086 Y19.371 E-.0927
G1 X66.49 Y19.353 E-.09104
G1 X65.985 Y19.354 E-.0771
G1 X65.758 Y19.405 E-.03552
G1 X65.559 Y19.563 E-.0388
G1 X65.559 Y20.661 E-.16764
G1 X65.803 Y20.437 E-.05057
G1 X66.206 Y20.171 E-.07372
G1 X66.283 Y20.135 E-.01291
;WIPE_END
G1 X66.051 Y19.775 Z6.687 F21000
G1 Z6.68 F720
G1 E.8 F1500
;WIDTH:0.522894
G1 F1200
G1 X66.009 Y19.733 E.00279
G1 X65.952 Y19.748 E.00277
G1 X65.937 Y19.805 E.00277
G1 X65.979 Y19.847 E.00279
G1 X66.036 Y19.832 E.00277
G1 E-.16 F2700
;WIPE_START
G1 F16800
G1 X65.979 Y19.847 E-.009
G1 X65.937 Y19.805 E-.00907
G1 X65.952 Y19.748 E-.009
G1 X66.009 Y19.733 E-.009
G1 X66.051 Y19.775 E-.00907
;WIPE_END
G1 E-.59486 F2700
G1 X69.652 Y19.846 Z6.743 F21000
G1 Z6.68 F720
G1 E.8 F1500
;WIDTH:0.511232
G1 F1200
G1 X69.597 Y19.86 E.0026
G1 X69.556 Y19.82 E.00263
G1 X69.571 Y19.764 E.00266
G1 X69.627 Y19.749 E.00266
G1 X69.667 Y19.79 E.00263
G1 E-.16 F2700
;WIPE_START
G1 F16800
G1 X69.627 Y19.749 E-.00875
G1 X69.571 Y19.764 E-.00885
G1 X69.556 Y19.82 E-.00885
G1 X69.597 Y19.86 E-.00875
G1 X69.652 Y19.846 E-.00867
;WIPE_END
G1 E-.59613 F2700
G1 X65.165 Y24.12 Z6.788 F21000
G1 Z6.68 F720
G1 E.8 F1500
;WIDTH:0.449999
G1 F1200
G1 X65.398 Y24.536 E.01896
G1 X65.661 Y24.885 E.01738
G1 X66.171 Y25.348 E.02739
;WIDTH:0.490407
G1 X66.534 Y25.519 E.01757
;WIDTH:0.530815
G1 X66.897 Y25.69 E.01919
;WIDTH:0.571223
G1 X67.261 Y25.86 E.02083
G1 X67.903 Y25.903 E.03337
;WIDTH:0.574393
G1 X68.257 Y25.858 E.01862
;WIDTH:0.604519
G1 X68.61 Y25.813 E.01964
G1 X68.711 Y25.755 E.00643
;WIDTH:0.565889
G1 X68.812 Y25.697 E.00598
;WIDTH:0.527259
G1 X68.912 Y25.638 E.00551
;WIDTH:0.488629
G1 X69.013 Y25.58 E.00508
;WIDTH:0.449999
G1 X69.478 Y25.31 E.02138
G1 X69.767 Y25.064 E.01509
G1 X70.105 Y24.679 E.02037
G1 X70.431 Y24.098 E.02649
G1 X70.439 Y26.439 E.09308
G1 X69.245 Y26.439 E.04748
;WIDTH:0.488629
G1 X69.098 Y26.42 E.00646
;WIDTH:0.527259
G1 X68.951 Y26.401 E.00704
;WIDTH:0.565889
G1 X68.804 Y26.381 E.00761
;WIDTH:0.604519
G1 X68.656 Y26.362 E.00823
G1 X68.234 Y26.378 E.0233
;WIDTH:0.573265
G1 X67.812 Y26.393 E.02198
;WIDTH:0.571223
G1 X67.464 Y26.385 Z6.68 E.01803
G1 F4200
G1 X67.234 Y26.379 Z6.68 E.01195
G1 X67.084 Y26.399 E.00785
;WIDTH:0.530815
G1 F4200
G1 X66.934 Y26.419 E.00724
;WIDTH:0.490407
G1 X66.784 Y26.439 E.00663
;WIDTH:0.449999
G1 X65.161 Y26.439 E.06453
G1 X65.163 Y24.319 E.0843
G1 X65.568 Y25.354 F21000
;WIDTH:0.467189
G1 F4200
G1 X65.99 Y25.713 E.02298
G1 X66.636 Y26.032 E.02988
G1 X65.568 Y26.032 E.0443
G1 X65.568 Y25.553 E.01987
G1 E-.16 F2700
;WIPE_START
G1 F16800
G1 X65.568 Y26.032 E-.07313
G1 X66.636 Y26.032 E-.16306
G1 X65.99 Y25.713 E-.11
G1 X65.568 Y25.354 E-.08459
;WIPE_END
G1 E-.20922 F2700
G1 X69.878 Y25.502 Z6.755 F21000
G1 Z6.68 F720
G1 E.8 F1500
;WIDTH:0.469191
G1 F4200
G1 X69.683 Y25.663 E.01054
G1 X69.218 Y25.933 E.02241
G1 X68.982 Y26.031 E.01065
G1 X70.031 Y26.031 E.04372
G1 X70.031 Y25.375 E.02734
;LAYER_CHANGE
;Z:6.92
;HEIGHT:0.24
;BEFORE_LAYER_CHANGE
G92 E0.0
;6.92


G1 E-.16 F2700
;WIPE_START
G1 F16800
G1 X70.031 Y26.031 E-.10016
G1 X68.982 Y26.031 E-.16016
G1 X69.218 Y25.933 E-.03902
G1 X69.683 Y25.663 E-.0821
G1 X69.878 Y25.502 E-.03861
;WIPE_END
G1 E-.21995 F2700
G1 X69.878 Y25.502 Z6.68 F21000
G1 X65.302 Y22.594 Z6.92 F16280.605
;AFTER_LAYER_CHANGE
;6.92
G1 X65.302 Y22.594 F21000
G1 Z6.92 F720
G1 E.8 F1500
;TYPE:Perimeter
;WIDTH:0.526216
G1 F1200
G1 X65.332 Y22.351 E.0116
G1 X65.515 Y21.986 E.01934
;WIDTH:0.488108
G1 X65.698 Y21.62 E.01783
;WIDTH:0.449999
G1 X65.89 Y21.365 E.01269
G1 X66.243 Y21.026 E.01946
G1 X66.506 Y20.844 E.01272
G1 X67.203 Y20.553 E.03003
G1 X67.741 Y20.486 E.02156
G1 X68.225 Y20.516 E.01928
G1 X68.88 Y20.733 E.02744
G1 X69.193 Y20.907 E.01424
G1 X69.572 Y21.217 E.01947
G1 X69.784 Y21.456 E.0127
G1 X70.046 Y21.869 E.01945
;WIDTH:0.499281
G1 X70.312 Y22.633 E.03614
G1 X70.33 Y22.959 E.01459
M73 P95 R0
;WIDTH:0.510333
G1 X70.292 Y23.543 E.02679
G1 X70.149 Y23.874 E.01651
;WIDTH:0.480166
G1 X70.006 Y24.206 E.01546
;WIDTH:0.449999
G1 X69.835 Y24.476 E.01271
G1 X69.305 Y25.019 E.03017
G1 X68.839 Y25.289 E.02141
G1 X68.54 Y25.403 E.01272
G1 X68.034 Y25.506 E.02053
G1 X67.741 Y25.514 E.01165
G1 X67.255 Y25.455 E.01947
G1 X66.948 Y25.366 E.01271
G1 X66.342 Y25.057 E.02705
G1 X65.89 Y24.635 E.02459
G1 X65.698 Y24.38 E.01269
;WIDTH:0.488778
G1 X65.516 Y24.021 E.01756
;WIDTH:0.527556
G1 X65.333 Y23.662 E.01914
G1 X65.273 Y23.163 E.02387
;WIDTH:0.4867
G1 X65.273 Y22.837 E.01416
;WIDTH:0.526216
G1 X65.295 Y22.654 E.00873
G1 X65.734 Y22.664 F21000
;WIDTH:0.449999
G1 F2113
G1 X65.763 Y22.421 E.00973
G1 X66.051 Y21.806 E.027
G1 X66.519 Y21.313 E.02703
G1 X66.997 Y21.052 E.02165
G1 X67.303 Y20.941 E.01294
G1 X67.861 Y20.878 E.02233
G1 X68.317 Y20.946 E.01833
G1 X68.941 Y21.216 E.02703
G1 X69.447 Y21.669 E.027
G1 X69.784 Y22.259 E.02702
G1 X69.919 Y22.877 E.02515
G1 X69.877 Y23.413 E.02138
G1 X69.64 Y24.05 E.02702
G1 X69.212 Y24.578 E.02703
G1 X68.64 Y24.944 E.027
G1 X67.981 Y25.11 E.02702
G1 X67.303 Y25.059 E.02703
G1 X66.677 Y24.796 E.027
G1 X66.166 Y24.348 E.02702
G1 X65.823 Y23.761 E.02703
G1 X65.684 Y23.096 E.02701
G1 X65.727 Y22.724 E.01489
M204 T250
G1 X66.121 Y22.727 F21000
M204 T7000
;TYPE:External perimeter
G1 F2113
G1 X66.156 Y22.485 E.00972
G1 X66.404 Y21.991 E.02198
G1 X66.795 Y21.601 E.02196
G1 X67.29 Y21.354 E.022
G1 X67.837 Y21.278 E.02196
G1 X68.176 Y21.319 E.01358
G1 X68.689 Y21.524 E.02197
G1 X69.111 Y21.882 E.022
G1 X69.397 Y22.354 E.02194
G1 X69.52 Y22.877 E.02136
G1 X69.48 Y23.381 E.0201
G1 X69.273 Y23.894 E.022
G1 X68.914 Y24.314 E.02197
G1 X68.441 Y24.599 E.02196
G1 X67.901 Y24.72 E.022
G1 X67.351 Y24.663 E.02199
G1 X66.848 Y24.436 E.02194
G1 X66.442 Y24.06 E.022
G1 X66.176 Y23.576 E.02196
G1 X66.078 Y23.032 E.02198
G1 X66.113 Y22.787 E.00984
G1 E-.16 F2700
;WIPE_START
G1 F16800
G1 X66.121 Y22.727 E-.00924
G1 X66.156 Y22.485 E-.03733
G1 X66.404 Y21.991 E-.08439
G1 X66.795 Y21.601 E-.08432
G1 X67.29 Y21.354 E-.08446
G1 X67.837 Y21.278 E-.08432
G1 X68.176 Y21.319 E-.05214
G1 X68.689 Y21.524 E-.08435
G1 X69.111 Y21.882 E-.08449
G1 X69.23 Y22.078 E-.03496
;WIPE_END
G1 X70.778 Y18.022 Z6.996 F21000
G1 Z6.92 F720
G1 E.8 F1500
;TYPE:Perimeter
G1 F1200
G1 X70.778 Y22.09 E.16175
;WIDTH:0.483188
G1 X70.761 Y22.976 E.03817
;WIDTH:0.510333
G1 X70.748 Y23.582 E.02775
G1 X70.763 Y23.973 E.01791
;WIDTH:0.480166
G1 X70.778 Y24.364 E.01674
;WIDTH:0.449999
G1 X70.778 Y26.778 E.09599
G1 X64.822 Y26.778 E.23682
G1 X64.822 Y24.596 E.08676
;WIDTH:0.488108
G1 X64.841 Y24.141 E.01984
;WIDTH:0.526216
G1 X64.86 Y23.687 E.02152
G1 X64.836 Y23 E.03256
G1 X64.86 Y22.313 E.03256
G1 X64.841 Y22.103 E.00999
;WIDTH:0.488108
G1 X64.822 Y21.894 E.00914
;WIDTH:0.449999
G1 X64.822 Y18.022 E.15396
G1 X70.718 Y18.022 E.23444
G1 X71.177 Y17.623 F21000
G1 F2113
G1 X71.177 Y27.177 E.37989
G1 X64.423 Y27.177 E.26855
G1 X64.423 Y17.623 E.37989
G1 X71.117 Y17.623 E.26617
M204 T250
G1 X71.575 Y17.225 F21000
M204 T7000
;TYPE:External perimeter
G1 F2113
G1 X71.575 Y27.575 E.41154
G1 X64.025 Y27.575 E.3002
G1 X64.025 Y17.225 E.41154
G1 X71.515 Y17.225 E.29782
G1 E-.16 F2700
;WIPE_START
G1 F16800
G1 X71.575 Y17.225 E-.00916
G1 X71.575 Y21.357 E-.63084
;WIPE_END
G1 X65.413 Y21.44 Z7.028 F21000
G1 Z6.92 F720
G1 E.8 F1500
;TYPE:Solid infill
G1 F1200
G1 X65.161 Y21.881 E.0202
G1 X65.161 Y18.361 E.13996
G1 X67.024 Y18.361 E.07408
G1 X67.024 Y18.502 E.00561
G1 X68.911 Y20.389 E.10611
G1 X68.301 Y20.188 E.02554
G1 X67.84 Y20.142 E.01842
G1 X67.159 Y20.218 E.02725
G1 X66.825 Y20.32 E.01389
G1 X66.365 Y20.536 E.02021
G1 X66.03 Y20.765 E.01614
G1 X65.659 Y21.117 E.02033
G1 X65.534 Y21.282 E.00823
G1 X65.559 Y20.66 E.02475
G1 X65.559 Y18.759 E.07559
G1 X66.225 Y18.759 E.02648
G1 X66.742 Y18.783 E.02058
G1 X67.714 Y19.755 E.05466
G1 X67.115 Y19.822 E.02397
G1 X66.677 Y19.95 E.01814
G1 X66.194 Y20.176 E.0212
G1 X65.803 Y20.437 E.01869
G1 X65.706 Y20.526 E.00523
G1 X65.992 Y19.795 E.03121
;WIDTH:0.517933
G1 X65.992 Y19.192 E.02806
G1 X66.539 Y19.192 E.02546
G1 X66.802 Y19.455 E.01731
G1 X66.443 Y19.579 E.01768
G1 X66.171 Y19.709 E.01403
G1 E-.16 F2700
M73 Q96 S0
;WIPE_START
G1 F16800
G1 X66.443 Y19.579 E-.04603
G1 X66.802 Y19.455 E-.05799
G1 X66.539 Y19.192 E-.05679
G1 X65.992 Y19.192 E-.08352
G1 X65.992 Y19.795 E-.09207
G1 X65.706 Y20.526 E-.11985
G1 X65.803 Y20.437 E-.0201
G1 X66.194 Y20.176 E-.07178
G1 X66.677 Y19.95 E-.08142
G1 X66.743 Y19.931 E-.01045
;WIPE_END
G1 X69.357 Y20.714 Z6.968 F21000
G1 Z6.92 F720
G1 E.8 F1500
;WIDTH:0.391504
G1 F1200
G1 X69.98 Y21.318 E.02944
G1 X70.308 Y21.728 E.01781
;WIDTH:0.438031
G1 X70.365 Y21.79 E.00325
;WIDTH:0.484558
G1 X70.422 Y21.851 E.00361
;WIDTH:0.449999
G1 X70.439 Y21.353 E.01981
G1 X67.447 Y18.361 E.16825
G1 X70.439 Y18.361 E.11897
G1 X70.439 Y20.79 E.09658
G1 X68.151 Y18.502 E.12866
G1 X69.11 Y18.816 F21000
;WIDTH:0.563721
G1 F1200
G1 X69.984 Y18.816 E.04467
G1 X69.984 Y19.69 E.04467
G1 X69.25 Y18.957 E.05302
G1 E-.16 F2700
;WIPE_START
G1 F16800
G1 X69.984 Y19.69 E-.15838
G1 X69.984 Y18.816 E-.13344
G1 X69.11 Y18.816 E-.13344
;WIPE_END
G1 E-.21474 F2700
G1 X65.161 Y24.843 Z7.046 F21000
G1 Z6.92 F720
G1 E.8 F1500
;WIDTH:0.449999
G1 F1200
G1 X65.161 Y26.439 E.06346
G1 X66.721 Y26.439 E.06203
;WIDTH:0.491846
G1 X66.876 Y26.418 E.00687
;WIDTH:0.533693
G1 X67.032 Y26.397 E.00757
;WIDTH:0.575539
G1 X67.187 Y26.377 E.00817
G1 X67.81 Y26.393 E.03259
;WIDTH:0.573347
G1 X68.233 Y26.378 E.02204
;WIDTH:0.604519
G1 X68.656 Y26.362 E.02336
G1 X68.804 Y26.381 E.00823
;WIDTH:0.565889
G1 X68.951 Y26.401 E.00761
;WIDTH:0.527259
G1 X69.098 Y26.42 E.00704
;WIDTH:0.488629
G1 X69.245 Y26.439 E.00646
;WIDTH:0.449999
G1 X70.439 Y26.439 E.04748
G1 X70.431 Y24.098 E.09308
G1 X70.105 Y24.679 E.02649
G1 X69.767 Y25.064 E.02037
G1 X69.478 Y25.31 E.01509
G1 X69.013 Y25.58 E.02138
;WIDTH:0.488629
G1 X68.912 Y25.638 E.00508
;WIDTH:0.527259
G1 X68.812 Y25.697 E.00551
;WIDTH:0.565889
G1 X68.711 Y25.755 E.00598
;WIDTH:0.604519
G1 X68.61 Y25.813 E.00643
G1 X68.405 Y25.839 E.0114
G1 F6781
G1 X68.257 Y25.858 E.00824
;WIDTH:0.574397
G1 F7171.64
G1 X67.903 Y25.903 E.01862
;WIDTH:0.575539
G1 F7156.011
G1 X67.215 Y25.854 E.03607
G1 X66.866 Y25.685 E.02028
;WIDTH:0.533693
G1 F7777.044
G1 X66.517 Y25.516 E.01866
;WIDTH:0.491846
G1 F8400
G1 X66.169 Y25.347 E.017
;WIDTH:0.449999
G1 X65.661 Y24.885 E.0273
G1 X65.398 Y24.536 E.01738
G1 X65.165 Y24.12 E.01896
G1 X65.161 Y24.644 E.02084
G1 X65.568 Y25.354 F21000
;WIDTH:0.467176
G1 F8400
G1 X65.983 Y25.709 E.02265
G1 X66.607 Y26.031 E.02912
G1 X65.568 Y26.032 E.04309
G1 X65.568 Y25.553 E.01987
G1 E-.16 F2700
;WIPE_START
G1 F16800
G1 X65.568 Y26.032 E-.07313
G1 X66.607 Y26.031 E-.15863
G1 X65.983 Y25.709 E-.10721
G1 X65.568 Y25.354 E-.08338
;WIPE_END
G1 E-.21765 F2700
G1 X68.982 Y26.031 Z6.981 F21000
G1 Z6.92 F720
G1 E.8 F1500
;WIDTH:0.46919
G1 F8400
G1 X69.218 Y25.933 E.01065
G1 X69.683 Y25.663 E.02241
G1 X70.031 Y25.375 E.01883
G1 X70.031 Y26.031 E.02734
G1 X69.181 Y26.031 E.03543
;LAYER_CHANGE
;Z:7.16
;HEIGHT:0.24
;BEFORE_LAYER_CHANGE
G92 E0.0
;7.16


G1 E-.16 F2700
;WIPE_START
G1 F16800
G1 X70.031 Y26.031 E-.12978
G1 X70.031 Y25.375 E-.10016
G1 X69.683 Y25.663 E-.06897
G1 X69.218 Y25.933 E-.0821
G1 X68.982 Y26.031 E-.03902
;WIPE_END
G1 E-.21997 F2700
G1 X68.982 Y26.031 Z6.92 F21000
G1 X65.302 Y22.594 Z7.16 F15122.664
;AFTER_LAYER_CHANGE
;7.16
G1 X65.302 Y22.594 F21000
G1 Z7.16 F720
G1 E.8 F1500
;TYPE:Perimeter
;WIDTH:0.526216
G1 F1200
G1 X65.332 Y22.351 E.0116
G1 X65.515 Y21.986 E.01934
;WIDTH:0.488108
G1 X65.698 Y21.62 E.01783
;WIDTH:0.449999
G1 X65.89 Y21.365 E.01269
G1 X66.243 Y21.026 E.01946
G1 X66.506 Y20.844 E.01272
G1 X67.203 Y20.553 E.03003
G1 X67.741 Y20.486 E.02156
G1 X68.225 Y20.516 E.01928
G1 X68.88 Y20.733 E.02744
G1 X69.193 Y20.907 E.01424
G1 X69.572 Y21.217 E.01947
G1 X69.784 Y21.456 E.0127
G1 X70.046 Y21.869 E.01945
;WIDTH:0.499281
G1 X70.312 Y22.633 E.03614
G1 X70.33 Y22.959 E.01459
;WIDTH:0.510333
G1 X70.292 Y23.543 E.02679
G1 X70.149 Y23.874 E.01651
;WIDTH:0.480166
G1 X70.006 Y24.206 E.01546
;WIDTH:0.449999
G1 X69.835 Y24.476 E.01271
G1 X69.305 Y25.019 E.03017
G1 X68.839 Y25.289 E.02141
G1 X68.54 Y25.403 E.01272
G1 X68.034 Y25.506 E.02053
M73 P96 R0
G1 X67.741 Y25.514 E.01165
G1 X67.255 Y25.455 E.01947
G1 X66.948 Y25.366 E.01271
G1 X66.342 Y25.057 E.02705
G1 X65.89 Y24.635 E.02459
G1 X65.698 Y24.38 E.01269
;WIDTH:0.488778
G1 X65.516 Y24.021 E.01756
;WIDTH:0.527556
G1 X65.333 Y23.662 E.01914
G1 X65.273 Y23.163 E.02387
;WIDTH:0.4867
G1 X65.273 Y22.837 E.01416
;WIDTH:0.526216
G1 X65.295 Y22.654 E.00873
G1 X65.734 Y22.664 F21000
;WIDTH:0.449999
G1 F2099
G1 X65.763 Y22.421 E.00973
G1 X66.051 Y21.806 E.027
G1 X66.519 Y21.313 E.02703
G1 X66.997 Y21.052 E.02165
G1 X67.303 Y20.941 E.01294
G1 X67.861 Y20.878 E.02233
G1 X68.317 Y20.946 E.01833
G1 X68.941 Y21.216 E.02703
G1 X69.447 Y21.669 E.027
G1 X69.784 Y22.259 E.02702
G1 X69.919 Y22.877 E.02515
G1 X69.877 Y23.413 E.02138
G1 X69.64 Y24.05 E.02702
G1 X69.212 Y24.578 E.02703
G1 X68.64 Y24.944 E.027
G1 X67.981 Y25.11 E.02702
G1 X67.303 Y25.059 E.02703
G1 X66.677 Y24.796 E.027
G1 X66.166 Y24.348 E.02702
G1 X65.823 Y23.761 E.02703
G1 X65.684 Y23.096 E.02701
G1 X65.727 Y22.724 E.01489
M204 T250
G1 X66.121 Y22.727 F21000
M204 T7000
;TYPE:External perimeter
G1 F2099
G1 X66.156 Y22.485 E.00972
G1 X66.404 Y21.991 E.02198
G1 X66.795 Y21.601 E.02196
G1 X67.29 Y21.354 E.022
G1 X67.837 Y21.278 E.02196
G1 X68.176 Y21.319 E.01358
G1 X68.689 Y21.524 E.02197
G1 X69.111 Y21.882 E.022
G1 X69.397 Y22.354 E.02194
G1 X69.52 Y22.877 E.02136
G1 X69.48 Y23.381 E.0201
G1 X69.273 Y23.894 E.022
G1 X68.914 Y24.314 E.02197
G1 X68.441 Y24.599 E.02196
G1 X67.901 Y24.72 E.022
G1 X67.351 Y24.663 E.02199
G1 X66.848 Y24.436 E.02194
G1 X66.442 Y24.06 E.022
G1 X66.176 Y23.576 E.02196
G1 X66.078 Y23.032 E.02198
G1 X66.113 Y22.787 E.00984
G1 E-.16 F2700
;WIPE_START
G1 F16800
G1 X66.121 Y22.727 E-.00924
G1 X66.156 Y22.485 E-.03733
G1 X66.404 Y21.991 E-.08439
G1 X66.795 Y21.601 E-.08432
G1 X67.29 Y21.354 E-.08446
G1 X67.837 Y21.278 E-.08432
G1 X68.176 Y21.319 E-.05214
G1 X68.689 Y21.524 E-.08435
G1 X69.111 Y21.882 E-.08449
G1 X69.23 Y22.078 E-.03496
;WIPE_END
G1 X70.778 Y18.022 Z7.236 F21000
G1 Z7.16 F720
G1 E.8 F1500
;TYPE:Perimeter
G1 F1200
G1 X70.778 Y22.09 E.16175
;WIDTH:0.483188
G1 X70.761 Y22.976 E.03817
;WIDTH:0.510333
G1 X70.748 Y23.582 E.02775
G1 X70.763 Y23.973 E.01791
;WIDTH:0.480166
G1 X70.778 Y24.364 E.01674
;WIDTH:0.449999
G1 X70.778 Y26.778 E.09599
G1 X64.822 Y26.778 E.23682
G1 X64.822 Y24.596 E.08676
;WIDTH:0.488108
G1 X64.841 Y24.141 E.01984
;WIDTH:0.526216
G1 X64.86 Y23.687 E.02152
G1 X64.836 Y23 E.03256
G1 X64.86 Y22.313 E.03256
G1 X64.841 Y22.103 E.00999
;WIDTH:0.488108
G1 X64.822 Y21.894 E.00914
;WIDTH:0.449999
G1 X64.822 Y18.022 E.15396
G1 X70.718 Y18.022 E.23444
G1 X71.177 Y17.623 F21000
G1 F2099
G1 X71.177 Y27.177 E.37989
G1 X64.423 Y27.177 E.26855
G1 X64.423 Y17.623 E.37989
G1 X71.117 Y17.623 E.26617
M204 T250
G1 X71.575 Y17.225 F21000
M204 T7000
;TYPE:External perimeter
G1 F2099
G1 X71.575 Y27.575 E.41154
G1 X64.025 Y27.575 E.3002
G1 X64.025 Y17.225 E.41154
G1 X71.515 Y17.225 E.29782
G1 E-.16 F2700
;WIPE_START
G1 F16800
G1 X71.575 Y17.225 E-.00916
G1 X71.575 Y21.357 E-.63084
;WIPE_END
G1 X65.269 Y18.393 Z7.282 F21000
G1 Z7.16 F720
G1 E.8 F1500
;TYPE:Solid infill
;WIDTH:0.546682
G1 F1200
G1 X65.225 Y18.349 E.00307
G1 X65.165 Y18.365 E.00307
G1 X65.149 Y18.425 E.00307
G1 X65.193 Y18.469 E.00307
G1 X65.253 Y18.453 E.00307
;WIDTH:0.449999
G1 X65.161 Y19.089 E.02555
G1 X65.889 Y18.361 E.04094
G1 X66.453 Y18.361 E.02243
G1 X65.161 Y19.653 E.07265
G1 X65.161 Y20.216 E.02239
G1 X67.016 Y18.361 E.10431
G1 X67.58 Y18.361 E.02243
G1 X65.161 Y20.78 E.13603
G1 X65.161 Y21.344 E.02243
G1 X68.144 Y18.361 E.16774
G1 X70.439 Y18.361 E.09125
G1 X70.439 Y21.936 E.14215
G1 X70.344 Y21.713 E.00964
G1 X70.073 Y21.279 E.02034
G1 X69.806 Y20.973 E.01615
G1 X69.411 Y20.648 E.02034
G1 X69.027 Y20.427 E.01762
G1 X68.301 Y20.188 E.03039
G1 X67.84 Y20.142 E.01842
G1 X67.159 Y20.218 E.02725
G1 X66.682 Y20.386 E.02011
G1 X68.525 Y18.543 E.10364
G1 X68.848 Y18.759 E.01545
G1 X70.041 Y18.759 E.04744
G1 X70.037 Y20.64 E.07479
G1 X69.663 Y20.339 E.01909
G1 X69.148 Y20.047 E.02354
G1 X68.426 Y19.81 E.03022
G1 X67.886 Y19.745 E.02163
G1 X68.71 Y18.903 E.04684
G1 X69.051 Y19.191 E.01775
;WIDTH:0.516455
G1 X69.609 Y19.191 E.02589
G1 X69.609 Y19.8 E.02825
G1 X69.283 Y19.637 E.01691
G1 X68.773 Y19.469 E.02491
G1 X68.91 Y19.332 E.00899
G1 E-.16 F2700
;WIPE_START
G1 F16800
G1 X68.773 Y19.469 E-.02958
G1 X69.283 Y19.637 E-.08198
G1 X69.609 Y19.8 E-.05565
G1 X69.609 Y19.191 E-.09298
G1 X69.051 Y19.191 E-.08519
G1 X68.71 Y18.903 E-.06815
G1 X67.886 Y19.745 E-.17987
G1 X68.189 Y19.781 E-.0466
;WIPE_END
G1 X66.085 Y20.845 Z7.201 F21000
M73 Q97 S0
G1 Z7.16 F720
G1 E.8 F1500
;WIDTH:0.391504
G1 F1200
G1 X65.72 Y21.203 E.01734
;WIDTH:0.436576
G1 X65.448 Y21.521 E.01608
;WIDTH:0.481648
G1 X65.177 Y21.84 E.01797
G1 E-.16 F2700
;WIPE_START
G1 F16800
G1 X65.448 Y21.521 E-.06391
G1 X65.72 Y21.203 E-.06389
G1 X66.085 Y20.845 E-.07806
;WIPE_END
G1 E-.43414 F2700
G1 X65.165 Y24.12 Z7.219 F21000
G1 Z7.16 F720
G1 E.8 F1500
;WIDTH:0.449999
G1 F1200
G1 X65.398 Y24.536 E.01896
G1 X65.661 Y24.885 E.01738
G1 X66.169 Y25.347 E.0273
;WIDTH:0.491846
G1 X66.517 Y25.516 E.017
;WIDTH:0.533693
G1 X66.866 Y25.685 E.01866
;WIDTH:0.575539
G1 X67.215 Y25.854 E.02028
G1 X67.903 Y25.903 E.03607
;WIDTH:0.574398
G1 X68.257 Y25.858 E.01862
;WIDTH:0.60452
G1 X68.61 Y25.813 E.01964
G1 X68.711 Y25.755 E.00643
;WIDTH:0.56589
G1 X68.812 Y25.697 E.00598
;WIDTH:0.52726
G1 X68.912 Y25.638 E.00551
;WIDTH:0.48863
G1 X69.013 Y25.58 E.00508
;WIDTH:0.449999
G1 X69.478 Y25.31 E.02138
G1 X69.767 Y25.064 E.01509
G1 X70.105 Y24.679 E.02037
G1 X70.431 Y24.098 E.02649
G1 X70.439 Y26.439 E.09308
G1 X69.245 Y26.439 E.04748
;WIDTH:0.48863
G1 X69.098 Y26.42 E.00646
;WIDTH:0.52726
G1 X68.951 Y26.401 E.00704
;WIDTH:0.56589
G1 X68.804 Y26.381 E.00761
;WIDTH:0.60452
G1 X68.657 Y26.362 E.00818
G1 X68.233 Y26.378 E.02341
;WIDTH:0.573347
G1 X67.81 Y26.393 E.02204
;WIDTH:0.575539
G1 X67.519 Y26.386 E.0152
G1 F7156
G1 X67.187 Y26.377 E.01739
G1 X67.032 Y26.397 E.00817
;WIDTH:0.533693
G1 F7777.044
G1 X66.876 Y26.418 E.00757
;WIDTH:0.491846
G1 F8400
G1 X66.721 Y26.439 E.00687
;WIDTH:0.449999
G1 X65.161 Y26.439 E.06203
G1 X65.163 Y24.319 E.0843
G1 X65.568 Y25.354 F21000
;WIDTH:0.467175
G1 F8400
G1 X65.983 Y25.709 E.02265
G1 X66.607 Y26.031 E.02912
G1 X65.568 Y26.032 E.04309
G1 X65.568 Y25.553 E.01987
G1 E-.16 F2700
;WIPE_START
G1 F16800
G1 X65.568 Y26.032 E-.07313
G1 X66.607 Y26.031 E-.15863
G1 X65.983 Y25.709 E-.10721
G1 X65.568 Y25.354 E-.08338
;WIPE_END
G1 E-.21765 F2700
G1 X69.878 Y25.502 Z7.235 F21000
G1 Z7.16 F720
G1 E.8 F1500
;WIDTH:0.469191
G1 F8400
G1 X69.683 Y25.663 E.01054
G1 X69.218 Y25.933 E.02241
G1 X68.982 Y26.031 E.01065
G1 X70.031 Y26.031 E.04372
G1 X70.031 Y25.375 E.02734
;LAYER_CHANGE
;Z:7.4
;HEIGHT:0.24
;BEFORE_LAYER_CHANGE
G92 E0.0
;7.4


G1 E-.16 F2700
;WIPE_START
G1 F16800
G1 X70.031 Y26.031 E-.10016
G1 X68.982 Y26.031 E-.16016
G1 X69.218 Y25.933 E-.03902
G1 X69.683 Y25.663 E-.0821
G1 X69.878 Y25.502 E-.03861
;WIPE_END
G1 E-.21995 F2700
G1 X69.878 Y25.502 Z7.16 F21000
G1 X65.302 Y22.594 Z7.4 F16280.603
;AFTER_LAYER_CHANGE
;7.4
G1 X65.302 Y22.594 F21000
G1 Z7.4 F720
G1 E.8 F1500
;TYPE:Perimeter
;WIDTH:0.526216
G1 F1200
G1 X65.332 Y22.351 E.0116
G1 X65.515 Y21.986 E.01934
;WIDTH:0.488108
G1 X65.698 Y21.62 E.01783
;WIDTH:0.449999
G1 X65.89 Y21.365 E.01269
G1 X66.243 Y21.026 E.01946
G1 X66.506 Y20.844 E.01272
G1 X67.203 Y20.553 E.03003
G1 X67.741 Y20.486 E.02156
G1 X68.225 Y20.516 E.01928
G1 X68.88 Y20.733 E.02744
G1 X69.193 Y20.907 E.01424
G1 X69.572 Y21.217 E.01947
G1 X69.784 Y21.456 E.0127
G1 X70.046 Y21.869 E.01945
;WIDTH:0.499281
G1 X70.312 Y22.633 E.03614
G1 X70.33 Y22.959 E.01459
;WIDTH:0.510332
G1 X70.292 Y23.542 E.02675
G1 X70.149 Y23.874 E.01655
;WIDTH:0.480166
G1 X70.006 Y24.206 E.01546
;WIDTH:0.449999
G1 X69.835 Y24.476 E.01271
G1 X69.305 Y25.019 E.03017
G1 X68.839 Y25.289 E.02141
G1 X68.54 Y25.403 E.01272
G1 X68.034 Y25.506 E.02053
G1 X67.741 Y25.514 E.01165
G1 X67.255 Y25.455 E.01947
G1 X66.948 Y25.366 E.01271
G1 X66.342 Y25.057 E.02705
G1 X65.89 Y24.635 E.02459
G1 X65.698 Y24.38 E.01269
;WIDTH:0.488778
G1 X65.516 Y24.021 E.01756
;WIDTH:0.527557
G1 X65.333 Y23.662 E.01914
G1 X65.273 Y23.163 E.02387
;WIDTH:0.4867
G1 X65.273 Y22.837 E.01416
;WIDTH:0.526216
G1 X65.295 Y22.654 E.00873
G1 X65.734 Y22.664 F21000
;WIDTH:0.449999
G1 F2113
M73 P97 R0
G1 X65.763 Y22.421 E.00973
G1 X66.051 Y21.806 E.027
G1 X66.519 Y21.313 E.02703
G1 X66.997 Y21.052 E.02165
G1 X67.303 Y20.941 E.01294
G1 X67.861 Y20.878 E.02233
G1 X68.317 Y20.946 E.01833
G1 X68.941 Y21.216 E.02703
G1 X69.447 Y21.669 E.027
G1 X69.784 Y22.259 E.02702
G1 X69.919 Y22.877 E.02515
G1 X69.877 Y23.413 E.02138
G1 X69.64 Y24.05 E.02702
G1 X69.212 Y24.578 E.02703
G1 X68.64 Y24.944 E.027
G1 X67.981 Y25.11 E.02702
G1 X67.303 Y25.059 E.02703
G1 X66.677 Y24.796 E.027
G1 X66.166 Y24.348 E.02702
G1 X65.823 Y23.761 E.02703
G1 X65.684 Y23.096 E.02701
G1 X65.727 Y22.724 E.01489
M204 T250
G1 X66.121 Y22.727 F21000
M204 T7000
;TYPE:External perimeter
G1 F2113
G1 X66.156 Y22.485 E.00972
G1 X66.404 Y21.991 E.02198
G1 X66.795 Y21.601 E.02196
G1 X67.29 Y21.354 E.022
G1 X67.837 Y21.278 E.02196
G1 X68.176 Y21.319 E.01358
G1 X68.689 Y21.524 E.02197
G1 X69.111 Y21.882 E.022
G1 X69.397 Y22.354 E.02194
G1 X69.52 Y22.877 E.02136
G1 X69.48 Y23.381 E.0201
G1 X69.273 Y23.894 E.022
G1 X68.914 Y24.314 E.02197
G1 X68.441 Y24.599 E.02196
G1 X67.901 Y24.72 E.022
G1 X67.351 Y24.663 E.02199
G1 X66.848 Y24.436 E.02194
G1 X66.442 Y24.06 E.022
G1 X66.176 Y23.576 E.02196
G1 X66.078 Y23.032 E.02198
G1 X66.113 Y22.787 E.00984
G1 E-.16 F2700
;WIPE_START
G1 F16800
G1 X66.121 Y22.727 E-.00924
G1 X66.156 Y22.485 E-.03733
G1 X66.404 Y21.991 E-.08439
G1 X66.795 Y21.601 E-.08432
G1 X67.29 Y21.354 E-.08446
G1 X67.837 Y21.278 E-.08432
G1 X68.176 Y21.319 E-.05214
G1 X68.689 Y21.524 E-.08435
G1 X69.111 Y21.882 E-.08449
G1 X69.23 Y22.078 E-.03496
;WIPE_END
G1 X70.778 Y18.022 Z7.476 F21000
G1 Z7.4 F720
G1 E.8 F1500
;TYPE:Perimeter
G1 F1200
G1 X70.778 Y22.09 E.16175
;WIDTH:0.483188
G1 X70.761 Y22.976 E.03817
;WIDTH:0.510332
G1 X70.748 Y23.582 E.02775
G1 X70.763 Y23.973 E.01791
;WIDTH:0.480166
G1 X70.778 Y24.364 E.01674
;WIDTH:0.449999
G1 X70.778 Y26.778 E.09599
G1 X64.822 Y26.778 E.23682
G1 X64.822 Y24.596 E.08676
;WIDTH:0.488108
G1 X64.841 Y24.141 E.01984
;WIDTH:0.526217
G1 X64.86 Y23.687 E.02152
G1 X64.836 Y23 E.03256
G1 X64.86 Y22.313 E.03256
G1 X64.841 Y22.103 E.00999
;WIDTH:0.488108
G1 X64.822 Y21.894 E.00914
;WIDTH:0.449999
G1 X64.822 Y18.022 E.15396
G1 X70.718 Y18.022 E.23444
G1 X71.177 Y17.623 F21000
G1 F2113
G1 X71.177 Y27.177 E.37989
G1 X64.423 Y27.177 E.26855
G1 X64.423 Y17.623 E.37989
G1 X71.117 Y17.623 E.26617
M204 T250
G1 X71.575 Y17.225 F21000
M204 T7000
;TYPE:External perimeter
G1 F2113
G1 X71.575 Y27.575 E.41154
G1 X64.025 Y27.575 E.3002
G1 X64.025 Y17.225 E.41154
G1 X71.515 Y17.225 E.29782
G1 E-.16 F2700
;WIPE_START
G1 F16800
G1 X71.575 Y17.225 E-.00916
G1 X71.575 Y21.357 E-.63084
;WIPE_END
G1 X65.413 Y21.44 Z7.508 F21000
G1 Z7.4 F720
G1 E.8 F1500
;TYPE:Solid infill
G1 F1200
G1 X65.161 Y21.881 E.0202
G1 X65.161 Y18.361 E.13996
G1 X67.024 Y18.361 E.07408
G1 X67.024 Y18.502 E.00561
G1 X68.911 Y20.389 E.10611
G1 X68.301 Y20.188 E.02554
G1 X67.84 Y20.142 E.01842
G1 X67.159 Y20.218 E.02725
G1 X66.825 Y20.32 E.01389
G1 X66.365 Y20.536 E.02021
G1 X66.03 Y20.765 E.01614
G1 X65.659 Y21.117 E.02033
G1 X65.534 Y21.282 E.00823
G1 X65.559 Y20.66 E.02475
G1 X65.559 Y18.759 E.07559
G1 X66.225 Y18.759 E.02648
G1 X66.742 Y18.783 E.02058
G1 X67.714 Y19.755 E.05466
G1 X67.115 Y19.822 E.02397
G1 X66.677 Y19.95 E.01814
G1 X66.194 Y20.176 E.0212
G1 X65.803 Y20.437 E.01869
G1 X65.706 Y20.526 E.00523
G1 X65.992 Y19.795 E.03121
;WIDTH:0.517933
G1 X65.992 Y19.192 E.02806
G1 X66.539 Y19.192 E.02546
G1 X66.802 Y19.455 E.01731
G1 X66.443 Y19.579 E.01768
G1 X66.171 Y19.709 E.01403
G1 E-.16 F2700
;WIPE_START
G1 F16800
G1 X66.443 Y19.579 E-.04603
G1 X66.802 Y19.455 E-.05799
G1 X66.539 Y19.192 E-.05679
G1 X65.992 Y19.192 E-.08352
G1 X65.992 Y19.795 E-.09207
G1 X65.706 Y20.526 E-.11985
G1 X65.803 Y20.437 E-.0201
G1 X66.194 Y20.176 E-.07178
G1 X66.677 Y19.95 E-.08142
G1 X66.743 Y19.931 E-.01045
;WIPE_END
G1 X69.357 Y20.714 Z7.448 F21000
G1 Z7.4 F720
G1 E.8 F1500
;WIDTH:0.391504
G1 F1200
G1 X69.98 Y21.318 E.02944
G1 X70.307 Y21.728 E.01779
;WIDTH:0.438031
G1 X70.365 Y21.79 E.00327
;WIDTH:0.484558
G1 X70.422 Y21.851 E.00361
;WIDTH:0.449999
G1 X70.439 Y21.353 E.01981
G1 X67.447 Y18.361 E.16825
G1 X70.439 Y18.361 E.11897
G1 X70.439 Y20.79 E.09658
G1 X68.151 Y18.502 E.12866
G1 X69.11 Y18.816 F21000
;WIDTH:0.563721
G1 F1200
G1 X69.984 Y18.816 E.04467
G1 X69.984 Y19.69 E.04467
G1 X69.25 Y18.957 E.05302
G1 E-.16 F2700
;WIPE_START
G1 F16800
G1 X69.984 Y19.69 E-.15838
G1 X69.984 Y18.816 E-.13344
G1 X69.11 Y18.816 E-.13344
;WIPE_END
G1 E-.21474 F2700
G1 X65.161 Y24.843 Z7.526 F21000
G1 Z7.4 F720
G1 E.8 F1500
;WIDTH:0.449999
G1 F1200
G1 X65.161 Y26.439 E.06346
G1 X66.721 Y26.439 E.06203
;WIDTH:0.491846
G1 X66.876 Y26.418 E.00687
;WIDTH:0.533693
G1 X67.032 Y26.397 E.00757
;WIDTH:0.57554
G1 X67.187 Y26.377 E.00817
G1 X67.81 Y26.393 E.03259
;WIDTH:0.573348
G1 X68.233 Y26.378 E.02204
;WIDTH:0.604522
G1 X68.657 Y26.362 E.02341
G1 X68.804 Y26.381 E.00818
;WIDTH:0.565892
G1 X68.951 Y26.401 E.00761
;WIDTH:0.527261
G1 X69.098 Y26.42 E.00704
;WIDTH:0.48863
G1 X69.245 Y26.439 E.00646
;WIDTH:0.449999
G1 X70.439 Y26.439 E.04748
G1 X70.431 Y24.098 E.09308
G1 X70.105 Y24.679 E.02649
G1 X69.767 Y25.064 E.02037
G1 X69.478 Y25.31 E.01509
G1 X69.013 Y25.58 E.02138
;WIDTH:0.48863
G1 X68.912 Y25.638 E.00508
;WIDTH:0.527261
G1 X68.812 Y25.697 E.00551
;WIDTH:0.565892
G1 X68.711 Y25.755 E.00598
;WIDTH:0.604522
G1 X68.61 Y25.813 E.00643
G1 X68.405 Y25.839 Z7.4 E.0114
G1 F6781
G1 X68.257 Y25.858 Z7.4 E.00824
;WIDTH:0.574399
G1 F7171.612
G1 X67.903 Y25.903 E.01862
;WIDTH:0.57554
G1 F7155.997
G1 X67.215 Y25.854 E.03607
G1 X66.866 Y25.685 E.02028
;WIDTH:0.533693
G1 F7777.034
G1 X66.517 Y25.516 E.01866
;WIDTH:0.491846
G1 F8400
M73 Q98 S0
G1 X66.169 Y25.347 E.017
;WIDTH:0.449999
G1 X65.661 Y24.885 E.0273
G1 X65.398 Y24.536 E.01738
G1 X65.165 Y24.12 E.01896
G1 X65.161 Y24.644 E.02084
G1 X65.568 Y25.354 F21000
;WIDTH:0.467176
G1 F8400
G1 X65.983 Y25.709 E.02265
G1 X66.607 Y26.031 E.02912
G1 X65.568 Y26.032 E.04309
G1 X65.568 Y25.553 E.01987
G1 E-.16 F2700
;WIPE_START
G1 F16800
G1 X65.568 Y26.032 E-.07313
G1 X66.607 Y26.031 E-.15863
G1 X65.983 Y25.709 E-.10721
G1 X65.568 Y25.354 E-.08338
;WIPE_END
G1 E-.21765 F2700
G1 X68.982 Y26.031 Z7.461 F21000
G1 Z7.4 F720
G1 E.8 F1500
;WIDTH:0.46919
G1 F8400
G1 X69.218 Y25.933 E.01065
G1 X69.683 Y25.663 E.02241
G1 X70.031 Y25.375 E.01883
G1 X70.031 Y26.031 E.02734
G1 X69.181 Y26.031 E.03543
;LAYER_CHANGE
;Z:7.64
;HEIGHT:0.24
;BEFORE_LAYER_CHANGE
G92 E0.0
;7.64


G1 E-.16 F2700
;WIPE_START
G1 F16800
G1 X70.031 Y26.031 E-.12978
G1 X70.031 Y25.375 E-.10016
G1 X69.683 Y25.663 E-.06897
G1 X69.218 Y25.933 E-.0821
G1 X68.982 Y26.031 E-.03902
;WIPE_END
G1 E-.21997 F2700
G1 X68.982 Y26.031 Z7.4 F21000
G1 X65.302 Y22.594 Z7.64 F15122.668
;AFTER_LAYER_CHANGE
;7.64
G1 X65.302 Y22.594 F21000
G1 Z7.64 F720
G1 E.8 F1500
;TYPE:Perimeter
;WIDTH:0.526217
G1 F1200
G1 X65.332 Y22.351 E.0116
G1 X65.515 Y21.986 E.01934
;WIDTH:0.488108
G1 X65.698 Y21.62 E.01783
;WIDTH:0.449999
G1 X65.89 Y21.365 E.01269
G1 X66.243 Y21.026 E.01946
G1 X66.506 Y20.844 E.01272
G1 X67.203 Y20.553 E.03003
G1 X67.741 Y20.486 E.02156
G1 X68.225 Y20.516 E.01928
G1 X68.88 Y20.733 E.02744
G1 X69.193 Y20.907 E.01424
G1 X69.572 Y21.217 E.01947
G1 X69.784 Y21.456 E.0127
G1 X70.046 Y21.869 E.01945
;WIDTH:0.499281
G1 X70.312 Y22.633 E.03614
G1 X70.33 Y22.959 E.01459
;WIDTH:0.510333
G1 X70.292 Y23.543 E.02679
G1 X70.149 Y23.874 E.01651
;WIDTH:0.480166
G1 X70.006 Y24.206 E.01546
;WIDTH:0.449999
G1 X69.835 Y24.476 E.01271
G1 X69.305 Y25.019 E.03017
G1 X68.839 Y25.289 E.02141
G1 X68.54 Y25.403 E.01272
G1 X68.034 Y25.506 E.02053
G1 X67.741 Y25.514 E.01165
G1 X67.255 Y25.455 E.01947
G1 X66.948 Y25.366 E.01271
G1 X66.342 Y25.057 E.02705
G1 X65.89 Y24.635 E.02459
G1 X65.698 Y24.38 E.01269
;WIDTH:0.488778
G1 X65.516 Y24.021 E.01756
;WIDTH:0.527556
G1 X65.333 Y23.662 E.01914
G1 X65.273 Y23.163 E.02387
;WIDTH:0.4867
G1 X65.273 Y22.837 E.01416
;WIDTH:0.526217
G1 X65.295 Y22.654 E.00873
G1 X65.734 Y22.664 F21000
;WIDTH:0.449999
G1 F2099
G1 X65.763 Y22.421 E.00973
G1 X66.051 Y21.806 E.027
G1 X66.519 Y21.313 E.02703
G1 X66.997 Y21.052 E.02165
G1 X67.303 Y20.941 E.01294
G1 X67.861 Y20.878 E.02233
G1 X68.317 Y20.946 E.01833
G1 X68.941 Y21.216 E.02703
G1 X69.447 Y21.669 E.027
G1 X69.784 Y22.259 E.02702
G1 X69.919 Y22.877 E.02515
G1 X69.877 Y23.413 E.02138
G1 X69.64 Y24.05 E.02702
G1 X69.212 Y24.578 E.02703
M73 P98 R0
G1 X68.64 Y24.944 E.027
G1 X67.981 Y25.11 E.02702
G1 X67.303 Y25.059 E.02703
G1 X66.677 Y24.796 E.027
G1 X66.166 Y24.348 E.02702
G1 X65.823 Y23.761 E.02703
G1 X65.684 Y23.096 E.02701
G1 X65.727 Y22.724 E.01489
M204 T250
G1 X66.121 Y22.727 F21000
M204 T7000
;TYPE:External perimeter
G1 F2099
G1 X66.156 Y22.485 E.00972
G1 X66.404 Y21.991 E.02198
G1 X66.795 Y21.601 E.02196
G1 X67.29 Y21.354 E.022
G1 X67.837 Y21.278 E.02196
G1 X68.176 Y21.319 E.01358
G1 X68.689 Y21.524 E.02197
G1 X69.111 Y21.882 E.022
G1 X69.397 Y22.354 E.02194
G1 X69.52 Y22.877 E.02136
G1 X69.48 Y23.381 E.0201
G1 X69.273 Y23.894 E.022
G1 X68.914 Y24.314 E.02197
G1 X68.441 Y24.599 E.02196
G1 X67.901 Y24.72 E.022
G1 X67.351 Y24.663 E.02199
G1 X66.848 Y24.436 E.02194
G1 X66.442 Y24.06 E.022
G1 X66.176 Y23.576 E.02196
G1 X66.078 Y23.032 E.02198
G1 X66.113 Y22.787 E.00984
G1 E-.16 F2700
;WIPE_START
G1 F16800
G1 X66.121 Y22.727 E-.00924
G1 X66.156 Y22.485 E-.03733
G1 X66.404 Y21.991 E-.08439
G1 X66.795 Y21.601 E-.08432
G1 X67.29 Y21.354 E-.08446
G1 X67.837 Y21.278 E-.08432
G1 X68.176 Y21.319 E-.05214
G1 X68.689 Y21.524 E-.08435
G1 X69.111 Y21.882 E-.08449
G1 X69.23 Y22.078 E-.03496
;WIPE_END
G1 X70.778 Y18.022 Z7.716 F21000
G1 Z7.64 F720
G1 E.8 F1500
;TYPE:Perimeter
G1 F1200
G1 X70.778 Y22.09 E.16175
;WIDTH:0.483188
G1 X70.761 Y22.976 E.03817
;WIDTH:0.510333
G1 X70.748 Y23.582 E.02775
G1 X70.763 Y23.973 E.01791
;WIDTH:0.480166
G1 X70.778 Y24.364 E.01674
;WIDTH:0.449999
G1 X70.778 Y26.778 E.09599
G1 X64.822 Y26.778 E.23682
G1 X64.822 Y24.596 E.08676
;WIDTH:0.488108
G1 X64.841 Y24.141 E.01984
;WIDTH:0.526216
G1 X64.86 Y23.687 E.02152
G1 X64.836 Y23 E.03256
G1 X64.86 Y22.313 E.03256
G1 X64.841 Y22.103 E.00999
;WIDTH:0.488108
G1 X64.822 Y21.894 E.00914
;WIDTH:0.449999
G1 X64.822 Y18.022 E.15396
G1 X70.718 Y18.022 E.23444
G1 X71.177 Y17.623 F21000
G1 F2099
G1 X71.177 Y27.177 E.37989
G1 X64.423 Y27.177 E.26855
G1 X64.423 Y17.623 E.37989
G1 X71.117 Y17.623 E.26617
M204 T250
G1 X71.575 Y17.225 F21000
M204 T7000
;TYPE:External perimeter
G1 F2099
G1 X71.575 Y27.575 E.41154
G1 X64.025 Y27.575 E.3002
G1 X64.025 Y17.225 E.41154
G1 X71.515 Y17.225 E.29782
G1 E-.16 F2700
;WIPE_START
G1 F16800
G1 X71.575 Y17.225 E-.00916
G1 X71.575 Y21.357 E-.63084
;WIPE_END
G1 X65.269 Y18.393 Z7.762 F21000
G1 Z7.64 F720
G1 E.8 F1500
;TYPE:Solid infill
;WIDTH:0.546684
G1 F1200
G1 X65.225 Y18.349 E.00307
G1 X65.165 Y18.365 E.00307
G1 X65.149 Y18.425 E.00307
G1 X65.193 Y18.469 E.00307
G1 X65.253 Y18.453 E.00307
;WIDTH:0.449999
G1 X65.161 Y19.089 E.02555
G1 X65.889 Y18.361 E.04094
G1 X66.453 Y18.361 E.02243
G1 X65.161 Y19.653 E.07265
G1 X65.161 Y20.216 E.02239
G1 X67.016 Y18.361 E.10431
G1 X67.58 Y18.361 E.02243
G1 X65.161 Y20.78 E.13603
G1 X65.161 Y21.344 E.02243
G1 X68.144 Y18.361 E.16774
G1 X70.439 Y18.361 E.09125
G1 X70.439 Y21.936 E.14215
G1 X70.344 Y21.713 E.00964
G1 X70.073 Y21.279 E.02034
G1 X69.806 Y20.973 E.01615
G1 X69.411 Y20.648 E.02034
G1 X69.027 Y20.427 E.01762
G1 X68.301 Y20.188 E.03039
G1 X67.84 Y20.142 E.01842
G1 X67.159 Y20.218 E.02725
G1 X66.682 Y20.386 E.02011
G1 X68.525 Y18.543 E.10364
G1 X68.848 Y18.759 E.01545
G1 X70.041 Y18.759 E.04744
G1 X70.037 Y20.64 E.07479
G1 X69.663 Y20.339 E.01909
G1 X69.148 Y20.047 E.02354
G1 X68.426 Y19.81 E.03022
G1 X67.886 Y19.745 E.02163
G1 X68.71 Y18.903 E.04684
G1 X69.051 Y19.191 E.01775
;WIDTH:0.516453
G1 X69.609 Y19.191 E.02589
G1 X69.609 Y19.8 E.02825
G1 X69.283 Y19.637 E.01691
G1 X68.773 Y19.469 E.02491
G1 X68.91 Y19.332 E.00899
G1 E-.16 F2700
;WIPE_START
G1 F16800
G1 X68.773 Y19.469 E-.02958
G1 X69.283 Y19.637 E-.08198
G1 X69.609 Y19.8 E-.05565
G1 X69.609 Y19.191 E-.09298
G1 X69.051 Y19.191 E-.08519
G1 X68.71 Y18.903 E-.06815
G1 X67.886 Y19.745 E-.17987
G1 X68.189 Y19.781 E-.0466
;WIPE_END
G1 X66.085 Y20.845 Z7.681 F21000
G1 Z7.64 F720
G1 E.8 F1500
;WIDTH:0.391504
G1 F1200
G1 X65.72 Y21.203 E.01734
;WIDTH:0.436576
G1 X65.448 Y21.521 E.01608
;WIDTH:0.481648
G1 X65.177 Y21.84 E.01797
G1 E-.16 F2700
;WIPE_START
G1 F16800
G1 X65.448 Y21.521 E-.06391
G1 X65.72 Y21.203 E-.06389
G1 X66.085 Y20.845 E-.07806
;WIPE_END
G1 E-.43414 F2700
G1 X65.165 Y24.12 Z7.699 F21000
G1 Z7.64 F720
G1 E.8 F1500
;WIDTH:0.449999
G1 F1200
G1 X65.398 Y24.536 E.01896
G1 X65.661 Y24.885 E.01738
G1 X66.169 Y25.347 E.0273
;WIDTH:0.491846
G1 X66.517 Y25.516 E.017
;WIDTH:0.533693
G1 X66.866 Y25.685 E.01866
;WIDTH:0.57554
G1 X67.215 Y25.854 E.02028
G1 X67.903 Y25.903 E.03607
;WIDTH:0.574399
G1 X68.257 Y25.858 E.01862
;WIDTH:0.604522
G1 X68.61 Y25.813 E.01964
G1 X68.711 Y25.755 E.00643
;WIDTH:0.565892
G1 X68.812 Y25.697 E.00598
;WIDTH:0.527261
G1 X68.912 Y25.638 E.00551
;WIDTH:0.48863
G1 X69.013 Y25.58 E.00508
;WIDTH:0.449999
G1 X69.478 Y25.31 E.02138
G1 X69.767 Y25.064 E.01509
G1 X70.105 Y24.679 E.02037
G1 X70.431 Y24.098 E.02649
G1 X70.439 Y26.439 E.09308
G1 X69.245 Y26.439 E.04748
;WIDTH:0.48863
G1 X69.098 Y26.42 E.00646
;WIDTH:0.527261
G1 X68.951 Y26.401 E.00704
;WIDTH:0.565892
G1 X68.804 Y26.381 E.00761
;WIDTH:0.604522
G1 X68.657 Y26.362 E.00818
G1 X68.233 Y26.378 E.02341
;WIDTH:0.573348
G1 X67.81 Y26.393 E.02204
;WIDTH:0.57554
G1 X67.519 Y26.386 E.0152
G1 F7156
G1 X67.187 Y26.377 E.01739
G1 X67.032 Y26.397 E.00817
;WIDTH:0.533693
G1 F7777.034
G1 X66.876 Y26.418 E.00757
;WIDTH:0.491846
G1 F8400
G1 X66.721 Y26.439 E.00687
;WIDTH:0.449999
G1 X65.161 Y26.439 E.06203
G1 X65.163 Y24.319 E.0843
G1 X65.568 Y25.354 F21000
;WIDTH:0.467175
G1 F8400
G1 X65.983 Y25.709 E.02265
G1 X66.607 Y26.031 E.02912
G1 X65.568 Y26.032 E.04309
G1 X65.568 Y25.553 E.01987
G1 E-.16 F2700
;WIPE_START
G1 F16800
G1 X65.568 Y26.032 E-.07313
G1 X66.607 Y26.031 E-.15863
G1 X65.983 Y25.709 E-.10721
G1 X65.568 Y25.354 E-.08338
;WIPE_END
G1 E-.21765 F2700
G1 X69.878 Y25.502 Z7.715 F21000
G1 Z7.64 F720
G1 E.8 F1500
;WIDTH:0.469191
G1 F8400
G1 X69.683 Y25.663 E.01054
G1 X69.218 Y25.933 E.02241
G1 X68.982 Y26.031 E.01065
G1 X70.031 Y26.031 E.04372
G1 X70.031 Y25.375 E.02734
;LAYER_CHANGE
;Z:7.88
;HEIGHT:0.24
;BEFORE_LAYER_CHANGE
G92 E0.0
;7.88


G1 E-.16 F2700
;WIPE_START
G1 F16800
G1 X70.031 Y26.031 E-.10016
G1 X68.982 Y26.031 E-.16016
G1 X69.218 Y25.933 E-.03902
G1 X69.683 Y25.663 E-.0821
G1 X69.878 Y25.502 E-.03861
;WIPE_END
G1 E-.21995 F2700
G1 X69.878 Y25.502 Z7.64 F21000
G1 X65.323 Y22.597 Z7.88 F16222.417
;AFTER_LAYER_CHANGE
;7.88
G1 X65.323 Y22.597 F21000
G1 Z7.88 F720
G1 E.8 F1500
;TYPE:Perimeter
;WIDTH:0.488341
G1 F1200
G1 X65.385 Y22.31 E.0128
;WIDTH:0.449999
G1 X65.487 Y22.017 E.01234
G1 X65.701 Y21.615 E.01811
G1 X65.89 Y21.365 E.01246
G1 X66.243 Y21.026 E.01946
G1 X66.506 Y20.844 E.01272
G1 X67.204 Y20.553 E.03007
G1 X67.741 Y20.486 E.02152
G1 X68.225 Y20.516 E.01928
G1 X68.88 Y20.733 E.02744
G1 X69.193 Y20.907 E.01424
G1 X69.572 Y21.216 E.01944
G1 X69.784 Y21.456 E.01273
G1 X70.046 Y21.869 E.01945
;WIDTH:0.499281
G1 X70.312 Y22.633 E.03614
G1 X70.33 Y22.959 E.01459
M73 Q99 S0
;WIDTH:0.510332
G1 X70.292 Y23.543 E.02679
G1 X70.149 Y23.874 E.01651
;WIDTH:0.480166
G1 X70.006 Y24.206 E.01546
;WIDTH:0.449999
G1 X69.835 Y24.476 E.01271
G1 X69.305 Y25.019 E.03017
G1 X68.839 Y25.289 E.02141
G1 X68.54 Y25.403 E.01272
G1 X68.034 Y25.506 E.02053
G1 X67.741 Y25.514 E.01165
G1 X67.255 Y25.455 E.01947
G1 X66.948 Y25.366 E.01271
G1 X66.342 Y25.057 E.02705
G1 X65.861 Y24.595 E.02652
G1 X65.677 Y24.345 E.01234
;WIDTH:0.488778
G1 X65.505 Y24.004 E.01666
;WIDTH:0.527557
G1 X65.333 Y23.662 E.01818
G1 X65.273 Y23.163 E.02387
;WIDTH:0.488341
G1 X65.275 Y22.821 E.01491
G1 X65.31 Y22.656 E.00735
G1 X65.727 Y22.663 F21000
;WIDTH:0.449999
G1 F2064
G1 X65.778 Y22.38 E.01143
G1 X66.053 Y21.802 E.02545
G1 X66.519 Y21.313 E.02686
G1 X66.997 Y21.052 E.02165
G1 X67.304 Y20.941 E.01298
G1 X67.861 Y20.878 E.02229
G1 X68.317 Y20.946 E.01833
G1 X68.941 Y21.216 E.02703
G1 X69.447 Y21.669 E.027
G1 X69.784 Y22.259 E.02702
G1 X69.919 Y22.877 E.02515
G1 X69.877 Y23.413 E.02138
G1 X69.64 Y24.05 E.02702
G1 X69.212 Y24.578 E.02703
G1 X68.64 Y24.944 E.027
G1 X67.981 Y25.11 E.02702
G1 X67.303 Y25.059 E.02703
G1 X66.677 Y24.796 E.027
G1 X66.512 Y24.68 E.00802
G1 X66.141 Y24.312 E.02078
G1 X65.822 Y23.758 E.02542
G1 X65.684 Y23.096 E.02689
G1 X65.686 Y22.895 E.00799
G1 X65.717 Y22.722 E.00699
M204 T250
G1 X66.126 Y22.728 F21000
M204 T7000
;TYPE:External perimeter
G1 F2064
G1 X66.17 Y22.45 E.01119
G1 X66.404 Y21.99 E.02052
G1 X66.795 Y21.601 E.02193
G1 X67.29 Y21.354 E.022
M73 P99 R0
G1 X67.837 Y21.278 E.02196
G1 X68.176 Y21.319 E.01358
G1 X68.689 Y21.524 E.02197
G1 X69.111 Y21.882 E.022
G1 X69.397 Y22.354 E.02194
G1 X69.52 Y22.877 E.02136
G1 X69.48 Y23.381 E.0201
G1 X69.273 Y23.894 E.022
G1 X68.914 Y24.314 E.02197
G1 X68.441 Y24.599 E.02196
G1 X67.901 Y24.72 E.022
G1 X67.351 Y24.663 E.02199
G1 X66.848 Y24.436 E.02194
G1 X66.422 Y24.029 E.02343
G1 X66.176 Y23.575 E.02053
G1 X66.078 Y23.032 E.02194
G1 X66.116 Y22.787 E.00986
G1 E-.16 F2700
;WIPE_START
G1 F16800
G1 X66.126 Y22.728 E-.00914
G1 X66.17 Y22.45 E-.04297
G1 X66.404 Y21.99 E-.0788
G1 X66.795 Y21.601 E-.08421
G1 X67.29 Y21.354 E-.08446
G1 X67.837 Y21.278 E-.08432
G1 X68.176 Y21.319 E-.05214
G1 X68.689 Y21.524 E-.08435
G1 X69.111 Y21.882 E-.08449
G1 X69.23 Y22.079 E-.03512
;WIPE_END
G1 X70.778 Y18.022 Z7.956 F21000
G1 Z7.88 F720
G1 E.8 F1500
;TYPE:Perimeter
G1 F1200
G1 X70.778 Y22.09 E.16175
;WIDTH:0.483188
G1 X70.761 Y22.976 E.03817
;WIDTH:0.510332
G1 X70.748 Y23.582 E.02775
G1 X70.763 Y23.973 E.01791
;WIDTH:0.480166
G1 X70.778 Y24.364 E.01674
;WIDTH:0.449999
G1 X70.778 Y26.778 E.09599
G1 X64.822 Y26.778 E.23682
G1 X64.822 Y24.553 E.08847
;WIDTH:0.488109
G1 X64.841 Y24.12 E.01888
;WIDTH:0.526218
G1 X64.86 Y23.687 E.02053
G1 X64.841 Y22.783 E.04283
;WIDTH:0.488341
G1 X64.822 Y22.26 E.02281
;WIDTH:0.449999
G1 X64.822 Y18.022 E.16851
G1 X70.718 Y18.022 E.23444
G1 X71.177 Y17.623 F21000
G1 F2064
G1 X71.177 Y27.177 E.37989
G1 X64.423 Y27.177 E.26855
G1 X64.423 Y17.623 E.37989
G1 X71.117 Y17.623 E.26617
M204 T250
G1 X71.575 Y17.225 F21000
M204 T7000
;TYPE:External perimeter
G1 F2064
G1 X71.575 Y27.575 E.41154
G1 X64.025 Y27.575 E.3002
G1 X64.025 Y17.225 E.41154
G1 X71.515 Y17.225 E.29782
G1 E-.16 F2700
;WIPE_START
G1 F16800
G1 X71.575 Y17.225 E-.00916
G1 X71.575 Y21.357 E-.63084
;WIPE_END
G1 X69.847 Y18.18 Z7.943 F21000
G1 Z7.88 F720
G1 E.8 F1500
;TYPE:Top solid infill
;WIDTH:0.433219
G1 F1200
G1 X70.62 Y18.953 E.04164
G1 X70.62 Y19.493 F21000
G1 F1200
G1 X69.307 Y18.18 E.07072
G1 X68.768 Y18.18 F21000
G1 F1200
G1 X70.62 Y20.032 E.09976
G1 X70.62 Y20.572 F21000
G1 F1200
G1 X68.228 Y18.18 E.12884
G1 X67.688 Y18.18 F21000
G1 F1200
G1 X70.62 Y21.112 E.15793
G1 X70.62 Y21.652 F21000
G1 F1200
G1 X67.148 Y18.18 E.18702
G1 X66.608 Y18.18 F21000
G1 F1200
G1 X69.105 Y20.677 E.1345
G1 X68.249 Y20.361 F21000
G1 F1200
G1 X66.068 Y18.18 E.11748
G1 X65.529 Y18.18 F21000
G1 F1200
G1 X67.689 Y20.341 E.11637
G1 X67.203 Y20.395 F21000
G1 F1200
G1 X64.989 Y18.18 E.11928
G1 X64.98 Y18.711 F21000
G1 F1200
G1 X66.799 Y20.53 E.09798
G1 X66.434 Y20.705 F21000
G1 F1200
G1 X64.98 Y19.251 E.07832
G1 X64.98 Y19.791 F21000
G1 F1200
G1 X66.117 Y20.928 E.06124
G1 X65.842 Y21.192 F21000
G1 F1200
G1 X64.98 Y20.33 E.04643
G1 X64.98 Y20.87 F21000
G1 F1200
G1 X65.6 Y21.491 E.03342
G1 X65.405 Y21.835 F21000
G1 F1200
G1 X64.98 Y21.41 E.02289
G1 E-.16 F2700
;WIPE_START
G1 F16800
G1 X65.405 Y21.835 E-.09177
;WIPE_END
G1 E-.54823 F2700
G1 X70.62 Y24.655 Z7.983 F21000
G1 Z7.88 F720
G1 E.8 F1500
;WIDTH:0.424164
G1 F1200
G1 X70.177 Y24.213 E.02327
G1 X69.978 Y24.541 F21000
G1 F1200
G1 X70.62 Y25.183 E.03376
G1 X70.62 Y25.71 F21000
G1 F1200
G1 X69.736 Y24.826 E.04649
G1 X69.468 Y25.085 F21000
G1 F1200
G1 X70.62 Y26.237 E.06058
G1 X70.477 Y26.62 F21000
G1 F1200
G1 X69.149 Y25.292 E.06983
G1 X68.8 Y25.47 F21000
G1 F1200
G1 X69.95 Y26.62 E.06047
G1 X69.423 Y26.62 F21000
G1 F1200
G1 X68.396 Y25.593 E.05401
G1 X67.947 Y25.671 F21000
G1 F1200
G1 X68.896 Y26.62 E.0499
G1 X68.369 Y26.62 F21000
G1 F1200
G1 X67.375 Y25.626 E.05227
G1 X66.593 Y25.372 F21000
G1 F1200
G1 X66.949 Y25.727 E.01869
G1 F4800
G1 X67.842 Y26.62 E.04696
G1 X67.315 Y26.62 F21000
G1 F4800
G1 X64.98 Y24.285 E.12279
G1 X64.98 Y24.812 F21000
G1 F4800
G1 X66.788 Y26.62 E.09508
G1 X66.261 Y26.62 F21000
G1 F4800
G1 X64.98 Y25.339 E.06736
G1 X64.98 Y25.866 F21000
G1 F4800
G1 X65.734 Y26.62 E.03965
M486 S-1
G1 E-.16 F2700
;WIPE_START
G1 F16800;_WIPE
G1 X64.98 Y25.866 E-.1628
;WIPE_END
G1 E-.4772 F2700
M107
;TYPE:Custom
; Filament-specific end gcode
G1 Z8.88 F720 ; Move print head up
M104 S0 ; turn off temperature
M140 S0 ; turn off heatbed
M141 S0 ; disable chamber control
M107 ; turn off fan
G1 X242 Y211 F10200 ; park
G4 ; wait
M572 S0 ; reset PA
M84 X Y E ; disable motors
; max_layer_z = 7.88
M73 P100 R0
M73 Q100 S0
; objects_info = {"objects":[{"name":"plate_06_sensor.stl","polygon":[[5.000,5.000],[219.000,5.000],[219.000,20.000],[71.800,27.800],[63.800,27.800],[5.000,19.000]]}]}
; filament used [mm] = 1807.57
; filament used [cm3] = 4.35
; filament used [g] = 5.39
; filament cost = 0.14
; total filament used [g] = 5.39
; total filament cost = 0.14
; total filament used for wipe tower [g] = 0.00
; estimated printing time (normal mode) = 15m 20s
; estimated printing time (silent mode) = 18m 2s
; estimated first layer printing time (normal mode) = 2m 22s
; estimated first layer printing time (silent mode) = 2m 36s

; prusaslicer_config = begin
; arc_fitting = disabled
; autoemit_temperature_commands = 1
; automatic_extrusion_widths = 0
; automatic_infill_combination = 0
; automatic_infill_combination_max_layer_height = 100%
; avoid_crossing_curled_overhangs = 0
; avoid_crossing_perimeters = 0
; avoid_crossing_perimeters_max_detour = 0
; bed_custom_model = 
; bed_custom_texture = 
; bed_shape = 0x0,250x0,250x220,0x220
; bed_temperature = 60
; bed_temperature_extruder = 0
; before_layer_gcode = ;BEFORE_LAYER_CHANGE\nG92 E0.0\n;[layer_z]\n{if layer_z > 150}\nM201 X{interpolate_table(layer_z, (0,7000), (150,7000), (200,4000), (270,2000))} Y{interpolate_table(layer_z, (0,7000), (150,7000), (200,4000), (270,2000))}\n{endif}\n
; between_objects_gcode = 
; binary_gcode = 0
; bottom_fill_pattern = monotonic
; bottom_solid_layers = 4
; bottom_solid_min_thickness = 0.5
; bridge_acceleration = 1500
; bridge_angle = 0
; bridge_fan_speed = 100
; bridge_flow_ratio = 1
; bridge_speed = 50
; brim_separation = 0.1
; brim_type = outer_only
; brim_width = 3
; chamber_minimal_temperature = 0
; chamber_temperature = 20
; color_change_gcode = M600\nG1 E0.3 F1500 ; prime after color change
; colorprint_heights = 
; complete_objects = 0
; cooling = 1
; cooling_perimeter_transition_distance = 10
; cooling_slowdown_logic = consistent_surface
; cooling_tube_length = 20
; cooling_tube_retraction = 45
; custom_parameters_filament = ""
; custom_parameters_print = 
; custom_parameters_printer = 
; default_acceleration = 0
; deretract_speed = 25
; disable_fan_first_layers = 1
; dont_support_bridges = 0
; draft_shield = disabled
; duplicate_distance = 6
; elefant_foot_compensation = 0.2
; enable_dynamic_fan_speeds = 1
; enable_dynamic_overhang_speeds = 1
; end_filament_gcode = "; Filament-specific end gcode"
; end_gcode = {if layer_z < max_print_height}G1 Z{z_offset+min(max_layer_z+1, max_print_height)} F720 ; Move print head up{endif}\nM104 S0 ; turn off temperature\nM140 S0 ; turn off heatbed\nM141 S0 ; disable chamber control\nM107 ; turn off fan\nG1 X242 Y211 F10200 ; park\nG4 ; wait\nM572 S0 ; reset PA\nM84 X Y E ; disable motors\n; max_layer_z = [max_layer_z]
; ensure_vertical_shell_thickness = enabled
; external_perimeter_acceleration = 1500
; external_perimeter_extrusion_width = 0.45
; external_perimeter_speed = 50
; external_perimeters_first = 0
; extra_loading_move = -52
; extra_perimeters = 0
; extra_perimeters_on_overhangs = 0
; extruder_clearance_height = 33
; extruder_clearance_radius = 75
; extruder_colour = ""
; extruder_offset = 0x0
; extrusion_axis = E
; extrusion_multiplier = 1
; extrusion_width = 0.45
; fan_always_on = 1
; fan_below_layer_time = 40
; filament_abrasive = 0
; filament_colour = #FF8000
; filament_cooling_final_speed = 3.5
; filament_cooling_initial_speed = 10
; filament_cooling_moves = 2
; filament_cost = 25.4
; filament_density = 1.24
; filament_deretract_speed = nil
; filament_diameter = 1.75
; filament_flush_speed = 0
; filament_flush_volume = 0
; filament_infill_max_crossing_speed = 0
; filament_infill_max_speed = 0
; filament_load_time = 10.9
; filament_loading_speed = 10
; filament_loading_speed_start = 50
; filament_max_volumetric_speed = 15
; filament_minimal_purge_on_wipe_tower = 15
; filament_multitool_ramming = 0
; filament_multitool_ramming_flow = 10
; filament_multitool_ramming_volume = 10
; filament_notes = ""
; filament_purge_multiplier = 81.25%
; filament_ramming_parameters = "250 100 40.1613 40.3548 40.4516 40.3548 40.2581| 0.05 40.1483 0.45 40.3419 0.95 40.3419 1.45 40.3419 1.95 40.3419 2.45 40.3419 2.95 40.3419 3.45 40.3419 3.95 40.3419 4.45 40.3419 4.95 40.3419"
; filament_retract_before_travel = nil
; filament_retract_before_wipe = 20%
; filament_retract_layer_change = nil
; filament_retract_length = 0.8
; filament_retract_length_toolchange = nil
; filament_retract_lift = 0.15
; filament_retract_lift_above = nil
; filament_retract_lift_below = nil
; filament_retract_restart_extra = nil
; filament_retract_restart_extra_toolchange = nil
; filament_retract_speed = nil
; filament_seam_gap_distance = nil
; filament_settings_id = "Generic PLA @COREONE"
; filament_shrinkage_compensation_xy = 0%
; filament_shrinkage_compensation_z = 0%
; filament_soluble = 0
; filament_spool_weight = 0
; filament_stamping_distance = 45
; filament_stamping_loading_speed = 29
; filament_toolchange_delay = 0
; filament_travel_lift_before_obstacle = nil
; filament_travel_max_lift = 0.6
; filament_travel_ramping_lift = 1
; filament_travel_slope = 1
; filament_type = PLA
; filament_unload_time = 8.9
; filament_unloading_speed = 40
; filament_unloading_speed_start = 30
; filament_vendor = Generic
; filament_wipe = 1
; fill_angle = 45
; fill_density = 10%
; fill_pattern = grid
; first_layer_acceleration = 500
; first_layer_acceleration_over_raft = 0
; first_layer_bed_temperature = 60
; first_layer_extrusion_width = 0.5
; first_layer_height = 0.2
; first_layer_infill_speed = 100
; first_layer_speed = 45
; first_layer_speed_over_raft = 30
; first_layer_temperature = 230
; full_fan_speed_layer = 3
; fuzzy_skin = none
; fuzzy_skin_point_dist = 0.8
; fuzzy_skin_thickness = 0.3
; gap_fill_enabled = 1
; gap_fill_speed = 60
; gcode_comments = 0
; gcode_flavor = marlin2
; gcode_label_objects = firmware
; gcode_resolution = 0.008
; gcode_substitutions = 
; high_current_on_filament_swap = 0
; host_type = prusalink
; idle_temperature = 170
; infill_acceleration = 6000
; infill_anchor = 2
; infill_anchor_max = 12
; infill_every_layers = 1
; infill_extruder = 1
; infill_extrusion_width = 0.45
; infill_first = 0
; infill_overlap = 15%
; infill_speed = 120
; interface_shells = 0
; interlocking_beam = 0
; interlocking_beam_layer_count = 2
; interlocking_beam_width = 0.8
; interlocking_boundary_avoidance = 2
; interlocking_depth = 2
; interlocking_orientation = 22.5
; ironing = 0
; ironing_flowrate = 15%
; ironing_spacing = 0.1
; ironing_speed = 15
; ironing_type = top
; layer_gcode = ;AFTER_LAYER_CHANGE\n;[layer_z]
; layer_height = 0.24
; machine_limits_usage = emit_to_gcode
; machine_max_acceleration_e = 5000,2500
; machine_max_acceleration_extruding = 7000,2500
; machine_max_acceleration_retracting = 2500,2500
; machine_max_acceleration_travel = 7000,2500
; machine_max_acceleration_x = 10000,2500
; machine_max_acceleration_y = 10000,2500
; machine_max_acceleration_z = 400,200
; machine_max_feedrate_e = 100,100
; machine_max_feedrate_x = 350,160
; machine_max_feedrate_y = 350,160
; machine_max_feedrate_z = 12,12
; machine_max_jerk_e = 10,10
; machine_max_jerk_x = 10,8
; machine_max_jerk_y = 10,8
; machine_max_jerk_z = 2,2
; machine_max_junction_deviation = 0,0
; machine_min_extruding_rate = 0,0
; machine_min_travel_rate = 0,0
; max_fan_speed = 100
; max_layer_height = 0.3
; max_print_height = 270
; max_print_speed = 300
; max_volumetric_extrusion_rate_slope_negative = 0
; max_volumetric_extrusion_rate_slope_positive = 0
; max_volumetric_speed = 0
; min_bead_width = 85%
; min_fan_speed = 85
; min_feature_size = 25%
; min_layer_height = 0.07
; min_print_speed = 20
; min_skirt_length = 4
; mmu_segmented_region_interlocking_depth = 0
; mmu_segmented_region_max_width = 0
; multimaterial_purging = 140
; notes = 
; nozzle_diameter = 0.4
; nozzle_high_flow = 0
; only_one_perimeter_first_layer = 0
; only_retract_when_crossing_perimeters = 0
; ooze_prevention = 0
; output_filename_format = {input_filename_base}_0.4n_{layer_height}mm_{printing_filament_types}_{printer_model}_{print_time}.gcode
; over_bridge_speed = 50%
; overhang_fan_speed_0 = 100
; overhang_fan_speed_1 = 100
; overhang_fan_speed_2 = 0
; overhang_fan_speed_3 = 0
; overhang_speed_0 = 15
; overhang_speed_1 = 25
; overhang_speed_2 = 45
; overhang_speed_3 = 90%
; overhangs = 1
; parking_pos_retraction = 84
; pause_print_gcode = M601
; perimeter_acceleration = 2500
; perimeter_extruder = 1
; perimeter_extrusion_width = 0.45
; perimeter_generator = arachne
; perimeter_speed = 70
; perimeters = 3
; physical_printer_settings_id = 
; post_process = 
; prefer_clockwise_movements = 0
; print_settings_id = Robobus v5 0.24mm 3 perimeters
; printer_model = COREONE
; printer_notes = Don't remove the following keywords! These keywords are used in the "compatible printer" condition of the print and filament profiles to link the particular print and filament profiles to this printer profile.\nPRINTER_MODEL_COREONE\nPG\nNO_TEMPLATES
; printer_settings_id = Prusa CORE One 0.4 nozzle
; printer_technology = FFF
; printer_variant = 0.4
; printer_vendor = 
; raft_contact_distance = 0.15
; raft_expansion = 1.5
; raft_first_layer_density = 90%
; raft_first_layer_expansion = 3
; raft_layers = 0
; remaining_times = 1
; resolution = 0
; retract_before_travel = 1.5
; retract_before_wipe = 80%
; retract_layer_change = 1
; retract_length = 0.7
; retract_length_toolchange = 0
; retract_lift = 0.2
; retract_lift_above = 0
; retract_lift_below = 269
; retract_restart_extra = 0
; retract_restart_extra_toolchange = 0
; retract_speed = 45
; scarf_seam_entire_loop = 0
; scarf_seam_length = 20
; scarf_seam_max_segment_length = 1
; scarf_seam_on_inner_perimeters = 0
; scarf_seam_only_on_smooth = 1
; scarf_seam_placement = nowhere
; scarf_seam_start_height = 0%
; seam_gap_distance = 15%
; seam_position = aligned
; silent_mode = 1
; single_extruder_multi_material = 0
; single_extruder_multi_material_priming = 0
; skirt_distance = 6
; skirt_height = 1
; skirts = 0
; slice_closing_radius = 0.049
; slicing_mode = regular
; slowdown_below_layer_time = 8
; small_perimeter_speed = 50
; solid_infill_acceleration = 4000
; solid_infill_below_area = 0
; solid_infill_every_layers = 0
; solid_infill_extruder = 1
; solid_infill_extrusion_width = 0.45
; solid_infill_speed = 140
; spiral_vase = 0
; staggered_inner_seams = 0
; standby_temperature_delta = -5
; start_filament_gcode = "M572 S{if nozzle_diameter[filament_extruder_id]==0.4}0.03{elsif nozzle_diameter[filament_extruder_id]==0.5}0.022{elsif nozzle_diameter[filament_extruder_id]==0.6}0.019{elsif nozzle_diameter[filament_extruder_id]==0.8}0.013{elsif nozzle_diameter[filament_extruder_id]==0.25}0.1{elsif nozzle_diameter[filament_extruder_id]==0.3}0.07{else}0{endif} ; Filament gcode\n\nM142 S36 ; set heatbreak target temp"
; start_gcode = M17 ; enable steppers\nM862.1 P[nozzle_diameter] A{(filament_abrasive[0] ? 1 : 0)} F{(nozzle_high_flow[0] ? 1 : 0)} ; nozzle check\nM862.3 P "COREONE" ; printer model check\nM862.5 P2 ; g-code level check\nM862.6 P"Input shaper" ; FW feature check\nM115 U6.4.0+11974\n\nM555 X{(min(print_bed_max[0], first_layer_print_min[0] + 32) - 32)} Y{(max(0, first_layer_print_min[1]) - 4)} W{((min(print_bed_max[0], max(first_layer_print_min[0] + 32, first_layer_print_max[0])))) - ((min(print_bed_max[0], first_layer_print_min[0] + 32) - 32))} H{((first_layer_print_max[1])) - ((max(0, first_layer_print_min[1]) - 4))}\n\nG90 ; use absolute coordinates\nM83 ; extruder relative mode\n\n{if chamber_minimal_temperature[initial_tool]!=0}\nM140 S115 ; set bed temp for chamber heating\n{else}\nM140 S[first_layer_bed_temperature] ; set bed temp\n{endif}\n\nM109 R{((filament_notes[0]=~/.*MBL160.*/) ? 160 : (filament_notes[0]=~/.*HT_MBL10.*/) ? (first_layer_temperature[0] - 10) : (filament_type[0] == "PC" or filament_type[0] == "PA") ? (first_layer_temperature[0] - 25) : (filament_type[0] == "FLEX") ? 210 : 170)} ; wait for temp\n\nM84 E ; turn off E motor\n\nG28 ; home all without mesh bed level\n\n{if chamber_minimal_temperature[initial_tool]!=0}\n; Min chamber temp section\nM104 S{idle_temperature[initial_tool]} ; set idle temp\nG1 Z10 F720 ; set bed position\nG1 X242 Y-9 F4800 ; set print head position\nM191 S{chamber_minimal_temperature[initial_tool]} ; wait for minimal chamber temp\nM141 S{chamber_temperature[initial_tool]} ; set nominal chamber temp\nM107\nM140 S[first_layer_bed_temperature] ; set bed temp\n{else}\nM141 S{chamber_temperature[initial_tool]} ; set nominal chamber temp\n{endif}\n\n{if first_layer_bed_temperature[initial_tool]<=60}M106 S70{endif}\nG0 Z40 F10000\nM104 T{initial_tool} S{if is_nil(idle_temperature[initial_tool])}100{else}{idle_temperature[initial_tool]}{endif}\nM190 R[first_layer_bed_temperature] ; wait for bed temp\nM107\n\nG29 G ; absorb heat\n\nM109 R{((filament_notes[0]=~/.*MBL160.*/) ? 160 : (filament_notes[0]=~/.*HT_MBL10.*/) ? (first_layer_temperature[0] - 10) : (filament_type[0] == "PC" or filament_type[0] == "PA") ? (first_layer_temperature[0] - 25) : (filament_type[0] == "FLEX") ? 210 : 170)} ; wait for MBL temp\n\nM302 S155 ; lower cold extrusion limit to 155C\n\n{if filament_type[initial_tool]=="FLEX"}\nG1 E-4 F2400 ; retraction\n{else}\nG1 E-2 F2400 ; retraction\n{endif}\n\nM84 E ; turn off E motor\n\nG29 P9 X208 Y-2.5 W32 H4\n\n;\n; MBL\n;\nM84 E ; turn off E motor\nG29 P1 ; invalidate mbl & probe print area\nG29 P1 X150 Y0 W100 H20 C ; probe near purge place\nG29 P3.2 ; interpolate mbl probes\nG29 P3.13 ; extrapolate mbl outside probe area\nG29 A ; activate mbl\n\n; prepare for purge\nM104 S{first_layer_temperature[0]}\nG0 X249 Y-2.5 Z15 F4800 ; move away and ready for the purge\nM109 S{first_layer_temperature[0]}\n\nG92 E0\nM569 S0 E ; set spreadcycle mode for extruder\n\nM591 S0 ; disable stuck detection\n\n;\n; Extrude purge line\n;\nG92 E0 ; reset extruder position\nG1 E{(filament_type[0] == "FLEX" ? 4 : 2)} F2400 ; deretraction after the initial one\nG0 E5 X235 Z0.2 F500 ; purge\nG0 X225 E4 F500 ; purge\nG0 X215 E4 F650 ; purge\nG0 X205 E4 F800 ; purge\nG0 X202 Z0.05 F8000 ; wipe, move close to the bed\nG0 X199 Z0.2 F8000 ; wipe, move quickly away from the bed\n\nM591 R ; restore stuck detection\n\nG92 E0\nM221 S100 ; set flow to 100%
; support_material = 0
; support_material_angle = 0
; support_material_auto = 1
; support_material_bottom_contact_distance = 0
; support_material_bottom_interface_layers = 0
; support_material_buildplate_only = 0
; support_material_closing_radius = 2
; support_material_contact_distance = 0.2
; support_material_enforce_layers = 0
; support_material_extruder = 0
; support_material_extrusion_width = 0.4
; support_material_interface_contact_loops = 0
; support_material_interface_extruder = 0
; support_material_interface_layers = 3
; support_material_interface_pattern = auto
; support_material_interface_spacing = 0.2
; support_material_interface_speed = 50
; support_material_pattern = rectilinear
; support_material_spacing = 2
; support_material_speed = 120
; support_material_style = snug
; support_material_synchronize_layers = 0
; support_material_threshold = 30
; support_material_with_sheath = 0
; support_material_xy_spacing = 80%
; support_tree_angle = 40
; support_tree_angle_slow = 25
; support_tree_branch_diameter = 2
; support_tree_branch_diameter_angle = 5
; support_tree_branch_diameter_double_wall = 8
; support_tree_branch_distance = 1
; support_tree_tip_diameter = 0.8
; support_tree_top_rate = 30%
; temperature = 220
; template_custom_gcode = 
; thick_bridges = 0
; thin_walls = 0
; thumbnails = 16x16/QOI, 313x173/QOI, 480x240/QOI, 380x285/PNG
; thumbnails_format = PNG
; toolchange_gcode = 
; toolchange_ordering = optimized
; top_fill_pattern = monotoniclines
; top_infill_extrusion_width = 0.42
; top_one_perimeter_type = none
; top_solid_infill_acceleration = 2000
; top_solid_infill_speed = 80
; top_solid_layers = 5
; top_solid_min_thickness = 0.7
; travel_acceleration = 7000
; travel_lift_before_obstacle = 0
; travel_max_lift = 1.5
; travel_ramping_lift = 1
; travel_short_distance_acceleration = 250
; travel_slope = 1
; travel_speed = 350
; travel_speed_z = 12
; use_firmware_retraction = 0
; use_relative_e_distances = 1
; use_volumetric_e = 0
; variable_layer_height = 1
; wall_distribution_count = 1
; wall_transition_angle = 10
; wall_transition_filter_deviation = 25%
; wall_transition_length = 100%
; wipe = 0
; wipe_into_infill = 0
; wipe_into_objects = 0
; wipe_tower = 1
; wipe_tower_acceleration = 0
; wipe_tower_bridging = 10
; wipe_tower_brim_width = 2
; wipe_tower_cone_angle = 25
; wipe_tower_extra_flow = 250%
; wipe_tower_extra_spacing = 110%
; wipe_tower_extruder = 0
; wipe_tower_no_sparse_layers = 0
; wipe_tower_width = 60
; wiping_volumes_matrix = 0
; wiping_volumes_use_custom_matrix = 0
; xy_size_compensation = 0
; z_offset = 0
; prusaslicer_config = end
