; generated by PrusaSlicer 2.9.6 on 2026-09-25 at 17:45:29 UTC

; 

; external perimeters extrusion width = 0.45mm
; perimeters extrusion width = 0.45mm
; infill extrusion width = 0.45mm
; solid infill extrusion width = 0.45mm
; top infill extrusion width = 0.42mm
; first layer extrusion width = 0.50mm

M73 P0 R66
M73 Q0 S71
M201 X10000 Y10000 Z400 E5000 ; sets maximum accelerations, mm/sec^2
M203 X350 Y350 Z12 E100 ; sets maximum feedrates, mm / sec
M204 P7000 R2500 T7000 ; sets acceleration (P, T) and retract acceleration (R), mm/sec^2
M205 X10.00 Y10.00 Z2.00 E10.00 ; sets the jerk limits, mm/sec
M205 S0 T0 ; sets the minimum extruding and travel feed rate, mm/sec

M486 S0
M486 Aplate_02_roof.stl
M486 S-1

;TYPE:Custom
M17 ; enable steppers
M862.1 P0.4 A0 F0 ; nozzle check
M862.3 P "COREONE" ; printer model check
M862.5 P2 ; g-code level check
M862.6 P"Input shaper" ; FW feature check
M115 U6.4.0+11974

M555 X2.1 Y-1.9 W233.8 H159.2

G90 ; use absolute coordinates
M83 ; extruder relative mode


M140 S60 ; set bed temp


M109 R170 ; wait for temp

M84 E ; turn off E motor

G28 ; home all without mesh bed level


M141 S20 ; set nominal chamber temp


M106 S70
G0 Z40 F10000
M104 T0 S170
M190 R60 ; wait for bed temp
M107

G29 G ; absorb heat

M109 R170 ; wait for MBL temp

M302 S155 ; lower cold extrusion limit to 155C


G1 E-2 F2400 ; retraction


M84 E ; turn off E motor

G29 P9 X208 Y-2.5 W32 H4

;
; MBL
;
M84 E ; turn off E motor
G29 P1 ; invalidate mbl & probe print area
G29 P1 X150 Y0 W100 H20 C ; probe near purge place
G29 P3.2 ; interpolate mbl probes
G29 P3.13 ; extrapolate mbl outside probe area
G29 A ; activate mbl

; prepare for purge
M104 S230
G0 X249 Y-2.5 Z15 F4800 ; move away and ready for the purge
M109 S230

G92 E0
M569 S0 E ; set spreadcycle mode for extruder

M591 S0 ; disable stuck detection

;
; Extrude purge line
;
G92 E0 ; reset extruder position
G1 E2 F2400 ; deretraction after the initial one
G0 E5 X235 Z0.2 F500 ; purge
G0 X225 E4 F500 ; purge
G0 X215 E4 F650 ; purge
G0 X205 E4 F800 ; purge
G0 X202 Z0.05 F8000 ; wipe, move close to the bed
G0 X199 Z0.2 F8000 ; wipe, move quickly away from the bed

M591 R ; restore stuck detection

G92 E0
M221 S100 ; set flow to 100%
G21 ; set units to millimeters
G90 ; use absolute coordinates
M83 ; use relative distances for extrusion
M572 S0.03 ; Filament gcode

M142 S36 ; set heatbreak target temp
M107
;LAYER_CHANGE
;Z:0.2
;HEIGHT:0.2
G1 E-.8 F2700
G1 Z.8 F720
G1 X120.586 Y10.954 F21000
G1 Z.2 F720
G1 E.8 F1500
;TYPE:Skirt/Brim
;WIDTH:0.5
G1 F2700
G1 X120.674 Y10.471 E.01866
G1 X120.855 Y10.01 E.01882
G1 X121.189 Y9.513 E.02276
G1 X121.691 Y9.045 E.02608
G1 X122.385 Y8.699 E.02947
G1 X122.865 Y8.595 E.01867
G1 X132.586 Y8.586 E.36946
G1 X132.586 Y4.96 E.13781
G1 X132.669 Y4.485 E.01833
G1 X132.848 Y4.025 E.01876
G1 X133.074 Y3.653 E.01654
G1 X133.588 Y3.127 E.02795
G1 X133.966 Y2.878 E.0172
G1 X134.382 Y2.7 E.0172
G1 X134.955 Y2.586 E.0222
G1 X198.095 Y2.59 E2.39972
G1 X198.595 Y2.694 E.01941
G1 X199.097 Y2.911 E.02079
G1 X199.453 Y3.161 E.01653
G1 X199.822 Y3.526 E.01973
G1 X200.102 Y3.929 E.01865
G1 X200.3 Y4.383 E.01882
G1 X200.414 Y4.955 E.02217
G1 X200.414 Y52.286 E1.79888
G1 X233.046 Y52.286 E1.24022
G1 X233.529 Y52.374 E.01866
G1 X233.99 Y52.555 E.01882
G1 X234.487 Y52.889 E.02276
G1 X234.955 Y53.392 E.02611
G1 X235.155 Y53.732 E.01499
G1 X235.36 Y54.29 E.02259
G1 X235.414 Y54.663 E.01432
G1 X235.391 Y63.954 E.35312
G1 X235.145 Y64.691 E.02953
G1 X234.811 Y65.187 E.02273
G1 X234.308 Y65.655 E.02611
G1 X233.557 Y66.019 E.03172
G1 X233.039 Y66.114 E.02002
G1 X200.414 Y66.114 E1.23996
G1 X200.414 Y96.286 E1.14673
G1 X233.045 Y96.286 E1.24018
G1 X233.615 Y96.399 E.02209
G1 X234.024 Y96.572 E.01688
G1 X234.365 Y96.789 E.01536
G1 X234.954 Y97.391 E.03201
G1 X235.3 Y98.084 E.02944
G1 X235.414 Y98.655 E.02213
G1 X235.414 Y154.446 E2.12041
G1 X235.326 Y154.929 E.01866
G1 X235.145 Y155.39 E.01882
G1 X234.811 Y155.887 E.02276
G1 X234.309 Y156.355 E.02608
G1 X233.616 Y156.7 E.02942
G1 X233.045 Y156.814 E.02213
G1 X122.954 Y156.814 E4.18415
G1 X122.471 Y156.726 E.01866
G1 X122.01 Y156.545 E.01882
G1 X121.513 Y156.211 E.02276
G1 X121.045 Y155.709 E.02608
G1 X120.7 Y155.016 E.02942
G1 X120.586 Y154.445 E.02213
G1 X120.586 Y11.014 E5.45129
M204 T7000
G1 X121.043 Y11.014 F21000
G1 F2700
G1 X121.043 Y10.977 E.00141
G1 X121.118 Y10.579 E.01539
G1 X121.269 Y10.204 E.01536
G1 X121.522 Y9.827 E.01726
G1 X121.95 Y9.423 E.02237
G1 X122.206 Y9.268 E.01137
G1 X122.54 Y9.13 E.01373
G1 X122.934 Y9.048 E.0153
G1 X133.043 Y9.043 E.38421
G1 X133.043 Y4.981 E.15438
G1 X133.114 Y4.591 E.01507
G1 X133.423 Y3.951 E.02701
G1 X133.864 Y3.492 E.02419
G1 X134.166 Y3.29 E.01381
G1 X134.54 Y3.13 E.01546
G1 X134.978 Y3.043 E.01697
G1 X198.07 Y3.048 E2.3979
G1 X198.473 Y3.135 E.01567
G1 X198.889 Y3.319 E.01729
G1 X199.483 Y3.833 E.02985
G1 X199.711 Y4.167 E.01537
G1 X199.87 Y4.54 E.01541
G1 X199.957 Y4.978 E.01697
G1 X199.957 Y52.743 E1.81537
G1 X233.023 Y52.743 E1.25672
G1 X233.421 Y52.818 E.01539
G1 X233.796 Y52.969 E.01536
G1 X234.173 Y53.222 E.01726
G1 X234.577 Y53.65 E.02237
G1 X234.735 Y53.914 E.01169
G1 X234.912 Y54.383 E.01905
G1 X234.957 Y54.68 E.01142
G1 X234.941 Y63.872 E.34935
G1 X234.731 Y64.495 E.02499
G1 X234.478 Y64.873 E.01729
G1 X234.05 Y65.277 E.02237
G1 X233.409 Y65.586 E.02704
G1 X233.019 Y65.657 E.01507
G1 X199.957 Y65.657 E1.25657
G1 X199.957 Y96.743 E1.18146
G1 X233.022 Y96.743 E1.25668
G1 X233.462 Y96.831 E.01705
M73 Q0 S70
G1 X234.098 Y97.16 E.02721
G1 X234.577 Y97.65 E.02604
G1 X234.869 Y98.238 E.02495
G1 X234.957 Y98.678 E.01705
G1 X234.957 Y154.423 E2.11866
G1 X234.882 Y154.821 E.01539
G1 X234.731 Y155.196 E.01536
G1 X234.478 Y155.573 E.01726
G1 X234.051 Y155.977 E.02234
G1 X233.462 Y156.269 E.02499
G1 X233.022 Y156.357 E.01705
G1 X122.977 Y156.357 E4.18241
G1 X122.579 Y156.282 E.01539
G1 X122.204 Y156.131 E.01536
G1 X121.827 Y155.878 E.01726
G1 X121.423 Y155.45 E.02237
G1 X121.131 Y154.862 E.02495
G1 X121.043 Y154.422 E.01705
G1 X121.043 Y11.074 E5.44813
G1 X121.5 Y11.074 F21000
G1 F2700
G1 X121.5 Y11 E.00281
G1 X121.683 Y10.4 E.02384
G1 X121.858 Y10.139 E.01194
G1 X122.211 Y9.798 E.01865
G1 X122.693 Y9.561 E.02041
G1 X123 Y9.5 E.0119
G1 X133.5 Y9.5 E.39907
G1 X133.5 Y5.001 E.17099
G1 X133.547 Y4.739 E.01012
G1 X133.799 Y4.211 E.02224
G1 X134.139 Y3.858 E.01863
G1 X134.4 Y3.683 E.01194
G1 X135 Y3.5 E.02384
G1 X198.045 Y3.505 E2.39611
G1 X198.309 Y3.562 E.01026
M73 P1 R66
G1 X198.681 Y3.727 E.01547
G1 X199.143 Y4.139 E.02353
G1 X199.439 Y4.693 E.02387
G1 X199.5 Y5 E.0119
G1 X199.5 Y53.2 E1.8319
G1 X233 Y53.2 E1.27321
G1 X233.6 Y53.383 E.02384
M73 P1 R65
M73 Q1 S70
G1 X233.861 Y53.558 E.01194
G1 X234.201 Y53.911 E.01863
G1 X234.465 Y54.481 E.02387
G1 X234.5 Y54.699 E.00839
G1 X234.49 Y63.793 E.34563
G1 X234.317 Y64.3 E.02036
G1 X234.142 Y64.561 E.01194
G1 X233.789 Y64.901 E.01863
G1 X233.261 Y65.153 E.02224
G1 X232.999 Y65.2 E.01012
G1 X199.5 Y65.2 E1.27317
G1 X199.5 Y97.2 E1.2162
G1 X233 Y97.2 E1.27321
G1 X233.307 Y97.261 E.0119
G1 X233.827 Y97.529 E.02223
G1 X234.202 Y97.912 E.02037
G1 X234.439 Y98.393 E.02038
G1 X234.5 Y98.7 E.0119
G1 X234.5 Y154.4 E2.11695
G1 X234.317 Y155 E.02384
G1 X234.142 Y155.261 E.01194
G1 X233.789 Y155.602 E.01865
G1 X233.307 Y155.839 E.02041
G1 X233 Y155.9 E.0119
G1 X123 Y155.9 E4.1807
G1 X122.4 Y155.717 E.02384
G1 X122.139 Y155.542 E.01194
G1 X121.798 Y155.189 E.01865
G1 X121.561 Y154.707 E.02041
G1 X121.5 Y154.4 E.0119
G1 X121.5 Y11.134 E5.44501
G1 X121.957 Y11.134 F21000
G1 F2700
G1 X121.957 Y11.023 E.00422
G1 X121.992 Y10.847 E.00682
G1 X122.195 Y10.448 E.01701
G1 X122.593 Y10.097 E.02017
G1 X123.023 Y9.957 E.01719
G1 X133.957 Y9.957 E.41556
G1 X133.981 Y4.886 E.19273
G1 X134.17 Y4.478 E.01709
G1 X134.448 Y4.195 E.01508
G1 X134.847 Y3.992 E.01701
G1 X135.023 Y3.957 E.00682
G1 X198.019 Y3.962 E2.39425
G1 X198.44 Y4.116 E.01704
G1 X198.904 Y4.596 E.02537
G1 X199.043 Y5.023 E.01707
G1 X199.043 Y53.657 E1.8484
G1 X232.977 Y53.657 E1.28971
G1 X233.404 Y53.796 E.01707
G1 X233.83 Y54.178 E.02175
G1 X234.043 Y54.72 E.02213
G1 X234.038 Y63.719 E.34202
G1 X233.805 Y64.252 E.02211
G1 X233.522 Y64.53 E.01508
G1 X233.114 Y64.719 E.01709
G1 X199.043 Y64.743 E1.29491
G1 X199.043 Y97.657 E1.25094
G1 X232.977 Y97.657 E1.28971
G1 X233.153 Y97.692 E.00682
G1 X233.552 Y97.895 E.01701
G1 X233.83 Y98.178 E.01508
G1 X234.008 Y98.547 E.01557
G1 X234.043 Y98.723 E.00682
G1 X234.043 Y154.377 E2.1152
G1 X233.904 Y154.804 E.01707
G1 X233.522 Y155.23 E.02175
G1 X232.977 Y155.443 E.02224
G1 X123.023 Y155.443 E4.17895
G1 X122.596 Y155.304 E.01707
G1 X122.17 Y154.922 E.02175
G1 X121.957 Y154.377 E.02224
G1 X121.957 Y11.194 E5.44186
G1 X122.414 Y11.194 F21000
G1 F2700
G1 X122.414 Y11.045 E.00566
G1 X122.51 Y10.791 E.01032
G1 X122.754 Y10.535 E.01344
G1 X123.045 Y10.414 E.01198
G1 X134.414 Y10.414 E.43209
G1 X134.414 Y5.045 E.20406
G1 X134.535 Y4.754 E.01198
G1 X134.791 Y4.51 E.01344
G1 X135.045 Y4.414 E.01032
G1 X197.999 Y4.423 E2.39265
G1 X198.246 Y4.535 E.01031
G1 X198.465 Y4.754 E.01177
G1 X198.586 Y5.045 E.01198
G1 X198.586 Y54.114 E1.86493
G1 X232.955 Y54.114 E1.30624
G1 X233.246 Y54.235 E.01198
G1 X233.465 Y54.454 E.01177
G1 X233.577 Y54.701 E.01031
G1 X233.586 Y63.655 E.34031
G1 X233.465 Y63.946 E.01198
G1 X233.246 Y64.165 E.01177
G1 X232.999 Y64.277 E.01031
G1 X198.586 Y64.286 E1.30791
G1 X198.586 Y98.114 E1.28568
G1 X232.955 Y98.114 E1.30624
G1 X233.246 Y98.235 E.01198
G1 X233.465 Y98.454 E.01177
G1 X233.577 Y98.701 E.01031
G1 X233.586 Y154.355 E2.1152
G1 X233.49 Y154.609 E.01032
G1 X233.246 Y154.865 E.01344
G1 X232.955 Y154.986 E.01198
G1 X123.045 Y154.986 E4.17728
G1 X122.791 Y154.89 E.01032
G1 X122.535 Y154.646 E.01344
G1 X122.414 Y154.355 E.01198
G1 X122.414 Y11.254 E5.43874
G1 X122.871 Y11.254 F21000
G1 F2700
G1 X122.871 Y11.113 E.00536
G1 X122.906 Y11.029 E.00346
G1 X123.113 Y10.871 E.0099
G1 X134.871 Y10.871 E.44688
G1 X134.871 Y5.113 E.21884
G1 X134.906 Y5.029 E.00346
G1 X135.113 Y4.871 E.0099
G1 X197.887 Y4.871 E2.38581
G1 X197.971 Y4.906 E.00346
M73 P2 R65
G1 X198.129 Y5.113 E.0099
G1 X198.129 Y54.571 E1.87972
G1 X232.887 Y54.571 E1.32102
G1 X232.971 Y54.606 E.00346
G1 X233.129 Y54.813 E.0099
G1 X233.129 Y63.587 E.33347
G1 X233.094 Y63.671 E.00346
G1 X232.887 Y63.829 E.0099
G1 X198.129 Y63.829 E1.32102
G1 X198.129 Y98.571 E1.32042
G1 X232.887 Y98.571 E1.32102
G1 X232.971 Y98.606 E.00346
M73 Q2 S70
G1 X233.129 Y98.813 E.0099
G1 X233.129 Y154.287 E2.10836
G1 X233.094 Y154.371 E.00346
G1 X232.887 Y154.529 E.0099
G1 X123.113 Y154.529 E4.17211
G1 X123.029 Y154.494 E.00346
G1 X122.871 Y154.287 E.0099
G1 X122.871 Y11.314 E5.43388
G1 E-.16
M73 Q2 S69
;WIPE_START
G1 F16800
G1 X122.871 Y11.254 E-.00916
G1 X122.871 Y11.113 E-.02153
G1 X122.906 Y11.029 E-.01389
G1 X123.113 Y10.871 E-.03976
G1 X126.753 Y10.871 E-.55566
;WIPE_END
G1 X117.414 Y11.314 Z.363 F21000
G1 Z.2 F720
G1 E.8 F1500
G1 F2700
G1 X117.414 Y73.746 E2.37281
G1 X117.326 Y74.229 E.01866
G1 X117.145 Y74.691 E.01886
G1 X116.875 Y75.11 E.01894
G1 X116.387 Y75.594 E.02612
G1 X116.051 Y75.813 E.01524
G1 X115.616 Y76 E.018
G1 X115.045 Y76.114 E.02213
G1 X82.414 Y76.114 E1.24018
G1 X82.414 Y154.445 E2.97707
G1 X82.3 Y155.016 E.02213
G1 X81.955 Y155.709 E.02942
G1 X81.492 Y156.205 E.02579
G1 X81.14 Y156.464 E.01661
G1 X80.587 Y156.709 E.02299
G1 X80.046 Y156.814 E.02095
G1 X16.955 Y156.814 E2.39786
G1 X16.382 Y156.7 E.0222
G1 X15.966 Y156.522 E.0172
G1 X15.588 Y156.273 E.0172
G1 X15.074 Y155.747 E.02795
G1 X14.848 Y155.375 E.01654
G1 X14.669 Y154.915 E.01876
G1 X14.586 Y154.44 E.01833
G1 X14.586 Y150.814 E.13781
G1 X4.955 Y150.814 E.36604
G1 X4.384 Y150.7 E.02213
G1 X3.691 Y150.355 E.02942
G1 X3.195 Y149.892 E.02579
G1 X2.936 Y149.54 E.01661
G1 X2.691 Y148.987 E.02299
G1 X2.586 Y148.446 E.02095
G1 X2.586 Y4.955 E5.45357
G1 X2.7 Y4.384 E.02213
G1 X3.045 Y3.691 E.02942
G1 X3.508 Y3.195 E.02579
G1 X3.86 Y2.936 E.01661
G1 X4.413 Y2.691 E.02299
G1 X4.954 Y2.586 E.02095
G1 X115.095 Y2.59 E4.18605
G1 X115.595 Y2.694 E.01941
M73 P2 R64
G1 X116.097 Y2.911 E.02079
G1 X116.453 Y3.161 E.01653
G1 X116.822 Y3.526 E.01973
G1 X117.102 Y3.929 E.01865
G1 X117.3 Y4.383 E.01882
G1 X117.414 Y4.955 E.02217
G1 X117.414 Y11.254 E.2394
G1 X116.957 Y11.254 F21000
G1 F2700
G1 X116.957 Y73.723 E2.37422
G1 X116.882 Y74.121 E.01539
G1 X116.73 Y74.498 E.01545
G1 X116.507 Y74.838 E.01545
G1 X116.086 Y75.25 E.02239
G1 X115.461 Y75.57 E.02669
G1 X115.022 Y75.657 E.01701
G1 X81.957 Y75.657 E1.25668
G1 X81.957 Y154.422 E2.99357
G1 X81.869 Y154.862 E.01705
G1 X81.577 Y155.451 E.02499
G1 X81.174 Y155.876 E.02226
G1 X80.928 Y156.059 E.01165
G1 X80.469 Y156.266 E.01914
G1 X80.022 Y156.357 E.01734
G1 X16.978 Y156.357 E2.39607
G1 X16.54 Y156.27 E.01697
G1 X16.166 Y156.11 E.01546
G1 X15.864 Y155.908 E.01381
G1 X15.423 Y155.449 E.02419
G1 X15.114 Y154.809 E.02701
G1 X15.043 Y154.419 E.01507
G1 X15.043 Y150.357 E.15438
G1 X4.978 Y150.357 E.38253
G1 X4.538 Y150.269 E.01705
G1 X3.949 Y149.977 E.02499
G1 X3.524 Y149.574 E.02226
G1 X3.341 Y149.328 E.01165
G1 X3.134 Y148.869 E.01914
G1 X3.043 Y148.422 E.01734
G1 X3.043 Y4.978 E5.45178
G1 X3.131 Y4.538 E.01705
G1 X3.268 Y4.206 E.01365
G1 X3.423 Y3.949 E.01141
G1 X3.826 Y3.524 E.02226
G1 X4.072 Y3.341 E.01165
G1 X4.531 Y3.134 E.01914
G1 X4.978 Y3.043 E.01734
G1 X115.07 Y3.048 E4.18419
G1 X115.473 Y3.135 E.01567
G1 X115.889 Y3.319 E.01729
G1 X116.483 Y3.833 E.02985
G1 X116.711 Y4.167 E.01537
G1 X116.87 Y4.54 E.01541
G1 X116.957 Y4.978 E.01697
G1 X116.957 Y11.194 E.23625
G1 X116.5 Y11.194 F21000
G1 F2700
G1 X116.5 Y73.7 E2.37562
G1 X116.317 Y74.3 E.02384
G1 X116.142 Y74.561 E.01194
G1 X115.789 Y74.902 E.01865
G1 X115.307 Y75.139 E.02041
G1 X115 Y75.2 E.0119
G1 X81.5 Y75.2 E1.27321
G1 X81.5 Y154.4 E3.0101
G1 X81.439 Y154.707 E.0119
G1 X81.202 Y155.189 E.02041
G1 X80.681 Y155.673 E.02703
G1 X80.309 Y155.838 E.01547
G1 X80 Y155.9 E.01198
G1 X17 Y155.9 E2.3944
G1 X16.4 Y155.717 E.02384
M73 P3 R64
G1 X16.139 Y155.542 E.01194
G1 X15.799 Y155.189 E.01863
G1 X15.547 Y154.661 E.02224
G1 X15.5 Y154.399 E.01012
G1 X15.5 Y149.9 E.17099
G1 X5 Y149.9 E.39907
G1 X4.693 Y149.839 E.0119
G1 X4.211 Y149.602 E.02041
G1 X3.727 Y149.081 E.02703
G1 X3.562 Y148.709 E.01547
G1 X3.5 Y148.4 E.01198
G1 X3.5 Y5 E5.45011
G1 X3.561 Y4.693 E.0119
G1 X3.798 Y4.211 E.02041
G1 X4.319 Y3.727 E.02703
G1 X4.691 Y3.562 E.01547
G1 X5 Y3.5 E.01198
G1 X115.045 Y3.505 E4.18241
G1 X115.309 Y3.562 E.01026
G1 X115.681 Y3.727 E.01547
G1 X116.143 Y4.139 E.02353
G1 X116.439 Y4.693 E.02387
G1 X116.5 Y5 E.0119
G1 X116.5 Y11.134 E.23313
G1 X116.043 Y11.134 F21000
G1 F2700
M73 Q3 S69
G1 X116.043 Y73.677 E2.37703
G1 X115.904 Y74.104 E.01707
G1 X115.522 Y74.53 E.02175
G1 X114.977 Y74.743 E.02224
G1 X81.043 Y74.743 E1.28971
G1 X81.043 Y154.377 E3.0266
G1 X80.83 Y154.922 E.02224
G1 X80.44 Y155.284 E.02022
G1 X79.977 Y155.443 E.01861
G1 X17.023 Y155.443 E2.39265
G1 X16.847 Y155.408 E.00682
G1 X16.448 Y155.205 E.01701
G1 X16.17 Y154.922 E.01508
G1 X15.981 Y154.514 E.01709
G1 X15.957 Y149.443 E.19273
G1 X5.023 Y149.443 E.41556
G1 X4.478 Y149.23 E.02224
G1 X4.116 Y148.84 E.02022
G1 X3.957 Y148.377 E.01861
G1 X3.957 Y5.023 E5.44836
G1 X4.097 Y4.593 E.01719
G1 X4.45 Y4.193 E.02028
G1 X4.848 Y3.992 E.01695
G1 X5.023 Y3.957 E.00678
G1 X115.019 Y3.962 E4.18054
G1 X115.551 Y4.194 E.02206
G1 X115.904 Y4.596 E.02033
G1 X116.043 Y5.023 E.01707
G1 X116.043 Y11.074 E.22998
G1 X115.586 Y11.074 F21000
G1 F2700
G1 X115.586 Y73.655 E2.37847
G1 X115.49 Y73.909 E.01032
G1 X115.246 Y74.165 E.01344
G1 X114.955 Y74.286 E.01198
G1 X80.586 Y74.286 E1.30624
G1 X80.586 Y154.355 E3.04313
G1 X80.465 Y154.646 E.01198
G1 X80.209 Y154.89 E.01344
G1 X79.955 Y154.986 E.01032
G1 X17.045 Y154.986 E2.39098
G1 X16.754 Y154.865 E.01198
G1 X16.51 Y154.609 E.01344
G1 X16.414 Y154.355 E.01032
G1 X16.414 Y148.986 E.20406
G1 X5.045 Y148.986 E.43209
G1 X4.754 Y148.865 E.01198
G1 X4.51 Y148.609 E.01344
G1 X4.414 Y148.355 E.01032
G1 X4.414 Y5.045 E5.44669
G1 X4.535 Y4.754 E.01198
G1 X4.791 Y4.51 E.01344
G1 X5.045 Y4.414 E.01032
G1 X114.999 Y4.423 E4.17895
G1 X115.246 Y4.535 E.01031
G1 X115.465 Y4.754 E.01177
G1 X115.586 Y5.045 E.01198
G1 X115.586 Y11.014 E.22686
G1 X115.129 Y11.014 F21000
G1 F2700
G1 X115.129 Y73.587 E2.37817
G1 X115.094 Y73.671 E.00346
M73 Q3 S68
G1 X114.887 Y73.829 E.0099
G1 X80.129 Y73.829 E1.32102
G1 X80.129 Y154.287 E3.05791
G1 X80.094 Y154.371 E.00346
G1 X79.887 Y154.529 E.0099
G1 X17.113 Y154.529 E2.38581
G1 X17.029 Y154.494 E.00346
G1 X16.871 Y154.287 E.0099
G1 X16.871 Y148.529 E.21884
G1 X5.113 Y148.529 E.44688
G1 X5.029 Y148.494 E.00346
G1 X4.871 Y148.287 E.0099
G1 X4.871 Y5.113 E5.44152
G1 X4.906 Y5.029 E.00346
G1 X5.113 Y4.871 E.0099
G1 X114.887 Y4.871 E4.17211
G1 X114.971 Y4.906 E.00346
M73 P4 R64
G1 X115.129 Y5.113 E.0099
G1 X115.129 Y10.954 E.22199
G1 E-.16
;WIPE_START
G1 F16800
G1 X115.129 Y11.014 E-.00916
G1 X115.129 Y15.146 E-.63084
;WIPE_END
G1 X117.854 Y44.046 Z.707 F21000
G1 X118.055 Y46.175 Z.74
G1 X118.256 Y48.304 Z.766
G1 X118.457 Y50.433 Z.785
G1 X118.858 Y54.69 Z.8
M486 S0
G1 X125.101 Y120.887
G1 Z.2 F720
M73 P4 R63
G1 E.8 F1500
;TYPE:Perimeter
;WIDTH:0.499999
G1 F2700
G1 X125.439 Y120.624 E.01628
G1 X125.879 Y120.536 E.01705
G1 X128.121 Y120.536 E.08521
G1 X128.436 Y120.58 E.01209
G1 X128.8 Y120.759 E.01542
G1 X128.942 Y120.884 E.00719
G1 X129.169 Y121.222 E.01547
G1 X129.264 Y121.613 E.01529
G1 X129.264 Y127.721 E.23214
G1 X129.193 Y128.119 E.01537
G1 X129.016 Y128.432 E.01367
G1 X128.727 Y128.691 E.01475
G1 X128.432 Y128.821 E.01225
G1 X128.121 Y128.864 E.01193
G1 X125.879 Y128.864 E.08521
G1 X125.439 Y128.776 E.01705
G1 X124.964 Y128.407 E.02286
G1 X124.757 Y127.886 E.02131
;WIDTH:0.4573
G1 X124.757 Y121.679 E.21387
;WIDTH:0.499999
G1 X124.964 Y120.993 E.02723
G1 X125.054 Y120.924 E.00431
G1 X125.414 Y121.202 F21000
G1 F2700
G1 X125.615 Y121.046 E.00967
G1 X125.879 Y120.993 E.01023
G1 X128.121 Y120.993 E.08521
G1 X128.44 Y121.071 E.01248
G1 X128.614 Y121.202 E.00828
G1 X128.776 Y121.475 E.01207
G1 X128.807 Y121.679 E.00784
G1 X128.807 Y127.721 E.22963
G1 X128.742 Y128.013 E.01137
G1 X128.559 Y128.25 E.01138
G1 X128.259 Y128.407 E.01287
G1 X125.879 Y128.407 E.09045
G1 X125.615 Y128.354 E.01023
G1 X125.33 Y128.133 E.01371
G1 X125.193 Y127.816 E.01312
G1 X125.193 Y121.679 E.23324
G1 X125.33 Y121.267 E.0165
G1 X125.367 Y121.238 E.00179
M204 T250
G1 X125.748 Y121.515 F21000
M204 T7000
;TYPE:External perimeter
G1 F2700
G1 X125.879 Y121.45 E.00556
G1 X128.121 Y121.45 E.08521
G1 X128.286 Y121.52 E.00681
G1 X128.35 Y121.679 E.00651
G1 X128.35 Y127.721 E.22963
G1 X128.285 Y127.881 E.00656
G1 X128.121 Y127.95 E.00676
G1 X125.879 Y127.95 E.08521
G1 X125.696 Y127.859 E.00777
G1 X125.65 Y127.721 E.00553
G1 X125.65 Y121.679 E.22963
G1 X125.695 Y121.542 E.00548
G1 E-.16
;WIPE_START
G1 F16800
G1 X125.748 Y121.515 E-.00908
G1 X125.879 Y121.45 E-.02233
G1 X128.121 Y121.45 E-.34231
G1 X128.286 Y121.52 E-.02737
G1 X128.35 Y121.679 E-.02617
G1 X128.35 Y123.072 E-.21274
;WIPE_END
G1 X127.235 Y94.065 Z.707 F21000
G1 X127.153 Y91.928 Z.74
G1 X127.071 Y89.792 Z.766
G1 X126.989 Y87.655 Z.785
G1 X126.825 Y83.382 Z.8
G1 X125.101 Y38.513
G1 Z.2 F720
G1 E.8 F1500
;TYPE:Perimeter
G1 F2700
G1 X124.964 Y38.407 E.00658
G1 X124.757 Y37.886 E.02131
;WIDTH:0.4573
G1 X124.757 Y31.679 E.21387
;WIDTH:0.499999
G1 X124.964 Y30.993 E.02723
G1 X125.439 Y30.624 E.02286
G1 X125.879 Y30.536 E.01705
G1 X128.121 Y30.536 E.08521
G1 X128.459 Y30.587 E.01299
G1 X128.829 Y30.782 E.0159
G1 X129.088 Y31.069 E.01469
G1 X129.172 Y31.23 E.0069
G1 X129.264 Y31.618 E.01516
G1 X129.264 Y37.721 E.23195
G1 X129.193 Y38.119 E.01537
G1 X129.004 Y38.447 E.01439
G1 X128.732 Y38.687 E.01379
G1 X128.436 Y38.82 E.01233
G1 X128.121 Y38.864 E.01209
G1 X125.879 Y38.864 E.08521
G1 X125.439 Y38.776 E.01705
G1 X125.148 Y38.55 E.014
G1 X125.414 Y38.198 F21000
G1 F2700
G1 X125.33 Y38.133 E.00404
G1 X125.193 Y37.816 E.01312
G1 X125.193 Y31.679 E.23324
G1 X125.33 Y31.267 E.0165
G1 X125.615 Y31.046 E.01371
G1 X125.879 Y30.993 E.01023
G1 X128.121 Y30.993 E.08521
G1 X128.398 Y31.051 E.01076
G1 X128.639 Y31.228 E.01136
G1 X128.752 Y31.409 E.00811
G1 X128.807 Y31.679 E.01047
G1 X128.807 Y37.721 E.22963
G1 X128.735 Y38.028 E.01198
G1 X128.562 Y38.247 E.01061
G1 X128.26 Y38.407 E.01299
G1 X125.879 Y38.407 E.09049
G1 X125.615 Y38.354 E.01023
G1 X125.462 Y38.235 E.00737
M204 T250
G1 X125.748 Y37.885 F21000
M204 T7000
;TYPE:External perimeter
G1 F2700
G1 X125.696 Y37.859 E.00221
G1 X125.65 Y37.721 E.00553
G1 X125.65 Y31.679 E.22963
G1 X125.696 Y31.541 E.00553
G1 X125.879 Y31.45 E.00777
G1 X128.121 Y31.45 E.08521
G1 X128.285 Y31.519 E.00676
G1 X128.35 Y31.63 E.00489
G1 X128.35 Y37.721 E.2315
G1 X128.285 Y37.881 E.00656
G1 X128.121 Y37.95 E.00676
G1 X125.879 Y37.95 E.08521
G1 X125.802 Y37.912 E.00326
G1 E-.16
;WIPE_START
G1 F16800
G1 X125.748 Y37.885 E-.00922
G1 X125.696 Y37.859 E-.00888
G1 X125.65 Y37.721 E-.02221
G1 X125.65 Y33.793 E-.59969
;WIPE_END
G1 X146.968 Y53.496 Z.707 F21000
G1 X148.538 Y54.947 Z.74
G1 X150.108 Y56.398 Z.766
G1 X151.679 Y57.85 Z.785
G1 X154.819 Y60.752 Z.8
G1 X196.976 Y99.715
G1 Z.2 F720
G1 E.8 F1500
;TYPE:Perimeter
G1 F2700
G1 X197.049 Y99.801 E.00429
G1 X197.394 Y99.998 E.0151
G1 X197.779 Y100.064 E.01485
G1 X231.636 Y100.064 E1.28678
G1 X231.636 Y153.036 E2.01327
G1 X124.364 Y153.036 E4.07701
M73 Q4 S68
G1 X124.364 Y128.607 E.92846
G1 X124.343 Y127.721 E.03368
;WIDTH:0.4573
G1 X124.343 Y121.679 E.20818
;WIDTH:0.499999
G1 X124.364 Y120.793 E.03368
G1 X124.364 Y38.607 E3.12358
G1 X124.343 Y37.721 E.03368
;WIDTH:0.4573
G1 X124.343 Y31.679 E.20818
;WIDTH:0.499999
G1 X124.364 Y30.793 E.03368
G1 X124.364 Y12.364 E.70042
G1 X135.221 Y12.364 E.41263
G1 X135.495 Y12.331 E.01049
G1 X135.831 Y12.188 E.01388
G1 X136.123 Y11.924 E.01496
G1 X136.304 Y11.587 E.01454
G1 X136.364 Y11.221 E.0141
G1 X136.364 Y6.364 E.1846
G1 X196.636 Y6.364 E2.29071
G1 X196.636 Y54.141 E1.81583
G1 X196.665 Y55.178 E.03943
G1 X196.826 Y55.552 E.01548
G1 X197.09 Y55.833 E.01465
G1 X197.375 Y55.99 E.01237
G1 X197.779 Y56.064 E.01561
G1 X231.636 Y56.064 E1.28678
G1 X231.636 Y62.336 E.23838
G1 X197.621 Y62.336 E1.29278
G1 X197.215 Y62.484 E.01642
G1 X196.922 Y62.722 E.01435
G1 X196.71 Y63.074 E.01562
G1 X196.636 Y63.479 E.01565
G1 X196.636 Y99.074 E1.35283
G1 X196.789 Y99.493 E.01695
G1 X196.937 Y99.669 E.00874
G1 X197.31 Y99.401 F21000
G1 F2700
G1 X197.478 Y99.538 E.00824
G1 X197.779 Y99.607 E.01174
G1 X232.093 Y99.607 E1.30415
G1 X232.093 Y153.493 E2.04801
G1 X123.907 Y153.493 E4.11175
G1 X123.907 Y11.907 E5.38116
G1 X134.419 Y11.907 E.39952
G1 X135.385 Y11.887 E.03672
G1 X135.666 Y11.743 E.012
G1 X135.851 Y11.494 E.01179
G1 X135.907 Y11.221 E.01059
G1 X135.907 Y5.907 E.20197
G1 X197.093 Y5.907 E2.32545
G1 X197.093 Y54.921 E1.86284
G1 X197.137 Y55.164 E.00939
G1 X197.308 Y55.42 E.0117
G1 X197.536 Y55.563 E.01023
G1 X197.779 Y55.607 E.00939
G1 X232.093 Y55.607 E1.30415
G1 X232.093 Y62.793 E.27311
G1 X197.779 Y62.793 E1.30415
G1 X197.536 Y62.837 E.00939
G1 X197.308 Y62.98 E.01023
G1 X197.161 Y63.181 E.00946
G1 X197.093 Y63.479 E.01162
G1 X197.093 Y99.027 E1.35105
G1 X197.236 Y99.341 E.01311
G1 X197.264 Y99.363 E.00135
M204 T250
G1 X197.649 Y99.096 F21000
M204 T7000
;TYPE:External perimeter
G1 F2700
G1 X197.779 Y99.15 E.00535
G1 X232.55 Y99.15 E1.32152
G1 X232.55 Y153.95 E2.08274
G1 X123.45 Y153.95 E4.14648
G1 X123.45 Y11.45 E5.41589
G1 X135.221 Y11.45 E.44737
M73 P5 R63
G1 X135.382 Y11.384 E.00661
G1 X135.45 Y11.221 E.00671
G1 X135.45 Y5.45 E.21933
G1 X197.55 Y5.45 E2.36019
G1 X197.55 Y54.925 E1.88036
G1 X197.622 Y55.088 E.00677
G1 X197.779 Y55.15 E.00642
G1 X232.55 Y55.15 E1.32152
G1 X232.55 Y63.25 E.30785
G1 X197.76 Y63.25 E1.32224
G1 X197.607 Y63.327 E.00651
G1 X197.55 Y63.479 E.00617
G1 X197.55 Y98.921 E1.34702
G1 X197.607 Y99.06 E.00571
G1 E-.16
;WIPE_START
G1 F16800
G1 X197.649 Y99.096 E-.00845
G1 X197.779 Y99.15 E-.02149
G1 X201.775 Y99.15 E-.61006
;WIPE_END
G1 X218.108 Y75.153 Z.707 F21000
G1 X219.311 Y73.385 Z.74
G1 X220.514 Y71.617 Z.766
G1 X221.717 Y69.85 Z.785
G1 X224.124 Y66.314 Z.8
G1 X230.976 Y56.247
G1 Z.2 F720
G1 E.8 F1500
;TYPE:Solid infill
;WIDTH:0.500973
G1 F6000
G1 X231.247 Y56.519 E.01462
G1 X231.247 Y57.166 E.02464
G1 X230.534 Y56.453 E.0384
G1 X229.886 Y56.453 E.02468
G1 X231.247 Y57.814 E.07331
G1 X231.247 Y58.462 E.02468
G1 X229.238 Y56.453 E.10821
G1 X228.59 Y56.453 E.02468
G1 X231.247 Y59.11 E.14312
G1 X231.247 Y59.758 E.02468
G1 X227.942 Y56.453 E.17802
G1 X227.295 Y56.453 E.02464
G1 X231.247 Y60.405 E.21287
G1 X231.247 Y61.053 E.02468
G1 X226.647 Y56.453 E.24777
G1 X225.999 Y56.453 E.02468
G1 X231.247 Y61.701 E.28268
G1 X231.247 Y61.947 E.00937
G1 X230.846 Y61.947 E.01527
G1 X225.351 Y56.453 E.29595
G1 X224.704 Y56.453 E.02464
G1 X230.198 Y61.947 E.29593
G1 X229.55 Y61.947 E.02468
G1 X224.056 Y56.453 E.29593
G1 X223.408 Y56.453 E.02468
G1 X228.903 Y61.947 E.29595
G1 X228.255 Y61.947 E.02468
G1 X222.76 Y56.453 E.29595
G1 X222.112 Y56.453 E.02468
G1 X227.607 Y61.947 E.29595
G1 X226.959 Y61.947 E.02468
G1 X221.465 Y56.453 E.29593
G1 X220.817 Y56.453 E.02468
G1 X226.312 Y61.947 E.29595
G1 X225.664 Y61.947 E.02468
G1 X220.169 Y56.453 E.29595
G1 X219.521 Y56.453 E.02468
G1 X225.016 Y61.947 E.29595
G1 X224.368 Y61.947 E.02468
G1 X218.873 Y56.453 E.29595
G1 X218.226 Y56.453 E.02464
M73 Q4 S67
G1 X223.72 Y61.947 E.29593
G1 X223.073 Y61.947 E.02464
G1 X217.578 Y56.453 E.29595
G1 X216.93 Y56.453 E.02468
G1 X222.425 Y61.947 E.29595
G1 X221.777 Y61.947 E.02468
G1 X216.282 Y56.453 E.29595
G1 X215.635 Y56.453 E.02464
G1 X221.129 Y61.947 E.29593
G1 X220.481 Y61.947 E.02468
G1 X214.987 Y56.453 E.29593
G1 X214.339 Y56.453 E.02468
G1 X219.834 Y61.947 E.29595
G1 X219.186 Y61.947 E.02468
G1 X213.691 Y56.453 E.29595
G1 X213.043 Y56.453 E.02468
G1 X218.538 Y61.947 E.29595
G1 X217.89 Y61.947 E.02468
G1 X212.396 Y56.453 E.29593
G1 X211.748 Y56.453 E.02468
G1 X217.243 Y61.947 E.29595
G1 X216.595 Y61.947 E.02468
G1 X211.1 Y56.453 E.29595
G1 X210.452 Y56.453 E.02468
G1 X215.947 Y61.947 E.29595
G1 X215.299 Y61.947 E.02468
G1 X209.805 Y56.453 E.29593
G1 X209.157 Y56.453 E.02468
G1 X214.651 Y61.947 E.29593
G1 X214.004 Y61.947 E.02464
G1 X208.509 Y56.453 E.29595
G1 X207.861 Y56.453 E.02468
M73 Q5 S67
G1 X213.356 Y61.947 E.29595
G1 X212.708 Y61.947 E.02468
G1 X207.213 Y56.453 E.29595
G1 X206.566 Y56.453 E.02464
G1 X212.06 Y61.947 E.29593
G1 X211.412 Y61.947 E.02468
G1 X205.918 Y56.453 E.29593
G1 X205.27 Y56.453 E.02468
G1 X210.765 Y61.947 E.29595
G1 X210.117 Y61.947 E.02468
G1 X204.622 Y56.453 E.29595
G1 X203.974 Y56.453 E.02468
G1 X209.469 Y61.947 E.29595
G1 X208.821 Y61.947 E.02468
G1 X203.327 Y56.453 E.29593
G1 X202.679 Y56.453 E.02468
G1 X208.174 Y61.947 E.29595
G1 X207.526 Y61.947 E.02468
G1 X202.031 Y56.453 E.29595
G1 X201.383 Y56.453 E.02468
G1 X206.878 Y61.947 E.29595
G1 X206.23 Y61.947 E.02468
G1 X200.736 Y56.453 E.29593
G1 X200.088 Y56.453 E.02468
G1 X205.582 Y61.947 E.29593
G1 X204.935 Y61.947 E.02464
G1 X199.44 Y56.453 E.29595
G1 X198.792 Y56.453 E.02468
G1 X204.287 Y61.947 E.29595
G1 X203.639 Y61.947 E.02468
G1 X197.939 Y56.247 E.30702
G1 E-.16 F2700
;WIPE_START
G1 F16800
G1 X200.903 Y59.211 E-.64
;WIPE_END
G1 X198.415 Y30.289 Z.707 F21000
G1 X198.232 Y28.159 Z.74
G1 X198.049 Y26.029 Z.766
G1 X197.866 Y23.898 Z.785
G1 X197.499 Y19.638 Z.8
G1 X196.453 Y7.473
G1 Z.2 F720
G1 E.8 F1500
G1 F6000
G1 X195.733 Y6.753 E.03878
G1 X195.085 Y6.753 E.02468
G1 X196.247 Y7.915 E.06259
G1 X196.247 Y8.563 E.02468
G1 X194.437 Y6.753 E.09749
G1 X193.789 Y6.753 E.02468
G1 X196.247 Y9.211 E.1324
G1 X196.247 Y9.858 E.02464
G1 X193.142 Y6.753 E.16725
G1 X192.494 Y6.753 E.02468
G1 X196.247 Y10.506 E.20215
G1 X196.247 Y11.154 E.02468
G1 X191.846 Y6.753 E.23705
G1 X191.198 Y6.753 E.02468
G1 X196.247 Y11.802 E.27196
G1 X196.247 Y12.45 E.02468
G1 X190.55 Y6.753 E.30686
G1 X189.903 Y6.753 E.02464
G1 X196.247 Y13.097 E.34171
G1 X196.247 Y13.745 E.02468
G1 X189.255 Y6.753 E.37661
G1 X188.607 Y6.753 E.02468
G1 X196.247 Y14.393 E.41152
G1 X196.247 Y15.041 E.02468
G1 X187.959 Y6.753 E.44642
G1 X187.311 Y6.753 E.02468
G1 X196.247 Y15.689 E.48132
G1 X196.247 Y16.336 E.02464
G1 X186.664 Y6.753 E.51617
G1 X186.016 Y6.753 E.02468
G1 X196.247 Y16.984 E.55108
G1 X196.247 Y17.632 E.02468
G1 X185.368 Y6.753 E.58598
G1 X184.72 Y6.753 E.02468
G1 X196.247 Y18.28 E.62088
G1 X196.247 Y18.927 E.02464
G1 X184.073 Y6.753 E.65573
G1 X183.425 Y6.753 E.02468
G1 X196.247 Y19.575 E.69064
G1 X196.247 Y20.223 E.02468
G1 X182.777 Y6.753 E.72554
G1 X182.129 Y6.753 E.02468
G1 X196.247 Y20.871 E.76045
G1 X196.247 Y21.519 E.02468
G1 X181.481 Y6.753 E.79535
G1 X180.834 Y6.753 E.02464
G1 X196.247 Y22.166 E.8302
G1 X196.247 Y22.814 E.02468
G1 X180.186 Y6.753 E.8651
G1 X179.538 Y6.753 E.02468
G1 X196.247 Y23.462 E.90001
G1 X196.247 Y24.11 E.02468
G1 X178.89 Y6.753 E.93491
G1 X178.242 Y6.753 E.02468
G1 X196.247 Y24.758 E.96981
G1 X196.247 Y25.405 E.02464
G1 X177.595 Y6.753 E1.00466
G1 X176.947 Y6.753 E.02468
G1 X196.247 Y26.053 E1.03957
G1 X196.247 Y26.701 E.02468
G1 X176.299 Y6.753 E1.07447
G1 X175.651 Y6.753 E.02468
G1 X196.247 Y27.349 E1.10937
G1 X196.247 Y27.996 E.02464
G1 X175.004 Y6.753 E1.14422
G1 X174.356 Y6.753 E.02468
G1 X196.247 Y28.644 E1.17913
G1 X196.247 Y29.292 E.02468
G1 X173.708 Y6.753 E1.21403
G1 X173.06 Y6.753 E.02468
G1 X196.247 Y29.94 E1.24893
G1 X196.247 Y30.588 E.02468
G1 X172.412 Y6.753 E1.28384
G1 X171.765 Y6.753 E.02464
G1 X196.247 Y31.235 E1.31869
G1 X196.247 Y31.883 E.02468
G1 X171.117 Y6.753 E1.35359
G1 X170.469 Y6.753 E.02468
G1 X196.247 Y32.531 E1.38849
G1 X196.247 Y33.179 E.02468
G1 X169.821 Y6.753 E1.4234
G1 X169.173 Y6.753 E.02468
G1 X196.247 Y33.827 E1.4583
G1 X196.247 Y34.474 E.02464
G1 X168.526 Y6.753 E1.49315
G1 X167.878 Y6.753 E.02468
G1 X196.247 Y35.122 E1.52805
G1 X196.247 Y35.77 E.02468
G1 X167.23 Y6.753 E1.56296
G1 X166.582 Y6.753 E.02468
G1 X196.247 Y36.418 E1.59786
G1 X196.247 Y37.065 E.02464
G1 X165.935 Y6.753 E1.63271
G1 X165.287 Y6.753 E.02468
M73 P5 R62
G1 X196.247 Y37.713 E1.66761
G1 X196.247 Y38.361 E.02468
G1 X164.639 Y6.753 E1.70252
G1 X163.991 Y6.753 E.02468
G1 X196.247 Y39.009 E1.73742
G1 X196.247 Y39.657 E.02468
G1 X163.343 Y6.753 E1.77233
G1 X162.696 Y6.753 E.02464
G1 X196.247 Y40.304 E1.80717
G1 X196.247 Y40.952 E.02468
G1 X162.048 Y6.753 E1.84208
G1 X161.4 Y6.753 E.02468
G1 X196.247 Y41.6 E1.87698
G1 X196.247 Y42.248 E.02468
G1 X160.752 Y6.753 E1.91189
G1 X160.105 Y6.753 E.02464
G1 X196.247 Y42.895 E1.94674
G1 X196.247 Y43.543 E.02468
G1 X159.457 Y6.753 E1.98164
G1 X158.809 Y6.753 E.02468
G1 X196.247 Y44.191 E2.01654
G1 X196.247 Y44.839 E.02468
G1 X158.161 Y6.753 E2.05145
G1 X157.513 Y6.753 E.02468
G1 X196.247 Y45.487 E2.08635
G1 X196.247 Y46.134 E.02464
G1 X156.866 Y6.753 E2.1212
G1 X156.218 Y6.753 E.02468
G1 X196.247 Y46.782 E2.1561
G1 X196.247 Y47.43 E.02468
G1 X155.57 Y6.753 E2.19101
G1 X154.922 Y6.753 E.02468
G1 X196.247 Y48.078 E2.22591
G1 X196.247 Y48.726 E.02468
G1 X154.274 Y6.753 E2.26081
G1 X153.627 Y6.753 E.02464
G1 X196.247 Y49.373 E2.29566
G1 X196.247 Y50.021 E.02468
G1 X152.979 Y6.753 E2.33057
G1 X152.331 Y6.753 E.02468
G1 X196.247 Y50.669 E2.36547
G1 X196.247 Y51.317 E.02468
G1 X151.683 Y6.753 E2.40037
G1 X151.036 Y6.753 E.02464
G1 X196.247 Y51.964 E2.43522
G1 X196.247 Y52.612 E.02468
G1 X150.388 Y6.753 E2.47013
G1 X149.74 Y6.753 E.02468
G1 X196.247 Y53.26 E2.50503
G1 X196.247 Y53.908 E.02468
G1 X149.092 Y6.753 E2.53993
G1 X148.444 Y6.753 E.02468
G1 X196.453 Y54.761 E2.58591
G1 E-.16 F2700
;WIPE_START
G1 F16800
G1 X193.489 Y51.797 E-.64
;WIPE_END
G1 X203.197 Y62.153 Z.448 F21000
G1 Z.2 F720
G1 E.8 F1500
G1 F6000
G1 X197.461 Y56.417 E.30896
G1 X197.238 Y56.355 E.00882
G1 X197.025 Y56.255 E.00896
G1 X196.856 Y56.144 E.0077
G1 X196.728 Y56.036 E.00638
G1 X196.629 Y55.934 E.00541
G1 X196.501 Y55.766 E.00804
G1 X196.376 Y55.539 E.00987
G1 X196.279 Y55.235 E.01215
G1 X147.797 Y6.753 E2.61141
G1 X147.149 Y6.753 E.02468
G1 X202.343 Y61.947 E2.97294
G1 X201.696 Y61.947 E.02464
M73 P6 R62
G1 X146.501 Y6.753 E2.97297
G1 X145.853 Y6.753 E.02468
G1 X201.048 Y61.947 E2.97297
G1 X200.4 Y61.947 E.02468
G1 X145.205 Y6.753 E2.97297
G1 X144.558 Y6.753 E.02464
G1 X199.752 Y61.947 E2.97294
G1 X199.105 Y61.947 E.02464
G1 X143.91 Y6.753 E2.97297
G1 X143.262 Y6.753 E.02468
G1 X198.457 Y61.947 E2.97297
G1 X197.809 Y61.947 E.02468
G1 X142.614 Y6.753 E2.97297
G1 X141.967 Y6.753 E.02464
G1 X197.255 Y62.041 E2.97801
G1 X197.025 Y62.145 E.00961
G1 X196.838 Y62.272 E.00861
G1 X141.319 Y6.753 E2.99045
G1 X140.671 Y6.753 E.02468
G1 X196.523 Y62.605 E3.00839
G1 X196.376 Y62.861 E.01124
M73 Q6 S67
G1 X196.317 Y63.046 E.0074
G1 X140.023 Y6.753 E3.03217
G1 X139.375 Y6.753 E.02468
G1 X196.247 Y63.625 E3.06333
G1 X196.247 Y64.272 E.02464
G1 X138.728 Y6.753 E3.09818
G1 X138.08 Y6.753 E.02468
G1 X196.247 Y64.92 E3.13308
G1 X196.247 Y65.568 E.02468
G1 X137.432 Y6.753 E3.16798
G1 X136.784 Y6.753 E.02468
G1 X196.247 Y66.216 E3.20289
G1 X196.247 Y66.864 E.02468
G1 X136.753 Y7.369 E3.20458
G1 X136.753 Y8.017 E.02468
G1 X196.247 Y67.511 E3.20456
G1 X196.247 Y68.159 E.02468
G1 X136.753 Y8.664 E3.20458
G1 X136.753 Y9.312 E.02468
G1 X196.247 Y68.807 E3.20458
G1 X196.247 Y69.455 E.02468
G1 X136.753 Y9.96 E3.20458
G1 X136.753 Y10.608 E.02468
G1 X196.247 Y70.102 E3.20456
G1 X196.247 Y70.75 E.02468
G1 X136.751 Y11.254 E3.20466
G1 X136.741 Y11.412 E.00603
G1 X136.674 Y11.709 E.0116
G1 X136.639 Y11.79 E.00336
G1 X196.247 Y71.398 E3.2107
G1 X196.247 Y72.046 E.02468
G1 X136.398 Y12.196 E3.2237
G1 X136.215 Y12.387 E.01007
G1 X136.057 Y12.503 E.00747
G1 X196.247 Y72.694 E3.24207
G1 X196.247 Y73.341 E.02464
G1 X135.608 Y12.702 E3.26623
G1 X135.416 Y12.741 E.00746
M73 Q6 S66
G1 X135.011 Y12.753 E.01543
G1 X196.247 Y73.989 E3.29839
G1 X196.247 Y74.637 E.02468
G1 X134.363 Y12.753 E3.33329
G1 X133.715 Y12.753 E.02468
G1 X196.247 Y75.285 E3.36819
G1 X196.247 Y75.933 E.02468
G1 X133.067 Y12.753 E3.4031
G1 X132.42 Y12.753 E.02464
G1 X196.247 Y76.58 E3.43795
G1 X196.247 Y77.228 E.02468
G1 X131.772 Y12.753 E3.47285
G1 X131.124 Y12.753 E.02468
G1 X196.247 Y77.876 E3.50775
G1 X196.247 Y78.524 E.02468
G1 X130.476 Y12.753 E3.54266
G1 X129.829 Y12.753 E.02464
G1 X196.247 Y79.171 E3.57751
G1 X196.247 Y79.819 E.02468
G1 X129.181 Y12.753 E3.61241
G1 X128.533 Y12.753 E.02468
G1 X196.247 Y80.467 E3.64731
G1 X196.247 Y81.115 E.02468
G1 X127.885 Y12.753 E3.68222
G1 X127.237 Y12.753 E.02468
G1 X196.247 Y81.763 E3.71712
G1 X196.247 Y82.41 E.02464
G1 X126.59 Y12.753 E3.75197
G1 X125.942 Y12.753 E.02468
G1 X196.247 Y83.058 E3.78687
G1 X196.247 Y83.706 E.02468
G1 X125.294 Y12.753 E3.82178
G1 X124.753 Y12.753 E.02061
G1 X124.753 Y12.859 E.00404
G1 X196.247 Y84.354 E3.85095
G1 X196.247 Y85.002 E.02468
G1 X124.753 Y13.507 E3.85095
G1 X124.753 Y14.155 E.02468
M73 P7 R62
G1 X196.247 Y85.649 E3.85092
G1 X196.247 Y86.297 E.02468
G1 X124.753 Y14.802 E3.85095
G1 X124.753 Y15.45 E.02468
M73 P7 R61
G1 X196.247 Y86.945 E3.85095
G1 X196.247 Y87.593 E.02468
G1 X124.753 Y16.098 E3.85095
G1 X124.753 Y16.746 E.02468
G1 X196.247 Y88.24 E3.85092
G1 X196.247 Y88.888 E.02468
G1 X124.753 Y17.394 E3.85092
G1 X124.753 Y18.041 E.02464
G1 X196.247 Y89.536 E3.85095
G1 X196.247 Y90.184 E.02468
G1 X124.753 Y18.689 E3.85095
G1 X124.753 Y19.337 E.02468
G1 X196.247 Y90.832 E3.85095
G1 X196.247 Y91.479 E.02464
G1 X124.753 Y19.985 E3.85092
G1 X124.753 Y20.632 E.02464
M73 Q7 S66
G1 X196.247 Y92.127 E3.85095
G1 X196.247 Y92.775 E.02468
G1 X124.753 Y21.28 E3.85095
G1 X124.753 Y21.928 E.02468
G1 X196.247 Y93.423 E3.85095
G1 X196.247 Y94.07 E.02464
G1 X124.753 Y22.576 E3.85092
G1 X124.753 Y23.224 E.02468
G1 X196.247 Y94.718 E3.85092
G1 X196.247 Y95.366 E.02468
G1 X124.753 Y23.871 E3.85095
G1 X124.753 Y24.519 E.02468
G1 X196.247 Y96.014 E3.85095
G1 X196.247 Y96.662 E.02468
G1 X124.753 Y25.167 E3.85095
G1 X124.753 Y25.815 E.02468
G1 X196.247 Y97.309 E3.85092
G1 X196.247 Y97.957 E.02468
G1 X129.604 Y31.314 E3.58963
G1 X129.565 Y31.167 E.00579
G1 X129.453 Y30.921 E.01029
G1 X129.329 Y30.737 E.00845
G1 X129.146 Y30.54 E.01024
G1 X128.874 Y30.344 E.01277
G1 X128.577 Y30.216 E.01232
G1 X128.484 Y30.194 E.00364
G1 X124.753 Y26.463 E.20096
G1 X124.753 Y27.11 E.02464
G1 X127.79 Y30.147 E.16358
G1 X127.142 Y30.147 E.02468
G1 X124.753 Y27.758 E.12868
G1 X124.753 Y28.406 E.02468
G1 X126.494 Y30.147 E.09378
G1 X125.849 Y30.15 E.02457
G1 X124.753 Y29.054 E.05903
G1 X124.753 Y29.701 E.02464
G1 X125.309 Y30.258 E.02998
G1 X125.283 Y30.263 E.00101
G1 X124.936 Y30.533 E.01675
G1 X124.547 Y30.144 E.02095
G1 E-.16 F2700
;WIPE_START
G1 F16800
G1 X124.936 Y30.533 E-.08399
G1 X125.283 Y30.263 E-.06713
G1 X125.309 Y30.258 E-.00404
G1 X124.753 Y29.701 E-.12016
G1 X124.753 Y29.054 E-.09878
G1 X125.849 Y30.15 E-.23665
G1 X126.041 Y30.149 E-.02925
;WIPE_END
G1 X129.446 Y31.804 Z.266 F21000
G1 Z.2 F720
G1 E.8 F1500
G1 F6000
G1 X196.453 Y98.811 E3.60923
G1 E-.16 F2700
;WIPE_START
G1 F16800
G1 X193.489 Y95.847 E-.64
;WIPE_END
G1 X222.276 Y99.583 Z.707 F21000
G1 X224.396 Y99.858 Z.74
G1 X226.517 Y100.133 Z.766
G1 X228.637 Y100.408 Z.785
G1 X231.453 Y100.774 Z.798
G1 Z.2 F720
G1 E.8 F1500
G1 F6000
G1 X231.132 Y100.453 E.01729
G1 X230.484 Y100.453 E.02468
G1 X231.247 Y101.216 E.0411
G1 X231.247 Y101.864 E.02468
G1 X229.836 Y100.453 E.076
G1 X229.189 Y100.453 E.02464
G1 X231.247 Y102.511 E.11085
G1 X231.247 Y103.159 E.02468
G1 X228.541 Y100.453 E.14575
G1 X227.893 Y100.453 E.02468
G1 X231.247 Y103.807 E.18066
G1 X231.247 Y104.455 E.02468
G1 X227.245 Y100.453 E.21556
G1 X226.598 Y100.453 E.02464
G1 X231.247 Y105.102 E.25041
G1 X231.247 Y105.75 E.02468
G1 X225.95 Y100.453 E.28532
G1 X225.302 Y100.453 E.02468
G1 X231.247 Y106.398 E.32022
G1 X231.247 Y107.046 E.02468
G1 X224.654 Y100.453 E.35512
G1 X224.006 Y100.453 E.02468
G1 X231.247 Y107.694 E.39003
G1 X231.247 Y108.341 E.02464
G1 X223.359 Y100.453 E.42488
G1 X222.711 Y100.453 E.02468
G1 X231.247 Y108.989 E.45978
G1 X231.247 Y109.637 E.02468
G1 X222.063 Y100.453 E.49468
G1 X221.415 Y100.453 E.02468
G1 X231.247 Y110.285 E.52959
G1 X231.247 Y110.933 E.02468
G1 X220.767 Y100.453 E.56449
G1 X220.12 Y100.453 E.02464
G1 X231.247 Y111.58 E.59934
G1 X231.247 Y112.228 E.02468
G1 X219.472 Y100.453 E.63424
G1 X218.824 Y100.453 E.02468
G1 X231.247 Y112.876 E.66915
G1 X231.247 Y113.524 E.02468
G1 X218.176 Y100.453 E.70405
G1 X217.529 Y100.453 E.02464
G1 X231.247 Y114.171 E.7389
G1 X231.247 Y114.819 E.02468
G1 X216.881 Y100.453 E.7738
G1 X216.233 Y100.453 E.02468
G1 X231.247 Y115.467 E.80871
G1 X231.247 Y116.115 E.02468
G1 X215.585 Y100.453 E.84361
G1 X214.937 Y100.453 E.02468
G1 X231.247 Y116.763 E.87851
G1 X231.247 Y117.41 E.02464
G1 X214.29 Y100.453 E.91336
G1 X213.642 Y100.453 E.02468
G1 X231.247 Y118.058 E.94827
G1 X231.247 Y118.706 E.02468
G1 X212.994 Y100.453 E.98317
G1 X212.346 Y100.453 E.02468
G1 X231.247 Y119.354 E1.01807
G1 X231.247 Y120.002 E.02468
G1 X211.698 Y100.453 E1.05298
G1 X211.051 Y100.453 E.02464
G1 X231.247 Y120.649 E1.08783
G1 X231.247 Y121.297 E.02468
G1 X210.403 Y100.453 E1.12273
G1 X209.755 Y100.453 E.02468
G1 X231.247 Y121.945 E1.15763
G1 X231.247 Y122.593 E.02468
G1 X209.107 Y100.453 E1.19254
G1 X208.46 Y100.453 E.02464
G1 X231.247 Y123.24 E1.22739
G1 X231.247 Y123.888 E.02468
G1 X207.812 Y100.453 E1.26229
G1 X207.164 Y100.453 E.02468
G1 X231.247 Y124.536 E1.2972
G1 X231.247 Y125.184 E.02468
G1 X206.516 Y100.453 E1.3321
G1 X205.868 Y100.453 E.02468
G1 X231.247 Y125.832 E1.367
G1 X231.247 Y126.479 E.02464
G1 X205.221 Y100.453 E1.40185
G1 X204.573 Y100.453 E.02468
G1 X231.247 Y127.127 E1.43676
G1 X231.247 Y127.775 E.02468
G1 X203.925 Y100.453 E1.47166
G1 X203.277 Y100.453 E.02468
G1 X231.247 Y128.423 E1.50656
G1 X231.247 Y129.07 E.02464
G1 X202.63 Y100.453 E1.54141
G1 X201.982 Y100.453 E.02468
G1 X231.247 Y129.718 E1.57632
G1 X231.247 Y130.366 E.02468
G1 X201.334 Y100.453 E1.61122
G1 X200.686 Y100.453 E.02468
G1 X231.247 Y131.014 E1.64612
G1 X231.247 Y131.662 E.02468
G1 X200.038 Y100.453 E1.68103
G1 X199.391 Y100.453 E.02464
G1 X231.247 Y132.309 E1.71588
G1 X231.247 Y132.957 E.02468
G1 X198.743 Y100.453 E1.75078
G1 X198.095 Y100.453 E.02468
G1 X231.247 Y133.605 E1.78568
G1 X231.247 Y134.253 E.02468
G1 X197.392 Y100.398 E1.82355
G1 X197.183 Y100.333 E.00834
G1 X196.896 Y100.174 E.0125
G1 X196.662 Y99.971 E.0118
G1 X196.487 Y99.745 E.01089
G1 X196.352 Y99.481 E.01129
G1 X196.304 Y99.309 E.0068
G1 X129.652 Y32.658 E3.59008
G1 X129.652 Y33.305 E.02464
G1 X231.247 Y134.901 E5.47229
G1 X231.247 Y135.548 E.02464
M73 Q7 S65
G1 X129.652 Y33.953 E5.47226
G1 X129.652 Y34.601 E.02468
M73 P8 R61
G1 X231.247 Y136.196 E5.47226
G1 X231.247 Y136.844 E.02468
G1 X129.652 Y35.249 E5.47226
G1 X129.652 Y35.897 E.02468
G1 X231.247 Y137.492 E5.47226
G1 X231.247 Y138.139 E.02464
G1 X129.653 Y36.545 E5.47221
G1 X129.653 Y37.193 E.02468
G1 X231.247 Y138.787 E5.47221
G1 X231.247 Y139.435 E.02468
G1 X129.643 Y37.831 E5.47275
G1 X129.629 Y37.996 E.00631
G1 X129.546 Y38.285 E.01145
G1 X129.513 Y38.349 E.00274
G1 X231.247 Y140.083 E5.47975
G1 X231.247 Y140.731 E.02468
M73 Q8 S65
G1 X129.258 Y38.741 E5.49351
G1 X129.103 Y38.897 E.00838
G1 X128.904 Y39.035 E.00922
G1 X231.247 Y141.378 E5.51255
G1 X231.247 Y142.026 E.02468
G1 X128.438 Y39.217 E5.53765
G1 X128.35 Y39.236 E.00343
G1 X128.127 Y39.253 E.00852
G1 X127.826 Y39.253 E.01146
G1 X231.247 Y142.674 E5.57062
G1 X231.247 Y143.322 E.02468
G1 X127.178 Y39.253 E5.60552
G1 X126.53 Y39.253 E.02468
G1 X231.247 Y143.97 E5.64043
G1 X231.247 Y144.617 E.02464
G1 X125.883 Y39.253 E5.67528
G1 X125.283 Y39.137 E.02328
G1 X124.753 Y38.724 E.02559
G1 X124.753 Y38.77 E.00175
G1 X231.247 Y145.265 E5.73617
G1 X231.247 Y145.913 E.02468
M73 P8 R60
G1 X124.753 Y39.418 E5.73617
G1 X124.753 Y40.066 E.02468
G1 X231.247 Y146.561 E5.73617
G1 X231.247 Y147.208 E.02464
G1 X124.753 Y40.714 E5.73614
G1 X124.753 Y41.362 E.02468
G1 X231.247 Y147.856 E5.73614
G1 X231.247 Y148.504 E.02468
G1 X124.753 Y42.009 E5.73617
G1 X124.753 Y42.657 E.02468
G1 X231.247 Y149.152 E5.73617
G1 X231.247 Y149.8 E.02468
G1 X124.753 Y43.305 E5.73617
G1 X124.753 Y43.953 E.02468
G1 X231.247 Y150.447 E5.73614
G1 X231.247 Y151.095 E.02468
G1 X124.753 Y44.601 E5.73614
G1 X124.753 Y45.248 E.02464
G1 X231.247 Y151.743 E5.73617
G1 X231.247 Y152.391 E.02468
G1 X124.753 Y45.896 E5.73617
G1 X124.753 Y46.544 E.02468
M73 P9 R60
G1 X230.856 Y152.647 E5.71508
G1 X230.208 Y152.647 E.02468
G1 X124.753 Y47.192 E5.68018
G1 X124.753 Y47.839 E.02464
G1 X229.561 Y152.647 E5.64533
G1 X228.913 Y152.647 E.02468
G1 X124.753 Y48.487 E5.61042
G1 X124.753 Y49.135 E.02468
G1 X228.265 Y152.647 E5.57552
G1 X227.617 Y152.647 E.02468
G1 X124.753 Y49.783 E5.54062
G1 X124.753 Y50.431 E.02468
G1 X226.969 Y152.647 E5.50571
G1 X226.322 Y152.647 E.02464
G1 X124.753 Y51.078 E5.47086
G1 X124.753 Y51.726 E.02468
M73 Q9 S65
G1 X225.674 Y152.647 E5.43596
G1 X225.026 Y152.647 E.02468
G1 X124.753 Y52.374 E5.40106
G1 X124.753 Y53.022 E.02468
G1 X224.378 Y152.647 E5.36615
G1 X223.731 Y152.647 E.02464
G1 X124.753 Y53.669 E5.3313
G1 X124.753 Y54.317 E.02468
G1 X223.083 Y152.647 E5.2964
G1 X222.435 Y152.647 E.02468
M73 Q9 S64
G1 X124.753 Y54.965 E5.2615
G1 X124.753 Y55.613 E.02468
G1 X221.787 Y152.647 E5.22659
G1 X221.139 Y152.647 E.02468
G1 X124.753 Y56.261 E5.19169
G1 X124.753 Y56.908 E.02464
G1 X220.492 Y152.647 E5.15684
G1 X219.844 Y152.647 E.02468
G1 X124.753 Y57.556 E5.12194
G1 X124.753 Y58.204 E.02468
G1 X219.196 Y152.647 E5.08703
G1 X218.548 Y152.647 E.02468
G1 X124.753 Y58.852 E5.05213
G1 X124.753 Y59.5 E.02468
G1 X217.9 Y152.647 E5.01723
G1 X217.253 Y152.647 E.02464
G1 X124.753 Y60.147 E4.98238
G1 X124.753 Y60.795 E.02468
G1 X216.605 Y152.647 E4.94747
G1 X215.957 Y152.647 E.02468
G1 X124.753 Y61.443 E4.91257
G1 X124.753 Y62.091 E.02468
G1 X215.309 Y152.647 E4.87766
G1 X214.662 Y152.647 E.02464
G1 X124.753 Y62.738 E4.84282
G1 X124.753 Y63.386 E.02468
G1 X214.014 Y152.647 E4.80791
G1 X213.366 Y152.647 E.02468
G1 X124.753 Y64.034 E4.77301
G1 X124.753 Y64.682 E.02468
G1 X212.718 Y152.647 E4.7381
G1 X212.07 Y152.647 E.02468
M73 P10 R60
G1 X124.753 Y65.33 E4.7032
G1 X124.753 Y65.977 E.02464
G1 X211.423 Y152.647 E4.66835
G1 X210.775 Y152.647 E.02468
M73 P10 R59
G1 X124.753 Y66.625 E4.63345
G1 X124.753 Y67.273 E.02468
G1 X210.127 Y152.647 E4.59854
G1 X209.479 Y152.647 E.02468
G1 X124.753 Y67.921 E4.56364
G1 X124.753 Y68.569 E.02468
G1 X208.831 Y152.647 E4.52874
G1 X208.184 Y152.647 E.02464
G1 X124.753 Y69.216 E4.49389
G1 X124.753 Y69.864 E.02468
G1 X207.536 Y152.647 E4.45898
G1 X206.888 Y152.647 E.02468
G1 X124.753 Y70.512 E4.42408
G1 X124.753 Y71.16 E.02468
G1 X206.24 Y152.647 E4.38918
G1 X205.593 Y152.647 E.02464
G1 X124.753 Y71.807 E4.35433
G1 X124.753 Y72.455 E.02468
M73 Q10 S64
G1 X204.945 Y152.647 E4.31942
G1 X204.297 Y152.647 E.02468
G1 X124.753 Y73.103 E4.28452
G1 X124.753 Y73.751 E.02468
G1 X203.649 Y152.647 E4.24962
G1 X203.001 Y152.647 E.02468
G1 X124.753 Y74.399 E4.21471
G1 X124.753 Y75.046 E.02464
G1 X202.354 Y152.647 E4.17986
G1 X201.706 Y152.647 E.02468
G1 X124.753 Y75.694 E4.14496
G1 X124.753 Y76.342 E.02468
G1 X201.058 Y152.647 E4.11006
G1 X200.41 Y152.647 E.02468
G1 X124.753 Y76.99 E4.07515
G1 X124.753 Y77.638 E.02468
G1 X199.762 Y152.647 E4.04025
G1 X199.115 Y152.647 E.02464
G1 X124.753 Y78.285 E4.0054
G1 X124.753 Y78.933 E.02468
G1 X198.467 Y152.647 E3.9705
G1 X197.819 Y152.647 E.02468
G1 X124.753 Y79.581 E3.93559
G1 X124.753 Y80.229 E.02468
G1 X197.171 Y152.647 E3.90069
G1 X196.524 Y152.647 E.02464
G1 X124.753 Y80.876 E3.86584
G1 X124.753 Y81.524 E.02468
G1 X195.876 Y152.647 E3.83094
G1 X195.228 Y152.647 E.02468
G1 X124.753 Y82.172 E3.79603
G1 X124.753 Y82.82 E.02468
G1 X194.58 Y152.647 E3.76113
G1 X193.932 Y152.647 E.02468
G1 X124.753 Y83.468 E3.72622
G1 X124.753 Y84.115 E.02464
G1 X193.285 Y152.647 E3.69137
G1 X192.637 Y152.647 E.02468
G1 X124.753 Y84.763 E3.65647
G1 X124.753 Y85.411 E.02468
G1 X191.989 Y152.647 E3.62157
G1 X191.341 Y152.647 E.02468
M73 Q10 S63
G1 X124.753 Y86.059 E3.58666
G1 X124.753 Y86.707 E.02468
G1 X190.693 Y152.647 E3.55176
G1 X190.046 Y152.647 E.02464
G1 X124.753 Y87.354 E3.51691
G1 X124.753 Y88.002 E.02468
G1 X189.398 Y152.647 E3.48201
G1 X188.75 Y152.647 E.02468
M73 P11 R59
G1 X124.753 Y88.65 E3.4471
G1 X124.753 Y89.298 E.02468
G1 X188.102 Y152.647 E3.4122
G1 X187.455 Y152.647 E.02464
G1 X124.753 Y89.945 E3.37735
G1 X124.753 Y90.593 E.02468
G1 X186.807 Y152.647 E3.34245
G1 X186.159 Y152.647 E.02468
G1 X124.753 Y91.241 E3.30754
G1 X124.753 Y91.889 E.02468
G1 X185.511 Y152.647 E3.27264
G1 X184.863 Y152.647 E.02468
G1 X124.753 Y92.537 E3.23774
G1 X124.753 Y93.184 E.02464
G1 X184.216 Y152.647 E3.20289
G1 X183.568 Y152.647 E.02468
G1 X124.753 Y93.832 E3.16798
G1 X124.753 Y94.48 E.02468
G1 X182.92 Y152.647 E3.13308
G1 X182.272 Y152.647 E.02468
G1 X124.753 Y95.128 E3.09818
G1 X124.753 Y95.775 E.02464
G1 X181.625 Y152.647 E3.06333
G1 X180.977 Y152.647 E.02468
G1 X124.753 Y96.423 E3.02842
G1 X124.753 Y97.071 E.02468
G1 X180.329 Y152.647 E2.99352
G1 X179.681 Y152.647 E.02468
G1 X124.753 Y97.719 E2.95862
G1 X124.753 Y98.367 E.02468
G1 X179.033 Y152.647 E2.92371
G1 X178.386 Y152.647 E.02464
G1 X124.753 Y99.014 E2.88886
G1 X124.753 Y99.662 E.02468
G1 X177.738 Y152.647 E2.85396
G1 X177.09 Y152.647 E.02468
M73 Q11 S63
G1 X124.753 Y100.31 E2.81906
G1 X124.753 Y100.958 E.02468
G1 X176.442 Y152.647 E2.78415
G1 X175.794 Y152.647 E.02468
G1 X124.753 Y101.606 E2.74925
G1 X124.753 Y102.253 E.02464
G1 X175.147 Y152.647 E2.7144
G1 X174.499 Y152.647 E.02468
G1 X124.753 Y102.901 E2.67949
G1 X124.753 Y103.549 E.02468
G1 X173.851 Y152.647 E2.64459
G1 X173.203 Y152.647 E.02468
G1 X124.753 Y104.197 E2.60969
G1 X124.753 Y104.844 E.02464
G1 X172.556 Y152.647 E2.57484
G1 X171.908 Y152.647 E.02468
G1 X124.753 Y105.492 E2.53993
G1 X124.753 Y106.14 E.02468
G1 X171.26 Y152.647 E2.50503
G1 X170.612 Y152.647 E.02468
M73 P11 R58
G1 X124.753 Y106.788 E2.47013
G1 X124.753 Y107.436 E.02468
G1 X169.964 Y152.647 E2.43522
G1 X169.317 Y152.647 E.02464
G1 X124.753 Y108.083 E2.40037
G1 X124.753 Y108.731 E.02468
G1 X168.669 Y152.647 E2.36547
G1 X168.021 Y152.647 E.02468
G1 X124.753 Y109.379 E2.33057
G1 X124.753 Y110.027 E.02468
G1 X167.373 Y152.647 E2.29566
G1 X166.725 Y152.647 E.02468
G1 X124.753 Y110.675 E2.26076
G1 X124.753 Y111.322 E.02464
G1 X166.078 Y152.647 E2.22591
G1 X165.43 Y152.647 E.02468
G1 X124.753 Y111.97 E2.19101
G1 X124.753 Y112.618 E.02468
G1 X164.782 Y152.647 E2.1561
G1 X164.134 Y152.647 E.02468
G1 X124.753 Y113.266 E2.1212
G1 X124.753 Y113.913 E.02464
G1 X163.487 Y152.647 E2.08635
G1 X162.839 Y152.647 E.02468
G1 X124.753 Y114.561 E2.05145
G1 X124.753 Y115.209 E.02468
G1 X162.191 Y152.647 E2.01654
G1 X161.543 Y152.647 E.02468
G1 X124.753 Y115.857 E1.98164
G1 X124.753 Y116.505 E.02468
G1 X128.429 Y120.181 E.198
G1 X128.546 Y120.207 E.00456
G1 X128.833 Y120.322 E.01178
G1 X129.105 Y120.504 E.01246
G1 X129.306 Y120.707 E.01088
G1 X129.452 Y120.92 E.00984
G1 X129.551 Y121.129 E.00881
G1 X129.621 Y121.373 E.00967
G1 X160.895 Y152.647 E1.68453
G1 X160.248 Y152.647 E.02464
G1 X129.651 Y122.051 E1.64804
G1 X129.652 Y122.699 E.02468
G1 X159.6 Y152.647 E1.6131
G1 X158.952 Y152.647 E.02468
G1 X129.652 Y123.347 E1.5782
G1 X129.652 Y123.995 E.02468
G1 X158.304 Y152.647 E1.5433
G1 X157.656 Y152.647 E.02468
G1 X129.652 Y124.643 E1.50839
G1 X129.652 Y125.291 E.02468
G1 X157.009 Y152.647 E1.47352
G1 X156.361 Y152.647 E.02468
G1 X129.652 Y125.939 E1.43861
G1 X129.652 Y126.587 E.02468
G1 X155.713 Y152.647 E1.40371
G1 X155.065 Y152.647 E.02468
G1 X129.653 Y127.235 E1.36878
G1 X129.653 Y127.729 E.01882
G1 X129.639 Y127.868 E.00532
G1 X154.418 Y152.647 E1.33468
G1 X153.77 Y152.647 E.02468
G1 X129.5 Y128.378 E1.30724
G1 X129.407 Y128.555 E.00762
G1 X129.239 Y128.765 E.01024
G1 X153.122 Y152.647 E1.2864
G1 X152.474 Y152.647 E.02468
G1 X128.876 Y129.049 E1.27107
G1 X128.697 Y129.141 E.00767
G1 X128.537 Y129.195 E.00643
G1 X128.403 Y129.224 E.00522
G1 X151.826 Y152.647 E1.26165
G1 X151.179 Y152.647 E.02464
G1 X127.784 Y129.253 E1.26011
G1 X127.136 Y129.253 E.02468
G1 X150.531 Y152.647 E1.26011
G1 X149.883 Y152.647 E.02468
G1 X126.488 Y129.253 E1.26011
G1 X125.835 Y129.247 E.02487
G1 X149.235 Y152.647 E1.26041
G1 X148.587 Y152.647 E.02468
G1 X124.753 Y128.813 E1.28378
G1 X124.753 Y129.46 E.02464
M73 P12 R58
G1 X147.94 Y152.647 E1.24893
G1 X147.292 Y152.647 E.02468
G1 X124.753 Y130.108 E1.21403
G1 X124.753 Y130.756 E.02468
G1 X146.644 Y152.647 E1.17913
G1 X145.996 Y152.647 E.02468
G1 X124.753 Y131.404 E1.14422
G1 X124.753 Y132.051 E.02464
G1 X145.349 Y152.647 E1.10937
G1 X144.701 Y152.647 E.02468
G1 X124.753 Y132.699 E1.07447
G1 X124.753 Y133.347 E.02468
G1 X144.053 Y152.647 E1.03957
G1 X143.405 Y152.647 E.02468
G1 X124.753 Y133.995 E1.00466
G1 X124.753 Y134.643 E.02468
G1 X142.757 Y152.647 E.96976
G1 X142.11 Y152.647 E.02464
G1 X124.753 Y135.29 E.93491
G1 X124.753 Y135.938 E.02468
G1 X141.462 Y152.647 E.90001
G1 X140.814 Y152.647 E.02468
G1 X124.753 Y136.586 E.8651
G1 X124.753 Y137.234 E.02468
G1 X140.166 Y152.647 E.8302
G1 X139.518 Y152.647 E.02468
G1 X124.753 Y137.882 E.79529
G1 X124.753 Y138.529 E.02464
G1 X138.871 Y152.647 E.76045
G1 X138.223 Y152.647 E.02468
G1 X124.753 Y139.177 E.72554
G1 X124.753 Y139.825 E.02468
G1 X137.575 Y152.647 E.69064
G1 X136.927 Y152.647 E.02468
G1 X124.753 Y140.473 E.65573
G1 X124.753 Y141.12 E.02464
G1 X136.28 Y152.647 E.62088
G1 X135.632 Y152.647 E.02468
G1 X124.753 Y141.768 E.58598
G1 X124.753 Y142.416 E.02468
G1 X134.984 Y152.647 E.55108
G1 X134.336 Y152.647 E.02468
G1 X124.753 Y143.064 E.51617
G1 X124.753 Y143.712 E.02468
G1 X133.688 Y152.647 E.48127
G1 X133.041 Y152.647 E.02464
G1 X124.753 Y144.359 E.44642
G1 X124.753 Y145.007 E.02468
G1 X132.393 Y152.647 E.41152
G1 X131.745 Y152.647 E.02468
G1 X124.753 Y145.655 E.37661
G1 X124.753 Y146.303 E.02468
G1 X131.097 Y152.647 E.34171
G1 X130.45 Y152.647 E.02464
G1 X124.753 Y146.95 E.30686
G1 X124.753 Y147.598 E.02468
G1 X129.802 Y152.647 E.27196
G1 X129.154 Y152.647 E.02468
G1 X124.753 Y148.246 E.23705
G1 X124.753 Y148.894 E.02468
G1 X128.506 Y152.647 E.20215
G1 X127.858 Y152.647 E.02468
G1 X124.753 Y149.542 E.16725
G1 X124.753 Y150.189 E.02464
G1 X127.211 Y152.647 E.1324
G1 X126.563 Y152.647 E.02468
G1 X124.753 Y150.837 E.09749
G1 X124.753 Y151.485 E.02468
G1 X125.915 Y152.647 E.06259
G1 X125.267 Y152.647 E.02468
G1 X124.547 Y151.927 E.03878
G1 E-.16 F2700
;WIPE_START
G1 F16800
G1 X125.267 Y152.647 E-.15546
G1 X125.915 Y152.647 E-.09894
G1 X124.753 Y151.485 E-.2509
G1 X124.753 Y150.837 E-.09894
G1 X124.919 Y151.003 E-.03576
;WIPE_END
G1 X124.602 Y121.976 Z.707 F21000
G1 X124.579 Y119.838 Z.74
G1 X124.555 Y117.7 Z.766
G1 X124.547 Y116.947 Z.774
G1 Z.2 F720
G1 E.8 F1500
G1 F6000
G1 X127.748 Y120.147 E.17239
G1 X127.1 Y120.147 E.02468
G1 X124.753 Y117.8 E.12642
G1 X124.753 Y118.448 E.02468
G1 X126.452 Y120.147 E.09151
G1 X125.863 Y120.147 E.02243
G1 X125.814 Y120.157 E.0019
G1 X124.753 Y119.096 E.05715
G1 X124.753 Y119.744 E.02468
G1 X125.277 Y120.268 E.02822
G1 X124.913 Y120.551 E.01756
G1 X124.547 Y120.186 E.01969
G1 E-.16 F2700
;WIPE_START
G1 F16800
G1 X124.913 Y120.551 E-.07892
G1 X125.277 Y120.268 E-.0704
G1 X124.753 Y119.744 E-.11314
G1 X124.753 Y119.096 E-.09894
G1 X125.814 Y120.157 E-.22909
G1 X125.863 Y120.147 E-.00764
G1 X126.137 Y120.147 E-.04187
;WIPE_END
G1 X97.109 Y120.327 Z.707 F21000
G1 X94.971 Y120.341 Z.74
G1 X92.833 Y120.354 Z.766
G1 X90.695 Y120.367 Z.785
G1 X86.418 Y120.394 Z.8
G1 X7.101 Y120.887
G1 Z.2 F720
G1 E.8 F1500
;TYPE:Perimeter
;WIDTH:0.499999
G1 F2700
G1 X7.439 Y120.624 E.01628
G1 X7.879 Y120.536 E.01705
G1 X10.121 Y120.536 E.08521
G1 X10.436 Y120.58 E.01209
G1 X10.799 Y120.758 E.01537
G1 X11.07 Y121.041 E.01489
G1 X11.234 Y121.419 E.01566
G1 X11.264 Y121.679 E.00995
G1 X11.264 Y127.721 E.22963
G1 X11.199 Y128.103 E.01473
G1 X11.023 Y128.423 E.01388
G1 X10.829 Y128.618 E.01045
G1 X10.459 Y128.813 E.0159
G1 X10.121 Y128.864 E.01299
G1 X7.879 Y128.864 E.08521
G1 X7.439 Y128.776 E.01705
G1 X6.964 Y128.407 E.02286
G1 X6.757 Y127.886 E.02131
;WIDTH:0.457302
G1 X6.757 Y121.679 E.21387
;WIDTH:0.499999
G1 X6.964 Y120.993 E.02723
G1 X7.054 Y120.924 E.00431
G1 X7.414 Y121.202 F21000
G1 F2700
G1 X7.615 Y121.046 E.00967
G1 X7.879 Y120.993 E.01023
G1 X10.121 Y120.993 E.08521
G1 X10.439 Y121.071 E.01244
G1 X10.679 Y121.28 E.0121
G1 X10.807 Y121.591 E.01278
G1 X10.807 Y127.721 E.23298
G1 X10.742 Y128.013 E.01137
G1 X10.546 Y128.26 E.01198
G1 X10.324 Y128.376 E.00952
G1 X10.121 Y128.407 E.0078
G1 X7.879 Y128.407 E.08521
G1 X7.615 Y128.354 E.01023
G1 X7.33 Y128.133 E.01371
G1 X7.193 Y127.816 E.01312
G1 X7.193 Y121.679 E.23324
G1 X7.33 Y121.267 E.0165
G1 X7.367 Y121.238 E.00179
M204 T250
G1 X7.748 Y121.515 F21000
M204 T7000
;TYPE:External perimeter
G1 F2700
G1 X7.879 Y121.45 E.00556
G1 X10.121 Y121.45 E.08521
G1 X10.285 Y121.519 E.00676
G1 X10.35 Y121.679 E.00656
G1 X10.35 Y127.721 E.22963
G1 X10.285 Y127.881 E.00656
G1 X10.121 Y127.95 E.00676
G1 X7.879 Y127.95 E.08521
G1 X7.696 Y127.859 E.00777
G1 X7.65 Y127.721 E.00553
G1 X7.65 Y121.679 E.22963
G1 X7.695 Y121.542 E.00548
G1 E-.16
;WIPE_START
G1 F16800
G1 X7.748 Y121.515 E-.00908
G1 X7.879 Y121.45 E-.02233
G1 X10.121 Y121.45 E-.34231
G1 X10.285 Y121.519 E-.02717
G1 X10.35 Y121.679 E-.02637
G1 X10.35 Y123.072 E-.21274
;WIPE_END
G1 X9.235 Y94.065 Z.707 F21000
G1 X9.153 Y91.928 Z.74
G1 X9.071 Y89.792 Z.766
G1 X8.989 Y87.655 Z.785
G1 X8.825 Y83.382 Z.8
G1 X7.101 Y38.513
G1 Z.2 F720
G1 E.8 F1500
;TYPE:Perimeter
G1 F2700
G1 X6.964 Y38.407 E.00658
G1 X6.757 Y37.886 E.02131
;WIDTH:0.457302
G1 X6.757 Y31.679 E.21387
;WIDTH:0.499999
G1 X6.964 Y30.993 E.02723
G1 X7.439 Y30.624 E.02286
G1 X7.879 Y30.536 E.01705
G1 X10.121 Y30.536 E.08521
G1 X10.549 Y30.619 E.01657
G1 X10.897 Y30.839 E.01565
G1 X11.133 Y31.147 E.01475
G1 X11.264 Y31.561 E.0165
G1 X11.264 Y37.721 E.23412
G1 X11.195 Y38.114 E.01516
G1 X10.998 Y38.454 E.01493
G1 X10.724 Y38.692 E.01379
G1 X10.43 Y38.822 E.01222
G1 X10.121 Y38.864 E.01185
G1 X7.879 Y38.864 E.08521
G1 X7.439 Y38.776 E.01705
G1 X7.148 Y38.55 E.014
G1 X7.414 Y38.198 F21000
G1 F2700
G1 X7.33 Y38.133 E.00404
G1 X7.193 Y37.816 E.01312
G1 X7.193 Y31.679 E.23324
G1 X7.33 Y31.267 E.0165
G1 X7.615 Y31.046 E.01371
G1 X7.879 Y30.993 E.01023
G1 X10.121 Y30.993 E.08521
G1 X10.436 Y31.07 E.01232
G1 X10.678 Y31.279 E.01215
G1 X10.807 Y31.589 E.01276
G1 X10.807 Y37.721 E.23305
G1 X10.734 Y38.03 E.01207
G1 X10.557 Y38.251 E.01076
G1 X10.258 Y38.407 E.01282
G1 X7.879 Y38.407 E.09042
G1 X7.615 Y38.354 E.01023
G1 X7.462 Y38.235 E.00737
M204 T250
G1 X7.748 Y37.885 F21000
M204 T7000
;TYPE:External perimeter
G1 F2700
G1 X7.696 Y37.859 E.00221
G1 X7.65 Y37.721 E.00553
G1 X7.65 Y31.679 E.22963
G1 X7.696 Y31.541 E.00553
M73 Q11 S62
G1 X7.879 Y31.45 E.00777
G1 X10.121 Y31.45 E.08521
G1 X10.285 Y31.519 E.00676
G1 X10.35 Y31.679 E.00656
G1 X10.35 Y37.721 E.22963
G1 X10.284 Y37.882 E.00661
G1 X10.121 Y37.95 E.00671
G1 X7.879 Y37.95 E.08521
G1 X7.802 Y37.912 E.00326
G1 E-.16
;WIPE_START
G1 F16800
G1 X7.748 Y37.885 E-.00922
G1 X7.696 Y37.859 E-.00888
G1 X7.65 Y37.721 E-.02221
G1 X7.65 Y33.793 E-.59969
;WIPE_END
G1 X33.138 Y47.685 Z.707 F21000
G1 X35.016 Y48.708 Z.74
G1 X36.893 Y49.732 Z.766
G1 X38.771 Y50.755 Z.785
G1 X42.526 Y52.801 Z.8
G1 X78.986 Y72.673
G1 Z.2 F720
G1 E.8 F1500
;TYPE:Perimeter
G1 F2700
G1 X78.912 Y72.733 E.00362
G1 X78.709 Y73.075 E.01512
G1 X78.636 Y73.479 E.0156
G1 X78.636 Y153.036 E3.02367
G1 X18.364 Y153.036 E2.29071
M73 Q12 S62
G1 X18.364 Y148.179 E.1846
G1 X18.334 Y147.918 E.00998
G1 X18.196 Y147.582 E.01381
G1 X17.945 Y147.294 E.01452
G1 X17.603 Y147.101 E.01493
G1 X17.221 Y147.036 E.01473
G1 X6.364 Y147.036 E.41263
G1 X6.364 Y128.607 E.70042
G1 X6.343 Y127.721 E.03368
;WIDTH:0.457302
G1 X6.343 Y121.679 E.20818
;WIDTH:0.499999
G1 X6.364 Y120.793 E.03368
G1 X6.364 Y38.607 E3.12358
G1 X6.343 Y37.721 E.03368
;WIDTH:0.457302
G1 X6.343 Y31.679 E.20818
;WIDTH:0.499999
G1 X6.364 Y30.793 E.03368
G1 X6.364 Y6.364 E.92846
G1 X113.636 Y6.364 E4.07701
G1 X113.636 Y72.336 E2.50735
G1 X80.65 Y72.336 E1.25367
G1 X79.591 Y72.351 E.04025
G1 X79.222 Y72.48 E.01486
G1 X79.032 Y72.635 E.00932
G1 X79.298 Y73.01 F21000
G1 F2700
G1 X79.165 Y73.173 E.008
G1 X79.093 Y73.479 E.01195
G1 X79.093 Y153.493 E3.04103
G1 X17.907 Y153.493 E2.32545
G1 X17.907 Y148.06 E.20649
G1 X17.762 Y147.757 E.01277
G1 X17.528 Y147.565 E.0115
G1 X17.221 Y147.493 E.01198
G1 X5.907 Y147.493 E.43
G1 X5.907 Y5.907 E5.38116
G1 X114.093 Y5.907 E4.11175
G1 X114.093 Y72.793 E2.54209
G1 X80.65 Y72.793 E1.27104
G1 X79.634 Y72.808 E.03862
G1 X79.358 Y72.937 E.01158
G1 X79.336 Y72.964 E.00132
M204 T250
G1 X79.605 Y73.349 F21000
M204 T7000
;TYPE:External perimeter
G1 F2700
G1 X79.55 Y73.479 E.00536
G1 X79.55 Y153.95 E3.0584
G1 X17.45 Y153.95 E2.36019
G1 X17.45 Y148.179 E.21933
G1 X17.382 Y148.016 E.00671
G1 X17.221 Y147.95 E.00661
G1 X5.45 Y147.95 E.44737
G1 X5.45 Y5.45 E5.41589
G1 X114.55 Y5.45 E4.14648
M73 P13 R58
G1 X114.55 Y73.25 E2.57683
M73 P13 R57
G1 X79.779 Y73.25 E1.32152
G1 X79.64 Y73.306 E.0057
G1 E-.16
;WIPE_START
G1 F16800
G1 X79.605 Y73.349 E-.00847
G1 X79.55 Y73.479 E-.02155
G1 X79.55 Y77.474 E-.60998
;WIPE_END
G1 X92.203 Y51.348 Z.707 F21000
G1 X93.135 Y49.424 Z.74
G1 X94.067 Y47.5 Z.766
G1 X94.999 Y45.575 Z.785
G1 X96.863 Y41.726 Z.8
G1 X113.453 Y7.472
G1 Z.2 F720
G1 E.8 F1500
;TYPE:Solid infill
;WIDTH:0.500694
G1 F6000
G1 X112.733 Y6.753 E.03873
G1 X112.086 Y6.753 E.02463
G1 X113.247 Y7.914 E.0625
G1 X113.247 Y8.562 E.02467
G1 X111.438 Y6.753 E.09738
G1 X110.791 Y6.753 E.02463
G1 X113.247 Y9.209 E.13221
G1 X113.247 Y9.856 E.02463
G1 X110.144 Y6.753 E.16704
G1 X109.496 Y6.753 E.02467
G1 X113.247 Y10.504 E.20192
G1 X113.247 Y11.151 E.02463
G1 X108.849 Y6.753 E.23675
G1 X108.202 Y6.753 E.02463
G1 X113.247 Y11.798 E.27158
G1 X113.247 Y12.446 E.02467
G1 X107.554 Y6.753 E.30646
G1 X106.907 Y6.753 E.02463
G1 X113.247 Y13.093 E.34129
G1 X113.247 Y13.741 E.02467
G1 X106.259 Y6.753 E.37617
G1 X105.612 Y6.753 E.02463
G1 X113.247 Y14.388 E.411
G1 X113.247 Y15.035 E.02463
G1 X104.965 Y6.753 E.44583
G1 X104.317 Y6.753 E.02467
G1 X113.247 Y15.683 E.48071
G1 X113.247 Y16.33 E.02463
G1 X103.67 Y6.753 E.51554
G1 X103.022 Y6.753 E.02467
G1 X113.247 Y16.978 E.55042
G1 X113.247 Y17.625 E.02463
G1 X102.375 Y6.753 E.58525
G1 X101.728 Y6.753 E.02463
G1 X113.247 Y18.272 E.62008
G1 X113.247 Y18.92 E.02467
G1 X101.08 Y6.753 E.65496
G1 X100.433 Y6.753 E.02463
G1 X113.247 Y19.567 E.68979
G1 X113.247 Y20.215 E.02467
G1 X99.785 Y6.753 E.72467
G1 X99.138 Y6.753 E.02463
G1 X113.247 Y20.862 E.7595
G1 X113.247 Y21.509 E.02463
G1 X98.491 Y6.753 E.79433
G1 X97.843 Y6.753 E.02467
G1 X113.247 Y22.157 E.82921
G1 X113.247 Y22.804 E.02463
G1 X97.196 Y6.753 E.86404
G1 X96.549 Y6.753 E.02463
G1 X113.247 Y23.451 E.89887
G1 X113.247 Y24.099 E.02467
G1 X95.901 Y6.753 E.93375
G1 X95.254 Y6.753 E.02463
G1 X113.247 Y24.746 E.96858
G1 X113.247 Y25.394 E.02467
G1 X94.606 Y6.753 E1.00346
G1 X93.959 Y6.753 E.02463
G1 X113.247 Y26.041 E1.03829
G1 X113.247 Y26.688 E.02463
G1 X93.312 Y6.753 E1.07312
G1 X92.664 Y6.753 E.02467
G1 X113.247 Y27.336 E1.108
G1 X113.247 Y27.983 E.02463
G1 X92.017 Y6.753 E1.14283
G1 X91.369 Y6.753 E.02467
G1 X113.247 Y28.631 E1.17771
G1 X113.247 Y29.278 E.02463
G1 X90.722 Y6.753 E1.21254
G1 X90.075 Y6.753 E.02463
G1 X113.247 Y29.925 E1.24737
G1 X113.247 Y30.573 E.02467
G1 X89.427 Y6.753 E1.28225
G1 X88.78 Y6.753 E.02463
G1 X113.247 Y31.22 E1.31708
G1 X113.247 Y31.868 E.02467
M73 Q13 S62
G1 X88.132 Y6.753 E1.35196
G1 X87.485 Y6.753 E.02463
G1 X113.247 Y32.515 E1.38679
G1 X113.247 Y33.162 E.02463
G1 X86.838 Y6.753 E1.42162
G1 X86.19 Y6.753 E.02467
G1 X113.247 Y33.81 E1.4565
G1 X113.247 Y34.457 E.02463
G1 X85.543 Y6.753 E1.49133
G1 X84.895 Y6.753 E.02467
G1 X113.247 Y35.105 E1.52621
G1 X113.247 Y35.752 E.02463
G1 X84.248 Y6.753 E1.56104
G1 X83.601 Y6.753 E.02463
G1 X113.247 Y36.399 E1.59587
G1 X113.247 Y37.047 E.02467
G1 X82.953 Y6.753 E1.63075
G1 X82.306 Y6.753 E.02463
G1 X113.247 Y37.694 E1.66558
G1 X113.247 Y38.341 E.02463
G1 X81.659 Y6.753 E1.7004
G1 X81.011 Y6.753 E.02467
G1 X113.247 Y38.989 E1.73529
G1 X113.247 Y39.636 E.02463
G1 X80.364 Y6.753 E1.77012
G1 X79.716 Y6.753 E.02467
G1 X113.247 Y40.284 E1.805
G1 X113.247 Y40.931 E.02463
G1 X79.069 Y6.753 E1.83983
G1 X78.422 Y6.753 E.02463
G1 X113.247 Y41.578 E1.87465
G1 X113.247 Y42.226 E.02467
G1 X77.774 Y6.753 E1.90954
G1 X77.127 Y6.753 E.02463
G1 X113.247 Y42.873 E1.94437
G1 X113.247 Y43.521 E.02467
G1 X76.479 Y6.753 E1.97925
G1 X75.832 Y6.753 E.02463
G1 X113.247 Y44.168 E2.01408
G1 X113.247 Y44.815 E.02463
G1 X75.185 Y6.753 E2.0489
G1 X74.537 Y6.753 E.02467
G1 X113.247 Y45.463 E2.08379
G1 X113.247 Y46.11 E.02463
G1 X73.89 Y6.753 E2.11862
G1 X73.242 Y6.753 E.02467
G1 X113.247 Y46.758 E2.1535
G1 X113.247 Y47.405 E.02463
G1 X72.595 Y6.753 E2.18833
G1 X71.948 Y6.753 E.02463
G1 X113.247 Y48.052 E2.22315
G1 X113.247 Y48.7 E.02467
G1 X71.3 Y6.753 E2.25804
G1 X70.653 Y6.753 E.02463
G1 X113.247 Y49.347 E2.29287
G1 X113.247 Y49.994 E.02463
M73 Q13 S61
G1 X70.006 Y6.753 E2.32769
G1 X69.358 Y6.753 E.02467
G1 X113.247 Y50.642 E2.36258
G1 X113.247 Y51.289 E.02463
G1 X68.711 Y6.753 E2.3974
G1 X68.063 Y6.753 E.02467
G1 X113.247 Y51.937 E2.43229
G1 X113.247 Y52.584 E.02463
G1 X67.416 Y6.753 E2.46712
G1 X66.769 Y6.753 E.02463
G1 X113.247 Y53.231 E2.50194
G1 X113.247 Y53.879 E.02467
G1 X66.121 Y6.753 E2.53683
G1 X65.474 Y6.753 E.02463
G1 X113.247 Y54.526 E2.57165
G1 X113.247 Y55.174 E.02467
G1 X64.826 Y6.753 E2.60654
G1 X64.179 Y6.753 E.02463
G1 X113.247 Y55.821 E2.64137
G1 X113.247 Y56.468 E.02463
G1 X63.532 Y6.753 E2.67619
G1 X62.884 Y6.753 E.02467
G1 X113.247 Y57.116 E2.71108
G1 X113.247 Y57.763 E.02463
G1 X62.237 Y6.753 E2.7459
G1 X61.589 Y6.753 E.02467
G1 X113.247 Y58.411 E2.78079
G1 X113.247 Y59.058 E.02463
G1 X60.942 Y6.753 E2.81562
G1 X60.295 Y6.753 E.02463
G1 X113.247 Y59.705 E2.85044
G1 X113.247 Y60.353 E.02467
M73 P14 R57
G1 X59.647 Y6.753 E2.88533
G1 X59 Y6.753 E.02463
G1 X113.247 Y61 E2.92015
G1 X113.247 Y61.648 E.02467
G1 X58.352 Y6.753 E2.95504
G1 X57.705 Y6.753 E.02463
G1 X113.247 Y62.295 E2.98987
G1 X113.247 Y62.942 E.02463
G1 X57.058 Y6.753 E3.02469
G1 X56.41 Y6.753 E.02467
G1 X113.247 Y63.59 E3.05958
G1 X113.247 Y64.237 E.02463
G1 X55.763 Y6.753 E3.0944
G1 X55.116 Y6.753 E.02463
G1 X113.247 Y64.884 E3.12923
G1 X113.247 Y65.532 E.02467
G1 X54.468 Y6.753 E3.16412
G1 X53.821 Y6.753 E.02463
G1 X113.247 Y66.179 E3.19894
G1 X113.247 Y66.827 E.02467
G1 X53.173 Y6.753 E3.23383
G1 X52.526 Y6.753 E.02463
G1 X113.247 Y67.474 E3.26865
G1 X113.247 Y68.121 E.02463
G1 X51.879 Y6.753 E3.30348
G1 X51.231 Y6.753 E.02467
G1 X113.247 Y68.769 E3.33837
G1 X113.247 Y69.416 E.02463
G1 X50.584 Y6.753 E3.37319
G1 X49.936 Y6.753 E.02467
G1 X113.247 Y70.064 E3.40808
G1 X113.247 Y70.711 E.02463
G1 X49.289 Y6.753 E3.4429
G1 X48.642 Y6.753 E.02463
G1 X113.247 Y71.358 E3.47773
G1 X113.247 Y71.947 E.02242
M73 Q14 S61
G1 X113.189 Y71.947 E.00221
G1 X47.994 Y6.753 E3.50947
G1 X47.347 Y6.753 E.02463
G1 X112.542 Y71.947 E3.50947
G1 X111.894 Y71.947 E.02467
G1 X46.699 Y6.753 E3.50947
G1 X46.052 Y6.753 E.02463
G1 X111.247 Y71.947 E3.50947
G1 X110.599 Y71.947 E.02467
G1 X45.405 Y6.753 E3.50944
G1 X44.757 Y6.753 E.02467
G1 X109.952 Y71.947 E3.50947
G1 X109.305 Y71.947 E.02463
G1 X44.11 Y6.753 E3.50947
G1 X43.463 Y6.753 E.02463
G1 X108.657 Y71.947 E3.50944
G1 X108.01 Y71.947 E.02463
M73 P14 R56
G1 X42.815 Y6.753 E3.50947
G1 X42.168 Y6.753 E.02463
G1 X107.362 Y71.947 E3.50944
G1 X106.715 Y71.947 E.02463
G1 X41.52 Y6.753 E3.50947
G1 X40.873 Y6.753 E.02463
G1 X106.068 Y71.947 E3.50947
G1 X105.42 Y71.947 E.02467
G1 X40.226 Y6.753 E3.50944
G1 X39.578 Y6.753 E.02467
G1 X104.773 Y71.947 E3.50947
G1 X104.126 Y71.947 E.02463
G1 X38.931 Y6.753 E3.50947
G1 X38.283 Y6.753 E.02467
G1 X103.478 Y71.947 E3.50947
G1 X102.831 Y71.947 E.02463
G1 X37.636 Y6.753 E3.50947
G1 X36.989 Y6.753 E.02463
G1 X102.183 Y71.947 E3.50944
G1 X101.536 Y71.947 E.02463
G1 X36.341 Y6.753 E3.50947
G1 X35.694 Y6.753 E.02463
G1 X100.889 Y71.947 E3.50947
G1 X100.241 Y71.947 E.02467
G1 X35.046 Y6.753 E3.50947
G1 X34.399 Y6.753 E.02463
G1 X99.594 Y71.947 E3.50947
G1 X98.946 Y71.947 E.02467
G1 X33.752 Y6.753 E3.50944
G1 X33.104 Y6.753 E.02467
G1 X98.299 Y71.948 E3.50949
G1 X97.652 Y71.948 E.02463
G1 X32.457 Y6.753 E3.50949
G1 X31.809 Y6.753 E.02467
G1 X97.004 Y71.948 E3.50949
G1 X96.357 Y71.948 E.02463
M73 P15 R56
G1 X31.162 Y6.753 E3.50949
G1 X30.515 Y6.753 E.02463
G1 X95.71 Y71.948 E3.50949
G1 X95.062 Y71.948 E.02467
G1 X29.867 Y6.753 E3.50949
G1 X29.22 Y6.753 E.02463
G1 X94.415 Y71.948 E3.50949
G1 X93.767 Y71.948 E.02467
G1 X28.573 Y6.753 E3.50947
G1 X27.925 Y6.753 E.02467
G1 X93.12 Y71.948 E3.50949
G1 X92.473 Y71.948 E.02463
G1 X27.278 Y6.753 E3.50949
G1 X26.63 Y6.753 E.02467
M73 Q14 S60
G1 X91.825 Y71.948 E3.50949
G1 X91.178 Y71.948 E.02463
G1 X25.983 Y6.753 E3.50949
G1 X25.336 Y6.753 E.02463
G1 X90.531 Y71.948 E3.50949
G1 X89.883 Y71.948 E.02467
G1 X24.688 Y6.753 E3.50949
G1 X24.041 Y6.753 E.02463
G1 X89.236 Y71.948 E3.50949
G1 X88.588 Y71.948 E.02467
G1 X23.393 Y6.753 E3.50949
G1 X22.746 Y6.753 E.02463
G1 X87.941 Y71.948 E3.50949
G1 X87.294 Y71.948 E.02463
G1 X22.099 Y6.753 E3.50949
G1 X21.451 Y6.753 E.02467
G1 X86.646 Y71.948 E3.50949
G1 X85.999 Y71.948 E.02463
G1 X20.804 Y6.753 E3.50949
G1 X20.156 Y6.753 E.02467
G1 X85.351 Y71.948 E3.50949
G1 X84.704 Y71.948 E.02463
M73 Q15 S60
G1 X19.509 Y6.753 E3.50949
G1 X18.862 Y6.753 E.02463
G1 X84.057 Y71.948 E3.50949
G1 X83.409 Y71.948 E.02467
G1 X18.214 Y6.753 E3.50949
G1 X17.567 Y6.753 E.02463
G1 X82.762 Y71.948 E3.50949
G1 X82.115 Y71.948 E.02463
G1 X16.92 Y6.753 E3.50949
G1 X16.272 Y6.753 E.02467
G1 X81.467 Y71.948 E3.50949
G1 X80.82 Y71.948 E.02463
G1 X15.625 Y6.753 E3.50949
G1 X14.977 Y6.753 E.02467
G1 X80.172 Y71.948 E3.50949
G1 X79.739 Y71.948 E.01648
G1 X79.543 Y71.966 E.00749
G1 X14.33 Y6.753 E3.51046
G1 X13.683 Y6.753 E.02463
G1 X79.06 Y72.13 E3.51929
G1 X78.919 Y72.211 E.00619
G1 X78.742 Y72.351 E.00859
G1 X78.689 Y72.407 E.00293
G1 X13.035 Y6.753 E3.5342
G1 X12.388 Y6.753 E.02463
G1 X78.418 Y72.783 E3.55444
G1 X78.368 Y72.882 E.00422
G1 X78.275 Y73.185 E.01206
G1 X78.266 Y73.278 E.00356
G1 X11.74 Y6.753 E3.58112
G1 X11.093 Y6.753 E.02463
G1 X78.247 Y73.907 E3.61495
G1 X78.247 Y74.554 E.02463
G1 X10.446 Y6.753 E3.64978
G1 X9.798 Y6.753 E.02467
G1 X78.247 Y75.202 E3.68466
G1 X78.247 Y75.849 E.02463
G1 X9.151 Y6.753 E3.71949
G1 X8.503 Y6.753 E.02467
G1 X78.247 Y76.497 E3.75437
G1 X78.247 Y77.144 E.02463
G1 X7.856 Y6.753 E3.7892
G1 X7.209 Y6.753 E.02463
G1 X78.247 Y77.791 E3.82403
G1 X78.247 Y78.439 E.02467
G1 X6.753 Y6.944 E3.8486
G1 X6.753 Y7.591 E.02463
G1 X78.247 Y79.086 E3.8486
G1 X78.247 Y79.734 E.02467
G1 X6.753 Y8.239 E3.8486
G1 X6.753 Y8.886 E.02463
G1 X78.247 Y80.381 E3.8486
G1 X78.247 Y81.028 E.02463
M73 P16 R56
G1 X6.753 Y9.534 E3.84857
G1 X6.753 Y10.181 E.02463
G1 X78.247 Y81.676 E3.8486
G1 X78.247 Y82.323 E.02463
M73 P16 R55
G1 X6.753 Y10.828 E3.8486
G1 X6.753 Y11.476 E.02467
G1 X78.247 Y82.97 E3.84857
G1 X78.247 Y83.618 E.02467
G1 X6.753 Y12.123 E3.8486
G1 X6.753 Y12.771 E.02467
G1 X78.247 Y84.265 E3.84857
G1 X78.247 Y84.913 E.02467
G1 X6.753 Y13.418 E3.8486
G1 X6.753 Y14.065 E.02463
G1 X78.247 Y85.56 E3.8486
G1 X78.247 Y86.207 E.02463
G1 X6.753 Y14.713 E3.84857
G1 X6.753 Y15.36 E.02463
G1 X78.247 Y86.855 E3.8486
G1 X78.247 Y87.502 E.02463
G1 X6.753 Y16.008 E3.84857
G1 X6.753 Y16.655 E.02463
G1 X78.247 Y88.15 E3.8486
G1 X78.247 Y88.797 E.02463
G1 X6.753 Y17.302 E3.8486
G1 X6.753 Y17.95 E.02467
G1 X78.247 Y89.444 E3.84857
G1 X78.247 Y90.092 E.02467
G1 X6.753 Y18.597 E3.8486
G1 X6.753 Y19.244 E.02463
G1 X78.247 Y90.739 E3.8486
G1 X78.247 Y91.387 E.02467
G1 X6.753 Y19.892 E3.8486
G1 X6.753 Y20.539 E.02463
G1 X78.247 Y92.034 E3.8486
G1 X78.247 Y92.681 E.02463
M73 Q16 S60
G1 X6.753 Y21.187 E3.84857
G1 X6.753 Y21.834 E.02463
G1 X78.247 Y93.329 E3.8486
G1 X78.247 Y93.976 E.02463
G1 X6.753 Y22.481 E3.8486
G1 X6.753 Y23.129 E.02467
G1 X78.247 Y94.623 E3.84857
G1 X78.247 Y95.271 E.02467
G1 X6.753 Y23.776 E3.8486
G1 X6.753 Y24.424 E.02467
M73 Q16 S59
G1 X78.247 Y95.918 E3.84857
G1 X78.247 Y96.566 E.02467
G1 X6.753 Y25.071 E3.8486
G1 X6.753 Y25.718 E.02463
G1 X78.247 Y97.213 E3.8486
G1 X78.247 Y97.86 E.02463
G1 X6.753 Y26.366 E3.84857
G1 X6.753 Y27.013 E.02463
G1 X9.887 Y30.147 E.16871
G1 X9.239 Y30.147 E.02467
G1 X6.753 Y27.661 E.13382
G1 X6.753 Y28.308 E.02463
G1 X8.592 Y30.147 E.09899
G1 X7.945 Y30.147 E.02463
G1 X6.753 Y28.955 E.06417
G1 X6.753 Y29.603 E.02467
G1 X7.392 Y30.242 E.0344
G1 X7.283 Y30.263 E.00423
G1 X6.992 Y30.489 E.01402
G1 X6.547 Y30.044 E.02395
G1 E-.16 F2700
;WIPE_START
G1 F16800
G1 X6.992 Y30.489 E-.09608
G1 X7.283 Y30.263 E-.05625
G1 X7.392 Y30.242 E-.01695
G1 X6.753 Y29.603 E-.13797
G1 X6.753 Y28.955 E-.09894
G1 X7.836 Y30.038 E-.23381
;WIPE_END
G1 X11.446 Y31.707 Z.269 F21000
G1 Z.2 F720
G1 E.8 F1500
G1 F6000
G1 X78.247 Y98.508 E3.59595
G1 X78.247 Y99.155 E.02463
G1 X11.652 Y32.56 E3.58486
G1 X11.652 Y33.207 E.02463
G1 X78.247 Y99.803 E3.58488
G1 X78.247 Y100.45 E.02463
G1 X11.652 Y33.855 E3.58486
G1 X11.652 Y34.502 E.02463
G1 X78.247 Y101.097 E3.58486
G1 X78.247 Y101.745 E.02467
G1 X11.652 Y35.15 E3.58486
G1 X11.652 Y35.797 E.02463
G1 X78.247 Y102.392 E3.58486
G1 X78.247 Y103.04 E.02467
G1 X11.653 Y36.445 E3.58483
G1 X11.653 Y37.092 E.02463
G1 X78.247 Y103.687 E3.58483
G1 X78.247 Y104.334 E.02463
G1 X11.652 Y37.739 E3.58486
G1 X11.622 Y38.028 E.01106
G1 X11.546 Y38.28 E.01002
G1 X78.247 Y104.982 E3.59059
G1 X78.247 Y105.629 E.02463
M73 P17 R55
G1 X11.303 Y38.684 E3.60367
G1 X11.214 Y38.795 E.00542
G1 X11.093 Y38.905 E.00622
G1 X10.967 Y38.996 E.00592
G1 X78.247 Y106.277 E3.62176
G1 X78.247 Y106.924 E.02463
G1 X10.522 Y39.199 E3.64569
G1 X10.346 Y39.237 E.00685
G1 X9.929 Y39.253 E.01588
G1 X78.247 Y107.571 E3.67761
G1 X78.247 Y108.219 E.02467
G1 X9.281 Y39.253 E3.71249
G1 X8.634 Y39.253 E.02463
G1 X78.247 Y108.866 E3.74732
G1 X78.247 Y109.513 E.02463
G1 X7.987 Y39.253 E3.78215
G1 X7.863 Y39.253 E.00472
G1 X7.283 Y39.137 E.02251
G1 X7.015 Y38.928 E.01294
G1 X78.247 Y110.161 E3.8345
G1 X78.247 Y110.808 E.02463
G1 X6.753 Y39.314 E3.84857
G1 X6.753 Y39.961 E.02463
G1 X78.247 Y111.456 E3.8486
G1 X78.247 Y112.103 E.02463
G1 X6.753 Y40.608 E3.8486
G1 X6.753 Y41.256 E.02467
G1 X78.247 Y112.75 E3.84857
G1 X78.247 Y113.398 E.02467
G1 X6.753 Y41.903 E3.8486
G1 X6.753 Y42.551 E.02467
G1 X78.247 Y114.045 E3.84857
G1 X78.247 Y114.693 E.02467
G1 X6.753 Y43.198 E3.8486
G1 X6.753 Y43.845 E.02463
G1 X78.247 Y115.34 E3.8486
G1 X78.247 Y115.987 E.02463
G1 X6.753 Y44.493 E3.84857
G1 X6.753 Y45.14 E.02463
G1 X78.247 Y116.635 E3.8486
G1 X78.247 Y117.282 E.02463
G1 X6.753 Y45.787 E3.8486
G1 X6.753 Y46.435 E.02467
G1 X78.247 Y117.93 E3.8486
G1 X78.247 Y118.577 E.02463
M73 Q17 S59
G1 X6.753 Y47.082 E3.8486
G1 X6.753 Y47.73 E.02467
G1 X78.247 Y119.224 E3.84857
G1 X78.247 Y119.872 E.02467
M73 P17 R54
G1 X6.753 Y48.377 E3.8486
G1 X6.753 Y49.024 E.02463
G1 X78.247 Y120.519 E3.8486
G1 X78.247 Y121.166 E.02463
G1 X6.753 Y49.672 E3.84857
G1 X6.753 Y50.319 E.02463
G1 X78.247 Y121.814 E3.8486
G1 X78.247 Y122.461 E.02463
G1 X6.753 Y50.967 E3.84857
G1 X6.753 Y51.614 E.02463
G1 X78.247 Y123.109 E3.8486
G1 X78.247 Y123.756 E.02463
G1 X6.753 Y52.261 E3.8486
G1 X6.753 Y52.909 E.02467
G1 X78.247 Y124.403 E3.84857
G1 X78.247 Y125.051 E.02467
G1 X6.753 Y53.556 E3.8486
G1 X6.753 Y54.204 E.02467
G1 X78.247 Y125.698 E3.84857
G1 X78.247 Y126.346 E.02467
G1 X6.753 Y54.851 E3.8486
G1 X6.753 Y55.498 E.02463
G1 X78.247 Y126.993 E3.8486
G1 X78.247 Y127.64 E.02463
G1 X6.753 Y56.146 E3.84857
G1 X6.753 Y56.793 E.02463
G1 X78.247 Y128.288 E3.8486
G1 X78.247 Y128.935 E.02463
G1 X6.753 Y57.44 E3.8486
G1 X6.753 Y58.088 E.02467
G1 X78.247 Y129.583 E3.8486
G1 X78.247 Y130.23 E.02463
G1 X6.753 Y58.735 E3.8486
G1 X6.753 Y59.383 E.02467
M73 P18 R54
G1 X78.247 Y130.877 E3.84857
G1 X78.247 Y131.525 E.02467
G1 X6.753 Y60.03 E3.8486
G1 X6.753 Y60.677 E.02463
M73 Q17 S58
G1 X78.247 Y132.172 E3.8486
G1 X78.247 Y132.82 E.02467
G1 X6.753 Y61.325 E3.8486
G1 X6.753 Y61.972 E.02463
G1 X78.247 Y133.467 E3.8486
G1 X78.247 Y134.114 E.02463
G1 X6.753 Y62.62 E3.84857
G1 X6.753 Y63.267 E.02463
G1 X78.247 Y134.762 E3.8486
G1 X78.247 Y135.409 E.02463
G1 X6.753 Y63.914 E3.8486
G1 X6.753 Y64.562 E.02467
G1 X78.247 Y136.056 E3.84857
G1 X78.247 Y136.704 E.02467
G1 X6.753 Y65.209 E3.8486
G1 X6.753 Y65.857 E.02467
G1 X78.247 Y137.351 E3.84857
G1 X78.247 Y137.999 E.02467
G1 X6.753 Y66.504 E3.8486
G1 X6.753 Y67.151 E.02463
G1 X78.247 Y138.646 E3.8486
G1 X78.247 Y139.293 E.02463
G1 X6.753 Y67.799 E3.84857
G1 X6.753 Y68.446 E.02463
G1 X78.247 Y139.941 E3.8486
G1 X78.247 Y140.588 E.02463
G1 X6.753 Y69.094 E3.84857
G1 X6.753 Y69.741 E.02463
G1 X78.247 Y141.236 E3.8486
G1 X78.247 Y141.883 E.02463
G1 X6.753 Y70.388 E3.8486
G1 X6.753 Y71.036 E.02467
G1 X78.247 Y142.53 E3.84857
G1 X78.247 Y143.178 E.02467
G1 X6.753 Y71.683 E3.8486
G1 X6.753 Y72.33 E.02463
G1 X78.247 Y143.825 E3.8486
G1 X78.247 Y144.473 E.02467
M73 Q18 S58
G1 X6.753 Y72.978 E3.8486
G1 X6.753 Y73.625 E.02463
G1 X78.247 Y145.12 E3.8486
G1 X78.247 Y145.767 E.02463
G1 X6.753 Y74.273 E3.84857
G1 X6.753 Y74.92 E.02463
G1 X78.247 Y146.415 E3.8486
G1 X78.247 Y147.062 E.02463
G1 X6.753 Y75.567 E3.8486
G1 X6.753 Y76.215 E.02467
G1 X78.247 Y147.709 E3.84857
G1 X78.247 Y148.357 E.02467
G1 X6.753 Y76.862 E3.8486
G1 X6.753 Y77.51 E.02467
G1 X78.247 Y149.004 E3.84857
G1 X78.247 Y149.652 E.02467
G1 X6.753 Y78.157 E3.8486
G1 X6.753 Y78.804 E.02463
G1 X78.247 Y150.299 E3.8486
G1 X78.247 Y150.946 E.02463
G1 X6.753 Y79.452 E3.84857
G1 X6.753 Y80.099 E.02463
G1 X78.247 Y151.594 E3.8486
G1 X78.247 Y152.241 E.02463
G1 X6.753 Y80.747 E3.84857
G1 X6.753 Y81.394 E.02463
G1 X78.006 Y152.647 E3.8356
G1 X77.359 Y152.647 E.02463
G1 X6.753 Y82.041 E3.80077
G1 X6.753 Y82.689 E.02467
G1 X76.711 Y152.647 E3.76589
G1 X76.064 Y152.647 E.02463
G1 X6.753 Y83.336 E3.73106
G1 X6.753 Y83.983 E.02463
G1 X75.417 Y152.647 E3.69623
G1 X74.769 Y152.647 E.02467
M73 P19 R54
G1 X6.753 Y84.631 E3.66135
G1 X6.753 Y85.278 E.02463
G1 X74.122 Y152.647 E3.62652
G1 X73.474 Y152.647 E.02467
M73 P19 R53
G1 X6.753 Y85.926 E3.59164
G1 X6.753 Y86.573 E.02463
G1 X72.827 Y152.647 E3.55681
G1 X72.18 Y152.647 E.02463
G1 X6.753 Y87.22 E3.52198
G1 X6.753 Y87.868 E.02467
G1 X71.532 Y152.647 E3.4871
G1 X70.885 Y152.647 E.02463
G1 X6.753 Y88.515 E3.45227
G1 X6.753 Y89.163 E.02467
G1 X70.237 Y152.647 E3.41739
G1 X69.59 Y152.647 E.02463
G1 X6.753 Y89.81 E3.38256
G1 X6.753 Y90.457 E.02463
G1 X68.943 Y152.647 E3.34773
G1 X68.295 Y152.647 E.02467
G1 X6.753 Y91.105 E3.31285
G1 X6.753 Y91.752 E.02463
G1 X67.648 Y152.647 E3.27802
G1 X67 Y152.647 E.02467
G1 X6.753 Y92.4 E3.24314
G1 X6.753 Y93.047 E.02463
G1 X66.353 Y152.647 E3.20831
G1 X65.706 Y152.647 E.02463
G1 X6.753 Y93.694 E3.17348
G1 X6.753 Y94.342 E.02467
G1 X65.058 Y152.647 E3.1386
G1 X64.411 Y152.647 E.02463
G1 X6.753 Y94.989 E3.10377
G1 X6.753 Y95.637 E.02467
G1 X63.763 Y152.647 E3.06889
G1 X63.116 Y152.647 E.02463
G1 X6.753 Y96.284 E3.03406
G1 X6.753 Y96.931 E.02463
G1 X62.469 Y152.647 E2.99923
G1 X61.821 Y152.647 E.02467
G1 X6.753 Y97.579 E2.96435
G1 X6.753 Y98.226 E.02463
G1 X61.174 Y152.647 E2.92952
G1 X60.527 Y152.647 E.02463
G1 X6.753 Y98.873 E2.89469
G1 X6.753 Y99.521 E.02467
M73 Q18 S57
G1 X59.879 Y152.647 E2.85981
G1 X59.232 Y152.647 E.02463
G1 X6.753 Y100.168 E2.82498
G1 X6.753 Y100.816 E.02467
G1 X58.584 Y152.647 E2.7901
G1 X57.937 Y152.647 E.02463
G1 X6.753 Y101.463 E2.75527
M73 Q19 S57
G1 X6.753 Y102.11 E.02463
G1 X57.29 Y152.647 E2.72044
G1 X56.642 Y152.647 E.02467
G1 X6.753 Y102.758 E2.68556
G1 X6.753 Y103.405 E.02463
G1 X55.995 Y152.647 E2.65073
G1 X55.347 Y152.647 E.02467
G1 X6.753 Y104.053 E2.61585
G1 X6.753 Y104.7 E.02463
G1 X54.7 Y152.647 E2.58102
G1 X54.053 Y152.647 E.02463
G1 X6.753 Y105.347 E2.54619
G1 X6.753 Y105.995 E.02467
G1 X53.405 Y152.647 E2.51131
G1 X52.758 Y152.647 E.02463
G1 X6.753 Y106.642 E2.47648
G1 X6.753 Y107.29 E.02467
G1 X52.11 Y152.647 E2.4416
G1 X51.463 Y152.647 E.02463
G1 X6.753 Y107.937 E2.40677
G1 X6.753 Y108.584 E.02463
G1 X50.816 Y152.647 E2.37194
G1 X50.168 Y152.647 E.02467
G1 X6.753 Y109.232 E2.33706
G1 X6.753 Y109.879 E.02463
G1 X49.521 Y152.647 E2.30223
G1 X48.874 Y152.647 E.02463
G1 X6.753 Y110.526 E2.2674
G1 X6.753 Y111.174 E.02467
G1 X48.226 Y152.647 E2.23252
G1 X47.579 Y152.647 E.02463
G1 X6.753 Y111.821 E2.19769
G1 X6.753 Y112.469 E.02467
G1 X46.931 Y152.647 E2.16281
G1 X46.284 Y152.647 E.02463
G1 X6.753 Y113.116 E2.12798
G1 X6.753 Y113.763 E.02463
G1 X45.637 Y152.647 E2.09315
G1 X44.989 Y152.647 E.02467
G1 X6.753 Y114.411 E2.05827
G1 X6.753 Y115.058 E.02463
G1 X44.342 Y152.647 E2.02344
G1 X43.694 Y152.647 E.02467
G1 X6.753 Y115.706 E1.98856
G1 X6.753 Y116.353 E.02463
G1 X43.047 Y152.647 E1.95373
G1 X42.4 Y152.647 E.02463
G1 X11.653 Y121.9 E1.65513
G1 X11.653 Y122.548 E.02467
G1 X41.752 Y152.647 E1.62025
G1 X41.105 Y152.647 E.02463
G1 X11.653 Y123.195 E1.58542
G1 X11.652 Y123.842 E.02463
M73 P20 R53
G1 X40.457 Y152.647 E1.55059
G1 X39.81 Y152.647 E.02463
G1 X11.652 Y124.49 E1.51574
G1 X11.652 Y125.137 E.02463
G1 X39.163 Y152.647 E1.48091
G1 X38.515 Y152.647 E.02467
G1 X11.652 Y125.784 E1.44605
G1 X11.652 Y126.432 E.02467
G1 X37.868 Y152.647 E1.4112
G1 X37.22 Y152.647 E.02467
G1 X11.652 Y127.079 E1.37634
G1 X11.652 Y127.726 E.02463
G1 X36.573 Y152.647 E1.34152
G1 X35.926 Y152.647 E.02463
G1 X11.548 Y128.27 E1.31226
G1 X11.453 Y128.479 E.00874
G1 X11.312 Y128.681 E.00938
G1 X35.278 Y152.647 E1.29011
G1 X34.631 Y152.647 E.02463
G1 X10.97 Y128.987 E1.27366
G1 X10.874 Y129.056 E.0045
G1 X10.531 Y129.195 E.01409
G1 X33.984 Y152.647 E1.26246
G1 X33.336 Y152.647 E.02467
G1 X9.941 Y129.253 E1.25934
G1 X9.294 Y129.253 E.02463
G1 X32.689 Y152.647 E1.25934
G1 X32.041 Y152.647 E.02467
G1 X8.647 Y129.253 E1.25932
G1 X7.999 Y129.253 E.02467
G1 X31.394 Y152.647 E1.25934
G1 X30.747 Y152.647 E.02463
G1 X7.072 Y128.973 E1.27442
G1 X6.753 Y128.724 E.0154
G1 X6.753 Y129.301 E.02196
G1 X30.099 Y152.647 E1.25673
G1 X29.452 Y152.647 E.02463
G1 X6.753 Y129.948 E1.2219
G1 X6.753 Y130.596 E.02467
G1 X28.804 Y152.647 E1.18702
G1 X28.157 Y152.647 E.02463
G1 X6.753 Y131.243 E1.15219
G1 X6.753 Y131.89 E.02463
G1 X27.51 Y152.647 E1.11736
G1 X26.862 Y152.647 E.02467
G1 X6.753 Y132.538 E1.08248
G1 X6.753 Y133.185 E.02463
G1 X26.215 Y152.647 E1.04765
G1 X25.567 Y152.647 E.02467
G1 X6.753 Y133.833 E1.01277
G1 X6.753 Y134.48 E.02463
G1 X24.92 Y152.647 E.97794
G1 X24.273 Y152.647 E.02463
G1 X6.753 Y135.127 E.94311
G1 X6.753 Y135.775 E.02467
G1 X23.625 Y152.647 E.90823
G1 X22.978 Y152.647 E.02463
G1 X18.753 Y148.422 E.22743
G1 X18.753 Y149.069 E.02463
G1 X22.331 Y152.647 E.19261
G1 X21.683 Y152.647 E.02467
G1 X18.753 Y149.717 E.15772
G1 X18.753 Y150.364 E.02463
G1 X21.036 Y152.647 E.1229
G1 X20.388 Y152.647 E.02467
G1 X18.753 Y151.012 E.08801
G1 X18.753 Y151.659 E.02463
G1 X19.741 Y152.647 E.05318
G1 X19.094 Y152.647 E.02463
G1 X18.547 Y152.101 E.02942
G1 E-.16 F2700
;WIPE_START
G1 F16800
G1 X19.094 Y152.647 E-.118
G1 X19.741 Y152.647 E-.09878
G1 X18.753 Y151.659 E-.21333
G1 X18.753 Y151.012 E-.09878
G1 X19.268 Y151.527 E-.11111
;WIPE_END
G1 X17.184 Y146.853 Z.289 F21000
G1 Z.2 F720
G1 E.8 F1500
G1 F6000
G1 X6.753 Y136.422 E.56151
G1 X6.753 Y137.069 E.02463
G1 X16.331 Y146.647 E.51559
G1 X15.683 Y146.647 E.02467
G1 X6.753 Y137.717 E.48071
G1 X6.753 Y138.364 E.02463
G1 X15.036 Y146.647 E.44588
G1 X14.388 Y146.647 E.02467
G1 X6.753 Y139.012 E.411
G1 X6.753 Y139.659 E.02463
G1 X13.741 Y146.647 E.37617
G1 X13.094 Y146.647 E.02463
G1 X6.753 Y140.306 E.34134
G1 X6.753 Y140.954 E.02467
G1 X12.446 Y146.647 E.30646
G1 X11.799 Y146.647 E.02463
G1 X6.753 Y141.601 E.27163
G1 X6.753 Y142.249 E.02467
G1 X11.151 Y146.647 E.23675
G1 X10.504 Y146.647 E.02463
G1 X6.753 Y142.896 E.20192
G1 X6.753 Y143.543 E.02463
G1 X9.857 Y146.647 E.16709
G1 X9.209 Y146.647 E.02467
G1 X6.753 Y144.191 E.13221
G1 X6.753 Y144.838 E.02463
G1 X8.562 Y146.647 E.09738
G1 X7.914 Y146.647 E.02467
G1 X6.753 Y145.486 E.0625
G1 X6.753 Y146.133 E.02463
G1 X7.473 Y146.853 E.03876
G1 E-.16 F2700
;WIPE_START
G1 F16800
G1 X6.753 Y146.133 E-.15546
G1 X6.753 Y145.486 E-.09878
G1 X7.914 Y146.647 E-.25068
G1 X8.562 Y146.647 E-.09894
G1 X8.395 Y146.48 E-.03614
;WIPE_END
G1 X10.105 Y120.353 Z.657 F21000
G1 Z.2 F720
G1 E.8 F1500
G1 F6000
G1 X6.753 Y117 E.18047
G1 X6.753 Y117.648 E.02467
G1 X9.252 Y120.147 E.13452
G1 X8.605 Y120.147 E.02463
G1 X6.753 Y118.295 E.09969
G1 X6.753 Y118.943 E.02467
G1 X7.957 Y120.147 E.06481
G1 X7.863 Y120.147 E.00358
G1 X7.402 Y120.239 E.01789
G1 X6.753 Y119.59 E.03494
G1 X6.753 Y120.237 E.02463
G1 X7.146 Y120.63 E.02116
M106 S109.65
;LAYER_CHANGE
;Z:0.44
;HEIGHT:0.24
;BEFORE_LAYER_CHANGE
G92 E0.0
;0.44


G1 E-.16 F2700
;WIPE_START
G1 F16800
G1 X6.753 Y120.237 E-.08486
G1 X6.753 Y119.59 E-.09878
G1 X7.402 Y120.239 E-.14013
G1 X7.863 Y120.147 E-.07177
G1 X7.957 Y120.147 E-.01435
G1 X6.891 Y119.081 E-.23011
;WIPE_END
G1 X6.891 Y119.081 Z.2 F21000
G1 X35.915 Y119.596 Z.707
G1 X38.053 Y119.634 Z.74
G1 X40.191 Y119.672 Z.766
G1 X42.329 Y119.71 Z.785
G1 X46.604 Y119.786 Z.8
G1 X125.384 Y121.185 Z.8
;AFTER_LAYER_CHANGE
;0.44
M104 S220 ; set temperature
G1 Z.44 F720
G1 E.8 F1500
;TYPE:Perimeter
;WIDTH:0.449999
G1 F3000
G1 X125.477 Y121.077 E.00567
G1 X125.795 Y120.918 E.01414
G1 X126.074 Y120.878 E.01121
G1 X127.926 Y120.878 E.07364
G1 X128.304 Y120.953 E.01532
G1 X128.608 Y121.148 E.01436
G1 X128.83 Y121.457 E.01513
G1 X128.922 Y121.832 E.01535
G1 X128.922 Y127.526 E.2264
G1 X128.861 Y127.869 E.01385
G1 X128.678 Y128.179 E.01431
G1 X128.389 Y128.408 E.01466
G1 X128.041 Y128.522 E.01456
G1 X126.074 Y128.522 E.07821
G1 X125.795 Y128.482 E.01121
G1 X125.477 Y128.323 E.01414
G1 X125.195 Y127.995 E.0172
G1 X125.078 Y127.654 E.01433
G1 X125.078 Y121.874 E.22982
G1 X125.195 Y121.405 E.01922
G1 X125.345 Y121.231 E.00913
G1 X125.66 Y121.461 F21000
G1 F3000
G1 X125.716 Y121.396 E.00341
G1 X125.955 Y121.277 E.01062
G1 X127.926 Y121.277 E.07837
G1 X128.153 Y121.321 E.00919
G1 X128.389 Y121.496 E.01168
G1 X128.523 Y121.782 E.01256
G1 X128.523 Y127.526 E.22839
G1 X128.456 Y127.801 E.01125
G1 X128.281 Y128.006 E.01072
G1 X127.999 Y128.123 E.01214
G1 X126.074 Y128.123 E.07654
G1 X125.907 Y128.1 E.0067
G1 X125.716 Y128.004 E.0085
G1 X125.547 Y127.807 E.01032
G1 X125.477 Y127.526 E.01151
G1 X125.477 Y121.874 E.22473
G1 X125.547 Y121.593 E.01151
G1 X125.621 Y121.507 E.00451
M204 T250
G1 X125.94 Y121.745 F21000
M204 T7000
;TYPE:External perimeter
G1 F3000
G1 X125.955 Y121.715 E.00133
G1 X126.074 Y121.675 E.00499
G1 X127.926 Y121.675 E.07364
G1 X128.001 Y121.69 E.00304
G1 X128.125 Y121.822 E.0072
G1 F2999.998
G1 X128.125 Y127.526 E.2268
G1 F3000
G1 X128.062 Y127.671 E.00629
G1 X127.926 Y127.725 E.00582
G1 X126.074 Y127.725 E.07364
G1 X125.955 Y127.685 E.00499
G1 X125.875 Y127.526 E.00708
G1 F2999.998
G1 X125.875 Y121.874 E.22473
G1 F3000
G1 X125.913 Y121.798 E.00338
G1 E-.16 F2700
;WIPE_START
G1 F16800
G1 X125.94 Y121.745 E-.00908
G1 X125.955 Y121.715 E-.00512
G1 X126.074 Y121.675 E-.01917
G1 X127.926 Y121.675 E-.28276
G1 X128.001 Y121.69 E-.01168
G1 X128.125 Y121.822 E-.02765
G1 X128.125 Y123.686 E-.28454
;WIPE_END
G1 X127.195 Y94.673 Z.947 F21000
G1 X127.126 Y92.535 Z.98
G1 X127.058 Y90.398 Z1.006
G1 X126.989 Y88.261 Z1.025
G1 X126.852 Y83.987 Z1.04
G1 X125.384 Y38.215
G1 Z.44 F720
G1 E.8 F1500
;TYPE:Perimeter
G1 F3000
G1 X125.195 Y37.995 E.01153
G1 X125.078 Y37.654 E.01433
G1 X125.078 Y31.874 E.22982
G1 X125.195 Y31.405 E.01922
G1 X125.477 Y31.077 E.0172
G1 X125.795 Y30.918 E.01414
G1 X126.074 Y30.878 E.01121
G1 X127.926 Y30.878 E.07364
G1 X128.285 Y30.945 E.01452
G1 X128.584 Y31.126 E.0139
G1 X128.86 Y31.528 E.01939
G1 X128.922 Y31.874 E.01398
G1 X128.922 Y37.526 E.22473
G1 X128.854 Y37.887 E.01461
G1 X128.671 Y38.186 E.01394
G1 X128.389 Y38.408 E.01427
G1 X128.041 Y38.522 E.01456
G1 X126.074 Y38.522 E.07821
G1 X125.795 Y38.482 E.01121
G1 X125.477 Y38.323 E.01414
G1 X125.423 Y38.261 E.00327
G1 X125.66 Y37.939 F21000
G1 F3000
G1 X125.547 Y37.807 E.00691
G1 X125.477 Y37.526 E.01151
G1 X125.477 Y31.874 E.22473
G1 X125.547 Y31.593 E.01151
G1 X125.716 Y31.396 E.01032
G1 X125.955 Y31.277 E.01062
G1 X127.926 Y31.277 E.07837
G1 X128.191 Y31.339 E.01082
G1 X128.371 Y31.476 E.00899
G1 X128.523 Y31.768 E.01309
G1 X128.523 Y37.526 E.22895
G1 X128.451 Y37.812 E.01173
G1 X128.281 Y38.007 E.01029
G1 X127.999 Y38.123 E.01212
G1 X126.074 Y38.123 E.07654
G1 X125.907 Y38.1 E.0067
G1 X125.716 Y38.004 E.0085
G1 X125.699 Y37.985 E.00101
M204 T250
G1 X125.94 Y37.655 F21000
M204 T7000
;TYPE:External perimeter
G1 F3000
G1 X125.875 Y37.526 E.00574
G1 F2999.998
G1 X125.875 Y31.874 E.22473
G1 F3000
G1 X125.955 Y31.715 E.00708
G1 X126.074 Y31.675 E.00499
G1 X127.926 Y31.675 E.07364
G1 X128.074 Y31.741 E.00644
G1 X128.125 Y31.874 E.00566
G1 F2999.998
G1 X128.125 Y37.526 E.22473
G1 F3000
G1 X128.062 Y37.671 E.00629
G1 X127.926 Y37.725 E.00582
G1 X126.074 Y37.725 E.07364
G1 X125.98 Y37.694 E.00394
G1 E-.16 F2700
;WIPE_START
G1 F16800
G1 X125.94 Y37.655 E-.00853
G1 X125.875 Y37.526 E-.02205
G1 X125.875 Y33.535 E-.60942
;WIPE_END
G1 X147.208 Y53.221 Z.947 F21000
G1 X148.779 Y54.671 Z.98
G1 X150.351 Y56.122 Z1.006
G1 X151.922 Y57.572 Z1.025
G1 X155.065 Y60.472 Z1.04
G1 X197.274 Y99.423
G1 Z.44 F720
G1 E.8 F1500
;TYPE:Perimeter
G1 F4200
G1 X197.301 Y99.46 E.00182
G1 X197.614 Y99.655 E.01466
G1 X197.974 Y99.722 E.01456
G1 X231.978 Y99.722 E1.35207
G1 X231.978 Y153.378 E2.13347
G1 X124.022 Y153.378 E4.29255
G1 X124.022 Y12.022 E5.6206
G1 X135.151 Y12.014 E.44251
G1 X135.5 Y11.902 E.01457
M73 Q20 S57
G1 X135.781 Y11.676 E.01434
G1 X135.969 Y11.345 E.01514
G1 X136.022 Y11.026 E.01286
G1 F4146.961
G1 X136.022 Y6.022 E.19897
G1 F4200
G1 X196.978 Y6.022 E2.42373
G1 X196.983 Y54.824 E1.94046
M73 P20 R52
G1 X197.091 Y55.187 E.01506
G1 X197.321 Y55.478 E.01475
G1 X197.647 Y55.667 E.01498
G1 X197.974 Y55.722 E.01318
G1 X231.978 Y55.722 E1.35207
G1 F3851.66
G1 X231.978 Y62.678 E.27658
G1 X228.5 Y62.678 E.13829
G1 F4200
G1 X197.9 Y62.678 E1.21672
G1 X197.514 Y62.791 E.01599
G1 X197.205 Y63.042 E.01583
G1 X197.044 Y63.318 E.0127
G1 X196.978 Y63.674 E.0144
G1 X196.978 Y98.779 E1.39584
G1 X197.073 Y99.151 E.01527
G1 X197.238 Y99.375 E.01106
G1 X197.564 Y99.136 F21000
G1 F4200
G1 X197.698 Y99.256 E.00715
G1 X197.974 Y99.323 E.01129
G1 X232.377 Y99.323 E1.36793
G1 X232.377 Y153.777 E2.1652
G1 X123.623 Y153.777 E4.32428
G1 X123.623 Y11.623 E5.65233
G1 X135.101 Y11.619 E.45639
G1 X135.357 Y11.523 E.01087
G1 X135.555 Y11.304 E.01174
G1 X135.623 Y11.026 E.01138
G1 F4124.285
G1 X135.623 Y5.623 E.21483
G1 F4200
G1 X197.377 Y5.623 E2.45546
G1 X197.381 Y54.798 E1.9553
G1 X197.489 Y55.075 E.01182
G1 X197.698 Y55.256 E.01099
G1 X197.974 Y55.323 E.01129
G1 X232.377 Y55.323 E1.36793
G1 F3772.654
G1 X232.377 Y63.077 E.30831
G1 X228.5 Y63.077 E.15416
G1 F4200
G1 X197.928 Y63.077 E1.2156
G1 X197.633 Y63.184 E.01248
G1 X197.445 Y63.397 E.0113
G1 X197.377 Y63.674 E.01134
G1 X197.377 Y98.778 E1.3958
G1 X197.478 Y99.059 E.01187
G1 X197.52 Y99.096 E.00223
M204 T250
G1 X197.842 Y98.864 F21000
M204 T7000
;TYPE:External perimeter
G1 F3000
G1 X197.974 Y98.925 E.00578
G1 F2999.998
G1 X232.1 Y98.925 E1.35692
G1 F2890.098
G1 X232.775 Y98.925 E.02684
G1 F2888.329
G1 X232.775 Y99.6 E.02684
G1 F3000
G1 X232.775 Y153.5 E2.14317
G1 F2858.134
G1 X232.775 Y154.175 E.02684
G1 X232.1 Y154.175 E.02684
M73 Q20 S56
G1 F3000
G1 X123.9 Y154.175 E4.30225
G1 F2903.626
G1 X123.225 Y154.175 E.02684
G1 F2888.327
G1 X123.225 Y153.5 E.02684
G1 F3000
G1 X123.225 Y11.9 E5.6303
G1 F2892.263
M73 P21 R52
G1 X123.225 Y11.225 E.02684
G1 F2907.022
G1 X123.9 Y11.225 E.02684
G1 F2999.998
G1 X135.026 Y11.225 E.44239
G1 F3000
G1 X135.155 Y11.178 E.00546
G1 X135.225 Y11.026 E.00665
G1 F2999.998
G1 X135.225 Y10.352 E.0268
G1 F2980.518
G1 X135.225 Y5.9 E.17702
G1 F2893.576
G1 X135.225 Y5.225 E.02684
G1 F2908.155
G1 X135.9 Y5.225 E.02684
G1 F2999.998
G1 X197.1 Y5.225 E2.43343
G1 F2903.627
G1 X197.775 Y5.225 E.02684
G1 F2888.329
G1 X197.775 Y5.9 E.02684
G1 F2999.998
G1 X197.775 Y54.726 E1.94142
G1 F3000
G1 X197.83 Y54.864 E.00591
G1 X197.974 Y54.925 E.00622
G1 F2999.998
G1 X232.1 Y54.925 E1.35692
G1 F2890.114
G1 X232.775 Y54.925 E.02684
G1 F2888.329
G1 X232.775 Y55.6 E.02684
G1 F2897.116
G1 X232.775 Y62.8 E.28629
G1 F2891.457
G1 X232.775 Y63.475 E.02684
G1 F2888.328
G1 X232.1 Y63.475 E.02684
G1 F2941.008
G1 X198.648 Y63.475 E1.33012
G1 F2999.998
G1 X197.974 Y63.475 E.0268
G1 F3000
G1 X197.844 Y63.524 E.00552
G1 X197.775 Y63.674 E.00657
G1 F2999.998
G1 X197.775 Y98.726 E1.39374
G1 F3000
G1 X197.809 Y98.819 E.00394
G1 E-.16 F2700
;WIPE_START
G1 F16800
G1 X197.842 Y98.864 E-.00852
G1 X197.974 Y98.925 E-.0222
G1 X201.965 Y98.925 E-.60928
;WIPE_END
G1 X185.185 Y75.238 Z.947 F21000
G1 X183.949 Y73.493 Z.98
G1 X182.713 Y71.748 Z1.006
G1 X181.477 Y70.003 Z1.025
G1 X179.005 Y66.514 Z1.04
G1 X136.343 Y6.291
G1 Z.44 F720
G1 E.8 F1500
;TYPE:Solid infill
;WIDTH:0.391504
G1 F8400
G1 X136.272 Y6.272 E.00249
G1 X136.291 Y6.343 E.00249
G1 X136.332 Y6.332 E.00144
;WIDTH:0.420752
G1 X136.529 Y6.347 E.00728
;WIDTH:0.449999
G1 X136.725 Y6.361 E.00781
G1 X136.361 Y6.725 E.02047
G1 X136.361 Y7.288 E.02239
G1 X137.288 Y6.361 E.05213
G1 X137.852 Y6.361 E.02243
G1 X136.361 Y7.852 E.08384
G1 X136.361 Y8.416 E.02243
G1 X138.416 Y6.361 E.11556
G1 X138.979 Y6.361 E.02239
G1 X136.361 Y8.979 E.14722
G1 X136.361 Y9.543 E.02243
G1 X139.543 Y6.361 E.17893
G1 X140.106 Y6.361 E.02239
G1 X136.361 Y10.106 E.21059
G1 X136.361 Y10.67 E.02243
G1 X140.67 Y6.361 E.2423
G1 E-.16 F2700
;WIPE_START
G1 F16800
G1 X137.706 Y9.325 E-.64
;WIPE_END
G1 X124.469 Y12.393 Z.677 F21000
G1 Z.44 F720
G1 E.8 F1500
;WIDTH:0.546684
G1 F7573.004
G1 X124.425 Y12.349 E.00307
G1 X124.365 Y12.365 E.00307
G1 X124.349 Y12.425 E.00307
G1 X124.393 Y12.469 E.00307
G1 X124.453 Y12.453 E.00307
;WIDTH:0.449999
G1 F8400
G1 X125.089 Y12.361 E.02555
G1 X124.361 Y13.089 E.04094
G1 X124.361 Y13.653 E.02243
G1 X125.653 Y12.361 E.07265
G1 X126.216 Y12.361 E.02239
G1 X124.361 Y14.216 E.10431
G1 X124.361 Y14.78 E.02243
G1 X126.78 Y12.361 E.13603
G1 X127.344 Y12.361 E.02243
G1 X124.361 Y15.344 E.16774
G1 X124.361 Y15.907 E.02239
G1 X127.907 Y12.361 E.1994
G1 X128.471 Y12.361 E.02243
G1 X124.361 Y16.471 E.23111
G1 X124.361 Y17.034 E.02239
G1 X129.034 Y12.361 E.26277
G1 X129.598 Y12.361 E.02243
G1 X124.361 Y17.598 E.29449
G1 X124.361 Y18.161 E.02239
G1 X130.161 Y12.361 E.32615
G1 X130.725 Y12.361 E.02243
G1 X124.361 Y18.725 E.35786
G1 X124.361 Y19.288 E.02239
G1 X131.288 Y12.361 E.38952
G1 X131.852 Y12.361 E.02243
G1 X124.361 Y19.852 E.42123
G1 X124.361 Y20.416 E.02243
G1 X132.416 Y12.361 E.45295
G1 X132.979 Y12.361 E.02239
G1 X124.361 Y20.979 E.48461
G1 X124.361 Y21.543 E.02243
G1 X133.543 Y12.361 E.51632
G1 X134.106 Y12.361 E.02239
G1 X124.361 Y22.106 E.54798
G1 X124.361 Y22.67 E.02243
G1 X134.67 Y12.361 E.5797
G1 X135.255 Y12.339 E.02328
G1 X124.361 Y23.233 E.61259
G1 E-.16 F2700
;WIPE_START
G1 F16800
G1 X127.325 Y20.269 E-.64
;WIPE_END
G1 X135.537 Y12.16 Z.641 F21000
G1 Z.44 F720
G1 E.8 F1500
;WIDTH:0.391504
G1 F8400
G1 X135.718 Y12.033 E.0075
G1 X136.162 Y11.54 E.02251
;WIDTH:0.420752
G1 X136.249 Y11.399 E.0061
;WIDTH:0.449999
G1 X136.336 Y11.258 E.00659
G1 X141.233 Y6.361 E.27537
G1 X141.389 Y6.317 E.00644
;WIDTH:0.420752
G1 X141.545 Y6.274 E.00596
;WIDTH:0.391504
G1 X141.504 Y6.285 E.00144
G1 X141.485 Y6.214 E.00249
G1 X141.556 Y6.233 E.00249
;WIDTH:0.449999
G1 X141.797 Y6.361 E.01085
G1 X124.361 Y23.797 E.98046
G1 X124.361 Y24.36 E.02239
G1 X142.36 Y6.361 E1.01212
G1 X142.924 Y6.361 E.02243
G1 X124.361 Y24.924 E1.04383
G1 X124.361 Y25.488 E.02243
G1 X143.488 Y6.361 E1.07555
G1 X144.051 Y6.361 E.02239
G1 X124.361 Y26.051 E1.10721
G1 X124.361 Y26.615 E.02243
G1 X144.615 Y6.361 E1.13892
G1 X145.178 Y6.361 E.02239
G1 X124.361 Y27.178 E1.17058
G1 X124.361 Y27.742 E.02243
G1 X145.742 Y6.361 E1.2023
G1 X146.305 Y6.361 E.02239
G1 X124.361 Y28.305 E1.23395
G1 X124.361 Y28.869 E.02243
G1 X146.869 Y6.361 E1.26567
G1 X147.432 Y6.361 E.02239
G1 X124.361 Y29.432 E1.29733
G1 X124.361 Y29.996 E.02243
G1 X147.996 Y6.361 E1.32904
G1 X148.56 Y6.361 E.02243
G1 X124.361 Y30.56 E1.36076
G1 X124.361 Y31.123 E.02239
G1 X149.123 Y6.361 E1.39242
G1 X149.687 Y6.361 E.02243
G1 X124.361 Y31.687 E1.42413
G1 X124.585 Y32.013 E.01573
;WIDTH:0.440051
G1 X124.455 Y32.138 E.00699
G1 X124.356 Y32.124 E.00388
G1 X124.356 Y37.523 E.20932
;WIDTH:0.449999
G1 X124.361 Y41.267 E.14887
G1 X126.767 Y38.861 E.13529
G1 X126.078 Y38.861 E.0274
G1 X125.668 Y38.794 E.01652
G1 X125.243 Y38.564 E.01921
G1 X124.884 Y38.123 E.02261
G1 X124.744 Y37.697 E.01783
;WIDTH:0.440051
G1 X124.744 Y32.308 E.20893
G1 X124.729 Y31.875 E.0168
G1 E-.16 F2700
;WIPE_START
G1 F16800
G1 X124.744 Y32.308 E-.06615
G1 X124.744 Y36.066 E-.57385
;WIPE_END
G1 X125.82 Y30.71 Z.535 F21000
G1 Z.44 F720
G1 E.8 F1500
;WIDTH:0.391504
G1 F8400
G1 X125.779 Y30.721 E.00144
G1 X125.76 Y30.65 E.00249
G1 X125.831 Y30.669 E.00249
;WIDTH:0.420752
G1 X125.951 Y30.604 E.00503
;WIDTH:0.449999
G1 X126.072 Y30.539 E.00546
G1 X150.25 Y6.361 E1.35958
G1 X150.814 Y6.361 E.02243
G1 X126.635 Y30.539 E1.3596
G1 X127.199 Y30.539 E.02243
G1 X151.377 Y6.361 E1.35958
G1 X151.941 Y6.361 E.02243
G1 X127.762 Y30.539 E1.3596
G1 X128.278 Y30.587 E.02061
G1 X152.504 Y6.361 E1.36228
G1 X153.068 Y6.361 E.02243
G1 X128.664 Y30.765 E1.37228
G1 X128.961 Y31.032 E.01588
G1 X153.632 Y6.361 E1.3873
G1 X154.195 Y6.361 E.02239
G1 X129.167 Y31.389 E1.40737
G1 X129.26 Y31.859 E.01905
G1 X154.759 Y6.361 E1.43383
G1 X155.322 Y6.361 E.02239
G1 X129.261 Y32.422 E1.46546
G1 X129.261 Y32.986 E.02243
G1 X155.886 Y6.361 E1.49718
G1 X156.449 Y6.361 E.02239
G1 X129.261 Y33.549 E1.52883
G1 X129.261 Y34.113 E.02243
G1 X157.013 Y6.361 E1.56055
G1 X157.577 Y6.361 E.02243
G1 X129.261 Y34.676 E1.59224
G1 X129.261 Y35.24 E.02243
G1 X158.14 Y6.361 E1.62392
G1 X158.704 Y6.361 E.02243
G1 X129.261 Y35.804 E1.65564
G1 X129.261 Y36.367 E.02239
G1 X159.267 Y6.361 E1.6873
G1 X159.831 Y6.361 E.02243
G1 X129.261 Y36.931 E1.71901
G1 X129.154 Y37.803 F21000
;WIDTH:0.391504
G1 F8400
G1 X129.113 Y37.814 E.00144
G1 X129.094 Y37.743 E.00249
G1 X129.165 Y37.762 E.00249
;WIDTH:0.420752
G1 X129.213 Y37.628 E.00524
;WIDTH:0.449999
G1 X129.261 Y37.494 E.00566
G1 X160.394 Y6.361 E1.75067
G1 X160.958 Y6.361 E.02243
G1 X128.988 Y38.331 E1.79774
G1 E-.16 F2700
;WIPE_START
G1 F16800
G1 X131.952 Y35.367 E-.64
;WIPE_END
G1 X127.331 Y38.861 Z.541 F21000
G1 Z.44 F720
G1 E.8 F1500
G1 F8400
G1 X124.296 Y41.902 E.17083
;WIDTH:0.420752
G1 X124.232 Y41.973 E.00352
;WIDTH:0.391504
G1 X124.161 Y41.954 E.00249
G1 X124.18 Y42.025 E.00249
G1 X124.221 Y42.014 E.00144
;WIDTH:0.449999
G1 X124.361 Y42.394 E.0161
G1 X127.894 Y38.861 E.19867
G1 X128.732 Y38.587 F21000
G1 F8400
G1 X124.361 Y42.958 E.24579
G1 X124.323 Y43.093 E.00558
;WIDTH:0.420752
G1 X124.285 Y43.229 E.0052
;WIDTH:0.391504
G1 X124.214 Y43.21 E.00249
G1 X124.233 Y43.281 E.00249
G1 X124.274 Y43.27 E.00144
;WIDTH:0.449999
G1 X124.361 Y43.521 E.01056
G1 X161.521 Y6.361 E2.08958
G1 X162.085 Y6.361 E.02243
G1 X124.361 Y44.085 E2.12129
G1 X124.361 Y44.649 E.02243
G1 X162.649 Y6.361 E2.15301
G1 X163.212 Y6.361 E.02239
G1 X124.361 Y45.212 E2.18467
G1 X124.361 Y45.776 E.02243
M73 Q21 S56
G1 X163.776 Y6.361 E2.21638
G1 X164.339 Y6.361 E.02239
G1 X124.361 Y46.339 E2.24804
G1 X124.361 Y46.903 E.02243
G1 X164.903 Y6.361 E2.27976
G1 X165.466 Y6.361 E.02239
G1 X124.361 Y47.466 E2.31141
G1 X124.361 Y48.03 E.02243
G1 X166.03 Y6.361 E2.34313
G1 X166.593 Y6.361 E.02239
G1 X124.361 Y48.593 E2.37479
G1 X124.361 Y49.157 E.02243
G1 X167.157 Y6.361 E2.4065
G1 X167.721 Y6.361 E.02243
G1 X124.361 Y49.721 E2.43822
G1 X124.361 Y50.284 E.02239
G1 X168.284 Y6.361 E2.46988
G1 X168.848 Y6.361 E.02243
G1 X124.361 Y50.848 E2.50159
G1 X124.361 Y51.411 E.02239
G1 X169.411 Y6.361 E2.53325
G1 X169.975 Y6.361 E.02243
G1 X124.361 Y51.975 E2.56496
G1 X124.361 Y52.538 E.02239
G1 X170.538 Y6.361 E2.59662
G1 X171.102 Y6.361 E.02243
G1 X124.361 Y53.102 E2.62834
G1 X124.361 Y53.665 E.02239
G1 X171.665 Y6.361 E2.66
G1 X172.229 Y6.361 E.02243
G1 X124.361 Y54.229 E2.69171
G1 X124.361 Y54.793 E.02243
G1 X172.793 Y6.361 E2.72343
G1 X173.356 Y6.361 E.02239
G1 X124.361 Y55.356 E2.75508
G1 X124.361 Y55.92 E.02243
G1 X173.92 Y6.361 E2.7868
G1 X174.483 Y6.361 E.02239
G1 X124.361 Y56.483 E2.81846
G1 X124.361 Y57.047 E.02243
G1 X175.047 Y6.361 E2.85017
G1 X175.61 Y6.361 E.02239
G1 X124.361 Y57.61 E2.88183
G1 X124.361 Y58.174 E.02243
G1 X176.174 Y6.361 E2.91355
G1 X176.737 Y6.361 E.02239
G1 X124.361 Y58.737 E2.9452
G1 X124.361 Y59.301 E.02243
G1 X177.301 Y6.361 E2.97692
G1 X177.865 Y6.361 E.02243
G1 X124.361 Y59.865 E3.00863
G1 X124.361 Y60.428 E.02239
G1 X178.428 Y6.361 E3.04029
G1 X178.992 Y6.361 E.02243
G1 X124.361 Y60.992 E3.07201
G1 X124.361 Y61.555 E.02239
G1 X179.555 Y6.361 E3.10367
G1 X180.119 Y6.361 E.02243
G1 X124.361 Y62.119 E3.13538
G1 X124.361 Y62.682 E.02239
G1 X180.682 Y6.361 E3.16704
G1 X181.246 Y6.361 E.02243
G1 X124.361 Y63.246 E3.19875
G1 X124.361 Y63.809 E.02239
G1 X181.809 Y6.361 E3.23041
G1 X182.373 Y6.361 E.02243
G1 X124.361 Y64.373 E3.26213
G1 X124.361 Y64.937 E.02243
G1 X182.937 Y6.361 E3.29384
G1 X183.5 Y6.361 E.02239
G1 X124.361 Y65.5 E3.3255
G1 X124.361 Y66.064 E.02243
G1 X184.064 Y6.361 E3.35722
G1 X184.627 Y6.361 E.02239
M73 P22 R52
G1 X124.361 Y66.627 E3.38887
G1 X124.361 Y67.191 E.02243
G1 X185.191 Y6.361 E3.42059
G1 X185.754 Y6.361 E.02239
G1 X124.361 Y67.754 E3.45225
G1 X124.361 Y68.318 E.02243
M73 P22 R51
G1 X186.318 Y6.361 E3.48396
G1 X186.881 Y6.361 E.02239
G1 X124.361 Y68.881 E3.51562
G1 X124.361 Y69.445 E.02243
G1 X187.445 Y6.361 E3.54734
G1 X188.009 Y6.361 E.02243
G1 X124.361 Y70.009 E3.57905
G1 X124.361 Y70.572 E.02239
G1 X188.572 Y6.361 E3.61071
G1 X189.136 Y6.361 E.02243
G1 X124.361 Y71.136 E3.64242
G1 X124.361 Y71.699 E.02239
G1 X189.699 Y6.361 E3.67408
G1 X190.263 Y6.361 E.02243
G1 X124.361 Y72.263 E3.7058
G1 X124.361 Y72.826 E.02239
G1 X190.826 Y6.361 E3.73746
G1 X191.39 Y6.361 E.02243
G1 X124.361 Y73.39 E3.76917
G1 X124.361 Y73.953 E.02239
G1 X191.953 Y6.361 E3.80083
G1 X192.517 Y6.361 E.02243
M73 Q21 S55
G1 X124.361 Y74.517 E3.83254
G1 X124.361 Y75.081 E.02243
G1 X193.081 Y6.361 E3.86426
G1 X193.644 Y6.361 E.02239
G1 X124.361 Y75.644 E3.89592
G1 X124.361 Y76.208 E.02243
G1 X194.208 Y6.361 E3.92763
G1 X194.771 Y6.361 E.02239
G1 X124.361 Y76.771 E3.95929
G1 X124.361 Y77.335 E.02243
G1 X195.335 Y6.361 E3.99101
G1 X195.898 Y6.361 E.02239
G1 X124.361 Y77.898 E4.02266
G1 X124.361 Y78.462 E.02243
G1 X196.462 Y6.361 E4.05438
G1 X196.639 Y6.747 E.01688
G1 X124.361 Y79.025 E4.06433
G1 X124.361 Y79.589 E.02243
G1 X196.639 Y7.31 E4.06436
G1 X196.639 Y7.874 E.02243
G1 X124.361 Y80.153 E4.06436
G1 X124.361 Y80.716 E.02239
G1 X196.639 Y8.438 E4.06433
G1 X196.639 Y9.001 E.02239
G1 X124.361 Y81.28 E4.06436
G1 X124.361 Y81.843 E.02239
G1 X196.639 Y9.565 E4.06433
G1 X196.639 Y10.128 E.02239
G1 X124.361 Y82.407 E4.06436
G1 X124.361 Y82.97 E.02239
M73 Q22 S55
G1 X196.639 Y10.692 E4.06433
G1 X196.639 Y11.255 E.02239
G1 X124.361 Y83.534 E4.06436
G1 X124.361 Y84.097 E.02239
G1 X196.639 Y11.819 E4.06433
G1 X196.639 Y12.382 E.02239
G1 X124.361 Y84.661 E4.06436
G1 X124.361 Y85.225 E.02243
G1 X196.639 Y12.946 E4.06436
G1 X196.639 Y13.51 E.02243
G1 X124.361 Y85.788 E4.06433
G1 X124.361 Y86.352 E.02243
G1 X196.639 Y14.073 E4.06436
G1 X196.639 Y14.637 E.02243
G1 X124.361 Y86.915 E4.06433
G1 X124.361 Y87.479 E.02243
G1 X196.639 Y15.2 E4.06436
G1 X196.639 Y15.764 E.02243
G1 X124.361 Y88.042 E4.06433
G1 X124.361 Y88.606 E.02243
G1 X196.639 Y16.327 E4.06436
G1 X196.639 Y16.891 E.02243
G1 X124.361 Y89.17 E4.06436
G1 X124.361 Y89.733 E.02239
G1 X196.639 Y17.454 E4.06436
G1 X196.639 Y18.018 E.02243
G1 X124.361 Y90.297 E4.06436
G1 X124.361 Y90.86 E.02239
G1 X196.639 Y18.582 E4.06433
G1 X196.639 Y19.145 E.02239
G1 X124.361 Y91.424 E4.06436
G1 X124.361 Y91.987 E.02239
G1 X196.639 Y19.709 E4.06433
G1 X196.639 Y20.272 E.02239
G1 X124.361 Y92.551 E4.06436
G1 X124.361 Y93.114 E.02239
G1 X196.639 Y20.836 E4.06433
G1 X196.639 Y21.399 E.02239
G1 X124.361 Y93.678 E4.06436
G1 X124.361 Y94.242 E.02243
G1 X196.639 Y21.963 E4.06436
G1 X196.639 Y22.526 E.02239
G1 X124.361 Y94.805 E4.06436
G1 X124.361 Y95.369 E.02243
G1 X196.639 Y23.09 E4.06436
G1 X196.639 Y23.654 E.02243
G1 X124.361 Y95.932 E4.06433
G1 X124.361 Y96.496 E.02243
G1 X196.639 Y24.217 E4.06436
G1 X196.639 Y24.781 E.02243
M73 P23 R51
G1 X124.361 Y97.059 E4.06433
G1 X124.361 Y97.623 E.02243
G1 X196.639 Y25.344 E4.06436
G1 X196.639 Y25.908 E.02243
G1 X124.361 Y98.186 E4.06433
G1 X124.361 Y98.75 E.02243
G1 X196.639 Y26.471 E4.06436
G1 X196.639 Y27.035 E.02243
G1 X124.361 Y99.314 E4.06436
G1 X124.361 Y99.877 E.02239
G1 X196.639 Y27.599 E4.06433
G1 X196.639 Y28.162 E.02239
G1 X124.361 Y100.441 E4.06436
G1 X124.361 Y101.004 E.02239
G1 X196.639 Y28.726 E4.06433
G1 X196.639 Y29.289 E.02239
G1 X124.361 Y101.568 E4.06436
G1 X124.361 Y102.131 E.02239
G1 X196.639 Y29.853 E4.06433
G1 X196.639 Y30.416 E.02239
G1 X124.361 Y102.695 E4.06436
G1 X124.361 Y103.258 E.02239
G1 X196.639 Y30.98 E4.06433
G1 X196.639 Y31.543 E.02239
G1 X124.361 Y103.822 E4.06436
G1 X124.361 Y104.386 E.02243
G1 X196.639 Y32.107 E4.06436
G1 X196.639 Y32.671 E.02243
G1 X124.361 Y104.949 E4.06433
G1 X124.361 Y105.513 E.02243
G1 X196.639 Y33.234 E4.06436
G1 X196.639 Y33.798 E.02243
G1 X124.361 Y106.076 E4.06433
G1 X124.361 Y106.64 E.02243
G1 X196.639 Y34.361 E4.06436
G1 X196.639 Y34.925 E.02243
G1 X124.361 Y107.203 E4.06433
G1 X124.361 Y107.767 E.02243
G1 X196.639 Y35.488 E4.06436
G1 X196.639 Y36.052 E.02243
G1 X124.361 Y108.33 E4.06433
G1 X124.361 Y108.894 E.02243
G1 X196.639 Y36.615 E4.06436
G1 X196.639 Y37.179 E.02243
G1 X124.361 Y109.458 E4.06436
G1 X124.361 Y110.021 E.02239
G1 X196.639 Y37.743 E4.06433
G1 X196.639 Y38.306 E.02239
G1 X124.361 Y110.585 E4.06436
G1 X124.361 Y111.148 E.02239
G1 X196.639 Y38.87 E4.06433
G1 X196.639 Y39.433 E.02239
G1 X124.361 Y111.712 E4.06436
G1 X124.361 Y112.275 E.02239
G1 X196.639 Y39.997 E4.06433
G1 X196.639 Y40.56 E.02239
M73 Q23 S55
G1 X124.361 Y112.839 E4.06436
G1 X124.361 Y113.402 E.02239
G1 X196.639 Y41.124 E4.06433
G1 X196.639 Y41.687 E.02239
M73 P23 R50
G1 X124.361 Y113.966 E4.06436
G1 X124.361 Y114.53 E.02243
G1 X196.639 Y42.251 E4.06436
G1 X196.639 Y42.815 E.02243
G1 X124.361 Y115.093 E4.06433
G1 X124.361 Y115.657 E.02243
G1 X196.639 Y43.378 E4.06436
G1 X196.639 Y43.942 E.02243
G1 X124.361 Y116.22 E4.06433
G1 X124.361 Y116.784 E.02243
M73 Q23 S54
G1 X196.639 Y44.505 E4.06436
G1 X196.639 Y45.069 E.02243
G1 X124.361 Y117.347 E4.06433
G1 X124.361 Y117.911 E.02243
G1 X196.639 Y45.632 E4.06436
G1 X196.639 Y46.196 E.02243
G1 X124.361 Y118.474 E4.06433
G1 X124.361 Y119.038 E.02243
G1 X196.639 Y46.759 E4.06436
G1 X196.639 Y47.323 E.02243
G1 X124.361 Y119.602 E4.06436
G1 X124.361 Y120.165 E.02239
G1 X196.639 Y47.887 E4.06433
G1 X196.639 Y48.45 E.02239
G1 X124.361 Y120.729 E4.06436
G1 X124.361 Y121.292 E.02239
G1 X196.639 Y49.014 E4.06433
G1 X196.639 Y49.577 E.02239
G1 X125.552 Y120.664 E3.99736
G1 X125.411 Y120.771 E.00704
;WIDTH:0.420752
G1 X125.27 Y120.878 E.00652
;WIDTH:0.392844
G1 X124.934 Y121.242 E.01687
;WIDTH:0.400562
G1 X124.905 Y121.298 E.0022
;WIDTH:0.440049
G1 X124.744 Y121.913 E.02465
G1 X124.744 Y127.697 E.22424
;WIDTH:0.449999
G1 X124.884 Y128.123 E.01783
G1 X125.243 Y128.564 E.02261
G1 X125.668 Y128.794 E.01921
G1 X126.079 Y128.861 E.01656
G1 X126.936 Y128.861 E.03408
G1 X124.361 Y131.436 E.1448
G1 X124.356 Y127.523 E.15559
;WIDTH:0.440049
G1 X124.356 Y121.73 E.22459
G1 X124.455 Y121.744 E.00388
G1 X124.511 Y121.699 E.00279
G1 X124.799 Y121.388 E.01643
G1 E-.16 F2700
;WIPE_START
G1 F16800
G1 X124.511 Y121.699 E-.06472
G1 X124.455 Y121.744 E-.01097
G1 X124.356 Y121.73 E-.01527
G1 X124.356 Y125.326 E-.54904
;WIPE_END
G1 X126.241 Y120.539 Z.53 F21000
G1 Z.44 F720
G1 E.8 F1500
;WIDTH:0.449999
G1 F8400
G1 X196.639 Y50.141 E3.95862
G1 X196.639 Y50.704 E.02239
G1 X126.804 Y120.539 E3.92696
G1 X127.368 Y120.539 E.02243
G1 X196.639 Y51.268 E3.89524
G1 X196.639 Y51.831 E.02239
G1 X127.931 Y120.539 E3.86358
G1 X128.405 Y120.629 E.01918
G1 X196.639 Y52.395 E3.83693
G1 X196.639 Y52.959 E.02243
G1 X128.762 Y120.836 E3.81686
G1 X129.031 Y121.13 E.01584
G1 X196.639 Y53.522 E3.80173
G1 X196.639 Y54.086 E.02243
G1 X129.211 Y121.514 E3.79161
G1 X129.261 Y122.028 E.02053
M73 P24 R50
G1 X196.639 Y54.649 E3.78882
G1 X196.711 Y55.141 E.01977
G1 X129.261 Y122.591 E3.79284
G1 X129.261 Y123.155 E.02243
G1 X196.902 Y55.513 E3.80361
G1 X197.182 Y55.797 E.01586
G1 X129.261 Y123.718 E3.81933
G1 X129.261 Y124.282 E.02243
G1 X197.552 Y55.991 E3.84014
G1 X198.231 Y55.88 E.02736
;WIDTH:0.391504
G1 X198.16 Y55.861 E.00249
G1 X198.179 Y55.932 E.00249
G1 X198.22 Y55.921 E.00144
;WIDTH:0.420752
G1 X198.133 Y55.991 E.00411
;WIDTH:0.449999
G1 X198.046 Y56.061 E.00444
G1 X129.261 Y124.846 E3.86791
G1 X129.261 Y125.409 E.02239
G1 X198.609 Y56.061 E3.89957
G1 X199.173 Y56.061 E.02243
G1 X129.261 Y125.973 E3.93129
G1 X129.261 Y126.536 E.02239
G1 X199.736 Y56.061 E3.96295
G1 X200.3 Y56.061 E.02243
G1 X129.261 Y127.1 E3.99466
G1 E-.16 F2700
;WIPE_START
G1 F16800
G1 X132.225 Y124.136 E-.64
;WIPE_END
G1 X127.5 Y128.861 Z.557 F21000
G1 Z.44 F720
G1 E.8 F1500
G1 F8400
G1 X124.361 Y132 E.17651
G1 X124.285 Y132.834 F21000
;WIDTH:0.391504
G1 F8400
G1 X124.214 Y132.815 E.00249
G1 X124.233 Y132.886 E.00249
G1 X124.274 Y132.875 E.00144
;WIDTH:0.420752
G1 X124.317 Y132.719 E.00596
;WIDTH:0.449999
G1 X124.361 Y132.563 E.00644
G1 X128.074 Y128.85 E.20879
G1 X128.356 Y128.692 E.01285
;WIDTH:0.391504
G1 X128.697 Y128.431 E.01457
G1 X129.09 Y127.954 E.02097
;WIDTH:0.420752
G1 X129.171 Y127.813 E.00599
;WIDTH:0.449999
G1 X129.252 Y127.673 E.00643
G1 X200.863 Y56.061 E4.02685
G1 X201.427 Y56.061 E.02243
G1 X124.361 Y133.127 E4.33357
G1 X124.361 Y133.691 E.02243
G1 X201.991 Y56.061 E4.36529
G1 X202.554 Y56.061 E.02239
G1 X124.361 Y134.254 E4.39694
G1 X124.361 Y134.818 E.02243
G1 X203.118 Y56.061 E4.42866
G1 X203.681 Y56.061 E.02239
G1 X124.361 Y135.381 E4.46032
G1 X124.323 Y135.517 E.00561
;WIDTH:0.420752
G1 X124.285 Y135.652 E.00517
;WIDTH:0.391504
G1 X124.214 Y135.633 E.00249
G1 X124.233 Y135.704 E.00249
G1 X124.274 Y135.693 E.00144
;WIDTH:0.449999
G1 X124.361 Y135.945 E.0106
G1 X196.639 Y63.666 E4.06436
G1 X196.729 Y63.54 E.00616
;WIDTH:0.420752
G1 X196.819 Y63.414 E.0057
;WIDTH:0.391504
G1 X196.778 Y63.425 E.00144
G1 X196.759 Y63.354 E.00249
G1 X196.83 Y63.373 E.00249
G1 X196.639 Y64.23 F21000
;WIDTH:0.449999
G1 F8400
G1 X124.361 Y136.508 E4.06433
G1 X124.361 Y137.072 E.02243
G1 X196.639 Y64.793 E4.06436
G1 X196.639 Y65.357 E.02243
G1 X124.361 Y137.635 E4.06433
G1 X124.361 Y138.199 E.02243
G1 X196.639 Y65.92 E4.06436
G1 X196.639 Y66.484 E.02243
G1 X124.361 Y138.763 E4.06436
G1 X124.361 Y139.326 E.02239
G1 X196.639 Y67.047 E4.06436
G1 X196.639 Y67.611 E.02243
G1 X124.361 Y139.89 E4.06436
G1 X124.361 Y140.453 E.02239
G1 X196.639 Y68.175 E4.06433
G1 X196.639 Y68.738 E.02239
G1 X124.361 Y141.017 E4.06436
G1 X124.361 Y141.58 E.02239
G1 X196.639 Y69.302 E4.06433
G1 X196.639 Y69.865 E.02239
G1 X124.361 Y142.144 E4.06436
G1 X124.361 Y142.707 E.02239
M73 Q24 S54
G1 X196.639 Y70.429 E4.06433
G1 X196.639 Y70.992 E.02239
G1 X124.361 Y143.271 E4.06436
G1 X124.361 Y143.835 E.02243
G1 X196.639 Y71.556 E4.06436
G1 X196.639 Y72.12 E.02243
G1 X124.361 Y144.398 E4.06433
G1 X124.361 Y144.962 E.02243
G1 X196.639 Y72.683 E4.06436
G1 X196.639 Y73.247 E.02243
G1 X124.361 Y145.525 E4.06433
G1 X124.361 Y146.089 E.02243
G1 X196.639 Y73.81 E4.06436
G1 X196.639 Y74.374 E.02243
G1 X124.361 Y146.652 E4.06433
G1 X124.361 Y147.216 E.02243
G1 X196.639 Y74.937 E4.06436
G1 X196.639 Y75.501 E.02243
G1 X124.361 Y147.779 E4.06433
G1 X124.361 Y148.343 E.02243
G1 X196.639 Y76.064 E4.06436
G1 X196.639 Y76.628 E.02243
G1 X124.361 Y148.907 E4.06436
G1 X124.361 Y149.47 E.02239
G1 X196.639 Y77.192 E4.06433
G1 X196.639 Y77.755 E.02239
G1 X124.361 Y150.034 E4.06436
G1 X124.361 Y150.597 E.02239
G1 X196.639 Y78.319 E4.06433
G1 X196.639 Y78.882 E.02239
G1 X124.361 Y151.161 E4.06436
G1 X124.361 Y151.724 E.02239
G1 X196.639 Y79.446 E4.06433
G1 X196.639 Y80.009 E.02239
G1 X124.361 Y152.288 E4.06436
G1 X124.297 Y153.163 F21000
;WIDTH:0.391504
G1 F8400
G1 X124.256 Y153.174 E.00144
G1 X124.237 Y153.103 E.00249
G1 X124.308 Y153.122 E.00249
;WIDTH:0.420752
G1 X124.334 Y152.987 E.00507
;WIDTH:0.449999
G1 X124.361 Y152.851 E.00551
G1 X196.639 Y80.573 E4.06433
G1 X196.639 Y81.136 E.02239
G1 X124.736 Y153.039 E4.04325
G1 X125.3 Y153.039 E.02243
G1 X196.639 Y81.7 E4.01153
G1 X196.639 Y82.264 E.02243
G1 X125.864 Y153.039 E3.97982
G1 X126.427 Y153.039 E.02239
G1 X196.639 Y82.827 E3.94816
G1 X196.639 Y83.391 E.02243
G1 X126.991 Y153.039 E3.91644
G1 X127.554 Y153.039 E.02239
M73 P25 R50
G1 X196.639 Y83.954 E3.88478
G1 X196.639 Y84.518 E.02243
G1 X128.118 Y153.039 E3.85307
G1 X128.681 Y153.039 E.02239
G1 X196.639 Y85.081 E3.82141
G1 X196.639 Y85.645 E.02243
M73 P25 R49
G1 X129.245 Y153.039 E3.7897
G1 X129.808 Y153.039 E.02239
M73 Q24 S53
G1 X196.639 Y86.208 E3.75804
G1 X196.639 Y86.772 E.02243
G1 X130.372 Y153.039 E3.72632
G1 X130.936 Y153.039 E.02243
G1 X196.639 Y87.336 E3.69461
G1 X196.639 Y87.899 E.02239
G1 X131.499 Y153.039 E3.66295
G1 X132.063 Y153.039 E.02243
G1 X196.639 Y88.463 E3.63123
G1 X196.639 Y89.026 E.02239
G1 X132.626 Y153.039 E3.59958
G1 X133.19 Y153.039 E.02243
G1 X196.639 Y89.59 E3.56786
G1 X196.639 Y90.153 E.02239
G1 X133.753 Y153.039 E3.5362
G1 X134.317 Y153.039 E.02243
G1 X196.639 Y90.717 E3.50449
G1 X196.639 Y91.28 E.02239
G1 X134.88 Y153.039 E3.47283
G1 X135.444 Y153.039 E.02243
G1 X196.639 Y91.844 E3.44111
G1 X196.639 Y92.408 E.02243
G1 X136.008 Y153.039 E3.4094
G1 X136.571 Y153.039 E.02239
G1 X196.639 Y92.971 E3.37774
G1 X196.639 Y93.535 E.02243
G1 X137.135 Y153.039 E3.34603
G1 X137.698 Y153.039 E.02239
G1 X196.639 Y94.098 E3.31437
G1 X196.639 Y94.662 E.02243
G1 X138.262 Y153.039 E3.28265
G1 X138.825 Y153.039 E.02239
G1 X196.639 Y95.225 E3.25099
G1 X196.639 Y95.789 E.02243
G1 X139.389 Y153.039 E3.21928
G1 X139.952 Y153.039 E.02239
G1 X196.639 Y96.352 E3.18762
G1 X196.639 Y96.916 E.02243
G1 X140.516 Y153.039 E3.15591
G1 X141.08 Y153.039 E.02243
G1 X196.639 Y97.48 E3.12419
G1 X196.639 Y98.043 E.02239
G1 X141.643 Y153.039 E3.09253
G1 X142.207 Y153.039 E.02243
G1 X196.639 Y98.607 E3.06082
G1 X196.701 Y99.108 E.02007
G1 X142.77 Y153.039 E3.03265
G1 X143.334 Y153.039 E.02243
G1 X196.882 Y99.491 E3.01111
G1 X197.16 Y99.777 E.01586
G1 X143.897 Y153.039 E2.99505
G1 X144.461 Y153.039 E.02243
G1 X197.523 Y99.977 E2.98378
G1 X198.189 Y99.88 E.02676
;WIDTH:0.391504
G1 X198.118 Y99.861 E.00249
G1 X198.137 Y99.932 E.00249
G1 X198.178 Y99.921 E.00144
;WIDTH:0.420752
G1 X198.091 Y99.991 E.00411
;WIDTH:0.449999
G1 X198.003 Y100.061 E.00447
G1 X145.024 Y153.039 E2.97908
G1 X145.588 Y153.039 E.02243
G1 X198.567 Y100.061 E2.97908
G1 X199.13 Y100.061 E.02239
G1 X146.152 Y153.039 E2.97906
G1 X146.715 Y153.039 E.02239
G1 X199.694 Y100.061 E2.97908
G1 X200.257 Y100.061 E.02239
M73 Q25 S53
G1 X147.279 Y153.039 E2.97906
G1 X147.842 Y153.039 E.02239
G1 X200.821 Y100.061 E2.97908
G1 X201.384 Y100.061 E.02239
G1 X148.406 Y153.039 E2.97906
G1 X148.969 Y153.039 E.02239
G1 X201.948 Y100.061 E2.97908
G1 X202.512 Y100.061 E.02243
G1 X149.533 Y153.039 E2.97908
G1 X150.096 Y153.039 E.02239
G1 X203.075 Y100.061 E2.97908
G1 X203.639 Y100.061 E.02243
G1 X150.66 Y153.039 E2.97908
G1 X151.224 Y153.039 E.02243
G1 X204.202 Y100.061 E2.97906
G1 X204.766 Y100.061 E.02243
G1 X151.787 Y153.039 E2.97908
G1 X152.351 Y153.039 E.02243
G1 X205.329 Y100.061 E2.97906
G1 X205.893 Y100.061 E.02243
G1 X152.914 Y153.039 E2.97908
G1 X153.478 Y153.039 E.02243
G1 X206.456 Y100.061 E2.97906
G1 X207.02 Y100.061 E.02243
G1 X154.041 Y153.039 E2.97908
G1 X154.605 Y153.039 E.02243
G1 X207.584 Y100.061 E2.97908
G1 X208.147 Y100.061 E.02239
G1 X155.168 Y153.039 E2.97908
G1 X155.732 Y153.039 E.02243
G1 X208.711 Y100.061 E2.97908
G1 X209.274 Y100.061 E.02239
G1 X156.296 Y153.039 E2.97906
G1 X156.859 Y153.039 E.02239
G1 X209.838 Y100.061 E2.97908
G1 X210.401 Y100.061 E.02239
G1 X157.423 Y153.039 E2.97906
G1 X157.986 Y153.039 E.02239
G1 X210.965 Y100.061 E2.97908
G1 X211.528 Y100.061 E.02239
G1 X158.55 Y153.039 E2.97906
G1 X159.113 Y153.039 E.02239
G1 X212.092 Y100.061 E2.97908
G1 X212.656 Y100.061 E.02243
G1 X159.677 Y153.039 E2.97908
G1 X160.24 Y153.039 E.02239
G1 X213.219 Y100.061 E2.97908
G1 X213.783 Y100.061 E.02243
G1 X160.804 Y153.039 E2.97908
G1 X161.368 Y153.039 E.02243
G1 X214.346 Y100.061 E2.97906
G1 X214.91 Y100.061 E.02243
G1 X161.931 Y153.039 E2.97908
G1 X162.495 Y153.039 E.02243
G1 X215.473 Y100.061 E2.97906
G1 X216.037 Y100.061 E.02243
G1 X163.058 Y153.039 E2.97908
G1 X163.622 Y153.039 E.02243
G1 X216.6 Y100.061 E2.97906
G1 X217.164 Y100.061 E.02243
G1 X164.185 Y153.039 E2.97908
G1 X164.749 Y153.039 E.02243
M73 P26 R49
G1 X217.728 Y100.061 E2.97908
G1 X218.291 Y100.061 E.02239
G1 X165.313 Y153.039 E2.97906
G1 X165.876 Y153.039 E.02239
G1 X218.855 Y100.061 E2.97908
G1 X219.418 Y100.061 E.02239
G1 X166.44 Y153.039 E2.97906
G1 X167.003 Y153.039 E.02239
G1 X219.982 Y100.061 E2.97908
G1 X220.545 Y100.061 E.02239
G1 X167.567 Y153.039 E2.97906
G1 X168.13 Y153.039 E.02239
G1 X221.109 Y100.061 E2.97908
G1 X221.672 Y100.061 E.02239
G1 X168.694 Y153.039 E2.97906
G1 X169.257 Y153.039 E.02239
G1 X222.236 Y100.061 E2.97908
G1 X222.8 Y100.061 E.02243
G1 X169.821 Y153.039 E2.97908
G1 X170.385 Y153.039 E.02243
G1 X223.363 Y100.061 E2.97906
G1 X223.927 Y100.061 E.02243
G1 X170.948 Y153.039 E2.97908
G1 X171.512 Y153.039 E.02243
G1 X224.49 Y100.061 E2.97906
G1 X225.054 Y100.061 E.02243
G1 X172.075 Y153.039 E2.97908
G1 X172.639 Y153.039 E.02243
G1 X225.617 Y100.061 E2.97906
G1 X226.181 Y100.061 E.02243
G1 X173.202 Y153.039 E2.97908
G1 X173.766 Y153.039 E.02243
G1 X226.744 Y100.061 E2.97906
G1 X227.308 Y100.061 E.02243
G1 X174.329 Y153.039 E2.97908
G1 X174.893 Y153.039 E.02243
G1 X227.872 Y100.061 E2.97908
G1 X228.435 Y100.061 E.02239
G1 X175.457 Y153.039 E2.97906
G1 X176.02 Y153.039 E.02239
G1 X228.999 Y100.061 E2.97908
G1 X229.562 Y100.061 E.02239
G1 X176.584 Y153.039 E2.97906
G1 X177.147 Y153.039 E.02239
G1 X230.126 Y100.061 E2.97908
G1 X230.689 Y100.061 E.02239
G1 X177.711 Y153.039 E2.97906
G1 X178.274 Y153.039 E.02239
G1 X231.253 Y100.061 E2.97908
G1 X231.777 Y99.953 E.02127
;WIDTH:0.391504
G1 X231.706 Y99.934 E.00249
G1 X231.725 Y100.005 E.00249
G1 X231.766 Y99.994 E.00144
;WIDTH:0.420752
G1 X231.703 Y100.116 E.00506
;WIDTH:0.449999
G1 X231.639 Y100.238 E.00548
G1 X178.838 Y153.039 E2.9691
G1 X179.401 Y153.039 E.02239
G1 X231.639 Y100.801 E2.93744
G1 X231.639 Y101.365 E.02243
G1 X179.965 Y153.039 E2.90573
G1 X180.529 Y153.039 E.02243
G1 X231.639 Y101.929 E2.87401
G1 X231.639 Y102.492 E.02239
G1 X181.092 Y153.039 E2.84236
G1 X181.656 Y153.039 E.02243
G1 X231.639 Y103.056 E2.81064
G1 X231.639 Y103.619 E.02239
G1 X182.219 Y153.039 E2.77898
G1 X182.783 Y153.039 E.02243
G1 X231.639 Y104.183 E2.74727
G1 X231.639 Y104.746 E.02239
G1 X183.346 Y153.039 E2.71561
G1 X183.91 Y153.039 E.02243
M73 Q25 S52
G1 X231.639 Y105.31 E2.68389
G1 X231.639 Y105.873 E.02239
G1 X184.473 Y153.039 E2.65224
G1 X185.037 Y153.039 E.02243
G1 X231.639 Y106.437 E2.62052
G1 X231.639 Y107.001 E.02243
G1 X185.601 Y153.039 E2.58881
G1 X186.164 Y153.039 E.02239
G1 X231.639 Y107.564 E2.55715
G1 X231.639 Y108.128 E.02243
G1 X186.728 Y153.039 E2.52543
G1 X187.291 Y153.039 E.02239
M73 P26 R48
G1 X231.639 Y108.691 E2.49377
G1 X231.639 Y109.255 E.02243
M73 Q26 S52
G1 X187.855 Y153.039 E2.46206
G1 X188.418 Y153.039 E.02239
G1 X231.639 Y109.818 E2.4304
G1 X231.639 Y110.382 E.02243
G1 X188.982 Y153.039 E2.39869
G1 X189.545 Y153.039 E.02239
G1 X231.639 Y110.945 E2.36703
G1 X231.639 Y111.509 E.02243
G1 X190.109 Y153.039 E2.33531
G1 X190.673 Y153.039 E.02243
G1 X231.639 Y112.073 E2.3036
G1 X231.639 Y112.636 E.02239
G1 X191.236 Y153.039 E2.27194
G1 X191.8 Y153.039 E.02243
G1 X231.639 Y113.2 E2.24022
G1 X231.639 Y113.763 E.02239
G1 X192.363 Y153.039 E2.20857
G1 X192.927 Y153.039 E.02243
G1 X231.639 Y114.327 E2.17685
G1 X231.639 Y114.89 E.02239
G1 X193.49 Y153.039 E2.14519
G1 X194.054 Y153.039 E.02243
G1 X231.639 Y115.454 E2.11348
G1 X231.639 Y116.017 E.02239
G1 X194.617 Y153.039 E2.08182
G1 X195.181 Y153.039 E.02243
G1 X231.639 Y116.581 E2.0501
G1 X231.639 Y117.145 E.02243
G1 X195.745 Y153.039 E2.01839
G1 X196.308 Y153.039 E.02239
G1 X231.639 Y117.708 E1.98673
G1 X231.639 Y118.272 E.02243
G1 X196.872 Y153.039 E1.95502
G1 X197.435 Y153.039 E.02239
G1 X231.639 Y118.835 E1.92336
G1 X231.639 Y119.399 E.02243
G1 X197.999 Y153.039 E1.89164
G1 X198.562 Y153.039 E.02239
G1 X231.639 Y119.962 E1.85998
G1 X231.639 Y120.526 E.02243
G1 X199.126 Y153.039 E1.82827
G1 X199.689 Y153.039 E.02239
G1 X231.639 Y121.09 E1.79658
G1 X231.639 Y121.653 E.02239
G1 X200.253 Y153.039 E1.7649
G1 X200.817 Y153.039 E.02243
G1 X231.639 Y122.217 E1.73318
G1 X231.639 Y122.78 E.02239
G1 X201.38 Y153.039 E1.70152
G1 X201.944 Y153.039 E.02243
G1 X231.639 Y123.344 E1.66981
G1 X231.639 Y123.907 E.02239
G1 X202.507 Y153.039 E1.63815
G1 X203.071 Y153.039 E.02243
G1 X231.639 Y124.471 E1.60643
G1 X231.639 Y125.034 E.02239
G1 X203.634 Y153.039 E1.57478
G1 X204.198 Y153.039 E.02243
G1 X231.639 Y125.598 E1.54306
G1 X231.639 Y126.162 E.02243
G1 X204.762 Y153.039 E1.51135
G1 X205.325 Y153.039 E.02239
G1 X231.639 Y126.725 E1.47969
G1 X231.639 Y127.289 E.02243
G1 X205.889 Y153.039 E1.44797
G1 X206.452 Y153.039 E.02239
G1 X231.639 Y127.852 E1.41631
G1 X231.639 Y128.416 E.02243
G1 X207.016 Y153.039 E1.3846
G1 X207.579 Y153.039 E.02239
G1 X231.639 Y128.979 E1.35294
G1 X231.639 Y129.543 E.02243
G1 X208.143 Y153.039 E1.32123
G1 X208.706 Y153.039 E.02239
G1 X231.639 Y130.106 E1.28957
G1 X231.639 Y130.67 E.02243
G1 X209.27 Y153.039 E1.25785
G1 X209.834 Y153.039 E.02243
G1 X231.639 Y131.234 E1.22614
G1 X231.639 Y131.797 E.02239
G1 X210.397 Y153.039 E1.19448
G1 X210.961 Y153.039 E.02243
G1 X231.639 Y132.361 E1.16276
G1 X231.639 Y132.924 E.02239
G1 X211.524 Y153.039 E1.13111
G1 X212.088 Y153.039 E.02243
G1 X231.639 Y133.488 E1.09939
G1 X231.639 Y134.051 E.02239
G1 X212.651 Y153.039 E1.06773
G1 X213.215 Y153.039 E.02243
G1 X231.639 Y134.615 E1.03602
G1 X231.639 Y135.178 E.02239
G1 X213.778 Y153.039 E1.00436
G1 X214.342 Y153.039 E.02243
G1 X231.639 Y135.742 E.97264
G1 X231.639 Y136.306 E.02243
G1 X214.906 Y153.039 E.94093
G1 X215.469 Y153.039 E.02239
G1 X231.639 Y136.869 E.90927
G1 X231.639 Y137.433 E.02243
G1 X216.033 Y153.039 E.87756
G1 X216.596 Y153.039 E.02239
G1 X231.639 Y137.996 E.8459
G1 X231.639 Y138.56 E.02243
G1 X217.16 Y153.039 E.81418
G1 X217.723 Y153.039 E.02239
G1 X231.639 Y139.123 E.78252
G1 X231.639 Y139.687 E.02243
M73 P27 R48
G1 X218.287 Y153.039 E.75081
G1 X218.85 Y153.039 E.02239
G1 X231.639 Y140.25 E.71915
G1 X231.639 Y140.814 E.02243
G1 X219.414 Y153.039 E.68744
G1 X219.978 Y153.039 E.02243
G1 X231.639 Y141.378 E.65572
G1 X231.639 Y141.941 E.02239
G1 X220.541 Y153.039 E.62406
G1 X221.105 Y153.039 E.02243
G1 X231.639 Y142.505 E.59235
G1 X231.639 Y143.068 E.02239
G1 X221.668 Y153.039 E.56069
G1 X222.232 Y153.039 E.02243
G1 X231.639 Y143.632 E.52897
G1 X231.639 Y144.195 E.02239
G1 X222.795 Y153.039 E.49732
G1 X223.359 Y153.039 E.02243
G1 X231.639 Y144.759 E.4656
G1 X231.639 Y145.322 E.02239
G1 X223.922 Y153.039 E.43394
G1 X224.486 Y153.039 E.02243
G1 X231.639 Y145.886 E.40223
G1 X231.639 Y146.45 E.02243
G1 X225.05 Y153.039 E.37051
G1 X225.613 Y153.039 E.02239
G1 X231.639 Y147.013 E.33885
G1 X231.639 Y147.577 E.02243
G1 X226.177 Y153.039 E.30714
G1 X226.74 Y153.039 E.02239
G1 X231.639 Y148.14 E.27548
G1 X231.639 Y148.704 E.02243
G1 X227.304 Y153.039 E.24377
G1 X227.867 Y153.039 E.02239
G1 X231.639 Y149.267 E.21211
G1 X231.639 Y149.831 E.02243
G1 X228.431 Y153.039 E.18039
G1 X228.994 Y153.039 E.02239
G1 X231.639 Y150.394 E.14873
G1 X231.639 Y150.958 E.02243
G1 X229.558 Y153.039 E.11702
G1 X229.502 Y153.119 E.00388
;WIDTH:0.420752
G1 X229.446 Y153.198 E.00357
;WIDTH:0.391504
G1 X229.375 Y153.179 E.00249
G1 X229.394 Y153.25 E.00249
G1 X229.435 Y153.239 E.00144
G1 E-.16 F2700
;WIPE_START
G1 F16800
G1 X229.394 Y153.25 E-.00648
G1 X229.375 Y153.179 E-.01122
G1 X229.446 Y153.198 E-.01122
G1 X229.502 Y153.119 E-.01478
G1 X229.558 Y153.039 E-.01491
G1 X231.639 Y150.958 E-.44933
G1 X231.639 Y150.394 E-.08611
G1 X231.426 Y150.607 E-.04595
;WIPE_END
G1 X231.498 Y151.662 Z.458 F21000
G1 Z.44 F720
G1 E.8 F1500
;WIDTH:0.449999
G1 F8400
G1 X230.122 Y153.039 E.0774
G1 X231.639 Y153.039 E.06032
G1 X231.639 Y151.522 E.06032
G1 X231.254 Y152.579 F21000
;WIDTH:0.54206
G1 F7644.388
G1 X231.211 Y152.536 E.00298
G1 X231.151 Y152.551 E.00303
G1 X231.136 Y152.611 E.00303
G1 X231.179 Y152.654 E.00298
G1 X231.238 Y152.638 E.00299
G1 E-.16 F2700
;WIPE_START
G1 F16800
G1 X231.179 Y152.654 E-.00933
G1 X231.136 Y152.611 E-.00928
G1 X231.151 Y152.551 E-.00944
G1 X231.211 Y152.536 E-.00944
G1 X231.254 Y152.579 E-.00928
;WIPE_END
G1 E-.59323 F2700
G1 X221.124 Y125.376 Z.947 F21000
G1 X220.377 Y123.372 Z.98
G1 X219.631 Y121.368 Z1.006
G1 X218.885 Y119.364 Z1.025
G1 X217.393 Y115.357 Z1.04
G1 X197.714 Y62.514
G1 Z.44 F720
G1 E.8 F1500
;WIDTH:0.391504
G1 F8400
G1 X197.673 Y62.525 E.00144
G1 X197.654 Y62.454 E.00249
G1 X197.725 Y62.473 E.00249
;WIDTH:0.420752
G1 X197.846 Y62.406 E.0051
;WIDTH:0.449999
G1 X197.966 Y62.34 E.00545
G1 X204.245 Y56.061 E.35308
G1 X204.808 Y56.061 E.02239
G1 X198.53 Y62.339 E.35302
G1 X199.093 Y62.339 E.02239
G1 X205.372 Y56.061 E.35305
G1 X205.935 Y56.061 E.02239
G1 X199.657 Y62.339 E.35302
G1 X200.22 Y62.339 E.02239
G1 X206.499 Y56.061 E.35305
G1 X207.063 Y56.061 E.02243
G1 X200.784 Y62.339 E.35305
G1 X201.347 Y62.339 E.02239
G1 X207.626 Y56.061 E.35305
G1 X208.19 Y56.061 E.02243
G1 X201.911 Y62.339 E.35305
G1 X202.475 Y62.339 E.02243
G1 X208.753 Y56.061 E.35302
G1 X209.317 Y56.061 E.02243
G1 X203.038 Y62.339 E.35305
G1 X203.602 Y62.339 E.02243
G1 X209.88 Y56.061 E.35302
G1 X210.444 Y56.061 E.02243
G1 X204.165 Y62.339 E.35305
G1 X204.729 Y62.339 E.02243
G1 X211.007 Y56.061 E.35302
G1 X211.571 Y56.061 E.02243
G1 X205.292 Y62.339 E.35305
G1 X205.856 Y62.339 E.02243
G1 X212.135 Y56.061 E.35305
G1 X212.698 Y56.061 E.02239
G1 X206.42 Y62.339 E.35302
G1 X206.983 Y62.339 E.02239
G1 X213.262 Y56.061 E.35305
G1 X213.825 Y56.061 E.02239
G1 X207.547 Y62.339 E.35302
G1 X208.11 Y62.339 E.02239
G1 X214.389 Y56.061 E.35305
G1 X214.952 Y56.061 E.02239
G1 X208.674 Y62.339 E.35302
G1 X209.237 Y62.339 E.02239
G1 X215.516 Y56.061 E.35305
G1 X216.079 Y56.061 E.02239
G1 X209.801 Y62.339 E.35302
G1 X210.364 Y62.339 E.02239
G1 X216.643 Y56.061 E.35305
G1 X217.207 Y56.061 E.02243
G1 X210.928 Y62.339 E.35305
G1 X211.492 Y62.339 E.02243
G1 X217.77 Y56.061 E.35302
G1 X218.334 Y56.061 E.02243
G1 X212.055 Y62.339 E.35305
G1 X212.619 Y62.339 E.02243
G1 X218.897 Y56.061 E.35302
G1 X219.461 Y56.061 E.02243
G1 X213.182 Y62.339 E.35305
G1 X213.746 Y62.339 E.02243
G1 X220.024 Y56.061 E.35302
G1 X220.588 Y56.061 E.02243
G1 X214.309 Y62.339 E.35305
G1 X214.873 Y62.339 E.02243
G1 X221.151 Y56.061 E.35302
G1 X221.715 Y56.061 E.02243
G1 X215.436 Y62.339 E.35305
G1 X216 Y62.339 E.02243
G1 X222.279 Y56.061 E.35305
G1 X222.842 Y56.061 E.02239
G1 X216.564 Y62.339 E.35302
G1 X217.127 Y62.339 E.02239
G1 X223.406 Y56.061 E.35305
G1 X223.969 Y56.061 E.02239
G1 X217.691 Y62.339 E.35302
G1 X218.254 Y62.339 E.02239
G1 X224.533 Y56.061 E.35305
G1 X225.096 Y56.061 E.02239
G1 X218.818 Y62.339 E.35302
G1 X219.381 Y62.339 E.02239
G1 X225.66 Y56.061 E.35305
G1 X226.223 Y56.061 E.02239
G1 X219.945 Y62.339 E.35302
G1 X220.508 Y62.339 E.02239
G1 X226.787 Y56.061 E.35305
G1 X227.351 Y56.061 E.02243
G1 X221.072 Y62.339 E.35305
G1 X221.636 Y62.339 E.02243
G1 X227.914 Y56.061 E.35302
G1 X228.478 Y56.061 E.02243
G1 X222.199 Y62.339 E.35305
G1 X222.763 Y62.339 E.02243
G1 X229.041 Y56.061 E.35302
G1 X229.605 Y56.061 E.02243
G1 X223.326 Y62.339 E.35305
G1 X223.89 Y62.339 E.02243
G1 X230.168 Y56.061 E.35302
G1 X230.732 Y56.061 E.02243
G1 X224.453 Y62.339 E.35305
G1 X225.017 Y62.339 E.02243
G1 X231.295 Y56.061 E.35302
G1 X231.768 Y55.962 E.01921
;WIDTH:0.391504
G1 X231.697 Y55.943 E.00249
G1 X231.716 Y56.014 E.00249
G1 X231.757 Y56.003 E.00144
;WIDTH:0.420752
G1 X231.698 Y56.142 E.00556
;WIDTH:0.449999
G1 X231.639 Y56.28 E.00597
G1 X225.58 Y62.339 E.34071
G1 X226.144 Y62.339 E.02243
G1 X231.639 Y56.844 E.30899
G1 X231.639 Y57.408 E.02243
G1 X226.708 Y62.339 E.27728
G1 X227.271 Y62.339 E.02239
G1 X231.639 Y57.971 E.24562
G1 X231.639 Y58.535 E.02243
G1 X227.835 Y62.339 E.21391
G1 X228.398 Y62.339 E.02239
G1 X231.639 Y59.098 E.18225
G1 X231.639 Y59.662 E.02243
G1 X228.962 Y62.339 E.15053
G1 X229.525 Y62.339 E.02239
G1 X231.639 Y60.225 E.11887
G1 X231.639 Y62.339 E.08406
G1 X230.089 Y62.339 E.06163
G1 X231.498 Y60.93 E.07923
G1 X231.247 Y61.869 F21000
;WIDTH:0.5612
G1 F7357.327
G1 X231.202 Y61.824 E.00324
G1 X231.14 Y61.84 E.00326
G1 X231.124 Y61.902 E.00326
G1 X231.169 Y61.947 E.00324
G1 X231.23 Y61.93 E.00322
G1 E-.16 F2700
;WIPE_START
G1 F16800
G1 X231.169 Y61.947 E-.00967
G1 X231.124 Y61.902 E-.00972
G1 X231.14 Y61.84 E-.00978
G1 X231.202 Y61.824 E-.00978
G1 X231.247 Y61.869 E-.00972
;WIPE_END
G1 E-.59133 F2700
G1 X202.876 Y55.726 Z.947 F21000
G1 X200.786 Y55.273 Z.98
G1 X198.697 Y54.821 Z1.006
G1 X196.607 Y54.368 Z1.025
G1 X192.427 Y53.463 Z1.04
G1 X124.759 Y38.811
G1 Z.44 F720
G1 E.8 F1500
;WIDTH:0.449999
G1 F8400
G1 X124.759 Y40.305 E.0594
G1 X125.834 Y39.23 E.06045
G1 X125.49 Y39.15 E.01404
G1 X125.127 Y38.969 E.01613
G1 X124.941 Y38.823 E.0094
G1 X124.759 Y38.611 E.01111
G1 E-.16 F2700
;WIPE_START
G1 F16800
G1 X124.941 Y38.823 E-.04266
G1 X125.127 Y38.969 E-.0361
G1 X125.49 Y39.15 E-.06193
G1 X125.834 Y39.23 E-.05392
G1 X124.759 Y40.305 E-.23211
G1 X124.759 Y38.908 E-.21328
;WIPE_END
G1 X124.759 Y67.936 Z.947 F21000
G1 X124.759 Y70.075 Z.98
G1 X124.759 Y72.213 Z1.006
G1 X124.759 Y74.351 Z1.025
G1 X124.759 Y78.628 Z1.04
G1 X124.759 Y128.611
G1 Z.44 F720
G1 E.8 F1500
G1 F8400
G1 X124.941 Y128.823 E.01111
G1 X125.127 Y128.969 E.0094
G1 X125.49 Y129.15 E.01613
G1 X125.982 Y129.251 E.01997
G1 X124.759 Y130.474 E.06877
G1 X124.759 Y128.811 E.06612
G1 X125.231 Y129.448 E.03152
;WIDTH:0.490998
G1 X125.192 Y129.41 E.00239
G1 X125.139 Y129.424 E.0024
G1 X125.125 Y129.477 E.0024
G1 X125.164 Y129.516 E.00242
G1 X125.217 Y129.502 E.0024
G1 E-.16 F2700
;WIPE_START
G1 F16800
G1 X125.164 Y129.516 E-.00837
G1 X125.125 Y129.477 E-.00842
G1 X125.139 Y129.424 E-.00837
G1 X125.192 Y129.41 E-.00837
G1 X125.231 Y129.448 E-.00831
G1 X124.759 Y128.811 E-.12105
G1 X124.759 Y130.474 E-.2539
G1 X125.793 Y129.441 E-.22321
;WIPE_END
G1 X96.835 Y127.422 Z.947 F21000
G1 X94.702 Y127.273 Z.98
G1 X92.569 Y127.125 Z1.006
G1 X90.436 Y126.976 Z1.025
G1 X86.17 Y126.678 Z1.04
G1 X7.384 Y121.185
G1 Z.44 F720
G1 E.8 F1500
;TYPE:Perimeter
;WIDTH:0.449999
G1 F3000
G1 X7.477 Y121.077 E.00567
G1 X7.795 Y120.918 E.01414
G1 X8.074 Y120.878 E.01121
G1 X9.926 Y120.878 E.07364
G1 X10.304 Y120.952 E.01532
G1 X10.607 Y121.148 E.01435
G1 X10.831 Y121.458 E.01521
G1 X10.922 Y121.83 E.01523
G1 X10.922 Y127.526 E.22648
G1 X10.849 Y127.9 E.01515
G1 X10.668 Y128.19 E.01359
G1 X10.368 Y128.418 E.01498
G1 X10.034 Y128.522 E.01391
G1 F2999.822
G1 X8.074 Y128.522 E.07793
G1 X7.795 Y128.482 E.01121
G1 X7.477 Y128.323 E.01414
G1 X7.195 Y127.995 E.0172
G1 X7.078 Y127.654 E.01433
G1 F3000
G1 X7.078 Y121.874 E.22982
G1 X7.195 Y121.405 E.01922
G1 X7.345 Y121.231 E.00913
G1 X7.66 Y121.461 F21000
G1 F3000
G1 X7.716 Y121.396 E.00341
G1 X7.955 Y121.277 E.01062
G1 X9.926 Y121.277 E.07837
G1 X10.204 Y121.345 E.01138
G1 X10.422 Y121.542 E.01168
G1 X10.523 Y121.825 E.01195
G1 X10.523 Y127.526 E.22668
G1 X10.453 Y127.808 E.01155
G1 X10.371 Y127.924 E.00565
G1 X10.141 Y128.083 E.01112
G1 X9.926 Y128.123 E.0087
G1 X8.074 Y128.123 E.07364
G1 X7.907 Y128.1 E.0067
G1 X7.716 Y128.004 E.0085
G1 X7.547 Y127.807 E.01032
G1 X7.477 Y127.526 E.01151
G1 X7.477 Y121.874 E.22473
G1 X7.547 Y121.593 E.01151
G1 X7.621 Y121.507 E.00451
M204 T250
G1 X7.94 Y121.745 F21000
M204 T7000
;TYPE:External perimeter
G1 F3000
G1 X7.955 Y121.715 E.00133
G1 X8.074 Y121.675 E.00499
G1 X9.926 Y121.675 E.07364
G1 X10.075 Y121.742 E.0065
G1 X10.125 Y121.874 E.00561
G1 F2999.998
G1 X10.125 Y127.526 E.22473
G1 F3000
G1 X10.074 Y127.659 E.00566
G1 X9.926 Y127.725 E.00644
G1 X8.074 Y127.725 E.07364
G1 X7.955 Y127.685 E.00499
G1 X7.875 Y127.526 E.00708
G1 F2999.998
G1 X7.875 Y121.874 E.22473
G1 F3000
G1 X7.913 Y121.798 E.00338
G1 E-.16 F2700
;WIPE_START
G1 F16800
G1 X7.94 Y121.745 E-.00908
G1 X7.955 Y121.715 E-.00512
G1 X8.074 Y121.675 E-.01917
G1 X9.926 Y121.675 E-.28276
G1 X10.075 Y121.742 E-.02494
G1 X10.125 Y121.874 E-.02155
G1 X10.125 Y123.691 E-.27738
;WIPE_END
G1 X9.195 Y94.678 Z.947 F21000
G1 X9.126 Y92.54 Z.98
G1 X9.058 Y90.403 Z1.006
G1 X8.989 Y88.266 Z1.025
G1 X8.852 Y83.992 Z1.04
G1 X7.384 Y38.215
G1 Z.44 F720
G1 E.8 F1500
;TYPE:Perimeter
G1 F3000
G1 X7.195 Y37.995 E.01153
G1 X7.078 Y37.654 E.01433
G1 X7.078 Y31.874 E.22982
G1 X7.195 Y31.405 E.01922
G1 X7.477 Y31.077 E.0172
G1 X7.795 Y30.918 E.01414
G1 X8.074 Y30.878 E.01121
G1 X9.926 Y30.878 E.07364
G1 X10.304 Y30.953 E.01532
G1 X10.608 Y31.148 E.01436
G1 X10.829 Y31.454 E.01501
G1 X10.922 Y31.82 E.01502
G1 X10.922 Y37.526 E.22688
G1 X10.854 Y37.887 E.01461
G1 X10.666 Y38.193 E.01428
G1 X10.382 Y38.411 E.01424
G1 X10.039 Y38.522 E.01433
G1 X8.074 Y38.522 E.07813
G1 X7.795 Y38.482 E.01121
G1 X7.477 Y38.323 E.01414
G1 X7.423 Y38.261 E.00327
G1 X7.66 Y37.939 F21000
G1 F3000
G1 X7.547 Y37.807 E.00691
G1 X7.477 Y37.526 E.01151
G1 X7.477 Y31.874 E.22473
G1 X7.547 Y31.593 E.01151
G1 X7.716 Y31.396 E.01032
G1 X7.955 Y31.277 E.01062
G1 X9.926 Y31.277 E.07837
G1 X10.204 Y31.345 E.01138
G1 X10.413 Y31.528 E.01105
G1 X10.523 Y31.81 E.01204
G1 X10.523 Y37.526 E.22728
G1 X10.455 Y37.804 E.01138
G1 X10.277 Y38.009 E.0108
G1 X9.998 Y38.123 E.01198
G1 X8.074 Y38.123 E.0765
G1 X7.907 Y38.1 E.0067
G1 X7.716 Y38.004 E.0085
G1 X7.699 Y37.985 E.00101
M204 T250
G1 X7.94 Y37.655 F21000
M204 T7000
;TYPE:External perimeter
G1 F3000
G1 X7.875 Y37.526 E.00574
G1 F2999.998
G1 X7.875 Y31.874 E.22473
G1 F3000
G1 X7.955 Y31.715 E.00708
G1 X8.074 Y31.675 E.00499
G1 X9.926 Y31.675 E.07364
G1 X10.076 Y31.744 E.00657
G1 X10.125 Y31.874 E.00552
G1 F2999.998
G1 X10.125 Y37.526 E.22473
G1 F3000
G1 X10.061 Y37.672 E.00634
G1 X9.926 Y37.725 E.00577
G1 X8.074 Y37.725 E.07364
G1 X7.98 Y37.694 E.00394
G1 E-.16 F2700
;WIPE_START
G1 F16800
G1 X7.94 Y37.655 E-.00853
G1 X7.875 Y37.526 E-.02205
G1 X7.875 Y33.535 E-.60942
;WIPE_END
G1 X33.285 Y47.569 Z.947 F21000
G1 X35.157 Y48.603 Z.98
G1 X37.029 Y49.637 Z1.006
G1 X38.9 Y50.671 Z1.025
G1 X42.644 Y52.738 Z1.04
G1 X79.275 Y72.97
G1 Z.44 F720
G1 E.8 F1500
;TYPE:Perimeter
G1 F4200
G1 X79.256 Y72.984 E.00094
G1 X79.052 Y73.299 E.01492
G1 X78.978 Y73.674 E.0152
G1 X78.978 Y153.378 E3.16919
G1 X18.022 Y153.378 E2.42373
G1 F3850.676
G1 X18.022 Y148.276 E.20287
G1 F3869.153
M73 Q27 S52
G1 X17.907 Y147.91 E.01525
G1 F3889.143
G1 X17.698 Y147.639 E.01361
G1 F3906.034
G1 X17.397 Y147.45 E.01413
G1 F3920.128
G1 X17.026 Y147.378 E.01503
G1 F4200
G1 X6.022 Y147.378 E.43754
G1 X6.022 Y6.022 E5.6206
G1 X113.978 Y6.022 E4.29255
G1 X113.978 Y72.678 E2.65038
G1 F3956.686
G1 X80.65 Y72.678 E1.32519
G1 F4200
G1 X79.928 Y72.679 E.02871
G1 X79.558 Y72.769 E.01514
G1 X79.324 Y72.935 E.01141
G1 X79.563 Y73.263 F21000
G1 F4200
G1 X79.446 Y73.395 E.00701
G1 X79.377 Y73.674 E.01143
G1 X79.377 Y153.777 E3.18505
G1 X17.623 Y153.777 E2.45546
G1 F3771.446
G1 X17.623 Y148.313 E.21726
G1 F3802.262
G1 X17.516 Y148.032 E.01196
G1 F3829.29
G1 X17.31 Y147.849 E.01096
G1 F3849.116
G1 X17.026 Y147.777 E.01165
G1 F4200
G1 X5.623 Y147.777 E.45341
G1 X5.623 Y5.623 E5.65233
G1 X114.377 Y5.623 E4.32428
G1 X114.377 Y73.077 E2.68211
G1 F3895.452
G1 X80.65 Y73.077 E1.34105
G1 F4200
G1 X79.906 Y73.08 E.02958
G1 X79.635 Y73.182 E.01151
G1 X79.603 Y73.219 E.00195
M204 T250
G1 X79.836 Y73.542 F21000
M204 T7000
;TYPE:External perimeter
G1 F3000
G1 X79.775 Y73.674 E.00578
G1 F2999.998
G1 X79.775 Y153.5 E3.17404
G1 F2892.265
M73 Q27 S51
G1 X79.775 Y154.175 E.02684
G1 F2907.023
G1 X79.1 Y154.175 E.02684
G1 F2999.998
G1 X17.9 Y154.175 E2.43343
G1 F2903.623
G1 X17.225 Y154.175 E.02684
G1 F2888.325
G1 X17.225 Y153.5 E.02684
G1 F2896.826
G1 X17.225 Y148.374 E.20382
G1 F2909.739
G1 X17.177 Y148.244 E.00551
G1 F2914.721
G1 X17.026 Y148.175 E.0066
G1 F2925.791
G1 X16.352 Y148.175 E.0268
G1 F2999.998
G1 X5.9 Y148.175 E.41559
G1 F2903.623
G1 X5.225 Y148.175 E.02684
G1 F2888.325
G1 X5.225 Y147.5 E.02684
G1 F2999.998
G1 X5.225 Y5.9 E5.6303
G1 F2892.261
G1 X5.225 Y5.225 E.02684
G1 F2907.02
G1 X5.9 Y5.225 E.02684
G1 F2999.998
G1 X114.1 Y5.225 E4.30225
G1 F2903.626
G1 X114.775 Y5.225 E.02684
G1 F2888.328
G1 X114.775 Y5.9 E.02684
G1 F2999.998
G1 X114.775 Y72.8 E2.66008
G1 F2858.132
G1 X114.775 Y73.475 E.02684
G1 X114.1 Y73.475 E.02684
G1 F2941.129
G1 X80.648 Y73.475 E1.33012
G1 F2999.998
G1 X79.974 Y73.475 E.0268
G1 F3000
G1 X79.881 Y73.509 E.00394
G1 E-.16 F2700
;WIPE_START
G1 F16800
G1 X79.836 Y73.542 E-.00852
G1 X79.775 Y73.674 E-.0222
G1 X79.775 Y77.665 E-.60928
;WIPE_END
G1 X58.962 Y57.43 Z.947 F21000
G1 X57.429 Y55.939 Z.98
G1 X55.896 Y54.449 Z1.006
G1 X54.363 Y52.958 Z1.025
G1 X51.297 Y49.977 Z1.04
G1 X6.469 Y6.393
G1 Z.44 F720
G1 E.8 F1500
;TYPE:Solid infill
;WIDTH:0.546684
G1 F7573.004
G1 X6.425 Y6.349 E.00307
G1 X6.365 Y6.365 E.00307
G1 X6.349 Y6.425 E.00307
G1 X6.393 Y6.469 E.00307
G1 X6.453 Y6.453 E.00307
;WIDTH:0.449999
G1 F8400
G1 X6.361 Y7.089 E.02555
G1 X7.089 Y6.361 E.04094
G1 X7.653 Y6.361 E.02243
G1 X6.361 Y7.653 E.07265
G1 X6.361 Y8.216 E.02239
G1 X8.216 Y6.361 E.10431
G1 X8.78 Y6.361 E.02243
G1 X6.361 Y8.78 E.13603
G1 X6.361 Y9.344 E.02243
G1 X9.344 Y6.361 E.16774
G1 X9.907 Y6.361 E.02239
G1 X6.361 Y9.907 E.1994
G1 X6.361 Y10.471 E.02243
G1 X10.471 Y6.361 E.23111
G1 X11.034 Y6.361 E.02239
G1 X6.361 Y11.034 E.26277
G1 X6.361 Y11.598 E.02243
G1 X11.598 Y6.361 E.29449
G1 X12.161 Y6.361 E.02239
M73 P28 R48
G1 X6.361 Y12.161 E.32615
G1 X6.361 Y12.725 E.02243
G1 X12.725 Y6.361 E.35786
G1 X13.288 Y6.361 E.02239
G1 X6.361 Y13.288 E.38952
G1 X6.361 Y13.852 E.02243
G1 X13.852 Y6.361 E.42123
G1 X14.416 Y6.361 E.02243
G1 X6.361 Y14.416 E.45295
G1 X6.361 Y14.979 E.02239
G1 X14.979 Y6.361 E.48461
G1 X15.543 Y6.361 E.02243
G1 X6.361 Y15.543 E.51632
G1 X6.361 Y16.106 E.02239
G1 X16.106 Y6.361 E.54798
G1 X16.67 Y6.361 E.02243
G1 X6.361 Y16.67 E.5797
G1 X6.361 Y17.233 E.02239
G1 X17.233 Y6.361 E.61135
G1 X17.797 Y6.361 E.02243
G1 X6.361 Y17.797 E.64307
G1 X6.361 Y18.36 E.02239
G1 X18.36 Y6.361 E.67473
G1 X18.924 Y6.361 E.02243
G1 X6.361 Y18.924 E.70644
G1 X6.361 Y19.488 E.02243
G1 X19.488 Y6.361 E.73816
G1 X20.051 Y6.361 E.02239
G1 X6.361 Y20.051 E.76982
G1 X6.361 Y20.615 E.02243
G1 X20.615 Y6.361 E.80153
G1 X21.178 Y6.361 E.02239
M73 P28 R47
G1 X6.361 Y21.178 E.83319
G1 X6.361 Y21.742 E.02243
G1 X21.742 Y6.361 E.8649
G1 X22.305 Y6.361 E.02239
G1 X6.361 Y22.305 E.89656
G1 X6.361 Y22.869 E.02243
G1 X22.869 Y6.361 E.92828
G1 X23.432 Y6.361 E.02239
G1 X6.361 Y23.432 E.95994
G1 X6.361 Y23.996 E.02243
G1 X23.996 Y6.361 E.99165
G1 X24.56 Y6.361 E.02243
G1 X6.361 Y24.56 E1.02337
G1 X6.361 Y25.123 E.02239
G1 X25.123 Y6.361 E1.05502
G1 X25.687 Y6.361 E.02243
G1 X6.361 Y25.687 E1.08674
G1 X6.361 Y26.25 E.02239
G1 X26.25 Y6.361 E1.1184
G1 X26.814 Y6.361 E.02243
G1 X6.361 Y26.814 E1.15011
G1 X6.361 Y27.377 E.02239
G1 X27.377 Y6.361 E1.18177
G1 X27.941 Y6.361 E.02243
G1 X6.361 Y27.941 E1.21349
G1 X6.361 Y28.504 E.02239
G1 X28.504 Y6.361 E1.24514
G1 X29.068 Y6.361 E.02243
G1 X6.361 Y29.068 E1.27686
G1 X6.361 Y29.632 E.02243
G1 X29.632 Y6.361 E1.30857
G1 X30.195 Y6.361 E.02239
G1 X6.361 Y30.195 E1.34023
G1 X6.361 Y30.759 E.02243
G1 X30.759 Y6.361 E1.37195
G1 X31.322 Y6.361 E.02239
G1 X6.361 Y31.322 E1.40361
G1 X6.81 Y31.396 E.01809
;WIDTH:0.440053
G1 X6.53 Y31.71 E.01631
G1 X6.455 Y31.774 E.00382
G1 X6.356 Y31.76 E.00388
G1 X6.356 Y37.523 E.22343
;WIDTH:0.449999
G1 X6.361 Y41.466 E.15678
G1 X8.966 Y38.861 E.14648
G1 X8.079 Y38.861 E.03527
G1 X7.668 Y38.794 E.01656
G1 X7.243 Y38.564 E.01921
G1 X6.884 Y38.123 E.02261
G1 X6.744 Y37.697 E.01783
;WIDTH:0.440053
G1 X6.744 Y31.943 E.22308
G1 X6.914 Y31.3 E.02579
;WIDTH:0.398944
G1 X6.943 Y31.248 E.00206
;WIDTH:0.391504
G1 X7.33 Y30.837 E.01915
;WIDTH:0.420752
G1 X7.471 Y30.736 E.00639
;WIDTH:0.449999
G1 X7.612 Y30.634 E.00692
G1 X31.886 Y6.361 E1.36495
G1 X32.449 Y6.361 E.02239
G1 X8.271 Y30.539 E1.35958
G1 X8.834 Y30.539 E.02239
G1 X33.013 Y6.361 E1.3596
G1 X33.577 Y6.361 E.02243
G1 X9.398 Y30.539 E1.3596
G1 X9.959 Y30.541 E.02231
G1 X34.14 Y6.361 E1.35972
G1 X34.704 Y6.361 E.02243
G1 X10.427 Y30.637 E1.36511
G1 X10.78 Y30.848 E.01635
G1 X35.267 Y6.361 E1.37695
G1 X35.831 Y6.361 E.02243
G1 X11.043 Y31.149 E1.39388
G1 X11.217 Y31.538 E.01694
G1 X36.394 Y6.361 E1.41575
G1 X36.958 Y6.361 E.02243
G1 X11.261 Y32.058 E1.44499
G1 X11.261 Y32.621 E.02239
G1 X37.521 Y6.361 E1.47665
G1 X38.085 Y6.361 E.02243
G1 X11.261 Y33.185 E1.50837
G1 X11.261 Y33.749 E.02243
G1 X38.649 Y6.361 E1.54008
G1 X39.212 Y6.361 E.02239
G1 X11.261 Y34.312 E1.57174
G1 X11.261 Y34.876 E.02243
G1 X39.776 Y6.361 E1.60345
G1 X40.339 Y6.361 E.02239
G1 X11.261 Y35.439 E1.63511
G1 X11.261 Y36.003 E.02243
G1 X40.903 Y6.361 E1.66683
G1 X41.466 Y6.361 E.02239
G1 X11.261 Y36.566 E1.69849
G1 X11.261 Y37.13 E.02243
G1 X42.03 Y6.361 E1.7302
G1 E-.16 F2700
;WIPE_START
G1 F16800
G1 X39.066 Y9.325 E-.64
;WIPE_END
G1 X18.54 Y29.851 Z.947 F21000
G1 X17.028 Y31.363 Z.98
G1 X15.516 Y32.875 Z1.006
G1 X14.004 Y34.387 Z1.025
G1 X10.98 Y37.411 Z1.04
G1 X9.53 Y38.861
G1 Z.44 F720
G1 E.8 F1500
G1 F8400
G1 X6.296 Y42.101 E.18202
;WIDTH:0.420752
G1 X6.232 Y42.172 E.00352
;WIDTH:0.391504
G1 X6.161 Y42.153 E.00249
G1 X6.18 Y42.224 E.00249
G1 X6.221 Y42.213 E.00144
;WIDTH:0.449999
G1 X6.285 Y42.864 E.02601
;WIDTH:0.391504
G1 X6.214 Y42.845 E.00249
G1 X6.233 Y42.916 E.00249
G1 X6.274 Y42.905 E.00144
;WIDTH:0.420752
G1 X6.317 Y42.749 E.00596
;WIDTH:0.449999
G1 X6.361 Y42.593 E.00644
G1 X10.106 Y38.848 E.21059
G1 X10.388 Y38.686 E.01293
;WIDTH:0.391504
G1 X10.698 Y38.445 E.01332
G1 X11.079 Y37.988 E.02019
;WIDTH:0.420752
G1 X11.163 Y37.848 E.00602
;WIDTH:0.449999
G1 X11.247 Y37.707 E.00653
G1 X42.593 Y6.361 E1.76265
G1 X43.157 Y6.361 E.02243
G1 X6.361 Y43.157 E2.06911
G1 X6.361 Y43.721 E.02243
G1 X43.721 Y6.361 E2.10083
G1 X44.284 Y6.361 E.02239
G1 X6.361 Y44.284 E2.13248
G1 X6.361 Y44.848 E.02243
G1 X44.848 Y6.361 E2.1642
G1 X45.411 Y6.361 E.02239
M73 Q28 S51
G1 X6.361 Y45.411 E2.19586
G1 X6.361 Y45.975 E.02243
G1 X45.975 Y6.361 E2.22757
G1 X46.538 Y6.361 E.02239
G1 X6.361 Y46.538 E2.25923
G1 X6.361 Y47.102 E.02243
G1 X47.102 Y6.361 E2.29095
G1 X47.665 Y6.361 E.02239
G1 X6.361 Y47.665 E2.3226
G1 X6.361 Y48.229 E.02243
G1 X48.229 Y6.361 E2.35432
G1 X48.793 Y6.361 E.02243
G1 X6.361 Y48.793 E2.38603
G1 X6.361 Y49.356 E.02239
G1 X49.356 Y6.361 E2.41769
G1 X49.92 Y6.361 E.02243
G1 X6.361 Y49.92 E2.44941
G1 X6.361 Y50.483 E.02239
G1 X50.483 Y6.361 E2.48107
G1 X51.047 Y6.361 E.02243
G1 X6.361 Y51.047 E2.51278
G1 X6.361 Y51.61 E.02239
G1 X51.61 Y6.361 E2.54444
G1 X52.174 Y6.361 E.02243
G1 X6.361 Y52.174 E2.57615
G1 X6.361 Y52.737 E.02239
G1 X52.737 Y6.361 E2.60781
G1 X53.301 Y6.361 E.02243
G1 X6.361 Y53.301 E2.63953
G1 X6.361 Y53.865 E.02243
G1 X53.865 Y6.361 E2.67124
G1 X54.428 Y6.361 E.02239
G1 X6.361 Y54.428 E2.7029
G1 X6.361 Y54.992 E.02243
G1 X54.992 Y6.361 E2.73462
G1 X55.555 Y6.361 E.02239
G1 X6.361 Y55.555 E2.76627
G1 X6.361 Y56.119 E.02243
G1 X56.119 Y6.361 E2.79799
G1 X56.682 Y6.361 E.02239
G1 X6.361 Y56.682 E2.82965
G1 X6.361 Y57.246 E.02243
G1 X57.246 Y6.361 E2.86136
G1 X57.809 Y6.361 E.02239
G1 X6.361 Y57.809 E2.89302
G1 X6.361 Y58.373 E.02243
G1 X58.373 Y6.361 E2.92474
G1 X58.937 Y6.361 E.02243
G1 X6.361 Y58.937 E2.95645
G1 X6.361 Y59.5 E.02239
G1 X59.5 Y6.361 E2.98811
G1 X60.064 Y6.361 E.02243
G1 X6.361 Y60.064 E3.01982
G1 X6.361 Y60.627 E.02239
G1 X60.627 Y6.361 E3.05148
G1 X61.191 Y6.361 E.02243
G1 X6.361 Y61.191 E3.0832
G1 X6.361 Y61.754 E.02239
G1 X61.754 Y6.361 E3.11486
G1 X62.318 Y6.361 E.02243
G1 X6.361 Y62.318 E3.14657
G1 X6.361 Y62.881 E.02239
G1 X62.881 Y6.361 E3.17823
G1 X63.445 Y6.361 E.02243
G1 X6.361 Y63.445 E3.20994
G1 X6.361 Y64.009 E.02243
G1 X64.009 Y6.361 E3.24166
G1 X64.572 Y6.361 E.02239
G1 X6.361 Y64.572 E3.27332
G1 X6.361 Y65.136 E.02243
G1 X65.136 Y6.361 E3.30503
G1 X65.699 Y6.361 E.02239
G1 X6.361 Y65.699 E3.33669
G1 X6.361 Y66.263 E.02243
G1 X66.263 Y6.361 E3.36841
G1 X66.826 Y6.361 E.02239
G1 X6.361 Y66.826 E3.40006
G1 X6.361 Y67.39 E.02243
G1 X67.39 Y6.361 E3.43178
G1 X67.953 Y6.361 E.02239
G1 X6.361 Y67.953 E3.46344
G1 X6.361 Y68.517 E.02243
G1 X68.517 Y6.361 E3.49515
G1 X69.081 Y6.361 E.02243
G1 X6.361 Y69.081 E3.52687
G1 X6.361 Y69.644 E.02239
G1 X69.644 Y6.361 E3.55853
G1 X70.208 Y6.361 E.02243
G1 X6.361 Y70.208 E3.59024
G1 X6.361 Y70.771 E.02239
G1 X70.771 Y6.361 E3.6219
G1 X71.335 Y6.361 E.02243
M73 P29 R47
G1 X6.361 Y71.335 E3.65361
G1 X6.361 Y71.898 E.02239
G1 X71.898 Y6.361 E3.68527
G1 X72.462 Y6.361 E.02243
G1 X6.361 Y72.462 E3.71699
G1 X6.361 Y73.025 E.02239
G1 X73.026 Y6.361 E3.74867
G1 X73.589 Y6.361 E.02239
G1 X6.361 Y73.589 E3.78036
G1 X6.361 Y74.153 E.02243
M73 Q28 S50
G1 X74.153 Y6.361 E3.81208
G1 X74.716 Y6.361 E.02239
G1 X6.361 Y74.716 E3.84373
G1 X6.361 Y75.28 E.02243
G1 X75.28 Y6.361 E3.87545
G1 X75.843 Y6.361 E.02239
G1 X6.361 Y75.843 E3.90711
G1 X6.361 Y76.407 E.02243
G1 X76.407 Y6.361 E3.93882
G1 X76.97 Y6.361 E.02239
G1 X6.361 Y76.97 E3.97048
G1 X6.361 Y77.534 E.02243
G1 X77.534 Y6.361 E4.0022
G1 X78.098 Y6.361 E.02243
G1 X6.361 Y78.097 E4.03388
G1 X6.361 Y78.661 E.02243
G1 X78.661 Y6.361 E4.06557
G1 X79.225 Y6.361 E.02243
G1 X6.361 Y79.225 E4.09728
G1 X6.361 Y79.788 E.02239
G1 X79.788 Y6.361 E4.12894
G1 X80.352 Y6.361 E.02243
G1 X6.361 Y80.352 E4.16066
G1 X6.361 Y80.915 E.02239
G1 X80.915 Y6.361 E4.19232
G1 X81.479 Y6.361 E.02243
G1 X6.361 Y81.479 E4.22403
G1 X6.361 Y82.042 E.02239
G1 X82.042 Y6.361 E4.25569
G1 X82.606 Y6.361 E.02243
M73 Q29 S50
G1 X6.361 Y82.606 E4.2874
G1 X6.361 Y83.17 E.02243
G1 X83.17 Y6.361 E4.31912
G1 X83.733 Y6.361 E.02239
G1 X6.361 Y83.733 E4.35078
G1 X6.361 Y84.297 E.02243
G1 X84.297 Y6.361 E4.38249
G1 X84.86 Y6.361 E.02239
G1 X6.361 Y84.86 E4.41415
G1 X6.361 Y85.424 E.02243
G1 X85.424 Y6.361 E4.44587
G1 X85.987 Y6.361 E.02239
G1 X6.361 Y85.987 E4.47753
G1 X6.361 Y86.551 E.02243
G1 X86.551 Y6.361 E4.50924
G1 X87.114 Y6.361 E.02239
G1 X6.361 Y87.114 E4.5409
G1 X6.361 Y87.678 E.02243
M73 P29 R46
G1 X87.678 Y6.361 E4.57261
G1 X88.242 Y6.361 E.02243
G1 X6.361 Y88.242 E4.60433
G1 X6.361 Y88.805 E.02239
G1 X88.805 Y6.361 E4.63599
G1 X89.369 Y6.361 E.02243
G1 X6.361 Y89.369 E4.6677
G1 X6.361 Y89.932 E.02239
G1 X89.932 Y6.361 E4.69936
G1 X90.496 Y6.361 E.02243
G1 X6.361 Y90.496 E4.73107
G1 X6.361 Y91.059 E.02239
G1 X91.059 Y6.361 E4.76273
G1 X91.623 Y6.361 E.02243
G1 X6.361 Y91.623 E4.79445
G1 X6.361 Y92.186 E.02239
G1 X92.186 Y6.361 E4.82611
G1 X92.75 Y6.361 E.02243
G1 X6.361 Y92.75 E4.85782
G1 X6.361 Y93.314 E.02243
G1 X93.314 Y6.361 E4.88954
G1 X93.877 Y6.361 E.02239
G1 X6.361 Y93.877 E4.9212
G1 X6.361 Y94.441 E.02243
G1 X94.441 Y6.361 E4.95291
G1 X95.004 Y6.361 E.02239
G1 X6.361 Y95.004 E4.98457
G1 X6.361 Y95.568 E.02243
G1 X95.568 Y6.361 E5.01628
G1 X96.131 Y6.361 E.02239
G1 X6.361 Y96.131 E5.04794
G1 X6.361 Y96.695 E.02243
G1 X96.695 Y6.361 E5.07966
G1 X97.258 Y6.361 E.02239
G1 X6.361 Y97.258 E5.11132
G1 X6.361 Y97.822 E.02243
G1 X97.822 Y6.361 E5.14303
G1 X98.386 Y6.361 E.02243
G1 X6.361 Y98.386 E5.17474
G1 X6.361 Y98.949 E.02239
M73 P30 R46
G1 X98.949 Y6.361 E5.2064
G1 X99.513 Y6.361 E.02243
G1 X6.361 Y99.513 E5.23812
G1 X6.361 Y100.076 E.02239
G1 X100.076 Y6.361 E5.26978
G1 X100.64 Y6.361 E.02243
G1 X6.361 Y100.64 E5.30149
G1 X6.361 Y101.203 E.02239
G1 X101.203 Y6.361 E5.33315
G1 X101.767 Y6.361 E.02243
G1 X6.361 Y101.767 E5.36487
G1 X6.361 Y102.33 E.02239
G1 X102.33 Y6.361 E5.39652
G1 X102.894 Y6.361 E.02243
G1 X6.361 Y102.894 E5.42824
G1 X6.361 Y103.458 E.02243
G1 X103.458 Y6.361 E5.45995
G1 X104.021 Y6.361 E.02239
G1 X6.361 Y104.021 E5.49161
G1 X6.361 Y104.585 E.02243
G1 X104.585 Y6.361 E5.52333
G1 X105.148 Y6.361 E.02239
G1 X6.361 Y105.148 E5.55499
G1 X6.361 Y105.712 E.02243
G1 X105.712 Y6.361 E5.5867
G1 X106.275 Y6.361 E.02239
G1 X6.361 Y106.275 E5.61836
G1 X6.361 Y106.839 E.02243
G1 X106.839 Y6.361 E5.65007
G1 X107.402 Y6.361 E.02239
G1 X6.361 Y107.402 E5.68173
G1 X6.361 Y107.966 E.02243
M73 Q30 S50
G1 X107.966 Y6.361 E5.71345
G1 X108.53 Y6.361 E.02243
G1 X6.361 Y108.53 E5.74516
G1 X6.361 Y109.093 E.02239
G1 X109.093 Y6.361 E5.77682
G1 X109.657 Y6.361 E.02243
G1 X6.361 Y109.657 E5.80854
G1 X6.361 Y110.22 E.02239
M73 Q30 S49
G1 X110.22 Y6.361 E5.84019
G1 X110.784 Y6.361 E.02243
G1 X6.361 Y110.784 E5.87191
G1 X6.361 Y111.347 E.02239
G1 X111.347 Y6.361 E5.90357
G1 X111.911 Y6.361 E.02243
G1 X6.361 Y111.911 E5.93528
G1 X6.361 Y112.474 E.02239
G1 X112.475 Y6.361 E5.96697
G1 X113.038 Y6.361 E.02239
G1 X6.361 Y113.038 E5.99866
G1 X6.361 Y113.602 E.02243
G1 X113.602 Y6.361 E6.03037
G1 X113.639 Y6.887 E.02097
G1 X6.361 Y114.165 E6.03245
G1 X6.361 Y114.729 E.02243
G1 X113.639 Y7.45 E6.03248
G1 X113.639 Y8.014 E.02243
G1 X6.361 Y115.292 E6.03245
G1 X6.361 Y115.856 E.02243
G1 X113.639 Y8.577 E6.03248
G1 X113.639 Y9.141 E.02243
G1 X6.361 Y116.419 E6.03245
G1 X6.361 Y116.983 E.02243
G1 X113.639 Y9.704 E6.03248
G1 X113.639 Y10.268 E.02243
G1 X6.361 Y117.546 E6.03245
G1 X6.361 Y118.11 E.02243
G1 X113.639 Y10.831 E6.03248
G1 X113.639 Y11.395 E.02243
G1 X6.361 Y118.674 E6.03248
G1 X6.361 Y119.237 E.02239
G1 X113.639 Y11.959 E6.03245
G1 X113.639 Y12.522 E.02239
M73 P31 R46
G1 X6.361 Y119.801 E6.03248
G1 X6.361 Y120.364 E.02239
G1 X113.639 Y13.086 E6.03245
G1 X113.639 Y13.649 E.02239
M73 P31 R45
G1 X6.361 Y120.928 E6.03248
G1 X6.809 Y121.6 F21000
;WIDTH:0.440052
G1 F8400
G1 X6.75 Y121.834 E.00936
G1 X6.744 Y122.112 E.01078
G1 X6.744 Y127.697 E.21653
;WIDTH:0.449999
G1 X6.884 Y128.123 E.01783
G1 X7.243 Y128.564 E.02261
G1 X7.615 Y128.767 E.01685
G1 X8.079 Y128.861 E.01882
G1 X9.135 Y128.861 E.04199
G1 X6.361 Y131.635 E.15599
G1 X6.356 Y127.523 E.1635
;WIDTH:0.440052
G1 X6.356 Y121.929 E.21688
G1 X6.455 Y121.943 E.00388
G1 X6.666 Y121.739 E.01138
;WIDTH:0.449999
G1 X6.361 Y121.491 E.01563
G1 X113.639 Y14.213 E6.03245
G1 X113.639 Y14.776 E.02239
G1 X7.845 Y120.571 E5.94903
G1 X7.704 Y120.657 E.00657
;WIDTH:0.420752
G1 X7.563 Y120.744 E.0061
;WIDTH:0.391504
G1 X7.334 Y120.914 E.00968
G1 X6.992 Y121.283 E.01707
G1 E-.16 F2700
;WIPE_START
G1 F16800
G1 X7.334 Y120.914 E-.07681
G1 X7.563 Y120.744 E-.04354
G1 X7.704 Y120.657 E-.0253
G1 X7.845 Y120.571 E-.02522
G1 X10.018 Y118.398 E-.46913
;WIPE_END
G1 X8.44 Y120.539 Z.486 F21000
G1 Z.44 F720
G1 E.8 F1500
;WIDTH:0.449999
G1 F8400
G1 X113.639 Y15.34 E5.91554
G1 X113.639 Y15.903 E.02239
G1 X9.003 Y120.539 E5.88389
G1 X9.567 Y120.539 E.02243
G1 X113.639 Y16.467 E5.85217
G1 X113.639 Y17.031 E.02243
G1 X10.117 Y120.553 E5.82124
G1 X10.539 Y120.694 E.01769
G1 X113.639 Y17.594 E5.79751
G1 X113.639 Y18.158 E.02243
G1 X10.868 Y120.929 E5.77901
G1 X11.106 Y121.255 E.01605
G1 X113.639 Y18.721 E5.76566
G1 X113.639 Y19.285 E.02243
G1 X11.245 Y121.679 E5.75781
G1 X11.26 Y122.227 E.0218
G1 X113.639 Y19.848 E5.75697
G1 X113.639 Y20.412 E.02243
G1 X11.26 Y122.791 E5.75697
G1 X11.259 Y123.356 E.02247
G1 X113.639 Y20.975 E5.75705
G1 X113.639 Y21.539 E.02243
M73 Q31 S49
G1 X11.259 Y123.92 E5.75705
G1 X11.258 Y124.484 E.02243
G1 X113.639 Y22.103 E5.75708
G1 X113.639 Y22.666 E.02239
G1 X11.257 Y125.048 E5.75714
G1 X11.257 Y125.612 E.02243
G1 X113.639 Y23.23 E5.75714
G1 X113.639 Y23.793 E.02239
G1 X11.256 Y126.176 E5.7572
G1 X11.256 Y126.741 E.02247
G1 X113.639 Y24.357 E5.75722
G1 X113.639 Y24.92 E.02239
G1 X11.255 Y127.305 E5.75728
G1 X10.607 Y128.6 F21000
;WIDTH:0.391504
G1 F8400
G1 X10.991 Y128.21 E.01857
;WIDTH:0.420752
G1 X11.093 Y128.069 E.00641
;WIDTH:0.449999
G1 X11.195 Y127.929 E.00689
G1 X113.639 Y25.484 E5.76065
G1 E-.16 F2700
;WIPE_START
G1 F16800
G1 X110.675 Y28.448 E-.64
;WIPE_END
G1 X81.784 Y31.274 Z.947 F21000
G1 X79.656 Y31.482 Z.98
G1 X77.528 Y31.69 Z1.006
G1 X75.4 Y31.898 Z1.025
G1 X71.144 Y32.314 Z1.04
G1 X6.759 Y38.611
G1 Z.44 F720
G1 E.8 F1500
G1 F8400
G1 X6.941 Y38.823 E.01111
G1 X7.127 Y38.969 E.0094
G1 X7.49 Y39.15 E.01613
G1 X8.009 Y39.254 E.02105
G1 X6.759 Y40.504 E.07029
G1 X6.759 Y38.811 E.06732
G1 X7.24 Y39.46 F21000
;WIDTH:0.505888
G1 F8252.931
G1 X7.2 Y39.42 E.00256
G1 X7.145 Y39.435 E.00258
G1 X7.131 Y39.489 E.00253
G1 X7.171 Y39.53 E.0026
G1 X7.226 Y39.515 E.00258
G1 E-.16 F2700
;WIPE_START
G1 F16800
G1 X7.171 Y39.53 E-.0087
G1 X7.131 Y39.489 E-.00875
G1 X7.145 Y39.435 E-.00852
G1 X7.2 Y39.42 E-.0087
G1 X7.24 Y39.46 E-.00864
;WIPE_END
G1 E-.59669 F2700
G1 X7.083 Y68.488 Z.947 F21000
G1 X7.072 Y70.626 Z.98
G1 X7.06 Y72.764 Z1.006
G1 X7.049 Y74.903 Z1.025
G1 X7.026 Y79.179 Z1.04
G1 X6.759 Y128.611
G1 Z.44 F720
G1 E.8 F1500
;WIDTH:0.449999
G1 F8400
G1 X6.941 Y128.823 E.01111
G1 X7.127 Y128.969 E.0094
G1 X7.673 Y129.207 E.02368
G1 X8.173 Y129.259 E.01999
G1 X6.759 Y130.673 E.07951
G1 X6.759 Y128.811 E.07404
G1 X7.293 Y129.525 F21000
;WIDTH:0.589768
G1 F6966.842
G1 X7.245 Y129.478 E.00361
G1 X7.18 Y129.495 E.00361
G1 X7.163 Y129.56 E.00361
G1 X7.21 Y129.608 E.00361
G1 X7.275 Y129.59 E.00362
G1 E-.16 F2700
;WIPE_START
G1 F16800
G1 X7.21 Y129.608 E-.0103
G1 X7.163 Y129.56 E-.01026
G1 X7.18 Y129.495 E-.01026
G1 X7.245 Y129.478 E-.01026
G1 X7.293 Y129.525 E-.01026
;WIPE_END
G1 E-.58866 F2700
G1 X9.699 Y128.861 Z.484 F21000
G1 Z.44 F720
G1 E.8 F1500
;WIDTH:0.449999
G1 F8400
G1 X6.361 Y132.199 E.1877
G1 X6.274 Y133.074 F21000
;WIDTH:0.391504
G1 F8400
G1 X6.233 Y133.085 E.00144
G1 X6.214 Y133.014 E.00249
G1 X6.285 Y133.033 E.00249
;WIDTH:0.420752
G1 X6.323 Y132.898 E.00517
;WIDTH:0.449999
G1 X6.361 Y132.763 E.00558
G1 X10.325 Y128.798 E.22293
G1 E-.16 F2700
;WIPE_START
G1 F16800
G1 X7.361 Y131.762 E-.64
;WIPE_END
G1 X6.361 Y133.326 Z.472 F21000
G1 Z.44 F720
G1 E.8 F1500
G1 F8400
G1 X113.639 Y26.048 E6.03245
G1 X113.639 Y26.611 E.02239
G1 X6.361 Y133.89 E6.03248
G1 X6.361 Y134.453 E.02239
G1 X113.639 Y27.175 E6.03245
G1 X113.639 Y27.738 E.02239
G1 X6.361 Y135.017 E6.03248
G1 X6.361 Y135.58 E.02239
G1 X113.639 Y28.302 E6.03245
G1 X113.639 Y28.865 E.02239
G1 X6.361 Y136.144 E6.03248
G1 X6.361 Y136.707 E.02239
G1 X113.639 Y29.429 E6.03245
G1 X113.639 Y29.992 E.02239
G1 X6.361 Y137.271 E6.03248
G1 X6.361 Y137.835 E.02243
G1 X113.639 Y30.556 E6.03248
G1 X113.639 Y31.12 E.02243
M73 Q31 S48
G1 X6.361 Y138.398 E6.03245
G1 X6.361 Y138.962 E.02243
G1 X113.639 Y31.683 E6.03248
G1 X113.639 Y32.247 E.02243
M73 P32 R45
G1 X6.361 Y139.525 E6.03245
G1 X6.361 Y140.089 E.02243
G1 X113.639 Y32.81 E6.03248
G1 X113.639 Y33.374 E.02243
G1 X6.361 Y140.652 E6.03245
G1 X6.361 Y141.216 E.02243
G1 X113.639 Y33.937 E6.03248
G1 X113.639 Y34.501 E.02243
G1 X6.361 Y141.779 E6.03245
G1 X6.361 Y142.343 E.02243
G1 X113.639 Y35.064 E6.03248
G1 X113.639 Y35.628 E.02243
G1 X6.361 Y142.907 E6.03248
G1 X6.361 Y143.47 E.02239
G1 X113.639 Y36.192 E6.03245
G1 X113.639 Y36.755 E.02239
G1 X6.361 Y144.034 E6.03248
G1 X6.361 Y144.597 E.02239
G1 X113.639 Y37.319 E6.03245
G1 X113.639 Y37.882 E.02239
G1 X6.361 Y145.161 E6.03248
G1 X6.323 Y145.296 E.00558
;WIDTH:0.420752
G1 X6.285 Y145.432 E.0052
;WIDTH:0.391504
G1 X6.214 Y145.412 E.0025
G1 X6.233 Y145.484 E.00253
G1 X6.274 Y145.473 E.00144
G1 E-.16 F2700
;WIPE_START
G1 F16800
G1 X6.233 Y145.484 E-.00648
G1 X6.214 Y145.412 E-.01137
G1 X6.285 Y145.432 E-.01126
G1 X6.323 Y145.296 E-.02156
G1 X6.361 Y145.161 E-.02141
G1 X8.991 Y142.531 E-.56792
;WIPE_END
G1 X29.619 Y122.107 Z.947 F21000
G1 X31.139 Y120.603 Z.98
G1 X32.658 Y119.099 Z1.006
G1 X34.178 Y117.594 Z1.025
G1 X37.217 Y114.585 Z1.04
G1 X78.852 Y73.364
G1 Z.44 F720
G1 E.8 F1500
G1 F8400
G1 X78.842 Y73.168 E.00666
G1 X79.042 Y72.885 E.01176
G1 X79.438 Y72.544 E.01773
;WIDTH:0.420752
G1 X79.579 Y72.454 E.00616
;WIDTH:0.449999
G1 X79.72 Y72.365 E.00663
G1 X113.639 Y38.446 E1.90733
G1 X113.639 Y39.009 E.02239
G1 X80.309 Y72.34 E1.87424
G1 X80.873 Y72.34 E.02243
G1 X113.639 Y39.573 E1.84252
G1 X113.639 Y40.136 E.02239
G1 X81.436 Y72.34 E1.81087
G1 X82 Y72.34 E.02243
G1 X113.639 Y40.7 E1.77915
G1 X113.639 Y41.264 E.02243
G1 X82.563 Y72.34 E1.74746
G1 X83.127 Y72.34 E.02243
G1 X113.639 Y41.827 E1.71578
G1 X113.639 Y42.391 E.02243
G1 X83.69 Y72.34 E1.68409
G1 X84.254 Y72.34 E.02243
G1 X113.639 Y42.954 E1.6524
G1 X113.639 Y43.518 E.02243
G1 X84.817 Y72.34 E1.62072
G1 X85.381 Y72.34 E.02243
G1 X113.639 Y44.081 E1.58903
G1 X113.639 Y44.645 E.02243
M73 Q32 S48
G1 X85.945 Y72.34 E1.55732
G1 X86.508 Y72.34 E.02239
G1 X113.639 Y45.208 E1.52566
G1 X113.639 Y45.772 E.02243
G1 X87.072 Y72.34 E1.49394
G1 X87.635 Y72.34 E.02239
G1 X113.639 Y46.336 E1.46226
G1 X113.639 Y46.899 E.02239
G1 X88.199 Y72.34 E1.43057
G1 X88.762 Y72.34 E.02239
G1 X113.639 Y47.463 E1.39888
G1 X113.639 Y48.026 E.02239
G1 X89.326 Y72.34 E1.3672
G1 X89.89 Y72.34 E.02243
G1 X113.639 Y48.59 E1.33548
G1 X113.639 Y49.153 E.02239
G1 X90.453 Y72.34 E1.30382
G1 X91.017 Y72.34 E.02243
G1 X113.639 Y49.717 E1.27211
G1 X113.639 Y50.28 E.02239
G1 X91.58 Y72.34 E1.24045
G1 X92.144 Y72.34 E.02243
G1 X113.639 Y50.844 E1.20873
G1 X113.639 Y51.408 E.02243
G1 X92.707 Y72.339 E1.17702
G1 X93.271 Y72.339 E.02243
G1 X113.639 Y51.971 E1.14533
G1 X113.639 Y52.535 E.02243
G1 X93.834 Y72.339 E1.11365
G1 X94.398 Y72.339 E.02243
G1 X113.639 Y53.098 E1.08196
G1 X113.639 Y53.662 E.02243
G1 X94.962 Y72.339 E1.05024
G1 X95.525 Y72.339 E.02239
G1 X113.639 Y54.225 E1.01859
G1 X113.639 Y54.789 E.02243
G1 X96.089 Y72.339 E.98687
G1 X96.652 Y72.339 E.02239
G1 X113.639 Y55.352 E.95521
G1 X113.639 Y55.916 E.02243
G1 X97.216 Y72.339 E.9235
G1 X97.779 Y72.339 E.02239
M73 P32 R44
G1 X113.639 Y56.48 E.89181
G1 X113.639 Y57.043 E.02239
G1 X98.343 Y72.339 E.86012
G1 X98.907 Y72.339 E.02243
G1 X113.639 Y57.607 E.82841
G1 X113.639 Y58.17 E.02239
G1 X99.47 Y72.339 E.79675
G1 X100.034 Y72.339 E.02243
G1 X113.639 Y58.734 E.76504
G1 X113.639 Y59.297 E.02239
G1 X100.597 Y72.339 E.73338
G1 X101.161 Y72.339 E.02243
G1 X113.639 Y59.861 E.70166
G1 X113.639 Y60.424 E.02239
G1 X101.724 Y72.339 E.67
G1 X102.288 Y72.339 E.02243
G1 X113.639 Y60.988 E.63829
G1 X113.639 Y61.552 E.02243
G1 X102.851 Y72.339 E.6066
G1 X103.415 Y72.339 E.02243
G1 X113.639 Y62.115 E.57492
G1 X113.639 Y62.679 E.02243
G1 X103.979 Y72.339 E.5432
G1 X104.542 Y72.339 E.02239
G1 X113.639 Y63.242 E.51154
G1 X113.639 Y63.806 E.02243
G1 X105.106 Y72.339 E.47983
G1 X105.669 Y72.339 E.02239
G1 X113.639 Y64.369 E.44817
G1 X113.639 Y64.933 E.02243
G1 X106.233 Y72.339 E.41645
G1 X106.796 Y72.339 E.02239
G1 X113.639 Y65.496 E.3848
G1 X113.639 Y66.06 E.02243
G1 X107.36 Y72.339 E.35308
G1 X107.924 Y72.339 E.02243
G1 X113.639 Y66.624 E.32137
G1 X113.639 Y67.187 E.02239
G1 X108.487 Y72.339 E.28971
G1 X109.051 Y72.339 E.02243
G1 X113.639 Y67.751 E.25799
G1 X113.639 Y68.314 E.02239
G1 X109.614 Y72.339 E.22633
G1 X110.178 Y72.339 E.02243
G1 X113.639 Y68.878 E.19462
G1 X113.639 Y69.441 E.02239
G1 X110.741 Y72.339 E.16296
G1 X111.305 Y72.339 E.02243
G1 X113.639 Y70.005 E.13125
G1 X113.639 Y70.569 E.02243
G1 X111.868 Y72.339 E.09956
G1 E-.16 F2700
;WIPE_START
G1 F16800
G1 X113.639 Y70.569 E-.38229
G1 X113.639 Y70.005 E-.08611
G1 X112.844 Y70.8 E-.1716
;WIPE_END
G1 X113.498 Y71.273 Z.454 F21000
G1 Z.44 F720
G1 E.8 F1500
G1 F8400
G1 X112.432 Y72.339 E.05994
G1 X113.639 Y72.339 E.04799
G1 X113.639 Y71.132 E.04799
G1 E-.16 F2700
;WIPE_START
G1 F16800
G1 X113.639 Y72.339 E-.18428
G1 X112.432 Y72.339 E-.18428
G1 X113.498 Y71.273 E-.23017
;WIPE_END
G1 E-.04127 F2700
G1 X84.525 Y73.06 Z.947 F21000
G1 X82.391 Y73.192 Z.98
G1 X80.256 Y73.323 Z1.006
G1 X78.663 Y73.422 Z1.021
G1 Z.44 F720
G1 E.8 F1500
G1 F8400
G1 X6.361 Y145.724 E4.06568
G1 X6.361 Y146.288 E.02243
G1 X78.639 Y74.009 E4.06436
G1 X78.639 Y74.573 E.02243
G1 X6.361 Y146.851 E4.06433
G1 X6.329 Y147.007 E.00633
;WIDTH:0.420752
G1 X6.297 Y147.163 E.00587
;WIDTH:0.391504
G1 X6.256 Y147.174 E.00144
G1 X6.237 Y147.103 E.00249
G1 X6.308 Y147.122 E.00249
;WIDTH:0.449999
G1 X6.736 Y147.039 E.01734
G1 X78.639 Y75.136 E4.04325
G1 X78.639 Y75.7 E.02243
G1 X7.3 Y147.039 E4.01153
G1 X7.864 Y147.039 E.02243
G1 X78.639 Y76.264 E3.97982
G1 X78.639 Y76.827 E.02239
G1 X8.427 Y147.039 E3.94816
G1 X8.991 Y147.039 E.02243
G1 X78.639 Y77.391 E3.91644
G1 X78.639 Y77.954 E.02239
G1 X9.554 Y147.039 E3.88478
G1 X10.118 Y147.039 E.02243
G1 X78.639 Y78.518 E3.85307
G1 X78.639 Y79.081 E.02239
G1 X10.681 Y147.039 E3.82141
G1 X11.245 Y147.039 E.02243
G1 X78.639 Y79.645 E3.7897
G1 X78.639 Y80.208 E.02239
G1 X11.808 Y147.039 E3.75804
G1 X12.372 Y147.039 E.02243
G1 X78.639 Y80.772 E3.72632
G1 X78.639 Y81.336 E.02243
G1 X12.936 Y147.039 E3.69461
G1 X13.499 Y147.039 E.02239
G1 X78.639 Y81.899 E3.66295
G1 X78.639 Y82.463 E.02243
G1 X14.063 Y147.039 E3.63123
G1 X14.626 Y147.039 E.02239
G1 X78.639 Y83.026 E3.59958
G1 X78.639 Y83.59 E.02243
G1 X15.19 Y147.039 E3.56786
G1 X15.753 Y147.039 E.02239
G1 X78.639 Y84.153 E3.5362
G1 X78.639 Y84.717 E.02243
M73 P33 R44
G1 X16.317 Y147.039 E3.50449
G1 X16.88 Y147.039 E.02239
G1 X78.639 Y85.28 E3.47283
G1 X78.639 Y85.844 E.02243
G1 X17.39 Y147.094 E3.44418
G1 X17.776 Y147.271 E.01688
G1 X78.639 Y86.408 E3.42245
G1 X78.639 Y86.971 E.02239
G1 X18.067 Y147.544 E3.40611
G1 X18.272 Y147.902 E.0164
G1 X78.639 Y87.535 E3.39455
G1 X78.639 Y88.098 E.02239
G1 X18.361 Y148.377 E3.38958
G1 X18.361 Y148.94 E.02239
G1 X78.639 Y88.662 E3.38955
G1 X78.639 Y89.225 E.02239
G1 X18.361 Y149.504 E3.38958
G1 X18.361 Y150.067 E.02239
G1 X78.639 Y89.789 E3.38955
G1 X78.639 Y90.352 E.02239
G1 X18.361 Y150.631 E3.38958
G1 X18.361 Y151.195 E.02243
G1 X78.639 Y90.916 E3.38958
G1 X78.639 Y91.48 E.02243
G1 X18.361 Y151.758 E3.38955
G1 X18.361 Y152.322 E.02243
G1 X78.639 Y92.043 E3.38958
G1 X78.639 Y92.607 E.02243
G1 X18.361 Y152.885 E3.38955
G1 X18.33 Y153.008 E.00504
;WIDTH:0.420752
G1 X18.298 Y153.132 E.00472
;WIDTH:0.391504
G1 X18.227 Y153.113 E.00249
G1 X18.246 Y153.184 E.00249
G1 X18.287 Y153.173 E.00144
;WIDTH:0.449999
G1 X18.77 Y153.039 E.01993
G1 X78.639 Y93.17 E3.36655
G1 X78.639 Y93.734 E.02243
G1 X19.334 Y153.039 E3.33484
G1 X19.897 Y153.039 E.02239
G1 X78.639 Y94.297 E3.30318
G1 X78.639 Y94.861 E.02243
G1 X20.461 Y153.039 E3.27146
G1 X21.024 Y153.039 E.02239
M73 Q32 S47
G1 X78.639 Y95.424 E3.2398
G1 X78.639 Y95.988 E.02243
G1 X21.588 Y153.039 E3.20809
G1 X22.152 Y153.039 E.02243
G1 X78.639 Y96.552 E3.17637
G1 X78.639 Y97.115 E.02239
G1 X22.715 Y153.039 E3.14472
G1 X23.279 Y153.039 E.02243
G1 X78.639 Y97.679 E3.113
G1 X78.639 Y98.242 E.02239
G1 X23.842 Y153.039 E3.08134
G1 X24.406 Y153.039 E.02243
M73 Q33 S47
G1 X78.639 Y98.806 E3.04963
G1 X78.639 Y99.369 E.02239
G1 X24.969 Y153.039 E3.01797
G1 X25.533 Y153.039 E.02243
G1 X78.639 Y99.933 E2.98625
G1 X78.639 Y100.496 E.02239
G1 X26.096 Y153.039 E2.9546
G1 X26.66 Y153.039 E.02243
G1 X78.639 Y101.06 E2.92288
G1 X78.639 Y101.624 E.02243
G1 X27.224 Y153.039 E2.89117
G1 X27.787 Y153.039 E.02239
G1 X78.639 Y102.187 E2.85951
G1 X78.639 Y102.751 E.02243
G1 X28.351 Y153.039 E2.82779
G1 X28.914 Y153.039 E.02239
G1 X78.639 Y103.314 E2.79613
G1 X78.639 Y103.878 E.02243
G1 X29.478 Y153.039 E2.76442
G1 X30.041 Y153.039 E.02239
G1 X78.639 Y104.441 E2.73276
G1 X78.639 Y105.005 E.02243
G1 X30.605 Y153.039 E2.70105
G1 X31.168 Y153.039 E.02239
G1 X78.639 Y105.568 E2.66939
G1 X78.639 Y106.132 E.02243
G1 X31.732 Y153.039 E2.63767
G1 X32.296 Y153.039 E.02243
G1 X78.639 Y106.696 E2.60596
G1 X78.639 Y107.259 E.02239
G1 X32.859 Y153.039 E2.5743
G1 X33.423 Y153.039 E.02243
G1 X78.639 Y107.823 E2.54258
G1 X78.639 Y108.386 E.02239
G1 X33.986 Y153.039 E2.51093
G1 X34.55 Y153.039 E.02243
G1 X78.639 Y108.95 E2.47921
G1 X78.639 Y109.513 E.02239
G1 X35.113 Y153.039 E2.44755
G1 X35.677 Y153.039 E.02243
G1 X78.639 Y110.077 E2.41584
G1 X78.639 Y110.641 E.02243
G1 X36.24 Y153.039 E2.38415
G1 X36.804 Y153.039 E.02243
G1 X78.639 Y111.204 E2.35246
G1 X78.639 Y111.768 E.02243
G1 X37.368 Y153.039 E2.32075
G1 X37.931 Y153.039 E.02239
G1 X78.639 Y112.331 E2.28909
G1 X78.639 Y112.895 E.02243
G1 X38.495 Y153.039 E2.25738
G1 X39.058 Y153.039 E.02239
G1 X78.639 Y113.458 E2.22572
G1 X78.639 Y114.022 E.02243
G1 X39.622 Y153.039 E2.194
G1 X40.185 Y153.039 E.02239
G1 X78.639 Y114.585 E2.16234
G1 X78.639 Y115.149 E.02243
G1 X40.749 Y153.039 E2.13063
G1 X41.313 Y153.039 E.02243
G1 X78.639 Y115.713 E2.09891
G1 X78.639 Y116.276 E.02239
G1 X41.876 Y153.039 E2.06726
G1 X42.44 Y153.039 E.02243
G1 X78.639 Y116.84 E2.03554
G1 X78.639 Y117.403 E.02239
G1 X43.003 Y153.039 E2.00388
G1 X43.567 Y153.039 E.02243
G1 X78.639 Y117.967 E1.97217
G1 X78.639 Y118.53 E.02239
G1 X44.13 Y153.039 E1.94051
G1 X44.694 Y153.039 E.02243
G1 X78.639 Y119.094 E1.90879
G1 X78.639 Y119.657 E.02239
G1 X45.257 Y153.039 E1.87713
G1 X45.821 Y153.039 E.02243
G1 X78.639 Y120.221 E1.84542
G1 X78.639 Y120.785 E.02243
G1 X46.385 Y153.039 E1.81371
G1 X46.948 Y153.039 E.02239
G1 X78.639 Y121.348 E1.78205
G1 X78.639 Y121.912 E.02243
G1 X47.512 Y153.039 E1.75033
G1 X48.075 Y153.039 E.02239
G1 X78.639 Y122.475 E1.71867
G1 X78.639 Y123.039 E.02243
G1 X48.639 Y153.039 E1.68696
G1 X49.202 Y153.039 E.02239
G1 X78.639 Y123.602 E1.6553
G1 X78.639 Y124.166 E.02243
G1 X49.766 Y153.039 E1.62359
G1 X50.329 Y153.039 E.02239
G1 X78.639 Y124.729 E1.59193
G1 X78.639 Y125.293 E.02243
G1 X50.893 Y153.039 E1.56021
G1 X51.457 Y153.039 E.02243
G1 X78.639 Y125.857 E1.5285
G1 X78.639 Y126.42 E.02239
G1 X52.02 Y153.039 E1.49684
G1 X52.584 Y153.039 E.02243
G1 X78.639 Y126.984 E1.46512
G1 X78.639 Y127.547 E.02239
G1 X53.147 Y153.039 E1.43346
G1 X53.711 Y153.039 E.02243
G1 X78.639 Y128.111 E1.40175
G1 X78.639 Y128.674 E.02239
G1 X54.274 Y153.039 E1.37009
G1 X54.838 Y153.039 E.02243
G1 X78.639 Y129.238 E1.33838
G1 X78.639 Y129.801 E.02239
G1 X55.401 Y153.039 E1.30672
G1 X55.965 Y153.039 E.02243
G1 X78.639 Y130.365 E1.275
G1 X78.639 Y130.929 E.02243
G1 X56.529 Y153.039 E1.24329
G1 X57.092 Y153.039 E.02239
M73 P34 R44
G1 X78.639 Y131.492 E1.21163
G1 X78.639 Y132.056 E.02243
G1 X57.656 Y153.039 E1.17991
G1 X58.219 Y153.039 E.02239
G1 X78.639 Y132.619 E1.14826
G1 X78.639 Y133.183 E.02243
G1 X58.783 Y153.039 E1.11654
G1 X59.346 Y153.039 E.02239
G1 X78.639 Y133.746 E1.08488
G1 X78.639 Y134.31 E.02243
G1 X59.91 Y153.039 E1.05317
G1 X60.473 Y153.039 E.02239
G1 X78.639 Y134.873 E1.02151
G1 X78.639 Y135.437 E.02243
G1 X61.037 Y153.039 E.98979
G1 X61.601 Y153.039 E.02243
M73 P34 R43
G1 X78.639 Y136.001 E.95808
G1 X78.639 Y136.564 E.02239
G1 X62.164 Y153.039 E.92642
G1 X62.728 Y153.039 E.02243
G1 X78.639 Y137.128 E.89471
G1 X78.639 Y137.691 E.02239
G1 X63.291 Y153.039 E.86305
G1 X63.855 Y153.039 E.02243
G1 X78.639 Y138.255 E.83133
G1 X78.639 Y138.818 E.02239
G1 X64.418 Y153.039 E.79967
G1 X64.982 Y153.039 E.02243
G1 X78.639 Y139.382 E.76796
G1 X78.639 Y139.945 E.02239
G1 X65.545 Y153.039 E.7363
G1 X66.109 Y153.039 E.02243
G1 X78.639 Y140.509 E.70459
G1 X78.639 Y141.073 E.02243
G1 X66.673 Y153.039 E.67287
G1 X67.236 Y153.039 E.02239
G1 X78.639 Y141.636 E.64121
G1 X78.639 Y142.2 E.02243
G1 X67.8 Y153.039 E.6095
G1 X68.363 Y153.039 E.02239
G1 X78.639 Y142.763 E.57784
G1 X78.639 Y143.327 E.02243
G1 X68.927 Y153.039 E.54612
G1 X69.49 Y153.039 E.02239
G1 X78.639 Y143.89 E.51447
G1 X78.639 Y144.454 E.02243
G1 X70.054 Y153.039 E.48275
G1 X70.617 Y153.039 E.02239
G1 X78.639 Y145.017 E.45109
G1 X78.639 Y145.581 E.02243
G1 X71.181 Y153.039 E.41938
G1 X71.745 Y153.039 E.02243
G1 X78.639 Y146.145 E.38766
G1 X78.639 Y146.708 E.02239
G1 X72.308 Y153.039 E.356
G1 X72.872 Y153.039 E.02243
G1 X78.639 Y147.272 E.32429
G1 X78.639 Y147.835 E.02239
G1 X73.435 Y153.039 E.29263
G1 X73.999 Y153.039 E.02243
G1 X78.639 Y148.399 E.26092
G1 X78.639 Y148.962 E.02239
G1 X74.562 Y153.039 E.22926
G1 X75.126 Y153.039 E.02243
G1 X78.639 Y149.526 E.19754
G1 X78.639 Y150.089 E.02239
G1 X75.689 Y153.039 E.16588
G1 X76.253 Y153.039 E.02243
G1 X78.639 Y150.653 E.13417
G1 X78.639 Y151.217 E.02243
G1 X76.817 Y153.039 E.10245
G1 E-.16 F2700
;WIPE_START
G1 F16800
G1 X78.639 Y151.217 E-.39341
G1 X78.639 Y150.653 E-.08611
G1 X77.896 Y151.396 E-.16048
;WIPE_END
G1 X78.498 Y151.921 Z.454 F21000
G1 Z.44 F720
G1 E.8 F1500
G1 F8400
G1 X77.38 Y153.039 E.06287
G1 X78.639 Y153.039 E.05006
G1 X78.639 Y151.78 E.05006
M106 S216.75
;LAYER_CHANGE
;Z:0.68
;HEIGHT:0.24
;BEFORE_LAYER_CHANGE
G92 E0.0
;0.68


G1 E-.16 F2700
;WIPE_START
G1 F16800
G1 X78.639 Y153.039 E-.19222
G1 X77.38 Y153.039 E-.19222
G1 X78.498 Y151.921 E-.2414
;WIPE_END
G1 E-.01416 F2700
G1 X78.498 Y151.921 Z.44 F21000
G1 X102.775 Y136.006 Z.947
G1 X104.563 Y134.834 Z.98
G1 X106.351 Y133.662 Z1.006
G1 X108.14 Y132.49 Z1.025
G1 X111.716 Y130.145 Z1.04
G1 X125.384 Y121.185 Z1.04
;AFTER_LAYER_CHANGE
;0.68
G1 Z.68 F720
G1 E.8 F1500
;TYPE:Perimeter
G1 F3000
G1 X125.477 Y121.077 E.00567
G1 X125.795 Y120.918 E.01414
G1 X126.074 Y120.878 E.01121
G1 X127.926 Y120.878 E.07364
G1 X128.304 Y120.953 E.01532
G1 X128.608 Y121.148 E.01436
G1 X128.83 Y121.457 E.01513
G1 X128.922 Y121.832 E.01535
G1 X128.922 Y127.526 E.2264
G1 X128.861 Y127.869 E.01385
G1 X128.678 Y128.179 E.01431
G1 X128.389 Y128.408 E.01466
G1 X128.041 Y128.522 E.01456
G1 X126.074 Y128.522 E.07821
G1 X125.795 Y128.482 E.01121
G1 X125.477 Y128.323 E.01414
G1 X125.195 Y127.995 E.0172
G1 X125.078 Y127.654 E.01433
G1 X125.078 Y121.874 E.22982
G1 X125.195 Y121.405 E.01922
G1 X125.345 Y121.231 E.00913
G1 X125.66 Y121.461 F21000
G1 F3000
G1 X125.716 Y121.396 E.00341
G1 X125.955 Y121.277 E.01062
G1 X127.926 Y121.277 E.07837
G1 X128.153 Y121.321 E.00919
G1 X128.389 Y121.496 E.01168
G1 X128.523 Y121.782 E.01256
G1 X128.523 Y127.526 E.22839
G1 X128.456 Y127.801 E.01125
G1 X128.281 Y128.006 E.01072
G1 X127.999 Y128.123 E.01214
G1 X126.074 Y128.123 E.07654
G1 X125.907 Y128.1 E.0067
G1 X125.716 Y128.004 E.0085
G1 X125.547 Y127.807 E.01032
G1 X125.477 Y127.526 E.01151
G1 X125.477 Y121.874 E.22473
G1 X125.547 Y121.593 E.01151
G1 X125.621 Y121.507 E.00451
M204 T250
G1 X125.94 Y121.745 F21000
M204 T7000
;TYPE:External perimeter
G1 F3000
G1 X125.955 Y121.715 E.00133
G1 X126.074 Y121.675 E.00499
G1 X127.926 Y121.675 E.07364
G1 X128.001 Y121.69 E.00304
G1 X128.125 Y121.822 E.0072
G1 F2999.998
G1 X128.125 Y127.526 E.2268
G1 F3000
G1 X128.062 Y127.671 E.00629
G1 X127.926 Y127.725 E.00582
G1 X126.074 Y127.725 E.07364
G1 X125.955 Y127.685 E.00499
G1 X125.875 Y127.526 E.00708
G1 F2999.998
G1 X125.875 Y121.874 E.22473
G1 F3000
G1 X125.913 Y121.798 E.00338
G1 E-.16 F2700
;WIPE_START
G1 F16800
G1 X125.94 Y121.745 E-.00908
G1 X125.955 Y121.715 E-.00512
G1 X126.074 Y121.675 E-.01917
G1 X127.926 Y121.675 E-.28276
G1 X128.001 Y121.69 E-.01168
G1 X128.125 Y121.822 E-.02765
G1 X128.125 Y123.686 E-.28454
;WIPE_END
G1 X127.195 Y94.673 Z1.187 F21000
G1 X127.126 Y92.535 Z1.22
G1 X127.058 Y90.398 Z1.246
G1 X126.989 Y88.261 Z1.265
G1 X126.852 Y83.987 Z1.28
G1 X125.384 Y38.215
G1 Z.68 F720
G1 E.8 F1500
;TYPE:Perimeter
G1 F3000
G1 X125.195 Y37.995 E.01153
G1 X125.078 Y37.654 E.01433
G1 X125.078 Y31.874 E.22982
G1 X125.195 Y31.405 E.01922
G1 X125.477 Y31.077 E.0172
G1 X125.795 Y30.918 E.01414
G1 X126.074 Y30.878 E.01121
G1 X127.926 Y30.878 E.07364
G1 X128.285 Y30.945 E.01452
G1 X128.584 Y31.126 E.0139
G1 X128.86 Y31.528 E.01939
G1 X128.922 Y31.874 E.01398
G1 X128.922 Y37.526 E.22473
G1 X128.854 Y37.887 E.01461
G1 X128.671 Y38.186 E.01394
G1 X128.389 Y38.408 E.01427
G1 X128.041 Y38.522 E.01456
G1 X126.074 Y38.522 E.07821
G1 X125.795 Y38.482 E.01121
G1 X125.477 Y38.323 E.01414
G1 X125.423 Y38.261 E.00327
G1 X125.66 Y37.939 F21000
G1 F3000
G1 X125.547 Y37.807 E.00691
G1 X125.477 Y37.526 E.01151
G1 X125.477 Y31.874 E.22473
G1 X125.547 Y31.593 E.01151
G1 X125.716 Y31.396 E.01032
G1 X125.955 Y31.277 E.01062
G1 X127.926 Y31.277 E.07837
G1 X128.191 Y31.339 E.01082
G1 X128.371 Y31.476 E.00899
G1 X128.523 Y31.768 E.01309
G1 X128.523 Y37.526 E.22895
G1 X128.451 Y37.812 E.01173
G1 X128.281 Y38.007 E.01029
G1 X127.999 Y38.123 E.01212
G1 X126.074 Y38.123 E.07654
G1 X125.907 Y38.1 E.0067
G1 X125.716 Y38.004 E.0085
G1 X125.699 Y37.985 E.00101
M204 T250
G1 X125.94 Y37.655 F21000
M204 T7000
;TYPE:External perimeter
G1 F3000
G1 X125.875 Y37.526 E.00574
G1 F2999.998
G1 X125.875 Y31.874 E.22473
G1 F3000
G1 X125.955 Y31.715 E.00708
G1 X126.074 Y31.675 E.00499
G1 X127.926 Y31.675 E.07364
G1 X128.074 Y31.741 E.00644
G1 X128.125 Y31.874 E.00566
G1 F2999.998
G1 X128.125 Y37.526 E.22473
G1 F3000
G1 X128.062 Y37.671 E.00629
G1 X127.926 Y37.725 E.00582
G1 X126.074 Y37.725 E.07364
G1 X125.98 Y37.694 E.00394
G1 E-.16 F2700
;WIPE_START
G1 F16800
G1 X125.94 Y37.655 E-.00853
G1 X125.875 Y37.526 E-.02205
G1 X125.875 Y33.535 E-.60942
;WIPE_END
G1 X147.208 Y53.221 Z1.187 F21000
G1 X148.779 Y54.671 Z1.22
G1 X150.351 Y56.122 Z1.246
G1 X151.922 Y57.572 Z1.265
G1 X155.065 Y60.472 Z1.28
G1 X197.274 Y99.423
G1 Z.68 F720
G1 E.8 F1500
;TYPE:Perimeter
G1 F4200
G1 X197.301 Y99.46 E.00182
G1 X197.614 Y99.655 E.01466
G1 X197.974 Y99.722 E.01456
G1 X231.978 Y99.722 E1.35207
G1 X231.978 Y153.378 E2.13347
G1 X124.022 Y153.378 E4.29255
G1 X124.022 Y12.022 E5.6206
G1 X135.151 Y12.014 E.44251
M73 Q34 S47
G1 X135.5 Y11.902 E.01457
G1 X135.781 Y11.676 E.01434
G1 X135.969 Y11.345 E.01514
G1 X136.022 Y11.026 E.01286
G1 X136.022 Y6.022 E.19897
G1 X196.978 Y6.022 E2.42373
G1 X196.983 Y54.824 E1.94046
G1 X197.091 Y55.187 E.01506
G1 X197.321 Y55.478 E.01475
G1 X197.647 Y55.667 E.01498
G1 X197.974 Y55.722 E.01318
G1 X231.978 Y55.722 E1.35207
G1 X231.978 Y62.678 E.27658
G1 X197.9 Y62.678 E1.35501
G1 X197.514 Y62.791 E.01599
G1 X197.205 Y63.042 E.01583
G1 X197.044 Y63.318 E.0127
G1 X196.978 Y63.674 E.0144
G1 X196.978 Y98.779 E1.39584
G1 X197.073 Y99.151 E.01527
G1 X197.238 Y99.375 E.01106
G1 X197.564 Y99.136 F21000
G1 F4200
G1 X197.698 Y99.256 E.00715
G1 X197.974 Y99.323 E.01129
G1 X232.377 Y99.323 E1.36793
G1 X232.377 Y153.777 E2.1652
G1 X123.623 Y153.777 E4.32428
G1 X123.623 Y11.623 E5.65233
G1 X135.101 Y11.619 E.45639
G1 X135.357 Y11.523 E.01087
G1 X135.555 Y11.304 E.01174
G1 X135.623 Y11.026 E.01138
G1 X135.623 Y5.623 E.21483
G1 X197.377 Y5.623 E2.45546
G1 X197.381 Y54.798 E1.9553
G1 X197.489 Y55.075 E.01182
G1 X197.698 Y55.256 E.01099
G1 X197.974 Y55.323 E.01129
G1 X232.377 Y55.323 E1.36793
G1 X232.377 Y63.077 E.30831
G1 X197.928 Y63.077 E1.36976
G1 X197.633 Y63.184 E.01248
M73 Q34 S46
G1 X197.445 Y63.397 E.0113
G1 X197.377 Y63.674 E.01134
G1 X197.377 Y98.778 E1.3958
G1 X197.478 Y99.059 E.01187
G1 X197.52 Y99.096 E.00223
M204 T250
G1 X197.842 Y98.864 F21000
M204 T7000
;TYPE:External perimeter
G1 F3000
G1 X197.974 Y98.925 E.00578
G1 F2999.998
G1 X232.775 Y98.925 E1.38376
G1 X232.775 Y154.175 E2.19685
G1 X123.225 Y154.175 E4.35593
G1 X123.225 Y11.225 E5.68398
G1 X135.026 Y11.225 E.46923
G1 F3000
G1 X135.155 Y11.178 E.00546
G1 X135.225 Y11.026 E.00665
G1 F2999.998
G1 X135.225 Y5.225 E.23066
G1 X197.775 Y5.225 E2.48711
G1 X197.775 Y54.726 E1.96826
G1 F3000
G1 X197.83 Y54.864 E.00591
G1 X197.974 Y54.925 E.00622
G1 F2999.998
G1 X232.775 Y54.925 E1.38376
G1 X232.775 Y63.475 E.33997
G1 X197.974 Y63.475 E1.38376
G1 F3000
G1 X197.844 Y63.524 E.00552
G1 X197.775 Y63.674 E.00657
G1 F2999.998
G1 X197.775 Y98.726 E1.39374
G1 F3000
G1 X197.809 Y98.819 E.00394
G1 E-.16 F2700
;WIPE_START
G1 F16800
G1 X197.842 Y98.864 E-.00852
G1 X197.974 Y98.925 E-.0222
G1 X201.965 Y98.925 E-.60928
;WIPE_END
G1 X178.142 Y115.511 Z1.187 F21000
G1 X176.387 Y116.733 Z1.22
G1 X174.632 Y117.954 Z1.246
G1 X172.877 Y119.176 Z1.265
G1 X169.367 Y121.62 Z1.28
G1 X124.393 Y152.931
G1 Z.68 F720
G1 E.8 F1500
;TYPE:Solid infill
;WIDTH:0.546684
G1 F7573.004
G1 X124.349 Y152.975 E.00307
G1 X124.365 Y153.035 E.00307
G1 X124.425 Y153.051 E.00307
G1 X124.469 Y153.007 E.00307
G1 X124.453 Y152.947 E.00307
;WIDTH:0.449999
G1 F8400
G1 X124.361 Y152.311 E.02555
G1 X125.089 Y153.039 E.04094
G1 X125.653 Y153.039 E.02243
G1 X124.361 Y151.747 E.07265
G1 X124.361 Y151.184 E.02239
G1 X126.216 Y153.039 E.10431
G1 X126.78 Y153.039 E.02243
G1 X124.361 Y150.62 E.13603
G1 X124.361 Y150.056 E.02243
G1 X127.344 Y153.039 E.16774
G1 X127.907 Y153.039 E.02239
G1 X124.361 Y149.493 E.1994
G1 X124.361 Y148.929 E.02243
G1 X128.471 Y153.039 E.23111
G1 X129.034 Y153.039 E.02239
G1 X124.361 Y148.366 E.26277
G1 X124.361 Y147.802 E.02243
G1 X129.598 Y153.039 E.29449
G1 X130.161 Y153.039 E.02239
G1 X124.361 Y147.239 E.32615
G1 X124.361 Y146.675 E.02243
G1 X130.725 Y153.039 E.35786
G1 X131.288 Y153.039 E.02239
G1 X124.361 Y146.112 E.38952
G1 X124.361 Y145.548 E.02243
G1 X131.852 Y153.039 E.42123
G1 X132.416 Y153.039 E.02243
G1 X124.361 Y144.984 E.45295
G1 X124.361 Y144.421 E.02239
G1 X132.979 Y153.039 E.48461
G1 X133.543 Y153.039 E.02243
G1 X124.361 Y143.857 E.51632
G1 X124.361 Y143.294 E.02239
G1 X134.106 Y153.039 E.54798
G1 X134.67 Y153.039 E.02243
M73 P35 R43
G1 X124.361 Y142.73 E.5797
G1 X124.361 Y142.167 E.02239
G1 X135.233 Y153.039 E.61135
G1 X135.797 Y153.039 E.02243
G1 X124.361 Y141.603 E.64307
G1 X124.361 Y141.04 E.02239
G1 X136.36 Y153.039 E.67473
G1 X136.924 Y153.039 E.02243
G1 X124.361 Y140.476 E.70644
G1 X124.361 Y139.912 E.02243
G1 X137.488 Y153.039 E.73816
G1 X138.051 Y153.039 E.02239
G1 X124.361 Y139.349 E.76982
G1 X124.361 Y138.785 E.02243
G1 X138.615 Y153.039 E.80153
G1 X139.178 Y153.039 E.02239
G1 X124.361 Y138.222 E.83319
G1 X124.361 Y137.658 E.02243
G1 X139.742 Y153.039 E.8649
G1 X140.305 Y153.039 E.02239
G1 X124.361 Y137.095 E.89656
G1 X124.361 Y136.531 E.02243
G1 X140.869 Y153.039 E.92828
G1 X141.432 Y153.039 E.02239
G1 X124.361 Y135.968 E.95994
G1 X124.361 Y135.404 E.02243
G1 X141.996 Y153.039 E.99165
G1 X142.56 Y153.039 E.02243
G1 X124.361 Y134.84 E1.02337
G1 X124.361 Y134.277 E.02239
G1 X143.123 Y153.039 E1.05502
G1 X143.687 Y153.039 E.02243
G1 X124.361 Y133.713 E1.08674
G1 X124.361 Y133.15 E.02239
G1 X144.25 Y153.039 E1.1184
G1 X144.814 Y153.039 E.02243
G1 X124.361 Y132.586 E1.15011
G1 X124.361 Y132.023 E.02239
G1 X145.377 Y153.039 E1.18177
G1 X145.941 Y153.039 E.02243
G1 X124.361 Y131.459 E1.21349
G1 X124.361 Y130.896 E.02239
G1 X146.504 Y153.039 E1.24514
G1 X147.068 Y153.039 E.02243
G1 X124.361 Y130.332 E1.27686
G1 X124.361 Y129.768 E.02243
G1 X147.632 Y153.039 E1.30857
G1 X148.195 Y153.039 E.02239
G1 X124.361 Y129.205 E1.34023
G1 X124.361 Y128.641 E.02243
G1 X148.759 Y153.039 E1.37195
G1 X149.322 Y153.039 E.02239
G1 X124.361 Y128.078 E1.40361
G1 X124.532 Y127.698 E.01657
;WIDTH:0.435476
G1 X124.914 Y128.113 E.02161
;WIDTH:0.44005
G1 X124.744 Y127.692 E.0176
G1 X124.744 Y121.882 E.22525
;WIDTH:0.449999
G1 X124.881 Y121.292 E.02408
G1 X125.243 Y120.836 E.02315
G1 X125.729 Y120.587 E.02171
G1 X126.078 Y120.539 E.01401
G1 X126.966 Y120.539 E.03531
G1 X124.361 Y117.934 E.14648
G1 X124.359 Y121.786 E.15316
;WIDTH:0.445939
G1 X124.356 Y121.882 E.00378
;WIDTH:0.44005
G1 X124.356 Y127.64 E.22323
;WIDTH:0.449999
G1 X124.951 Y128.162 E.03147
;WIDTH:0.391504
G1 X125.33 Y128.563 E.01872
;WIDTH:0.420752
G1 X125.471 Y128.664 E.00639
;WIDTH:0.449999
G1 X125.612 Y128.766 E.00692
G1 X149.886 Y153.039 E1.36495
G1 X150.449 Y153.039 E.02239
G1 X126.271 Y128.861 E1.35958
G1 X126.834 Y128.861 E.02239
G1 X151.013 Y153.039 E1.3596
G1 X151.577 Y153.039 E.02243
G1 X127.398 Y128.861 E1.3596
G1 X127.959 Y128.859 E.02231
G1 X152.14 Y153.039 E1.35972
G1 X152.704 Y153.039 E.02243
G1 X128.427 Y128.763 E1.36511
G1 X128.78 Y128.552 E.01635
G1 X153.267 Y153.039 E1.37695
G1 X153.831 Y153.039 E.02243
G1 X129.045 Y128.253 E1.39377
G1 X129.217 Y127.862 E.01698
G1 X154.394 Y153.039 E1.41575
G1 X154.958 Y153.039 E.02243
G1 X129.261 Y127.342 E1.44499
G1 X129.261 Y126.779 E.02239
G1 X155.521 Y153.039 E1.47665
G1 X156.085 Y153.039 E.02243
G1 X129.261 Y126.215 E1.50837
G1 X129.261 Y125.651 E.02243
G1 X156.649 Y153.039 E1.54008
G1 X157.212 Y153.039 E.02239
G1 X129.261 Y125.088 E1.57174
G1 X129.261 Y124.524 E.02243
G1 X157.776 Y153.039 E1.60345
G1 X158.339 Y153.039 E.02239
G1 X129.261 Y123.961 E1.63511
G1 X129.261 Y123.397 E.02243
G1 X158.903 Y153.039 E1.66683
G1 X159.466 Y153.039 E.02239
G1 X129.261 Y122.834 E1.69849
G1 X129.261 Y122.27 E.02243
G1 X160.03 Y153.039 E1.7302
G1 X160.593 Y153.039 E.02239
G1 X129.249 Y121.695 E1.76253
G1 E-.16 F2700
;WIPE_START
G1 F16800
G1 X132.213 Y124.659 E-.64
;WIPE_END
G1 X127.53 Y120.539 Z.789 F21000
G1 Z.68 F720
M73 Q35 S46
G1 E.8 F1500
G1 F8400
G1 X124.361 Y117.37 E.1782
G1 X124.291 Y117.279 E.00457
;WIDTH:0.420752
G1 X124.221 Y117.187 E.00426
;WIDTH:0.391504
G1 X124.232 Y117.228 E.00144
G1 X124.161 Y117.247 E.00249
G1 X124.18 Y117.176 E.00249
;WIDTH:0.449999
G1 X124.361 Y116.807 E.01634
G1 X128.107 Y120.553 E.21064
G1 X128.248 Y120.633 E.00645
;WIDTH:0.420752
G1 X128.389 Y120.714 E.00599
;WIDTH:0.391504
G1 X128.707 Y120.964 E.01372
G1 X129.082 Y121.413 E.01985
G1 E-.16 F2700
;WIPE_START
G1 F16800
G1 X128.707 Y120.964 E-.08932
G1 X128.389 Y120.714 E-.06176
G1 X128.248 Y120.633 E-.02483
G1 X128.107 Y120.553 E-.02475
G1 X126.072 Y118.518 E-.43934
;WIPE_END
G1 X124.361 Y116.243 Z.73 F21000
G1 Z.68 F720
G1 E.8 F1500
;WIDTH:0.449999
G1 F8400
G1 X161.157 Y153.039 E2.06911
G1 X161.721 Y153.039 E.02243
G1 X124.361 Y115.679 E2.10083
G1 X124.361 Y115.116 E.02239
G1 X162.284 Y153.039 E2.13248
G1 X162.848 Y153.039 E.02243
G1 X124.361 Y114.552 E2.1642
G1 X124.361 Y113.989 E.02239
G1 X163.411 Y153.039 E2.19586
G1 X163.975 Y153.039 E.02243
G1 X124.361 Y113.425 E2.22757
G1 X124.361 Y112.862 E.02239
G1 X164.538 Y153.039 E2.25923
G1 X165.102 Y153.039 E.02243
G1 X124.361 Y112.298 E2.29095
G1 X124.361 Y111.735 E.02239
G1 X165.665 Y153.039 E2.3226
G1 X166.229 Y153.039 E.02243
G1 X124.361 Y111.171 E2.35432
G1 X124.361 Y110.607 E.02243
G1 X166.793 Y153.039 E2.38603
G1 X167.356 Y153.039 E.02239
G1 X124.361 Y110.044 E2.41769
G1 X124.361 Y109.48 E.02243
G1 X167.92 Y153.039 E2.44941
G1 X168.483 Y153.039 E.02239
G1 X124.361 Y108.917 E2.48107
G1 X124.361 Y108.353 E.02243
G1 X169.047 Y153.039 E2.51278
G1 X169.61 Y153.039 E.02239
G1 X124.361 Y107.79 E2.54444
G1 X124.361 Y107.226 E.02243
G1 X170.174 Y153.039 E2.57615
G1 X170.737 Y153.039 E.02239
G1 X124.361 Y106.663 E2.60781
G1 X124.361 Y106.099 E.02243
G1 X171.301 Y153.039 E2.63953
G1 X171.865 Y153.039 E.02243
G1 X124.361 Y105.535 E2.67124
G1 X124.361 Y104.972 E.02239
G1 X172.428 Y153.039 E2.7029
G1 X172.992 Y153.039 E.02243
M73 P35 R42
G1 X124.361 Y104.408 E2.73462
G1 X124.361 Y103.845 E.02239
G1 X173.555 Y153.039 E2.76627
G1 X174.119 Y153.039 E.02243
G1 X124.361 Y103.281 E2.79799
G1 X124.361 Y102.718 E.02239
G1 X174.682 Y153.039 E2.82965
G1 X175.246 Y153.039 E.02243
G1 X124.361 Y102.154 E2.86136
G1 X124.361 Y101.591 E.02239
G1 X175.809 Y153.039 E2.89302
G1 X176.373 Y153.039 E.02243
G1 X124.361 Y101.027 E2.92474
G1 X124.361 Y100.463 E.02243
G1 X176.937 Y153.039 E2.95645
G1 X177.5 Y153.039 E.02239
G1 X124.361 Y99.9 E2.98811
G1 X124.361 Y99.336 E.02243
G1 X178.064 Y153.039 E3.01982
G1 X178.627 Y153.039 E.02239
G1 X124.361 Y98.773 E3.05148
G1 X124.361 Y98.209 E.02243
G1 X179.191 Y153.039 E3.0832
G1 X179.754 Y153.039 E.02239
G1 X124.361 Y97.646 E3.11486
G1 X124.361 Y97.082 E.02243
G1 X180.318 Y153.039 E3.14657
G1 X180.881 Y153.039 E.02239
G1 X124.361 Y96.519 E3.17823
G1 X124.361 Y95.955 E.02243
G1 X181.445 Y153.039 E3.20994
G1 X182.009 Y153.039 E.02243
G1 X124.361 Y95.391 E3.24166
G1 X124.361 Y94.828 E.02239
G1 X182.572 Y153.039 E3.27332
G1 X183.136 Y153.039 E.02243
G1 X124.361 Y94.264 E3.30503
G1 X124.361 Y93.701 E.02239
G1 X183.699 Y153.039 E3.33669
G1 X184.263 Y153.039 E.02243
G1 X124.361 Y93.137 E3.36841
G1 X124.361 Y92.574 E.02239
G1 X184.826 Y153.039 E3.40006
G1 X185.39 Y153.039 E.02243
G1 X124.361 Y92.01 E3.43178
G1 X124.361 Y91.447 E.02239
G1 X185.953 Y153.039 E3.46344
G1 X186.517 Y153.039 E.02243
G1 X124.361 Y90.883 E3.49515
G1 X124.361 Y90.319 E.02243
G1 X187.081 Y153.039 E3.52687
G1 X187.644 Y153.039 E.02239
G1 X124.361 Y89.756 E3.55853
G1 X124.361 Y89.192 E.02243
G1 X188.208 Y153.039 E3.59024
G1 X188.771 Y153.039 E.02239
G1 X124.361 Y88.629 E3.6219
G1 X124.361 Y88.065 E.02243
G1 X189.335 Y153.039 E3.65361
G1 X189.898 Y153.039 E.02239
M73 P36 R42
M73 Q35 S45
G1 X124.361 Y87.502 E3.68527
G1 X124.361 Y86.938 E.02243
G1 X190.462 Y153.039 E3.71699
G1 X191.025 Y153.039 E.02239
G1 X124.361 Y86.375 E3.74865
G1 X124.361 Y85.811 E.02243
G1 X191.589 Y153.039 E3.78036
G1 X192.153 Y153.039 E.02243
G1 X124.361 Y85.247 E3.81208
G1 X124.361 Y84.684 E.02239
G1 X192.716 Y153.039 E3.84373
G1 X193.28 Y153.039 E.02243
G1 X124.361 Y84.12 E3.87545
G1 X124.361 Y83.557 E.02239
G1 X193.843 Y153.039 E3.90711
G1 X194.407 Y153.039 E.02243
G1 X124.361 Y82.993 E3.93882
G1 X124.361 Y82.43 E.02239
G1 X194.97 Y153.039 E3.97048
G1 X195.534 Y153.039 E.02243
G1 X124.361 Y81.866 E4.0022
G1 X124.361 Y81.302 E.02243
G1 X196.098 Y153.039 E4.03391
G1 X196.661 Y153.039 E.02239
G1 X124.361 Y80.739 E4.06557
G1 X124.361 Y80.175 E.02243
G1 X197.225 Y153.039 E4.09728
G1 X197.788 Y153.039 E.02239
G1 X124.361 Y79.612 E4.12894
G1 X124.361 Y79.048 E.02243
G1 X198.352 Y153.039 E4.16066
G1 X198.915 Y153.039 E.02239
G1 X124.361 Y78.485 E4.19232
G1 X124.361 Y77.921 E.02243
M73 Q36 S45
G1 X199.479 Y153.039 E4.22403
G1 X200.042 Y153.039 E.02239
G1 X124.361 Y77.358 E4.25569
G1 X124.361 Y76.794 E.02243
G1 X200.606 Y153.039 E4.2874
G1 X201.17 Y153.039 E.02243
G1 X124.361 Y76.23 E4.31912
G1 X124.361 Y75.667 E.02239
G1 X201.733 Y153.039 E4.35078
G1 X202.297 Y153.039 E.02243
G1 X124.361 Y75.103 E4.38249
G1 X124.361 Y74.54 E.02239
G1 X202.86 Y153.039 E4.41415
G1 X203.424 Y153.039 E.02243
G1 X124.361 Y73.976 E4.44587
G1 X124.361 Y73.413 E.02239
G1 X203.987 Y153.039 E4.47753
G1 X204.551 Y153.039 E.02243
G1 X124.361 Y72.849 E4.50924
G1 X124.361 Y72.286 E.02239
G1 X205.114 Y153.039 E4.5409
G1 X205.678 Y153.039 E.02243
G1 X124.361 Y71.722 E4.57261
G1 X124.361 Y71.158 E.02243
G1 X206.242 Y153.039 E4.60433
G1 X206.805 Y153.039 E.02239
G1 X124.361 Y70.595 E4.63599
G1 X124.361 Y70.031 E.02243
G1 X207.369 Y153.039 E4.6677
G1 X207.932 Y153.039 E.02239
G1 X124.361 Y69.468 E4.69936
G1 X124.361 Y68.904 E.02243
G1 X208.496 Y153.039 E4.73107
G1 X209.059 Y153.039 E.02239
G1 X124.361 Y68.341 E4.76273
G1 X124.361 Y67.777 E.02243
G1 X209.623 Y153.039 E4.79445
G1 X210.186 Y153.039 E.02239
G1 X124.361 Y67.214 E4.82611
G1 X124.361 Y66.65 E.02243
G1 X210.75 Y153.039 E4.85782
G1 X211.314 Y153.039 E.02243
G1 X124.361 Y66.086 E4.88954
G1 X124.361 Y65.523 E.02239
G1 X211.877 Y153.039 E4.9212
G1 X212.441 Y153.039 E.02243
G1 X124.361 Y64.959 E4.95291
G1 X124.361 Y64.396 E.02239
G1 X213.004 Y153.039 E4.98457
G1 X213.568 Y153.039 E.02243
G1 X124.361 Y63.832 E5.01628
G1 X124.361 Y63.269 E.02239
G1 X214.131 Y153.039 E5.04794
G1 X214.695 Y153.039 E.02243
G1 X124.361 Y62.705 E5.07966
G1 X124.361 Y62.142 E.02239
G1 X215.258 Y153.039 E5.11132
G1 X215.822 Y153.039 E.02243
G1 X124.361 Y61.578 E5.14303
G1 X124.361 Y61.014 E.02243
G1 X216.386 Y153.039 E5.17474
G1 X216.949 Y153.039 E.02239
G1 X124.361 Y60.451 E5.2064
G1 X124.361 Y59.887 E.02243
M73 P37 R42
G1 X217.513 Y153.039 E5.23812
G1 X218.076 Y153.039 E.02239
M73 P37 R41
G1 X124.361 Y59.324 E5.26978
G1 X124.361 Y58.76 E.02243
G1 X218.64 Y153.039 E5.30149
G1 X219.203 Y153.039 E.02239
G1 X124.361 Y58.197 E5.33315
G1 X124.361 Y57.633 E.02243
G1 X219.767 Y153.039 E5.36487
G1 X220.33 Y153.039 E.02239
G1 X124.361 Y57.07 E5.39652
G1 X124.361 Y56.506 E.02243
G1 X220.894 Y153.039 E5.42824
G1 X221.458 Y153.039 E.02243
G1 X124.361 Y55.942 E5.45995
G1 X124.361 Y55.379 E.02239
G1 X222.021 Y153.039 E5.49161
G1 X222.585 Y153.039 E.02243
G1 X124.361 Y54.815 E5.52333
G1 X124.361 Y54.252 E.02239
G1 X223.148 Y153.039 E5.55499
G1 X223.712 Y153.039 E.02243
G1 X124.361 Y53.688 E5.5867
G1 X124.361 Y53.125 E.02239
G1 X224.275 Y153.039 E5.61836
G1 X224.839 Y153.039 E.02243
M73 Q37 S45
G1 X124.361 Y52.561 E5.65007
G1 X124.361 Y51.998 E.02239
G1 X225.402 Y153.039 E5.68173
G1 X225.966 Y153.039 E.02243
G1 X124.361 Y51.434 E5.71345
G1 X124.361 Y50.87 E.02243
G1 X226.53 Y153.039 E5.74516
G1 X227.093 Y153.039 E.02239
M73 Q37 S44
G1 X124.361 Y50.307 E5.77682
G1 X124.361 Y49.743 E.02243
G1 X227.657 Y153.039 E5.80854
G1 X228.22 Y153.039 E.02239
G1 X124.361 Y49.18 E5.84019
G1 X124.361 Y48.616 E.02243
G1 X228.784 Y153.039 E5.87191
G1 X229.347 Y153.039 E.02239
G1 X124.361 Y48.053 E5.90357
G1 X124.361 Y47.489 E.02243
G1 X229.911 Y153.039 E5.93528
G1 X230.474 Y153.039 E.02239
G1 X124.361 Y46.926 E5.96694
G1 X124.361 Y46.362 E.02243
G1 X231.038 Y153.039 E5.99866
G1 X231.602 Y153.039 E.02243
G1 X124.361 Y45.798 E6.03037
G1 X124.361 Y45.235 E.02239
G1 X231.639 Y152.513 E6.03245
G1 X231.639 Y151.95 E.02239
G1 X124.361 Y44.671 E6.03248
G1 X124.361 Y44.108 E.02239
G1 X231.639 Y151.386 E6.03245
G1 X231.639 Y150.823 E.02239
G1 X124.361 Y43.544 E6.03248
G1 X124.361 Y42.981 E.02239
G1 X231.639 Y150.259 E6.03245
G1 X231.639 Y149.696 E.02239
G1 X124.361 Y42.417 E6.03248
G1 X124.361 Y41.853 E.02243
G1 X231.639 Y149.132 E6.03248
G1 X231.639 Y148.569 E.02239
G1 X124.361 Y41.29 E6.03248
G1 X124.361 Y40.726 E.02243
G1 X231.639 Y148.005 E6.03248
G1 X231.639 Y147.441 E.02243
G1 X124.361 Y40.163 E6.03245
G1 X124.361 Y39.599 E.02243
G1 X231.639 Y146.878 E6.03248
G1 X231.639 Y146.314 E.02243
M73 P38 R41
G1 X124.361 Y39.036 E6.03245
G1 X124.361 Y38.472 E.02243
G1 X231.639 Y145.751 E6.03248
G1 X231.639 Y145.187 E.02243
G1 X124.361 Y37.909 E6.03245
G1 X124.528 Y37.524 E.01669
;WIDTH:0.44005
G1 X124.744 Y37.72 E.01131
G1 X124.744 Y31.882 E.22634
;WIDTH:0.449999
G1 X124.881 Y31.292 E.02408
G1 X125.243 Y30.836 E.02315
G1 X125.729 Y30.587 E.02171
G1 X126.078 Y30.539 E.01401
G1 X127.135 Y30.539 E.04203
G1 X124.361 Y27.765 E.15599
G1 X124.359 Y31.786 E.15988
;WIDTH:0.44594
G1 X124.356 Y31.882 E.00378
;WIDTH:0.44005
G1 X124.356 Y37.471 E.21668
G1 X124.997 Y38.123 F21000
;WIDTH:0.391504
G1 F8400
G1 X125.334 Y38.486 E.0168
G1 X125.563 Y38.656 E.00968
;WIDTH:0.420752
G1 X125.704 Y38.743 E.0061
;WIDTH:0.449999
G1 X125.845 Y38.829 E.00657
G1 X231.639 Y144.624 E5.94903
G1 X231.639 Y144.06 E.02243
G1 X126.44 Y38.861 E5.91554
G1 X127.003 Y38.861 E.02239
G1 X231.639 Y143.497 E5.88389
G1 X231.639 Y142.933 E.02243
G1 X127.567 Y38.861 E5.85217
G1 X128.117 Y38.847 E.02188
G1 X231.639 Y142.369 E5.82124
G1 X231.639 Y141.806 E.02239
G1 X128.539 Y38.706 E5.79751
G1 X128.865 Y38.468 E.01605
G1 X231.639 Y141.242 E5.77918
G1 X231.639 Y140.679 E.02239
G1 X129.105 Y38.145 E5.76569
G1 X129.245 Y37.721 E.01775
G1 X231.639 Y140.115 E5.75781
G1 X231.639 Y139.552 E.02239
G1 X129.261 Y37.173 E5.75694
G1 X129.261 Y36.609 E.02243
M73 Q38 S44
G1 X231.639 Y138.988 E5.75694
G1 X231.639 Y138.425 E.02239
G1 X129.261 Y36.046 E5.75694
G1 X129.261 Y35.482 E.02243
G1 X231.639 Y137.861 E5.75694
G1 X231.639 Y137.297 E.02243
G1 X129.261 Y34.919 E5.75691
G1 X129.261 Y34.355 E.02243
G1 X231.639 Y136.734 E5.75694
G1 X231.639 Y136.17 E.02243
G1 X129.261 Y33.792 E5.75691
G1 X129.261 Y33.228 E.02243
G1 X231.639 Y135.607 E5.75694
G1 X231.639 Y135.043 E.02243
M73 P38 R40
G1 X129.261 Y32.665 E5.75691
G1 X129.261 Y32.101 E.02243
G1 X231.639 Y134.48 E5.75694
G1 X231.692 Y134.318 E.00678
;WIDTH:0.420752
G1 X231.745 Y134.157 E.00624
;WIDTH:0.391504
G1 X231.726 Y134.228 E.00249
G1 X231.797 Y134.209 E.00249
G1 X231.786 Y134.168 E.00144
G1 E-.16 F2700
;WIPE_START
G1 F16800
G1 X231.797 Y134.209 E-.00648
G1 X231.726 Y134.228 E-.01122
G1 X231.745 Y134.157 E-.01122
G1 X231.692 Y134.318 E-.02588
G1 X231.639 Y134.48 E-.02602
G1 X229.049 Y131.89 E-.55918
;WIPE_END
G1 X208.662 Y111.225 Z1.187 F21000
G1 X207.161 Y109.703 Z1.22
G1 X205.659 Y108.181 Z1.246
G1 X204.157 Y106.659 Z1.265
G1 X201.154 Y103.614 Z1.28
G1 X196.858 Y99.26
G1 Z.68 F720
G1 E.8 F1500
G1 F8400
G1 X197.107 Y99.564 E.01333
G1 X197.482 Y99.876 E.01655
G1 X197.126 Y99.583 E.01564
G1 X196.833 Y99.23 E.01556
G1 X196.855 Y99.076 E.00528
;WIDTH:0.420752
G1 X196.758 Y99.007 E.00439
;WIDTH:0.449999
G1 X196.66 Y98.937 E.00479
G1 X129.197 Y31.474 E3.79358
G1 E-.16 F2700
;WIPE_START
G1 F16800
G1 X132.161 Y34.438 E-.64
;WIPE_END
G1 X127.699 Y30.539 Z.783 F21000
G1 Z.68 F720
G1 E.8 F1500
G1 F8400
G1 X124.361 Y27.201 E.1877
G1 X124.233 Y26.315 F21000
;WIDTH:0.391504
G1 F8400
G1 X124.214 Y26.386 E.00249
G1 X124.285 Y26.367 E.00249
G1 X124.274 Y26.326 E.00144
;WIDTH:0.420752
G1 X124.317 Y26.482 E.00596
;WIDTH:0.449999
G1 X124.361 Y26.637 E.00641
G1 X128.325 Y30.602 E.22293
G1 X128.466 Y30.703 E.0069
;WIDTH:0.420752
G1 X128.607 Y30.804 E.00639
;WIDTH:0.391504
G1 X128.998 Y31.192 E.01869
G1 E-.16 F2700
;WIPE_START
G1 F16800
G1 X128.607 Y30.804 E-.0841
G1 X128.466 Y30.703 E-.02648
G1 X128.325 Y30.602 E-.02648
G1 X125.996 Y28.273 E-.50294
;WIPE_END
G1 X124.361 Y26.074 Z.728 F21000
G1 Z.68 F720
G1 E.8 F1500
;WIDTH:0.449999
G1 F8400
G1 X196.639 Y98.353 E4.06436
G1 X196.639 Y97.789 E.02243
G1 X124.361 Y25.51 E4.06436
G1 X124.361 Y24.947 E.02239
G1 X196.639 Y97.225 E4.06433
G1 X196.639 Y96.662 E.02239
G1 X124.361 Y24.383 E4.06436
G1 X124.361 Y23.82 E.02239
G1 X196.639 Y96.098 E4.06433
G1 X196.639 Y95.535 E.02239
G1 X124.361 Y23.256 E4.06436
G1 X124.361 Y22.693 E.02239
G1 X196.639 Y94.971 E4.06433
G1 X196.639 Y94.408 E.02239
G1 X124.361 Y22.129 E4.06436
G1 X124.361 Y21.565 E.02243
G1 X196.639 Y93.844 E4.06436
G1 X196.639 Y93.28 E.02243
G1 X124.361 Y21.002 E4.06433
G1 X124.361 Y20.438 E.02243
G1 X196.639 Y92.717 E4.06436
G1 X196.639 Y92.153 E.02243
G1 X124.361 Y19.875 E4.06433
G1 X124.361 Y19.311 E.02243
M73 Q38 S43
G1 X196.639 Y91.59 E4.06436
G1 X196.639 Y91.026 E.02243
G1 X124.361 Y18.748 E4.06433
G1 X124.361 Y18.184 E.02243
G1 X196.639 Y90.463 E4.06436
G1 X196.639 Y89.899 E.02243
G1 X124.361 Y17.621 E4.06433
G1 X124.361 Y17.057 E.02243
G1 X196.639 Y89.336 E4.06436
G1 X196.639 Y88.772 E.02243
G1 X124.361 Y16.493 E4.06436
G1 X124.361 Y15.93 E.02239
G1 X196.639 Y88.208 E4.06433
G1 X196.639 Y87.645 E.02239
M73 P39 R40
G1 X124.361 Y15.366 E4.06436
G1 X124.361 Y14.803 E.02239
G1 X196.639 Y87.081 E4.06433
G1 X196.639 Y86.518 E.02239
G1 X124.361 Y14.239 E4.06436
G1 X124.361 Y13.676 E.02239
G1 X196.639 Y85.954 E4.06433
G1 X196.639 Y85.391 E.02239
G1 X124.361 Y13.112 E4.06436
G1 X124.361 Y12.549 E.02239
G1 X196.639 Y84.827 E4.06433
G1 X196.639 Y84.264 E.02239
G1 X124.736 Y12.361 E4.04325
G1 X125.3 Y12.361 E.02243
G1 X196.639 Y83.7 E4.01153
G1 X196.639 Y83.136 E.02243
G1 X125.864 Y12.361 E3.97982
G1 X126.427 Y12.361 E.02239
G1 X196.639 Y82.573 E3.94816
G1 X196.639 Y82.009 E.02243
G1 X126.991 Y12.361 E3.91644
G1 X127.554 Y12.361 E.02239
G1 X196.639 Y81.446 E3.88478
G1 X196.639 Y80.882 E.02243
G1 X128.118 Y12.361 E3.85307
G1 X128.681 Y12.361 E.02239
G1 X196.639 Y80.319 E3.82141
G1 X196.639 Y79.755 E.02243
G1 X129.245 Y12.361 E3.7897
G1 X129.808 Y12.361 E.02239
G1 X196.639 Y79.192 E3.75804
G1 X196.639 Y78.628 E.02243
G1 X130.372 Y12.361 E3.72632
G1 X130.936 Y12.361 E.02243
G1 X196.639 Y78.064 E3.69461
G1 X196.639 Y77.501 E.02239
G1 X131.499 Y12.361 E3.66295
G1 X132.063 Y12.361 E.02243
G1 X196.639 Y76.937 E3.63123
G1 X196.639 Y76.374 E.02239
M73 Q39 S43
G1 X132.626 Y12.361 E3.59958
G1 X133.19 Y12.361 E.02243
G1 X196.639 Y75.81 E3.56786
G1 X196.639 Y75.247 E.02239
G1 X133.753 Y12.361 E3.5362
G1 X134.317 Y12.361 E.02243
G1 X196.639 Y74.683 E3.50449
G1 X196.639 Y74.12 E.02239
G1 X134.88 Y12.361 E3.47283
G1 X135.39 Y12.306 E.0204
G1 X196.639 Y73.556 E3.44418
G1 X196.639 Y72.992 E.02243
G1 X135.776 Y12.129 E3.42245
G1 X136.067 Y11.856 E.01587
G1 X196.639 Y72.429 E3.40611
G1 X196.639 Y71.865 E.02243
G1 X136.272 Y11.498 E3.39455
G1 X136.361 Y11.023 E.01922
G1 X196.639 Y71.302 E3.38958
G1 X196.639 Y70.738 E.02243
G1 X136.361 Y10.46 E3.38955
G1 X136.361 Y9.896 E.02243
G1 X196.639 Y70.175 E3.38958
G1 X196.639 Y69.611 E.02243
G1 X136.361 Y9.332 E3.38958
G1 X136.361 Y8.769 E.02239
G1 X196.639 Y69.048 E3.38958
G1 X196.639 Y68.484 E.02243
G1 X136.361 Y8.205 E3.38958
G1 X136.361 Y7.642 E.02239
G1 X196.639 Y67.92 E3.38955
G1 X196.639 Y67.357 E.02239
G1 X136.361 Y7.078 E3.38958
G1 X136.361 Y6.515 E.02239
G1 X196.639 Y66.793 E3.38955
G1 X196.639 Y66.23 E.02239
G1 X136.77 Y6.361 E3.36655
G1 X137.334 Y6.361 E.02243
G1 X196.639 Y65.666 E3.33484
G1 X196.639 Y65.103 E.02239
G1 X137.897 Y6.361 E3.30318
G1 X138.461 Y6.361 E.02243
G1 X196.639 Y64.539 E3.27146
G1 X196.639 Y63.976 E.02239
G1 X139.024 Y6.361 E3.2398
G1 X139.588 Y6.361 E.02243
G1 X196.662 Y63.435 E3.20938
G1 X196.814 Y63.023 E.01746
G1 X140.152 Y6.361 E3.18621
G1 X140.715 Y6.361 E.02239
G1 X197.061 Y62.706 E3.16842
G1 X197.393 Y62.475 E.01608
G1 X141.279 Y6.361 E3.1554
G1 X141.842 Y6.361 E.02239
G1 X197.833 Y62.351 E3.14845
G1 X198.556 Y62.479 E.02919
;WIDTH:0.391504
G1 X198.567 Y62.52 E.00144
G1 X198.496 Y62.539 E.00249
G1 X198.515 Y62.468 E.00249
;WIDTH:0.420752
G1 X198.45 Y62.404 E.00336
;WIDTH:0.449999
G1 X142.406 Y6.361 E3.15144
G1 X142.969 Y6.361 E.02239
G1 X198.948 Y62.339 E3.14778
G1 X199.512 Y62.339 E.02243
G1 X143.533 Y6.361 E3.14778
G1 X144.096 Y6.361 E.02239
G1 X200.075 Y62.339 E3.14778
G1 X200.639 Y62.339 E.02243
G1 X144.66 Y6.361 E3.14778
G1 X145.224 Y6.361 E.02243
G1 X201.202 Y62.339 E3.14775
G1 X201.766 Y62.339 E.02243
G1 X145.787 Y6.361 E3.14778
G1 X146.351 Y6.361 E.02243
G1 X202.329 Y62.339 E3.14775
G1 X202.893 Y62.339 E.02243
G1 X146.914 Y6.361 E3.14778
G1 X147.478 Y6.361 E.02243
G1 X203.456 Y62.339 E3.14775
G1 X203.612 Y62.383 E.00644
;WIDTH:0.420752
G1 X203.768 Y62.426 E.00596
;WIDTH:0.391504
G1 X203.779 Y62.467 E.00144
G1 X203.708 Y62.486 E.00249
G1 X203.727 Y62.415 E.00249
G1 E-.16 F2700
;WIPE_START
G1 F16800
G1 X203.708 Y62.486 E-.01122
G1 X203.779 Y62.467 E-.01122
G1 X203.768 Y62.426 E-.00648
G1 X203.612 Y62.383 E-.02471
G1 X203.456 Y62.339 E-.02475
G1 X200.855 Y59.738 E-.56162
;WIPE_END
G1 X196.664 Y54.983 Z.791 F21000
G1 Z.68 F720
G1 E.8 F1500
;WIDTH:0.449999
G1 F8400
G1 X148.041 Y6.361 E2.73414
G1 X148.605 Y6.361 E.02243
G1 X196.639 Y54.395 E2.70105
G1 X196.639 Y53.831 E.02243
G1 X149.169 Y6.361 E2.66933
G1 X149.732 Y6.361 E.02239
M73 P40 R40
G1 X196.639 Y53.268 E2.63767
G1 X196.639 Y52.704 E.02243
G1 X150.296 Y6.361 E2.60596
G1 X150.859 Y6.361 E.02239
G1 X196.639 Y52.141 E2.5743
G1 X196.639 Y51.577 E.02243
M73 P40 R39
G1 X151.423 Y6.361 E2.54258
G1 X151.986 Y6.361 E.02239
G1 X196.639 Y51.014 E2.51093
G1 X196.639 Y50.45 E.02243
G1 X152.55 Y6.361 E2.47921
G1 X153.113 Y6.361 E.02239
G1 X196.639 Y49.887 E2.44755
G1 X196.639 Y49.323 E.02243
G1 X153.677 Y6.361 E2.41584
G1 X154.241 Y6.361 E.02243
G1 X196.639 Y48.759 E2.38412
G1 X196.639 Y48.196 E.02239
G1 X154.804 Y6.361 E2.35246
G1 X155.368 Y6.361 E.02243
G1 X196.639 Y47.632 E2.32075
G1 X196.639 Y47.069 E.02239
G1 X155.931 Y6.361 E2.28909
G1 X156.495 Y6.361 E.02243
G1 X196.639 Y46.505 E2.25738
G1 X196.639 Y45.942 E.02239
G1 X157.058 Y6.361 E2.22572
G1 X157.622 Y6.361 E.02243
G1 X196.639 Y45.378 E2.194
G1 X196.639 Y44.815 E.02239
G1 X158.185 Y6.361 E2.16234
G1 X158.749 Y6.361 E.02243
G1 X196.639 Y44.251 E2.13063
G1 X196.639 Y43.687 E.02243
G1 X159.313 Y6.361 E2.09891
G1 X159.876 Y6.361 E.02239
G1 X196.639 Y43.124 E2.06726
G1 X196.639 Y42.56 E.02243
G1 X160.44 Y6.361 E2.03554
G1 X161.003 Y6.361 E.02239
G1 X196.639 Y41.997 E2.00388
G1 X196.639 Y41.433 E.02243
G1 X161.567 Y6.361 E1.97217
G1 X162.13 Y6.361 E.02239
G1 X196.639 Y40.87 E1.94051
G1 X196.639 Y40.306 E.02243
G1 X162.694 Y6.361 E1.90879
G1 X163.257 Y6.361 E.02239
M73 Q39 S42
G1 X196.639 Y39.743 E1.87713
G1 X196.639 Y39.179 E.02243
G1 X163.821 Y6.361 E1.84542
G1 X164.385 Y6.361 E.02243
G1 X196.639 Y38.615 E1.81371
G1 X196.639 Y38.052 E.02239
G1 X164.948 Y6.361 E1.78205
G1 X165.512 Y6.361 E.02243
G1 X196.639 Y37.488 E1.75033
G1 X196.639 Y36.925 E.02239
G1 X166.075 Y6.361 E1.71867
G1 X166.639 Y6.361 E.02243
G1 X196.639 Y36.361 E1.68696
G1 X196.639 Y35.798 E.02239
G1 X167.202 Y6.361 E1.6553
G1 X167.766 Y6.361 E.02243
G1 X196.639 Y35.234 E1.62359
G1 X196.639 Y34.671 E.02239
G1 X168.329 Y6.361 E1.59193
G1 X168.893 Y6.361 E.02243
G1 X196.639 Y34.107 E1.56021
G1 X196.639 Y33.543 E.02243
M73 Q40 S42
G1 X169.457 Y6.361 E1.5285
G1 X170.02 Y6.361 E.02239
G1 X196.639 Y32.98 E1.49684
G1 X196.639 Y32.416 E.02243
G1 X170.584 Y6.361 E1.46512
G1 X171.147 Y6.361 E.02239
G1 X196.639 Y31.853 E1.43346
G1 X196.639 Y31.289 E.02243
G1 X171.711 Y6.361 E1.40175
G1 X172.274 Y6.361 E.02239
G1 X196.639 Y30.726 E1.37009
G1 X196.639 Y30.162 E.02243
G1 X172.838 Y6.361 E1.33838
G1 X173.401 Y6.361 E.02239
G1 X196.639 Y29.599 E1.30672
G1 X196.639 Y29.035 E.02243
G1 X173.965 Y6.361 E1.275
G1 X174.529 Y6.361 E.02243
G1 X196.639 Y28.471 E1.24329
G1 X196.639 Y27.908 E.02239
G1 X175.092 Y6.361 E1.21163
G1 X175.656 Y6.361 E.02243
G1 X196.639 Y27.344 E1.17991
G1 X196.639 Y26.781 E.02239
G1 X176.219 Y6.361 E1.14826
G1 X176.783 Y6.361 E.02243
G1 X196.639 Y26.217 E1.11654
G1 X196.639 Y25.654 E.02239
G1 X177.346 Y6.361 E1.08488
G1 X177.91 Y6.361 E.02243
G1 X196.639 Y25.09 E1.05317
G1 X196.639 Y24.527 E.02239
G1 X178.473 Y6.361 E1.02151
G1 X179.037 Y6.361 E.02243
G1 X196.639 Y23.963 E.98979
G1 X196.639 Y23.399 E.02243
G1 X179.601 Y6.361 E.95808
G1 X180.164 Y6.361 E.02239
G1 X196.639 Y22.836 E.92642
G1 X196.639 Y22.272 E.02243
G1 X180.728 Y6.361 E.89471
G1 X181.291 Y6.361 E.02239
G1 X196.639 Y21.709 E.86305
G1 X196.639 Y21.145 E.02243
G1 X181.855 Y6.361 E.83133
G1 X182.418 Y6.361 E.02239
G1 X196.639 Y20.582 E.79967
G1 X196.639 Y20.018 E.02243
G1 X182.982 Y6.361 E.76796
G1 X183.545 Y6.361 E.02239
G1 X196.639 Y19.455 E.7363
G1 X196.639 Y18.891 E.02243
G1 X184.109 Y6.361 E.70459
G1 X184.673 Y6.361 E.02243
G1 X196.639 Y18.327 E.67287
G1 X196.639 Y17.764 E.02239
G1 X185.236 Y6.361 E.64121
G1 X185.8 Y6.361 E.02243
G1 X196.639 Y17.2 E.6095
G1 X196.639 Y16.637 E.02239
G1 X186.363 Y6.361 E.57784
G1 X186.927 Y6.361 E.02243
G1 X196.639 Y16.073 E.54612
G1 X196.639 Y15.51 E.02239
G1 X187.49 Y6.361 E.51447
G1 X188.054 Y6.361 E.02243
G1 X196.639 Y14.946 E.48275
G1 X196.639 Y14.383 E.02239
G1 X188.617 Y6.361 E.45109
G1 X189.181 Y6.361 E.02243
G1 X196.639 Y13.819 E.41938
G1 X196.639 Y13.255 E.02243
G1 X189.745 Y6.361 E.38766
G1 X190.308 Y6.361 E.02239
G1 X196.639 Y12.692 E.356
G1 X196.639 Y12.128 E.02243
G1 X190.872 Y6.361 E.32429
G1 X191.435 Y6.361 E.02239
G1 X196.639 Y11.565 E.29263
G1 X196.639 Y11.001 E.02243
G1 X191.999 Y6.361 E.26092
G1 X192.562 Y6.361 E.02239
G1 X196.639 Y10.438 E.22926
G1 X196.639 Y9.874 E.02243
G1 X193.126 Y6.361 E.19754
G1 X193.69 Y6.361 E.02243
G1 X196.639 Y9.31 E.16583
G1 X196.639 Y8.747 E.02239
G1 X194.253 Y6.361 E.13417
G1 X194.653 Y6.15 E.01798
;WIDTH:0.391504
G1 X194.634 Y6.221 E.00249
G1 X194.705 Y6.202 E.00249
G1 X194.694 Y6.161 E.00144
;WIDTH:0.420752
G1 X194.755 Y6.261 E.00432
;WIDTH:0.449999
G1 X194.817 Y6.361 E.00468
G1 X196.639 Y8.183 E.10245
G1 E-.16 F2700
;WIPE_START
G1 F16800
G1 X194.817 Y6.361 E-.39341
G1 X194.755 Y6.261 E-.01796
G1 X194.694 Y6.161 E-.01788
G1 X194.705 Y6.202 E-.00648
G1 X194.634 Y6.221 E-.01122
G1 X194.653 Y6.15 E-.01122
G1 X194.253 Y6.361 E-.06905
G1 X194.775 Y6.883 E-.11278
;WIPE_END
G1 X195.521 Y6.502 Z.695 F21000
G1 Z.68 F720
G1 E.8 F1500
G1 F8400
G1 X196.639 Y7.62 E.06287
G1 X196.639 Y6.361 E.05006
G1 X195.38 Y6.361 E.05006
G1 E-.16 F2700
;WIPE_START
G1 F16800
G1 X196.639 Y6.361 E-.19222
G1 X196.639 Y7.62 E-.19222
G1 X195.521 Y6.502 E-.2414
;WIPE_END
G1 E-.01416 F2700
G1 X196.317 Y35.519 Z1.187 F21000
G1 X196.375 Y37.657 Z1.22
G1 X196.434 Y39.794 Z1.246
G1 X196.493 Y41.932 Z1.265
G1 X196.61 Y46.207 Z1.28
G1 X196.853 Y55.056
G1 Z.68 F720
G1 E.8 F1500
;WIDTH:0.391504
G1 F8400
G1 X196.843 Y55.265 E.0071
G1 X197.081 Y55.559 E.01283
G1 X197.432 Y55.858 E.01564
;WIDTH:0.420752
G1 X197.573 Y55.946 E.00612
;WIDTH:0.449999
G1 X197.714 Y56.033 E.00659
G1 X204.02 Y62.339 E.3546
G1 X204.584 Y62.339 E.02243
G1 X198.305 Y56.061 E.35305
G1 X198.869 Y56.061 E.02243
G1 X205.147 Y62.339 E.35302
G1 X205.711 Y62.339 E.02243
G1 X199.432 Y56.061 E.35305
G1 X199.996 Y56.061 E.02243
G1 X206.274 Y62.339 E.35302
G1 X206.838 Y62.339 E.02243
G1 X200.559 Y56.061 E.35305
G1 X201.123 Y56.061 E.02243
G1 X207.401 Y62.339 E.35302
G1 X207.965 Y62.339 E.02243
G1 X201.686 Y56.061 E.35305
G1 X202.25 Y56.061 E.02243
G1 X208.528 Y62.339 E.35302
G1 X209.092 Y62.339 E.02243
G1 X202.813 Y56.061 E.35305
G1 X203.377 Y56.061 E.02243
G1 X209.656 Y62.339 E.35305
G1 X210.219 Y62.339 E.02239
G1 X203.941 Y56.061 E.35302
G1 X204.504 Y56.061 E.02239
G1 X210.783 Y62.339 E.35305
G1 X211.346 Y62.339 E.02239
G1 X205.068 Y56.061 E.35302
G1 X205.631 Y56.061 E.02239
G1 X211.91 Y62.339 E.35305
G1 X212.473 Y62.339 E.02239
G1 X206.195 Y56.061 E.35302
G1 X206.758 Y56.061 E.02239
G1 X213.037 Y62.339 E.35305
G1 X213.6 Y62.339 E.02239
G1 X207.322 Y56.061 E.35302
G1 X207.885 Y56.061 E.02239
G1 X214.164 Y62.339 E.35305
G1 X214.728 Y62.339 E.02243
G1 X208.449 Y56.061 E.35305
G1 X209.013 Y56.061 E.02243
G1 X215.291 Y62.339 E.35302
G1 X215.855 Y62.339 E.02243
G1 X209.576 Y56.061 E.35305
G1 X210.14 Y56.061 E.02243
G1 X216.418 Y62.339 E.35302
G1 X216.982 Y62.339 E.02243
G1 X210.703 Y56.061 E.35305
G1 X211.267 Y56.061 E.02243
G1 X217.545 Y62.339 E.35302
G1 X218.109 Y62.339 E.02243
G1 X211.83 Y56.061 E.35305
G1 X212.394 Y56.061 E.02243
G1 X218.672 Y62.339 E.35302
G1 X219.236 Y62.339 E.02243
G1 X212.957 Y56.061 E.35305
G1 X213.521 Y56.061 E.02243
G1 X219.8 Y62.339 E.35305
G1 X220.363 Y62.339 E.02239
G1 X214.085 Y56.061 E.35302
G1 X214.648 Y56.061 E.02239
G1 X220.927 Y62.339 E.35305
G1 X221.49 Y62.339 E.02239
G1 X215.212 Y56.061 E.35302
G1 X215.775 Y56.061 E.02239
G1 X222.054 Y62.339 E.35305
G1 X222.617 Y62.339 E.02239
G1 X216.339 Y56.061 E.35302
G1 X216.902 Y56.061 E.02239
G1 X223.181 Y62.339 E.35305
G1 X223.744 Y62.339 E.02239
G1 X217.466 Y56.061 E.35302
G1 X218.029 Y56.061 E.02239
G1 X224.308 Y62.339 E.35305
G1 X224.872 Y62.339 E.02243
G1 X218.593 Y56.061 E.35305
G1 X219.157 Y56.061 E.02243
G1 X225.435 Y62.339 E.35302
G1 X225.999 Y62.339 E.02243
G1 X219.72 Y56.061 E.35305
G1 X220.284 Y56.061 E.02243
G1 X226.562 Y62.339 E.35302
G1 X227.126 Y62.339 E.02243
G1 X220.847 Y56.061 E.35305
G1 X221.411 Y56.061 E.02243
G1 X227.689 Y62.339 E.35302
G1 X228.253 Y62.339 E.02243
G1 X221.974 Y56.061 E.35305
G1 X222.538 Y56.061 E.02243
G1 X228.817 Y62.339 E.35305
G1 X229.38 Y62.339 E.02239
G1 X223.101 Y56.061 E.35305
G1 X223.665 Y56.061 E.02243
G1 X229.944 Y62.339 E.35305
G1 X230.507 Y62.339 E.02239
G1 X224.229 Y56.061 E.35302
G1 X224.792 Y56.061 E.02239
G1 X231.071 Y62.339 E.35305
G1 X231.634 Y62.339 E.02239
G1 X225.356 Y56.061 E.35302
G1 X225.919 Y56.061 E.02239
G1 X231.639 Y61.781 E.32165
G1 X231.639 Y61.217 E.02243
G1 X226.483 Y56.061 E.28993
G1 X227.046 Y56.061 E.02239
G1 X231.639 Y60.654 E.25827
G1 X231.639 Y60.09 E.02243
G1 X227.61 Y56.061 E.22656
G1 X228.173 Y56.061 E.02239
G1 X231.639 Y59.527 E.1949
G1 X231.639 Y58.963 E.02243
G1 X228.737 Y56.061 E.16319
G1 X229.301 Y56.061 E.02243
G1 X231.639 Y58.399 E.13147
G1 X231.639 Y57.836 E.02239
G1 X229.864 Y56.061 E.09981
G1 X231.639 Y56.061 E.07058
G1 X231.639 Y57.272 E.04815
G1 X230.569 Y56.202 E.06017
G1 E-.16 F2700
;WIPE_START
G1 F16800
G1 X231.639 Y57.272 E-.23103
G1 X231.639 Y56.061 E-.18489
G1 X230.171 Y56.061 E-.22408
;WIPE_END
G1 X212.951 Y79.43 Z1.187 F21000
G1 X211.682 Y81.151 Z1.22
G1 X210.414 Y82.873 Z1.246
G1 X209.145 Y84.594 Z1.265
G1 X206.608 Y88.037 Z1.28
G1 X197.763 Y100.04
G1 Z.68 F720
G1 E.8 F1500
G1 F8400
G1 X231.639 Y133.916 E1.90491
G1 X231.639 Y133.353 E.02239
G1 X198.347 Y100.061 E1.87207
G1 X198.911 Y100.061 E.02243
G1 X231.639 Y132.789 E1.84036
G1 X231.639 Y132.225 E.02243
G1 X199.475 Y100.061 E1.80864
G1 X200.038 Y100.061 E.02239
G1 X231.639 Y131.662 E1.77699
G1 X231.639 Y131.098 E.02243
G1 X200.602 Y100.061 E1.74527
G1 X201.165 Y100.061 E.02239
G1 X231.639 Y130.535 E1.71361
G1 X231.639 Y129.971 E.02243
G1 X201.729 Y100.061 E1.6819
G1 X202.292 Y100.061 E.02239
G1 X231.639 Y129.408 E1.65024
G1 X231.639 Y128.844 E.02243
G1 X202.856 Y100.061 E1.61852
G1 X203.42 Y100.061 E.02243
G1 X231.639 Y128.28 E1.58681
G1 X231.639 Y127.717 E.02239
G1 X203.983 Y100.061 E1.55515
G1 X204.547 Y100.061 E.02243
G1 X231.639 Y127.153 E1.52344
G1 X231.639 Y126.59 E.02239
G1 X205.11 Y100.061 E1.49178
G1 X205.674 Y100.061 E.02243
G1 X231.639 Y126.026 E1.46006
G1 X231.639 Y125.463 E.02239
G1 X206.237 Y100.061 E1.4284
G1 X206.801 Y100.061 E.02243
G1 X231.639 Y124.899 E1.39669
G1 X231.639 Y124.336 E.02239
G1 X207.364 Y100.061 E1.36503
G1 X207.928 Y100.061 E.02243
G1 X231.639 Y123.772 E1.33332
G1 X231.639 Y123.208 E.02243
G1 X208.492 Y100.061 E1.3016
G1 X209.055 Y100.061 E.02239
G1 X231.639 Y122.645 E1.26994
G1 X231.639 Y122.081 E.02243
G1 X209.619 Y100.061 E1.23823
G1 X210.182 Y100.061 E.02239
G1 X231.639 Y121.518 E1.20657
G1 X231.639 Y120.954 E.02243
G1 X210.746 Y100.061 E1.17485
G1 X211.309 Y100.061 E.02239
G1 X231.639 Y120.391 E1.1432
G1 X231.639 Y119.827 E.02243
G1 X211.873 Y100.061 E1.11148
G1 X212.436 Y100.061 E.02239
G1 X231.639 Y119.264 E1.07982
G1 X231.639 Y118.7 E.02243
G1 X213 Y100.061 E1.04811
G1 X213.564 Y100.061 E.02243
G1 X231.639 Y118.136 E1.01639
G1 X231.639 Y117.573 E.02239
G1 X214.127 Y100.061 E.98473
G1 X214.691 Y100.061 E.02243
G1 X231.639 Y117.009 E.95302
G1 X231.639 Y116.446 E.02239
G1 X215.254 Y100.061 E.92136
G1 X215.818 Y100.061 E.02243
G1 X231.639 Y115.882 E.88965
G1 X231.639 Y115.319 E.02239
G1 X216.381 Y100.061 E.85799
G1 X216.945 Y100.061 E.02243
G1 X231.639 Y114.755 E.82627
G1 X231.639 Y114.192 E.02239
G1 X217.508 Y100.061 E.79461
G1 X218.072 Y100.061 E.02243
G1 X231.639 Y113.628 E.7629
G1 X231.639 Y113.064 E.02243
G1 X218.636 Y100.061 E.73118
G1 X219.199 Y100.061 E.02239
G1 X231.639 Y112.501 E.69953
G1 X231.639 Y111.937 E.02243
G1 X219.763 Y100.061 E.66781
G1 X220.326 Y100.061 E.02239
G1 X231.639 Y111.374 E.63615
G1 X231.639 Y110.81 E.02243
G1 X220.89 Y100.061 E.60444
G1 X221.453 Y100.061 E.02239
M73 P41 R39
G1 X231.639 Y110.247 E.57278
G1 X231.639 Y109.683 E.02243
G1 X222.017 Y100.061 E.54106
G1 X222.58 Y100.061 E.02239
G1 X231.639 Y109.12 E.50941
G1 X231.639 Y108.556 E.02243
G1 X223.144 Y100.061 E.47769
G1 X223.708 Y100.061 E.02243
G1 X231.639 Y107.992 E.44598
G1 X231.639 Y107.429 E.02239
G1 X224.271 Y100.061 E.41432
G1 X224.835 Y100.061 E.02243
G1 X231.639 Y106.865 E.3826
G1 X231.639 Y106.302 E.02239
G1 X225.398 Y100.061 E.35094
G1 X225.962 Y100.061 E.02243
G1 X231.639 Y105.738 E.31923
G1 X231.639 Y105.175 E.02239
G1 X226.525 Y100.061 E.28757
G1 X227.089 Y100.061 E.02243
G1 X231.639 Y104.611 E.25586
G1 X231.639 Y104.048 E.02239
G1 X227.652 Y100.061 E.2242
G1 X228.216 Y100.061 E.02243
G1 X231.639 Y103.484 E.19248
G1 X231.639 Y102.92 E.02243
G1 X228.78 Y100.061 E.16077
G1 X229.343 Y100.061 E.02239
G1 X231.639 Y102.357 E.12911
G1 X231.639 Y101.793 E.02243
G1 X229.907 Y100.061 E.09739
G1 X230.643 Y100.132 E.0294
;WIDTH:0.593156
G1 F6923.264
G1 X231.568 Y100.132 E.04999
G1 X231.568 Y101.057 E.04999
G1 X230.784 Y100.273 E.05992
G1 E-.16 F2700
;WIPE_START
G1 F16800
G1 X231.568 Y101.057 E-.16928
G1 X231.568 Y100.132 E-.14123
G1 X230.643 Y100.132 E-.14123
G1 X229.907 Y100.061 E-.11289
G1 X230.256 Y100.41 E-.07537
;WIPE_END
G1 X201.748 Y105.883 Z1.187 F21000
G1 X199.648 Y106.286 Z1.22
G1 X197.548 Y106.689 Z1.246
G1 X195.448 Y107.092 Z1.265
G1 X191.249 Y107.898 Z1.28
G1 X124.889 Y120.637
G1 Z.68 F720
G1 E.8 F1500
;WIDTH:0.449999
G1 F8400
G1 X124.941 Y120.577 E.00316
G1 X125.127 Y120.431 E.0094
G1 X125.673 Y120.193 E.02368
G1 X125.998 Y120.135 E.01313
G1 X124.759 Y118.896 E.06967
G1 X124.759 Y120.789 E.07527
G1 X125.171 Y119.87 F21000
;WIDTH:0.505894
G1 F8252.823
G1 X125.131 Y119.911 E.0026
G1 X125.145 Y119.965 E.00253
G1 X125.2 Y119.98 E.00258
G1 X125.241 Y119.94 E.0026
G1 X125.226 Y119.885 E.00258
G1 E-.16 F2700
;WIPE_START
G1 F16800
G1 X125.241 Y119.94 E-.0087
G1 X125.2 Y119.98 E-.00875
G1 X125.145 Y119.965 E-.0087
G1 X125.131 Y119.911 E-.00852
G1 X125.171 Y119.87 E-.00875
;WIPE_END
G1 E-.59658 F2700
G1 X125.037 Y90.842 Z1.187 F21000
G1 X125.027 Y88.704 Z1.22
G1 X125.017 Y86.566 Z1.246
G1 X125.007 Y84.427 Z1.265
G1 X124.987 Y80.151 Z1.28
G1 X124.759 Y30.789
G1 Z.68 F720
G1 E.8 F1500
;WIDTH:0.449999
G1 F8400
G1 X124.759 Y28.727 E.08199
G1 X126.173 Y30.141 E.07951
G1 X125.673 Y30.193 E.01999
G1 X125.127 Y30.431 E.02368
G1 X124.941 Y30.577 E.0094
G1 X124.889 Y30.637 E.00316
G1 X125.21 Y29.792 F21000
;WIDTH:0.58978
G1 F6966.686
G1 X125.163 Y29.84 E.00361
G1 X125.18 Y29.905 E.00361
G1 X125.245 Y29.922 E.00361
G1 X125.293 Y29.875 E.00361
G1 X125.275 Y29.81 E.00362
G1 E-.16 F2700
;WIPE_START
G1 F16800
G1 X125.293 Y29.875 E-.0103
G1 X125.245 Y29.922 E-.01026
G1 X125.18 Y29.905 E-.01026
G1 X125.163 Y29.84 E-.01026
G1 X125.21 Y29.792 E-.01026
;WIPE_END
G1 E-.58866 F2700
G1 X102.273 Y47.583 Z1.187 F21000
G1 X100.583 Y48.894 Z1.22
G1 X98.894 Y50.205 Z1.246
G1 X97.204 Y51.515 Z1.265
G1 X93.825 Y54.136 Z1.28
G1 X7.384 Y121.185
G1 Z.68 F720
G1 E.8 F1500
;TYPE:Perimeter
;WIDTH:0.449999
G1 F3000
G1 X7.477 Y121.077 E.00567
G1 X7.795 Y120.918 E.01414
G1 X8.074 Y120.878 E.01121
G1 X9.926 Y120.878 E.07364
G1 X10.304 Y120.952 E.01532
G1 X10.607 Y121.148 E.01435
G1 X10.831 Y121.458 E.01521
G1 X10.922 Y121.83 E.01523
G1 X10.922 Y127.526 E.22648
G1 X10.849 Y127.9 E.01515
G1 X10.668 Y128.19 E.01359
G1 X10.368 Y128.418 E.01498
G1 X10.034 Y128.522 E.01391
G1 X8.074 Y128.522 E.07793
G1 X7.795 Y128.482 E.01121
G1 X7.477 Y128.323 E.01414
G1 X7.195 Y127.995 E.0172
G1 X7.078 Y127.654 E.01433
G1 X7.078 Y121.874 E.22982
G1 X7.195 Y121.405 E.01922
G1 X7.345 Y121.231 E.00913
G1 X7.66 Y121.461 F21000
G1 F3000
G1 X7.716 Y121.396 E.00341
G1 X7.955 Y121.277 E.01062
G1 X9.926 Y121.277 E.07837
G1 X10.204 Y121.345 E.01138
G1 X10.422 Y121.542 E.01168
G1 X10.523 Y121.825 E.01195
G1 X10.523 Y127.526 E.22668
G1 X10.453 Y127.808 E.01155
G1 X10.371 Y127.924 E.00565
G1 X10.141 Y128.083 E.01112
G1 X9.926 Y128.123 E.0087
G1 X8.074 Y128.123 E.07364
G1 X7.907 Y128.1 E.0067
G1 X7.716 Y128.004 E.0085
G1 X7.547 Y127.807 E.01032
G1 X7.477 Y127.526 E.01151
G1 X7.477 Y121.874 E.22473
G1 X7.547 Y121.593 E.01151
G1 X7.621 Y121.507 E.00451
M204 T250
G1 X7.94 Y121.745 F21000
M204 T7000
;TYPE:External perimeter
G1 F3000
G1 X7.955 Y121.715 E.00133
G1 X8.074 Y121.675 E.00499
G1 X9.926 Y121.675 E.07364
G1 X10.075 Y121.742 E.0065
G1 X10.125 Y121.874 E.00561
G1 F2999.998
G1 X10.125 Y127.526 E.22473
G1 F3000
G1 X10.074 Y127.659 E.00566
G1 X9.926 Y127.725 E.00644
G1 X8.074 Y127.725 E.07364
G1 X7.955 Y127.685 E.00499
G1 X7.875 Y127.526 E.00708
G1 F2999.998
G1 X7.875 Y121.874 E.22473
G1 F3000
G1 X7.913 Y121.798 E.00338
G1 E-.16 F2700
;WIPE_START
G1 F16800
G1 X7.94 Y121.745 E-.00908
G1 X7.955 Y121.715 E-.00512
G1 X8.074 Y121.675 E-.01917
G1 X9.926 Y121.675 E-.28276
G1 X10.075 Y121.742 E-.02494
G1 X10.125 Y121.874 E-.02155
G1 X10.125 Y123.691 E-.27738
;WIPE_END
G1 X9.195 Y94.678 Z1.187 F21000
G1 X9.126 Y92.54 Z1.22
G1 X9.058 Y90.403 Z1.246
G1 X8.989 Y88.266 Z1.265
G1 X8.852 Y83.992 Z1.28
G1 X7.384 Y38.215
G1 Z.68 F720
G1 E.8 F1500
;TYPE:Perimeter
G1 F3000
G1 X7.195 Y37.995 E.01153
G1 X7.078 Y37.654 E.01433
G1 X7.078 Y31.874 E.22982
G1 X7.195 Y31.405 E.01922
G1 X7.477 Y31.077 E.0172
G1 X7.795 Y30.918 E.01414
G1 X8.074 Y30.878 E.01121
G1 X9.926 Y30.878 E.07364
G1 X10.304 Y30.953 E.01532
G1 X10.608 Y31.148 E.01436
G1 X10.829 Y31.454 E.01501
G1 X10.922 Y31.82 E.01502
G1 X10.922 Y37.526 E.22688
G1 X10.854 Y37.887 E.01461
G1 X10.666 Y38.193 E.01428
G1 X10.382 Y38.411 E.01424
G1 X10.039 Y38.522 E.01433
G1 X8.074 Y38.522 E.07813
G1 X7.795 Y38.482 E.01121
G1 X7.477 Y38.323 E.01414
G1 X7.423 Y38.261 E.00327
G1 X7.66 Y37.939 F21000
G1 F3000
G1 X7.547 Y37.807 E.00691
G1 X7.477 Y37.526 E.01151
G1 X7.477 Y31.874 E.22473
G1 X7.547 Y31.593 E.01151
G1 X7.716 Y31.396 E.01032
G1 X7.955 Y31.277 E.01062
G1 X9.926 Y31.277 E.07837
G1 X10.204 Y31.345 E.01138
G1 X10.413 Y31.528 E.01105
G1 X10.523 Y31.81 E.01204
G1 X10.523 Y37.526 E.22728
G1 X10.455 Y37.804 E.01138
G1 X10.277 Y38.009 E.0108
G1 X9.998 Y38.123 E.01198
G1 X8.074 Y38.123 E.0765
G1 X7.907 Y38.1 E.0067
G1 X7.716 Y38.004 E.0085
G1 X7.699 Y37.985 E.00101
M204 T250
G1 X7.94 Y37.655 F21000
M204 T7000
;TYPE:External perimeter
G1 F3000
G1 X7.875 Y37.526 E.00574
G1 F2999.998
G1 X7.875 Y31.874 E.22473
G1 F3000
G1 X7.955 Y31.715 E.00708
G1 X8.074 Y31.675 E.00499
G1 X9.926 Y31.675 E.07364
G1 X10.076 Y31.744 E.00657
G1 X10.125 Y31.874 E.00552
G1 F2999.998
G1 X10.125 Y37.526 E.22473
G1 F3000
G1 X10.061 Y37.672 E.00634
G1 X9.926 Y37.725 E.00577
G1 X8.074 Y37.725 E.07364
G1 X7.98 Y37.694 E.00394
G1 E-.16 F2700
;WIPE_START
G1 F16800
G1 X7.94 Y37.655 E-.00853
G1 X7.875 Y37.526 E-.02205
G1 X7.875 Y33.535 E-.60942
;WIPE_END
G1 X33.285 Y47.569 Z1.187 F21000
G1 X35.157 Y48.603 Z1.22
G1 X37.029 Y49.637 Z1.246
G1 X38.9 Y50.671 Z1.265
G1 X42.644 Y52.738 Z1.28
G1 X79.275 Y72.97
G1 Z.68 F720
G1 E.8 F1500
M73 Q41 S42
;TYPE:Perimeter
G1 F4200
G1 X79.256 Y72.984 E.00094
G1 X79.052 Y73.299 E.01492
G1 X78.978 Y73.674 E.0152
G1 X78.978 Y153.378 E3.16919
G1 X18.022 Y153.378 E2.42373
G1 X18.022 Y148.276 E.20287
G1 X17.907 Y147.91 E.01525
G1 X17.698 Y147.639 E.01361
G1 X17.397 Y147.45 E.01413
G1 X17.026 Y147.378 E.01503
G1 X6.022 Y147.378 E.43754
G1 X6.022 Y6.022 E5.6206
G1 X113.978 Y6.022 E4.29255
G1 X113.978 Y72.678 E2.65038
G1 X79.928 Y72.679 E1.3539
G1 X79.558 Y72.769 E.01514
G1 X79.324 Y72.935 E.01141
G1 X79.563 Y73.263 F21000
G1 F4200
G1 X79.446 Y73.395 E.00701
G1 X79.377 Y73.674 E.01143
G1 X79.377 Y153.777 E3.18505
G1 X17.623 Y153.777 E2.45546
G1 X17.623 Y148.313 E.21726
G1 X17.516 Y148.032 E.01196
G1 X17.31 Y147.849 E.01096
G1 X17.026 Y147.777 E.01165
G1 X5.623 Y147.777 E.45341
G1 X5.623 Y5.623 E5.65233
G1 X114.377 Y5.623 E4.32428
G1 X114.377 Y73.077 E2.68211
M73 Q41 S41
G1 X79.906 Y73.08 E1.37064
G1 X79.635 Y73.182 E.01151
G1 X79.603 Y73.219 E.00195
M204 T250
G1 X79.836 Y73.542 F21000
M204 T7000
;TYPE:External perimeter
G1 F3000
G1 X79.775 Y73.674 E.00578
G1 F2999.998
G1 X79.775 Y154.175 E3.20088
G1 X17.225 Y154.175 E2.48711
M73 P41 R38
G1 X17.225 Y148.374 E.23066
G1 F3000
G1 X17.177 Y148.244 E.00551
G1 X17.026 Y148.175 E.0066
G1 F2999.998
G1 X5.225 Y148.175 E.46923
G1 X5.225 Y5.225 E5.68398
G1 X114.775 Y5.225 E4.35593
G1 X114.775 Y73.475 E2.71376
G1 X79.974 Y73.475 E1.38376
G1 F3000
G1 X79.881 Y73.509 E.00394
G1 E-.16 F2700
;WIPE_START
G1 F16800
G1 X79.836 Y73.542 E-.00852
G1 X79.775 Y73.674 E-.0222
G1 X79.775 Y77.665 E-.60928
;WIPE_END
G1 X58.665 Y97.591 Z1.187 F21000
G1 X57.11 Y99.058 Z1.22
G1 X55.556 Y100.526 Z1.246
G1 X54.001 Y101.994 Z1.265
G1 X50.891 Y104.929 Z1.28
G1 X6.393 Y146.931
G1 Z.68 F720
G1 E.8 F1500
;TYPE:Solid infill
;WIDTH:0.546684
G1 F7573.004
G1 X6.349 Y146.975 E.00307
G1 X6.365 Y147.035 E.00307
G1 X6.425 Y147.051 E.00307
G1 X6.469 Y147.007 E.00307
G1 X6.453 Y146.947 E.00307
;WIDTH:0.449999
G1 F8400
G1 X6.361 Y146.311 E.02555
G1 X7.089 Y147.039 E.04094
G1 X7.653 Y147.039 E.02243
G1 X6.361 Y145.747 E.07265
G1 X6.361 Y145.184 E.02239
G1 X8.216 Y147.039 E.10431
G1 X8.78 Y147.039 E.02243
G1 X6.361 Y144.62 E.13603
G1 X6.361 Y144.056 E.02243
G1 X9.344 Y147.039 E.16774
G1 X9.907 Y147.039 E.02239
G1 X6.361 Y143.493 E.1994
G1 X6.361 Y142.929 E.02243
G1 X10.471 Y147.039 E.23111
G1 X11.034 Y147.039 E.02239
G1 X6.361 Y142.366 E.26277
G1 X6.361 Y141.802 E.02243
G1 X11.598 Y147.039 E.29449
G1 X12.161 Y147.039 E.02239
G1 X6.361 Y141.239 E.32615
G1 X6.361 Y140.675 E.02243
G1 X12.725 Y147.039 E.35786
G1 X13.288 Y147.039 E.02239
G1 X6.361 Y140.112 E.38952
G1 X6.361 Y139.548 E.02243
G1 X13.852 Y147.039 E.42123
G1 X14.416 Y147.039 E.02243
G1 X6.361 Y138.984 E.45295
G1 X6.361 Y138.421 E.02239
G1 X14.979 Y147.039 E.48461
G1 X15.543 Y147.039 E.02243
G1 X6.361 Y137.857 E.51632
G1 X6.361 Y137.294 E.02239
G1 X16.106 Y147.039 E.54798
G1 X16.67 Y147.039 E.02243
G1 X6.361 Y136.73 E.5797
G1 X6.361 Y136.167 E.02239
G1 X17.255 Y147.061 E.61259
G1 X17.396 Y147.15 E.00663
;WIDTH:0.420752
G1 X17.537 Y147.24 E.00616
;WIDTH:0.391504
G1 X17.718 Y147.367 E.0075
G1 X18.162 Y147.86 E.02251
G1 E-.16 F2700
;WIPE_START
G1 F16800
G1 X17.718 Y147.367 E-.1013
G1 X17.537 Y147.24 E-.03376
G1 X17.396 Y147.15 E-.02554
G1 X17.255 Y147.061 E-.02546
G1 X15.153 Y144.959 E-.45394
;WIPE_END
G1 X18.291 Y153.057 Z.832 F21000
G1 Z.68 F720
G1 E.8 F1500
G1 F8400
G1 X18.272 Y153.128 E.00249
G1 X18.343 Y153.109 E.00249
G1 X18.332 Y153.068 E.00144
;WIDTH:0.420752
G1 X18.347 Y152.871 E.00728
;WIDTH:0.449999
G1 X18.361 Y152.675 E.00781
G1 X18.725 Y153.039 E.02047
G1 X18.816 Y153.109 E.00457
;WIDTH:0.420752
G1 X18.908 Y153.179 E.00426
;WIDTH:0.391504
G1 X18.919 Y153.22 E.00144
G1 X18.848 Y153.239 E.00249
G1 X18.867 Y153.168 E.00249
;WIDTH:0.449999
G1 X19.288 Y153.039 E.01751
G1 X18.361 Y152.112 E.05213
G1 X18.361 Y151.548 E.02243
G1 X19.852 Y153.039 E.08384
G1 X20.416 Y153.039 E.02243
G1 X18.361 Y150.984 E.11556
G1 X18.361 Y150.421 E.02239
G1 X20.979 Y153.039 E.14722
G1 X21.543 Y153.039 E.02243
G1 X18.361 Y149.857 E.17893
G1 X18.361 Y149.294 E.02239
G1 X22.106 Y153.039 E.21059
G1 X22.67 Y153.039 E.02243
G1 X18.361 Y148.73 E.2423
G1 X18.336 Y148.142 E.0234
G1 X23.233 Y153.039 E.27537
G1 X23.369 Y153.077 E.00561
;WIDTH:0.420752
G1 X23.504 Y153.115 E.00517
;WIDTH:0.391504
G1 X23.485 Y153.186 E.00249
G1 X23.556 Y153.167 E.00249
G1 X23.545 Y153.126 E.00144
;WIDTH:0.449999
G1 X23.797 Y153.039 E.0106
G1 X6.361 Y135.603 E.98046
G1 X6.361 Y135.04 E.02239
G1 X24.36 Y153.039 E1.01212
G1 X24.924 Y153.039 E.02243
G1 X6.361 Y134.476 E1.04383
G1 X6.361 Y133.912 E.02243
G1 X25.488 Y153.039 E1.07555
G1 X26.051 Y153.039 E.02239
G1 X6.361 Y133.349 E1.10721
G1 X6.361 Y132.785 E.02243
G1 X26.615 Y153.039 E1.13892
G1 X27.178 Y153.039 E.02239
G1 X6.361 Y132.222 E1.17058
G1 X6.361 Y131.658 E.02243
G1 X27.742 Y153.039 E1.2023
G1 X28.305 Y153.039 E.02239
G1 X6.361 Y131.095 E1.23395
G1 X6.361 Y130.531 E.02243
G1 X28.869 Y153.039 E1.26567
G1 X29.432 Y153.039 E.02239
G1 X6.361 Y129.968 E1.29733
G1 X6.361 Y129.404 E.02243
G1 X29.996 Y153.039 E1.32904
G1 X30.56 Y153.039 E.02243
G1 X6.361 Y128.84 E1.36076
G1 X6.361 Y128.277 E.02239
G1 X31.123 Y153.039 E1.39242
G1 X31.687 Y153.039 E.02243
G1 X6.361 Y127.713 E1.42413
G1 X6.529 Y127.328 E.0167
;WIDTH:0.440053
G1 X6.744 Y127.523 E.01125
G1 X6.744 Y121.882 E.2187
;WIDTH:0.449999
G1 X6.881 Y121.292 E.02408
G1 X7.243 Y120.836 E.02315
G1 X7.729 Y120.587 E.02171
G1 X8.078 Y120.539 E.01401
G1 X8.767 Y120.539 E.0274
G1 X6.361 Y118.133 E.13529
G1 X6.359 Y121.786 E.14525
;WIDTH:0.445941
G1 X6.356 Y121.882 E.00378
;WIDTH:0.440053
G1 X6.356 Y127.276 E.20912
G1 E-.16 F2700
;WIPE_START
G1 F16800
G1 X6.356 Y123.084 E-.64
;WIPE_END
G1 X7.779 Y128.679 Z.781 F21000
G1 Z.68 F720
G1 E.8 F1500
;WIDTH:0.391504
G1 F8400
G1 X7.76 Y128.75 E.00249
G1 X7.831 Y128.731 E.00249
G1 X7.82 Y128.69 E.00144
;WIDTH:0.420752
G1 X7.946 Y128.776 E.00562
;WIDTH:0.449999
G1 X8.072 Y128.861 E.00604
G1 X32.25 Y153.039 E1.35958
G1 X32.814 Y153.039 E.02243
G1 X8.635 Y128.861 E1.3596
G1 X9.199 Y128.861 E.02243
G1 X33.377 Y153.039 E1.35958
G1 X33.941 Y153.039 E.02243
G1 X9.762 Y128.861 E1.3596
G1 X10.278 Y128.813 E.02061
M73 P42 R38
G1 X34.504 Y153.039 E1.36228
G1 X35.068 Y153.039 E.02243
G1 X10.663 Y128.634 E1.37234
G1 X10.959 Y128.367 E.01585
G1 X35.632 Y153.039 E1.38738
G1 X36.195 Y153.039 E.02239
G1 X11.166 Y128.01 E1.40743
G1 X11.074 Y127.349 E.02654
;WIDTH:0.391504
G1 X11.055 Y127.42 E.00249
G1 X11.126 Y127.401 E.00249
G1 X11.115 Y127.36 E.00144
;WIDTH:0.420752
G1 X11.185 Y127.448 E.00414
;WIDTH:0.449999
G1 X11.255 Y127.535 E.00444
G1 X36.759 Y153.039 E1.43414
G1 X37.322 Y153.039 E.02239
G1 X11.255 Y126.972 E1.4658
G1 X11.256 Y126.409 E.02239
G1 X37.886 Y153.039 E1.49746
G1 X38.449 Y153.039 E.02239
G1 X11.257 Y125.846 E1.52909
G1 X11.257 Y125.283 E.02239
G1 X39.013 Y153.039 E1.56077
G1 X39.577 Y153.039 E.02243
G1 X11.258 Y124.721 E1.5924
G1 X11.258 Y124.158 E.02239
G1 X40.14 Y153.039 E1.62406
G1 X40.704 Y153.039 E.02243
G1 X11.259 Y123.595 E1.65572
G1 X11.259 Y123.032 E.02239
G1 X41.267 Y153.039 E1.68738
G1 X41.831 Y153.039 E.02243
G1 X11.26 Y122.469 E1.71904
G1 X11.114 Y121.586 F21000
;WIDTH:0.391504
G1 F8400
G1 X11.094 Y121.657 E.0025
G1 X11.166 Y121.638 E.00253
G1 X11.155 Y121.597 E.00144
;WIDTH:0.420752
G1 X11.208 Y121.751 E.006
;WIDTH:0.449999
G1 X11.261 Y121.906 E.00651
G1 X42.394 Y153.039 E1.75067
G1 E-.16 F2700
;WIPE_START
G1 F16800
G1 X39.43 Y150.075 E-.64
;WIPE_END
G1 X18.724 Y129.73 Z1.187 F21000
G1 X17.199 Y128.231 Z1.22
G1 X15.674 Y126.733 Z1.246
G1 X14.149 Y125.234 Z1.265
G1 X11.099 Y122.237 Z1.28
G1 X9.514 Y120.679
G1 Z.68 F720
G1 E.8 F1500
;WIDTH:0.391504
G1 F8400
G1 X9.525 Y120.72 E.00144
G1 X9.454 Y120.739 E.00249
G1 X9.473 Y120.668 E.00249
;WIDTH:0.420752
G1 X9.402 Y120.604 E.00352
;WIDTH:0.449999
G1 X6.361 Y117.569 E.17083
G1 X6.361 Y117.006 E.02239
G1 X9.894 Y120.539 E.19867
G1 X10.028 Y120.588 E.00567
;WIDTH:0.420752
G1 X10.162 Y120.636 E.00524
;WIDTH:0.391504
G1 X10.143 Y120.707 E.00249
G1 X10.214 Y120.688 E.00249
G1 X10.203 Y120.647 E.00144
;WIDTH:0.449999
G1 X10.732 Y120.813 E.02205
G1 X6.361 Y116.442 E.24579
G1 E-.16 F2700
;WIPE_START
G1 F16800
G1 X9.325 Y119.406 E-.64
;WIPE_END
G1 X6.889 Y120.637 Z.728 F21000
G1 Z.68 F720
G1 E.8 F1500
G1 F8400
G1 X6.941 Y120.577 E.00316
G1 X7.305 Y120.342 E.01723
G1 X7.673 Y120.193 E.01579
G1 X7.834 Y120.17 E.00647
G1 X6.759 Y119.095 E.06045
G1 X6.759 Y120.789 E.06736
G1 E-.16 F2700
;WIPE_START
G1 F16800
G1 X6.759 Y119.095 E-.25864
G1 X7.834 Y120.17 E-.23211
G1 X7.673 Y120.193 E-.02483
G1 X7.305 Y120.342 E-.06062
M73 Q42 S41
G1 X6.954 Y120.569 E-.0638
;WIPE_END
G1 X10.996 Y121.078 Z.751 F21000
G1 Z.68 F720
G1 E.8 F1500
G1 F8400
G1 X42.958 Y153.039 E1.79726
G1 X43.521 Y153.039 E.02239
G1 X6.361 Y115.879 E2.08958
G1 X6.361 Y115.315 E.02243
G1 X44.085 Y153.039 E2.12129
G1 X44.649 Y153.039 E.02243
G1 X6.361 Y114.751 E2.15301
G1 X6.361 Y114.188 E.02239
G1 X45.212 Y153.039 E2.18467
G1 X45.776 Y153.039 E.02243
G1 X6.361 Y113.624 E2.21638
G1 X6.361 Y113.061 E.02239
G1 X46.339 Y153.039 E2.24804
G1 X46.903 Y153.039 E.02243
G1 X6.361 Y112.497 E2.27976
G1 X6.361 Y111.934 E.02239
G1 X47.466 Y153.039 E2.31141
G1 X48.03 Y153.039 E.02243
G1 X6.361 Y111.37 E2.34313
G1 X6.361 Y110.807 E.02239
G1 X48.593 Y153.039 E2.37479
G1 X49.157 Y153.039 E.02243
G1 X6.361 Y110.243 E2.4065
G1 X6.361 Y109.679 E.02243
G1 X49.721 Y153.039 E2.43822
G1 X50.284 Y153.039 E.02239
G1 X6.361 Y109.116 E2.46988
G1 X6.361 Y108.552 E.02243
G1 X50.848 Y153.039 E2.50159
G1 X51.411 Y153.039 E.02239
G1 X6.361 Y107.989 E2.53325
G1 X6.361 Y107.425 E.02243
G1 X51.975 Y153.039 E2.56496
G1 X52.538 Y153.039 E.02239
G1 X6.361 Y106.862 E2.59662
G1 X6.361 Y106.298 E.02243
G1 X53.102 Y153.039 E2.62834
G1 X53.665 Y153.039 E.02239
G1 X6.361 Y105.735 E2.66
G1 X6.361 Y105.171 E.02243
G1 X54.229 Y153.039 E2.69171
G1 X54.793 Y153.039 E.02243
G1 X6.361 Y104.607 E2.72343
G1 X6.361 Y104.044 E.02239
G1 X55.356 Y153.039 E2.75508
G1 X55.92 Y153.039 E.02243
G1 X6.361 Y103.48 E2.7868
G1 X6.361 Y102.917 E.02239
G1 X56.483 Y153.039 E2.81846
G1 X57.047 Y153.039 E.02243
G1 X6.361 Y102.353 E2.85017
G1 X6.361 Y101.79 E.02239
G1 X57.61 Y153.039 E2.88183
G1 X58.174 Y153.039 E.02243
G1 X6.361 Y101.226 E2.91355
G1 X6.361 Y100.663 E.02239
G1 X58.737 Y153.039 E2.9452
G1 X59.301 Y153.039 E.02243
G1 X6.361 Y100.099 E2.97692
G1 X6.361 Y99.535 E.02243
G1 X59.865 Y153.039 E3.00863
G1 X60.428 Y153.039 E.02239
G1 X6.361 Y98.972 E3.04029
G1 X6.361 Y98.408 E.02243
G1 X60.992 Y153.039 E3.07201
G1 X61.555 Y153.039 E.02239
G1 X6.361 Y97.845 E3.10367
G1 X6.361 Y97.281 E.02243
G1 X62.119 Y153.039 E3.13538
G1 X62.682 Y153.039 E.02239
G1 X6.361 Y96.718 E3.16704
G1 X6.361 Y96.154 E.02243
G1 X63.246 Y153.039 E3.19875
G1 X63.809 Y153.039 E.02239
G1 X6.361 Y95.591 E3.23041
G1 X6.361 Y95.027 E.02243
G1 X64.373 Y153.039 E3.26213
G1 X64.937 Y153.039 E.02243
G1 X6.361 Y94.463 E3.29384
G1 X6.361 Y93.9 E.02239
G1 X65.5 Y153.039 E3.3255
G1 X66.064 Y153.039 E.02243
G1 X6.361 Y93.336 E3.35722
G1 X6.361 Y92.773 E.02239
G1 X66.627 Y153.039 E3.38887
G1 X67.191 Y153.039 E.02243
G1 X6.361 Y92.209 E3.42059
G1 X6.361 Y91.646 E.02239
G1 X67.754 Y153.039 E3.45225
G1 X68.318 Y153.039 E.02243
G1 X6.361 Y91.082 E3.48396
G1 X6.361 Y90.519 E.02239
G1 X68.881 Y153.039 E3.51562
G1 X69.445 Y153.039 E.02243
G1 X6.361 Y89.955 E3.54734
G1 X6.361 Y89.391 E.02243
G1 X70.009 Y153.039 E3.57905
G1 X70.572 Y153.039 E.02239
G1 X6.361 Y88.828 E3.61071
G1 X6.361 Y88.264 E.02243
G1 X71.136 Y153.039 E3.64242
G1 X71.699 Y153.039 E.02239
M73 Q42 S40
G1 X6.361 Y87.701 E3.67408
G1 X6.361 Y87.137 E.02243
G1 X72.263 Y153.039 E3.7058
G1 X72.826 Y153.039 E.02239
G1 X6.361 Y86.574 E3.73746
G1 X6.361 Y86.01 E.02243
G1 X73.39 Y153.039 E3.76917
G1 X73.953 Y153.039 E.02239
G1 X6.361 Y85.447 E3.80083
G1 X6.361 Y84.883 E.02243
G1 X74.517 Y153.039 E3.83254
G1 X75.081 Y153.039 E.02243
G1 X6.361 Y84.319 E3.86426
G1 X6.361 Y83.756 E.02239
G1 X75.644 Y153.039 E3.89592
G1 X76.208 Y153.039 E.02243
G1 X6.361 Y83.192 E3.92763
G1 X6.361 Y82.629 E.02239
G1 X76.771 Y153.039 E3.95929
G1 X77.335 Y153.039 E.02243
M73 P43 R38
G1 X6.361 Y82.065 E3.99101
G1 X6.361 Y81.502 E.02239
G1 X77.898 Y153.039 E4.02266
G1 X78.766 Y153.106 F21000
M73 P43 R37
;WIDTH:0.391504
G1 F8400
G1 X78.777 Y153.147 E.00144
G1 X78.706 Y153.166 E.00249
G1 X78.725 Y153.095 E.00249
;WIDTH:0.420752
G1 X78.593 Y153.067 E.00497
;WIDTH:0.449999
G1 X78.462 Y153.039 E.00533
G1 X6.361 Y80.938 E4.05438
G1 X6.361 Y80.375 E.02239
G1 X78.639 Y152.653 E4.06433
G1 X78.639 Y152.09 E.02239
G1 X6.361 Y79.811 E4.06436
G1 X6.361 Y79.247 E.02243
G1 X78.639 Y151.526 E4.06436
G1 X78.639 Y150.962 E.02243
G1 X6.361 Y78.684 E4.06433
G1 X6.361 Y78.12 E.02243
M73 Q43 S40
G1 X78.639 Y150.399 E4.06436
G1 X78.639 Y149.835 E.02243
G1 X6.361 Y77.557 E4.06433
G1 X6.361 Y76.993 E.02243
G1 X78.639 Y149.272 E4.06436
G1 X78.639 Y148.708 E.02243
G1 X6.361 Y76.43 E4.06433
G1 X6.361 Y75.866 E.02243
G1 X78.639 Y148.145 E4.06436
G1 X78.639 Y147.581 E.02243
G1 X6.361 Y75.302 E4.06436
G1 X6.361 Y74.739 E.02239
G1 X78.639 Y147.018 E4.06436
G1 X78.639 Y146.454 E.02243
G1 X6.361 Y74.175 E4.06436
G1 X6.361 Y73.612 E.02239
G1 X78.639 Y145.89 E4.06433
G1 X78.639 Y145.327 E.02239
G1 X6.361 Y73.048 E4.06436
G1 X6.361 Y72.485 E.02239
G1 X78.639 Y144.763 E4.06433
G1 X78.639 Y144.2 E.02239
G1 X6.361 Y71.921 E4.06436
G1 X6.361 Y71.358 E.02239
G1 X78.639 Y143.636 E4.06433
G1 X78.639 Y143.073 E.02239
G1 X6.361 Y70.794 E4.06436
G1 X6.361 Y70.23 E.02243
G1 X78.639 Y142.509 E4.06436
G1 X78.639 Y141.946 E.02239
G1 X6.361 Y69.667 E4.06436
G1 X6.361 Y69.103 E.02243
G1 X78.639 Y141.382 E4.06436
G1 X78.639 Y140.818 E.02243
G1 X6.361 Y68.54 E4.06433
G1 X6.361 Y67.976 E.02243
G1 X78.639 Y140.255 E4.06436
G1 X78.639 Y139.691 E.02243
G1 X6.361 Y67.413 E4.06433
G1 X6.361 Y66.849 E.02243
G1 X78.639 Y139.128 E4.06436
G1 X78.639 Y138.564 E.02243
G1 X6.361 Y66.286 E4.06433
G1 X6.361 Y65.722 E.02243
G1 X78.639 Y138.001 E4.06436
G1 X78.639 Y137.437 E.02243
G1 X6.361 Y65.158 E4.06436
G1 X6.361 Y64.595 E.02239
G1 X78.639 Y136.874 E4.06436
G1 X78.639 Y136.31 E.02243
G1 X6.361 Y64.031 E4.06436
G1 X6.361 Y63.468 E.02239
G1 X78.639 Y135.746 E4.06433
G1 X78.639 Y135.183 E.02239
G1 X6.361 Y62.904 E4.06436
G1 X6.361 Y62.341 E.02239
G1 X78.639 Y134.619 E4.06433
G1 X78.639 Y134.056 E.02239
G1 X6.361 Y61.777 E4.06436
G1 X6.361 Y61.214 E.02239
G1 X78.639 Y133.492 E4.06433
G1 X78.639 Y132.929 E.02239
G1 X6.361 Y60.65 E4.06436
G1 X6.361 Y60.086 E.02243
G1 X78.639 Y132.365 E4.06436
G1 X78.639 Y131.801 E.02243
G1 X6.361 Y59.523 E4.06433
G1 X6.361 Y58.959 E.02243
G1 X78.639 Y131.238 E4.06436
G1 X78.639 Y130.674 E.02243
G1 X6.361 Y58.396 E4.06433
G1 X6.361 Y57.832 E.02243
G1 X78.639 Y130.111 E4.06436
G1 X78.639 Y129.547 E.02243
G1 X6.361 Y57.269 E4.06433
G1 X6.361 Y56.705 E.02243
G1 X78.639 Y128.984 E4.06436
G1 X78.639 Y128.42 E.02243
G1 X6.361 Y56.142 E4.06433
G1 X6.361 Y55.578 E.02243
G1 X78.639 Y127.857 E4.06436
G1 X78.639 Y127.293 E.02243
G1 X6.361 Y55.014 E4.06436
G1 X6.361 Y54.451 E.02239
G1 X78.639 Y126.729 E4.06433
G1 X78.639 Y126.166 E.02239
G1 X6.361 Y53.887 E4.06436
G1 X6.361 Y53.324 E.02239
G1 X78.639 Y125.602 E4.06433
G1 X78.639 Y125.039 E.02239
M73 P44 R37
G1 X6.361 Y52.76 E4.06436
G1 X6.361 Y52.197 E.02239
G1 X78.639 Y124.475 E4.06433
G1 X78.639 Y123.912 E.02239
G1 X6.361 Y51.633 E4.06436
G1 X6.361 Y51.07 E.02239
G1 X78.639 Y123.348 E4.06433
G1 X78.639 Y122.785 E.02239
G1 X6.361 Y50.506 E4.06436
G1 X6.361 Y49.942 E.02243
G1 X78.639 Y122.221 E4.06436
G1 X78.639 Y121.657 E.02243
G1 X6.361 Y49.379 E4.06433
G1 X6.361 Y48.815 E.02243
G1 X78.639 Y121.094 E4.06436
G1 X78.639 Y120.53 E.02243
G1 X6.361 Y48.252 E4.06433
G1 X6.361 Y47.688 E.02243
M73 Q44 S40
G1 X78.639 Y119.967 E4.06436
G1 X78.639 Y119.403 E.02243
G1 X6.361 Y47.125 E4.06433
G1 X6.361 Y46.561 E.02243
G1 X78.639 Y118.84 E4.06436
G1 X78.639 Y118.276 E.02243
G1 X6.361 Y45.998 E4.06433
G1 X6.361 Y45.434 E.02243
G1 X78.639 Y117.713 E4.06436
G1 X78.639 Y117.149 E.02243
M73 Q44 S39
G1 X6.361 Y44.87 E4.06436
G1 X6.361 Y44.307 E.02239
G1 X78.639 Y116.585 E4.06433
G1 X78.639 Y116.022 E.02239
G1 X6.361 Y43.743 E4.06436
G1 X6.361 Y43.18 E.02239
G1 X78.639 Y115.458 E4.06433
G1 X78.639 Y114.895 E.02239
G1 X6.361 Y42.616 E4.06436
G1 X6.361 Y42.053 E.02239
G1 X78.639 Y114.331 E4.06433
G1 X78.639 Y113.768 E.02239
G1 X6.361 Y41.489 E4.06436
G1 X6.361 Y40.926 E.02239
G1 X78.639 Y113.204 E4.06433
G1 X78.639 Y112.641 E.02239
G1 X6.361 Y40.362 E4.06436
G1 X6.361 Y39.798 E.02243
G1 X78.639 Y112.077 E4.06436
G1 X78.639 Y111.513 E.02243
G1 X6.361 Y39.235 E4.06433
G1 X6.361 Y38.671 E.02243
G1 X78.639 Y110.95 E4.06436
G1 X78.639 Y110.386 E.02243
G1 X6.361 Y38.108 E4.06433
G1 X6.533 Y37.727 E.01662
;WIDTH:0.435369
G1 X6.903 Y38.116 E.02056
;WIDTH:0.440052
G1 X6.744 Y37.689 E.01767
G1 X6.744 Y31.882 E.22513
;WIDTH:0.449999
G1 X6.881 Y31.292 E.02408
G1 X7.243 Y30.836 E.02315
G1 X7.729 Y30.587 E.02171
G1 X8.078 Y30.539 E.01401
G1 X8.936 Y30.539 E.03412
G1 X6.361 Y27.964 E.1448
G1 X6.359 Y31.786 E.15197
;WIDTH:0.445941
G1 X6.356 Y31.882 E.00378
;WIDTH:0.440052
G1 X6.356 Y37.67 E.2244
;WIDTH:0.449999
G1 X6.943 Y38.169 E.03063
;WIDTH:0.391504
G1 X7.27 Y38.522 E.01632
;WIDTH:0.420752
G1 X7.411 Y38.629 E.00652
;WIDTH:0.449999
G1 X7.552 Y38.736 E.00704
G1 X78.639 Y109.823 E3.99736
G1 X78.639 Y109.259 E.02243
M73 P44 R36
G1 X8.241 Y38.861 E3.95862
G1 X8.804 Y38.861 E.02239
G1 X78.639 Y108.696 E3.92696
G1 X78.639 Y108.132 E.02243
G1 X9.368 Y38.861 E3.89524
G1 X9.931 Y38.861 E.02239
G1 X78.639 Y107.569 E3.86358
G1 X78.639 Y107.005 E.02243
G1 X10.405 Y38.771 E3.83693
G1 X10.763 Y38.565 E.01642
G1 X78.639 Y106.441 E3.8168
G1 X78.639 Y105.878 E.02239
G1 X11.031 Y38.27 E3.80173
G1 X11.211 Y37.886 E.01686
G1 X78.639 Y105.314 E3.79161
G1 X78.639 Y104.751 E.02239
G1 X11.261 Y37.372 E3.78882
G1 X11.261 Y36.809 E.02239
G1 X78.639 Y104.187 E3.7888
G1 X78.639 Y103.624 E.02239
G1 X11.261 Y36.245 E3.78882
G1 X11.261 Y35.681 E.02243
G1 X78.639 Y103.06 E3.78882
G1 X78.639 Y102.497 E.02239
G1 X11.261 Y35.118 E3.78882
G1 X11.261 Y34.554 E.02243
G1 X78.639 Y101.933 E3.78882
G1 X78.639 Y101.369 E.02243
G1 X11.261 Y33.991 E3.7888
G1 X11.261 Y33.427 E.02243
G1 X78.639 Y100.806 E3.78882
G1 X78.639 Y100.242 E.02243
G1 X11.261 Y32.864 E3.7888
G1 X11.261 Y32.3 E.02243
G1 X78.639 Y99.679 E3.78882
G1 X78.639 Y99.115 E.02243
G1 X11.252 Y31.727 E3.78933
G1 E-.16 F2700
;WIPE_START
G1 F16800
G1 X14.216 Y34.691 E-.64
;WIPE_END
G1 X9.5 Y30.539 Z.79 F21000
G1 Z.68 F720
G1 E.8 F1500
G1 F8400
G1 X6.361 Y27.4 E.17651
G1 X6.233 Y26.514 F21000
;WIDTH:0.391504
G1 F8400
G1 X6.214 Y26.585 E.00249
G1 X6.285 Y26.566 E.00249
G1 X6.274 Y26.525 E.00144
;WIDTH:0.420752
G1 X6.317 Y26.681 E.00596
;WIDTH:0.449999
G1 X6.361 Y26.837 E.00644
G1 X10.074 Y30.55 E.20879
G1 X10.215 Y30.629 E.00643
;WIDTH:0.420752
G1 X10.356 Y30.708 E.00595
;WIDTH:0.391504
G1 X10.699 Y30.97 E.01464
G1 X11.091 Y31.446 E.02092
G1 E-.16 F2700
;WIPE_START
G1 F16800
G1 X10.699 Y30.97 E-.09415
G1 X10.356 Y30.708 E-.0659
G1 X10.215 Y30.629 E-.02468
G1 X10.074 Y30.55 E-.02468
G1 X8.08 Y28.556 E-.43059
;WIPE_END
G1 X6.361 Y26.273 Z.73 F21000
G1 Z.68 F720
G1 E.8 F1500
;WIDTH:0.449999
G1 F8400
G1 X78.639 Y98.552 E4.06436
G1 X78.639 Y97.988 E.02243
G1 X6.361 Y25.709 E4.06436
G1 X6.361 Y25.146 E.02239
G1 X78.639 Y97.425 E4.06436
G1 X78.639 Y96.861 E.02243
G1 X6.361 Y24.582 E4.06436
G1 X6.361 Y24.019 E.02239
G1 X78.639 Y96.297 E4.06433
G1 X78.639 Y95.734 E.02239
G1 X6.361 Y23.455 E4.06436
G1 X6.361 Y22.892 E.02239
M73 P45 R36
G1 X78.639 Y95.17 E4.06433
G1 X78.639 Y94.607 E.02239
G1 X6.361 Y22.328 E4.06436
G1 X6.361 Y21.765 E.02239
G1 X78.639 Y94.043 E4.06433
G1 X78.639 Y93.48 E.02239
G1 X6.361 Y21.201 E4.06436
G1 X6.361 Y20.637 E.02243
G1 X78.639 Y92.916 E4.06436
G1 X78.639 Y92.353 E.02239
G1 X6.361 Y20.074 E4.06436
G1 X6.361 Y19.51 E.02243
G1 X78.639 Y91.789 E4.06436
G1 X78.639 Y91.225 E.02243
G1 X6.361 Y18.947 E4.06433
G1 X6.361 Y18.383 E.02243
G1 X78.639 Y90.662 E4.06436
G1 X78.639 Y90.098 E.02243
M73 Q45 S39
G1 X6.361 Y17.82 E4.06433
G1 X6.361 Y17.256 E.02243
G1 X78.639 Y89.535 E4.06436
G1 X78.639 Y88.971 E.02243
G1 X6.361 Y16.693 E4.06433
G1 X6.361 Y16.129 E.02243
G1 X78.639 Y88.408 E4.06436
G1 X78.639 Y87.844 E.02243
G1 X6.361 Y15.565 E4.06436
G1 X6.361 Y15.002 E.02239
G1 X78.639 Y87.28 E4.06433
G1 X78.639 Y86.717 E.02239
G1 X6.361 Y14.438 E4.06436
G1 X6.361 Y13.875 E.02239
G1 X78.639 Y86.153 E4.06433
G1 X78.639 Y85.59 E.02239
G1 X6.361 Y13.311 E4.06436
G1 X6.361 Y12.748 E.02239
G1 X78.639 Y85.026 E4.06433
G1 X78.639 Y84.463 E.02239
G1 X6.361 Y12.184 E4.06436
G1 X6.361 Y11.621 E.02239
G1 X78.639 Y83.899 E4.06433
G1 X78.639 Y83.336 E.02239
G1 X6.361 Y11.057 E4.06436
G1 X6.361 Y10.493 E.02243
G1 X78.639 Y82.772 E4.06436
G1 X78.639 Y82.208 E.02243
G1 X6.361 Y9.93 E4.06433
G1 X6.361 Y9.366 E.02243
G1 X78.639 Y81.645 E4.06436
G1 X78.639 Y81.081 E.02243
G1 X6.361 Y8.803 E4.06433
G1 X6.361 Y8.239 E.02243
G1 X78.639 Y80.518 E4.06436
G1 X78.639 Y79.954 E.02243
G1 X6.361 Y7.676 E4.06433
G1 X6.361 Y7.112 E.02243
G1 X78.639 Y79.391 E4.06436
G1 X78.639 Y78.827 E.02243
G1 X6.361 Y6.549 E4.06433
G1 X6.736 Y6.361 E.01668
G1 X78.639 Y78.264 E4.04325
G1 X78.639 Y77.7 E.02243
G1 X7.3 Y6.361 E4.01153
G1 X7.864 Y6.361 E.02243
G1 X78.639 Y77.136 E3.97982
G1 X78.639 Y76.573 E.02239
G1 X8.427 Y6.361 E3.94816
G1 X8.991 Y6.361 E.02243
G1 X78.639 Y76.009 E3.91644
G1 X78.639 Y75.446 E.02239
M73 Q45 S38
G1 X9.554 Y6.361 E3.88478
G1 X10.118 Y6.361 E.02243
G1 X78.639 Y74.882 E3.85307
G1 X78.639 Y74.319 E.02239
G1 X10.681 Y6.361 E3.82141
G1 X11.245 Y6.361 E.02243
G1 X78.639 Y73.755 E3.7897
G1 X78.711 Y73.263 E.01977
G1 X11.808 Y6.361 E3.76206
G1 X12.372 Y6.361 E.02243
G1 X78.899 Y72.888 E3.74094
G1 X79.179 Y72.605 E.01583
G1 X12.936 Y6.361 E3.725
G1 X13.499 Y6.361 E.02239
G1 X79.548 Y72.409 E3.71404
G1 X80.042 Y72.34 E.01983
G1 X14.063 Y6.361 E3.71013
G1 X14.626 Y6.361 E.02239
G1 X80.605 Y72.34 E3.71013
G1 X81.169 Y72.34 E.02243
G1 X15.19 Y6.361 E3.71013
G1 X15.753 Y6.361 E.02239
G1 X81.732 Y72.34 E3.71013
G1 X82.296 Y72.34 E.02243
G1 X16.317 Y6.361 E3.71013
G1 X16.88 Y6.361 E.02239
G1 X82.859 Y72.34 E3.71013
G1 X83.423 Y72.34 E.02243
G1 X17.444 Y6.361 E3.71013
G1 X18.008 Y6.361 E.02243
G1 X83.986 Y72.34 E3.7101
G1 X84.55 Y72.34 E.02243
G1 X18.571 Y6.361 E3.71013
G1 X19.135 Y6.361 E.02243
G1 X85.114 Y72.34 E3.71013
G1 X85.677 Y72.34 E.02239
G1 X19.698 Y6.361 E3.71013
G1 X20.262 Y6.361 E.02243
M73 P46 R36
G1 X86.241 Y72.34 E3.71013
G1 X86.804 Y72.34 E.02239
G1 X20.825 Y6.361 E3.71013
G1 X21.389 Y6.361 E.02243
M73 P46 R35
G1 X87.368 Y72.34 E3.71013
G1 X87.931 Y72.34 E.02239
G1 X21.952 Y6.361 E3.71013
G1 X22.516 Y6.361 E.02243
G1 X88.495 Y72.34 E3.71013
G1 X89.058 Y72.34 E.02239
G1 X23.08 Y6.361 E3.7101
G1 X23.643 Y6.361 E.02239
G1 X89.622 Y72.34 E3.71013
G1 X90.186 Y72.34 E.02243
G1 X24.207 Y6.361 E3.71013
G1 X24.77 Y6.361 E.02239
G1 X90.749 Y72.34 E3.71013
G1 X91.313 Y72.34 E.02243
G1 X25.334 Y6.361 E3.71013
G1 X25.897 Y6.361 E.02239
G1 X91.876 Y72.34 E3.71013
G1 X92.44 Y72.339 E.02243
M73 Q46 S38
G1 X26.461 Y6.361 E3.7101
G1 X27.024 Y6.361 E.02239
G1 X93.003 Y72.339 E3.7101
G1 X93.567 Y72.339 E.02243
G1 X27.588 Y6.361 E3.7101
G1 X28.152 Y6.361 E.02243
G1 X94.13 Y72.339 E3.71007
G1 X94.694 Y72.339 E.02243
G1 X28.715 Y6.361 E3.7101
G1 X29.279 Y6.361 E.02243
G1 X95.257 Y72.339 E3.71007
G1 X95.821 Y72.339 E.02243
G1 X29.842 Y6.361 E3.7101
G1 X30.406 Y6.361 E.02243
G1 X96.385 Y72.339 E3.7101
G1 X96.948 Y72.339 E.02239
G1 X30.969 Y6.361 E3.7101
G1 X31.533 Y6.361 E.02243
G1 X97.512 Y72.339 E3.7101
G1 X98.075 Y72.339 E.02239
G1 X32.096 Y6.361 E3.7101
G1 X32.66 Y6.361 E.02243
G1 X98.639 Y72.339 E3.7101
G1 X99.202 Y72.339 E.02239
G1 X33.224 Y6.361 E3.71007
G1 X33.787 Y6.361 E.02239
G1 X99.766 Y72.339 E3.7101
G1 X100.329 Y72.339 E.02239
G1 X34.351 Y6.361 E3.71007
G1 X34.914 Y6.361 E.02239
G1 X100.893 Y72.339 E3.7101
G1 X101.457 Y72.339 E.02243
G1 X35.478 Y6.361 E3.7101
G1 X36.041 Y6.361 E.02239
G1 X102.02 Y72.339 E3.7101
G1 X102.584 Y72.339 E.02243
G1 X36.605 Y6.361 E3.7101
G1 X37.169 Y6.361 E.02243
G1 X103.147 Y72.339 E3.71007
G1 X103.711 Y72.339 E.02243
G1 X37.732 Y6.361 E3.7101
G1 X38.296 Y6.361 E.02243
G1 X104.274 Y72.339 E3.71007
G1 X104.838 Y72.339 E.02243
G1 X38.859 Y6.361 E3.7101
G1 X39.423 Y6.361 E.02243
G1 X105.401 Y72.339 E3.71007
G1 X105.965 Y72.339 E.02243
G1 X39.986 Y6.361 E3.7101
G1 X40.55 Y6.361 E.02243
G1 X106.529 Y72.339 E3.7101
G1 X107.092 Y72.339 E.02239
G1 X41.113 Y6.361 E3.7101
G1 X41.677 Y6.361 E.02243
G1 X107.656 Y72.339 E3.7101
G1 X108.219 Y72.339 E.02239
G1 X42.241 Y6.361 E3.71007
G1 X42.804 Y6.361 E.02239
G1 X108.783 Y72.339 E3.7101
G1 X109.346 Y72.339 E.02239
G1 X43.368 Y6.361 E3.71007
G1 X43.931 Y6.361 E.02239
G1 X109.91 Y72.339 E3.7101
G1 X110.473 Y72.339 E.02239
G1 X44.495 Y6.361 E3.71007
G1 X45.058 Y6.361 E.02239
G1 X111.037 Y72.339 E3.7101
G1 X111.6 Y72.339 E.02239
G1 X45.622 Y6.361 E3.71007
G1 X46.185 Y6.361 E.02239
G1 X112.164 Y72.339 E3.7101
G1 X112.728 Y72.339 E.02243
G1 X46.749 Y6.361 E3.7101
G1 X47.313 Y6.361 E.02243
G1 X113.291 Y72.339 E3.71007
G1 X113.758 Y72.398 E.01872
;WIDTH:0.391504
G1 X113.769 Y72.439 E.00144
G1 X113.698 Y72.458 E.00249
G1 X113.717 Y72.387 E.00249
;WIDTH:0.420752
G1 X113.678 Y72.255 E.00507
;WIDTH:0.449999
G1 X113.639 Y72.124 E.00543
G1 X47.876 Y6.361 E3.69798
G1 X48.44 Y6.361 E.02243
G1 X113.639 Y71.56 E3.66627
G1 X113.639 Y70.997 E.02239
G1 X49.003 Y6.361 E3.63461
G1 X49.567 Y6.361 E.02243
G1 X113.639 Y70.433 E3.60289
G1 X113.639 Y69.87 E.02239
G1 X50.13 Y6.361 E3.57123
G1 X50.694 Y6.361 E.02243
G1 X113.639 Y69.306 E3.53952
G1 X113.639 Y68.743 E.02239
G1 X51.257 Y6.361 E3.50786
G1 X51.821 Y6.361 E.02243
G1 X113.639 Y68.179 E3.47615
G1 X113.639 Y67.615 E.02243
G1 X52.385 Y6.361 E3.44443
G1 X52.948 Y6.361 E.02239
M73 P47 R35
G1 X113.639 Y67.052 E3.41277
G1 X113.639 Y66.488 E.02243
G1 X53.512 Y6.361 E3.38106
G1 X54.075 Y6.361 E.02239
G1 X113.639 Y65.925 E3.3494
G1 X113.639 Y65.361 E.02243
G1 X54.639 Y6.361 E3.31768
G1 X55.202 Y6.361 E.02239
G1 X113.639 Y64.798 E3.28603
G1 X113.639 Y64.234 E.02243
M73 Q46 S37
G1 X55.766 Y6.361 E3.25431
G1 X56.329 Y6.361 E.02239
G1 X113.639 Y63.671 E3.22265
G1 X113.639 Y63.107 E.02243
G1 X56.893 Y6.361 E3.19094
G1 X57.457 Y6.361 E.02243
G1 X113.639 Y62.543 E3.15922
G1 X113.639 Y61.98 E.02239
G1 X58.02 Y6.361 E3.12756
G1 X58.584 Y6.361 E.02243
G1 X113.639 Y61.416 E3.09585
G1 X113.639 Y60.853 E.02239
G1 X59.147 Y6.361 E3.06419
G1 X59.711 Y6.361 E.02243
G1 X113.639 Y60.289 E3.03248
G1 X113.639 Y59.726 E.02239
M73 Q47 S37
G1 X60.274 Y6.361 E3.00082
G1 X60.838 Y6.361 E.02243
G1 X113.639 Y59.162 E2.9691
G1 X113.639 Y58.599 E.02239
G1 X61.401 Y6.361 E2.93744
G1 X61.965 Y6.361 E.02243
G1 X113.639 Y58.035 E2.90573
G1 X113.639 Y57.471 E.02243
G1 X62.529 Y6.361 E2.87401
G1 X63.092 Y6.361 E.02239
G1 X113.639 Y56.908 E2.84236
G1 X113.639 Y56.344 E.02243
G1 X63.656 Y6.361 E2.81064
G1 X64.219 Y6.361 E.02239
G1 X113.639 Y55.781 E2.77898
G1 X113.639 Y55.217 E.02243
G1 X64.783 Y6.361 E2.74727
G1 X65.346 Y6.361 E.02239
G1 X113.639 Y54.654 E2.71561
G1 X113.639 Y54.09 E.02243
G1 X65.91 Y6.361 E2.68389
G1 X66.473 Y6.361 E.02239
G1 X113.639 Y53.527 E2.65224
G1 X113.639 Y52.963 E.02243
G1 X67.037 Y6.361 E2.62052
G1 X67.601 Y6.361 E.02243
G1 X113.639 Y52.399 E2.58881
G1 X113.639 Y51.836 E.02239
G1 X68.164 Y6.361 E2.55715
G1 X68.728 Y6.361 E.02243
G1 X113.639 Y51.272 E2.52543
G1 X113.639 Y50.709 E.02239
G1 X69.291 Y6.361 E2.49377
G1 X69.855 Y6.361 E.02243
G1 X113.639 Y50.145 E2.46206
G1 X113.639 Y49.582 E.02239
G1 X70.418 Y6.361 E2.4304
G1 X70.982 Y6.361 E.02243
G1 X113.639 Y49.018 E2.39869
G1 X113.639 Y48.455 E.02239
G1 X71.545 Y6.361 E2.36703
G1 X72.109 Y6.361 E.02243
G1 X113.639 Y47.891 E2.33531
G1 X113.639 Y47.327 E.02243
G1 X72.673 Y6.361 E2.3036
G1 X73.236 Y6.361 E.02239
G1 X113.639 Y46.764 E2.27194
G1 X113.639 Y46.2 E.02243
G1 X73.8 Y6.361 E2.24022
G1 X74.363 Y6.361 E.02239
G1 X113.639 Y45.637 E2.20857
G1 X113.639 Y45.073 E.02243
G1 X74.927 Y6.361 E2.17685
G1 X75.49 Y6.361 E.02239
M73 P47 R34
G1 X113.639 Y44.51 E2.14519
G1 X113.639 Y43.946 E.02243
G1 X76.054 Y6.361 E2.11348
G1 X76.617 Y6.361 E.02239
G1 X113.639 Y43.383 E2.08182
G1 X113.639 Y42.819 E.02243
G1 X77.181 Y6.361 E2.0501
G1 X77.745 Y6.361 E.02243
G1 X113.639 Y42.255 E2.01839
G1 X113.639 Y41.692 E.02239
G1 X78.308 Y6.361 E1.98673
G1 X78.872 Y6.361 E.02243
G1 X113.639 Y41.128 E1.95502
G1 X113.639 Y40.565 E.02239
G1 X79.435 Y6.361 E1.92336
G1 X79.999 Y6.361 E.02243
G1 X113.639 Y40.001 E1.89164
G1 X113.639 Y39.438 E.02239
G1 X80.562 Y6.361 E1.85998
G1 X81.126 Y6.361 E.02243
G1 X113.639 Y38.874 E1.82827
G1 X113.639 Y38.31 E.02243
G1 X81.69 Y6.361 E1.79655
G1 X82.253 Y6.361 E.02239
G1 X113.639 Y37.747 E1.7649
G1 X113.639 Y37.183 E.02243
G1 X82.817 Y6.361 E1.73318
G1 X83.38 Y6.361 E.02239
G1 X113.639 Y36.62 E1.70152
G1 X113.639 Y36.056 E.02243
G1 X83.944 Y6.361 E1.66981
G1 X84.507 Y6.361 E.02239
G1 X113.639 Y35.493 E1.63815
G1 X113.639 Y34.929 E.02243
G1 X85.071 Y6.361 E1.60643
G1 X85.634 Y6.361 E.02239
G1 X113.639 Y34.366 E1.57478
G1 X113.639 Y33.802 E.02243
G1 X86.198 Y6.361 E1.54306
G1 X86.762 Y6.361 E.02243
G1 X113.639 Y33.238 E1.51135
G1 X113.639 Y32.675 E.02239
G1 X87.325 Y6.361 E1.47969
G1 X87.889 Y6.361 E.02243
G1 X113.639 Y32.111 E1.44797
G1 X113.639 Y31.548 E.02239
G1 X88.452 Y6.361 E1.41631
G1 X89.016 Y6.361 E.02243
G1 X113.639 Y30.984 E1.3846
G1 X113.639 Y30.421 E.02239
G1 X89.579 Y6.361 E1.35294
G1 X90.143 Y6.361 E.02243
G1 X113.639 Y29.857 E1.32123
G1 X113.639 Y29.294 E.02239
G1 X90.706 Y6.361 E1.28957
G1 X91.27 Y6.361 E.02243
G1 X113.639 Y28.73 E1.25785
G1 X113.639 Y28.166 E.02243
G1 X91.834 Y6.361 E1.22614
G1 X92.397 Y6.361 E.02239
G1 X113.639 Y27.603 E1.19448
G1 X113.639 Y27.039 E.02243
G1 X92.961 Y6.361 E1.16276
G1 X93.524 Y6.361 E.02239
G1 X113.639 Y26.476 E1.13111
G1 X113.639 Y25.912 E.02243
G1 X94.088 Y6.361 E1.09939
G1 X94.651 Y6.361 E.02239
G1 X113.639 Y25.349 E1.06773
G1 X113.639 Y24.785 E.02243
G1 X95.215 Y6.361 E1.03602
G1 X95.778 Y6.361 E.02239
G1 X113.639 Y24.222 E1.00436
G1 X113.639 Y23.658 E.02243
G1 X96.342 Y6.361 E.97264
G1 X96.906 Y6.361 E.02243
G1 X113.639 Y23.094 E.94093
G1 X113.639 Y22.531 E.02239
G1 X97.469 Y6.361 E.90927
G1 X98.033 Y6.361 E.02243
G1 X113.639 Y21.967 E.87756
G1 X113.639 Y21.404 E.02239
G1 X98.596 Y6.361 E.8459
G1 X99.16 Y6.361 E.02243
G1 X113.639 Y20.84 E.81418
G1 X113.639 Y20.277 E.02239
G1 X99.723 Y6.361 E.78252
G1 X100.287 Y6.361 E.02243
G1 X113.639 Y19.713 E.75081
G1 X113.639 Y19.15 E.02239
G1 X100.85 Y6.361 E.71915
G1 X101.414 Y6.361 E.02243
G1 X113.639 Y18.586 E.68744
G1 X113.639 Y18.022 E.02243
G1 X101.978 Y6.361 E.65572
G1 X102.541 Y6.361 E.02239
G1 X113.639 Y17.459 E.62406
G1 X113.639 Y16.895 E.02243
G1 X103.105 Y6.361 E.59235
G1 X103.668 Y6.361 E.02239
G1 X113.639 Y16.332 E.56069
G1 X113.639 Y15.768 E.02243
G1 X104.232 Y6.361 E.52897
G1 X104.795 Y6.361 E.02239
G1 X113.639 Y15.205 E.49732
G1 X113.639 Y14.641 E.02243
G1 X105.359 Y6.361 E.4656
G1 X105.922 Y6.361 E.02239
G1 X113.639 Y14.078 E.43394
G1 X113.639 Y13.514 E.02243
G1 X106.486 Y6.361 E.40223
G1 X107.05 Y6.361 E.02243
G1 X113.639 Y12.95 E.37051
G1 X113.639 Y12.387 E.02239
G1 X107.613 Y6.361 E.33885
G1 X108.177 Y6.361 E.02243
G1 X113.639 Y11.823 E.30714
G1 X113.639 Y11.26 E.02239
G1 X108.74 Y6.361 E.27548
G1 X109.304 Y6.361 E.02243
G1 X113.639 Y10.696 E.24377
G1 X113.639 Y10.133 E.02239
G1 X109.867 Y6.361 E.21211
G1 X110.431 Y6.361 E.02243
G1 X113.639 Y9.569 E.18039
G1 X113.639 Y9.006 E.02239
G1 X110.994 Y6.361 E.14873
G1 X111.558 Y6.361 E.02243
G1 X113.639 Y8.442 E.11702
G1 E-.16 F2700
;WIPE_START
G1 F16800
G1 X111.558 Y6.361 E-.44933
G1 X110.994 Y6.361 E-.08611
G1 X111.478 Y6.845 E-.10456
;WIPE_END
G1 X112.262 Y6.502 Z.695 F21000
G1 Z.68 F720
G1 E.8 F1500
G1 F8400
G1 X113.639 Y7.878 E.0774
G1 X113.639 Y6.361 E.06032
G1 X112.122 Y6.361 E.06032
G1 X113.179 Y6.746 F21000
;WIDTH:0.542058
G1 F7644.418
G1 X113.136 Y6.789 E.00298
G1 X113.151 Y6.849 E.00303
G1 X113.211 Y6.864 E.00303
G1 X113.254 Y6.821 E.00298
G1 X113.238 Y6.762 E.00299
G1 E-.16 F2700
;WIPE_START
G1 F16800
G1 X113.254 Y6.821 E-.00933
G1 X113.211 Y6.864 E-.00928
G1 X113.151 Y6.849 E-.00944
G1 X113.136 Y6.789 E-.00944
G1 X113.179 Y6.746 E-.00928
;WIPE_END
G1 E-.59323 F2700
G1 X84.857 Y13.112 Z1.187 F21000
G1 X82.771 Y13.581 Z1.22
G1 X80.685 Y14.05 Z1.246
G1 X78.599 Y14.519 Z1.265
G1 X74.426 Y15.457 Z1.28
G1 X6.889 Y30.637
G1 Z.68 F720
G1 E.8 F1500
;WIDTH:0.449999
G1 F8400
G1 X6.941 Y30.577 E.00316
G1 X7.366 Y30.312 E.01991
G1 X7.673 Y30.193 E.01309
G1 X7.982 Y30.149 E.01241
G1 X6.759 Y28.926 E.06877
G1 X6.759 Y30.789 E.07408
G1 X7.164 Y29.884 F21000
;WIDTH:0.491012
G1 F8400
G1 X7.125 Y29.923 E.00242
G1 X7.139 Y29.976 E.0024
G1 X7.192 Y29.99 E.0024
G1 X7.231 Y29.952 E.00239
G1 X7.217 Y29.898 E.00245
;LAYER_CHANGE
;Z:0.92
;HEIGHT:0.24
;BEFORE_LAYER_CHANGE
G92 E0.0
;0.92


G1 E-.16 F2700
;WIPE_START
G1 F16800
G1 X7.231 Y29.952 E-.00852
G1 X7.192 Y29.99 E-.00831
G1 X7.139 Y29.976 E-.00837
G1 X7.125 Y29.923 E-.00837
G1 X7.164 Y29.884 E-.00842
;WIPE_END
G1 E-.59801 F2700
G1 X7.164 Y29.884 Z.68 F21000
G1 X30.138 Y47.627 Z1.187
G1 X31.831 Y48.934 Z1.22
G1 X33.523 Y50.241 Z1.246
G1 X35.215 Y51.548 Z1.265
G1 X38.6 Y54.162 Z1.28
G1 X125.384 Y121.185 Z1.28
;AFTER_LAYER_CHANGE
;0.92
G1 Z.92 F720
G1 E.8 F1500
;TYPE:Perimeter
;WIDTH:0.449999
G1 F3000
G1 X125.477 Y121.077 E.00567
G1 X125.795 Y120.918 E.01414
G1 X126.074 Y120.878 E.01121
G1 X127.926 Y120.878 E.07364
G1 X128.304 Y120.953 E.01532
G1 X128.608 Y121.148 E.01436
G1 X128.83 Y121.457 E.01513
G1 X128.922 Y121.832 E.01535
G1 X128.922 Y127.526 E.2264
G1 X128.861 Y127.869 E.01385
G1 X128.678 Y128.179 E.01431
G1 X128.389 Y128.408 E.01466
G1 X128.041 Y128.522 E.01456
G1 X126.074 Y128.522 E.07821
G1 X125.795 Y128.482 E.01121
G1 X125.477 Y128.323 E.01414
G1 X125.195 Y127.995 E.0172
G1 X125.078 Y127.654 E.01433
G1 X125.078 Y121.874 E.22982
G1 X125.195 Y121.405 E.01922
G1 X125.345 Y121.231 E.00913
G1 X125.66 Y121.461 F21000
G1 F3000
G1 X125.716 Y121.396 E.00341
G1 X125.955 Y121.277 E.01062
G1 X127.926 Y121.277 E.07837
G1 X128.153 Y121.321 E.00919
G1 X128.389 Y121.496 E.01168
G1 X128.523 Y121.782 E.01256
G1 X128.523 Y127.526 E.22839
G1 X128.456 Y127.801 E.01125
G1 X128.281 Y128.006 E.01072
G1 X127.999 Y128.123 E.01214
G1 X126.074 Y128.123 E.07654
G1 X125.907 Y128.1 E.0067
G1 X125.716 Y128.004 E.0085
G1 X125.547 Y127.807 E.01032
G1 X125.477 Y127.526 E.01151
G1 X125.477 Y121.874 E.22473
G1 X125.547 Y121.593 E.01151
G1 X125.621 Y121.507 E.00451
M204 T250
G1 X125.94 Y121.745 F21000
M204 T7000
;TYPE:External perimeter
G1 F3000
G1 X125.955 Y121.715 E.00133
G1 X126.074 Y121.675 E.00499
G1 X127.926 Y121.675 E.07364
G1 X128.001 Y121.69 E.00304
G1 X128.125 Y121.822 E.0072
G1 F2999.998
G1 X128.125 Y127.526 E.2268
G1 F3000
G1 X128.062 Y127.671 E.00629
G1 X127.926 Y127.725 E.00582
G1 X126.074 Y127.725 E.07364
G1 X125.955 Y127.685 E.00499
G1 X125.875 Y127.526 E.00708
G1 F2999.998
G1 X125.875 Y121.874 E.22473
G1 F3000
G1 X125.913 Y121.798 E.00338
G1 E-.16 F2700
;WIPE_START
G1 F16800
G1 X125.94 Y121.745 E-.00908
G1 X125.955 Y121.715 E-.00512
G1 X126.074 Y121.675 E-.01917
G1 X127.926 Y121.675 E-.28276
G1 X128.001 Y121.69 E-.01168
G1 X128.125 Y121.822 E-.02765
G1 X128.125 Y123.686 E-.28454
;WIPE_END
G1 X127.195 Y94.673 Z1.427 F21000
G1 X127.126 Y92.535 Z1.46
M73 P48 R34
G1 X127.058 Y90.398 Z1.486
G1 X126.989 Y88.261 Z1.505
G1 X126.852 Y83.987 Z1.52
G1 X125.384 Y38.215
G1 Z.92 F720
G1 E.8 F1500
;TYPE:Perimeter
G1 F3000
G1 X125.195 Y37.995 E.01153
G1 X125.078 Y37.654 E.01433
G1 X125.078 Y31.874 E.22982
G1 X125.195 Y31.405 E.01922
G1 X125.477 Y31.077 E.0172
G1 X125.795 Y30.918 E.01414
G1 X126.074 Y30.878 E.01121
G1 X127.926 Y30.878 E.07364
G1 X128.285 Y30.945 E.01452
G1 X128.584 Y31.126 E.0139
G1 X128.86 Y31.528 E.01939
G1 X128.922 Y31.874 E.01398
G1 X128.922 Y37.526 E.22473
G1 X128.854 Y37.887 E.01461
G1 X128.671 Y38.186 E.01394
G1 X128.389 Y38.408 E.01427
G1 X128.041 Y38.522 E.01456
G1 X126.074 Y38.522 E.07821
G1 X125.795 Y38.482 E.01121
G1 X125.477 Y38.323 E.01414
G1 X125.423 Y38.261 E.00327
G1 X125.66 Y37.939 F21000
G1 F3000
G1 X125.547 Y37.807 E.00691
G1 X125.477 Y37.526 E.01151
G1 X125.477 Y31.874 E.22473
G1 X125.547 Y31.593 E.01151
G1 X125.716 Y31.396 E.01032
G1 X125.955 Y31.277 E.01062
G1 X127.926 Y31.277 E.07837
G1 X128.191 Y31.339 E.01082
G1 X128.371 Y31.476 E.00899
G1 X128.523 Y31.768 E.01309
G1 X128.523 Y37.526 E.22895
G1 X128.451 Y37.812 E.01173
G1 X128.281 Y38.007 E.01029
G1 X127.999 Y38.123 E.01212
G1 X126.074 Y38.123 E.07654
G1 X125.907 Y38.1 E.0067
G1 X125.716 Y38.004 E.0085
G1 X125.699 Y37.985 E.00101
M204 T250
G1 X125.94 Y37.655 F21000
M204 T7000
;TYPE:External perimeter
G1 F3000
G1 X125.875 Y37.526 E.00574
G1 F2999.998
G1 X125.875 Y31.874 E.22473
G1 F3000
G1 X125.955 Y31.715 E.00708
G1 X126.074 Y31.675 E.00499
G1 X127.926 Y31.675 E.07364
G1 X128.074 Y31.741 E.00644
G1 X128.125 Y31.874 E.00566
G1 F2999.998
G1 X128.125 Y37.526 E.22473
G1 F3000
G1 X128.062 Y37.671 E.00629
G1 X127.926 Y37.725 E.00582
G1 X126.074 Y37.725 E.07364
G1 X125.98 Y37.694 E.00394
G1 E-.16 F2700
;WIPE_START
G1 F16800
G1 X125.94 Y37.655 E-.00853
G1 X125.875 Y37.526 E-.02205
G1 X125.875 Y33.535 E-.60942
;WIPE_END
G1 X147.208 Y53.221 Z1.427 F21000
G1 X148.779 Y54.671 Z1.46
G1 X150.351 Y56.122 Z1.486
G1 X151.922 Y57.572 Z1.505
G1 X155.065 Y60.472 Z1.52
G1 X197.274 Y99.423
G1 Z.92 F720
G1 E.8 F1500
;TYPE:Perimeter
G1 F4200
G1 X197.301 Y99.46 E.00182
G1 X197.614 Y99.655 E.01466
G1 X197.974 Y99.722 E.01456
G1 X231.978 Y99.722 E1.35207
G1 X231.978 Y153.378 E2.13347
G1 X124.022 Y153.378 E4.29255
G1 X124.022 Y12.022 E5.6206
M73 Q48 S37
G1 X135.151 Y12.014 E.44251
G1 X135.5 Y11.902 E.01457
G1 X135.781 Y11.676 E.01434
G1 X135.969 Y11.345 E.01514
G1 X136.022 Y11.026 E.01286
G1 X136.022 Y6.022 E.19897
G1 X196.978 Y6.022 E2.42373
G1 X196.983 Y54.824 E1.94046
G1 X197.091 Y55.187 E.01506
G1 X197.321 Y55.478 E.01475
G1 X197.647 Y55.667 E.01498
G1 X197.974 Y55.722 E.01318
G1 X231.978 Y55.722 E1.35207
G1 X231.978 Y62.678 E.27658
G1 X197.9 Y62.678 E1.35501
G1 X197.514 Y62.791 E.01599
G1 X197.205 Y63.042 E.01583
G1 X197.044 Y63.318 E.0127
G1 X196.978 Y63.674 E.0144
G1 X196.978 Y98.779 E1.39584
G1 X197.073 Y99.151 E.01527
G1 X197.238 Y99.375 E.01106
G1 X197.564 Y99.136 F21000
G1 F4200
G1 X197.698 Y99.256 E.00715
G1 X197.974 Y99.323 E.01129
G1 X232.377 Y99.323 E1.36793
G1 X232.377 Y153.777 E2.1652
G1 X123.623 Y153.777 E4.32428
G1 X123.623 Y11.623 E5.65233
G1 X135.101 Y11.619 E.45639
G1 X135.357 Y11.523 E.01087
G1 X135.555 Y11.304 E.01174
G1 X135.623 Y11.026 E.01138
G1 X135.623 Y5.623 E.21483
G1 X197.377 Y5.623 E2.45546
G1 X197.381 Y54.798 E1.9553
G1 X197.489 Y55.075 E.01182
M73 Q48 S36
G1 X197.698 Y55.256 E.01099
G1 X197.974 Y55.323 E.01129
G1 X232.377 Y55.323 E1.36793
G1 X232.377 Y63.077 E.30831
G1 X197.928 Y63.077 E1.36976
G1 X197.633 Y63.184 E.01248
G1 X197.445 Y63.397 E.0113
G1 X197.377 Y63.674 E.01134
G1 X197.377 Y98.778 E1.3958
G1 X197.478 Y99.059 E.01187
G1 X197.52 Y99.096 E.00223
M204 T250
G1 X197.842 Y98.864 F21000
M204 T7000
;TYPE:External perimeter
G1 F3000
G1 X197.974 Y98.925 E.00578
G1 F2999.998
G1 X232.775 Y98.925 E1.38376
G1 X232.775 Y154.175 E2.19685
G1 X123.225 Y154.175 E4.35593
G1 X123.225 Y11.225 E5.68398
G1 X135.026 Y11.225 E.46923
G1 F3000
G1 X135.155 Y11.178 E.00546
G1 X135.225 Y11.026 E.00665
G1 F2999.995
G1 X135.225 Y5.225 E.23066
G1 X197.775 Y5.225 E2.48711
G1 X197.775 Y54.726 E1.96826
G1 F3000
G1 X197.83 Y54.864 E.00591
G1 X197.974 Y54.925 E.00622
G1 F2999.998
G1 X232.775 Y54.925 E1.38376
G1 X232.775 Y63.475 E.33997
G1 X197.974 Y63.475 E1.38376
G1 F3000
G1 X197.844 Y63.524 E.00552
G1 X197.775 Y63.674 E.00657
G1 F2999.998
G1 X197.775 Y98.726 E1.39374
G1 F3000
G1 X197.809 Y98.819 E.00394
G1 E-.16 F2700
;WIPE_START
G1 F16800
G1 X197.842 Y98.864 E-.00852
G1 X197.974 Y98.925 E-.0222
G1 X201.965 Y98.925 E-.60928
;WIPE_END
G1 X185.185 Y75.238 Z1.427 F21000
G1 X183.949 Y73.493 Z1.46
G1 X182.713 Y71.748 Z1.486
G1 X181.477 Y70.003 Z1.505
G1 X179.005 Y66.514 Z1.52
G1 X136.343 Y6.291
G1 Z.92 F720
G1 E.8 F1500
;TYPE:Solid infill
;WIDTH:0.391504
G1 F8400
G1 X136.272 Y6.272 E.00249
G1 X136.291 Y6.343 E.00249
G1 X136.332 Y6.332 E.00144
;WIDTH:0.420752
G1 X136.529 Y6.347 E.00728
;WIDTH:0.449999
G1 X136.725 Y6.361 E.00781
G1 X136.361 Y6.725 E.02047
G1 X136.361 Y7.288 E.02239
G1 X137.288 Y6.361 E.05213
G1 X137.852 Y6.361 E.02243
G1 X136.361 Y7.852 E.08384
G1 X136.361 Y8.416 E.02243
G1 X138.416 Y6.361 E.11556
G1 X138.979 Y6.361 E.02239
G1 X136.361 Y8.979 E.14722
G1 X136.361 Y9.543 E.02243
G1 X139.543 Y6.361 E.17893
G1 X140.106 Y6.361 E.02239
G1 X136.361 Y10.106 E.21059
G1 X136.361 Y10.67 E.02243
G1 X140.67 Y6.361 E.2423
G1 E-.16 F2700
;WIPE_START
G1 F16800
G1 X137.706 Y9.325 E-.64
;WIPE_END
G1 X124.469 Y12.393 Z1.157 F21000
G1 Z.92 F720
G1 E.8 F1500
;WIDTH:0.546684
G1 F7573.004
G1 X124.425 Y12.349 E.00307
G1 X124.365 Y12.365 E.00307
G1 X124.349 Y12.425 E.00307
G1 X124.393 Y12.469 E.00307
G1 X124.453 Y12.453 E.00307
;WIDTH:0.449999
G1 F8400
G1 X125.089 Y12.361 E.02555
G1 X124.361 Y13.089 E.04094
G1 X124.361 Y13.653 E.02243
G1 X125.653 Y12.361 E.07265
G1 X126.216 Y12.361 E.02239
G1 X124.361 Y14.216 E.10431
G1 X124.361 Y14.78 E.02243
G1 X126.78 Y12.361 E.13603
G1 X127.344 Y12.361 E.02243
G1 X124.361 Y15.344 E.16774
G1 X124.361 Y15.907 E.02239
G1 X127.907 Y12.361 E.1994
G1 X128.471 Y12.361 E.02243
G1 X124.361 Y16.471 E.23111
G1 X124.361 Y17.034 E.02239
G1 X129.034 Y12.361 E.26277
G1 X129.598 Y12.361 E.02243
G1 X124.361 Y17.598 E.29449
G1 X124.361 Y18.161 E.02239
G1 X130.161 Y12.361 E.32615
G1 X130.725 Y12.361 E.02243
G1 X124.361 Y18.725 E.35786
G1 X124.361 Y19.288 E.02239
G1 X131.288 Y12.361 E.38952
G1 X131.852 Y12.361 E.02243
G1 X124.361 Y19.852 E.42123
G1 X124.361 Y20.416 E.02243
G1 X132.416 Y12.361 E.45295
G1 X132.979 Y12.361 E.02239
G1 X124.361 Y20.979 E.48461
G1 X124.361 Y21.543 E.02243
G1 X133.543 Y12.361 E.51632
G1 X134.106 Y12.361 E.02239
G1 X124.361 Y22.106 E.54798
G1 X124.361 Y22.67 E.02243
G1 X134.67 Y12.361 E.5797
G1 X135.255 Y12.339 E.02328
G1 X124.361 Y23.233 E.61259
G1 E-.16 F2700
;WIPE_START
G1 F16800
G1 X127.325 Y20.269 E-.64
;WIPE_END
G1 X135.537 Y12.16 Z1.121 F21000
G1 Z.92 F720
G1 E.8 F1500
;WIDTH:0.391504
G1 F8400
G1 X135.718 Y12.033 E.0075
G1 X136.162 Y11.54 E.02251
;WIDTH:0.420752
G1 X136.249 Y11.399 E.0061
;WIDTH:0.449999
G1 X136.336 Y11.258 E.00659
G1 X141.233 Y6.361 E.27537
G1 X141.389 Y6.317 E.00644
;WIDTH:0.420752
G1 X141.545 Y6.274 E.00596
;WIDTH:0.391504
G1 X141.504 Y6.285 E.00144
G1 X141.485 Y6.214 E.00249
G1 X141.556 Y6.233 E.00249
;WIDTH:0.449999
G1 X141.797 Y6.361 E.01085
G1 X124.361 Y23.797 E.98046
G1 X124.361 Y24.36 E.02239
G1 X142.36 Y6.361 E1.01212
G1 X142.924 Y6.361 E.02243
G1 X124.361 Y24.924 E1.04383
G1 X124.361 Y25.488 E.02243
G1 X143.488 Y6.361 E1.07555
G1 X144.051 Y6.361 E.02239
G1 X124.361 Y26.051 E1.10721
G1 X124.361 Y26.615 E.02243
G1 X144.615 Y6.361 E1.13892
G1 X145.178 Y6.361 E.02239
G1 X124.361 Y27.178 E1.17058
G1 X124.361 Y27.742 E.02243
G1 X145.742 Y6.361 E1.2023
G1 X146.305 Y6.361 E.02239
G1 X124.361 Y28.305 E1.23395
G1 X124.361 Y28.869 E.02243
G1 X146.869 Y6.361 E1.26567
G1 X147.432 Y6.361 E.02239
G1 X124.361 Y29.432 E1.29733
G1 X124.361 Y29.996 E.02243
G1 X147.996 Y6.361 E1.32904
G1 X148.56 Y6.361 E.02243
G1 X124.361 Y30.56 E1.36076
G1 X124.361 Y31.123 E.02239
G1 X149.123 Y6.361 E1.39242
G1 X149.687 Y6.361 E.02243
G1 X124.361 Y31.687 E1.42413
G1 X124.585 Y32.013 E.01573
;WIDTH:0.440051
G1 X124.455 Y32.138 E.00699
G1 X124.356 Y32.124 E.00388
G1 X124.356 Y37.523 E.20932
;WIDTH:0.449999
G1 X124.361 Y41.267 E.14887
G1 X126.767 Y38.861 E.13529
G1 X126.078 Y38.861 E.0274
G1 X125.668 Y38.794 E.01652
G1 X125.243 Y38.564 E.01921
G1 X124.884 Y38.123 E.02261
G1 X124.744 Y37.697 E.01783
;WIDTH:0.440051
G1 X124.744 Y32.308 E.20893
G1 X124.729 Y31.875 E.0168
G1 E-.16 F2700
;WIPE_START
G1 F16800
G1 X124.744 Y32.308 E-.06615
G1 X124.744 Y36.066 E-.57385
;WIPE_END
G1 X125.82 Y30.71 Z1.015 F21000
G1 Z.92 F720
G1 E.8 F1500
;WIDTH:0.391504
G1 F8400
G1 X125.779 Y30.721 E.00144
G1 X125.76 Y30.65 E.00249
G1 X125.831 Y30.669 E.00249
;WIDTH:0.420752
G1 X125.951 Y30.604 E.00503
;WIDTH:0.449999
G1 X126.072 Y30.539 E.00546
G1 X150.25 Y6.361 E1.35958
G1 X150.814 Y6.361 E.02243
G1 X126.635 Y30.539 E1.3596
G1 X127.199 Y30.539 E.02243
G1 X151.377 Y6.361 E1.35958
G1 X151.941 Y6.361 E.02243
G1 X127.762 Y30.539 E1.3596
G1 X128.278 Y30.587 E.02061
G1 X152.504 Y6.361 E1.36228
G1 X153.068 Y6.361 E.02243
G1 X128.664 Y30.765 E1.37228
G1 X128.961 Y31.032 E.01588
G1 X153.632 Y6.361 E1.3873
G1 X154.195 Y6.361 E.02239
G1 X129.167 Y31.389 E1.40737
G1 X129.26 Y31.859 E.01905
M73 P49 R34
G1 X154.759 Y6.361 E1.43383
G1 X155.322 Y6.361 E.02239
G1 X129.261 Y32.422 E1.46546
G1 X129.261 Y32.986 E.02243
G1 X155.886 Y6.361 E1.49718
G1 X156.449 Y6.361 E.02239
G1 X129.261 Y33.549 E1.52883
G1 X129.261 Y34.113 E.02243
G1 X157.013 Y6.361 E1.56055
G1 X157.577 Y6.361 E.02243
M73 P49 R33
G1 X129.261 Y34.676 E1.59224
G1 X129.261 Y35.24 E.02243
G1 X158.14 Y6.361 E1.62392
G1 X158.704 Y6.361 E.02243
G1 X129.261 Y35.804 E1.65564
G1 X129.261 Y36.367 E.02239
G1 X159.267 Y6.361 E1.6873
G1 X159.831 Y6.361 E.02243
G1 X129.261 Y36.931 E1.71901
G1 X129.154 Y37.803 F21000
;WIDTH:0.391504
G1 F8400
G1 X129.113 Y37.814 E.00144
G1 X129.094 Y37.743 E.00249
G1 X129.165 Y37.762 E.00249
;WIDTH:0.420752
G1 X129.213 Y37.628 E.00524
;WIDTH:0.449999
G1 X129.261 Y37.494 E.00566
G1 X160.394 Y6.361 E1.75067
G1 X160.958 Y6.361 E.02243
G1 X128.988 Y38.331 E1.79774
M73 Q49 S36
G1 E-.16 F2700
;WIPE_START
G1 F16800
G1 X131.952 Y35.367 E-.64
;WIPE_END
G1 X127.331 Y38.861 Z1.021 F21000
G1 Z.92 F720
G1 E.8 F1500
G1 F8400
G1 X124.296 Y41.902 E.17083
;WIDTH:0.420752
G1 X124.232 Y41.973 E.00352
;WIDTH:0.391504
G1 X124.161 Y41.954 E.00249
G1 X124.18 Y42.025 E.00249
G1 X124.221 Y42.014 E.00144
;WIDTH:0.449999
G1 X124.361 Y42.394 E.0161
G1 X127.894 Y38.861 E.19867
G1 X128.731 Y38.587 F21000
G1 F8400
G1 X124.361 Y42.958 E.24576
G1 X124.323 Y43.093 E.00558
;WIDTH:0.420752
G1 X124.285 Y43.229 E.0052
;WIDTH:0.391504
G1 X124.214 Y43.21 E.00249
G1 X124.233 Y43.281 E.00249
G1 X124.274 Y43.27 E.00144
;WIDTH:0.449999
G1 X124.361 Y43.521 E.01056
G1 X161.521 Y6.361 E2.08958
G1 X162.085 Y6.361 E.02243
G1 X124.361 Y44.085 E2.12129
G1 X124.361 Y44.649 E.02243
G1 X162.649 Y6.361 E2.15301
G1 X163.212 Y6.361 E.02239
G1 X124.361 Y45.212 E2.18467
G1 X124.361 Y45.776 E.02243
G1 X163.776 Y6.361 E2.21638
G1 X164.339 Y6.361 E.02239
G1 X124.361 Y46.339 E2.24804
G1 X124.361 Y46.903 E.02243
G1 X164.903 Y6.361 E2.27976
G1 X165.466 Y6.361 E.02239
G1 X124.361 Y47.466 E2.31141
G1 X124.361 Y48.03 E.02243
G1 X166.03 Y6.361 E2.34313
G1 X166.593 Y6.361 E.02239
G1 X124.361 Y48.593 E2.37479
G1 X124.361 Y49.157 E.02243
G1 X167.157 Y6.361 E2.4065
G1 X167.721 Y6.361 E.02243
G1 X124.361 Y49.721 E2.43822
G1 X124.361 Y50.284 E.02239
G1 X168.284 Y6.361 E2.46988
G1 X168.848 Y6.361 E.02243
G1 X124.361 Y50.848 E2.50159
G1 X124.361 Y51.411 E.02239
G1 X169.411 Y6.361 E2.53325
G1 X169.975 Y6.361 E.02243
G1 X124.361 Y51.975 E2.56496
G1 X124.361 Y52.538 E.02239
G1 X170.538 Y6.361 E2.59662
G1 X171.102 Y6.361 E.02243
G1 X124.361 Y53.102 E2.62834
G1 X124.361 Y53.665 E.02239
G1 X171.665 Y6.361 E2.66
G1 X172.229 Y6.361 E.02243
G1 X124.361 Y54.229 E2.69171
G1 X124.361 Y54.793 E.02243
G1 X172.793 Y6.361 E2.72343
G1 X173.356 Y6.361 E.02239
G1 X124.361 Y55.356 E2.75508
G1 X124.361 Y55.92 E.02243
G1 X173.92 Y6.361 E2.7868
G1 X174.483 Y6.361 E.02239
G1 X124.361 Y56.483 E2.81846
G1 X124.361 Y57.047 E.02243
G1 X175.047 Y6.361 E2.85017
G1 X175.61 Y6.361 E.02239
G1 X124.361 Y57.61 E2.88183
G1 X124.361 Y58.174 E.02243
G1 X176.174 Y6.361 E2.91355
G1 X176.737 Y6.361 E.02239
G1 X124.361 Y58.737 E2.9452
G1 X124.361 Y59.301 E.02243
G1 X177.301 Y6.361 E2.97692
G1 X177.865 Y6.361 E.02243
G1 X124.361 Y59.865 E3.00863
G1 X124.361 Y60.428 E.02239
G1 X178.428 Y6.361 E3.04029
G1 X178.992 Y6.361 E.02243
G1 X124.361 Y60.992 E3.07201
G1 X124.361 Y61.555 E.02239
G1 X179.555 Y6.361 E3.10367
G1 X180.119 Y6.361 E.02243
G1 X124.361 Y62.119 E3.13538
G1 X124.361 Y62.682 E.02239
G1 X180.682 Y6.361 E3.16704
G1 X181.246 Y6.361 E.02243
G1 X124.361 Y63.246 E3.19875
G1 X124.361 Y63.809 E.02239
G1 X181.809 Y6.361 E3.23041
G1 X182.373 Y6.361 E.02243
G1 X124.361 Y64.373 E3.26213
G1 X124.361 Y64.937 E.02243
G1 X182.937 Y6.361 E3.29384
G1 X183.5 Y6.361 E.02239
G1 X124.361 Y65.5 E3.3255
G1 X124.361 Y66.064 E.02243
G1 X184.064 Y6.361 E3.35722
G1 X184.627 Y6.361 E.02239
G1 X124.361 Y66.627 E3.38887
G1 X124.361 Y67.191 E.02243
G1 X185.191 Y6.361 E3.42059
G1 X185.754 Y6.361 E.02239
G1 X124.361 Y67.754 E3.45225
G1 X124.361 Y68.318 E.02243
G1 X186.318 Y6.361 E3.48396
G1 X186.881 Y6.361 E.02239
G1 X124.361 Y68.881 E3.51562
G1 X124.361 Y69.445 E.02243
G1 X187.445 Y6.361 E3.54734
G1 X188.009 Y6.361 E.02243
G1 X124.361 Y70.009 E3.57905
G1 X124.361 Y70.572 E.02239
G1 X188.572 Y6.361 E3.61071
G1 X189.136 Y6.361 E.02243
M73 Q49 S35
G1 X124.361 Y71.136 E3.64242
G1 X124.361 Y71.699 E.02239
G1 X189.699 Y6.361 E3.67408
G1 X190.263 Y6.361 E.02243
G1 X124.361 Y72.263 E3.7058
G1 X124.361 Y72.826 E.02239
G1 X190.826 Y6.361 E3.73746
G1 X191.39 Y6.361 E.02243
G1 X124.361 Y73.39 E3.76917
G1 X124.361 Y73.953 E.02239
G1 X191.953 Y6.361 E3.80083
G1 X192.517 Y6.361 E.02243
G1 X124.361 Y74.517 E3.83254
G1 X124.361 Y75.081 E.02243
G1 X193.081 Y6.361 E3.86426
G1 X193.644 Y6.361 E.02239
G1 X124.361 Y75.644 E3.89592
G1 X124.361 Y76.208 E.02243
G1 X194.208 Y6.361 E3.92763
G1 X194.771 Y6.361 E.02239
G1 X124.361 Y76.771 E3.95929
G1 X124.361 Y77.335 E.02243
G1 X195.335 Y6.361 E3.99101
G1 X195.898 Y6.361 E.02239
G1 X124.361 Y77.898 E4.02266
G1 X124.361 Y78.462 E.02243
M73 P50 R33
G1 X196.462 Y6.361 E4.05438
G1 X196.639 Y6.747 E.01688
G1 X124.361 Y79.025 E4.06433
G1 X124.361 Y79.589 E.02243
G1 X196.639 Y7.31 E4.06436
G1 X196.639 Y7.874 E.02243
G1 X124.361 Y80.153 E4.06436
G1 X124.361 Y80.716 E.02239
G1 X196.639 Y8.438 E4.06433
G1 X196.639 Y9.001 E.02239
M73 Q50 S35
G1 X124.361 Y81.28 E4.06436
G1 X124.361 Y81.843 E.02239
G1 X196.639 Y9.565 E4.06433
G1 X196.639 Y10.128 E.02239
G1 X124.361 Y82.407 E4.06436
G1 X124.361 Y82.97 E.02239
G1 X196.639 Y10.692 E4.06433
G1 X196.639 Y11.255 E.02239
G1 X124.361 Y83.534 E4.06436
G1 X124.361 Y84.097 E.02239
G1 X196.639 Y11.819 E4.06433
G1 X196.639 Y12.382 E.02239
G1 X124.361 Y84.661 E4.06436
G1 X124.361 Y85.225 E.02243
G1 X196.639 Y12.946 E4.06436
G1 X196.639 Y13.51 E.02243
G1 X124.361 Y85.788 E4.06433
G1 X124.361 Y86.352 E.02243
G1 X196.639 Y14.073 E4.06436
G1 X196.639 Y14.637 E.02243
G1 X124.361 Y86.915 E4.06433
G1 X124.361 Y87.479 E.02243
G1 X196.639 Y15.2 E4.06436
G1 X196.639 Y15.764 E.02243
G1 X124.361 Y88.042 E4.06433
G1 X124.361 Y88.606 E.02243
G1 X196.639 Y16.327 E4.06436
G1 X196.639 Y16.891 E.02243
G1 X124.361 Y89.17 E4.06436
G1 X124.361 Y89.733 E.02239
G1 X196.639 Y17.454 E4.06436
G1 X196.639 Y18.018 E.02243
G1 X124.361 Y90.297 E4.06436
G1 X124.361 Y90.86 E.02239
G1 X196.639 Y18.582 E4.06433
G1 X196.639 Y19.145 E.02239
G1 X124.361 Y91.424 E4.06436
G1 X124.361 Y91.987 E.02239
G1 X196.639 Y19.709 E4.06433
G1 X196.639 Y20.272 E.02239
G1 X124.361 Y92.551 E4.06436
G1 X124.361 Y93.114 E.02239
G1 X196.639 Y20.836 E4.06433
G1 X196.639 Y21.399 E.02239
G1 X124.361 Y93.678 E4.06436
G1 X124.361 Y94.242 E.02243
M73 P50 R32
G1 X196.639 Y21.963 E4.06436
G1 X196.639 Y22.526 E.02239
G1 X124.361 Y94.805 E4.06436
G1 X124.361 Y95.369 E.02243
G1 X196.639 Y23.09 E4.06436
G1 X196.639 Y23.654 E.02243
G1 X124.361 Y95.932 E4.06433
G1 X124.361 Y96.496 E.02243
G1 X196.639 Y24.217 E4.06436
G1 X196.639 Y24.781 E.02243
G1 X124.361 Y97.059 E4.06433
G1 X124.361 Y97.623 E.02243
G1 X196.639 Y25.344 E4.06436
G1 X196.639 Y25.908 E.02243
G1 X124.361 Y98.186 E4.06433
G1 X124.361 Y98.75 E.02243
G1 X196.639 Y26.471 E4.06436
G1 X196.639 Y27.035 E.02243
G1 X124.361 Y99.314 E4.06436
G1 X124.361 Y99.877 E.02239
G1 X196.639 Y27.599 E4.06433
G1 X196.639 Y28.162 E.02239
G1 X124.361 Y100.441 E4.06436
G1 X124.361 Y101.004 E.02239
G1 X196.639 Y28.726 E4.06433
G1 X196.639 Y29.289 E.02239
G1 X124.361 Y101.568 E4.06436
G1 X124.361 Y102.131 E.02239
G1 X196.639 Y29.853 E4.06433
G1 X196.639 Y30.416 E.02239
G1 X124.361 Y102.695 E4.06436
G1 X124.361 Y103.258 E.02239
G1 X196.639 Y30.98 E4.06433
G1 X196.639 Y31.543 E.02239
G1 X124.361 Y103.822 E4.06436
G1 X124.361 Y104.386 E.02243
G1 X196.639 Y32.107 E4.06436
G1 X196.639 Y32.671 E.02243
G1 X124.361 Y104.949 E4.06433
G1 X124.361 Y105.513 E.02243
G1 X196.639 Y33.234 E4.06436
G1 X196.639 Y33.798 E.02243
G1 X124.361 Y106.076 E4.06433
G1 X124.361 Y106.64 E.02243
G1 X196.639 Y34.361 E4.06436
G1 X196.639 Y34.925 E.02243
G1 X124.361 Y107.203 E4.06433
G1 X124.361 Y107.767 E.02243
M73 P51 R32
G1 X196.639 Y35.488 E4.06436
G1 X196.639 Y36.052 E.02243
G1 X124.361 Y108.33 E4.06433
G1 X124.361 Y108.894 E.02243
G1 X196.639 Y36.615 E4.06436
G1 X196.639 Y37.179 E.02243
G1 X124.361 Y109.458 E4.06436
G1 X124.361 Y110.021 E.02239
G1 X196.639 Y37.743 E4.06433
G1 X196.639 Y38.306 E.02239
G1 X124.361 Y110.585 E4.06436
G1 X124.361 Y111.148 E.02239
M73 Q51 S35
G1 X196.639 Y38.87 E4.06433
G1 X196.639 Y39.433 E.02239
G1 X124.361 Y111.712 E4.06436
G1 X124.361 Y112.275 E.02239
G1 X196.639 Y39.997 E4.06433
G1 X196.639 Y40.56 E.02239
G1 X124.361 Y112.839 E4.06436
G1 X124.361 Y113.402 E.02239
G1 X196.639 Y41.124 E4.06433
G1 X196.639 Y41.687 E.02239
M73 Q51 S34
G1 X124.361 Y113.966 E4.06436
G1 X124.361 Y114.53 E.02243
G1 X196.639 Y42.251 E4.06436
G1 X196.639 Y42.815 E.02243
G1 X124.361 Y115.093 E4.06433
G1 X124.361 Y115.657 E.02243
G1 X196.639 Y43.378 E4.06436
G1 X196.639 Y43.942 E.02243
G1 X124.361 Y116.22 E4.06433
G1 X124.361 Y116.784 E.02243
G1 X196.639 Y44.505 E4.06436
G1 X196.639 Y45.069 E.02243
G1 X124.361 Y117.347 E4.06433
G1 X124.361 Y117.911 E.02243
G1 X196.639 Y45.632 E4.06436
G1 X196.639 Y46.196 E.02243
G1 X124.361 Y118.474 E4.06433
G1 X124.361 Y119.038 E.02243
G1 X196.639 Y46.759 E4.06436
G1 X196.639 Y47.323 E.02243
G1 X124.361 Y119.602 E4.06436
G1 X124.361 Y120.165 E.02239
G1 X196.639 Y47.887 E4.06433
G1 X196.639 Y48.45 E.02239
G1 X124.361 Y120.729 E4.06436
G1 X124.361 Y121.292 E.02239
G1 X196.639 Y49.014 E4.06433
G1 X196.639 Y49.577 E.02239
G1 X125.552 Y120.664 E3.99736
G1 X125.411 Y120.771 E.00704
;WIDTH:0.420752
G1 X125.27 Y120.878 E.00652
;WIDTH:0.392846
G1 X124.934 Y121.242 E.01687
;WIDTH:0.400564
G1 X124.905 Y121.298 E.0022
;WIDTH:0.440051
G1 X124.744 Y121.913 E.02465
G1 X124.744 Y127.697 E.22424
;WIDTH:0.449999
G1 X124.884 Y128.123 E.01783
G1 X125.243 Y128.564 E.02261
G1 X125.668 Y128.794 E.01921
G1 X126.079 Y128.861 E.01656
G1 X126.936 Y128.861 E.03408
G1 X124.361 Y131.436 E.1448
G1 X124.356 Y127.523 E.15559
;WIDTH:0.440051
G1 X124.356 Y121.73 E.22459
G1 X124.455 Y121.744 E.00388
G1 X124.511 Y121.699 E.00279
G1 X124.799 Y121.388 E.01643
G1 E-.16 F2700
;WIPE_START
G1 F16800
G1 X124.511 Y121.699 E-.06472
G1 X124.455 Y121.744 E-.01097
G1 X124.356 Y121.73 E-.01527
G1 X124.356 Y125.326 E-.54904
;WIPE_END
G1 X126.241 Y120.539 Z1.01 F21000
G1 Z.92 F720
G1 E.8 F1500
;WIDTH:0.449999
G1 F8400
G1 X196.639 Y50.141 E3.95862
G1 X196.639 Y50.704 E.02239
G1 X126.804 Y120.539 E3.92696
G1 X127.368 Y120.539 E.02243
G1 X196.639 Y51.268 E3.89524
G1 X196.639 Y51.831 E.02239
G1 X127.931 Y120.539 E3.86358
G1 X128.405 Y120.629 E.01918
G1 X196.639 Y52.395 E3.83693
G1 X196.639 Y52.959 E.02243
G1 X128.762 Y120.836 E3.81686
G1 X129.031 Y121.13 E.01584
G1 X196.639 Y53.522 E3.80173
G1 X196.639 Y54.086 E.02243
G1 X129.211 Y121.514 E3.79161
G1 X129.261 Y122.028 E.02053
G1 X196.639 Y54.649 E3.78882
G1 X196.711 Y55.141 E.01977
G1 X129.261 Y122.591 E3.79284
G1 X129.261 Y123.155 E.02243
G1 X196.902 Y55.513 E3.80361
G1 X197.182 Y55.797 E.01586
G1 X129.261 Y123.718 E3.81933
G1 X129.261 Y124.282 E.02243
G1 X197.552 Y55.991 E3.84014
G1 X198.231 Y55.88 E.02736
;WIDTH:0.391504
G1 X198.16 Y55.861 E.00249
G1 X198.179 Y55.932 E.00249
G1 X198.22 Y55.921 E.00144
;WIDTH:0.420752
G1 X198.133 Y55.991 E.00411
;WIDTH:0.449999
G1 X198.046 Y56.061 E.00444
G1 X129.261 Y124.846 E3.86791
G1 X129.261 Y125.409 E.02239
G1 X198.609 Y56.061 E3.89957
G1 X199.173 Y56.061 E.02243
G1 X129.261 Y125.973 E3.93129
G1 X129.261 Y126.536 E.02239
G1 X199.736 Y56.061 E3.96295
G1 X200.3 Y56.061 E.02243
G1 X129.261 Y127.1 E3.99466
G1 E-.16 F2700
;WIPE_START
G1 F16800
G1 X132.225 Y124.136 E-.64
;WIPE_END
G1 X127.5 Y128.861 Z1.037 F21000
G1 Z.92 F720
G1 E.8 F1500
G1 F8400
G1 X124.361 Y132 E.17651
G1 X124.285 Y132.834 F21000
;WIDTH:0.391504
G1 F8400
G1 X124.214 Y132.815 E.00249
G1 X124.233 Y132.886 E.00249
G1 X124.274 Y132.875 E.00144
;WIDTH:0.420752
G1 X124.317 Y132.719 E.00596
;WIDTH:0.449999
G1 X124.361 Y132.563 E.00644
G1 X128.074 Y128.85 E.20879
G1 X128.356 Y128.692 E.01285
;WIDTH:0.391504
G1 X128.697 Y128.431 E.01457
G1 X129.09 Y127.954 E.02097
;WIDTH:0.420752
G1 X129.171 Y127.813 E.00599
;WIDTH:0.449999
G1 X129.252 Y127.673 E.00643
G1 X200.863 Y56.061 E4.02685
G1 X201.427 Y56.061 E.02243
G1 X124.361 Y133.127 E4.33357
G1 X124.361 Y133.691 E.02243
G1 X201.991 Y56.061 E4.36529
G1 X202.554 Y56.061 E.02239
G1 X124.361 Y134.254 E4.39694
G1 X124.361 Y134.818 E.02243
G1 X203.118 Y56.061 E4.42866
G1 X203.681 Y56.061 E.02239
G1 X124.361 Y135.381 E4.46032
G1 X124.323 Y135.517 E.00561
;WIDTH:0.420752
G1 X124.285 Y135.652 E.00517
;WIDTH:0.391504
G1 X124.214 Y135.633 E.00249
G1 X124.233 Y135.704 E.00249
G1 X124.274 Y135.693 E.00144
;WIDTH:0.449999
G1 X124.361 Y135.945 E.0106
G1 X196.639 Y63.666 E4.06436
G1 X196.729 Y63.54 E.00616
;WIDTH:0.420752
G1 X196.819 Y63.414 E.0057
;WIDTH:0.391504
G1 X196.778 Y63.425 E.00144
G1 X196.759 Y63.354 E.00249
G1 X196.83 Y63.373 E.00249
G1 X196.639 Y64.23 F21000
;WIDTH:0.449999
G1 F8400
G1 X124.361 Y136.508 E4.06433
G1 X124.361 Y137.072 E.02243
M73 P52 R32
G1 X196.639 Y64.793 E4.06436
G1 X196.639 Y65.357 E.02243
G1 X124.361 Y137.635 E4.06433
G1 X124.361 Y138.199 E.02243
M73 P52 R31
G1 X196.639 Y65.92 E4.06436
G1 X196.639 Y66.484 E.02243
G1 X124.361 Y138.763 E4.06436
G1 X124.361 Y139.326 E.02239
G1 X196.639 Y67.047 E4.06436
G1 X196.639 Y67.611 E.02243
G1 X124.361 Y139.89 E4.06436
G1 X124.361 Y140.453 E.02239
G1 X196.639 Y68.175 E4.06433
G1 X196.639 Y68.738 E.02239
M73 Q52 S34
G1 X124.361 Y141.017 E4.06436
G1 X124.361 Y141.58 E.02239
G1 X196.639 Y69.302 E4.06433
G1 X196.639 Y69.865 E.02239
G1 X124.361 Y142.144 E4.06436
G1 X124.361 Y142.707 E.02239
G1 X196.639 Y70.429 E4.06433
G1 X196.639 Y70.992 E.02239
G1 X124.361 Y143.271 E4.06436
G1 X124.361 Y143.835 E.02243
G1 X196.639 Y71.556 E4.06436
G1 X196.639 Y72.12 E.02243
G1 X124.361 Y144.398 E4.06433
G1 X124.361 Y144.962 E.02243
G1 X196.639 Y72.683 E4.06436
G1 X196.639 Y73.247 E.02243
G1 X124.361 Y145.525 E4.06433
G1 X124.361 Y146.089 E.02243
G1 X196.639 Y73.81 E4.06436
G1 X196.639 Y74.374 E.02243
G1 X124.361 Y146.652 E4.06433
G1 X124.361 Y147.216 E.02243
G1 X196.639 Y74.937 E4.06436
G1 X196.639 Y75.501 E.02243
G1 X124.361 Y147.779 E4.06433
G1 X124.361 Y148.343 E.02243
G1 X196.639 Y76.064 E4.06436
G1 X196.639 Y76.628 E.02243
G1 X124.361 Y148.907 E4.06436
G1 X124.361 Y149.47 E.02239
G1 X196.639 Y77.192 E4.06433
G1 X196.639 Y77.755 E.02239
G1 X124.361 Y150.034 E4.06436
G1 X124.361 Y150.597 E.02239
G1 X196.639 Y78.319 E4.06433
G1 X196.639 Y78.882 E.02239
G1 X124.361 Y151.161 E4.06436
G1 X124.361 Y151.724 E.02239
G1 X196.639 Y79.446 E4.06433
G1 X196.639 Y80.009 E.02239
G1 X124.361 Y152.288 E4.06436
G1 X124.297 Y153.163 F21000
;WIDTH:0.391504
G1 F8400
G1 X124.256 Y153.174 E.00144
G1 X124.237 Y153.103 E.00249
G1 X124.308 Y153.122 E.00249
;WIDTH:0.420752
G1 X124.334 Y152.987 E.00507
;WIDTH:0.449999
G1 X124.361 Y152.851 E.00551
G1 X196.639 Y80.573 E4.06433
G1 X196.639 Y81.136 E.02239
G1 X124.736 Y153.039 E4.04325
G1 X125.3 Y153.039 E.02243
G1 X196.639 Y81.7 E4.01153
G1 X196.639 Y82.264 E.02243
G1 X125.864 Y153.039 E3.97982
G1 X126.427 Y153.039 E.02239
G1 X196.639 Y82.827 E3.94816
G1 X196.639 Y83.391 E.02243
M73 Q52 S33
G1 X126.991 Y153.039 E3.91644
G1 X127.554 Y153.039 E.02239
G1 X196.639 Y83.954 E3.88478
G1 X196.639 Y84.518 E.02243
G1 X128.118 Y153.039 E3.85307
G1 X128.681 Y153.039 E.02239
G1 X196.639 Y85.081 E3.82141
G1 X196.639 Y85.645 E.02243
G1 X129.245 Y153.039 E3.7897
G1 X129.808 Y153.039 E.02239
G1 X196.639 Y86.208 E3.75804
G1 X196.639 Y86.772 E.02243
G1 X130.372 Y153.039 E3.72632
G1 X130.936 Y153.039 E.02243
G1 X196.639 Y87.336 E3.69461
G1 X196.639 Y87.899 E.02239
G1 X131.499 Y153.039 E3.66295
G1 X132.063 Y153.039 E.02243
G1 X196.639 Y88.463 E3.63123
G1 X196.639 Y89.026 E.02239
G1 X132.626 Y153.039 E3.59958
G1 X133.19 Y153.039 E.02243
G1 X196.639 Y89.59 E3.56786
G1 X196.639 Y90.153 E.02239
G1 X133.753 Y153.039 E3.5362
G1 X134.317 Y153.039 E.02243
G1 X196.639 Y90.717 E3.50449
G1 X196.639 Y91.28 E.02239
G1 X134.88 Y153.039 E3.47283
G1 X135.444 Y153.039 E.02243
G1 X196.639 Y91.844 E3.44111
G1 X196.639 Y92.408 E.02243
G1 X136.008 Y153.039 E3.4094
G1 X136.571 Y153.039 E.02239
G1 X196.639 Y92.971 E3.37774
G1 X196.639 Y93.535 E.02243
G1 X137.135 Y153.039 E3.34603
G1 X137.698 Y153.039 E.02239
G1 X196.639 Y94.098 E3.31437
G1 X196.639 Y94.662 E.02243
G1 X138.262 Y153.039 E3.28265
G1 X138.825 Y153.039 E.02239
G1 X196.639 Y95.225 E3.25099
G1 X196.639 Y95.789 E.02243
G1 X139.389 Y153.039 E3.21928
M73 P53 R31
G1 X139.952 Y153.039 E.02239
G1 X196.639 Y96.352 E3.18762
G1 X196.639 Y96.916 E.02243
G1 X140.516 Y153.039 E3.15591
G1 X141.08 Y153.039 E.02243
G1 X196.639 Y97.48 E3.12419
G1 X196.639 Y98.043 E.02239
G1 X141.643 Y153.039 E3.09253
G1 X142.207 Y153.039 E.02243
G1 X196.639 Y98.607 E3.06082
G1 X196.701 Y99.108 E.02007
G1 X142.77 Y153.039 E3.03265
G1 X143.334 Y153.039 E.02243
G1 X196.882 Y99.491 E3.01111
G1 X197.16 Y99.777 E.01586
G1 X143.897 Y153.039 E2.99505
G1 X144.461 Y153.039 E.02243
G1 X197.523 Y99.977 E2.98378
G1 X198.189 Y99.88 E.02676
M73 Q53 S33
;WIDTH:0.391504
G1 X198.118 Y99.861 E.00249
G1 X198.137 Y99.932 E.00249
G1 X198.178 Y99.921 E.00144
;WIDTH:0.420752
G1 X198.091 Y99.991 E.00411
;WIDTH:0.449999
G1 X198.003 Y100.061 E.00447
G1 X145.024 Y153.039 E2.97908
G1 X145.588 Y153.039 E.02243
G1 X198.567 Y100.061 E2.97908
G1 X199.13 Y100.061 E.02239
G1 X146.152 Y153.039 E2.97906
G1 X146.715 Y153.039 E.02239
G1 X199.694 Y100.061 E2.97908
G1 X200.257 Y100.061 E.02239
G1 X147.279 Y153.039 E2.97906
G1 X147.842 Y153.039 E.02239
G1 X200.821 Y100.061 E2.97908
G1 X201.384 Y100.061 E.02239
G1 X148.406 Y153.039 E2.97906
G1 X148.969 Y153.039 E.02239
G1 X201.948 Y100.061 E2.97908
G1 X202.512 Y100.061 E.02243
G1 X149.533 Y153.039 E2.97908
G1 X150.096 Y153.039 E.02239
G1 X203.075 Y100.061 E2.97908
G1 X203.639 Y100.061 E.02243
G1 X150.66 Y153.039 E2.97908
G1 X151.224 Y153.039 E.02243
G1 X204.202 Y100.061 E2.97906
G1 X204.766 Y100.061 E.02243
G1 X151.787 Y153.039 E2.97908
G1 X152.351 Y153.039 E.02243
G1 X205.329 Y100.061 E2.97906
G1 X205.893 Y100.061 E.02243
G1 X152.914 Y153.039 E2.97908
G1 X153.478 Y153.039 E.02243
G1 X206.456 Y100.061 E2.97906
G1 X207.02 Y100.061 E.02243
G1 X154.041 Y153.039 E2.97908
G1 X154.605 Y153.039 E.02243
G1 X207.584 Y100.061 E2.97908
G1 X208.147 Y100.061 E.02239
G1 X155.168 Y153.039 E2.97908
G1 X155.732 Y153.039 E.02243
G1 X208.711 Y100.061 E2.97908
G1 X209.274 Y100.061 E.02239
G1 X156.296 Y153.039 E2.97906
G1 X156.859 Y153.039 E.02239
G1 X209.838 Y100.061 E2.97908
G1 X210.401 Y100.061 E.02239
G1 X157.423 Y153.039 E2.97906
G1 X157.986 Y153.039 E.02239
G1 X210.965 Y100.061 E2.97908
G1 X211.528 Y100.061 E.02239
G1 X158.55 Y153.039 E2.97906
G1 X159.113 Y153.039 E.02239
G1 X212.092 Y100.061 E2.97908
G1 X212.656 Y100.061 E.02243
G1 X159.677 Y153.039 E2.97908
G1 X160.24 Y153.039 E.02239
G1 X213.219 Y100.061 E2.97908
G1 X213.783 Y100.061 E.02243
M73 P53 R30
G1 X160.804 Y153.039 E2.97908
G1 X161.368 Y153.039 E.02243
G1 X214.346 Y100.061 E2.97906
G1 X214.91 Y100.061 E.02243
G1 X161.931 Y153.039 E2.97908
G1 X162.495 Y153.039 E.02243
G1 X215.473 Y100.061 E2.97906
G1 X216.037 Y100.061 E.02243
G1 X163.058 Y153.039 E2.97908
G1 X163.622 Y153.039 E.02243
G1 X216.6 Y100.061 E2.97906
G1 X217.164 Y100.061 E.02243
G1 X164.185 Y153.039 E2.97908
G1 X164.749 Y153.039 E.02243
G1 X217.728 Y100.061 E2.97908
G1 X218.291 Y100.061 E.02239
G1 X165.313 Y153.039 E2.97906
G1 X165.876 Y153.039 E.02239
G1 X218.855 Y100.061 E2.97908
G1 X219.418 Y100.061 E.02239
G1 X166.44 Y153.039 E2.97906
G1 X167.003 Y153.039 E.02239
G1 X219.982 Y100.061 E2.97908
G1 X220.545 Y100.061 E.02239
G1 X167.567 Y153.039 E2.97906
G1 X168.13 Y153.039 E.02239
G1 X221.109 Y100.061 E2.97908
G1 X221.672 Y100.061 E.02239
G1 X168.694 Y153.039 E2.97906
G1 X169.257 Y153.039 E.02239
G1 X222.236 Y100.061 E2.97908
G1 X222.8 Y100.061 E.02243
G1 X169.821 Y153.039 E2.97908
G1 X170.385 Y153.039 E.02243
G1 X223.363 Y100.061 E2.97906
G1 X223.927 Y100.061 E.02243
G1 X170.948 Y153.039 E2.97908
G1 X171.512 Y153.039 E.02243
G1 X224.49 Y100.061 E2.97906
G1 X225.054 Y100.061 E.02243
G1 X172.075 Y153.039 E2.97908
G1 X172.639 Y153.039 E.02243
G1 X225.617 Y100.061 E2.97906
G1 X226.181 Y100.061 E.02243
G1 X173.202 Y153.039 E2.97908
G1 X173.766 Y153.039 E.02243
G1 X226.744 Y100.061 E2.97906
G1 X227.308 Y100.061 E.02243
G1 X174.329 Y153.039 E2.97908
G1 X174.893 Y153.039 E.02243
G1 X227.872 Y100.061 E2.97908
G1 X228.435 Y100.061 E.02239
G1 X175.457 Y153.039 E2.97906
G1 X176.02 Y153.039 E.02239
G1 X228.999 Y100.061 E2.97908
G1 X229.562 Y100.061 E.02239
G1 X176.584 Y153.039 E2.97906
G1 X177.147 Y153.039 E.02239
G1 X230.126 Y100.061 E2.97908
G1 X230.689 Y100.061 E.02239
G1 X177.711 Y153.039 E2.97906
G1 X178.274 Y153.039 E.02239
G1 X231.253 Y100.061 E2.97908
G1 X231.777 Y99.953 E.02127
;WIDTH:0.391504
G1 X231.706 Y99.934 E.00249
G1 X231.725 Y100.005 E.00249
G1 X231.766 Y99.994 E.00144
;WIDTH:0.420752
G1 X231.703 Y100.116 E.00506
;WIDTH:0.449999
G1 X231.639 Y100.238 E.00548
G1 X178.838 Y153.039 E2.9691
G1 X179.401 Y153.039 E.02239
M73 P54 R30
G1 X231.639 Y100.801 E2.93744
G1 X231.639 Y101.365 E.02243
M73 Q53 S32
G1 X179.965 Y153.039 E2.90573
G1 X180.529 Y153.039 E.02243
G1 X231.639 Y101.929 E2.87401
G1 X231.639 Y102.492 E.02239
G1 X181.092 Y153.039 E2.84236
G1 X181.656 Y153.039 E.02243
G1 X231.639 Y103.056 E2.81064
G1 X231.639 Y103.619 E.02239
G1 X182.219 Y153.039 E2.77898
G1 X182.783 Y153.039 E.02243
G1 X231.639 Y104.183 E2.74727
G1 X231.639 Y104.746 E.02239
G1 X183.346 Y153.039 E2.71561
G1 X183.91 Y153.039 E.02243
G1 X231.639 Y105.31 E2.68389
G1 X231.639 Y105.873 E.02239
G1 X184.473 Y153.039 E2.65224
G1 X185.037 Y153.039 E.02243
M73 Q54 S32
G1 X231.639 Y106.437 E2.62052
G1 X231.639 Y107.001 E.02243
G1 X185.601 Y153.039 E2.58881
G1 X186.164 Y153.039 E.02239
G1 X231.639 Y107.564 E2.55715
G1 X231.639 Y108.128 E.02243
G1 X186.728 Y153.039 E2.52543
G1 X187.291 Y153.039 E.02239
G1 X231.639 Y108.691 E2.49377
G1 X231.639 Y109.255 E.02243
G1 X187.855 Y153.039 E2.46206
G1 X188.418 Y153.039 E.02239
G1 X231.639 Y109.818 E2.4304
G1 X231.639 Y110.382 E.02243
G1 X188.982 Y153.039 E2.39869
G1 X189.545 Y153.039 E.02239
G1 X231.639 Y110.945 E2.36703
G1 X231.639 Y111.509 E.02243
G1 X190.109 Y153.039 E2.33531
G1 X190.673 Y153.039 E.02243
G1 X231.639 Y112.073 E2.3036
G1 X231.639 Y112.636 E.02239
G1 X191.236 Y153.039 E2.27194
G1 X191.8 Y153.039 E.02243
G1 X231.639 Y113.2 E2.24022
G1 X231.639 Y113.763 E.02239
G1 X192.363 Y153.039 E2.20857
G1 X192.927 Y153.039 E.02243
G1 X231.639 Y114.327 E2.17685
G1 X231.639 Y114.89 E.02239
G1 X193.49 Y153.039 E2.14519
G1 X194.054 Y153.039 E.02243
G1 X231.639 Y115.454 E2.11348
G1 X231.639 Y116.017 E.02239
G1 X194.617 Y153.039 E2.08182
G1 X195.181 Y153.039 E.02243
G1 X231.639 Y116.581 E2.0501
G1 X231.639 Y117.145 E.02243
G1 X195.745 Y153.039 E2.01839
G1 X196.308 Y153.039 E.02239
G1 X231.639 Y117.708 E1.98673
G1 X231.639 Y118.272 E.02243
G1 X196.872 Y153.039 E1.95502
G1 X197.435 Y153.039 E.02239
G1 X231.639 Y118.835 E1.92336
G1 X231.639 Y119.399 E.02243
G1 X197.999 Y153.039 E1.89164
G1 X198.562 Y153.039 E.02239
G1 X231.639 Y119.962 E1.85998
G1 X231.639 Y120.526 E.02243
G1 X199.126 Y153.039 E1.82827
G1 X199.689 Y153.039 E.02239
G1 X231.639 Y121.09 E1.79658
G1 X231.639 Y121.653 E.02239
G1 X200.253 Y153.039 E1.7649
G1 X200.817 Y153.039 E.02243
G1 X231.639 Y122.217 E1.73318
G1 X231.639 Y122.78 E.02239
G1 X201.38 Y153.039 E1.70152
G1 X201.944 Y153.039 E.02243
G1 X231.639 Y123.344 E1.66981
G1 X231.639 Y123.907 E.02239
G1 X202.507 Y153.039 E1.63815
G1 X203.071 Y153.039 E.02243
G1 X231.639 Y124.471 E1.60643
G1 X231.639 Y125.034 E.02239
G1 X203.634 Y153.039 E1.57478
G1 X204.198 Y153.039 E.02243
G1 X231.639 Y125.598 E1.54306
G1 X231.639 Y126.162 E.02243
G1 X204.762 Y153.039 E1.51135
G1 X205.325 Y153.039 E.02239
G1 X231.639 Y126.725 E1.47969
G1 X231.639 Y127.289 E.02243
G1 X205.889 Y153.039 E1.44797
G1 X206.452 Y153.039 E.02239
G1 X231.639 Y127.852 E1.41631
G1 X231.639 Y128.416 E.02243
G1 X207.016 Y153.039 E1.3846
G1 X207.579 Y153.039 E.02239
G1 X231.639 Y128.979 E1.35294
G1 X231.639 Y129.543 E.02243
G1 X208.143 Y153.039 E1.32123
G1 X208.706 Y153.039 E.02239
G1 X231.639 Y130.106 E1.28957
G1 X231.639 Y130.67 E.02243
G1 X209.27 Y153.039 E1.25785
G1 X209.834 Y153.039 E.02243
G1 X231.639 Y131.234 E1.22614
G1 X231.639 Y131.797 E.02239
G1 X210.397 Y153.039 E1.19448
G1 X210.961 Y153.039 E.02243
G1 X231.639 Y132.361 E1.16276
G1 X231.639 Y132.924 E.02239
G1 X211.524 Y153.039 E1.13111
G1 X212.088 Y153.039 E.02243
G1 X231.639 Y133.488 E1.09939
G1 X231.639 Y134.051 E.02239
G1 X212.651 Y153.039 E1.06773
G1 X213.215 Y153.039 E.02243
G1 X231.639 Y134.615 E1.03602
G1 X231.639 Y135.178 E.02239
G1 X213.778 Y153.039 E1.00436
G1 X214.342 Y153.039 E.02243
G1 X231.639 Y135.742 E.97264
G1 X231.639 Y136.306 E.02243
G1 X214.906 Y153.039 E.94093
G1 X215.469 Y153.039 E.02239
G1 X231.639 Y136.869 E.90927
G1 X231.639 Y137.433 E.02243
G1 X216.033 Y153.039 E.87756
G1 X216.596 Y153.039 E.02239
G1 X231.639 Y137.996 E.8459
G1 X231.639 Y138.56 E.02243
G1 X217.16 Y153.039 E.81418
G1 X217.723 Y153.039 E.02239
G1 X231.639 Y139.123 E.78252
G1 X231.639 Y139.687 E.02243
G1 X218.287 Y153.039 E.75081
G1 X218.85 Y153.039 E.02239
G1 X231.639 Y140.25 E.71915
G1 X231.639 Y140.814 E.02243
G1 X219.414 Y153.039 E.68744
G1 X219.978 Y153.039 E.02243
G1 X231.639 Y141.378 E.65572
G1 X231.639 Y141.941 E.02239
G1 X220.541 Y153.039 E.62406
G1 X221.105 Y153.039 E.02243
G1 X231.639 Y142.505 E.59235
G1 X231.639 Y143.068 E.02239
G1 X221.668 Y153.039 E.56069
G1 X222.232 Y153.039 E.02243
G1 X231.639 Y143.632 E.52897
G1 X231.639 Y144.195 E.02239
G1 X222.795 Y153.039 E.49732
G1 X223.359 Y153.039 E.02243
G1 X231.639 Y144.759 E.4656
G1 X231.639 Y145.322 E.02239
G1 X223.922 Y153.039 E.43394
G1 X224.486 Y153.039 E.02243
G1 X231.639 Y145.886 E.40223
G1 X231.639 Y146.45 E.02243
G1 X225.05 Y153.039 E.37051
G1 X225.613 Y153.039 E.02239
G1 X231.639 Y147.013 E.33885
G1 X231.639 Y147.577 E.02243
G1 X226.177 Y153.039 E.30714
G1 X226.74 Y153.039 E.02239
G1 X231.639 Y148.14 E.27548
G1 X231.639 Y148.704 E.02243
G1 X227.304 Y153.039 E.24377
G1 X227.867 Y153.039 E.02239
G1 X231.639 Y149.267 E.21211
G1 X231.639 Y149.831 E.02243
G1 X228.431 Y153.039 E.18039
G1 X228.994 Y153.039 E.02239
G1 X231.639 Y150.394 E.14873
G1 X231.639 Y150.958 E.02243
G1 X229.558 Y153.039 E.11702
G1 X229.502 Y153.119 E.00388
;WIDTH:0.420752
G1 X229.446 Y153.198 E.00357
;WIDTH:0.391504
G1 X229.375 Y153.179 E.00249
G1 X229.394 Y153.25 E.00249
G1 X229.435 Y153.239 E.00144
G1 E-.16 F2700
;WIPE_START
G1 F16800
G1 X229.394 Y153.25 E-.00648
G1 X229.375 Y153.179 E-.01122
G1 X229.446 Y153.198 E-.01122
G1 X229.502 Y153.119 E-.01478
G1 X229.558 Y153.039 E-.01491
G1 X231.639 Y150.958 E-.44933
G1 X231.639 Y150.394 E-.08611
G1 X231.426 Y150.607 E-.04595
;WIPE_END
G1 X231.498 Y151.662 Z.938 F21000
G1 Z.92 F720
G1 E.8 F1500
;WIDTH:0.449999
G1 F8400
G1 X230.122 Y153.039 E.0774
G1 X231.639 Y153.039 E.06032
G1 X231.639 Y151.522 E.06032
G1 X231.254 Y152.579 F21000
;WIDTH:0.542062
G1 F7644.356
G1 X231.211 Y152.536 E.00298
G1 X231.151 Y152.551 E.00303
G1 X231.136 Y152.611 E.00303
G1 X231.179 Y152.654 E.00298
G1 X231.238 Y152.638 E.00299
G1 E-.16 F2700
;WIPE_START
G1 F16800
G1 X231.179 Y152.654 E-.00933
G1 X231.136 Y152.611 E-.00928
G1 X231.151 Y152.551 E-.00944
G1 X231.211 Y152.536 E-.00944
G1 X231.254 Y152.579 E-.00928
;WIPE_END
G1 E-.59323 F2700
G1 X221.124 Y125.376 Z1.427 F21000
G1 X220.377 Y123.372 Z1.46
G1 X219.631 Y121.368 Z1.486
G1 X218.885 Y119.364 Z1.505
G1 X217.393 Y115.357 Z1.52
G1 X197.714 Y62.514
G1 Z.92 F720
G1 E.8 F1500
;WIDTH:0.391504
G1 F8400
G1 X197.673 Y62.525 E.00144
G1 X197.654 Y62.454 E.00249
G1 X197.725 Y62.473 E.00249
;WIDTH:0.420752
G1 X197.846 Y62.406 E.0051
;WIDTH:0.449999
G1 X197.966 Y62.34 E.00545
G1 X204.245 Y56.061 E.35308
G1 X204.808 Y56.061 E.02239
G1 X198.53 Y62.339 E.35302
G1 X199.093 Y62.339 E.02239
G1 X205.372 Y56.061 E.35305
G1 X205.935 Y56.061 E.02239
G1 X199.657 Y62.339 E.35302
G1 X200.22 Y62.339 E.02239
G1 X206.499 Y56.061 E.35305
G1 X207.063 Y56.061 E.02243
G1 X200.784 Y62.339 E.35305
G1 X201.347 Y62.339 E.02239
G1 X207.626 Y56.061 E.35305
G1 X208.19 Y56.061 E.02243
G1 X201.911 Y62.339 E.35305
G1 X202.475 Y62.339 E.02243
G1 X208.753 Y56.061 E.35302
G1 X209.317 Y56.061 E.02243
G1 X203.038 Y62.339 E.35305
G1 X203.602 Y62.339 E.02243
G1 X209.88 Y56.061 E.35302
G1 X210.444 Y56.061 E.02243
G1 X204.165 Y62.339 E.35305
G1 X204.729 Y62.339 E.02243
G1 X211.007 Y56.061 E.35302
G1 X211.571 Y56.061 E.02243
G1 X205.292 Y62.339 E.35305
G1 X205.856 Y62.339 E.02243
G1 X212.135 Y56.061 E.35305
G1 X212.698 Y56.061 E.02239
G1 X206.42 Y62.339 E.35302
G1 X206.983 Y62.339 E.02239
G1 X213.262 Y56.061 E.35305
G1 X213.825 Y56.061 E.02239
G1 X207.547 Y62.339 E.35302
G1 X208.11 Y62.339 E.02239
G1 X214.389 Y56.061 E.35305
G1 X214.952 Y56.061 E.02239
G1 X208.674 Y62.339 E.35302
G1 X209.237 Y62.339 E.02239
G1 X215.516 Y56.061 E.35305
G1 X216.079 Y56.061 E.02239
G1 X209.801 Y62.339 E.35302
G1 X210.364 Y62.339 E.02239
G1 X216.643 Y56.061 E.35305
G1 X217.207 Y56.061 E.02243
G1 X210.928 Y62.339 E.35305
G1 X211.492 Y62.339 E.02243
G1 X217.77 Y56.061 E.35302
G1 X218.334 Y56.061 E.02243
G1 X212.055 Y62.339 E.35305
G1 X212.619 Y62.339 E.02243
G1 X218.897 Y56.061 E.35302
G1 X219.461 Y56.061 E.02243
G1 X213.182 Y62.339 E.35305
G1 X213.746 Y62.339 E.02243
G1 X220.024 Y56.061 E.35302
G1 X220.588 Y56.061 E.02243
G1 X214.309 Y62.339 E.35305
G1 X214.873 Y62.339 E.02243
G1 X221.151 Y56.061 E.35302
G1 X221.715 Y56.061 E.02243
G1 X215.436 Y62.339 E.35305
G1 X216 Y62.339 E.02243
G1 X222.279 Y56.061 E.35305
G1 X222.842 Y56.061 E.02239
G1 X216.564 Y62.339 E.35302
G1 X217.127 Y62.339 E.02239
G1 X223.406 Y56.061 E.35305
G1 X223.969 Y56.061 E.02239
G1 X217.691 Y62.339 E.35302
G1 X218.254 Y62.339 E.02239
G1 X224.533 Y56.061 E.35305
G1 X225.096 Y56.061 E.02239
G1 X218.818 Y62.339 E.35302
G1 X219.381 Y62.339 E.02239
G1 X225.66 Y56.061 E.35305
G1 X226.223 Y56.061 E.02239
G1 X219.945 Y62.339 E.35302
G1 X220.508 Y62.339 E.02239
G1 X226.787 Y56.061 E.35305
G1 X227.351 Y56.061 E.02243
G1 X221.072 Y62.339 E.35305
G1 X221.636 Y62.339 E.02243
G1 X227.914 Y56.061 E.35302
G1 X228.478 Y56.061 E.02243
G1 X222.199 Y62.339 E.35305
G1 X222.763 Y62.339 E.02243
G1 X229.041 Y56.061 E.35302
G1 X229.605 Y56.061 E.02243
G1 X223.326 Y62.339 E.35305
G1 X223.89 Y62.339 E.02243
G1 X230.168 Y56.061 E.35302
G1 X230.732 Y56.061 E.02243
G1 X224.453 Y62.339 E.35305
G1 X225.017 Y62.339 E.02243
G1 X231.295 Y56.061 E.35302
G1 X231.768 Y55.962 E.01921
;WIDTH:0.391504
G1 X231.697 Y55.943 E.00249
G1 X231.716 Y56.014 E.00249
G1 X231.757 Y56.003 E.00144
;WIDTH:0.420752
G1 X231.698 Y56.142 E.00556
;WIDTH:0.449999
G1 X231.639 Y56.28 E.00597
G1 X225.58 Y62.339 E.34071
G1 X226.144 Y62.339 E.02243
G1 X231.639 Y56.844 E.30899
G1 X231.639 Y57.408 E.02243
G1 X226.708 Y62.339 E.27728
G1 X227.271 Y62.339 E.02239
G1 X231.639 Y57.971 E.24562
G1 X231.639 Y58.535 E.02243
G1 X227.835 Y62.339 E.21391
G1 X228.398 Y62.339 E.02239
G1 X231.639 Y59.098 E.18225
G1 X231.639 Y59.662 E.02243
G1 X228.962 Y62.339 E.15053
G1 X229.525 Y62.339 E.02239
G1 X231.639 Y60.225 E.11887
G1 X231.639 Y62.339 E.08406
G1 X230.089 Y62.339 E.06163
G1 X231.498 Y60.93 E.07923
G1 X231.247 Y61.869 F21000
;WIDTH:0.5612
G1 F7357.327
G1 X231.202 Y61.824 E.00324
G1 X231.14 Y61.84 E.00326
G1 X231.124 Y61.902 E.00326
G1 X231.169 Y61.947 E.00324
G1 X231.23 Y61.93 E.00322
G1 E-.16 F2700
;WIPE_START
G1 F16800
G1 X231.169 Y61.947 E-.00967
G1 X231.124 Y61.902 E-.00972
G1 X231.14 Y61.84 E-.00978
G1 X231.202 Y61.824 E-.00978
G1 X231.247 Y61.869 E-.00972
;WIPE_END
G1 E-.59133 F2700
G1 X202.876 Y55.726 Z1.427 F21000
G1 X200.786 Y55.273 Z1.46
G1 X198.697 Y54.821 Z1.486
G1 X196.607 Y54.368 Z1.505
G1 X192.427 Y53.463 Z1.52
G1 X124.759 Y38.811
G1 Z.92 F720
G1 E.8 F1500
;WIDTH:0.449999
G1 F8400
G1 X124.759 Y40.305 E.0594
G1 X125.834 Y39.23 E.06045
G1 X125.49 Y39.15 E.01404
G1 X125.127 Y38.969 E.01613
G1 X124.941 Y38.823 E.0094
G1 X124.759 Y38.611 E.01111
G1 E-.16 F2700
;WIPE_START
G1 F16800
G1 X124.941 Y38.823 E-.04266
G1 X125.127 Y38.969 E-.0361
G1 X125.49 Y39.15 E-.06193
G1 X125.834 Y39.23 E-.05392
G1 X124.759 Y40.305 E-.23211
G1 X124.759 Y38.908 E-.21328
;WIPE_END
G1 X124.759 Y67.936 Z1.427 F21000
G1 X124.759 Y70.075 Z1.46
G1 X124.759 Y72.213 Z1.486
G1 X124.759 Y74.351 Z1.505
G1 X124.759 Y78.628 Z1.52
G1 X124.759 Y128.611
G1 Z.92 F720
G1 E.8 F1500
G1 F8400
G1 X124.941 Y128.823 E.01111
G1 X125.127 Y128.969 E.0094
G1 X125.49 Y129.15 E.01613
G1 X125.982 Y129.251 E.01997
G1 X124.759 Y130.474 E.06877
G1 X124.759 Y128.811 E.06612
G1 X125.231 Y129.448 E.03152
;WIDTH:0.491
G1 X125.192 Y129.41 E.00239
G1 X125.139 Y129.424 E.0024
G1 X125.125 Y129.477 E.0024
G1 X125.164 Y129.516 E.00242
G1 X125.217 Y129.502 E.0024
G1 E-.16 F2700
;WIPE_START
G1 F16800
G1 X125.164 Y129.516 E-.00837
G1 X125.125 Y129.477 E-.00842
G1 X125.139 Y129.424 E-.00837
G1 X125.192 Y129.41 E-.00837
G1 X125.231 Y129.448 E-.00831
G1 X124.759 Y128.811 E-.12105
G1 X124.759 Y130.474 E-.2539
G1 X125.793 Y129.441 E-.22321
;WIPE_END
G1 X96.835 Y127.422 Z1.427 F21000
G1 X94.702 Y127.273 Z1.46
G1 X92.569 Y127.125 Z1.486
G1 X90.436 Y126.976 Z1.505
G1 X86.17 Y126.678 Z1.52
G1 X7.384 Y121.185
G1 Z.92 F720
G1 E.8 F1500
;TYPE:Perimeter
;WIDTH:0.449999
G1 F3000
G1 X7.477 Y121.077 E.00567
G1 X7.795 Y120.918 E.01414
G1 X8.074 Y120.878 E.01121
G1 X9.926 Y120.878 E.07364
G1 X10.304 Y120.952 E.01532
G1 X10.607 Y121.148 E.01435
G1 X10.831 Y121.458 E.01521
G1 X10.922 Y121.83 E.01523
G1 X10.922 Y127.526 E.22648
G1 X10.849 Y127.9 E.01515
G1 X10.668 Y128.19 E.01359
G1 X10.368 Y128.418 E.01498
G1 X10.034 Y128.522 E.01391
G1 X8.074 Y128.522 E.07793
G1 X7.795 Y128.482 E.01121
G1 X7.477 Y128.323 E.01414
G1 X7.195 Y127.995 E.0172
G1 X7.078 Y127.654 E.01433
G1 X7.078 Y121.874 E.22982
G1 X7.195 Y121.405 E.01922
G1 X7.345 Y121.231 E.00913
G1 X7.66 Y121.461 F21000
G1 F3000
G1 X7.716 Y121.396 E.00341
G1 X7.955 Y121.277 E.01062
G1 X9.926 Y121.277 E.07837
G1 X10.204 Y121.345 E.01138
G1 X10.422 Y121.542 E.01168
G1 X10.523 Y121.825 E.01195
G1 X10.523 Y127.526 E.22668
G1 X10.453 Y127.808 E.01155
G1 X10.371 Y127.924 E.00565
G1 X10.141 Y128.083 E.01112
G1 X9.926 Y128.123 E.0087
G1 X8.074 Y128.123 E.07364
G1 X7.907 Y128.1 E.0067
G1 X7.716 Y128.004 E.0085
G1 X7.547 Y127.807 E.01032
G1 X7.477 Y127.526 E.01151
G1 X7.477 Y121.874 E.22473
G1 X7.547 Y121.593 E.01151
G1 X7.621 Y121.507 E.00451
M204 T250
G1 X7.94 Y121.745 F21000
M204 T7000
;TYPE:External perimeter
G1 F3000
G1 X7.955 Y121.715 E.00133
G1 X8.074 Y121.675 E.00499
G1 X9.926 Y121.675 E.07364
G1 X10.075 Y121.742 E.0065
G1 X10.125 Y121.874 E.00561
G1 F2999.998
G1 X10.125 Y127.526 E.22473
G1 F3000
G1 X10.074 Y127.659 E.00566
G1 X9.926 Y127.725 E.00644
G1 X8.074 Y127.725 E.07364
G1 X7.955 Y127.685 E.00499
G1 X7.875 Y127.526 E.00708
G1 F2999.998
G1 X7.875 Y121.874 E.22473
G1 F3000
G1 X7.913 Y121.798 E.00338
G1 E-.16 F2700
;WIPE_START
G1 F16800
G1 X7.94 Y121.745 E-.00908
G1 X7.955 Y121.715 E-.00512
G1 X8.074 Y121.675 E-.01917
G1 X9.926 Y121.675 E-.28276
G1 X10.075 Y121.742 E-.02494
G1 X10.125 Y121.874 E-.02155
G1 X10.125 Y123.691 E-.27738
;WIPE_END
G1 X9.195 Y94.678 Z1.427 F21000
G1 X9.126 Y92.54 Z1.46
G1 X9.058 Y90.403 Z1.486
G1 X8.989 Y88.266 Z1.505
G1 X8.852 Y83.992 Z1.52
G1 X7.384 Y38.215
G1 Z.92 F720
G1 E.8 F1500
;TYPE:Perimeter
G1 F3000
G1 X7.195 Y37.995 E.01153
G1 X7.078 Y37.654 E.01433
G1 X7.078 Y31.874 E.22982
G1 X7.195 Y31.405 E.01922
G1 X7.477 Y31.077 E.0172
G1 X7.795 Y30.918 E.01414
G1 X8.074 Y30.878 E.01121
G1 X9.926 Y30.878 E.07364
G1 X10.304 Y30.953 E.01532
G1 X10.608 Y31.148 E.01436
G1 X10.829 Y31.454 E.01501
G1 X10.922 Y31.82 E.01502
G1 X10.922 Y37.526 E.22688
G1 X10.854 Y37.887 E.01461
G1 X10.666 Y38.193 E.01428
G1 X10.382 Y38.411 E.01424
G1 X10.039 Y38.522 E.01433
G1 X8.074 Y38.522 E.07813
G1 X7.795 Y38.482 E.01121
G1 X7.477 Y38.323 E.01414
G1 X7.423 Y38.261 E.00327
G1 X7.66 Y37.939 F21000
G1 F3000
G1 X7.547 Y37.807 E.00691
G1 X7.477 Y37.526 E.01151
G1 X7.477 Y31.874 E.22473
G1 X7.547 Y31.593 E.01151
G1 X7.716 Y31.396 E.01032
G1 X7.955 Y31.277 E.01062
G1 X9.926 Y31.277 E.07837
G1 X10.204 Y31.345 E.01138
G1 X10.413 Y31.528 E.01105
G1 X10.523 Y31.81 E.01204
G1 X10.523 Y37.526 E.22728
G1 X10.455 Y37.804 E.01138
G1 X10.277 Y38.009 E.0108
G1 X9.998 Y38.123 E.01198
G1 X8.074 Y38.123 E.0765
G1 X7.907 Y38.1 E.0067
G1 X7.716 Y38.004 E.0085
G1 X7.699 Y37.985 E.00101
M204 T250
G1 X7.94 Y37.655 F21000
M204 T7000
;TYPE:External perimeter
G1 F3000
G1 X7.875 Y37.526 E.00574
G1 F2999.998
G1 X7.875 Y31.874 E.22473
G1 F3000
G1 X7.955 Y31.715 E.00708
G1 X8.074 Y31.675 E.00499
G1 X9.926 Y31.675 E.07364
G1 X10.076 Y31.744 E.00657
G1 X10.125 Y31.874 E.00552
G1 F2999.998
G1 X10.125 Y37.526 E.22473
G1 F3000
G1 X10.061 Y37.672 E.00634
G1 X9.926 Y37.725 E.00577
G1 X8.074 Y37.725 E.07364
G1 X7.98 Y37.694 E.00394
G1 E-.16 F2700
;WIPE_START
G1 F16800
G1 X7.94 Y37.655 E-.00853
G1 X7.875 Y37.526 E-.02205
G1 X7.875 Y33.535 E-.60942
;WIPE_END
G1 X33.285 Y47.569 Z1.427 F21000
G1 X35.157 Y48.603 Z1.46
G1 X37.029 Y49.637 Z1.486
G1 X38.9 Y50.671 Z1.505
G1 X42.644 Y52.738 Z1.52
G1 X79.275 Y72.97
G1 Z.92 F720
M73 Q55 S32
G1 E.8 F1500
;TYPE:Perimeter
G1 F4200
G1 X79.256 Y72.984 E.00094
G1 X79.052 Y73.299 E.01492
G1 X78.978 Y73.674 E.0152
G1 X78.978 Y153.378 E3.16919
G1 X18.022 Y153.378 E2.42373
M73 P55 R30
G1 X18.022 Y148.276 E.20287
G1 X17.907 Y147.91 E.01525
G1 X17.698 Y147.639 E.01361
G1 X17.397 Y147.45 E.01413
G1 X17.026 Y147.378 E.01503
G1 X6.022 Y147.378 E.43754
G1 X6.022 Y6.022 E5.6206
M73 P55 R29
G1 X113.978 Y6.022 E4.29255
G1 X113.978 Y72.678 E2.65038
G1 X79.928 Y72.679 E1.3539
G1 X79.558 Y72.769 E.01514
G1 X79.324 Y72.935 E.01141
G1 X79.563 Y73.263 F21000
G1 F4200
G1 X79.446 Y73.395 E.00701
G1 X79.377 Y73.674 E.01143
G1 X79.377 Y153.777 E3.18505
G1 X17.623 Y153.777 E2.45546
G1 X17.623 Y148.313 E.21726
G1 X17.516 Y148.032 E.01196
G1 X17.31 Y147.849 E.01096
G1 X17.026 Y147.777 E.01165
G1 X5.623 Y147.777 E.45341
G1 X5.623 Y5.623 E5.65233
G1 X114.377 Y5.623 E4.32428
M73 Q55 S31
G1 X114.377 Y73.077 E2.68211
G1 X79.906 Y73.08 E1.37064
G1 X79.635 Y73.182 E.01151
G1 X79.603 Y73.219 E.00195
M204 T250
G1 X79.836 Y73.542 F21000
M204 T7000
;TYPE:External perimeter
G1 F3000
G1 X79.775 Y73.674 E.00578
G1 F2999.998
G1 X79.775 Y154.175 E3.20088
G1 X17.225 Y154.175 E2.48711
G1 X17.225 Y148.374 E.23066
G1 F3000
G1 X17.177 Y148.244 E.00551
G1 X17.026 Y148.175 E.0066
G1 F2999.998
G1 X5.225 Y148.175 E.46923
G1 X5.225 Y5.225 E5.68398
G1 X114.775 Y5.225 E4.35593
G1 X114.775 Y73.475 E2.71376
G1 X79.974 Y73.475 E1.38376
G1 F3000
G1 X79.881 Y73.509 E.00394
G1 E-.16 F2700
;WIPE_START
G1 F16800
G1 X79.836 Y73.542 E-.00852
G1 X79.775 Y73.674 E-.0222
G1 X79.775 Y77.665 E-.60928
;WIPE_END
G1 X58.962 Y57.43 Z1.427 F21000
G1 X57.429 Y55.939 Z1.46
G1 X55.896 Y54.449 Z1.486
G1 X54.363 Y52.958 Z1.505
G1 X51.297 Y49.977 Z1.52
G1 X6.469 Y6.393
G1 Z.92 F720
G1 E.8 F1500
;TYPE:Solid infill
;WIDTH:0.546684
G1 F7573.004
G1 X6.425 Y6.349 E.00307
G1 X6.365 Y6.365 E.00307
G1 X6.349 Y6.425 E.00307
G1 X6.393 Y6.469 E.00307
G1 X6.453 Y6.453 E.00307
;WIDTH:0.449999
G1 F8400
G1 X6.361 Y7.089 E.02555
G1 X7.089 Y6.361 E.04094
G1 X7.653 Y6.361 E.02243
G1 X6.361 Y7.653 E.07265
G1 X6.361 Y8.216 E.02239
G1 X8.216 Y6.361 E.10431
G1 X8.78 Y6.361 E.02243
G1 X6.361 Y8.78 E.13603
G1 X6.361 Y9.344 E.02243
G1 X9.344 Y6.361 E.16774
G1 X9.907 Y6.361 E.02239
G1 X6.361 Y9.907 E.1994
G1 X6.361 Y10.471 E.02243
G1 X10.471 Y6.361 E.23111
G1 X11.034 Y6.361 E.02239
G1 X6.361 Y11.034 E.26277
G1 X6.361 Y11.598 E.02243
G1 X11.598 Y6.361 E.29449
G1 X12.161 Y6.361 E.02239
G1 X6.361 Y12.161 E.32615
G1 X6.361 Y12.725 E.02243
G1 X12.725 Y6.361 E.35786
G1 X13.288 Y6.361 E.02239
G1 X6.361 Y13.288 E.38952
G1 X6.361 Y13.852 E.02243
G1 X13.852 Y6.361 E.42123
G1 X14.416 Y6.361 E.02243
G1 X6.361 Y14.416 E.45295
G1 X6.361 Y14.979 E.02239
G1 X14.979 Y6.361 E.48461
G1 X15.543 Y6.361 E.02243
G1 X6.361 Y15.543 E.51632
G1 X6.361 Y16.106 E.02239
G1 X16.106 Y6.361 E.54798
G1 X16.67 Y6.361 E.02243
G1 X6.361 Y16.67 E.5797
G1 X6.361 Y17.233 E.02239
G1 X17.233 Y6.361 E.61135
G1 X17.797 Y6.361 E.02243
G1 X6.361 Y17.797 E.64307
G1 X6.361 Y18.36 E.02239
G1 X18.36 Y6.361 E.67473
G1 X18.924 Y6.361 E.02243
G1 X6.361 Y18.924 E.70644
G1 X6.361 Y19.488 E.02243
G1 X19.488 Y6.361 E.73816
G1 X20.051 Y6.361 E.02239
G1 X6.361 Y20.051 E.76982
G1 X6.361 Y20.615 E.02243
G1 X20.615 Y6.361 E.80153
G1 X21.178 Y6.361 E.02239
G1 X6.361 Y21.178 E.83319
G1 X6.361 Y21.742 E.02243
G1 X21.742 Y6.361 E.8649
G1 X22.305 Y6.361 E.02239
G1 X6.361 Y22.305 E.89656
G1 X6.361 Y22.869 E.02243
G1 X22.869 Y6.361 E.92828
G1 X23.432 Y6.361 E.02239
G1 X6.361 Y23.432 E.95994
G1 X6.361 Y23.996 E.02243
G1 X23.996 Y6.361 E.99165
G1 X24.56 Y6.361 E.02243
G1 X6.361 Y24.56 E1.02337
G1 X6.361 Y25.123 E.02239
G1 X25.123 Y6.361 E1.05502
G1 X25.687 Y6.361 E.02243
G1 X6.361 Y25.687 E1.08674
G1 X6.361 Y26.25 E.02239
G1 X26.25 Y6.361 E1.1184
G1 X26.814 Y6.361 E.02243
G1 X6.361 Y26.814 E1.15011
G1 X6.361 Y27.377 E.02239
G1 X27.377 Y6.361 E1.18177
G1 X27.941 Y6.361 E.02243
G1 X6.361 Y27.941 E1.21349
G1 X6.361 Y28.504 E.02239
G1 X28.504 Y6.361 E1.24514
G1 X29.068 Y6.361 E.02243
G1 X6.361 Y29.068 E1.27686
G1 X6.361 Y29.632 E.02243
G1 X29.632 Y6.361 E1.30857
G1 X30.195 Y6.361 E.02239
G1 X6.361 Y30.195 E1.34023
G1 X6.361 Y30.759 E.02243
G1 X30.759 Y6.361 E1.37195
G1 X31.322 Y6.361 E.02239
G1 X6.361 Y31.322 E1.40361
G1 X6.81 Y31.396 E.01809
;WIDTH:0.440053
G1 X6.53 Y31.71 E.01631
G1 X6.455 Y31.774 E.00382
G1 X6.356 Y31.76 E.00388
G1 X6.356 Y37.523 E.22343
;WIDTH:0.449999
G1 X6.361 Y41.466 E.15678
G1 X8.966 Y38.861 E.14648
G1 X8.079 Y38.861 E.03527
G1 X7.668 Y38.794 E.01656
G1 X7.243 Y38.564 E.01921
G1 X6.884 Y38.123 E.02261
G1 X6.744 Y37.697 E.01783
;WIDTH:0.440053
G1 X6.744 Y31.943 E.22308
G1 X6.914 Y31.3 E.02579
;WIDTH:0.398944
G1 X6.943 Y31.248 E.00206
;WIDTH:0.391504
G1 X7.33 Y30.837 E.01915
;WIDTH:0.420752
G1 X7.471 Y30.736 E.00639
;WIDTH:0.449999
G1 X7.612 Y30.634 E.00692
G1 X31.886 Y6.361 E1.36495
G1 X32.449 Y6.361 E.02239
G1 X8.271 Y30.539 E1.35958
G1 X8.834 Y30.539 E.02239
G1 X33.013 Y6.361 E1.3596
G1 X33.577 Y6.361 E.02243
G1 X9.398 Y30.539 E1.3596
G1 X9.959 Y30.541 E.02231
G1 X34.14 Y6.361 E1.35972
G1 X34.704 Y6.361 E.02243
G1 X10.427 Y30.637 E1.36511
G1 X10.78 Y30.848 E.01635
G1 X35.267 Y6.361 E1.37695
G1 X35.831 Y6.361 E.02243
G1 X11.043 Y31.149 E1.39388
G1 X11.217 Y31.538 E.01694
G1 X36.394 Y6.361 E1.41575
G1 X36.958 Y6.361 E.02243
G1 X11.261 Y32.058 E1.44499
G1 X11.261 Y32.621 E.02239
G1 X37.521 Y6.361 E1.47665
G1 X38.085 Y6.361 E.02243
G1 X11.261 Y33.185 E1.50837
G1 X11.261 Y33.749 E.02243
G1 X38.649 Y6.361 E1.54008
G1 X39.212 Y6.361 E.02239
G1 X11.261 Y34.312 E1.57174
G1 X11.261 Y34.876 E.02243
G1 X39.776 Y6.361 E1.60345
G1 X40.339 Y6.361 E.02239
G1 X11.261 Y35.439 E1.63511
G1 X11.261 Y36.003 E.02243
G1 X40.903 Y6.361 E1.66683
G1 X41.466 Y6.361 E.02239
G1 X11.261 Y36.566 E1.69849
G1 X11.261 Y37.13 E.02243
G1 X42.03 Y6.361 E1.7302
G1 E-.16 F2700
;WIPE_START
G1 F16800
G1 X39.066 Y9.325 E-.64
;WIPE_END
G1 X18.54 Y29.851 Z1.427 F21000
G1 X17.028 Y31.363 Z1.46
G1 X15.516 Y32.875 Z1.486
G1 X14.004 Y34.387 Z1.505
G1 X10.98 Y37.411 Z1.52
G1 X9.53 Y38.861
G1 Z.92 F720
G1 E.8 F1500
M73 Q56 S31
G1 F8400
G1 X6.296 Y42.101 E.18202
;WIDTH:0.420752
G1 X6.232 Y42.172 E.00352
;WIDTH:0.391504
G1 X6.161 Y42.153 E.00249
G1 X6.18 Y42.224 E.00249
G1 X6.221 Y42.213 E.00144
;WIDTH:0.449999
G1 X6.285 Y42.864 E.02601
;WIDTH:0.391504
G1 X6.214 Y42.845 E.00249
G1 X6.233 Y42.916 E.00249
G1 X6.274 Y42.905 E.00144
;WIDTH:0.420752
G1 X6.317 Y42.749 E.00596
;WIDTH:0.449999
G1 X6.361 Y42.593 E.00644
G1 X10.106 Y38.848 E.21059
G1 X10.388 Y38.686 E.01293
;WIDTH:0.391504
G1 X10.698 Y38.445 E.01332
G1 X11.079 Y37.988 E.02019
;WIDTH:0.420752
G1 X11.163 Y37.848 E.00602
;WIDTH:0.449999
G1 X11.247 Y37.707 E.00653
G1 X42.593 Y6.361 E1.76265
G1 X43.157 Y6.361 E.02243
G1 X6.361 Y43.157 E2.06911
G1 X6.361 Y43.721 E.02243
G1 X43.721 Y6.361 E2.10083
G1 X44.284 Y6.361 E.02239
G1 X6.361 Y44.284 E2.13248
G1 X6.361 Y44.848 E.02243
G1 X44.848 Y6.361 E2.1642
G1 X45.411 Y6.361 E.02239
M73 P56 R29
G1 X6.361 Y45.411 E2.19586
G1 X6.361 Y45.975 E.02243
G1 X45.975 Y6.361 E2.22757
G1 X46.538 Y6.361 E.02239
G1 X6.361 Y46.538 E2.25923
G1 X6.361 Y47.102 E.02243
G1 X47.102 Y6.361 E2.29095
G1 X47.665 Y6.361 E.02239
G1 X6.361 Y47.665 E2.3226
G1 X6.361 Y48.229 E.02243
G1 X48.229 Y6.361 E2.35432
G1 X48.793 Y6.361 E.02243
G1 X6.361 Y48.793 E2.38603
G1 X6.361 Y49.356 E.02239
G1 X49.356 Y6.361 E2.41769
G1 X49.92 Y6.361 E.02243
G1 X6.361 Y49.92 E2.44941
G1 X6.361 Y50.483 E.02239
G1 X50.483 Y6.361 E2.48107
G1 X51.047 Y6.361 E.02243
G1 X6.361 Y51.047 E2.51278
G1 X6.361 Y51.61 E.02239
G1 X51.61 Y6.361 E2.54444
G1 X52.174 Y6.361 E.02243
G1 X6.361 Y52.174 E2.57615
G1 X6.361 Y52.737 E.02239
G1 X52.737 Y6.361 E2.60781
G1 X53.301 Y6.361 E.02243
G1 X6.361 Y53.301 E2.63953
G1 X6.361 Y53.865 E.02243
G1 X53.865 Y6.361 E2.67124
G1 X54.428 Y6.361 E.02239
G1 X6.361 Y54.428 E2.7029
G1 X6.361 Y54.992 E.02243
G1 X54.992 Y6.361 E2.73462
G1 X55.555 Y6.361 E.02239
G1 X6.361 Y55.555 E2.76627
G1 X6.361 Y56.119 E.02243
G1 X56.119 Y6.361 E2.79799
G1 X56.682 Y6.361 E.02239
G1 X6.361 Y56.682 E2.82965
G1 X6.361 Y57.246 E.02243
G1 X57.246 Y6.361 E2.86136
G1 X57.809 Y6.361 E.02239
G1 X6.361 Y57.809 E2.89302
G1 X6.361 Y58.373 E.02243
G1 X58.373 Y6.361 E2.92474
G1 X58.937 Y6.361 E.02243
G1 X6.361 Y58.937 E2.95645
G1 X6.361 Y59.5 E.02239
G1 X59.5 Y6.361 E2.98811
G1 X60.064 Y6.361 E.02243
G1 X6.361 Y60.064 E3.01982
G1 X6.361 Y60.627 E.02239
G1 X60.627 Y6.361 E3.05148
G1 X61.191 Y6.361 E.02243
G1 X6.361 Y61.191 E3.0832
G1 X6.361 Y61.754 E.02239
G1 X61.754 Y6.361 E3.11486
G1 X62.318 Y6.361 E.02243
G1 X6.361 Y62.318 E3.14657
G1 X6.361 Y62.881 E.02239
G1 X62.881 Y6.361 E3.17823
G1 X63.445 Y6.361 E.02243
G1 X6.361 Y63.445 E3.20994
G1 X6.361 Y64.009 E.02243
G1 X64.009 Y6.361 E3.24166
G1 X64.572 Y6.361 E.02239
G1 X6.361 Y64.572 E3.27332
G1 X6.361 Y65.136 E.02243
G1 X65.136 Y6.361 E3.30503
G1 X65.699 Y6.361 E.02239
G1 X6.361 Y65.699 E3.33669
G1 X6.361 Y66.263 E.02243
G1 X66.263 Y6.361 E3.36841
G1 X66.826 Y6.361 E.02239
G1 X6.361 Y66.826 E3.40006
G1 X6.361 Y67.39 E.02243
G1 X67.39 Y6.361 E3.43178
G1 X67.953 Y6.361 E.02239
M73 P56 R28
G1 X6.361 Y67.953 E3.46344
G1 X6.361 Y68.517 E.02243
G1 X68.517 Y6.361 E3.49515
G1 X69.081 Y6.361 E.02243
G1 X6.361 Y69.081 E3.52687
G1 X6.361 Y69.644 E.02239
G1 X69.644 Y6.361 E3.55853
G1 X70.208 Y6.361 E.02243
G1 X6.361 Y70.208 E3.59024
G1 X6.361 Y70.771 E.02239
M73 Q56 S30
G1 X70.771 Y6.361 E3.6219
G1 X71.335 Y6.361 E.02243
G1 X6.361 Y71.335 E3.65361
G1 X6.361 Y71.898 E.02239
G1 X71.898 Y6.361 E3.68527
G1 X72.462 Y6.361 E.02243
G1 X6.361 Y72.462 E3.71699
G1 X6.361 Y73.025 E.02239
G1 X73.026 Y6.361 E3.74867
G1 X73.589 Y6.361 E.02239
G1 X6.361 Y73.589 E3.78036
G1 X6.361 Y74.153 E.02243
G1 X74.153 Y6.361 E3.81208
G1 X74.716 Y6.361 E.02239
G1 X6.361 Y74.716 E3.84373
G1 X6.361 Y75.28 E.02243
G1 X75.28 Y6.361 E3.87545
G1 X75.843 Y6.361 E.02239
G1 X6.361 Y75.843 E3.90711
G1 X6.361 Y76.407 E.02243
G1 X76.407 Y6.361 E3.93882
G1 X76.97 Y6.361 E.02239
G1 X6.361 Y76.97 E3.97048
G1 X6.361 Y77.534 E.02243
G1 X77.534 Y6.361 E4.0022
G1 X78.098 Y6.361 E.02243
G1 X6.361 Y78.097 E4.03388
G1 X6.361 Y78.661 E.02243
G1 X78.661 Y6.361 E4.06557
G1 X79.225 Y6.361 E.02243
G1 X6.361 Y79.225 E4.09728
G1 X6.361 Y79.788 E.02239
G1 X79.788 Y6.361 E4.12894
G1 X80.352 Y6.361 E.02243
G1 X6.361 Y80.352 E4.16066
G1 X6.361 Y80.915 E.02239
M73 Q57 S30
G1 X80.915 Y6.361 E4.19232
G1 X81.479 Y6.361 E.02243
G1 X6.361 Y81.479 E4.22403
G1 X6.361 Y82.042 E.02239
G1 X82.042 Y6.361 E4.25569
G1 X82.606 Y6.361 E.02243
M73 P57 R28
G1 X6.361 Y82.606 E4.2874
G1 X6.361 Y83.17 E.02243
G1 X83.17 Y6.361 E4.31912
G1 X83.733 Y6.361 E.02239
G1 X6.361 Y83.733 E4.35078
G1 X6.361 Y84.297 E.02243
G1 X84.297 Y6.361 E4.38249
G1 X84.86 Y6.361 E.02239
G1 X6.361 Y84.86 E4.41415
G1 X6.361 Y85.424 E.02243
G1 X85.424 Y6.361 E4.44587
G1 X85.987 Y6.361 E.02239
G1 X6.361 Y85.987 E4.47753
G1 X6.361 Y86.551 E.02243
G1 X86.551 Y6.361 E4.50924
G1 X87.114 Y6.361 E.02239
G1 X6.361 Y87.114 E4.5409
G1 X6.361 Y87.678 E.02243
G1 X87.678 Y6.361 E4.57261
G1 X88.242 Y6.361 E.02243
G1 X6.361 Y88.242 E4.60433
G1 X6.361 Y88.805 E.02239
G1 X88.805 Y6.361 E4.63599
G1 X89.369 Y6.361 E.02243
G1 X6.361 Y89.369 E4.6677
G1 X6.361 Y89.932 E.02239
G1 X89.932 Y6.361 E4.69936
G1 X90.496 Y6.361 E.02243
G1 X6.361 Y90.496 E4.73107
G1 X6.361 Y91.059 E.02239
G1 X91.059 Y6.361 E4.76273
G1 X91.623 Y6.361 E.02243
G1 X6.361 Y91.623 E4.79445
G1 X6.361 Y92.186 E.02239
G1 X92.186 Y6.361 E4.82611
G1 X92.75 Y6.361 E.02243
G1 X6.361 Y92.75 E4.85782
G1 X6.361 Y93.314 E.02243
G1 X93.314 Y6.361 E4.88954
G1 X93.877 Y6.361 E.02239
G1 X6.361 Y93.877 E4.9212
G1 X6.361 Y94.441 E.02243
G1 X94.441 Y6.361 E4.95291
G1 X95.004 Y6.361 E.02239
G1 X6.361 Y95.004 E4.98457
G1 X6.361 Y95.568 E.02243
G1 X95.568 Y6.361 E5.01628
G1 X96.131 Y6.361 E.02239
G1 X6.361 Y96.131 E5.04794
G1 X6.361 Y96.695 E.02243
G1 X96.695 Y6.361 E5.07966
G1 X97.258 Y6.361 E.02239
G1 X6.361 Y97.258 E5.11132
G1 X6.361 Y97.822 E.02243
G1 X97.822 Y6.361 E5.14303
G1 X98.386 Y6.361 E.02243
G1 X6.361 Y98.386 E5.17474
G1 X6.361 Y98.949 E.02239
G1 X98.949 Y6.361 E5.2064
G1 X99.513 Y6.361 E.02243
G1 X6.361 Y99.513 E5.23812
G1 X6.361 Y100.076 E.02239
G1 X100.076 Y6.361 E5.26978
G1 X100.64 Y6.361 E.02243
G1 X6.361 Y100.64 E5.30149
G1 X6.361 Y101.203 E.02239
G1 X101.203 Y6.361 E5.33315
G1 X101.767 Y6.361 E.02243
G1 X6.361 Y101.767 E5.36487
G1 X6.361 Y102.33 E.02239
G1 X102.33 Y6.361 E5.39652
G1 X102.894 Y6.361 E.02243
G1 X6.361 Y102.894 E5.42824
G1 X6.361 Y103.458 E.02243
G1 X103.458 Y6.361 E5.45995
G1 X104.021 Y6.361 E.02239
G1 X6.361 Y104.021 E5.49161
G1 X6.361 Y104.585 E.02243
G1 X104.585 Y6.361 E5.52333
G1 X105.148 Y6.361 E.02239
G1 X6.361 Y105.148 E5.55499
G1 X6.361 Y105.712 E.02243
G1 X105.712 Y6.361 E5.5867
G1 X106.275 Y6.361 E.02239
G1 X6.361 Y106.275 E5.61836
G1 X6.361 Y106.839 E.02243
M73 P58 R28
M73 Q58 S30
G1 X106.839 Y6.361 E5.65007
G1 X107.402 Y6.361 E.02239
G1 X6.361 Y107.402 E5.68173
G1 X6.361 Y107.966 E.02243
M73 P58 R27
M73 Q58 S29
G1 X107.966 Y6.361 E5.71345
G1 X108.53 Y6.361 E.02243
G1 X6.361 Y108.53 E5.74516
G1 X6.361 Y109.093 E.02239
G1 X109.093 Y6.361 E5.77682
G1 X109.657 Y6.361 E.02243
G1 X6.361 Y109.657 E5.80854
G1 X6.361 Y110.22 E.02239
G1 X110.22 Y6.361 E5.84019
G1 X110.784 Y6.361 E.02243
G1 X6.361 Y110.784 E5.87191
G1 X6.361 Y111.347 E.02239
G1 X111.347 Y6.361 E5.90357
G1 X111.911 Y6.361 E.02243
G1 X6.361 Y111.911 E5.93528
G1 X6.361 Y112.474 E.02239
G1 X112.475 Y6.361 E5.96697
G1 X113.038 Y6.361 E.02239
G1 X6.361 Y113.038 E5.99866
G1 X6.361 Y113.602 E.02243
G1 X113.602 Y6.361 E6.03037
G1 X113.639 Y6.887 E.02097
G1 X6.361 Y114.165 E6.03245
G1 X6.361 Y114.729 E.02243
G1 X113.639 Y7.45 E6.03248
G1 X113.639 Y8.014 E.02243
G1 X6.361 Y115.292 E6.03245
G1 X6.361 Y115.856 E.02243
G1 X113.639 Y8.577 E6.03248
G1 X113.639 Y9.141 E.02243
G1 X6.361 Y116.419 E6.03245
G1 X6.361 Y116.983 E.02243
G1 X113.639 Y9.704 E6.03248
G1 X113.639 Y10.268 E.02243
G1 X6.361 Y117.546 E6.03245
G1 X6.361 Y118.11 E.02243
G1 X113.639 Y10.831 E6.03248
G1 X113.639 Y11.395 E.02243
G1 X6.361 Y118.674 E6.03248
G1 X6.361 Y119.237 E.02239
G1 X113.639 Y11.959 E6.03245
G1 X113.639 Y12.522 E.02239
G1 X6.361 Y119.801 E6.03248
G1 X6.361 Y120.364 E.02239
G1 X113.639 Y13.086 E6.03245
G1 X113.639 Y13.649 E.02239
G1 X6.361 Y120.928 E6.03248
G1 X6.809 Y121.6 F21000
;WIDTH:0.440052
G1 F8400
G1 X6.75 Y121.834 E.00936
G1 X6.744 Y122.112 E.01078
G1 X6.744 Y127.697 E.21653
;WIDTH:0.449999
G1 X6.884 Y128.123 E.01783
G1 X7.243 Y128.564 E.02261
G1 X7.615 Y128.767 E.01685
G1 X8.079 Y128.861 E.01882
G1 X9.135 Y128.861 E.04199
G1 X6.361 Y131.635 E.15599
G1 X6.356 Y127.523 E.1635
;WIDTH:0.440052
G1 X6.356 Y121.929 E.21688
G1 X6.455 Y121.943 E.00388
G1 X6.666 Y121.739 E.01138
;WIDTH:0.449999
G1 X6.361 Y121.491 E.01563
G1 X113.639 Y14.213 E6.03245
G1 X113.639 Y14.776 E.02239
G1 X7.845 Y120.571 E5.94903
G1 X7.704 Y120.657 E.00657
;WIDTH:0.420752
G1 X7.563 Y120.744 E.0061
;WIDTH:0.391504
G1 X7.334 Y120.914 E.00968
G1 X6.992 Y121.283 E.01707
G1 E-.16 F2700
;WIPE_START
G1 F16800
G1 X7.334 Y120.914 E-.07681
G1 X7.563 Y120.744 E-.04354
G1 X7.704 Y120.657 E-.0253
G1 X7.845 Y120.571 E-.02522
G1 X10.018 Y118.398 E-.46913
;WIPE_END
G1 X8.44 Y120.539 Z.966 F21000
G1 Z.92 F720
G1 E.8 F1500
;WIDTH:0.449999
G1 F8400
G1 X113.639 Y15.34 E5.91554
G1 X113.639 Y15.903 E.02239
G1 X9.003 Y120.539 E5.88389
G1 X9.567 Y120.539 E.02243
G1 X113.639 Y16.467 E5.85217
G1 X113.639 Y17.031 E.02243
G1 X10.117 Y120.553 E5.82124
G1 X10.539 Y120.694 E.01769
G1 X113.639 Y17.594 E5.79751
G1 X113.639 Y18.158 E.02243
G1 X10.868 Y120.929 E5.77901
G1 X11.106 Y121.255 E.01605
G1 X113.639 Y18.721 E5.76566
G1 X113.639 Y19.285 E.02243
G1 X11.245 Y121.679 E5.75781
G1 X11.26 Y122.227 E.0218
M73 P59 R27
G1 X113.639 Y19.848 E5.75697
G1 X113.639 Y20.412 E.02243
M73 Q59 S29
G1 X11.26 Y122.791 E5.75697
G1 X11.259 Y123.356 E.02247
G1 X113.639 Y20.975 E5.75705
G1 X113.639 Y21.539 E.02243
G1 X11.259 Y123.92 E5.75705
G1 X11.258 Y124.484 E.02243
G1 X113.639 Y22.103 E5.75708
G1 X113.639 Y22.666 E.02239
G1 X11.257 Y125.048 E5.75714
G1 X11.257 Y125.612 E.02243
G1 X113.639 Y23.23 E5.75714
G1 X113.639 Y23.793 E.02239
G1 X11.256 Y126.176 E5.7572
G1 X11.256 Y126.741 E.02247
G1 X113.639 Y24.357 E5.75722
G1 X113.639 Y24.92 E.02239
G1 X11.255 Y127.305 E5.75728
G1 X10.607 Y128.6 F21000
;WIDTH:0.391504
G1 F8400
G1 X10.991 Y128.21 E.01857
;WIDTH:0.420752
G1 X11.093 Y128.069 E.00641
;WIDTH:0.449999
G1 X11.195 Y127.929 E.00689
G1 X113.639 Y25.484 E5.76065
G1 E-.16 F2700
;WIPE_START
G1 F16800
G1 X110.675 Y28.448 E-.64
;WIPE_END
G1 X81.784 Y31.274 Z1.427 F21000
G1 X79.656 Y31.482 Z1.46
G1 X77.528 Y31.69 Z1.486
G1 X75.4 Y31.898 Z1.505
G1 X71.144 Y32.314 Z1.52
G1 X6.759 Y38.611
G1 Z.92 F720
G1 E.8 F1500
G1 F8400
G1 X6.941 Y38.823 E.01111
G1 X7.127 Y38.969 E.0094
G1 X7.49 Y39.15 E.01613
G1 X8.009 Y39.254 E.02105
G1 X6.759 Y40.504 E.07029
G1 X6.759 Y38.811 E.06732
G1 X7.24 Y39.46 F21000
;WIDTH:0.505888
G1 F8252.931
G1 X7.2 Y39.42 E.00256
G1 X7.145 Y39.435 E.00258
G1 X7.131 Y39.489 E.00253
G1 X7.171 Y39.53 E.0026
G1 X7.226 Y39.515 E.00258
G1 E-.16 F2700
;WIPE_START
G1 F16800
G1 X7.171 Y39.53 E-.0087
G1 X7.131 Y39.489 E-.00875
G1 X7.145 Y39.435 E-.00852
G1 X7.2 Y39.42 E-.0087
G1 X7.24 Y39.46 E-.00864
;WIPE_END
G1 E-.59669 F2700
G1 X7.083 Y68.488 Z1.427 F21000
G1 X7.072 Y70.626 Z1.46
G1 X7.06 Y72.764 Z1.486
G1 X7.049 Y74.903 Z1.505
G1 X7.026 Y79.179 Z1.52
G1 X6.759 Y128.611
G1 Z.92 F720
G1 E.8 F1500
;WIDTH:0.449999
G1 F8400
G1 X6.941 Y128.823 E.01111
G1 X7.127 Y128.969 E.0094
G1 X7.673 Y129.207 E.02368
G1 X8.173 Y129.259 E.01999
G1 X6.759 Y130.673 E.07951
G1 X6.759 Y128.811 E.07404
G1 X7.293 Y129.525 F21000
;WIDTH:0.589768
G1 F6966.842
G1 X7.245 Y129.478 E.00361
G1 X7.18 Y129.495 E.00361
G1 X7.163 Y129.56 E.00361
G1 X7.21 Y129.608 E.00361
G1 X7.275 Y129.59 E.00362
G1 E-.16 F2700
;WIPE_START
G1 F16800
G1 X7.21 Y129.608 E-.0103
G1 X7.163 Y129.56 E-.01026
G1 X7.18 Y129.495 E-.01026
G1 X7.245 Y129.478 E-.01026
G1 X7.293 Y129.525 E-.01026
;WIPE_END
G1 E-.58866 F2700
G1 X9.699 Y128.861 Z.964 F21000
G1 Z.92 F720
G1 E.8 F1500
;WIDTH:0.449999
G1 F8400
G1 X6.361 Y132.199 E.1877
G1 X6.274 Y133.074 F21000
;WIDTH:0.391504
G1 F8400
G1 X6.233 Y133.085 E.00144
G1 X6.214 Y133.014 E.00249
G1 X6.285 Y133.033 E.00249
;WIDTH:0.420752
G1 X6.323 Y132.898 E.00517
;WIDTH:0.449999
G1 X6.361 Y132.763 E.00558
G1 X10.325 Y128.798 E.22293
G1 E-.16 F2700
;WIPE_START
G1 F16800
G1 X7.361 Y131.762 E-.64
;WIPE_END
G1 X6.361 Y133.326 Z.952 F21000
G1 Z.92 F720
G1 E.8 F1500
G1 F8400
G1 X113.639 Y26.048 E6.03245
G1 X113.639 Y26.611 E.02239
G1 X6.361 Y133.89 E6.03248
G1 X6.361 Y134.453 E.02239
G1 X113.639 Y27.175 E6.03245
G1 X113.639 Y27.738 E.02239
G1 X6.361 Y135.017 E6.03248
G1 X6.361 Y135.58 E.02239
G1 X113.639 Y28.302 E6.03245
G1 X113.639 Y28.865 E.02239
M73 Q59 S28
G1 X6.361 Y136.144 E6.03248
G1 X6.361 Y136.707 E.02239
G1 X113.639 Y29.429 E6.03245
G1 X113.639 Y29.992 E.02239
G1 X6.361 Y137.271 E6.03248
G1 X6.361 Y137.835 E.02243
M73 P59 R26
G1 X113.639 Y30.556 E6.03248
G1 X113.639 Y31.12 E.02243
G1 X6.361 Y138.398 E6.03245
G1 X6.361 Y138.962 E.02243
G1 X113.639 Y31.683 E6.03248
G1 X113.639 Y32.247 E.02243
G1 X6.361 Y139.525 E6.03245
G1 X6.361 Y140.089 E.02243
G1 X113.639 Y32.81 E6.03248
G1 X113.639 Y33.374 E.02243
G1 X6.361 Y140.652 E6.03245
G1 X6.361 Y141.216 E.02243
G1 X113.639 Y33.937 E6.03248
G1 X113.639 Y34.501 E.02243
G1 X6.361 Y141.779 E6.03245
G1 X6.361 Y142.343 E.02243
G1 X113.639 Y35.064 E6.03248
G1 X113.639 Y35.628 E.02243
G1 X6.361 Y142.907 E6.03248
G1 X6.361 Y143.47 E.02239
G1 X113.639 Y36.192 E6.03245
G1 X113.639 Y36.755 E.02239
G1 X6.361 Y144.034 E6.03248
G1 X6.361 Y144.597 E.02239
G1 X113.639 Y37.319 E6.03245
G1 X113.639 Y37.882 E.02239
G1 X6.361 Y145.161 E6.03248
G1 X6.323 Y145.296 E.00558
;WIDTH:0.420752
G1 X6.285 Y145.432 E.0052
;WIDTH:0.391504
G1 X6.214 Y145.412 E.0025
G1 X6.233 Y145.484 E.00253
G1 X6.274 Y145.473 E.00144
G1 E-.16 F2700
;WIPE_START
G1 F16800
G1 X6.233 Y145.484 E-.00648
G1 X6.214 Y145.412 E-.01137
G1 X6.285 Y145.432 E-.01126
G1 X6.323 Y145.296 E-.02156
G1 X6.361 Y145.161 E-.02141
G1 X8.991 Y142.531 E-.56792
;WIPE_END
G1 X29.619 Y122.107 Z1.427 F21000
G1 X31.139 Y120.603 Z1.46
G1 X32.658 Y119.099 Z1.486
G1 X34.178 Y117.594 Z1.505
G1 X37.217 Y114.585 Z1.52
G1 X78.852 Y73.364
G1 Z.92 F720
G1 E.8 F1500
G1 F8400
G1 X78.842 Y73.168 E.00666
G1 X79.042 Y72.885 E.01176
G1 X79.438 Y72.544 E.01773
;WIDTH:0.420752
G1 X79.579 Y72.454 E.00616
;WIDTH:0.449999
G1 X79.72 Y72.365 E.00663
G1 X113.639 Y38.446 E1.90733
G1 X113.639 Y39.009 E.02239
G1 X80.309 Y72.34 E1.87424
G1 X80.873 Y72.34 E.02243
G1 X113.639 Y39.573 E1.84252
G1 X113.639 Y40.136 E.02239
G1 X81.436 Y72.34 E1.81087
G1 X82 Y72.34 E.02243
G1 X113.639 Y40.7 E1.77915
G1 X113.639 Y41.264 E.02243
M73 P60 R26
M73 Q60 S28
G1 X82.563 Y72.34 E1.74746
G1 X83.127 Y72.34 E.02243
G1 X113.639 Y41.827 E1.71578
G1 X113.639 Y42.391 E.02243
G1 X83.69 Y72.34 E1.68409
G1 X84.254 Y72.34 E.02243
G1 X113.639 Y42.954 E1.6524
G1 X113.639 Y43.518 E.02243
G1 X84.817 Y72.34 E1.62072
G1 X85.381 Y72.34 E.02243
G1 X113.639 Y44.081 E1.58903
G1 X113.639 Y44.645 E.02243
G1 X85.945 Y72.34 E1.55732
G1 X86.508 Y72.34 E.02239
G1 X113.639 Y45.208 E1.52566
G1 X113.639 Y45.772 E.02243
G1 X87.072 Y72.34 E1.49394
G1 X87.635 Y72.34 E.02239
G1 X113.639 Y46.336 E1.46226
G1 X113.639 Y46.899 E.02239
G1 X88.199 Y72.34 E1.43057
G1 X88.762 Y72.34 E.02239
G1 X113.639 Y47.463 E1.39888
G1 X113.639 Y48.026 E.02239
G1 X89.326 Y72.34 E1.3672
G1 X89.89 Y72.34 E.02243
G1 X113.639 Y48.59 E1.33548
G1 X113.639 Y49.153 E.02239
G1 X90.453 Y72.34 E1.30382
G1 X91.017 Y72.34 E.02243
G1 X113.639 Y49.717 E1.27211
G1 X113.639 Y50.28 E.02239
G1 X91.58 Y72.34 E1.24045
G1 X92.144 Y72.34 E.02243
G1 X113.639 Y50.844 E1.20873
G1 X113.639 Y51.408 E.02243
G1 X92.707 Y72.339 E1.17702
G1 X93.271 Y72.339 E.02243
G1 X113.639 Y51.971 E1.14533
G1 X113.639 Y52.535 E.02243
G1 X93.834 Y72.339 E1.11365
G1 X94.398 Y72.339 E.02243
G1 X113.639 Y53.098 E1.08196
G1 X113.639 Y53.662 E.02243
G1 X94.962 Y72.339 E1.05024
G1 X95.525 Y72.339 E.02239
G1 X113.639 Y54.225 E1.01859
G1 X113.639 Y54.789 E.02243
G1 X96.089 Y72.339 E.98687
G1 X96.652 Y72.339 E.02239
G1 X113.639 Y55.352 E.95521
G1 X113.639 Y55.916 E.02243
G1 X97.216 Y72.339 E.9235
G1 X97.779 Y72.339 E.02239
G1 X113.639 Y56.48 E.89181
G1 X113.639 Y57.043 E.02239
G1 X98.343 Y72.339 E.86012
G1 X98.907 Y72.339 E.02243
G1 X113.639 Y57.607 E.82841
G1 X113.639 Y58.17 E.02239
G1 X99.47 Y72.339 E.79675
G1 X100.034 Y72.339 E.02243
G1 X113.639 Y58.734 E.76504
G1 X113.639 Y59.297 E.02239
G1 X100.597 Y72.339 E.73338
G1 X101.161 Y72.339 E.02243
G1 X113.639 Y59.861 E.70166
G1 X113.639 Y60.424 E.02239
G1 X101.724 Y72.339 E.67
G1 X102.288 Y72.339 E.02243
G1 X113.639 Y60.988 E.63829
G1 X113.639 Y61.552 E.02243
G1 X102.851 Y72.339 E.6066
G1 X103.415 Y72.339 E.02243
G1 X113.639 Y62.115 E.57492
G1 X113.639 Y62.679 E.02243
G1 X103.979 Y72.339 E.5432
G1 X104.542 Y72.339 E.02239
G1 X113.639 Y63.242 E.51154
G1 X113.639 Y63.806 E.02243
G1 X105.106 Y72.339 E.47983
G1 X105.669 Y72.339 E.02239
G1 X113.639 Y64.369 E.44817
G1 X113.639 Y64.933 E.02243
G1 X106.233 Y72.339 E.41645
G1 X106.796 Y72.339 E.02239
G1 X113.639 Y65.496 E.3848
G1 X113.639 Y66.06 E.02243
G1 X107.36 Y72.339 E.35308
G1 X107.924 Y72.339 E.02243
G1 X113.639 Y66.624 E.32137
G1 X113.639 Y67.187 E.02239
G1 X108.487 Y72.339 E.28971
G1 X109.051 Y72.339 E.02243
G1 X113.639 Y67.751 E.25799
G1 X113.639 Y68.314 E.02239
G1 X109.614 Y72.339 E.22633
G1 X110.178 Y72.339 E.02243
G1 X113.639 Y68.878 E.19462
G1 X113.639 Y69.441 E.02239
G1 X110.741 Y72.339 E.16296
G1 X111.305 Y72.339 E.02243
G1 X113.639 Y70.005 E.13125
G1 X113.639 Y70.569 E.02243
G1 X111.868 Y72.339 E.09956
G1 E-.16 F2700
;WIPE_START
G1 F16800
G1 X113.639 Y70.569 E-.38229
G1 X113.639 Y70.005 E-.08611
G1 X112.844 Y70.8 E-.1716
;WIPE_END
G1 X113.498 Y71.273 Z.934 F21000
G1 Z.92 F720
G1 E.8 F1500
G1 F8400
G1 X112.432 Y72.339 E.05994
G1 X113.639 Y72.339 E.04799
G1 X113.639 Y71.132 E.04799
G1 E-.16 F2700
;WIPE_START
G1 F16800
G1 X113.639 Y72.339 E-.18428
G1 X112.432 Y72.339 E-.18428
G1 X113.498 Y71.273 E-.23017
;WIPE_END
G1 E-.04127 F2700
G1 X84.525 Y73.06 Z1.427 F21000
G1 X82.391 Y73.192 Z1.46
G1 X80.256 Y73.323 Z1.486
G1 X78.663 Y73.422 Z1.501
G1 Z.92 F720
G1 E.8 F1500
G1 F8400
G1 X6.361 Y145.724 E4.06568
G1 X6.361 Y146.288 E.02243
G1 X78.639 Y74.009 E4.06436
G1 X78.639 Y74.573 E.02243
G1 X6.361 Y146.851 E4.06433
G1 X6.329 Y147.007 E.00633
;WIDTH:0.420752
G1 X6.297 Y147.163 E.00587
;WIDTH:0.391504
G1 X6.256 Y147.174 E.00144
G1 X6.237 Y147.103 E.00249
G1 X6.308 Y147.122 E.00249
;WIDTH:0.449999
G1 X6.736 Y147.039 E.01734
G1 X78.639 Y75.136 E4.04325
G1 X78.639 Y75.7 E.02243
G1 X7.3 Y147.039 E4.01153
G1 X7.864 Y147.039 E.02243
G1 X78.639 Y76.264 E3.97982
G1 X78.639 Y76.827 E.02239
G1 X8.427 Y147.039 E3.94816
G1 X8.991 Y147.039 E.02243
G1 X78.639 Y77.391 E3.91644
G1 X78.639 Y77.954 E.02239
G1 X9.554 Y147.039 E3.88478
G1 X10.118 Y147.039 E.02243
G1 X78.639 Y78.518 E3.85307
G1 X78.639 Y79.081 E.02239
G1 X10.681 Y147.039 E3.82141
G1 X11.245 Y147.039 E.02243
G1 X78.639 Y79.645 E3.7897
G1 X78.639 Y80.208 E.02239
G1 X11.808 Y147.039 E3.75804
G1 X12.372 Y147.039 E.02243
G1 X78.639 Y80.772 E3.72632
G1 X78.639 Y81.336 E.02243
G1 X12.936 Y147.039 E3.69461
G1 X13.499 Y147.039 E.02239
G1 X78.639 Y81.899 E3.66295
G1 X78.639 Y82.463 E.02243
G1 X14.063 Y147.039 E3.63123
G1 X14.626 Y147.039 E.02239
G1 X78.639 Y83.026 E3.59958
G1 X78.639 Y83.59 E.02243
G1 X15.19 Y147.039 E3.56786
G1 X15.753 Y147.039 E.02239
G1 X78.639 Y84.153 E3.5362
G1 X78.639 Y84.717 E.02243
G1 X16.317 Y147.039 E3.50449
G1 X16.88 Y147.039 E.02239
G1 X78.639 Y85.28 E3.47283
G1 X78.639 Y85.844 E.02243
G1 X17.39 Y147.094 E3.44418
G1 X17.776 Y147.271 E.01688
G1 X78.639 Y86.408 E3.42245
G1 X78.639 Y86.971 E.02239
G1 X18.067 Y147.544 E3.40611
G1 X18.272 Y147.902 E.0164
G1 X78.639 Y87.535 E3.39455
G1 X78.639 Y88.098 E.02239
G1 X18.361 Y148.377 E3.38958
G1 X18.361 Y148.94 E.02239
G1 X78.639 Y88.662 E3.38955
G1 X78.639 Y89.225 E.02239
G1 X18.361 Y149.504 E3.38958
G1 X18.361 Y150.067 E.02239
G1 X78.639 Y89.789 E3.38955
G1 X78.639 Y90.352 E.02239
G1 X18.361 Y150.631 E3.38958
G1 X18.361 Y151.195 E.02243
G1 X78.639 Y90.916 E3.38958
G1 X78.639 Y91.48 E.02243
G1 X18.361 Y151.758 E3.38955
G1 X18.361 Y152.322 E.02243
M73 Q60 S27
G1 X78.639 Y92.043 E3.38958
G1 X78.639 Y92.607 E.02243
G1 X18.361 Y152.885 E3.38955
G1 X18.33 Y153.008 E.00504
;WIDTH:0.420752
G1 X18.298 Y153.132 E.00472
;WIDTH:0.391504
G1 X18.227 Y153.113 E.00249
G1 X18.246 Y153.184 E.00249
G1 X18.287 Y153.173 E.00144
;WIDTH:0.449999
G1 X18.77 Y153.039 E.01993
G1 X78.639 Y93.17 E3.36655
G1 X78.639 Y93.734 E.02243
G1 X19.334 Y153.039 E3.33484
G1 X19.897 Y153.039 E.02239
G1 X78.639 Y94.297 E3.30318
G1 X78.639 Y94.861 E.02243
G1 X20.461 Y153.039 E3.27146
G1 X21.024 Y153.039 E.02239
G1 X78.639 Y95.424 E3.2398
G1 X78.639 Y95.988 E.02243
G1 X21.588 Y153.039 E3.20809
G1 X22.152 Y153.039 E.02243
M73 Q61 S27
G1 X78.639 Y96.552 E3.17637
G1 X78.639 Y97.115 E.02239
G1 X22.715 Y153.039 E3.14472
G1 X23.279 Y153.039 E.02243
M73 P61 R26
G1 X78.639 Y97.679 E3.113
G1 X78.639 Y98.242 E.02239
G1 X23.842 Y153.039 E3.08134
G1 X24.406 Y153.039 E.02243
G1 X78.639 Y98.806 E3.04963
M73 P61 R25
G1 X78.639 Y99.369 E.02239
G1 X24.969 Y153.039 E3.01797
G1 X25.533 Y153.039 E.02243
G1 X78.639 Y99.933 E2.98625
G1 X78.639 Y100.496 E.02239
G1 X26.096 Y153.039 E2.9546
G1 X26.66 Y153.039 E.02243
G1 X78.639 Y101.06 E2.92288
G1 X78.639 Y101.624 E.02243
G1 X27.224 Y153.039 E2.89117
G1 X27.787 Y153.039 E.02239
G1 X78.639 Y102.187 E2.85951
G1 X78.639 Y102.751 E.02243
G1 X28.351 Y153.039 E2.82779
G1 X28.914 Y153.039 E.02239
G1 X78.639 Y103.314 E2.79613
G1 X78.639 Y103.878 E.02243
G1 X29.478 Y153.039 E2.76442
G1 X30.041 Y153.039 E.02239
G1 X78.639 Y104.441 E2.73276
G1 X78.639 Y105.005 E.02243
G1 X30.605 Y153.039 E2.70105
G1 X31.168 Y153.039 E.02239
G1 X78.639 Y105.568 E2.66939
G1 X78.639 Y106.132 E.02243
G1 X31.732 Y153.039 E2.63767
G1 X32.296 Y153.039 E.02243
G1 X78.639 Y106.696 E2.60596
G1 X78.639 Y107.259 E.02239
G1 X32.859 Y153.039 E2.5743
G1 X33.423 Y153.039 E.02243
G1 X78.639 Y107.823 E2.54258
G1 X78.639 Y108.386 E.02239
G1 X33.986 Y153.039 E2.51093
G1 X34.55 Y153.039 E.02243
G1 X78.639 Y108.95 E2.47921
G1 X78.639 Y109.513 E.02239
G1 X35.113 Y153.039 E2.44755
G1 X35.677 Y153.039 E.02243
G1 X78.639 Y110.077 E2.41584
G1 X78.639 Y110.641 E.02243
G1 X36.24 Y153.039 E2.38415
G1 X36.804 Y153.039 E.02243
G1 X78.639 Y111.204 E2.35246
G1 X78.639 Y111.768 E.02243
G1 X37.368 Y153.039 E2.32075
G1 X37.931 Y153.039 E.02239
G1 X78.639 Y112.331 E2.28909
G1 X78.639 Y112.895 E.02243
G1 X38.495 Y153.039 E2.25738
G1 X39.058 Y153.039 E.02239
G1 X78.639 Y113.458 E2.22572
G1 X78.639 Y114.022 E.02243
G1 X39.622 Y153.039 E2.194
G1 X40.185 Y153.039 E.02239
G1 X78.639 Y114.585 E2.16234
G1 X78.639 Y115.149 E.02243
G1 X40.749 Y153.039 E2.13063
G1 X41.313 Y153.039 E.02243
G1 X78.639 Y115.713 E2.09891
G1 X78.639 Y116.276 E.02239
G1 X41.876 Y153.039 E2.06726
G1 X42.44 Y153.039 E.02243
G1 X78.639 Y116.84 E2.03554
G1 X78.639 Y117.403 E.02239
G1 X43.003 Y153.039 E2.00388
G1 X43.567 Y153.039 E.02243
G1 X78.639 Y117.967 E1.97217
G1 X78.639 Y118.53 E.02239
G1 X44.13 Y153.039 E1.94051
G1 X44.694 Y153.039 E.02243
G1 X78.639 Y119.094 E1.90879
G1 X78.639 Y119.657 E.02239
G1 X45.257 Y153.039 E1.87713
G1 X45.821 Y153.039 E.02243
G1 X78.639 Y120.221 E1.84542
G1 X78.639 Y120.785 E.02243
G1 X46.385 Y153.039 E1.81371
G1 X46.948 Y153.039 E.02239
G1 X78.639 Y121.348 E1.78205
G1 X78.639 Y121.912 E.02243
G1 X47.512 Y153.039 E1.75033
G1 X48.075 Y153.039 E.02239
G1 X78.639 Y122.475 E1.71867
G1 X78.639 Y123.039 E.02243
G1 X48.639 Y153.039 E1.68696
G1 X49.202 Y153.039 E.02239
G1 X78.639 Y123.602 E1.6553
G1 X78.639 Y124.166 E.02243
G1 X49.766 Y153.039 E1.62359
G1 X50.329 Y153.039 E.02239
G1 X78.639 Y124.729 E1.59193
G1 X78.639 Y125.293 E.02243
G1 X50.893 Y153.039 E1.56021
G1 X51.457 Y153.039 E.02243
G1 X78.639 Y125.857 E1.5285
G1 X78.639 Y126.42 E.02239
G1 X52.02 Y153.039 E1.49684
G1 X52.584 Y153.039 E.02243
G1 X78.639 Y126.984 E1.46512
G1 X78.639 Y127.547 E.02239
G1 X53.147 Y153.039 E1.43346
G1 X53.711 Y153.039 E.02243
G1 X78.639 Y128.111 E1.40175
G1 X78.639 Y128.674 E.02239
G1 X54.274 Y153.039 E1.37009
G1 X54.838 Y153.039 E.02243
G1 X78.639 Y129.238 E1.33838
G1 X78.639 Y129.801 E.02239
G1 X55.401 Y153.039 E1.30672
G1 X55.965 Y153.039 E.02243
G1 X78.639 Y130.365 E1.275
G1 X78.639 Y130.929 E.02243
G1 X56.529 Y153.039 E1.24329
G1 X57.092 Y153.039 E.02239
G1 X78.639 Y131.492 E1.21163
G1 X78.639 Y132.056 E.02243
G1 X57.656 Y153.039 E1.17991
G1 X58.219 Y153.039 E.02239
G1 X78.639 Y132.619 E1.14826
G1 X78.639 Y133.183 E.02243
G1 X58.783 Y153.039 E1.11654
G1 X59.346 Y153.039 E.02239
G1 X78.639 Y133.746 E1.08488
G1 X78.639 Y134.31 E.02243
G1 X59.91 Y153.039 E1.05317
G1 X60.473 Y153.039 E.02239
G1 X78.639 Y134.873 E1.02151
G1 X78.639 Y135.437 E.02243
G1 X61.037 Y153.039 E.98979
G1 X61.601 Y153.039 E.02243
G1 X78.639 Y136.001 E.95808
G1 X78.639 Y136.564 E.02239
G1 X62.164 Y153.039 E.92642
G1 X62.728 Y153.039 E.02243
G1 X78.639 Y137.128 E.89471
G1 X78.639 Y137.691 E.02239
G1 X63.291 Y153.039 E.86305
G1 X63.855 Y153.039 E.02243
G1 X78.639 Y138.255 E.83133
G1 X78.639 Y138.818 E.02239
G1 X64.418 Y153.039 E.79967
G1 X64.982 Y153.039 E.02243
G1 X78.639 Y139.382 E.76796
G1 X78.639 Y139.945 E.02239
G1 X65.545 Y153.039 E.7363
G1 X66.109 Y153.039 E.02243
G1 X78.639 Y140.509 E.70459
G1 X78.639 Y141.073 E.02243
G1 X66.673 Y153.039 E.67287
G1 X67.236 Y153.039 E.02239
G1 X78.639 Y141.636 E.64121
G1 X78.639 Y142.2 E.02243
G1 X67.8 Y153.039 E.6095
G1 X68.363 Y153.039 E.02239
G1 X78.639 Y142.763 E.57784
G1 X78.639 Y143.327 E.02243
G1 X68.927 Y153.039 E.54612
G1 X69.49 Y153.039 E.02239
G1 X78.639 Y143.89 E.51447
G1 X78.639 Y144.454 E.02243
G1 X70.054 Y153.039 E.48275
G1 X70.617 Y153.039 E.02239
G1 X78.639 Y145.017 E.45109
G1 X78.639 Y145.581 E.02243
G1 X71.181 Y153.039 E.41938
G1 X71.745 Y153.039 E.02243
G1 X78.639 Y146.145 E.38766
G1 X78.639 Y146.708 E.02239
G1 X72.308 Y153.039 E.356
G1 X72.872 Y153.039 E.02243
G1 X78.639 Y147.272 E.32429
G1 X78.639 Y147.835 E.02239
G1 X73.435 Y153.039 E.29263
G1 X73.999 Y153.039 E.02243
G1 X78.639 Y148.399 E.26092
G1 X78.639 Y148.962 E.02239
G1 X74.562 Y153.039 E.22926
G1 X75.126 Y153.039 E.02243
G1 X78.639 Y149.526 E.19754
G1 X78.639 Y150.089 E.02239
G1 X75.689 Y153.039 E.16588
G1 X76.253 Y153.039 E.02243
G1 X78.639 Y150.653 E.13417
G1 X78.639 Y151.217 E.02243
G1 X76.817 Y153.039 E.10245
G1 E-.16 F2700
;WIPE_START
G1 F16800
G1 X78.639 Y151.217 E-.39341
G1 X78.639 Y150.653 E-.08611
G1 X77.896 Y151.396 E-.16048
;WIPE_END
G1 X78.498 Y151.921 Z.934 F21000
G1 Z.92 F720
G1 E.8 F1500
G1 F8400
G1 X77.38 Y153.039 E.06287
G1 X78.639 Y153.039 E.05006
G1 X78.639 Y151.78 E.05006
;LAYER_CHANGE
;Z:1.16
;HEIGHT:0.24
;BEFORE_LAYER_CHANGE
G92 E0.0
;1.16


G1 E-.16 F2700
;WIPE_START
G1 F16800
G1 X78.639 Y153.039 E-.19222
G1 X77.38 Y153.039 E-.19222
G1 X78.498 Y151.921 E-.2414
;WIPE_END
G1 E-.01416 F2700
G1 X78.498 Y151.921 Z.92 F21000
G1 X102.775 Y136.006 Z1.427
G1 X104.563 Y134.834 Z1.46
G1 X106.351 Y133.662 Z1.486
G1 X108.14 Y132.49 Z1.505
G1 X111.716 Y130.145 Z1.52
G1 X125.384 Y121.185 Z1.52
;AFTER_LAYER_CHANGE
;1.16
G1 Z1.16 F720
G1 E.8 F1500
;TYPE:Perimeter
G1 F3000
G1 X125.477 Y121.077 E.00567
G1 X125.795 Y120.918 E.01414
G1 X126.074 Y120.878 E.01121
G1 X127.926 Y120.878 E.07364
G1 X128.304 Y120.953 E.01532
G1 X128.608 Y121.148 E.01436
G1 X128.83 Y121.457 E.01513
G1 X128.922 Y121.832 E.01535
G1 X128.922 Y127.526 E.2264
G1 X128.861 Y127.869 E.01385
G1 X128.678 Y128.179 E.01431
G1 X128.389 Y128.408 E.01466
G1 X128.041 Y128.522 E.01456
G1 X126.074 Y128.522 E.07821
G1 X125.795 Y128.482 E.01121
G1 X125.477 Y128.323 E.01414
G1 X125.195 Y127.995 E.0172
G1 X125.078 Y127.654 E.01433
G1 X125.078 Y121.874 E.22982
G1 X125.195 Y121.405 E.01922
G1 X125.345 Y121.231 E.00913
G1 X125.66 Y121.461 F21000
G1 F3000
G1 X125.716 Y121.396 E.00341
G1 X125.955 Y121.277 E.01062
G1 X127.926 Y121.277 E.07837
G1 X128.153 Y121.321 E.00919
G1 X128.389 Y121.496 E.01168
G1 X128.523 Y121.782 E.01256
G1 X128.523 Y127.526 E.22839
G1 X128.456 Y127.801 E.01125
G1 X128.281 Y128.006 E.01072
G1 X127.999 Y128.123 E.01214
G1 X126.074 Y128.123 E.07654
G1 X125.907 Y128.1 E.0067
G1 X125.716 Y128.004 E.0085
G1 X125.547 Y127.807 E.01032
G1 X125.477 Y127.526 E.01151
G1 X125.477 Y121.874 E.22473
G1 X125.547 Y121.593 E.01151
G1 X125.621 Y121.507 E.00451
M204 T250
G1 X125.94 Y121.745 F21000
M204 T7000
;TYPE:External perimeter
G1 F3000
G1 X125.955 Y121.715 E.00133
G1 X126.074 Y121.675 E.00499
G1 X127.926 Y121.675 E.07364
G1 X128.001 Y121.69 E.00304
G1 X128.125 Y121.822 E.0072
G1 F2999.998
G1 X128.125 Y127.526 E.2268
G1 F3000
G1 X128.062 Y127.671 E.00629
G1 X127.926 Y127.725 E.00582
G1 X126.074 Y127.725 E.07364
G1 X125.955 Y127.685 E.00499
G1 X125.875 Y127.526 E.00708
G1 F2999.998
G1 X125.875 Y121.874 E.22473
G1 F3000
G1 X125.913 Y121.798 E.00338
G1 E-.16 F2700
;WIPE_START
G1 F16800
G1 X125.94 Y121.745 E-.00908
G1 X125.955 Y121.715 E-.00512
G1 X126.074 Y121.675 E-.01917
G1 X127.926 Y121.675 E-.28276
G1 X128.001 Y121.69 E-.01168
G1 X128.125 Y121.822 E-.02765
G1 X128.125 Y123.686 E-.28454
;WIPE_END
G1 X127.195 Y94.673 Z1.667 F21000
G1 X127.126 Y92.535 Z1.7
G1 X127.058 Y90.398 Z1.726
G1 X126.989 Y88.261 Z1.745
G1 X126.852 Y83.987 Z1.76
G1 X125.384 Y38.215
G1 Z1.16 F720
G1 E.8 F1500
;TYPE:Perimeter
G1 F3000
G1 X125.195 Y37.995 E.01153
G1 X125.078 Y37.654 E.01433
G1 X125.078 Y31.874 E.22982
G1 X125.195 Y31.405 E.01922
G1 X125.477 Y31.077 E.0172
G1 X125.795 Y30.918 E.01414
G1 X126.074 Y30.878 E.01121
G1 X127.926 Y30.878 E.07364
G1 X128.285 Y30.945 E.01452
G1 X128.584 Y31.126 E.0139
G1 X128.86 Y31.528 E.01939
G1 X128.922 Y31.874 E.01398
G1 X128.922 Y37.526 E.22473
G1 X128.854 Y37.887 E.01461
G1 X128.671 Y38.186 E.01394
G1 X128.389 Y38.408 E.01427
G1 X128.041 Y38.522 E.01456
G1 X126.074 Y38.522 E.07821
G1 X125.795 Y38.482 E.01121
G1 X125.477 Y38.323 E.01414
G1 X125.423 Y38.261 E.00327
G1 X125.66 Y37.939 F21000
G1 F3000
G1 X125.547 Y37.807 E.00691
G1 X125.477 Y37.526 E.01151
G1 X125.477 Y31.874 E.22473
G1 X125.547 Y31.593 E.01151
G1 X125.716 Y31.396 E.01032
G1 X125.955 Y31.277 E.01062
G1 X127.926 Y31.277 E.07837
G1 X128.191 Y31.339 E.01082
G1 X128.371 Y31.476 E.00899
G1 X128.523 Y31.768 E.01309
G1 X128.523 Y37.526 E.22895
G1 X128.451 Y37.812 E.01173
G1 X128.281 Y38.007 E.01029
G1 X127.999 Y38.123 E.01212
G1 X126.074 Y38.123 E.07654
G1 X125.907 Y38.1 E.0067
G1 X125.716 Y38.004 E.0085
G1 X125.699 Y37.985 E.00101
M204 T250
G1 X125.94 Y37.655 F21000
M204 T7000
;TYPE:External perimeter
G1 F3000
G1 X125.875 Y37.526 E.00574
G1 F2999.998
G1 X125.875 Y31.874 E.22473
G1 F3000
G1 X125.955 Y31.715 E.00708
G1 X126.074 Y31.675 E.00499
G1 X127.926 Y31.675 E.07364
G1 X128.074 Y31.741 E.00644
G1 X128.125 Y31.874 E.00566
G1 F2999.998
G1 X128.125 Y37.526 E.22473
G1 F3000
G1 X128.062 Y37.671 E.00629
G1 X127.926 Y37.725 E.00582
G1 X126.074 Y37.725 E.07364
G1 X125.98 Y37.694 E.00394
G1 E-.16 F2700
;WIPE_START
G1 F16800
G1 X125.94 Y37.655 E-.00853
G1 X125.875 Y37.526 E-.02205
G1 X125.875 Y33.535 E-.60942
;WIPE_END
G1 X147.208 Y53.221 Z1.667 F21000
G1 X148.779 Y54.671 Z1.7
G1 X150.351 Y56.122 Z1.726
G1 X151.922 Y57.572 Z1.745
G1 X155.065 Y60.472 Z1.76
G1 X197.274 Y99.423
G1 Z1.16 F720
G1 E.8 F1500
;TYPE:Perimeter
G1 F4200
G1 X197.301 Y99.46 E.00182
G1 X197.614 Y99.655 E.01466
G1 X197.974 Y99.722 E.01456
G1 X231.978 Y99.722 E1.35207
G1 X231.978 Y153.378 E2.13347
G1 X124.022 Y153.378 E4.29255
M73 Q62 S27
G1 X124.022 Y12.022 E5.6206
G1 X135.151 Y12.014 E.44251
G1 X135.5 Y11.902 E.01457
G1 X135.781 Y11.676 E.01434
G1 X135.969 Y11.345 E.01514
G1 X136.022 Y11.026 E.01286
G1 X136.022 Y6.022 E.19897
G1 X196.978 Y6.022 E2.42373
M73 P62 R25
G1 X196.983 Y54.824 E1.94046
G1 X197.091 Y55.187 E.01506
G1 X197.321 Y55.478 E.01475
G1 X197.647 Y55.667 E.01498
G1 X197.974 Y55.722 E.01318
G1 X231.978 Y55.722 E1.35207
G1 X231.978 Y62.678 E.27658
G1 X197.9 Y62.678 E1.35501
G1 X197.514 Y62.791 E.01599
G1 X197.205 Y63.042 E.01583
G1 X197.044 Y63.318 E.0127
G1 X196.978 Y63.674 E.0144
G1 X196.978 Y98.779 E1.39584
G1 X197.073 Y99.151 E.01527
G1 X197.238 Y99.375 E.01106
G1 X197.564 Y99.136 F21000
G1 F4200
G1 X197.698 Y99.256 E.00715
G1 X197.974 Y99.323 E.01129
G1 X232.377 Y99.323 E1.36793
G1 X232.377 Y153.777 E2.1652
G1 X123.623 Y153.777 E4.32428
G1 X123.623 Y11.623 E5.65233
G1 X135.101 Y11.619 E.45639
M73 Q62 S26
G1 X135.357 Y11.523 E.01087
G1 X135.555 Y11.304 E.01174
G1 X135.623 Y11.026 E.01138
G1 X135.623 Y5.623 E.21483
G1 X197.377 Y5.623 E2.45546
G1 X197.381 Y54.798 E1.9553
G1 X197.489 Y55.075 E.01182
G1 X197.698 Y55.256 E.01099
G1 X197.974 Y55.323 E.01129
G1 X232.377 Y55.323 E1.36793
G1 X232.377 Y63.077 E.30831
G1 X197.928 Y63.077 E1.36976
G1 X197.633 Y63.184 E.01248
G1 X197.445 Y63.397 E.0113
G1 X197.377 Y63.674 E.01134
G1 X197.377 Y98.778 E1.3958
G1 X197.478 Y99.059 E.01187
G1 X197.52 Y99.096 E.00223
M204 T250
G1 X197.842 Y98.864 F21000
M204 T7000
;TYPE:External perimeter
G1 F3000
G1 X197.974 Y98.925 E.00578
G1 F2999.998
G1 X232.775 Y98.925 E1.38376
G1 X232.775 Y154.175 E2.19685
G1 X123.225 Y154.175 E4.35593
G1 X123.225 Y11.225 E5.68398
G1 X135.026 Y11.225 E.46923
G1 F3000
G1 X135.155 Y11.178 E.00546
G1 X135.225 Y11.026 E.00665
G1 X135.225 Y5.225 E.23066
G1 X197.775 Y5.225 E2.48711
G1 X197.775 Y54.726 E1.96826
G1 X197.83 Y54.864 E.00591
G1 X197.974 Y54.925 E.00622
G1 F2999.998
G1 X232.775 Y54.925 E1.38376
G1 X232.775 Y63.475 E.33997
M73 P62 R24
G1 X197.974 Y63.475 E1.38376
G1 F3000
G1 X197.844 Y63.524 E.00552
G1 X197.775 Y63.674 E.00657
G1 F2999.998
G1 X197.775 Y98.726 E1.39374
G1 F3000
G1 X197.809 Y98.819 E.00394
G1 E-.16 F2700
;WIPE_START
G1 F16800
G1 X197.842 Y98.864 E-.00852
G1 X197.974 Y98.925 E-.0222
G1 X201.965 Y98.925 E-.60928
;WIPE_END
G1 X230.959 Y100.346 Z1.667 F21000
G1 X231.82 Y100.388 Z1.681
G1 Z1.16 F720
G1 E.8 F1500
;TYPE:Top solid infill
;WIDTH:0.4206
G1 F4800
G1 X231.312 Y99.88 E.02646
G1 X230.79 Y99.88 F21000
G1 F4800
G1 X231.82 Y100.91 E.05365
G1 X231.82 Y101.432 F21000
G1 F4800
G1 X230.268 Y99.88 E.08083
G1 X229.746 Y99.88 F21000
G1 F4800
G1 X231.82 Y101.954 E.10802
G1 X231.82 Y102.476 F21000
G1 F4800
G1 X229.224 Y99.88 E.13521
G1 X228.702 Y99.88 F21000
G1 F4800
G1 X231.82 Y102.998 E.1624
G1 X231.82 Y103.52 F21000
G1 F4800
G1 X228.18 Y99.88 E.18958
G1 X227.658 Y99.88 F21000
G1 F4800
G1 X231.82 Y104.042 E.21677
G1 X231.82 Y104.564 F21000
G1 F4800
G1 X227.136 Y99.88 E.24396
G1 X226.614 Y99.88 F21000
G1 F4800
G1 X231.82 Y105.086 E.27115
G1 X231.82 Y105.608 F21000
G1 F4800
G1 X226.092 Y99.88 E.29833
G1 X225.57 Y99.88 F21000
G1 F4800
G1 X231.82 Y106.13 E.32552
G1 X231.82 Y106.652 F21000
G1 F4800
G1 X225.048 Y99.88 E.35271
G1 X224.526 Y99.88 F21000
G1 F4800
G1 X231.82 Y107.174 E.3799
G1 X231.82 Y107.696 F21000
G1 F4800
G1 X224.004 Y99.88 E.40708
G1 X223.482 Y99.88 F21000
G1 F4800
G1 X231.82 Y108.218 E.43427
G1 X231.82 Y108.74 F21000
G1 F4800
G1 X222.96 Y99.88 E.46146
G1 X222.438 Y99.88 F21000
G1 F4800
G1 X231.82 Y109.262 E.48865
G1 X231.82 Y109.784 F21000
G1 F4800
G1 X221.916 Y99.88 E.51583
G1 X221.394 Y99.88 F21000
G1 F4800
G1 X231.82 Y110.306 E.54302
G1 X231.82 Y110.827 F21000
G1 F4800
G1 X220.873 Y99.88 E.57016
G1 X220.351 Y99.88 F21000
G1 F4800
G1 X231.82 Y111.349 E.59734
G1 X231.82 Y111.871 F21000
G1 F4800
G1 X219.829 Y99.88 E.62453
G1 X219.307 Y99.88 F21000
G1 F4800
G1 X231.82 Y112.393 E.65172
G1 X231.82 Y112.915 F21000
G1 F4800
G1 X218.785 Y99.88 E.67891
G1 X218.263 Y99.88 F21000
G1 F4800
G1 X231.82 Y113.437 E.7061
G1 X231.82 Y113.959 F21000
G1 F4800
G1 X217.741 Y99.88 E.73328
G1 X217.219 Y99.88 F21000
G1 F4800
G1 X231.82 Y114.481 E.76047
G1 X231.82 Y115.003 F21000
G1 F4800
G1 X216.697 Y99.88 E.78766
G1 X216.175 Y99.88 F21000
G1 F4800
G1 X231.82 Y115.525 E.81485
G1 X231.82 Y116.047 F21000
G1 F4800
G1 X215.653 Y99.88 E.84203
G1 X215.131 Y99.88 F21000
G1 F4800
G1 X231.82 Y116.569 E.86922
G1 X231.82 Y117.091 F21000
G1 F4800
G1 X214.609 Y99.88 E.89641
G1 X214.087 Y99.88 F21000
G1 F4800
G1 X231.82 Y117.613 E.9236
G1 X231.82 Y118.135 F21000
G1 F4800
G1 X213.565 Y99.88 E.95078
G1 X213.043 Y99.88 F21000
G1 F4800
G1 X231.82 Y118.657 E.97797
G1 X231.82 Y119.179 F21000
G1 F4800
G1 X212.521 Y99.88 E1.00516
G1 X211.999 Y99.88 F21000
G1 F4800
G1 X231.82 Y119.701 E1.03235
G1 X231.82 Y120.223 F21000
G1 F4800
G1 X211.477 Y99.88 E1.05953
G1 X210.955 Y99.88 F21000
G1 F4800
G1 X231.82 Y120.745 E1.08672
G1 X231.82 Y121.267 F21000
G1 F4800
G1 X210.433 Y99.88 E1.11391
G1 X209.911 Y99.88 F21000
G1 F4800
G1 X231.82 Y121.789 E1.1411
G1 X231.82 Y122.311 F21000
G1 F4800
G1 X209.389 Y99.88 E1.16828
G1 X208.867 Y99.88 F21000
G1 F4800
G1 X231.82 Y122.833 E1.19547
G1 X231.82 Y123.355 F21000
G1 F4800
G1 X208.345 Y99.88 E1.22266
G1 X207.823 Y99.88 F21000
G1 F4800
G1 X231.82 Y123.877 E1.24985
G1 X231.82 Y124.399 F21000
G1 F4800
G1 X207.301 Y99.88 E1.27703
G1 X206.779 Y99.88 F21000
G1 F4800
G1 X231.82 Y124.921 E1.30422
G1 X231.82 Y125.443 F21000
G1 F4800
G1 X206.257 Y99.88 E1.33141
G1 X205.735 Y99.88 F21000
G1 F4800
G1 X231.82 Y125.965 E1.3586
G1 X231.82 Y126.487 F21000
G1 F4800
G1 X205.213 Y99.88 E1.38578
G1 X204.691 Y99.88 F21000
M73 Q63 S26
G1 F4800
G1 X231.82 Y127.009 E1.41297
G1 X231.82 Y127.531 F21000
G1 F4800
G1 X204.169 Y99.88 E1.44016
G1 X203.647 Y99.88 F21000
G1 F4800
G1 X231.82 Y128.053 E1.46735
G1 X231.82 Y128.575 F21000
G1 F4800
G1 X203.125 Y99.88 E1.49453
G1 X202.603 Y99.88 F21000
G1 F4800
G1 X231.82 Y129.097 E1.52172
G1 X231.82 Y129.619 F21000
G1 F4800
G1 X202.081 Y99.88 E1.54891
G1 X201.559 Y99.88 F21000
M73 P63 R24
G1 F4800
G1 X231.82 Y130.141 E1.5761
G1 X231.82 Y130.663 F21000
G1 F4800
G1 X201.037 Y99.88 E1.60328
G1 X200.515 Y99.88 F21000
G1 F4800
G1 X231.82 Y131.185 E1.63047
G1 X231.82 Y131.707 F21000
G1 F4800
G1 X199.993 Y99.88 E1.65766
G1 X199.471 Y99.88 F21000
G1 F4800
G1 X231.82 Y132.229 E1.68485
G1 X231.82 Y132.751 F21000
G1 F4800
G1 X198.949 Y99.88 E1.71203
G1 X198.427 Y99.88 F21000
G1 F4800
G1 X231.82 Y133.273 E1.73922
G1 X231.82 Y133.795 F21000
G1 F4800
G1 X197.897 Y99.872 E1.76683
G1 E-.16 F2700
;WIPE_START
G1 F16800
G1 X200.861 Y102.836 E-.64
;WIPE_END
G1 X216.998 Y78.706 Z1.667 F21000
G1 X218.186 Y76.929 Z1.7
G1 X219.375 Y75.151 Z1.726
G1 X220.564 Y73.374 Z1.745
G1 X222.941 Y69.819 Z1.76
G1 X231.82 Y56.542
G1 Z1.16 F720
G1 E.8 F1500
G1 F4800
G1 X231.158 Y55.88 E.03448
G1 X230.637 Y55.88 F21000
G1 F4800
G1 X231.82 Y57.063 E.06161
G1 X231.82 Y57.585 F21000
G1 F4800
G1 X230.115 Y55.88 E.0888
G1 X229.593 Y55.88 F21000
G1 F4800
G1 X231.82 Y58.107 E.11599
G1 X231.82 Y58.629 F21000
G1 F4800
G1 X229.071 Y55.88 E.14318
G1 X228.549 Y55.88 F21000
G1 F4800
G1 X231.82 Y59.151 E.17036
G1 X231.82 Y59.673 F21000
G1 F4800
G1 X228.027 Y55.88 E.19755
G1 X227.505 Y55.88 F21000
G1 F4800
G1 X231.82 Y60.195 E.22474
G1 X231.82 Y60.717 F21000
G1 F4800
G1 X226.983 Y55.88 E.25193
G1 X226.461 Y55.88 F21000
G1 F4800
G1 X231.82 Y61.239 E.27912
G1 X231.82 Y61.761 F21000
G1 F4800
G1 X225.939 Y55.88 E.3063
G1 X225.417 Y55.88 F21000
G1 F4800
G1 X231.82 Y62.283 E.33349
G1 X231.535 Y62.52 F21000
G1 F4800
G1 X224.895 Y55.88 E.34583
G1 X224.373 Y55.88 F21000
G1 F4800
G1 X231.013 Y62.52 E.34583
G1 X230.491 Y62.52 F21000
G1 F4800
G1 X223.851 Y55.88 E.34583
G1 X223.329 Y55.88 F21000
G1 F4800
G1 X229.969 Y62.52 E.34583
G1 X229.447 Y62.52 F21000
G1 F4800
G1 X222.807 Y55.88 E.34583
G1 X222.285 Y55.88 F21000
G1 F4800
G1 X228.925 Y62.52 E.34583
G1 X228.403 Y62.52 F21000
G1 F4800
G1 X221.763 Y55.88 E.34583
G1 X221.241 Y55.88 F21000
G1 F4800
G1 X227.881 Y62.52 E.34583
G1 X227.359 Y62.52 F21000
G1 F4800
G1 X220.719 Y55.88 E.34583
G1 X220.197 Y55.88 F21000
G1 F4800
G1 X226.837 Y62.52 E.34583
G1 X226.315 Y62.52 F21000
G1 F4800
G1 X219.675 Y55.88 E.34583
G1 X219.153 Y55.88 F21000
G1 F4800
G1 X225.793 Y62.52 E.34583
G1 X225.271 Y62.52 F21000
G1 F4800
G1 X218.631 Y55.88 E.34583
G1 X218.109 Y55.88 F21000
G1 F4800
G1 X224.749 Y62.52 E.34583
G1 X224.227 Y62.52 F21000
G1 F4800
G1 X217.587 Y55.88 E.34583
G1 X217.065 Y55.88 F21000
G1 F4800
G1 X223.705 Y62.52 E.34583
G1 X223.183 Y62.52 F21000
G1 F4800
G1 X216.543 Y55.88 E.34583
G1 X216.021 Y55.88 F21000
G1 F4800
G1 X222.661 Y62.52 E.34583
G1 X222.139 Y62.52 F21000
G1 F4800
G1 X215.499 Y55.88 E.34583
G1 X214.977 Y55.88 F21000
G1 F4800
G1 X221.617 Y62.52 E.34583
G1 X221.095 Y62.52 F21000
G1 F4800
G1 X214.455 Y55.88 E.34583
G1 X213.933 Y55.88 F21000
G1 F4800
G1 X220.573 Y62.52 E.34583
G1 X220.051 Y62.52 F21000
G1 F4800
G1 X213.411 Y55.88 E.34583
G1 X212.889 Y55.88 F21000
G1 F4800
G1 X219.529 Y62.52 E.34583
G1 X219.007 Y62.52 F21000
G1 F4800
G1 X212.367 Y55.88 E.34583
G1 X211.845 Y55.88 F21000
G1 F4800
G1 X218.485 Y62.52 E.34583
G1 X217.963 Y62.52 F21000
G1 F4800
G1 X211.323 Y55.88 E.34583
G1 X210.801 Y55.88 F21000
G1 F4800
G1 X217.442 Y62.52 E.34586
G1 X216.92 Y62.52 F21000
G1 F4800
G1 X210.279 Y55.88 E.34586
G1 X209.757 Y55.88 F21000
G1 F4800
G1 X216.398 Y62.52 E.34586
G1 X215.876 Y62.52 F21000
G1 F4800
G1 X209.235 Y55.88 E.34586
G1 X208.713 Y55.88 F21000
G1 F4800
G1 X215.354 Y62.52 E.34586
G1 X214.832 Y62.52 F21000
G1 F4800
G1 X208.191 Y55.88 E.34586
G1 X207.669 Y55.88 F21000
G1 F4800
G1 X214.31 Y62.52 E.34586
G1 X213.788 Y62.52 F21000
G1 F4800
G1 X207.147 Y55.88 E.34586
G1 X206.625 Y55.88 F21000
G1 F4800
G1 X213.266 Y62.52 E.34586
G1 X212.744 Y62.52 F21000
G1 F4800
G1 X206.103 Y55.88 E.34586
G1 X205.581 Y55.88 F21000
G1 F4800
G1 X212.222 Y62.52 E.34586
G1 X211.7 Y62.52 F21000
G1 F4800
G1 X205.059 Y55.88 E.34586
G1 X204.537 Y55.88 F21000
G1 F4800
G1 X211.178 Y62.52 E.34586
G1 X210.656 Y62.52 F21000
G1 F4800
G1 X204.016 Y55.88 E.34583
G1 X203.494 Y55.88 F21000
G1 F4800
G1 X210.134 Y62.52 E.34583
G1 X209.612 Y62.52 F21000
G1 F4800
G1 X202.972 Y55.88 E.34583
G1 X202.45 Y55.88 F21000
G1 F4800
G1 X209.09 Y62.52 E.34583
G1 X208.568 Y62.52 F21000
G1 F4800
G1 X201.928 Y55.88 E.34583
G1 X201.406 Y55.88 F21000
G1 F4800
G1 X208.046 Y62.52 E.34583
G1 X207.524 Y62.52 F21000
G1 F4800
G1 X200.884 Y55.88 E.34583
G1 X200.362 Y55.88 F21000
G1 F4800
G1 X207.002 Y62.52 E.34583
G1 X206.48 Y62.52 F21000
G1 F4800
G1 X199.84 Y55.88 E.34583
G1 X199.318 Y55.88 F21000
G1 F4800
G1 X205.958 Y62.52 E.34583
G1 X205.436 Y62.52 F21000
G1 F4800
G1 X198.796 Y55.88 E.34583
G1 X198.274 Y55.88 F21000
G1 F4800
G1 X204.914 Y62.52 E.34583
G1 X204.392 Y62.52 F21000
G1 F4800
G1 X197.72 Y55.848 E.3475
G1 E-.16 F2700
;WIPE_START
G1 F16800
G1 X200.684 Y58.812 E-.64
;WIPE_END
G1 X198.528 Y29.864 Z1.667 F21000
G1 X198.369 Y27.731 Z1.7
G1 X198.211 Y25.599 Z1.726
G1 X198.052 Y23.467 Z1.745
G1 X197.734 Y19.202 Z1.76
G1 X196.82 Y6.926
G1 Z1.16 F720
G1 E.8 F1500
G1 F4800
G1 X196.074 Y6.18 E.03885
G1 X195.552 Y6.18 F21000
G1 F4800
G1 X196.82 Y7.448 E.06604
G1 X196.82 Y7.97 F21000
G1 F4800
G1 X195.03 Y6.18 E.09323
G1 X194.508 Y6.18 F21000
G1 F4800
G1 X196.82 Y8.492 E.12042
G1 X196.82 Y9.014 F21000
G1 F4800
G1 X193.986 Y6.18 E.1476
G1 X193.464 Y6.18 F21000
G1 F4800
G1 X196.82 Y9.536 E.17479
G1 X196.82 Y10.058 F21000
G1 F4800
G1 X192.942 Y6.18 E.20198
G1 X192.42 Y6.18 F21000
G1 F4800
G1 X196.82 Y10.58 E.22917
G1 X196.82 Y11.102 F21000
G1 F4800
G1 X191.898 Y6.18 E.25635
G1 X191.376 Y6.18 F21000
G1 F4800
G1 X196.82 Y11.624 E.28354
G1 X196.82 Y12.146 F21000
G1 F4800
G1 X190.854 Y6.18 E.31073
G1 X190.332 Y6.18 F21000
G1 F4800
G1 X196.82 Y12.668 E.33792
G1 X196.82 Y13.19 F21000
G1 F4800
G1 X189.81 Y6.18 E.3651
G1 X189.288 Y6.18 F21000
G1 F4800
G1 X196.82 Y13.712 E.39229
G1 X196.82 Y14.234 F21000
G1 F4800
G1 X188.766 Y6.18 E.41948
G1 X188.244 Y6.18 F21000
G1 F4800
G1 X196.82 Y14.756 E.44667
G1 X196.82 Y15.278 F21000
G1 F4800
G1 X187.722 Y6.18 E.47386
G1 X187.2 Y6.18 F21000
G1 F4800
G1 X196.82 Y15.8 E.50104
G1 X196.82 Y16.322 F21000
G1 F4800
G1 X186.678 Y6.18 E.52823
G1 X186.156 Y6.18 F21000
G1 F4800
G1 X196.82 Y16.844 E.55542
G1 X196.82 Y17.366 F21000
G1 F4800
G1 X185.634 Y6.18 E.58261
G1 X185.112 Y6.18 F21000
G1 F4800
G1 X196.82 Y17.888 E.60979
G1 X196.82 Y18.41 F21000
G1 F4800
G1 X184.59 Y6.18 E.63698
G1 X184.068 Y6.18 F21000
G1 F4800
G1 X196.82 Y18.932 E.66417
G1 X196.82 Y19.454 F21000
G1 F4800
G1 X183.546 Y6.18 E.69136
G1 X183.024 Y6.18 F21000
G1 F4800
G1 X196.82 Y19.976 E.71854
G1 X196.82 Y20.498 F21000
G1 F4800
G1 X182.502 Y6.18 E.74573
G1 X181.98 Y6.18 F21000
G1 F4800
G1 X196.82 Y21.02 E.77292
G1 X196.82 Y21.542 F21000
G1 F4800
G1 X181.458 Y6.18 E.80011
G1 X180.937 Y6.18 F21000
G1 F4800
G1 X196.82 Y22.063 E.82724
G1 X196.82 Y22.585 F21000
G1 F4800
G1 X180.415 Y6.18 E.85443
G1 X179.893 Y6.18 F21000
G1 F4800
G1 X196.82 Y23.107 E.88162
G1 X196.82 Y23.629 F21000
G1 F4800
G1 X179.371 Y6.18 E.9088
G1 X178.849 Y6.18 F21000
G1 F4800
G1 X196.82 Y24.151 E.93599
G1 X196.82 Y24.673 F21000
G1 F4800
G1 X178.327 Y6.18 E.96318
G1 X177.805 Y6.18 F21000
G1 F4800
G1 X196.82 Y25.195 E.99037
G1 X196.82 Y25.717 F21000
G1 F4800
G1 X177.283 Y6.18 E1.01755
G1 X176.761 Y6.18 F21000
G1 F4800
G1 X196.82 Y26.239 E1.04474
G1 X196.82 Y26.761 F21000
M73 Q63 S25
G1 F4800
G1 X176.239 Y6.18 E1.07193
G1 X175.717 Y6.18 F21000
G1 F4800
G1 X196.82 Y27.283 E1.09912
G1 X196.82 Y27.805 F21000
G1 F4800
G1 X175.195 Y6.18 E1.1263
G1 X174.673 Y6.18 F21000
G1 F4800
G1 X196.82 Y28.327 E1.15349
G1 X196.82 Y28.849 F21000
G1 F4800
G1 X174.151 Y6.18 E1.18068
G1 X173.629 Y6.18 F21000
G1 F4800
G1 X196.82 Y29.371 E1.20787
G1 X196.82 Y29.893 F21000
G1 F4800
G1 X173.107 Y6.18 E1.23505
G1 X172.585 Y6.18 F21000
G1 F4800
G1 X196.82 Y30.415 E1.26224
G1 X196.82 Y30.937 F21000
G1 F4800
G1 X172.063 Y6.18 E1.28943
G1 X171.541 Y6.18 F21000
G1 F4800
G1 X196.82 Y31.459 E1.31662
G1 X196.82 Y31.981 F21000
G1 F4800
G1 X171.019 Y6.18 E1.3438
G1 X170.497 Y6.18 F21000
G1 F4800
G1 X196.82 Y32.503 E1.37099
G1 X196.82 Y33.025 F21000
G1 F4800
G1 X169.975 Y6.18 E1.39818
G1 X169.453 Y6.18 F21000
G1 F4800
G1 X196.82 Y33.547 E1.42537
G1 X196.82 Y34.069 F21000
G1 F4800
G1 X168.931 Y6.18 E1.45255
G1 X168.409 Y6.18 F21000
G1 F4800
G1 X196.82 Y34.591 E1.47974
G1 X196.82 Y35.113 F21000
G1 F4800
G1 X167.887 Y6.18 E1.50693
G1 X167.365 Y6.18 F21000
G1 F4800
G1 X196.82 Y35.635 E1.53412
G1 X196.82 Y36.157 F21000
G1 F4800
G1 X166.843 Y6.18 E1.56131
G1 X166.321 Y6.18 F21000
G1 F4800
G1 X196.82 Y36.679 E1.58849
G1 X196.82 Y37.201 F21000
G1 F4800
G1 X165.799 Y6.18 E1.61568
G1 X165.277 Y6.18 F21000
G1 F4800
G1 X196.82 Y37.723 E1.64287
G1 X196.82 Y38.245 F21000
G1 F4800
G1 X164.755 Y6.18 E1.67006
G1 X164.233 Y6.18 F21000
G1 F4800
G1 X196.82 Y38.767 E1.69724
G1 X196.82 Y39.289 F21000
G1 F4800
G1 X163.711 Y6.18 E1.72443
G1 X163.189 Y6.18 F21000
G1 F4800
G1 X196.82 Y39.811 E1.75162
G1 X196.82 Y40.333 F21000
G1 F4800
G1 X162.667 Y6.18 E1.77881
G1 X162.145 Y6.18 F21000
M73 Q64 S25
G1 F4800
G1 X196.82 Y40.855 E1.80599
G1 X196.82 Y41.377 F21000
G1 F4800
G1 X161.623 Y6.18 E1.83318
G1 X161.101 Y6.18 F21000
G1 F4800
G1 X196.82 Y41.899 E1.86037
G1 X196.82 Y42.421 F21000
G1 F4800
G1 X160.579 Y6.18 E1.88756
G1 X160.057 Y6.18 F21000
G1 F4800
G1 X196.82 Y42.943 E1.91474
G1 X196.82 Y43.465 F21000
G1 F4800
G1 X159.535 Y6.18 E1.94193
G1 X159.013 Y6.18 F21000
G1 F4800
G1 X196.82 Y43.987 E1.96912
G1 X196.82 Y44.509 F21000
M73 P64 R24
G1 F4800
G1 X158.491 Y6.18 E1.99631
G1 X157.969 Y6.18 F21000
G1 F4800
G1 X196.82 Y45.031 E2.02349
G1 X196.82 Y45.553 F21000
M73 P64 R23
G1 F4800
G1 X157.447 Y6.18 E2.05068
G1 X156.925 Y6.18 F21000
G1 F4800
G1 X196.82 Y46.075 E2.07787
G1 X196.82 Y46.597 F21000
G1 F4800
G1 X156.403 Y6.18 E2.10506
G1 X155.881 Y6.18 F21000
G1 F4800
G1 X196.82 Y47.119 E2.13224
G1 X196.82 Y47.641 F21000
G1 F4800
G1 X155.359 Y6.18 E2.15943
G1 X154.837 Y6.18 F21000
G1 F4800
G1 X196.82 Y48.163 E2.18662
G1 X196.82 Y48.685 F21000
G1 F4800
G1 X154.315 Y6.18 E2.21381
G1 X153.794 Y6.18 F21000
G1 F4800
G1 X196.82 Y49.206 E2.24094
G1 X196.82 Y49.728 F21000
G1 F4800
G1 X153.272 Y6.18 E2.26813
G1 X152.75 Y6.18 F21000
G1 F4800
G1 X196.82 Y50.25 E2.29532
G1 X196.82 Y50.772 F21000
G1 F4800
G1 X152.228 Y6.18 E2.3225
G1 X151.706 Y6.18 F21000
G1 F4800
G1 X196.82 Y51.294 E2.34969
G1 X196.82 Y51.816 F21000
G1 F4800
G1 X151.184 Y6.18 E2.37688
G1 X150.662 Y6.18 F21000
G1 F4800
G1 X196.82 Y52.338 E2.40407
G1 X196.82 Y52.86 F21000
G1 F4800
G1 X150.14 Y6.18 E2.43125
G1 X149.618 Y6.18 F21000
G1 F4800
G1 X196.82 Y53.382 E2.45844
G1 X196.82 Y53.904 F21000
G1 F4800
G1 X149.096 Y6.18 E2.48563
G1 X148.574 Y6.18 F21000
G1 F4800
G1 X196.82 Y54.426 E2.51282
G1 X196.851 Y54.979 F21000
G1 F4800
G1 X148.052 Y6.18 E2.54162
G1 X147.53 Y6.18 F21000
G1 F4800
G1 X203.87 Y62.52 E2.93438
G1 X203.348 Y62.52 F21000
G1 F4800
G1 X147.008 Y6.18 E2.93438
G1 X146.486 Y6.18 F21000
G1 F4800
G1 X202.826 Y62.52 E2.93438
G1 X202.304 Y62.52 F21000
G1 F4800
G1 X145.964 Y6.18 E2.93438
G1 X145.442 Y6.18 F21000
G1 F4800
G1 X201.782 Y62.52 E2.93438
G1 X201.26 Y62.52 F21000
G1 F4800
G1 X144.92 Y6.18 E2.93438
G1 X144.398 Y6.18 F21000
G1 F4800
G1 X200.738 Y62.52 E2.93438
G1 X200.216 Y62.52 F21000
G1 F4800
G1 X143.876 Y6.18 E2.93438
G1 X143.354 Y6.18 F21000
G1 F4800
G1 X199.694 Y62.52 E2.93438
G1 X199.172 Y62.52 F21000
G1 F4800
G1 X142.832 Y6.18 E2.93438
G1 X142.31 Y6.18 F21000
G1 F4800
G1 X198.65 Y62.52 E2.93438
G1 X198.128 Y62.52 F21000
G1 F4800
G1 X141.788 Y6.18 E2.93438
G1 X141.266 Y6.18 F21000
G1 F4800
G1 X197.655 Y62.569 E2.93693
G1 X197.302 Y62.738 F21000
G1 F4800
G1 X140.744 Y6.18 E2.94573
G1 X140.222 Y6.18 F21000
G1 F4800
G1 X197.043 Y63.001 E2.95943
G1 X196.872 Y63.352 F21000
G1 F4800
G1 X139.7 Y6.18 E2.97771
G1 X139.178 Y6.18 F21000
G1 F4800
G1 X196.82 Y63.822 E3.00219
G1 X196.82 Y64.344 F21000
G1 F4800
G1 X138.656 Y6.18 E3.02938
G1 X138.134 Y6.18 F21000
G1 F4800
G1 X196.82 Y64.866 E3.05657
G1 X196.82 Y65.388 F21000
G1 F4800
G1 X137.612 Y6.18 E3.08376
G1 X137.09 Y6.18 F21000
M73 Q65 S25
G1 F4800
G1 X196.82 Y65.91 E3.11094
G1 X196.82 Y66.432 F21000
G1 F4800
G1 X136.568 Y6.18 E3.13813
G1 X136.18 Y6.314 F21000
G1 F4800
G1 X196.82 Y66.954 E3.15834
G1 X196.82 Y67.476 F21000
M73 P65 R23
M73 Q65 S24
G1 F4800
G1 X136.18 Y6.836 E3.15834
G1 X136.18 Y7.358 F21000
G1 F4800
G1 X196.82 Y67.998 E3.15834
G1 X196.82 Y68.52 F21000
G1 F4800
G1 X136.18 Y7.879 E3.15837
G1 X136.18 Y8.401 F21000
G1 F4800
G1 X196.82 Y69.042 E3.15837
G1 X196.82 Y69.564 F21000
G1 F4800
G1 X136.18 Y8.923 E3.15837
G1 X136.18 Y9.445 F21000
G1 F4800
G1 X196.82 Y70.086 E3.15837
G1 X196.82 Y70.608 F21000
G1 F4800
G1 X136.18 Y9.967 E3.15837
G1 X136.18 Y10.489 F21000
G1 F4800
G1 X196.82 Y71.13 E3.15837
G1 X196.82 Y71.652 F21000
G1 F4800
G1 X136.18 Y11.011 E3.15837
G1 X136.096 Y11.449 F21000
G1 F4800
G1 X196.82 Y72.174 E3.16274
G1 X196.82 Y72.696 F21000
G1 F4800
G1 X135.9 Y11.775 E3.17295
G1 X135.617 Y12.014 F21000
G1 F4800
G1 X196.82 Y73.218 E3.18769
G1 X196.82 Y73.74 F21000
G1 F4800
G1 X135.239 Y12.158 E3.20738
G1 X134.738 Y12.18 F21000
G1 F4800
G1 X196.82 Y74.262 E3.23344
G1 X196.82 Y74.784 F21000
G1 F4800
G1 X134.216 Y12.18 E3.26063
G1 X133.694 Y12.18 F21000
G1 F4800
G1 X196.82 Y75.306 E3.28782
G1 X196.82 Y75.827 F21000
G1 F4800
G1 X133.173 Y12.18 E3.31495
G1 X132.651 Y12.18 F21000
G1 F4800
G1 X196.82 Y76.349 E3.34214
G1 X196.82 Y76.871 F21000
G1 F4800
G1 X132.129 Y12.18 E3.36933
G1 X131.607 Y12.18 F21000
M73 P65 R22
G1 F4800
G1 X196.82 Y77.393 E3.39652
G1 X196.82 Y77.915 F21000
G1 F4800
G1 X131.085 Y12.18 E3.4237
G1 X130.563 Y12.18 F21000
G1 F4800
G1 X196.82 Y78.437 E3.45089
G1 X196.82 Y78.959 F21000
G1 F4800
G1 X130.041 Y12.18 E3.47808
G1 X129.519 Y12.18 F21000
G1 F4800
G1 X196.82 Y79.481 E3.50527
G1 X196.82 Y80.003 F21000
G1 F4800
G1 X128.997 Y12.18 E3.53245
G1 X128.475 Y12.18 F21000
G1 F4800
G1 X196.82 Y80.525 E3.55964
G1 X196.82 Y81.047 F21000
G1 F4800
G1 X127.953 Y12.18 E3.58683
G1 X127.431 Y12.18 F21000
G1 F4800
G1 X196.82 Y81.569 E3.61402
G1 X196.82 Y82.091 F21000
G1 F4800
G1 X126.909 Y12.18 E3.6412
G1 X126.387 Y12.18 F21000
G1 F4800
G1 X196.82 Y82.613 E3.66839
G1 X196.82 Y83.135 F21000
G1 F4800
G1 X125.865 Y12.18 E3.69558
G1 X125.343 Y12.18 F21000
G1 F4800
G1 X196.82 Y83.657 E3.72277
G1 X196.82 Y84.179 F21000
G1 F4800
G1 X124.821 Y12.18 E3.74995
G1 X124.299 Y12.18 F21000
G1 F4800
G1 X196.82 Y84.701 E3.77714
G1 X196.82 Y85.223 F21000
M73 P66 R22
M73 Q66 S24
G1 F4800
G1 X124.18 Y12.583 E3.78334
G1 X124.18 Y13.105 F21000
G1 F4800
G1 X196.82 Y85.745 E3.78334
G1 X196.82 Y86.267 F21000
G1 F4800
G1 X124.18 Y13.627 E3.78334
G1 X124.18 Y14.149 F21000
G1 F4800
G1 X196.82 Y86.789 E3.78334
G1 X196.82 Y87.311 F21000
G1 F4800
G1 X124.18 Y14.671 E3.78334
G1 X124.18 Y15.193 F21000
G1 F4800
G1 X196.82 Y87.833 E3.78334
G1 X196.82 Y88.355 F21000
G1 F4800
G1 X124.18 Y15.715 E3.78334
G1 X124.18 Y16.237 F21000
G1 F4800
G1 X196.82 Y88.877 E3.78334
G1 X196.82 Y89.399 F21000
G1 F4800
G1 X124.18 Y16.759 E3.78334
G1 X124.18 Y17.281 F21000
G1 F4800
G1 X196.82 Y89.921 E3.78334
G1 X196.82 Y90.443 F21000
G1 F4800
G1 X124.18 Y17.803 E3.78334
G1 X124.18 Y18.325 F21000
G1 F4800
G1 X196.82 Y90.965 E3.78334
G1 X196.82 Y91.487 F21000
G1 F4800
G1 X124.18 Y18.847 E3.78334
G1 X124.18 Y19.369 F21000
G1 F4800
G1 X196.82 Y92.009 E3.78334
G1 X196.82 Y92.531 F21000
M73 Q66 S23
G1 F4800
G1 X124.18 Y19.891 E3.78334
G1 X124.18 Y20.413 F21000
G1 F4800
G1 X196.82 Y93.053 E3.78334
G1 X196.82 Y93.575 F21000
G1 F4800
G1 X124.18 Y20.935 E3.78334
G1 X124.18 Y21.457 F21000
G1 F4800
G1 X196.82 Y94.097 E3.78334
G1 X196.82 Y94.619 F21000
G1 F4800
G1 X124.18 Y21.979 E3.78334
G1 X124.18 Y22.501 F21000
G1 F4800
G1 X196.82 Y95.141 E3.78334
G1 X196.82 Y95.663 F21000
G1 F4800
G1 X124.18 Y23.022 E3.78337
G1 X124.18 Y23.544 F21000
G1 F4800
G1 X196.82 Y96.185 E3.78337
G1 X196.82 Y96.707 F21000
G1 F4800
G1 X124.18 Y24.066 E3.78337
G1 X124.18 Y24.588 F21000
G1 F4800
G1 X196.82 Y97.229 E3.78337
G1 X196.82 Y97.751 F21000
G1 F4800
G1 X124.18 Y25.11 E3.78337
G1 X124.18 Y25.632 F21000
G1 F4800
G1 X196.82 Y98.273 E3.78337
G1 X196.828 Y98.803 F21000
G1 F4800
G1 X124.18 Y26.154 E3.78378
G1 X124.18 Y26.676 F21000
G1 F4800
G1 X128.282 Y30.778 E.21365
G1 X127.702 Y30.72 F21000
G1 F4800
G1 X124.18 Y27.198 E.18344
G1 X124.18 Y27.72 F21000
G1 F4800
G1 X127.18 Y30.72 E.15625
G1 X126.658 Y30.72 F21000
G1 F4800
G1 X124.18 Y28.242 E.12906
G1 X124.18 Y28.764 F21000
G1 F4800
G1 X126.136 Y30.72 E.10188
G1 X125.691 Y30.797 F21000
G1 F4800
G1 X124.18 Y29.286 E.0787
G1 X124.18 Y29.808 F21000
G1 F4800
G1 X125.355 Y30.984 E.06122
G1 X125.114 Y31.265 F21000
G1 F4800
G1 X124.18 Y30.33 E.04867
G1 X124.18 Y30.852 F21000
G1 F4800
G1 X124.978 Y31.65 E.04156
G1 X124.92 Y32.114 F21000
G1 F4800
G1 X124.18 Y31.374 E.03854
G1 X124.18 Y31.896 F21000
G1 F4800
G1 X124.92 Y32.636 E.03854
G1 X124.92 Y33.158 F21000
G1 F4800
G1 X124.18 Y32.418 E.03854
G1 X124.18 Y32.94 F21000
G1 F4800
G1 X124.92 Y33.68 E.03854
G1 X124.92 Y34.202 F21000
G1 F4800
G1 X124.18 Y33.462 E.03854
G1 X124.18 Y33.984 F21000
G1 F4800
G1 X124.92 Y34.724 E.03854
G1 X124.92 Y35.246 F21000
G1 F4800
G1 X124.18 Y34.506 E.03854
G1 X124.18 Y35.028 F21000
G1 F4800
G1 X124.92 Y35.768 E.03854
G1 X124.92 Y36.29 F21000
G1 F4800
G1 X124.18 Y35.55 E.03854
G1 X124.18 Y36.072 F21000
G1 F4800
G1 X124.92 Y36.812 E.03854
G1 X124.92 Y37.334 F21000
G1 F4800
G1 X124.18 Y36.594 E.03854
G1 X124.18 Y37.116 F21000
G1 F4800
G1 X125.016 Y37.952 E.04354
G1 E-.16 F2700
;WIPE_START
G1 F16800
G1 X124.18 Y37.116 E-.18051
;WIPE_END
G1 E-.45949 F2700
G1 X129.021 Y31.517 Z1.289 F21000
G1 Z1.16 F720
G1 E.8 F1500
G1 F4800
G1 X231.82 Y134.317 E5.35415
G1 X231.82 Y134.839 F21000
G1 F4800
G1 X129.08 Y32.098 E5.35108
G1 X129.08 Y32.62 F21000
M73 P67 R22
G1 F4800
G1 X231.82 Y135.361 E5.35108
G1 X231.82 Y135.883 F21000
M73 P67 R21
M73 Q67 S23
G1 F4800
G1 X129.08 Y33.142 E5.35108
G1 X129.08 Y33.664 F21000
G1 F4800
G1 X231.82 Y136.405 E5.35108
G1 X231.82 Y136.927 F21000
G1 F4800
G1 X129.08 Y34.186 E5.35108
G1 X129.08 Y34.708 F21000
G1 F4800
G1 X231.82 Y137.449 E5.35108
G1 X231.82 Y137.97 F21000
G1 F4800
G1 X129.08 Y35.23 E5.35105
G1 X129.08 Y35.752 F21000
G1 F4800
G1 X231.82 Y138.492 E5.35105
G1 X231.82 Y139.014 F21000
G1 F4800
G1 X129.08 Y36.274 E5.35105
G1 X129.08 Y36.796 F21000
G1 F4800
G1 X231.82 Y139.536 E5.35105
G1 X231.82 Y140.058 F21000
G1 F4800
G1 X129.08 Y37.318 E5.35105
G1 X129.045 Y37.805 F21000
G1 F4800
G1 X231.82 Y140.58 E5.35287
G1 X231.82 Y141.102 F21000
G1 F4800
G1 X128.883 Y38.165 E5.36131
G1 X128.632 Y38.436 F21000
G1 F4800
G1 X231.82 Y141.624 E5.37439
G1 X231.82 Y142.146 F21000
G1 F4800
G1 X128.292 Y38.618 E5.39209
G1 X127.832 Y38.68 F21000
G1 F4800
G1 X231.82 Y142.668 E5.41605
G1 X231.82 Y143.19 F21000
G1 F4800
G1 X127.31 Y38.68 E5.44324
G1 X126.788 Y38.68 F21000
G1 F4800
G1 X231.82 Y143.712 E5.47043
G1 X231.82 Y144.234 F21000
G1 F4800
G1 X126.266 Y38.68 E5.49761
G1 X125.643 Y38.579 F21000
G1 F4800
G1 X231.82 Y144.756 E5.53006
G1 X231.82 Y145.278 F21000
G1 F4800
G1 X124.18 Y37.638 E5.60626
G1 X124.18 Y38.16 F21000
M73 Q67 S22
G1 F4800
G1 X231.82 Y145.8 E5.60626
G1 X231.82 Y146.322 F21000
G1 F4800
G1 X124.18 Y38.682 E5.60626
G1 X124.18 Y39.204 F21000
M73 P68 R21
G1 F4800
G1 X231.82 Y146.844 E5.60626
G1 X231.82 Y147.366 F21000
M73 Q68 S22
G1 F4800
G1 X124.18 Y39.726 E5.60626
G1 X124.18 Y40.248 F21000
G1 F4800
G1 X231.82 Y147.888 E5.60626
G1 X231.82 Y148.41 F21000
G1 F4800
G1 X124.18 Y40.77 E5.60626
G1 X124.18 Y41.292 F21000
G1 F4800
G1 X231.82 Y148.932 E5.60626
G1 X231.82 Y149.454 F21000
G1 F4800
G1 X124.18 Y41.814 E5.60626
G1 X124.18 Y42.336 F21000
G1 F4800
G1 X231.82 Y149.976 E5.60626
G1 X231.82 Y150.498 F21000
G1 F4800
G1 X124.18 Y42.858 E5.60626
G1 X124.18 Y43.38 F21000
G1 F4800
G1 X231.82 Y151.02 E5.60626
G1 X231.82 Y151.542 F21000
G1 F4800
G1 X124.18 Y43.902 E5.60626
G1 X124.18 Y44.424 F21000
G1 F4800
G1 X231.82 Y152.064 E5.60626
G1 X231.82 Y152.586 F21000
M73 P68 R20
G1 F4800
G1 X124.18 Y44.946 E5.60626
G1 X124.18 Y45.468 F21000
G1 F4800
G1 X231.82 Y153.108 E5.60626
G1 X231.41 Y153.22 F21000
G1 F4800
G1 X124.18 Y45.99 E5.58491
G1 X124.18 Y46.512 F21000
G1 F4800
G1 X230.888 Y153.22 E5.55772
G1 X230.366 Y153.22 F21000
G1 F4800
G1 X124.18 Y47.034 E5.53053
G1 X124.18 Y47.556 F21000
G1 F4800
G1 X229.844 Y153.22 E5.50334
G1 X229.322 Y153.22 F21000
G1 F4800
G1 X124.18 Y48.078 E5.47616
G1 X124.18 Y48.6 F21000
G1 F4800
G1 X228.8 Y153.22 E5.44897
G1 X228.278 Y153.22 F21000
G1 F4800
G1 X124.18 Y49.122 E5.42178
G1 X124.18 Y49.643 F21000
G1 F4800
G1 X227.757 Y153.22 E5.39465
G1 X227.235 Y153.22 F21000
M73 P69 R20
G1 F4800
G1 X124.18 Y50.165 E5.36746
G1 X124.18 Y50.687 F21000
G1 F4800
G1 X226.713 Y153.22 E5.34027
G1 X226.191 Y153.22 F21000
G1 F4800
G1 X124.18 Y51.209 E5.31308
G1 X124.18 Y51.731 F21000
M73 Q69 S22
G1 F4800
G1 X225.669 Y153.22 E5.2859
G1 X225.147 Y153.22 F21000
G1 F4800
G1 X124.18 Y52.253 E5.25871
G1 X124.18 Y52.775 F21000
G1 F4800
G1 X224.625 Y153.22 E5.23152
G1 X224.103 Y153.22 F21000
G1 F4800
G1 X124.18 Y53.297 E5.20433
G1 X124.18 Y53.819 F21000
G1 F4800
G1 X223.581 Y153.22 E5.17715
G1 X223.059 Y153.22 F21000
G1 F4800
G1 X124.18 Y54.341 E5.14996
G1 X124.18 Y54.863 F21000
M73 Q69 S21
G1 F4800
G1 X222.537 Y153.22 E5.12277
G1 X222.015 Y153.22 F21000
G1 F4800
G1 X124.18 Y55.385 E5.09558
G1 X124.18 Y55.907 F21000
G1 F4800
G1 X221.493 Y153.22 E5.06839
G1 X220.971 Y153.22 F21000
G1 F4800
G1 X124.18 Y56.429 E5.04121
G1 X124.18 Y56.951 F21000
G1 F4800
G1 X220.449 Y153.22 E5.01402
G1 X219.927 Y153.22 F21000
G1 F4800
G1 X124.18 Y57.473 E4.98683
G1 X124.18 Y57.995 F21000
G1 F4800
G1 X219.405 Y153.22 E4.95964
G1 X218.883 Y153.22 F21000
G1 F4800
G1 X124.18 Y58.517 E4.93246
G1 X124.18 Y59.039 F21000
G1 F4800
G1 X218.361 Y153.22 E4.90527
G1 X217.839 Y153.22 F21000
G1 F4800
G1 X124.18 Y59.561 E4.87808
G1 X124.18 Y60.083 F21000
G1 F4800
G1 X217.317 Y153.22 E4.85089
G1 X216.795 Y153.22 F21000
G1 F4800
G1 X124.18 Y60.605 E4.82371
G1 X124.18 Y61.127 F21000
G1 F4800
G1 X216.273 Y153.22 E4.79652
G1 X215.751 Y153.22 F21000
M73 P70 R20
G1 F4800
G1 X124.18 Y61.649 E4.76933
G1 X124.18 Y62.171 F21000
M73 P70 R19
G1 F4800
G1 X215.229 Y153.22 E4.74214
G1 X214.707 Y153.22 F21000
G1 F4800
G1 X124.18 Y62.693 E4.71496
G1 X124.18 Y63.215 F21000
G1 F4800
G1 X214.185 Y153.22 E4.68777
G1 X213.663 Y153.22 F21000
G1 F4800
G1 X124.18 Y63.737 E4.66058
G1 X124.18 Y64.259 F21000
M73 Q70 S21
G1 F4800
G1 X213.141 Y153.22 E4.63339
G1 X212.619 Y153.22 F21000
G1 F4800
G1 X124.18 Y64.781 E4.60621
G1 X124.18 Y65.303 F21000
G1 F4800
G1 X212.097 Y153.22 E4.57902
G1 X211.575 Y153.22 F21000
G1 F4800
G1 X124.18 Y65.825 E4.55183
G1 X124.18 Y66.347 F21000
G1 F4800
G1 X211.053 Y153.22 E4.52464
G1 X210.531 Y153.22 F21000
G1 F4800
G1 X124.18 Y66.869 E4.49746
G1 X124.18 Y67.391 F21000
G1 F4800
G1 X210.009 Y153.22 E4.47027
G1 X209.487 Y153.22 F21000
G1 F4800
G1 X124.18 Y67.913 E4.44308
G1 X124.18 Y68.435 F21000
G1 F4800
G1 X208.965 Y153.22 E4.41589
G1 X208.443 Y153.22 F21000
G1 F4800
G1 X124.18 Y68.957 E4.38871
G1 X124.18 Y69.479 F21000
G1 F4800
G1 X207.921 Y153.22 E4.36152
G1 X207.399 Y153.22 F21000
G1 F4800
G1 X124.18 Y70.001 E4.33433
G1 X124.18 Y70.523 F21000
G1 F4800
G1 X206.877 Y153.22 E4.30714
G1 X206.355 Y153.22 F21000
G1 F4800
G1 X124.18 Y71.045 E4.27996
G1 X124.18 Y71.567 F21000
G1 F4800
G1 X205.833 Y153.22 E4.25277
G1 X205.311 Y153.22 F21000
G1 F4800
G1 X124.18 Y72.089 E4.22558
G1 X124.18 Y72.611 F21000
G1 F4800
G1 X204.789 Y153.22 E4.19839
G1 X204.267 Y153.22 F21000
G1 F4800
G1 X124.18 Y73.133 E4.17121
G1 X124.18 Y73.655 F21000
G1 F4800
G1 X203.745 Y153.22 E4.14402
G1 X203.223 Y153.22 F21000
M73 Q70 S20
G1 F4800
G1 X124.18 Y74.177 E4.11683
G1 X124.18 Y74.699 F21000
G1 F4800
G1 X202.701 Y153.22 E4.08964
G1 X202.179 Y153.22 F21000
G1 F4800
G1 X124.18 Y75.221 E4.06246
G1 X124.18 Y75.743 F21000
M73 P71 R19
G1 F4800
G1 X201.657 Y153.22 E4.03527
G1 X201.135 Y153.22 F21000
G1 F4800
G1 X124.18 Y76.265 E4.00808
G1 X124.18 Y76.786 F21000
G1 F4800
G1 X200.614 Y153.22 E3.98094
G1 X200.092 Y153.22 F21000
G1 F4800
G1 X124.18 Y77.308 E3.95376
G1 X124.18 Y77.83 F21000
G1 F4800
G1 X199.57 Y153.22 E3.92657
G1 X199.048 Y153.22 F21000
G1 F4800
G1 X124.18 Y78.352 E3.89938
G1 X124.18 Y78.874 F21000
G1 F4800
G1 X198.526 Y153.22 E3.87219
G1 X198.004 Y153.22 F21000
M73 Q71 S20
G1 F4800
G1 X124.18 Y79.396 E3.84501
G1 X124.18 Y79.918 F21000
G1 F4800
G1 X197.482 Y153.22 E3.81782
G1 X196.96 Y153.22 F21000
G1 F4800
G1 X124.18 Y80.44 E3.79063
G1 X124.18 Y80.962 F21000
G1 F4800
G1 X196.438 Y153.22 E3.76344
G1 X195.916 Y153.22 F21000
G1 F4800
G1 X124.18 Y81.484 E3.73626
G1 X124.18 Y82.006 F21000
G1 F4800
G1 X195.394 Y153.22 E3.70907
G1 X194.872 Y153.22 F21000
G1 F4800
G1 X124.18 Y82.528 E3.68188
G1 X124.18 Y83.05 F21000
G1 F4800
G1 X194.35 Y153.22 E3.65469
G1 X193.828 Y153.22 F21000
G1 F4800
G1 X124.18 Y83.572 E3.62751
G1 X124.18 Y84.094 F21000
M73 P71 R18
G1 F4800
G1 X193.306 Y153.22 E3.60032
G1 X192.784 Y153.22 F21000
G1 F4800
G1 X124.18 Y84.616 E3.57313
G1 X124.18 Y85.138 F21000
G1 F4800
G1 X192.262 Y153.22 E3.54594
G1 X191.74 Y153.22 F21000
G1 F4800
G1 X124.18 Y85.66 E3.51876
G1 X124.18 Y86.182 F21000
G1 F4800
G1 X191.218 Y153.22 E3.49157
G1 X190.696 Y153.22 F21000
G1 F4800
G1 X124.18 Y86.704 E3.46438
G1 X124.18 Y87.226 F21000
G1 F4800
G1 X190.174 Y153.22 E3.43719
G1 X189.652 Y153.22 F21000
G1 F4800
G1 X124.18 Y87.748 E3.41001
G1 X124.18 Y88.27 F21000
G1 F4800
G1 X189.13 Y153.22 E3.38282
G1 X188.608 Y153.22 F21000
G1 F4800
G1 X124.18 Y88.792 E3.35563
G1 X124.18 Y89.314 F21000
G1 F4800
G1 X188.086 Y153.22 E3.32844
G1 X187.564 Y153.22 F21000
G1 F4800
G1 X124.18 Y89.836 E3.30126
G1 X124.18 Y90.358 F21000
G1 F4800
G1 X187.042 Y153.22 E3.27407
G1 X186.52 Y153.22 F21000
G1 F4800
G1 X124.18 Y90.88 E3.24688
G1 X124.18 Y91.402 F21000
G1 F4800
G1 X185.998 Y153.22 E3.21969
G1 X185.476 Y153.22 F21000
M73 P72 R18
G1 F4800
G1 X124.18 Y91.924 E3.19251
G1 X124.18 Y92.446 F21000
G1 F4800
G1 X184.954 Y153.22 E3.16532
G1 X184.432 Y153.22 F21000
G1 F4800
G1 X124.18 Y92.968 E3.13813
G1 X124.18 Y93.49 F21000
G1 F4800
G1 X183.91 Y153.22 E3.11094
G1 X183.388 Y153.22 F21000
G1 F4800
G1 X124.18 Y94.012 E3.08376
G1 X124.18 Y94.534 F21000
G1 F4800
G1 X182.866 Y153.22 E3.05657
G1 X182.344 Y153.22 F21000
G1 F4800
G1 X124.18 Y95.056 E3.02938
G1 X124.18 Y95.578 F21000
G1 F4800
G1 X181.822 Y153.22 E3.00219
G1 X181.3 Y153.22 F21000
G1 F4800
G1 X124.18 Y96.1 E2.97501
G1 X124.18 Y96.622 F21000
G1 F4800
G1 X180.778 Y153.22 E2.94782
G1 X180.256 Y153.22 F21000
G1 F4800
G1 X124.18 Y97.144 E2.92063
G1 X124.18 Y97.666 F21000
G1 F4800
G1 X179.734 Y153.22 E2.89344
G1 X179.212 Y153.22 F21000
M73 Q72 S20
G1 F4800
G1 X124.18 Y98.188 E2.86626
G1 X124.18 Y98.71 F21000
G1 F4800
G1 X178.69 Y153.22 E2.83907
G1 X178.168 Y153.22 F21000
M73 Q72 S19
G1 F4800
G1 X124.18 Y99.232 E2.81188
G1 X124.18 Y99.754 F21000
G1 F4800
G1 X177.646 Y153.22 E2.78469
G1 X177.124 Y153.22 F21000
G1 F4800
G1 X124.18 Y100.276 E2.75751
G1 X124.18 Y100.798 F21000
G1 F4800
G1 X176.602 Y153.22 E2.73032
G1 X176.08 Y153.22 F21000
G1 F4800
G1 X124.18 Y101.32 E2.70313
G1 X124.18 Y101.842 F21000
G1 F4800
G1 X175.558 Y153.22 E2.67594
G1 X175.036 Y153.22 F21000
G1 F4800
G1 X124.18 Y102.364 E2.64875
G1 X124.18 Y102.886 F21000
G1 F4800
G1 X174.514 Y153.22 E2.62157
G1 X173.993 Y153.22 F21000
G1 F4800
G1 X124.18 Y103.407 E2.59443
G1 X124.18 Y103.929 F21000
G1 F4800
G1 X173.471 Y153.22 E2.56724
G1 X172.949 Y153.22 F21000
G1 F4800
G1 X124.18 Y104.451 E2.54006
G1 X124.18 Y104.973 F21000
G1 F4800
G1 X172.427 Y153.22 E2.51287
G1 X171.905 Y153.22 F21000
G1 F4800
G1 X124.18 Y105.495 E2.48568
G1 X124.18 Y106.017 F21000
G1 F4800
G1 X171.383 Y153.22 E2.45849
G1 X170.861 Y153.22 F21000
G1 F4800
G1 X124.18 Y106.539 E2.43131
G1 X124.18 Y107.061 F21000
G1 F4800
G1 X170.339 Y153.22 E2.40412
G1 X169.817 Y153.22 F21000
G1 F4800
G1 X124.18 Y107.583 E2.37693
G1 X124.18 Y108.105 F21000
G1 F4800
G1 X169.295 Y153.22 E2.34974
G1 X168.773 Y153.22 F21000
G1 F4800
G1 X124.18 Y108.627 E2.32256
G1 X124.18 Y109.149 F21000
G1 F4800
G1 X168.251 Y153.22 E2.29537
G1 X167.729 Y153.22 F21000
G1 F4800
G1 X124.18 Y109.671 E2.26818
G1 X124.18 Y110.193 F21000
G1 F4800
G1 X167.207 Y153.22 E2.24099
G1 X166.685 Y153.22 F21000
G1 F4800
G1 X124.18 Y110.715 E2.21381
G1 X124.18 Y111.237 F21000
G1 F4800
G1 X166.163 Y153.22 E2.18662
G1 X165.641 Y153.22 F21000
G1 F4800
G1 X124.18 Y111.759 E2.15943
G1 X124.18 Y112.281 F21000
G1 F4800
G1 X165.119 Y153.22 E2.13224
G1 X164.597 Y153.22 F21000
G1 F4800
G1 X124.18 Y112.803 E2.10506
G1 X124.18 Y113.325 F21000
G1 F4800
G1 X164.075 Y153.22 E2.07787
G1 X163.553 Y153.22 F21000
G1 F4800
G1 X124.18 Y113.847 E2.05068
G1 X124.18 Y114.369 F21000
G1 F4800
G1 X163.031 Y153.22 E2.02349
G1 X162.509 Y153.22 F21000
G1 F4800
G1 X124.18 Y114.891 E1.99631
G1 X124.18 Y115.413 F21000
M73 P73 R18
G1 F4800
G1 X161.987 Y153.22 E1.96912
G1 X161.465 Y153.22 F21000
M73 P73 R17
G1 F4800
G1 X124.18 Y115.935 E1.94193
G1 X124.18 Y116.457 F21000
G1 F4800
G1 X160.943 Y153.22 E1.91474
G1 X160.421 Y153.22 F21000
G1 F4800
G1 X129.08 Y121.879 E1.63235
G1 X129.08 Y122.401 F21000
G1 F4800
G1 X159.899 Y153.22 E1.60516
G1 X159.377 Y153.22 F21000
G1 F4800
G1 X129.08 Y122.923 E1.57797
G1 X129.08 Y123.445 F21000
G1 F4800
G1 X158.855 Y153.22 E1.55078
G1 X158.333 Y153.22 F21000
G1 F4800
G1 X129.08 Y123.967 E1.5236
G1 X129.08 Y124.489 F21000
G1 F4800
G1 X157.811 Y153.22 E1.49641
G1 X157.289 Y153.22 F21000
G1 F4800
G1 X129.08 Y125.011 E1.46922
G1 X129.08 Y125.533 F21000
G1 F4800
G1 X156.767 Y153.22 E1.44203
G1 X156.245 Y153.22 F21000
G1 F4800
G1 X129.08 Y126.055 E1.41485
G1 X129.08 Y126.577 F21000
G1 F4800
G1 X155.723 Y153.22 E1.38766
G1 X155.201 Y153.22 F21000
G1 F4800
G1 X129.08 Y127.099 E1.36047
G1 X129.074 Y127.615 F21000
G1 F4800
G1 X154.679 Y153.22 E1.3336
G1 X154.157 Y153.22 F21000
G1 F4800
G1 X128.964 Y128.027 E1.31214
G1 X128.747 Y128.332 F21000
G1 F4800
G1 X153.635 Y153.22 E1.29625
G1 X153.113 Y153.22 F21000
G1 F4800
G1 X128.445 Y128.552 E1.28479
G1 X128.042 Y128.671 F21000
G1 F4800
G1 X152.591 Y153.22 E1.2786
G1 X152.069 Y153.22 F21000
G1 F4800
G1 X127.529 Y128.68 E1.27813
G1 X127.007 Y128.68 F21000
G1 F4800
G1 X151.547 Y153.22 E1.27813
G1 X151.025 Y153.22 F21000
G1 F4800
G1 X126.485 Y128.68 E1.27813
G1 X125.944 Y128.661 F21000
G1 F4800
G1 X150.503 Y153.22 E1.27912
G1 E-.16 F2700
;WIPE_START
G1 F16800
G1 X147.539 Y150.256 E-.64
;WIPE_END
G1 X131.478 Y126.076 Z1.667 F21000
G1 X130.295 Y124.294 Z1.7
G1 X129.112 Y122.513 Z1.726
G1 X127.929 Y120.732 Z1.745
G1 X127.921 Y120.72
G1 Z1.16 F720
G1 E.8 F1500
G1 F4800
G1 X124.18 Y116.979 E.19484
G1 X124.18 Y117.501 F21000
G1 F4800
G1 X127.399 Y120.72 E.16766
G1 X126.877 Y120.72 F21000
G1 F4800
G1 X124.18 Y118.023 E.14047
G1 X124.18 Y118.545 F21000
G1 F4800
G1 X126.355 Y120.72 E.11328
G1 X125.864 Y120.751 F21000
G1 F4800
G1 X124.18 Y119.067 E.08771
G1 X124.18 Y119.589 F21000
G1 F4800
G1 X125.489 Y120.898 E.06818
G1 X125.215 Y121.146 F21000
G1 F4800
G1 X124.18 Y120.111 E.05391
G1 X124.18 Y120.633 F21000
G1 F4800
G1 X125.021 Y121.474 E.0438
G1 X124.92 Y121.895 F21000
G1 F4800
M73 Q73 S19
G1 X124.18 Y121.155 E.03854
G1 X124.18 Y121.677 F21000
G1 F4800
G1 X124.92 Y122.417 E.03854
G1 X124.92 Y122.939 F21000
G1 F4800
G1 X124.18 Y122.199 E.03854
G1 X124.18 Y122.721 F21000
G1 F4800
G1 X124.92 Y123.461 E.03854
G1 X124.92 Y123.983 F21000
G1 F4800
G1 X124.18 Y123.243 E.03854
G1 X124.18 Y123.765 F21000
G1 F4800
G1 X124.92 Y124.505 E.03854
G1 X124.92 Y125.027 F21000
G1 F4800
G1 X124.18 Y124.287 E.03854
G1 X124.18 Y124.809 F21000
G1 F4800
G1 X124.92 Y125.549 E.03854
G1 X124.92 Y126.071 F21000
G1 F4800
G1 X124.18 Y125.331 E.03854
G1 X124.18 Y125.853 F21000
G1 F4800
G1 X124.92 Y126.593 E.03854
G1 X124.92 Y127.115 F21000
G1 F4800
G1 X124.18 Y126.375 E.03854
G1 X124.18 Y126.897 F21000
G1 F4800
G1 X124.931 Y127.648 E.03911
G1 X124.18 Y127.419 F21000
G1 F4800
G1 X149.981 Y153.22 E1.3438
G1 X149.459 Y153.22 F21000
G1 F4800
G1 X124.18 Y127.941 E1.31662
G1 X124.18 Y128.463 F21000
G1 F4800
G1 X148.937 Y153.22 E1.28943
G1 X148.415 Y153.22 F21000
G1 F4800
G1 X124.18 Y128.985 E1.26224
G1 X124.18 Y129.507 F21000
G1 F4800
G1 X147.893 Y153.22 E1.23505
G1 X147.371 Y153.22 F21000
G1 F4800
G1 X124.18 Y130.029 E1.20787
G1 X124.18 Y130.55 F21000
G1 F4800
G1 X146.85 Y153.22 E1.18073
G1 X146.328 Y153.22 F21000
G1 F4800
G1 X124.18 Y131.072 E1.15354
G1 X124.18 Y131.594 F21000
G1 F4800
G1 X145.806 Y153.22 E1.12636
G1 X145.284 Y153.22 F21000
G1 F4800
G1 X124.18 Y132.116 E1.09917
G1 X124.18 Y132.638 F21000
G1 F4800
G1 X144.762 Y153.22 E1.07198
G1 X144.24 Y153.22 F21000
G1 F4800
G1 X124.18 Y133.16 E1.04479
G1 X124.18 Y133.682 F21000
G1 F4800
G1 X143.718 Y153.22 E1.01761
G1 X143.196 Y153.22 F21000
G1 F4800
G1 X124.18 Y134.204 E.99042
G1 X124.18 Y134.726 F21000
G1 F4800
G1 X142.674 Y153.22 E.96323
G1 X142.152 Y153.22 F21000
G1 F4800
G1 X124.18 Y135.248 E.93604
G1 X124.18 Y135.77 F21000
G1 F4800
G1 X141.63 Y153.22 E.90886
G1 X141.108 Y153.22 F21000
G1 F4800
G1 X124.18 Y136.292 E.88167
G1 X124.18 Y136.814 F21000
G1 F4800
G1 X140.586 Y153.22 E.85448
G1 X140.064 Y153.22 F21000
G1 F4800
G1 X124.18 Y137.336 E.82729
G1 X124.18 Y137.858 F21000
G1 F4800
G1 X139.542 Y153.22 E.80011
G1 X139.02 Y153.22 F21000
G1 F4800
G1 X124.18 Y138.38 E.77292
G1 X124.18 Y138.902 F21000
G1 F4800
G1 X138.498 Y153.22 E.74573
G1 X137.976 Y153.22 F21000
G1 F4800
G1 X124.18 Y139.424 E.71854
G1 X124.18 Y139.946 F21000
G1 F4800
G1 X137.454 Y153.22 E.69136
G1 X136.932 Y153.22 F21000
G1 F4800
G1 X124.18 Y140.468 E.66417
G1 X124.18 Y140.99 F21000
G1 F4800
G1 X136.41 Y153.22 E.63698
G1 X135.888 Y153.22 F21000
G1 F4800
G1 X124.18 Y141.512 E.60979
G1 X124.18 Y142.034 F21000
G1 F4800
G1 X135.366 Y153.22 E.58261
G1 X134.844 Y153.22 F21000
G1 F4800
G1 X124.18 Y142.556 E.55542
G1 X124.18 Y143.078 F21000
G1 F4800
G1 X134.322 Y153.22 E.52823
G1 X133.8 Y153.22 F21000
G1 F4800
G1 X124.18 Y143.6 E.50104
G1 X124.18 Y144.122 F21000
G1 F4800
G1 X133.278 Y153.22 E.47386
G1 X132.756 Y153.22 F21000
G1 F4800
G1 X124.18 Y144.644 E.44667
G1 X124.18 Y145.166 F21000
G1 F4800
G1 X132.234 Y153.22 E.41948
G1 X131.712 Y153.22 F21000
G1 F4800
G1 X124.18 Y145.688 E.39229
G1 X124.18 Y146.21 F21000
G1 F4800
G1 X131.19 Y153.22 E.3651
G1 X130.668 Y153.22 F21000
G1 F4800
G1 X124.18 Y146.732 E.33792
G1 X124.18 Y147.254 F21000
G1 F4800
G1 X130.146 Y153.22 E.31073
G1 X129.624 Y153.22 F21000
G1 F4800
G1 X124.18 Y147.776 E.28354
G1 X124.18 Y148.298 F21000
G1 F4800
G1 X129.102 Y153.22 E.25635
G1 X128.58 Y153.22 F21000
G1 F4800
G1 X124.18 Y148.82 E.22917
G1 X124.18 Y149.342 F21000
G1 F4800
G1 X128.058 Y153.22 E.20198
G1 X127.536 Y153.22 F21000
G1 F4800
G1 X124.18 Y149.864 E.17479
G1 X124.18 Y150.386 F21000
G1 F4800
G1 X127.014 Y153.22 E.1476
G1 X126.492 Y153.22 F21000
G1 F4800
G1 X124.18 Y150.908 E.12042
G1 X124.18 Y151.43 F21000
G1 F4800
G1 X125.97 Y153.22 E.09323
G1 X125.448 Y153.22 F21000
G1 F4800
G1 X124.18 Y151.952 E.06604
G1 X124.18 Y152.474 F21000
G1 F4800
G1 X124.926 Y153.22 E.03885
G1 E-.16 F2700
;WIPE_START
G1 F16800
G1 X124.18 Y152.474 E-.16108
;WIPE_END
G1 E-.47892 F2700
G1 X96.14 Y144.962 Z1.667 F21000
G1 X94.075 Y144.409 Z1.7
G1 X92.01 Y143.856 Z1.726
G1 X89.944 Y143.303 Z1.745
G1 X85.813 Y142.196 Z1.76
G1 X7.384 Y121.185
G1 Z1.16 F720
G1 E.8 F1500
;TYPE:Perimeter
;WIDTH:0.449999
G1 F3000
G1 X7.477 Y121.077 E.00567
G1 X7.795 Y120.918 E.01414
G1 X8.074 Y120.878 E.01121
G1 X9.926 Y120.878 E.07364
G1 X10.304 Y120.952 E.01532
G1 X10.607 Y121.148 E.01435
G1 X10.831 Y121.458 E.01521
G1 X10.922 Y121.83 E.01523
G1 X10.922 Y127.526 E.22648
G1 X10.849 Y127.9 E.01515
G1 X10.668 Y128.19 E.01359
G1 X10.368 Y128.418 E.01498
G1 X10.034 Y128.522 E.01391
G1 X8.074 Y128.522 E.07793
G1 X7.795 Y128.482 E.01121
G1 X7.477 Y128.323 E.01414
G1 X7.195 Y127.995 E.0172
G1 X7.078 Y127.654 E.01433
G1 X7.078 Y121.874 E.22982
G1 X7.195 Y121.405 E.01922
G1 X7.345 Y121.231 E.00913
G1 X7.66 Y121.461 F21000
G1 F3000
G1 X7.716 Y121.396 E.00341
G1 X7.955 Y121.277 E.01062
G1 X9.926 Y121.277 E.07837
G1 X10.204 Y121.345 E.01138
G1 X10.422 Y121.542 E.01168
G1 X10.523 Y121.825 E.01195
G1 X10.523 Y127.526 E.22668
G1 X10.453 Y127.808 E.01155
G1 X10.371 Y127.924 E.00565
G1 X10.141 Y128.083 E.01112
G1 X9.926 Y128.123 E.0087
G1 X8.074 Y128.123 E.07364
G1 X7.907 Y128.1 E.0067
G1 X7.716 Y128.004 E.0085
G1 X7.547 Y127.807 E.01032
G1 X7.477 Y127.526 E.01151
G1 X7.477 Y121.874 E.22473
G1 X7.547 Y121.593 E.01151
G1 X7.621 Y121.507 E.00451
M204 T250
G1 X7.94 Y121.745 F21000
M204 T7000
;TYPE:External perimeter
G1 F3000
G1 X7.955 Y121.715 E.00133
G1 X8.074 Y121.675 E.00499
G1 X9.926 Y121.675 E.07364
G1 X10.075 Y121.742 E.0065
G1 X10.125 Y121.874 E.00561
G1 F2999.998
G1 X10.125 Y127.526 E.22473
G1 F3000
G1 X10.074 Y127.659 E.00566
G1 X9.926 Y127.725 E.00644
G1 X8.074 Y127.725 E.07364
G1 X7.955 Y127.685 E.00499
G1 X7.875 Y127.526 E.00708
G1 F2999.998
G1 X7.875 Y121.874 E.22473
G1 F3000
G1 X7.913 Y121.798 E.00338
G1 E-.16 F2700
;WIPE_START
G1 F16800
G1 X7.94 Y121.745 E-.00908
G1 X7.955 Y121.715 E-.00512
G1 X8.074 Y121.675 E-.01917
G1 X9.926 Y121.675 E-.28276
G1 X10.075 Y121.742 E-.02494
G1 X10.125 Y121.874 E-.02155
G1 X10.125 Y123.691 E-.27738
;WIPE_END
G1 X9.195 Y94.678 Z1.667 F21000
G1 X9.126 Y92.54 Z1.7
G1 X9.058 Y90.403 Z1.726
G1 X8.989 Y88.266 Z1.745
G1 X8.852 Y83.992 Z1.76
G1 X7.384 Y38.215
G1 Z1.16 F720
G1 E.8 F1500
;TYPE:Perimeter
G1 F3000
G1 X7.195 Y37.995 E.01153
G1 X7.078 Y37.654 E.01433
G1 X7.078 Y31.874 E.22982
G1 X7.195 Y31.405 E.01922
G1 X7.477 Y31.077 E.0172
G1 X7.795 Y30.918 E.01414
G1 X8.074 Y30.878 E.01121
G1 X9.926 Y30.878 E.07364
G1 X10.304 Y30.953 E.01532
G1 X10.608 Y31.148 E.01436
G1 X10.829 Y31.454 E.01501
G1 X10.922 Y31.82 E.01502
G1 X10.922 Y37.526 E.22688
G1 X10.854 Y37.887 E.01461
G1 X10.666 Y38.193 E.01428
G1 X10.382 Y38.411 E.01424
G1 X10.039 Y38.522 E.01433
G1 X8.074 Y38.522 E.07813
G1 X7.795 Y38.482 E.01121
G1 X7.477 Y38.323 E.01414
G1 X7.423 Y38.261 E.00327
G1 X7.66 Y37.939 F21000
G1 F3000
G1 X7.547 Y37.807 E.00691
G1 X7.477 Y37.526 E.01151
G1 X7.477 Y31.874 E.22473
G1 X7.547 Y31.593 E.01151
G1 X7.716 Y31.396 E.01032
G1 X7.955 Y31.277 E.01062
G1 X9.926 Y31.277 E.07837
G1 X10.204 Y31.345 E.01138
G1 X10.413 Y31.528 E.01105
G1 X10.523 Y31.81 E.01204
G1 X10.523 Y37.526 E.22728
G1 X10.455 Y37.804 E.01138
G1 X10.277 Y38.009 E.0108
G1 X9.998 Y38.123 E.01198
G1 X8.074 Y38.123 E.0765
G1 X7.907 Y38.1 E.0067
G1 X7.716 Y38.004 E.0085
G1 X7.699 Y37.985 E.00101
M204 T250
G1 X7.94 Y37.655 F21000
M204 T7000
;TYPE:External perimeter
G1 F3000
G1 X7.875 Y37.526 E.00574
G1 F2999.998
G1 X7.875 Y31.874 E.22473
G1 F3000
G1 X7.955 Y31.715 E.00708
G1 X8.074 Y31.675 E.00499
G1 X9.926 Y31.675 E.07364
G1 X10.076 Y31.744 E.00657
G1 X10.125 Y31.874 E.00552
G1 F2999.998
G1 X10.125 Y37.526 E.22473
G1 F3000
M73 Q73 S18
G1 X10.061 Y37.672 E.00634
G1 X9.926 Y37.725 E.00577
G1 X8.074 Y37.725 E.07364
G1 X7.98 Y37.694 E.00394
G1 E-.16 F2700
;WIPE_START
G1 F16800
G1 X7.94 Y37.655 E-.00853
G1 X7.875 Y37.526 E-.02205
G1 X7.875 Y33.535 E-.60942
;WIPE_END
G1 X33.285 Y47.569 Z1.667 F21000
G1 X35.157 Y48.603 Z1.7
G1 X37.029 Y49.637 Z1.726
G1 X38.9 Y50.671 Z1.745
G1 X42.644 Y52.738 Z1.76
G1 X79.275 Y72.97
G1 Z1.16 F720
G1 E.8 F1500
;TYPE:Perimeter
G1 F4200
G1 X79.256 Y72.984 E.00094
G1 X79.052 Y73.299 E.01492
G1 X78.978 Y73.674 E.0152
G1 X78.978 Y153.378 E3.16919
G1 X18.022 Y153.378 E2.42373
G1 X18.022 Y148.276 E.20287
G1 X17.907 Y147.91 E.01525
G1 X17.698 Y147.639 E.01361
G1 X17.397 Y147.45 E.01413
G1 X17.026 Y147.378 E.01503
G1 X6.022 Y147.378 E.43754
G1 X6.022 Y6.022 E5.6206
G1 X113.978 Y6.022 E4.29255
G1 X113.978 Y72.678 E2.65038
G1 X79.928 Y72.679 E1.3539
G1 X79.558 Y72.769 E.01514
G1 X79.324 Y72.935 E.01141
G1 X79.563 Y73.263 F21000
G1 F4200
G1 X79.446 Y73.395 E.00701
G1 X79.377 Y73.674 E.01143
G1 X79.377 Y153.777 E3.18505
G1 X17.623 Y153.777 E2.45546
G1 X17.623 Y148.313 E.21726
G1 X17.516 Y148.032 E.01196
G1 X17.31 Y147.849 E.01096
G1 X17.026 Y147.777 E.01165
G1 X5.623 Y147.777 E.45341
G1 X5.623 Y5.623 E5.65233
M73 P74 R17
G1 X114.377 Y5.623 E4.32428
G1 X114.377 Y73.077 E2.68211
G1 X79.906 Y73.08 E1.37064
G1 X79.635 Y73.182 E.01151
G1 X79.603 Y73.219 E.00195
M204 T250
G1 X79.836 Y73.542 F21000
M204 T7000
;TYPE:External perimeter
G1 F3000
G1 X79.775 Y73.674 E.00578
G1 F2999.998
G1 X79.775 Y154.175 E3.20088
G1 X17.225 Y154.175 E2.48711
G1 X17.225 Y148.374 E.23066
G1 F3000
G1 X17.177 Y148.244 E.00551
G1 X17.026 Y148.175 E.0066
G1 F2999.998
G1 X5.225 Y148.175 E.46923
G1 X5.225 Y5.225 E5.68398
G1 X114.775 Y5.225 E4.35593
G1 X114.775 Y73.475 E2.71376
M73 Q74 S18
G1 X79.974 Y73.475 E1.38376
G1 F3000
G1 X79.881 Y73.509 E.00394
G1 E-.16 F2700
;WIPE_START
G1 F16800
G1 X79.836 Y73.542 E-.00852
G1 X79.775 Y73.674 E-.0222
G1 X79.775 Y77.665 E-.60928
;WIPE_END
G1 X92.364 Y51.508 Z1.667 F21000
G1 X93.291 Y49.582 Z1.7
G1 X94.218 Y47.655 Z1.726
G1 X95.145 Y45.728 Z1.745
G1 X97 Y41.875 Z1.76
G1 X113.82 Y6.925
G1 Z1.16 F720
G1 E.8 F1500
;TYPE:Top solid infill
;WIDTH:0.420258
G1 F4800
G1 X113.075 Y6.18 E.03877
G1 X112.553 Y6.18 F21000
G1 F4800
G1 X113.82 Y7.447 E.06593
G1 X113.82 Y7.968 F21000
G1 F4800
G1 X112.032 Y6.18 E.09304
G1 X111.51 Y6.18 F21000
G1 F4800
G1 X113.82 Y8.49 E.1202
G1 X113.82 Y9.011 F21000
G1 F4800
G1 X110.989 Y6.18 E.14731
G1 X110.467 Y6.18 F21000
G1 F4800
G1 X113.82 Y9.533 E.17447
G1 X113.82 Y10.054 F21000
G1 F4800
G1 X109.946 Y6.18 E.20158
G1 X109.424 Y6.18 F21000
G1 F4800
G1 X113.82 Y10.576 E.22875
G1 X113.82 Y11.097 F21000
G1 F4800
G1 X108.903 Y6.18 E.25586
G1 X108.381 Y6.18 F21000
G1 F4800
G1 X113.82 Y11.619 E.28302
G1 X113.82 Y12.14 F21000
G1 F4800
G1 X107.86 Y6.18 E.31013
G1 X107.338 Y6.18 F21000
G1 F4800
G1 X113.82 Y12.662 E.33729
G1 X113.82 Y13.183 F21000
G1 F4800
G1 X106.817 Y6.18 E.3644
G1 X106.295 Y6.18 F21000
G1 F4800
G1 X113.82 Y13.705 E.39156
G1 X113.82 Y14.226 F21000
G1 F4800
G1 X105.774 Y6.18 E.41867
G1 X105.252 Y6.18 F21000
G1 F4800
G1 X113.82 Y14.748 E.44584
G1 X113.82 Y15.269 F21000
G1 F4800
G1 X104.731 Y6.18 E.47295
G1 X104.209 Y6.18 F21000
G1 F4800
G1 X113.82 Y15.791 E.50011
G1 X113.82 Y16.312 F21000
G1 F4800
G1 X103.688 Y6.18 E.52722
G1 X103.166 Y6.18 F21000
G1 F4800
G1 X113.82 Y16.834 E.55438
G1 X113.82 Y17.355 F21000
G1 F4800
G1 X102.645 Y6.18 E.58149
G1 X102.123 Y6.18 F21000
G1 F4800
G1 X113.82 Y17.877 E.60866
G1 X113.82 Y18.398 F21000
G1 F4800
G1 X101.602 Y6.18 E.63577
G1 X101.08 Y6.18 F21000
G1 F4800
G1 X113.82 Y18.92 E.66293
G1 X113.82 Y19.441 F21000
G1 F4800
G1 X100.559 Y6.18 E.69004
G1 X100.037 Y6.18 F21000
G1 F4800
G1 X113.82 Y19.963 E.7172
G1 X113.82 Y20.484 F21000
G1 F4800
G1 X99.516 Y6.18 E.74431
G1 X98.994 Y6.18 F21000
G1 F4800
G1 X113.82 Y21.006 E.77147
G1 X113.82 Y21.527 F21000
G1 F4800
G1 X98.473 Y6.18 E.79858
G1 X97.951 Y6.18 F21000
G1 F4800
G1 X113.82 Y22.049 E.82575
G1 X113.82 Y22.57 F21000
G1 F4800
G1 X97.43 Y6.18 E.85286
G1 X96.908 Y6.18 F21000
M73 P74 R16
G1 F4800
G1 X113.82 Y23.092 E.88002
G1 X113.82 Y23.613 F21000
G1 F4800
G1 X96.387 Y6.18 E.90713
G1 X95.865 Y6.18 F21000
G1 F4800
G1 X113.82 Y24.135 E.93429
G1 X113.82 Y24.656 F21000
G1 F4800
G1 X95.344 Y6.18 E.9614
G1 X94.822 Y6.18 F21000
G1 F4800
G1 X113.82 Y25.178 E.98856
G1 X113.82 Y25.699 F21000
G1 F4800
G1 X94.301 Y6.18 E1.01567
G1 X93.779 Y6.18 F21000
G1 F4800
G1 X113.82 Y26.221 E1.04284
G1 X113.82 Y26.742 F21000
G1 F4800
G1 X93.258 Y6.18 E1.06995
G1 X92.736 Y6.18 F21000
G1 F4800
G1 X113.82 Y27.264 E1.09711
G1 X113.82 Y27.785 F21000
G1 F4800
G1 X92.215 Y6.18 E1.12422
G1 X91.693 Y6.18 F21000
G1 F4800
G1 X113.82 Y28.307 E1.15138
G1 X113.82 Y28.828 F21000
G1 F4800
G1 X91.172 Y6.18 E1.17849
G1 X90.65 Y6.18 F21000
G1 F4800
G1 X113.82 Y29.35 E1.20565
G1 X113.82 Y29.871 F21000
G1 F4800
G1 X90.129 Y6.18 E1.23277
G1 X89.607 Y6.18 F21000
G1 F4800
G1 X113.82 Y30.393 E1.25993
G1 X113.82 Y30.914 F21000
G1 F4800
G1 X89.086 Y6.18 E1.28704
G1 X88.564 Y6.18 F21000
G1 F4800
G1 X113.82 Y31.436 E1.3142
G1 X113.82 Y31.957 F21000
G1 F4800
G1 X88.043 Y6.18 E1.34131
G1 X87.521 Y6.18 F21000
G1 F4800
G1 X113.82 Y32.479 E1.36847
G1 X113.82 Y33 F21000
G1 F4800
G1 X87 Y6.18 E1.39558
G1 X86.478 Y6.18 F21000
G1 F4800
G1 X113.82 Y33.522 E1.42275
G1 X113.82 Y34.043 F21000
G1 F4800
G1 X85.957 Y6.18 E1.44986
G1 X85.435 Y6.18 F21000
G1 F4800
G1 X113.82 Y34.565 E1.47702
G1 X113.82 Y35.086 F21000
G1 F4800
G1 X84.914 Y6.18 E1.50413
G1 X84.392 Y6.18 F21000
G1 F4800
G1 X113.82 Y35.608 E1.53129
G1 X113.82 Y36.129 F21000
G1 F4800
G1 X83.871 Y6.18 E1.5584
G1 X83.349 Y6.18 F21000
G1 F4800
G1 X113.82 Y36.651 E1.58556
G1 X113.82 Y37.172 F21000
G1 F4800
G1 X82.828 Y6.18 E1.61267
G1 X82.306 Y6.18 F21000
G1 F4800
G1 X113.82 Y37.694 E1.63984
G1 X113.82 Y38.215 F21000
G1 F4800
G1 X81.785 Y6.18 E1.66695
G1 X81.263 Y6.18 F21000
G1 F4800
G1 X113.82 Y38.737 E1.69411
G1 X113.82 Y39.258 F21000
G1 F4800
G1 X80.742 Y6.18 E1.72122
G1 X80.22 Y6.18 F21000
G1 F4800
G1 X113.82 Y39.78 E1.74838
G1 X113.82 Y40.301 F21000
G1 F4800
G1 X79.699 Y6.18 E1.77549
G1 X79.177 Y6.18 F21000
G1 F4800
G1 X113.82 Y40.823 E1.80265
G1 X113.82 Y41.344 F21000
G1 F4800
G1 X78.656 Y6.18 E1.82976
G1 X78.134 Y6.18 F21000
G1 F4800
G1 X113.82 Y41.866 E1.85693
G1 X113.82 Y42.387 F21000
G1 F4800
G1 X77.613 Y6.18 E1.88404
G1 X77.091 Y6.18 F21000
M73 P75 R16
G1 F4800
G1 X113.82 Y42.909 E1.9112
G1 X113.82 Y43.43 F21000
G1 F4800
G1 X76.57 Y6.18 E1.93831
G1 X76.048 Y6.18 F21000
G1 F4800
G1 X113.82 Y43.952 E1.96547
G1 X113.82 Y44.473 F21000
G1 F4800
G1 X75.527 Y6.18 E1.99258
G1 X75.005 Y6.18 F21000
G1 F4800
G1 X113.82 Y44.995 E2.01975
G1 X113.82 Y45.516 F21000
G1 F4800
G1 X74.484 Y6.18 E2.04686
G1 X73.962 Y6.18 F21000
G1 F4800
G1 X113.82 Y46.038 E2.07402
G1 X113.82 Y46.559 F21000
G1 F4800
G1 X73.441 Y6.18 E2.10113
G1 X72.919 Y6.18 F21000
G1 F4800
G1 X113.82 Y47.081 E2.12829
G1 X113.82 Y47.602 F21000
G1 F4800
G1 X72.398 Y6.18 E2.1554
G1 X71.876 Y6.18 F21000
M73 Q74 S17
G1 F4800
G1 X113.82 Y48.124 E2.18256
G1 X113.82 Y48.645 F21000
G1 F4800
G1 X71.355 Y6.18 E2.20967
G1 X70.833 Y6.18 F21000
G1 F4800
G1 X113.82 Y49.167 E2.23684
G1 X113.82 Y49.688 F21000
G1 F4800
G1 X70.312 Y6.18 E2.26395
G1 X69.79 Y6.18 F21000
G1 F4800
G1 X113.82 Y50.21 E2.29111
G1 X113.82 Y50.731 F21000
G1 F4800
G1 X69.269 Y6.18 E2.31822
G1 X68.747 Y6.18 F21000
G1 F4800
G1 X113.82 Y51.253 E2.34538
G1 X113.82 Y51.774 F21000
G1 F4800
G1 X68.226 Y6.18 E2.37249
G1 X67.704 Y6.18 F21000
M73 Q75 S17
G1 F4800
G1 X113.82 Y52.296 E2.39965
G1 X113.82 Y52.817 F21000
G1 F4800
G1 X67.183 Y6.18 E2.42676
G1 X66.661 Y6.18 F21000
G1 F4800
G1 X113.82 Y53.339 E2.45393
G1 X113.82 Y53.86 F21000
G1 F4800
G1 X66.14 Y6.18 E2.48104
G1 X65.618 Y6.18 F21000
G1 F4800
G1 X113.82 Y54.382 E2.5082
G1 X113.82 Y54.903 F21000
G1 F4800
G1 X65.097 Y6.18 E2.53531
G1 X64.575 Y6.18 F21000
G1 F4800
G1 X113.82 Y55.425 E2.56247
G1 X113.82 Y55.946 F21000
G1 F4800
G1 X64.054 Y6.18 E2.58958
G1 X63.532 Y6.18 F21000
G1 F4800
G1 X113.82 Y56.468 E2.61674
G1 X113.82 Y56.989 F21000
G1 F4800
G1 X63.011 Y6.18 E2.64385
G1 X62.489 Y6.18 F21000
G1 F4800
G1 X113.82 Y57.511 E2.67102
G1 X113.82 Y58.032 F21000
G1 F4800
G1 X61.968 Y6.18 E2.69813
G1 X61.446 Y6.18 F21000
G1 F4800
G1 X113.82 Y58.554 E2.72529
G1 X113.82 Y59.075 F21000
G1 F4800
G1 X60.925 Y6.18 E2.7524
G1 X60.403 Y6.18 F21000
G1 F4800
G1 X113.82 Y59.597 E2.77956
G1 X113.82 Y60.118 F21000
G1 F4800
G1 X59.882 Y6.18 E2.80667
G1 X59.36 Y6.18 F21000
G1 F4800
G1 X113.82 Y60.64 E2.83384
G1 X113.82 Y61.161 F21000
G1 F4800
G1 X58.839 Y6.18 E2.86095
G1 X58.317 Y6.18 F21000
G1 F4800
G1 X113.82 Y61.683 E2.88811
G1 X113.82 Y62.204 F21000
G1 F4800
G1 X57.796 Y6.18 E2.91522
G1 X57.275 Y6.18 F21000
G1 F4800
G1 X113.82 Y62.726 E2.94235
G1 X113.82 Y63.247 F21000
G1 F4800
G1 X56.753 Y6.18 E2.96949
G1 X56.232 Y6.18 F21000
G1 F4800
G1 X113.82 Y63.768 E2.9966
G1 X113.82 Y64.29 F21000
G1 F4800
G1 X55.71 Y6.18 E3.02376
G1 X55.189 Y6.18 F21000
G1 F4800
G1 X113.82 Y64.811 E3.05087
G1 X113.82 Y65.333 F21000
G1 F4800
G1 X54.667 Y6.18 E3.07804
G1 X54.146 Y6.18 F21000
G1 F4800
G1 X113.82 Y65.854 E3.10515
G1 X113.82 Y66.376 F21000
G1 F4800
G1 X53.624 Y6.18 E3.13231
G1 X53.103 Y6.18 F21000
M73 P76 R16
G1 F4800
G1 X113.82 Y66.897 E3.15942
G1 X113.82 Y67.419 F21000
M73 P76 R15
G1 F4800
G1 X52.581 Y6.18 E3.18658
G1 X52.06 Y6.18 F21000
G1 F4800
G1 X113.82 Y67.94 E3.21369
G1 X113.82 Y68.462 F21000
G1 F4800
G1 X51.538 Y6.18 E3.24085
G1 X51.017 Y6.18 F21000
G1 F4800
G1 X113.82 Y68.983 E3.26796
G1 X113.82 Y69.505 F21000
G1 F4800
G1 X50.495 Y6.18 E3.29513
G1 X49.974 Y6.18 F21000
G1 F4800
G1 X113.82 Y70.026 E3.32224
G1 X113.82 Y70.548 F21000
G1 F4800
G1 X49.452 Y6.18 E3.3494
G1 X48.931 Y6.18 F21000
G1 F4800
G1 X113.82 Y71.069 E3.37651
G1 X113.82 Y71.591 F21000
G1 F4800
G1 X48.409 Y6.18 E3.40367
G1 X47.888 Y6.18 F21000
G1 F4800
G1 X113.82 Y72.112 E3.43078
G1 X113.706 Y72.52 F21000
G1 F4800
G1 X47.366 Y6.18 E3.45201
G1 X46.845 Y6.18 F21000
G1 F4800
G1 X113.185 Y72.52 E3.45201
G1 X112.663 Y72.52 F21000
M73 Q76 S17
G1 F4800
G1 X46.323 Y6.18 E3.45201
G1 X45.802 Y6.18 F21000
G1 F4800
G1 X112.142 Y72.52 E3.45201
G1 X111.62 Y72.52 F21000
G1 F4800
G1 X45.28 Y6.18 E3.45201
G1 X44.759 Y6.18 F21000
G1 F4800
G1 X111.099 Y72.52 E3.45201
G1 X110.577 Y72.52 F21000
G1 F4800
G1 X44.237 Y6.18 E3.45201
G1 X43.716 Y6.18 F21000
G1 F4800
G1 X110.056 Y72.52 E3.45201
G1 X109.534 Y72.52 F21000
G1 F4800
G1 X43.194 Y6.18 E3.45201
G1 X42.673 Y6.18 F21000
G1 F4800
G1 X109.013 Y72.52 E3.45201
G1 X108.491 Y72.52 F21000
G1 F4800
G1 X42.151 Y6.18 E3.45201
G1 X41.63 Y6.18 F21000
M73 Q76 S16
G1 F4800
G1 X107.97 Y72.52 E3.45201
G1 X107.448 Y72.52 F21000
G1 F4800
G1 X41.108 Y6.18 E3.45201
G1 X40.587 Y6.18 F21000
G1 F4800
G1 X106.927 Y72.52 E3.45201
G1 X106.405 Y72.52 F21000
G1 F4800
G1 X40.065 Y6.18 E3.45201
G1 X39.544 Y6.18 F21000
G1 F4800
G1 X105.884 Y72.52 E3.45201
G1 X105.362 Y72.52 F21000
G1 F4800
G1 X39.022 Y6.18 E3.45201
G1 X38.501 Y6.18 F21000
G1 F4800
G1 X104.841 Y72.52 E3.45201
G1 X104.319 Y72.52 F21000
G1 F4800
G1 X37.979 Y6.18 E3.45201
G1 X37.458 Y6.18 F21000
G1 F4800
G1 X103.798 Y72.52 E3.45201
G1 X103.276 Y72.52 F21000
G1 F4800
G1 X36.936 Y6.18 E3.45201
G1 X36.415 Y6.18 F21000
G1 F4800
G1 X102.755 Y72.52 E3.45201
G1 X102.234 Y72.52 F21000
G1 F4800
G1 X35.893 Y6.18 E3.45204
G1 X35.372 Y6.18 F21000
M73 P77 R15
G1 F4800
G1 X101.712 Y72.52 E3.45201
G1 X101.191 Y72.52 F21000
G1 F4800
G1 X34.85 Y6.18 E3.45204
G1 X34.329 Y6.18 F21000
G1 F4800
G1 X100.669 Y72.52 E3.45201
G1 X100.148 Y72.52 F21000
G1 F4800
G1 X33.807 Y6.18 E3.45204
G1 X33.286 Y6.18 F21000
G1 F4800
G1 X99.626 Y72.52 E3.45201
G1 X99.105 Y72.52 F21000
G1 F4800
G1 X32.764 Y6.18 E3.45204
G1 X32.243 Y6.18 F21000
G1 F4800
G1 X98.583 Y72.52 E3.45201
G1 X98.062 Y72.52 F21000
G1 F4800
G1 X31.721 Y6.18 E3.45204
G1 X31.2 Y6.18 F21000
G1 F4800
G1 X97.54 Y72.52 E3.45201
G1 X97.019 Y72.52 F21000
G1 F4800
G1 X30.678 Y6.18 E3.45204
G1 X30.157 Y6.18 F21000
G1 F4800
G1 X96.497 Y72.52 E3.45201
G1 X95.976 Y72.52 F21000
G1 F4800
G1 X29.635 Y6.18 E3.45204
G1 X29.114 Y6.18 F21000
G1 F4800
G1 X95.454 Y72.52 E3.45201
G1 X94.933 Y72.52 F21000
G1 F4800
G1 X28.592 Y6.18 E3.45204
G1 X28.071 Y6.18 F21000
M73 Q77 S16
G1 F4800
G1 X94.411 Y72.52 E3.45201
G1 X93.89 Y72.52 F21000
G1 F4800
G1 X27.549 Y6.18 E3.45204
G1 X27.028 Y6.18 F21000
G1 F4800
G1 X93.368 Y72.52 E3.45201
G1 X92.847 Y72.52 F21000
G1 F4800
G1 X26.506 Y6.18 E3.45204
G1 X25.985 Y6.18 F21000
M73 P77 R14
G1 F4800
G1 X92.325 Y72.52 E3.45201
G1 X91.804 Y72.52 F21000
G1 F4800
G1 X25.463 Y6.18 E3.45204
G1 X24.942 Y6.18 F21000
G1 F4800
G1 X91.282 Y72.52 E3.45201
G1 X90.761 Y72.52 F21000
G1 F4800
G1 X24.42 Y6.18 E3.45204
G1 X23.899 Y6.18 F21000
G1 F4800
G1 X90.239 Y72.52 E3.45201
G1 X89.718 Y72.52 F21000
G1 F4800
G1 X23.377 Y6.18 E3.45204
G1 X22.856 Y6.18 F21000
G1 F4800
G1 X89.196 Y72.52 E3.45201
G1 X88.675 Y72.52 F21000
G1 F4800
G1 X22.334 Y6.18 E3.45204
G1 X21.813 Y6.18 F21000
G1 F4800
G1 X88.153 Y72.52 E3.45201
G1 X87.632 Y72.52 F21000
G1 F4800
G1 X21.291 Y6.18 E3.45204
G1 X20.77 Y6.18 F21000
G1 F4800
G1 X87.11 Y72.52 E3.45201
G1 X86.589 Y72.52 F21000
G1 F4800
G1 X20.248 Y6.18 E3.45204
G1 X19.727 Y6.18 F21000
G1 F4800
G1 X86.067 Y72.52 E3.45201
G1 X85.546 Y72.52 F21000
G1 F4800
G1 X19.205 Y6.18 E3.45204
G1 X18.684 Y6.18 F21000
G1 F4800
G1 X85.024 Y72.52 E3.45201
G1 X84.503 Y72.52 F21000
G1 F4800
G1 X18.162 Y6.18 E3.45204
G1 X17.641 Y6.18 F21000
M73 P78 R14
G1 F4800
G1 X83.981 Y72.52 E3.45201
G1 X83.46 Y72.52 F21000
G1 F4800
G1 X17.119 Y6.18 E3.45204
G1 X16.598 Y6.18 F21000
G1 F4800
G1 X82.938 Y72.52 E3.45201
G1 X82.417 Y72.52 F21000
M73 Q77 S15
G1 F4800
G1 X16.076 Y6.18 E3.45204
G1 X15.555 Y6.18 F21000
G1 F4800
G1 X81.895 Y72.52 E3.45201
G1 X81.374 Y72.52 F21000
G1 F4800
G1 X15.033 Y6.18 E3.45204
G1 X14.512 Y6.18 F21000
G1 F4800
G1 X80.852 Y72.52 E3.45201
G1 X80.331 Y72.52 F21000
G1 F4800
G1 X13.99 Y6.18 E3.45204
G1 X13.469 Y6.18 F21000
G1 F4800
G1 X79.822 Y72.533 E3.45269
G1 X79.428 Y72.661 F21000
G1 F4800
G1 X12.947 Y6.18 E3.45935
G1 X12.426 Y6.18 F21000
G1 F4800
G1 X79.133 Y72.887 E3.47111
G1 X78.924 Y73.199 F21000
G1 F4800
G1 X11.904 Y6.18 E3.48737
G1 X11.383 Y6.18 F21000
G1 F4800
G1 X78.825 Y73.622 E3.50936
G1 X78.82 Y74.139 F21000
G1 F4800
G1 X10.861 Y6.18 E3.53626
G1 X10.34 Y6.18 F21000
G1 F4800
G1 X78.82 Y74.66 E3.56337
G1 X78.82 Y75.182 F21000
M73 Q78 S15
G1 F4800
G1 X9.818 Y6.18 E3.59053
G1 X9.297 Y6.18 F21000
G1 F4800
G1 X78.82 Y75.703 E3.61764
G1 X78.82 Y76.225 F21000
G1 F4800
G1 X8.775 Y6.18 E3.6448
G1 X8.254 Y6.18 F21000
G1 F4800
G1 X78.82 Y76.746 E3.67191
G1 X78.82 Y77.268 F21000
G1 F4800
G1 X7.732 Y6.18 E3.69908
G1 X7.211 Y6.18 F21000
G1 F4800
G1 X78.82 Y77.789 E3.72619
G1 X78.82 Y78.311 F21000
G1 F4800
G1 X6.689 Y6.18 E3.75335
G1 X6.18 Y6.192 F21000
G1 F4800
G1 X78.82 Y78.832 E3.77983
G1 X78.82 Y79.354 F21000
G1 F4800
G1 X6.18 Y6.713 E3.77986
G1 X6.18 Y7.235 F21000
G1 F4800
G1 X78.82 Y79.875 E3.77983
G1 X78.82 Y80.397 F21000
G1 F4800
G1 X6.18 Y7.756 E3.77986
G1 X6.18 Y8.278 F21000
G1 F4800
G1 X78.82 Y80.918 E3.77983
G1 X78.82 Y81.44 F21000
G1 F4800
G1 X6.18 Y8.799 E3.77986
G1 X6.18 Y9.321 F21000
G1 F4800
G1 X78.82 Y81.961 E3.77983
G1 X78.82 Y82.483 F21000
G1 F4800
G1 X6.18 Y9.842 E3.77986
G1 X6.18 Y10.364 F21000
G1 F4800
G1 X78.82 Y83.004 E3.77983
G1 X78.82 Y83.526 F21000
G1 F4800
G1 X6.18 Y10.885 E3.77986
G1 X6.18 Y11.407 F21000
M73 P79 R13
G1 F4800
G1 X78.82 Y84.047 E3.77983
G1 X78.82 Y84.569 F21000
G1 F4800
G1 X6.18 Y11.928 E3.77986
G1 X6.18 Y12.45 F21000
G1 F4800
G1 X78.82 Y85.09 E3.77983
G1 X78.82 Y85.612 F21000
G1 F4800
G1 X6.18 Y12.971 E3.77986
G1 X6.18 Y13.493 F21000
G1 F4800
G1 X78.82 Y86.133 E3.77983
G1 X78.82 Y86.655 F21000
G1 F4800
G1 X6.18 Y14.014 E3.77986
G1 X6.18 Y14.536 F21000
G1 F4800
G1 X78.82 Y87.176 E3.77983
G1 X78.82 Y87.698 F21000
G1 F4800
G1 X6.18 Y15.057 E3.77986
G1 X6.18 Y15.579 F21000
G1 F4800
G1 X78.82 Y88.219 E3.77983
G1 X78.82 Y88.741 F21000
G1 F4800
G1 X6.18 Y16.1 E3.77986
G1 X6.18 Y16.622 F21000
G1 F4800
G1 X78.82 Y89.262 E3.77983
G1 X78.82 Y89.784 F21000
G1 F4800
G1 X6.18 Y17.143 E3.77986
G1 X6.18 Y17.665 F21000
G1 F4800
G1 X78.82 Y90.305 E3.77983
G1 X78.82 Y90.827 F21000
G1 F4800
G1 X6.18 Y18.186 E3.77986
G1 X6.18 Y18.708 F21000
G1 F4800
G1 X78.82 Y91.348 E3.77983
G1 X78.82 Y91.87 F21000
G1 F4800
G1 X6.18 Y19.229 E3.77986
G1 X6.18 Y19.751 F21000
M73 Q79 S15
G1 F4800
G1 X78.82 Y92.391 E3.77983
G1 X78.82 Y92.913 F21000
M73 Q79 S14
G1 F4800
G1 X6.18 Y20.272 E3.77986
G1 X6.18 Y20.794 F21000
G1 F4800
G1 X78.82 Y93.434 E3.77983
G1 X78.82 Y93.956 F21000
G1 F4800
G1 X6.18 Y21.315 E3.77986
G1 X6.18 Y21.837 F21000
G1 F4800
G1 X78.82 Y94.477 E3.77983
G1 X78.82 Y94.999 F21000
G1 F4800
G1 X6.18 Y22.358 E3.77986
G1 X6.18 Y22.88 F21000
G1 F4800
G1 X78.82 Y95.52 E3.77983
G1 X78.82 Y96.042 F21000
G1 F4800
G1 X6.18 Y23.401 E3.77986
G1 X6.18 Y23.923 F21000
G1 F4800
G1 X78.82 Y96.563 E3.77983
G1 X78.82 Y97.085 F21000
G1 F4800
G1 X6.18 Y24.444 E3.77986
G1 X6.18 Y24.966 F21000
G1 F4800
G1 X78.82 Y97.606 E3.77983
G1 X78.82 Y98.128 F21000
G1 F4800
G1 X6.18 Y25.487 E3.77986
G1 X6.18 Y26.009 F21000
G1 F4800
G1 X78.82 Y98.649 E3.77983
G1 X78.82 Y99.171 F21000
G1 F4800
G1 X10.88 Y31.23 E3.5353
G1 X11.08 Y31.952 F21000
M73 P80 R13
G1 F4800
G1 X78.82 Y99.692 E3.52486
G1 X78.82 Y100.214 F21000
G1 F4800
G1 X11.08 Y32.473 E3.52489
G1 X11.08 Y32.995 F21000
G1 F4800
G1 X78.82 Y100.735 E3.52486
G1 X78.82 Y101.257 F21000
G1 F4800
G1 X11.08 Y33.516 E3.52489
G1 X11.08 Y34.038 F21000
G1 F4800
G1 X78.82 Y101.778 E3.52486
G1 X78.82 Y102.3 F21000
G1 F4800
G1 X11.08 Y34.559 E3.52489
G1 X11.08 Y35.081 F21000
G1 F4800
G1 X78.82 Y102.821 E3.52486
G1 X78.82 Y103.343 F21000
G1 F4800
G1 X11.08 Y35.602 E3.52489
G1 X11.08 Y36.124 F21000
G1 F4800
G1 X78.82 Y103.864 E3.52486
G1 X78.82 Y104.386 F21000
G1 F4800
G1 X11.08 Y36.645 E3.52489
G1 X11.08 Y37.167 F21000
G1 F4800
G1 X78.82 Y104.907 E3.52486
G1 X78.82 Y105.429 F21000
G1 F4800
G1 X11.069 Y37.677 E3.52546
G1 X10.94 Y38.07 F21000
G1 F4800
G1 X78.82 Y105.95 E3.53215
G1 X78.82 Y106.472 F21000
G1 F4800
G1 X10.712 Y38.364 E3.54401
G1 X10.401 Y38.574 F21000
G1 F4800
G1 X78.82 Y106.993 E3.56019
G1 X78.82 Y107.515 F21000
G1 F4800
G1 X9.981 Y38.676 E3.58205
G1 X9.464 Y38.68 F21000
G1 F4800
G1 X78.82 Y108.036 E3.60895
G1 X78.82 Y108.558 F21000
M73 P80 R12
G1 F4800
G1 X8.942 Y38.68 E3.63611
G1 X8.421 Y38.68 F21000
G1 F4800
G1 X78.82 Y109.079 E3.66322
G1 X78.82 Y109.601 F21000
M73 Q80 S14
G1 F4800
G1 X7.87 Y38.65 E3.69192
G1 E-.16 F2700
;WIPE_START
G1 F16800
G1 X10.834 Y41.614 E-.64
;WIPE_END
G1 X10.564 Y30.914 Z1.347 F21000
G1 Z1.16 F720
G1 E.8 F1500
G1 F4800
G1 X6.18 Y26.53 E.22812
G1 X6.18 Y27.052 F21000
G1 F4800
G1 X9.848 Y30.72 E.19087
G1 X9.327 Y30.72 F21000
G1 F4800
G1 X6.18 Y27.573 E.16375
G1 X6.18 Y28.095 F21000
G1 F4800
G1 X8.805 Y30.72 E.13659
G1 X8.284 Y30.72 F21000
G1 F4800
G1 X6.18 Y28.616 E.10948
G1 X6.18 Y29.138 F21000
G1 F4800
G1 X7.802 Y30.76 E.0844
G1 X7.442 Y30.922 F21000
G1 F4800
G1 X6.18 Y29.659 E.06569
G1 X6.18 Y30.181 F21000
G1 F4800
G1 X7.183 Y31.184 E.05219
G1 X7.007 Y31.53 F21000
G1 F4800
G1 X6.18 Y30.702 E.04306
G1 X6.18 Y31.224 F21000
G1 F4800
G1 X6.92 Y31.964 E.03851
G1 X6.92 Y32.486 F21000
G1 F4800
G1 X6.18 Y31.745 E.03853
G1 X6.18 Y32.267 F21000
G1 F4800
G1 X6.92 Y33.007 E.03851
G1 X6.92 Y33.529 F21000
G1 F4800
G1 X6.18 Y32.788 E.03853
G1 X6.18 Y33.31 F21000
G1 F4800
G1 X6.92 Y34.05 E.03851
G1 X6.92 Y34.572 F21000
G1 F4800
G1 X6.18 Y33.831 E.03853
G1 X6.18 Y34.353 F21000
G1 F4800
G1 X6.92 Y35.093 E.03851
G1 X6.92 Y35.615 F21000
G1 F4800
G1 X6.18 Y34.874 E.03853
G1 X6.18 Y35.396 F21000
G1 F4800
G1 X6.92 Y36.136 E.03851
G1 X6.92 Y36.658 F21000
G1 F4800
G1 X6.18 Y35.917 E.03853
G1 X6.18 Y36.439 F21000
G1 F4800
G1 X6.92 Y37.179 E.03851
G1 X6.937 Y37.717 F21000
G1 F4800
G1 X6.18 Y36.96 E.03939
G1 X6.18 Y37.482 F21000
G1 F4800
G1 X78.82 Y110.122 E3.77983
G1 X78.82 Y110.644 F21000
G1 F4800
G1 X6.18 Y38.003 E3.77986
G1 X6.18 Y38.525 F21000
G1 F4800
G1 X78.82 Y111.165 E3.77983
G1 X78.82 Y111.687 F21000
G1 F4800
G1 X6.18 Y39.046 E3.77986
G1 X6.18 Y39.568 F21000
G1 F4800
G1 X78.82 Y112.208 E3.77983
G1 X78.82 Y112.729 F21000
G1 F4800
G1 X6.18 Y40.089 E3.77983
G1 X6.18 Y40.611 F21000
G1 F4800
G1 X78.82 Y113.251 E3.77983
G1 X78.82 Y113.772 F21000
G1 F4800
G1 X6.18 Y41.132 E3.77983
G1 X6.18 Y41.654 F21000
G1 F4800
G1 X78.82 Y114.294 E3.77983
G1 X78.82 Y114.815 F21000
G1 F4800
G1 X6.18 Y42.175 E3.77983
G1 X6.18 Y42.697 F21000
G1 F4800
G1 X78.82 Y115.337 E3.77983
G1 X78.82 Y115.858 F21000
M73 P81 R12
G1 F4800
G1 X6.18 Y43.218 E3.77983
G1 X6.18 Y43.74 F21000
M73 Q80 S13
G1 F4800
G1 X78.82 Y116.38 E3.77983
G1 X78.82 Y116.901 F21000
G1 F4800
G1 X6.18 Y44.261 E3.77983
G1 X6.18 Y44.783 F21000
G1 F4800
G1 X78.82 Y117.423 E3.77983
G1 X78.82 Y117.944 F21000
G1 F4800
G1 X6.18 Y45.304 E3.77983
G1 X6.18 Y45.826 F21000
G1 F4800
G1 X78.82 Y118.466 E3.77983
G1 X78.82 Y118.987 F21000
G1 F4800
G1 X6.18 Y46.347 E3.77983
G1 X6.18 Y46.869 F21000
G1 F4800
G1 X78.82 Y119.509 E3.77983
G1 X78.82 Y120.03 F21000
G1 F4800
G1 X6.18 Y47.39 E3.77983
G1 X6.18 Y47.912 F21000
G1 F4800
G1 X78.82 Y120.552 E3.77983
G1 X78.82 Y121.073 F21000
G1 F4800
G1 X6.18 Y48.433 E3.77983
G1 X6.18 Y48.955 F21000
G1 F4800
G1 X78.82 Y121.595 E3.77983
G1 X78.82 Y122.116 F21000
G1 F4800
G1 X6.18 Y49.476 E3.77983
G1 X6.18 Y49.998 F21000
G1 F4800
G1 X78.82 Y122.638 E3.77983
G1 X78.82 Y123.159 F21000
G1 F4800
G1 X6.18 Y50.519 E3.77983
G1 X6.18 Y51.041 F21000
G1 F4800
G1 X78.82 Y123.681 E3.77983
G1 X78.82 Y124.202 F21000
G1 F4800
G1 X6.18 Y51.562 E3.77983
G1 X6.18 Y52.084 F21000
G1 F4800
G1 X78.82 Y124.724 E3.77983
G1 X78.82 Y125.245 F21000
G1 F4800
G1 X6.18 Y52.605 E3.77983
G1 X6.18 Y53.127 F21000
M73 Q81 S13
G1 F4800
G1 X78.82 Y125.767 E3.77983
G1 X78.82 Y126.288 F21000
G1 F4800
G1 X6.18 Y53.648 E3.77983
G1 X6.18 Y54.17 F21000
G1 F4800
G1 X78.82 Y126.81 E3.77983
G1 X78.82 Y127.331 F21000
G1 F4800
G1 X6.18 Y54.691 E3.77983
G1 X6.18 Y55.213 F21000
G1 F4800
G1 X78.82 Y127.853 E3.77983
G1 X78.82 Y128.374 F21000
G1 F4800
G1 X6.18 Y55.734 E3.77983
G1 X6.18 Y56.256 F21000
G1 F4800
G1 X78.82 Y128.896 E3.77983
G1 X78.82 Y129.417 F21000
G1 F4800
G1 X6.18 Y56.777 E3.77983
G1 X6.18 Y57.299 F21000
G1 F4800
G1 X78.82 Y129.939 E3.77983
G1 X78.82 Y130.46 F21000
G1 F4800
G1 X6.18 Y57.82 E3.77983
G1 X6.18 Y58.342 F21000
G1 F4800
G1 X78.82 Y130.982 E3.77983
G1 X78.82 Y131.503 F21000
G1 F4800
G1 X6.18 Y58.863 E3.77983
G1 X6.18 Y59.385 F21000
M73 P82 R11
G1 F4800
G1 X78.82 Y132.025 E3.77983
G1 X78.82 Y132.546 F21000
G1 F4800
G1 X6.18 Y59.906 E3.77983
G1 X6.18 Y60.428 F21000
G1 F4800
G1 X78.82 Y133.068 E3.77983
G1 X78.82 Y133.589 F21000
G1 F4800
G1 X6.18 Y60.949 E3.77983
G1 X6.18 Y61.471 F21000
G1 F4800
G1 X78.82 Y134.111 E3.77983
G1 X78.82 Y134.632 F21000
G1 F4800
G1 X6.18 Y61.992 E3.77983
G1 X6.18 Y62.514 F21000
G1 F4800
G1 X78.82 Y135.154 E3.77983
G1 X78.82 Y135.675 F21000
G1 F4800
G1 X6.18 Y63.035 E3.77983
G1 X6.18 Y63.557 F21000
G1 F4800
G1 X78.82 Y136.197 E3.77983
G1 X78.82 Y136.718 F21000
G1 F4800
G1 X6.18 Y64.078 E3.77983
G1 X6.18 Y64.6 F21000
G1 F4800
G1 X78.82 Y137.24 E3.77983
G1 X78.82 Y137.761 F21000
G1 F4800
G1 X6.18 Y65.121 E3.77983
G1 X6.18 Y65.643 F21000
G1 F4800
G1 X78.82 Y138.283 E3.77983
G1 X78.82 Y138.804 F21000
G1 F4800
G1 X6.18 Y66.164 E3.77983
G1 X6.18 Y66.686 F21000
G1 F4800
G1 X78.82 Y139.326 E3.77983
G1 X78.82 Y139.847 F21000
M73 Q81 S12
G1 F4800
G1 X6.18 Y67.207 E3.77983
G1 X6.18 Y67.729 F21000
G1 F4800
G1 X78.82 Y140.369 E3.77983
G1 X78.82 Y140.89 F21000
G1 F4800
G1 X6.18 Y68.25 E3.77983
G1 X6.18 Y68.772 F21000
G1 F4800
G1 X78.82 Y141.412 E3.77983
G1 X78.82 Y141.933 F21000
G1 F4800
G1 X6.18 Y69.293 E3.77983
G1 X6.18 Y69.815 F21000
M73 Q82 S12
G1 F4800
G1 X78.82 Y142.455 E3.77983
G1 X78.82 Y142.976 F21000
G1 F4800
G1 X6.18 Y70.336 E3.77983
G1 X6.18 Y70.858 F21000
G1 F4800
G1 X78.82 Y143.498 E3.77983
G1 X78.82 Y144.019 F21000
G1 F4800
G1 X6.18 Y71.379 E3.77983
G1 X6.18 Y71.901 F21000
G1 F4800
G1 X78.82 Y144.541 E3.77983
G1 X78.82 Y145.062 F21000
G1 F4800
G1 X6.18 Y72.422 E3.77983
G1 X6.18 Y72.944 F21000
G1 F4800
G1 X78.82 Y145.584 E3.77983
G1 X78.82 Y146.105 F21000
G1 F4800
G1 X6.18 Y73.465 E3.77983
G1 X6.18 Y73.987 F21000
G1 F4800
G1 X78.82 Y146.627 E3.77983
G1 X78.82 Y147.148 F21000
G1 F4800
G1 X6.18 Y74.508 E3.77983
G1 X6.18 Y75.03 F21000
M73 P83 R11
G1 F4800
G1 X78.82 Y147.67 E3.77983
G1 X78.82 Y148.191 F21000
G1 F4800
G1 X6.18 Y75.551 E3.77983
G1 X6.18 Y76.073 F21000
G1 F4800
G1 X78.82 Y148.713 E3.77983
G1 X78.82 Y149.234 F21000
G1 F4800
G1 X6.18 Y76.594 E3.77983
G1 X6.18 Y77.116 F21000
G1 F4800
G1 X78.82 Y149.756 E3.77983
G1 X78.82 Y150.277 F21000
G1 F4800
G1 X6.18 Y77.637 E3.77983
G1 X6.18 Y78.159 F21000
G1 F4800
G1 X78.82 Y150.799 E3.77983
G1 X78.82 Y151.32 F21000
G1 F4800
G1 X6.18 Y78.68 E3.77983
G1 X6.18 Y79.201 F21000
G1 F4800
G1 X78.82 Y151.842 E3.77986
G1 X78.82 Y152.363 F21000
G1 F4800
G1 X6.18 Y79.723 E3.77983
G1 X6.18 Y80.244 F21000
G1 F4800
G1 X78.82 Y152.885 E3.77986
G1 X78.634 Y153.22 F21000
G1 F4800
G1 X6.18 Y80.766 E3.77016
G1 X6.18 Y81.287 F21000
G1 F4800
G1 X78.113 Y153.22 E3.74305
G1 X77.591 Y153.22 F21000
G1 F4800
G1 X6.18 Y81.809 E3.71588
G1 X6.18 Y82.33 F21000
G1 F4800
G1 X77.07 Y153.22 E3.68877
G1 X76.548 Y153.22 F21000
G1 F4800
G1 X6.18 Y82.852 E3.66161
G1 X6.18 Y83.373 F21000
M73 P83 R10
G1 F4800
G1 X76.027 Y153.22 E3.6345
G1 X75.505 Y153.22 F21000
G1 F4800
G1 X6.18 Y83.895 E3.60734
G1 X6.18 Y84.416 F21000
G1 F4800
G1 X74.984 Y153.22 E3.58023
G1 X74.462 Y153.22 F21000
G1 F4800
G1 X6.18 Y84.938 E3.55307
G1 X6.18 Y85.459 F21000
G1 F4800
G1 X73.941 Y153.22 E3.52596
G1 X73.419 Y153.22 F21000
G1 F4800
G1 X6.18 Y85.981 E3.49879
G1 X6.18 Y86.502 F21000
G1 F4800
G1 X72.898 Y153.22 E3.47168
G1 X72.376 Y153.22 F21000
M73 Q83 S12
G1 F4800
G1 X6.18 Y87.024 E3.44452
G1 X6.18 Y87.545 F21000
G1 F4800
G1 X71.855 Y153.22 E3.41741
G1 X71.333 Y153.22 F21000
G1 F4800
G1 X6.18 Y88.067 E3.39025
G1 X6.18 Y88.588 F21000
G1 F4800
G1 X70.812 Y153.22 E3.36314
G1 X70.29 Y153.22 F21000
G1 F4800
G1 X6.18 Y89.11 E3.33597
G1 X6.18 Y89.631 F21000
G1 F4800
G1 X69.769 Y153.22 E3.30886
G1 X69.247 Y153.22 F21000
G1 F4800
G1 X6.18 Y90.153 E3.2817
G1 X6.18 Y90.674 F21000
G1 F4800
G1 X68.726 Y153.22 E3.25459
G1 X68.204 Y153.22 F21000
G1 F4800
G1 X6.18 Y91.196 E3.22743
G1 X6.18 Y91.717 F21000
M73 Q83 S11
G1 F4800
G1 X67.683 Y153.22 E3.20032
G1 X67.161 Y153.22 F21000
M73 P84 R10
G1 F4800
G1 X6.18 Y92.239 E3.17316
G1 X6.18 Y92.76 F21000
G1 F4800
G1 X66.64 Y153.22 E3.14605
G1 X66.118 Y153.22 F21000
G1 F4800
G1 X6.18 Y93.282 E3.11888
G1 X6.18 Y93.803 F21000
G1 F4800
G1 X65.597 Y153.22 E3.09177
G1 X65.075 Y153.22 F21000
G1 F4800
G1 X6.18 Y94.325 E3.06461
G1 X6.18 Y94.846 F21000
G1 F4800
G1 X64.554 Y153.22 E3.0375
G1 X64.032 Y153.22 F21000
G1 F4800
G1 X6.18 Y95.368 E3.01034
G1 X6.18 Y95.889 F21000
G1 F4800
G1 X63.511 Y153.22 E2.98323
G1 X62.989 Y153.22 F21000
G1 F4800
G1 X6.18 Y96.411 E2.95607
G1 X6.18 Y96.932 F21000
G1 F4800
G1 X62.468 Y153.22 E2.92896
G1 X61.946 Y153.22 F21000
G1 F4800
G1 X6.18 Y97.454 E2.90179
G1 X6.18 Y97.975 F21000
G1 F4800
G1 X61.425 Y153.22 E2.87468
G1 X60.903 Y153.22 F21000
G1 F4800
G1 X6.18 Y98.497 E2.84752
G1 X6.18 Y99.018 F21000
G1 F4800
G1 X60.382 Y153.22 E2.82041
G1 X59.86 Y153.22 F21000
G1 F4800
G1 X6.18 Y99.54 E2.79325
G1 X6.18 Y100.061 F21000
G1 F4800
G1 X59.339 Y153.22 E2.76614
G1 X58.817 Y153.22 F21000
G1 F4800
G1 X6.18 Y100.583 E2.73898
G1 X6.18 Y101.104 F21000
G1 F4800
G1 X58.296 Y153.22 E2.71186
G1 X57.774 Y153.22 F21000
G1 F4800
G1 X6.18 Y101.626 E2.6847
G1 X6.18 Y102.147 F21000
G1 F4800
G1 X57.253 Y153.22 E2.65759
G1 X56.731 Y153.22 F21000
G1 F4800
G1 X6.18 Y102.669 E2.63043
G1 X6.18 Y103.19 F21000
G1 F4800
G1 X56.21 Y153.22 E2.60332
G1 X55.688 Y153.22 F21000
G1 F4800
G1 X6.18 Y103.712 E2.57616
G1 X6.18 Y104.233 F21000
G1 F4800
G1 X55.167 Y153.22 E2.54905
G1 X54.645 Y153.22 F21000
G1 F4800
G1 X6.18 Y104.755 E2.52188
G1 X6.18 Y105.276 F21000
G1 F4800
G1 X54.124 Y153.22 E2.49477
G1 X53.602 Y153.22 F21000
G1 F4800
G1 X6.18 Y105.798 E2.46761
G1 X6.18 Y106.319 F21000
G1 F4800
G1 X53.081 Y153.22 E2.4405
G1 X52.559 Y153.22 F21000
G1 F4800
G1 X6.18 Y106.841 E2.41334
G1 X6.18 Y107.362 F21000
G1 F4800
G1 X52.038 Y153.22 E2.38623
G1 X51.516 Y153.22 F21000
G1 F4800
G1 X6.18 Y107.884 E2.35907
G1 X6.18 Y108.405 F21000
G1 F4800
G1 X50.995 Y153.22 E2.33196
G1 X50.473 Y153.22 F21000
M73 Q84 S11
G1 F4800
G1 X6.18 Y108.927 E2.30479
G1 X6.18 Y109.448 F21000
G1 F4800
G1 X49.952 Y153.22 E2.27768
G1 X49.43 Y153.22 F21000
G1 F4800
G1 X6.18 Y109.97 E2.25052
G1 X6.18 Y110.491 F21000
G1 F4800
G1 X48.909 Y153.22 E2.22341
G1 X48.387 Y153.22 F21000
G1 F4800
G1 X6.18 Y111.013 E2.19625
G1 X6.18 Y111.534 F21000
G1 F4800
G1 X47.866 Y153.22 E2.16914
G1 X47.344 Y153.22 F21000
G1 F4800
G1 X6.18 Y112.056 E2.14198
G1 X6.18 Y112.577 F21000
G1 F4800
G1 X46.823 Y153.22 E2.11487
G1 X46.301 Y153.22 F21000
G1 F4800
G1 X6.18 Y113.099 E2.0877
G1 X6.18 Y113.62 F21000
G1 F4800
G1 X45.78 Y153.22 E2.06059
G1 X45.258 Y153.22 F21000
G1 F4800
G1 X6.18 Y114.142 E2.03343
G1 X6.18 Y114.663 F21000
G1 F4800
G1 X44.737 Y153.22 E2.00632
G1 X44.215 Y153.22 F21000
M73 P85 R10
G1 F4800
G1 X6.18 Y115.185 E1.97916
G1 X6.18 Y115.706 F21000
M73 P85 R9
G1 F4800
G1 X43.694 Y153.22 E1.95205
G1 X43.172 Y153.22 F21000
G1 F4800
G1 X6.18 Y116.228 E1.92488
G1 X6.18 Y116.749 F21000
G1 F4800
G1 X10.182 Y120.751 E.20824
G1 X9.629 Y120.72 F21000
G1 F4800
G1 X6.18 Y117.271 E.17947
G1 X6.18 Y117.792 F21000
G1 F4800
G1 X9.108 Y120.72 E.15236
G1 X8.586 Y120.72 F21000
G1 F4800
G1 X6.18 Y118.314 E.1252
G1 X6.18 Y118.835 F21000
G1 F4800
G1 X8.066 Y120.722 E.09816
G1 X7.644 Y120.821 F21000
G1 F4800
G1 X6.18 Y119.357 E.07618
G1 X6.18 Y119.878 F21000
G1 F4800
G1 X7.323 Y121.021 E.05948
G1 X7.082 Y121.302 F21000
G1 F4800
G1 X6.18 Y120.4 E.04694
G1 X6.18 Y120.921 F21000
G1 F4800
G1 X6.964 Y121.705 E.0408
G1 X6.92 Y122.183 F21000
G1 F4800
G1 X6.18 Y121.443 E.03851
G1 X6.18 Y121.964 F21000
G1 F4800
G1 X6.92 Y122.705 E.03853
G1 X6.92 Y123.226 F21000
G1 F4800
G1 X6.18 Y122.486 E.03851
G1 X6.18 Y123.007 F21000
G1 F4800
G1 X6.92 Y123.748 E.03853
G1 X6.92 Y124.269 F21000
G1 F4800
G1 X6.18 Y123.529 E.03851
G1 X6.18 Y124.05 F21000
G1 F4800
G1 X6.92 Y124.79 E.03851
G1 X6.92 Y125.312 F21000
G1 F4800
G1 X6.18 Y124.572 E.03851
G1 X6.18 Y125.093 F21000
G1 F4800
G1 X6.92 Y125.833 E.03851
G1 X6.92 Y126.355 F21000
G1 F4800
G1 X6.18 Y125.615 E.03851
G1 X6.18 Y126.136 F21000
G1 F4800
G1 X6.92 Y126.876 E.03851
G1 X6.92 Y127.398 F21000
G1 F4800
G1 X6.18 Y126.658 E.03851
G1 X6.18 Y127.179 F21000
G1 F4800
G1 X7.05 Y128.049 E.04527
G1 E-.16 F2700
;WIPE_START
G1 F16800
G1 X6.18 Y127.179 E-.18785
;WIPE_END
G1 E-.45215 F2700
G1 X11.049 Y121.619 Z1.289 F21000
G1 Z1.16 F720
G1 E.8 F1500
G1 F4800
G1 X42.651 Y153.22 E1.64439
G1 X42.129 Y153.22 F21000
G1 F4800
G1 X11.08 Y122.17 E1.61567
G1 X11.079 Y122.691 F21000
G1 F4800
G1 X41.608 Y153.22 E1.58858
G1 X41.086 Y153.22 F21000
G1 F4800
G1 X11.078 Y123.212 E1.56147
G1 X11.078 Y123.733 F21000
G1 F4800
G1 X40.565 Y153.22 E1.53436
G1 X40.043 Y153.22 F21000
G1 F4800
G1 X11.077 Y124.254 E1.50725
G1 X11.077 Y124.775 F21000
G1 F4800
G1 X39.522 Y153.22 E1.48014
G1 X39 Y153.22 F21000
G1 F4800
G1 X11.076 Y125.296 E1.45303
G1 X11.076 Y125.817 F21000
G1 F4800
G1 X38.479 Y153.22 E1.42592
G1 X37.957 Y153.22 F21000
G1 F4800
G1 X11.075 Y126.338 E1.39881
G1 X11.075 Y126.859 F21000
G1 F4800
G1 X37.436 Y153.22 E1.3717
G1 X36.914 Y153.22 F21000
G1 F4800
G1 X11.074 Y127.38 E1.34459
G1 X11.029 Y127.856 F21000
G1 F4800
G1 X36.393 Y153.22 E1.31982
G1 X35.871 Y153.22 F21000
G1 F4800
G1 X10.855 Y128.204 E1.30171
G1 X10.592 Y128.462 F21000
G1 F4800
G1 X35.35 Y153.22 E1.28829
G1 X34.828 Y153.22 F21000
G1 F4800
G1 X10.243 Y128.635 E1.27928
G1 X9.767 Y128.68 F21000
G1 F4800
G1 X34.307 Y153.22 E1.27694
G1 X33.785 Y153.22 F21000
G1 F4800
G1 X9.245 Y128.68 E1.27694
G1 X8.724 Y128.68 F21000
G1 F4800
G1 X33.264 Y153.22 E1.27694
G1 X32.742 Y153.22 F21000
G1 F4800
G1 X8.202 Y128.68 E1.27694
G1 X7.516 Y128.515 F21000
G1 F4800
G1 X32.221 Y153.22 E1.28553
G1 X31.699 Y153.22 F21000
G1 F4800
G1 X6.18 Y127.701 E1.32789
G1 X6.18 Y128.222 F21000
G1 F4800
G1 X31.178 Y153.22 E1.30078
G1 X30.656 Y153.22 F21000
G1 F4800
G1 X6.18 Y128.744 E1.27361
G1 X6.18 Y129.265 F21000
G1 F4800
G1 X30.135 Y153.22 E1.2465
G1 X29.613 Y153.22 F21000
G1 F4800
G1 X6.18 Y129.787 E1.21934
G1 X6.18 Y130.308 F21000
M73 Q84 S10
G1 F4800
G1 X29.092 Y153.22 E1.19223
G1 X28.57 Y153.22 F21000
G1 F4800
G1 X6.18 Y130.83 E1.16507
G1 X6.18 Y131.351 F21000
G1 F4800
G1 X28.049 Y153.22 E1.13796
G1 X27.527 Y153.22 F21000
G1 F4800
G1 X6.18 Y131.873 E1.11079
G1 X6.18 Y132.394 F21000
G1 F4800
G1 X27.006 Y153.22 E1.08368
G1 X26.484 Y153.22 F21000
G1 F4800
G1 X6.18 Y132.916 E1.05652
G1 X6.18 Y133.437 F21000
G1 F4800
G1 X25.963 Y153.22 E1.02941
G1 X25.441 Y153.22 F21000
G1 F4800
G1 X6.18 Y133.959 E1.00225
G1 X6.18 Y134.48 F21000
G1 F4800
G1 X24.92 Y153.22 E.97514
G1 X24.398 Y153.22 F21000
G1 F4800
G1 X6.18 Y135.002 E.94798
G1 X6.18 Y135.523 F21000
G1 F4800
G1 X23.877 Y153.22 E.92087
G1 X23.355 Y153.22 F21000
G1 F4800
G1 X18.103 Y147.968 E.27329
G1 X18.18 Y148.566 F21000
G1 F4800
G1 X22.834 Y153.22 E.24217
G1 X22.312 Y153.22 F21000
G1 F4800
G1 X18.18 Y149.088 E.21501
G1 X18.18 Y149.609 F21000
G1 F4800
G1 X21.791 Y153.22 E.1879
G1 X21.269 Y153.22 F21000
G1 F4800
G1 X18.18 Y150.131 E.16074
G1 X18.18 Y150.652 F21000
G1 F4800
G1 X20.748 Y153.22 E.13363
G1 X20.226 Y153.22 F21000
G1 F4800
G1 X18.18 Y151.174 E.10646
G1 X18.18 Y151.695 F21000
G1 F4800
G1 X19.705 Y153.22 E.07935
G1 X19.183 Y153.22 F21000
G1 F4800
G1 X18.18 Y152.217 E.05219
G1 X18.18 Y152.738 F21000
G1 F4800
G1 X18.662 Y153.22 E.02508
G1 E-.16 F2700
;WIPE_START
G1 F16800
G1 X18.18 Y152.738 E-.10407
;WIPE_END
G1 E-.53593 F2700
G1 X17.44 Y147.305 Z1.256 F21000
G1 Z1.16 F720
G1 E.8 F1500
G1 F4800
G1 X6.18 Y136.045 E.58592
G1 X6.18 Y136.566 F21000
G1 F4800
G1 X16.834 Y147.22 E.55438
G1 X16.312 Y147.22 F21000
G1 F4800
G1 X6.18 Y137.088 E.52722
G1 X6.18 Y137.609 F21000
G1 F4800
G1 X15.791 Y147.22 E.50011
G1 X15.269 Y147.22 F21000
G1 F4800
G1 X6.18 Y138.131 E.47295
G1 X6.18 Y138.652 F21000
G1 F4800
G1 X14.748 Y147.22 E.44584
G1 X14.226 Y147.22 F21000
G1 F4800
G1 X6.18 Y139.174 E.41867
G1 X6.18 Y139.695 F21000
G1 F4800
G1 X13.705 Y147.22 E.39156
G1 X13.183 Y147.22 F21000
G1 F4800
G1 X6.18 Y140.217 E.3644
G1 X6.18 Y140.738 F21000
G1 F4800
G1 X12.662 Y147.22 E.33729
G1 X12.14 Y147.22 F21000
G1 F4800
G1 X6.18 Y141.26 E.31013
G1 X6.18 Y141.781 F21000
G1 F4800
G1 X11.619 Y147.22 E.28302
G1 X11.097 Y147.22 F21000
G1 F4800
G1 X6.18 Y142.303 E.25586
G1 X6.18 Y142.824 F21000
G1 F4800
G1 X10.576 Y147.22 E.22875
G1 X10.054 Y147.22 F21000
G1 F4800
G1 X6.18 Y143.346 E.20158
G1 X6.18 Y143.867 F21000
G1 F4800
G1 X9.533 Y147.22 E.17447
G1 X9.011 Y147.22 F21000
G1 F4800
G1 X6.18 Y144.389 E.14731
G1 X6.18 Y144.91 F21000
G1 F4800
G1 X8.49 Y147.22 E.1202
G1 X7.968 Y147.22 F21000
G1 F4800
G1 X6.18 Y145.432 E.09304
G1 X6.18 Y145.953 F21000
G1 F4800
G1 X7.447 Y147.22 E.06593
G1 X6.925 Y147.22 F21000
G1 F4800
G1 X6.18 Y146.475 E.03877
M106 S219.3
;LAYER_CHANGE
;Z:1.4
;HEIGHT:0.24
;BEFORE_LAYER_CHANGE
G92 E0.0
;1.4


G1 E-.16 F2700
;WIPE_START
G1 F16800
G1 X6.925 Y147.22 E-.16086
;WIPE_END
G1 E-.47914 F2700
G1 X6.925 Y147.22 Z1.16 F21000
G1 X34.091 Y136.991 Z1.667
G1 X36.093 Y136.238 Z1.7
G1 X38.094 Y135.484 Z1.726
G1 X40.095 Y134.731 Z1.745
G1 X44.097 Y133.224 Z1.76
G1 X230.6 Y63 Z1.76
;AFTER_LAYER_CHANGE
;1.4
G1 Z1.4 F720
G1 E.8 F1500
;TYPE:Perimeter
;WIDTH:0.603018
G1 F3000
G1 X230.6 Y55.4 E.41823
M204 T250
G1 X230.125 Y54.925 F21000
M204 T7000
;TYPE:External perimeter
;WIDTH:0.449999
G1 F2999.998
G1 X231.075 Y54.925 E.03777
G1 X231.075 Y55.6 E.02684
G1 F3000
G1 X231.075 Y62.8 E.28629
G1 F2999.998
G1 X231.075 Y63.475 E.02684
G1 X230.125 Y63.475 E.03777
G1 X230.125 Y62.8 E.02684
G1 F3000
G1 X230.125 Y55.6 E.28629
G1 F2999.998
G1 X230.125 Y54.985 E.02445
G1 E-.16 F2700
;WIPE_START
G1 F16800
G1 X230.125 Y54.925 E-.00916
G1 X231.075 Y54.925 E-.14504
G1 X231.075 Y55.6 E-.10306
G1 X231.075 Y58.107 E-.38274
;WIPE_END
G1 X204.128 Y68.901 Z1.907 F21000
G1 X202.143 Y69.696 Z1.94
G1 X200.158 Y70.491 Z1.966
G1 X198.173 Y71.286 Z1.985
G1 X194.203 Y72.876 Z2
G1 X7.4 Y147.7
G1 Z1.4 F720
G1 E.8 F1500
;TYPE:Perimeter
;WIDTH:0.60301
G1 F4200
G1 X7.4 Y7.774 E7.70006
G1 X7.957 Y7.105 F21000
;WIDTH:0.613228
G1 F3000
G1 X7.881 Y7.167 E.0055
;WIDTH:0.570656
G1 X7.805 Y7.23 E.00511
;WIDTH:0.528084
G1 X7.73 Y7.292 E.00463
;WIDTH:0.485512
G1 X7.654 Y7.354 E.00425
;WIDTH:0.482957
G1 X7.591 Y7.459 E.00527
;WIDTH:0.522975
G1 X7.527 Y7.564 E.00578
;WIDTH:0.562993
G1 X7.464 Y7.669 E.00625
;WIDTH:0.60301
G1 X7.4 Y7.774 E.00677
G1 X7.38 Y7.586 E.0104
;WIDTH:0.562993
G1 X7.36 Y7.397 E.0097
;WIDTH:0.522975
G1 X7.34 Y7.209 E.00889
;WIDTH:0.482957
G1 X7.32 Y7.02 E.00818
;WIDTH:0.442939
G1 X7.516 Y7.02 E.00766
;WIDTH:0.485512
G1 X7.626 Y7.041 E.00485
;WIDTH:0.528084
G1 X7.736 Y7.063 E.00533
;WIDTH:0.570656
G1 X7.847 Y7.084 E.00585
;WIDTH:0.613228
G1 X7.898 Y7.094 E.00291
G1 X7.957 Y7.105 F21000
G1 F4200
G1 X8.074 Y7.1 E.00656
;WIDTH:0.60301
G1 X111.926 Y7.1 E5.71492
G1 X112.6 Y7.774 F21000
M73 Q85 S10
;WIDTH:0.603012
G1 F3000
G1 X112.536 Y7.669 E.00677
;WIDTH:0.562994
G1 X112.473 Y7.564 E.00625
;WIDTH:0.522976
G1 X112.409 Y7.459 E.00578
;WIDTH:0.482958
G1 X112.346 Y7.354 E.00527
G1 X112.241 Y7.291 E.00527
;WIDTH:0.522975
G1 X112.136 Y7.227 E.00578
;WIDTH:0.562993
G1 X112.031 Y7.164 E.00625
;WIDTH:0.60301
G1 X111.926 Y7.1 E.00677
G1 X112.114 Y7.08 E.0104
;WIDTH:0.562993
G1 X112.303 Y7.06 E.0097
;WIDTH:0.522975
G1 X112.491 Y7.04 E.00889
;WIDTH:0.482958
G1 X112.68 Y7.02 E.00818
;WIDTH:0.44294
G1 X112.68 Y7.216 E.00766
;WIDTH:0.482958
G1 X112.66 Y7.355 E.00605
;WIDTH:0.522976
G1 X112.64 Y7.495 E.00665
;WIDTH:0.562994
G1 X112.62 Y7.635 E.00722
;WIDTH:0.603012
G1 X112.609 Y7.715 E.00444
G1 E-.16 F2700
;WIPE_START
G1 F16800
G1 X112.6 Y7.774 E-.00911
G1 X112.536 Y7.669 E-.01877
G1 X112.473 Y7.564 E-.0187
G1 X112.409 Y7.459 E-.01877
G1 X112.346 Y7.354 E-.0187
G1 X112.241 Y7.291 E-.0187
G1 X112.136 Y7.227 E-.01877
G1 X112.031 Y7.164 E-.0187
G1 X111.926 Y7.1 E-.01877
G1 X112.114 Y7.08 E-.02887
G1 X112.303 Y7.06 E-.02902
G1 X112.491 Y7.04 E-.02887
G1 X112.68 Y7.02 E-.02902
G1 X112.68 Y7.216 E-.02992
G1 X112.66 Y7.355 E-.02144
G1 X112.64 Y7.495 E-.02159
G1 X112.62 Y7.635 E-.02159
G1 X112.609 Y7.715 E-.01233
;WIPE_END
G1 E-.25836 F2700
G1 X112.605 Y36.743 Z1.907 F21000
G1 X112.605 Y38.882 Z1.94
G1 X112.604 Y41.02 Z1.966
G1 X112.604 Y43.158 Z1.985
G1 X112.604 Y47.435 Z2
G1 X112.6 Y73
G1 Z1.4 F720
G1 E.8 F1500
G1 F4200
G1 X112.6 Y7.774 E3.58937
M204 T250
G1 X112.06 Y7.631 F21000
M204 T7000
;TYPE:External perimeter
;WIDTH:0.449999
G1 F3000
G1 X111.926 Y7.575 E.00577
G1 X8.074 Y7.575 E4.12936
G1 X7.933 Y7.633 E.00606
G1 X7.875 Y7.774 E.00606
G1 X7.875 Y147.5 E5.55578
G1 F2999.998
G1 X7.875 Y148.175 E.02684
G1 X6.925 Y148.175 E.03777
G1 X6.925 Y147.5 E.02684
G1 F3000
G1 X6.925 Y6.625 E5.60147
G1 X113.075 Y6.625 E4.22074
G1 X113.075 Y72.8 E2.63125
M73 P86 R9
G1 F2999.998
G1 X113.075 Y73.475 E.02684
G1 X112.125 Y73.475 E.03777
G1 X112.125 Y72.8 E.02684
G1 F3000
G1 X112.125 Y7.774 E2.58556
G1 X112.087 Y7.682 E.00396
G1 E-.16 F2700
;WIPE_START
G1 F16800
G1 X112.06 Y7.631 E-.00881
G1 X111.926 Y7.575 E-.02217
G1 X107.937 Y7.575 E-.60902
;WIPE_END
G1 X111.471 Y36.387 Z1.907 F21000
G1 X111.731 Y38.51 Z1.94
G1 X111.992 Y40.632 Z1.966
G1 X112.252 Y42.754 Z1.985
G1 X112.773 Y46.999 Z2
G1 X125.658 Y152.048
G1 Z1.4 F720
G1 E.8 F1500
;TYPE:Perimeter
;WIDTH:0.482954
G1 F3000
G1 X125.759 Y152.109 E.00508
;WIDTH:0.52297
G1 X125.864 Y152.173 E.00578
;WIDTH:0.562986
G1 X125.969 Y152.236 E.00625
;WIDTH:0.603002
G1 X126.074 Y152.3 E.00677
G1 X125.886 Y152.32 E.0104
;WIDTH:0.562986
G1 X125.697 Y152.34 E.0097
;WIDTH:0.52297
G1 X125.509 Y152.36 E.00889
;WIDTH:0.482954
G1 X125.32 Y152.38 E.00818
;WIDTH:0.442937
G1 X125.32 Y152.184 E.00766
;WIDTH:0.485511
G1 X125.341 Y152.074 E.00485
;WIDTH:0.528084
G1 X125.363 Y151.964 E.00533
;WIDTH:0.570657
G1 X125.384 Y151.853 E.00585
;WIDTH:0.61323
G1 X125.405 Y151.743 E.00628
G1 X125.467 Y151.819 E.0055
;WIDTH:0.570657
G1 X125.53 Y151.895 E.00511
;WIDTH:0.528084
G1 X125.592 Y151.97 E.00463
;WIDTH:0.485511
G1 X125.619 Y152.003 E.00185
G1 E-.16 F2700
;WIPE_START
G1 F16800
G1 X125.658 Y152.048 E-.00909
G1 X125.759 Y152.109 E-.01801
G1 X125.864 Y152.173 E-.01877
G1 X125.969 Y152.236 E-.0187
G1 X126.074 Y152.3 E-.01877
G1 X125.886 Y152.32 E-.02887
G1 X125.697 Y152.34 E-.02902
G1 X125.509 Y152.36 E-.02887
G1 X125.32 Y152.38 E-.02902
G1 X125.32 Y152.184 E-.02992
G1 X125.341 Y152.074 E-.0171
G1 X125.363 Y151.964 E-.01713
G1 X125.384 Y151.853 E-.01725
G1 X125.405 Y151.743 E-.0171
G1 X125.467 Y151.819 E-.01497
G1 X125.53 Y151.895 E-.01507
G1 X125.592 Y151.97 E-.01486
G1 X125.619 Y152.003 E-.00651
;WIPE_END
G1 E-.29097 F2700
G1 X154.647 Y151.931 Z1.907 F21000
G1 X156.786 Y151.926 Z1.94
G1 X158.924 Y151.921 Z1.966
G1 X161.062 Y151.915 Z1.985
G1 X165.338 Y151.905 Z2
G1 X230.595 Y151.743
G1 Z1.4 F720
G1 E.8 F1500
;WIDTH:0.613234
G1 F3000
G1 X230.616 Y151.853 E.00628
;WIDTH:0.570661
G1 X230.637 Y151.964 E.00585
;WIDTH:0.528087
G1 X230.659 Y152.074 E.00533
;WIDTH:0.485514
G1 X230.68 Y152.184 E.00485
;WIDTH:0.44294
G1 X230.68 Y152.38 E.00766
G1 X230.484 Y152.38 E.00766
;WIDTH:0.48551
G1 X230.374 Y152.359 E.00485
;WIDTH:0.52808
G1 X230.264 Y152.337 E.00533
;WIDTH:0.57065
G1 X230.153 Y152.316 E.00585
;WIDTH:0.61322
G1 X230.043 Y152.295 E.00628
G1 X230.119 Y152.233 E.0055
;WIDTH:0.57065
G1 X230.195 Y152.17 E.00511
;WIDTH:0.52808
G1 X230.27 Y152.108 E.00463
;WIDTH:0.48551
G1 X230.346 Y152.046 E.00425
G1 X230.408 Y151.97 E.00425
;WIDTH:0.528087
G1 X230.47 Y151.895 E.00463
;WIDTH:0.570661
G1 X230.533 Y151.819 E.00511
;WIDTH:0.613234
G1 X230.557 Y151.789 E.00215
G1 E-.16 F2700
;WIPE_START
G1 F16800
G1 X230.595 Y151.743 E-.00911
G1 X230.616 Y151.853 E-.0171
G1 X230.637 Y151.964 E-.01725
G1 X230.659 Y152.074 E-.01713
G1 X230.68 Y152.184 E-.0171
G1 X230.68 Y152.38 E-.02992
G1 X230.484 Y152.38 E-.02992
G1 X230.374 Y152.359 E-.0171
G1 X230.264 Y152.337 E-.01713
G1 X230.153 Y152.316 E-.01725
G1 X230.043 Y152.295 E-.0171
G1 X230.119 Y152.233 E-.01497
G1 X230.195 Y152.17 E-.01507
G1 X230.27 Y152.108 E-.01486
G1 X230.346 Y152.046 E-.01497
G1 X230.408 Y151.97 E-.01497
G1 X230.47 Y151.895 E-.01486
G1 X230.533 Y151.819 E-.01507
G1 X230.557 Y151.789 E-.00587
;WIPE_END
G1 E-.32325 F2700
G1 X230.581 Y122.761 Z1.907 F21000
G1 X230.583 Y120.622 Z1.94
G1 X230.584 Y118.484 Z1.966
G1 X230.586 Y116.346 Z1.985
G1 X230.59 Y112.069 Z2
G1 X230.6 Y99.4
G1 Z1.4 F720
G1 E.8 F1500
;WIDTH:0.603018
G1 F4200
G1 X230.6 Y151.626 E2.87401
;WIDTH:0.613234
G1 X230.595 Y151.743 E.00656
G1 X230.043 Y152.295 F21000
;WIDTH:0.61322
G1 F4200
G1 X229.926 Y152.3 E.00656
;WIDTH:0.603002
G1 X126.074 Y152.3 E5.71484
G1 X125.405 Y151.743 F21000
;WIDTH:0.61323
G1 F4200
G1 X125.4 Y151.626 E.00656
;WIDTH:0.60301
G1 X125.4 Y11.7 E7.70006
G1 E-.16 F2700
;WIPE_START
G1 F16800
G1 X125.4 Y15.892 E-.64
;WIPE_END
G1 X125.515 Y44.92 Z1.907 F21000
G1 X125.524 Y47.058 Z1.94
G1 X125.532 Y49.197 Z1.966
G1 X125.541 Y51.335 Z1.985
G1 X125.558 Y55.611 Z2
G1 X125.94 Y151.769
G1 Z1.4 F720
G1 E.8 F1500
;TYPE:External perimeter
;WIDTH:0.449999
G1 F3000
G1 X126.074 Y151.825 E.00577
G1 X229.926 Y151.825 E4.12936
G1 X230.067 Y151.767 E.00606
G1 X230.125 Y151.626 E.00606
G1 X230.125 Y99.6 E2.06866
G1 F2999.998
G1 X230.125 Y98.925 E.02684
G1 X231.075 Y98.925 E.03777
G1 X231.075 Y99.6 E.02684
G1 F3000
G1 X231.075 Y152.775 E2.11434
G1 X124.925 Y152.775 E4.22074
G1 X124.925 Y11.9 E5.60147
G1 F2999.998
G1 X124.925 Y11.225 E.02684
G1 X125.875 Y11.225 E.03777
G1 X125.875 Y11.9 E.02684
G1 F3000
G1 X125.875 Y151.626 E5.55578
G1 X125.913 Y151.718 E.00396
M73 P86 R8
;LAYER_CHANGE
;Z:1.64
;HEIGHT:0.24
;BEFORE_LAYER_CHANGE
G92 E0.0
;1.64


G1 E-.16 F2700
;WIPE_START
G1 F16800
G1 X125.94 Y151.769 E-.00881
G1 X126.074 Y151.825 E-.02217
G1 X130.063 Y151.825 E-.60902
;WIPE_END
G1 X130.063 Y151.825 Z1.4 F21000
G1 X151.817 Y132.605 Z1.907
G1 X153.42 Y131.189 Z1.94
G1 X155.022 Y129.774 Z1.966
G1 X156.624 Y128.358 Z1.985
G1 X159.829 Y125.526 Z2
G1 X230.6 Y63 Z2
;AFTER_LAYER_CHANGE
;1.64
G1 Z1.64 F720
G1 E.8 F1500
;TYPE:Perimeter
;WIDTH:0.603018
G1 F3000
G1 X230.6 Y55.4 E.41823
M204 T250
G1 X230.125 Y54.925 F21000
M204 T7000
;TYPE:External perimeter
;WIDTH:0.449999
G1 F2999.998
G1 X231.075 Y54.925 E.03777
G1 X231.075 Y63.475 E.33997
G1 X230.125 Y63.475 E.03777
G1 X230.125 Y54.985 E.33758
G1 E-.16 F2700
;WIPE_START
G1 F16800
G1 X230.125 Y54.925 E-.00916
G1 X231.075 Y54.925 E-.14504
G1 X231.075 Y58.107 E-.4858
;WIPE_END
G1 X204.128 Y68.901 Z2.147 F21000
G1 X202.143 Y69.696 Z2.18
G1 X200.158 Y70.491 Z2.206
G1 X198.173 Y71.286 Z2.225
G1 X194.203 Y72.876 Z2.24
G1 X7.4 Y147.7
G1 Z1.64 F720
G1 E.8 F1500
;TYPE:Perimeter
;WIDTH:0.60301
G1 F4200
G1 X7.4 Y7.774 E7.70006
G1 X7.957 Y7.105 F21000
;WIDTH:0.613228
G1 F3000
G1 X7.881 Y7.167 E.0055
;WIDTH:0.570656
G1 X7.805 Y7.23 E.00511
;WIDTH:0.528084
G1 X7.73 Y7.292 E.00463
;WIDTH:0.485512
G1 X7.654 Y7.354 E.00425
;WIDTH:0.482957
G1 X7.591 Y7.459 E.00527
;WIDTH:0.522975
G1 X7.527 Y7.564 E.00578
;WIDTH:0.562993
G1 X7.464 Y7.669 E.00625
;WIDTH:0.60301
G1 X7.4 Y7.774 E.00677
G1 X7.38 Y7.586 E.0104
;WIDTH:0.562993
G1 X7.36 Y7.397 E.0097
;WIDTH:0.522975
G1 X7.34 Y7.209 E.00889
;WIDTH:0.482957
G1 X7.32 Y7.02 E.00818
;WIDTH:0.442939
G1 X7.516 Y7.02 E.00766
;WIDTH:0.485512
G1 X7.626 Y7.041 E.00485
M73 Q86 S10
;WIDTH:0.528084
G1 X7.736 Y7.063 E.00533
;WIDTH:0.570656
G1 X7.847 Y7.084 E.00585
;WIDTH:0.613228
G1 X7.898 Y7.094 E.00291
G1 X7.957 Y7.105 F21000
G1 F4200
G1 X8.074 Y7.1 E.00656
;WIDTH:0.60301
G1 X111.926 Y7.1 E5.71492
G1 X112.6 Y7.774 F21000
M73 Q86 S9
;WIDTH:0.603012
G1 F3000
G1 X112.536 Y7.669 E.00677
;WIDTH:0.562994
G1 X112.473 Y7.564 E.00625
;WIDTH:0.522976
G1 X112.409 Y7.459 E.00578
;WIDTH:0.482958
G1 X112.346 Y7.354 E.00527
G1 X112.241 Y7.291 E.00527
;WIDTH:0.522975
G1 X112.136 Y7.227 E.00578
;WIDTH:0.562993
G1 X112.031 Y7.164 E.00625
;WIDTH:0.60301
G1 X111.926 Y7.1 E.00677
G1 X112.114 Y7.08 E.0104
;WIDTH:0.562993
G1 X112.303 Y7.06 E.0097
;WIDTH:0.522975
G1 X112.491 Y7.04 E.00889
;WIDTH:0.482958
G1 X112.68 Y7.02 E.00818
;WIDTH:0.44294
G1 X112.68 Y7.216 E.00766
;WIDTH:0.482958
G1 X112.66 Y7.355 E.00605
;WIDTH:0.522976
G1 X112.64 Y7.495 E.00665
;WIDTH:0.562994
G1 X112.62 Y7.635 E.00722
;WIDTH:0.603012
G1 X112.609 Y7.715 E.00444
G1 E-.16 F2700
;WIPE_START
G1 F16800
G1 X112.6 Y7.774 E-.00911
G1 X112.536 Y7.669 E-.01877
G1 X112.473 Y7.564 E-.0187
G1 X112.409 Y7.459 E-.01877
G1 X112.346 Y7.354 E-.0187
G1 X112.241 Y7.291 E-.0187
G1 X112.136 Y7.227 E-.01877
G1 X112.031 Y7.164 E-.0187
G1 X111.926 Y7.1 E-.01877
G1 X112.114 Y7.08 E-.02887
G1 X112.303 Y7.06 E-.02902
G1 X112.491 Y7.04 E-.02887
G1 X112.68 Y7.02 E-.02902
G1 X112.68 Y7.216 E-.02992
G1 X112.66 Y7.355 E-.02144
G1 X112.64 Y7.495 E-.02159
G1 X112.62 Y7.635 E-.02159
G1 X112.609 Y7.715 E-.01233
;WIPE_END
G1 E-.25836 F2700
G1 X112.605 Y36.743 Z2.147 F21000
G1 X112.605 Y38.882 Z2.18
G1 X112.604 Y41.02 Z2.206
G1 X112.604 Y43.158 Z2.225
G1 X112.604 Y47.435 Z2.24
G1 X112.6 Y73
G1 Z1.64 F720
G1 E.8 F1500
G1 F4200
G1 X112.6 Y7.774 E3.58937
M204 T250
G1 X112.06 Y7.631 F21000
M204 T7000
;TYPE:External perimeter
;WIDTH:0.449999
G1 F3000
G1 X111.926 Y7.575 E.00577
G1 F2999.998
G1 X8.074 Y7.575 E4.12936
G1 F3000
G1 X7.933 Y7.633 E.00606
G1 X7.875 Y7.774 E.00606
G1 F2999.998
G1 X7.875 Y148.175 E5.58262
G1 X6.925 Y148.175 E.03777
G1 X6.925 Y6.625 E5.62831
G1 X113.075 Y6.625 E4.22074
G1 X113.075 Y73.475 E2.65809
G1 X112.125 Y73.475 E.03777
M73 P87 R8
G1 X112.125 Y7.774 E2.6124
G1 F3000
G1 X112.087 Y7.682 E.00396
G1 E-.16 F2700
;WIPE_START
G1 F16800
G1 X112.06 Y7.631 E-.00881
G1 X111.926 Y7.575 E-.02217
G1 X107.937 Y7.575 E-.60902
;WIPE_END
G1 X111.471 Y36.387 Z2.147 F21000
G1 X111.731 Y38.51 Z2.18
G1 X111.992 Y40.632 Z2.206
G1 X112.252 Y42.754 Z2.225
G1 X112.773 Y46.999 Z2.24
G1 X125.658 Y152.048
G1 Z1.64 F720
G1 E.8 F1500
;TYPE:Perimeter
;WIDTH:0.482954
G1 F3000
G1 X125.759 Y152.109 E.00508
;WIDTH:0.52297
G1 X125.864 Y152.173 E.00578
;WIDTH:0.562986
G1 X125.969 Y152.236 E.00625
;WIDTH:0.603002
G1 X126.074 Y152.3 E.00677
G1 X125.886 Y152.32 E.0104
;WIDTH:0.562986
G1 X125.697 Y152.34 E.0097
;WIDTH:0.52297
G1 X125.509 Y152.36 E.00889
;WIDTH:0.482954
G1 X125.32 Y152.38 E.00818
;WIDTH:0.442937
G1 X125.32 Y152.184 E.00766
;WIDTH:0.485511
G1 X125.341 Y152.074 E.00485
;WIDTH:0.528084
G1 X125.363 Y151.964 E.00533
;WIDTH:0.570657
G1 X125.384 Y151.853 E.00585
;WIDTH:0.61323
G1 X125.405 Y151.743 E.00628
G1 X125.467 Y151.819 E.0055
;WIDTH:0.570657
G1 X125.53 Y151.895 E.00511
;WIDTH:0.528084
G1 X125.592 Y151.97 E.00463
;WIDTH:0.485511
G1 X125.619 Y152.003 E.00185
G1 E-.16 F2700
;WIPE_START
G1 F16800
G1 X125.658 Y152.048 E-.00909
G1 X125.759 Y152.109 E-.01801
G1 X125.864 Y152.173 E-.01877
G1 X125.969 Y152.236 E-.0187
G1 X126.074 Y152.3 E-.01877
G1 X125.886 Y152.32 E-.02887
G1 X125.697 Y152.34 E-.02902
G1 X125.509 Y152.36 E-.02887
G1 X125.32 Y152.38 E-.02902
G1 X125.32 Y152.184 E-.02992
G1 X125.341 Y152.074 E-.0171
G1 X125.363 Y151.964 E-.01713
G1 X125.384 Y151.853 E-.01725
G1 X125.405 Y151.743 E-.0171
G1 X125.467 Y151.819 E-.01497
G1 X125.53 Y151.895 E-.01507
G1 X125.592 Y151.97 E-.01486
G1 X125.619 Y152.003 E-.00651
;WIPE_END
G1 E-.29097 F2700
G1 X154.647 Y151.931 Z2.147 F21000
G1 X156.786 Y151.926 Z2.18
G1 X158.924 Y151.921 Z2.206
G1 X161.062 Y151.915 Z2.225
G1 X165.338 Y151.905 Z2.24
G1 X230.595 Y151.743
G1 Z1.64 F720
G1 E.8 F1500
;WIDTH:0.613234
G1 F3000
G1 X230.616 Y151.853 E.00628
;WIDTH:0.570661
G1 X230.637 Y151.964 E.00585
;WIDTH:0.528087
G1 X230.659 Y152.074 E.00533
;WIDTH:0.485514
G1 X230.68 Y152.184 E.00485
;WIDTH:0.44294
G1 X230.68 Y152.38 E.00766
G1 X230.484 Y152.38 E.00766
;WIDTH:0.48551
G1 X230.374 Y152.359 E.00485
;WIDTH:0.52808
G1 X230.264 Y152.337 E.00533
;WIDTH:0.57065
G1 X230.153 Y152.316 E.00585
;WIDTH:0.61322
G1 X230.043 Y152.295 E.00628
G1 X230.119 Y152.233 E.0055
;WIDTH:0.57065
G1 X230.195 Y152.17 E.00511
;WIDTH:0.52808
G1 X230.27 Y152.108 E.00463
;WIDTH:0.48551
G1 X230.346 Y152.046 E.00425
G1 X230.408 Y151.97 E.00425
;WIDTH:0.528087
G1 X230.47 Y151.895 E.00463
;WIDTH:0.570661
G1 X230.533 Y151.819 E.00511
;WIDTH:0.613234
G1 X230.557 Y151.789 E.00215
G1 E-.16 F2700
;WIPE_START
G1 F16800
G1 X230.595 Y151.743 E-.00911
G1 X230.616 Y151.853 E-.0171
G1 X230.637 Y151.964 E-.01725
G1 X230.659 Y152.074 E-.01713
G1 X230.68 Y152.184 E-.0171
G1 X230.68 Y152.38 E-.02992
G1 X230.484 Y152.38 E-.02992
G1 X230.374 Y152.359 E-.0171
G1 X230.264 Y152.337 E-.01713
G1 X230.153 Y152.316 E-.01725
G1 X230.043 Y152.295 E-.0171
G1 X230.119 Y152.233 E-.01497
G1 X230.195 Y152.17 E-.01507
G1 X230.27 Y152.108 E-.01486
G1 X230.346 Y152.046 E-.01497
G1 X230.408 Y151.97 E-.01497
G1 X230.47 Y151.895 E-.01486
G1 X230.533 Y151.819 E-.01507
G1 X230.557 Y151.789 E-.00587
;WIPE_END
G1 E-.32325 F2700
G1 X230.581 Y122.761 Z2.147 F21000
G1 X230.583 Y120.622 Z2.18
G1 X230.584 Y118.484 Z2.206
G1 X230.586 Y116.346 Z2.225
G1 X230.59 Y112.069 Z2.24
G1 X230.6 Y99.4
G1 Z1.64 F720
G1 E.8 F1500
;WIDTH:0.603018
G1 F4200
G1 X230.6 Y151.626 E2.87401
;WIDTH:0.613234
G1 X230.595 Y151.743 E.00656
G1 X230.043 Y152.295 F21000
;WIDTH:0.61322
G1 F4200
G1 X229.926 Y152.3 E.00656
;WIDTH:0.603002
G1 X126.074 Y152.3 E5.71484
G1 X125.405 Y151.743 F21000
;WIDTH:0.61323
G1 F4200
G1 X125.4 Y151.626 E.00656
;WIDTH:0.60301
G1 X125.4 Y11.7 E7.70006
G1 E-.16 F2700
;WIPE_START
G1 F16800
G1 X125.4 Y15.892 E-.64
;WIPE_END
G1 X125.515 Y44.92 Z2.147 F21000
G1 X125.524 Y47.058 Z2.18
G1 X125.532 Y49.197 Z2.206
G1 X125.541 Y51.335 Z2.225
G1 X125.558 Y55.611 Z2.24
G1 X125.94 Y151.769
G1 Z1.64 F720
G1 E.8 F1500
;TYPE:External perimeter
;WIDTH:0.449999
G1 F3000
G1 X126.074 Y151.825 E.00577
G1 F2999.998
G1 X229.926 Y151.825 E4.12936
G1 F3000
G1 X230.067 Y151.767 E.00606
G1 X230.125 Y151.626 E.00606
G1 F2999.998
G1 X230.125 Y98.925 E2.0955
G1 X231.075 Y98.925 E.03777
G1 X231.075 Y152.775 E2.14118
G1 X124.925 Y152.775 E4.22074
G1 X124.925 Y11.225 E5.62831
G1 X125.875 Y11.225 E.03777
G1 X125.875 Y151.626 E5.58262
G1 F3000
G1 X125.913 Y151.718 E.00396
;LAYER_CHANGE
;Z:1.88
;HEIGHT:0.24
;BEFORE_LAYER_CHANGE
G92 E0.0
;1.88


G1 E-.16 F2700
;WIPE_START
G1 F16800
G1 X125.94 Y151.769 E-.00881
G1 X126.074 Y151.825 E-.02217
G1 X130.063 Y151.825 E-.60902
;WIPE_END
G1 X130.063 Y151.825 Z1.64 F21000
G1 X151.817 Y132.605 Z2.147
G1 X153.42 Y131.189 Z2.18
G1 X155.022 Y129.774 Z2.206
G1 X156.624 Y128.358 Z2.225
G1 X159.829 Y125.526 Z2.24
G1 X230.6 Y63 Z2.24
;AFTER_LAYER_CHANGE
;1.88
G1 Z1.88 F720
G1 E.8 F1500
;TYPE:Perimeter
;WIDTH:0.603018
G1 F3000
G1 X230.6 Y55.4 E.41823
M204 T250
G1 X230.125 Y54.925 F21000
M204 T7000
;TYPE:External perimeter
;WIDTH:0.449999
G1 F2999.998
G1 X231.075 Y54.925 E.03777
G1 X231.075 Y63.475 E.33997
G1 X230.125 Y63.475 E.03777
G1 X230.125 Y54.985 E.33758
G1 E-.16 F2700
;WIPE_START
G1 F16800
G1 X230.125 Y54.925 E-.00916
G1 X231.075 Y54.925 E-.14504
G1 X231.075 Y58.107 E-.4858
;WIPE_END
G1 X204.128 Y68.901 Z2.387 F21000
G1 X202.143 Y69.696 Z2.42
G1 X200.158 Y70.491 Z2.446
G1 X198.173 Y71.286 Z2.465
G1 X194.203 Y72.876 Z2.48
G1 X7.4 Y147.7
G1 Z1.88 F720
G1 E.8 F1500
;TYPE:Perimeter
;WIDTH:0.60301
G1 F4200
G1 X7.4 Y7.774 E7.70006
G1 X7.957 Y7.105 F21000
M73 Q87 S9
;WIDTH:0.613228
G1 F3000
G1 X7.881 Y7.167 E.0055
;WIDTH:0.570656
G1 X7.805 Y7.23 E.00511
;WIDTH:0.528084
G1 X7.73 Y7.292 E.00463
;WIDTH:0.485512
G1 X7.654 Y7.354 E.00425
;WIDTH:0.482957
G1 X7.591 Y7.459 E.00527
;WIDTH:0.522975
G1 X7.527 Y7.564 E.00578
;WIDTH:0.562993
G1 X7.464 Y7.669 E.00625
;WIDTH:0.60301
G1 X7.4 Y7.774 E.00677
G1 X7.38 Y7.586 E.0104
;WIDTH:0.562993
G1 X7.36 Y7.397 E.0097
;WIDTH:0.522975
G1 X7.34 Y7.209 E.00889
;WIDTH:0.482957
G1 X7.32 Y7.02 E.00818
;WIDTH:0.442939
G1 X7.516 Y7.02 E.00766
;WIDTH:0.485512
G1 X7.626 Y7.041 E.00485
;WIDTH:0.528084
G1 X7.736 Y7.063 E.00533
;WIDTH:0.570656
G1 X7.847 Y7.084 E.00585
;WIDTH:0.613228
G1 X7.898 Y7.094 E.00291
G1 X7.957 Y7.105 F21000
G1 F4200
G1 X8.074 Y7.1 E.00656
;WIDTH:0.60301
G1 X111.926 Y7.1 E5.71492
G1 X112.6 Y7.774 F21000
;WIDTH:0.603012
G1 F3000
G1 X112.536 Y7.669 E.00677
;WIDTH:0.562994
G1 X112.473 Y7.564 E.00625
;WIDTH:0.522976
G1 X112.409 Y7.459 E.00578
;WIDTH:0.482958
G1 X112.346 Y7.354 E.00527
G1 X112.241 Y7.291 E.00527
;WIDTH:0.522975
G1 X112.136 Y7.227 E.00578
;WIDTH:0.562993
G1 X112.031 Y7.164 E.00625
;WIDTH:0.60301
G1 X111.926 Y7.1 E.00677
G1 X112.114 Y7.08 E.0104
;WIDTH:0.562993
G1 X112.303 Y7.06 E.0097
;WIDTH:0.522975
G1 X112.491 Y7.04 E.00889
;WIDTH:0.482958
G1 X112.68 Y7.02 E.00818
;WIDTH:0.44294
G1 X112.68 Y7.216 E.00766
;WIDTH:0.482958
G1 X112.66 Y7.355 E.00605
;WIDTH:0.522976
G1 X112.64 Y7.495 E.00665
;WIDTH:0.562994
G1 X112.62 Y7.635 E.00722
;WIDTH:0.603012
G1 X112.609 Y7.715 E.00444
G1 E-.16 F2700
;WIPE_START
G1 F16800
G1 X112.6 Y7.774 E-.00911
G1 X112.536 Y7.669 E-.01877
G1 X112.473 Y7.564 E-.0187
G1 X112.409 Y7.459 E-.01877
G1 X112.346 Y7.354 E-.0187
G1 X112.241 Y7.291 E-.0187
G1 X112.136 Y7.227 E-.01877
G1 X112.031 Y7.164 E-.0187
G1 X111.926 Y7.1 E-.01877
G1 X112.114 Y7.08 E-.02887
G1 X112.303 Y7.06 E-.02902
G1 X112.491 Y7.04 E-.02887
G1 X112.68 Y7.02 E-.02902
G1 X112.68 Y7.216 E-.02992
G1 X112.66 Y7.355 E-.02144
G1 X112.64 Y7.495 E-.02159
G1 X112.62 Y7.635 E-.02159
G1 X112.609 Y7.715 E-.01233
;WIPE_END
G1 E-.25836 F2700
G1 X112.605 Y36.743 Z2.387 F21000
G1 X112.605 Y38.882 Z2.42
G1 X112.604 Y41.02 Z2.446
G1 X112.604 Y43.158 Z2.465
G1 X112.604 Y47.435 Z2.48
G1 X112.6 Y73
G1 Z1.88 F720
G1 E.8 F1500
G1 F4200
G1 X112.6 Y7.774 E3.58937
M204 T250
G1 X112.06 Y7.631 F21000
M204 T7000
;TYPE:External perimeter
;WIDTH:0.449999
G1 F3000
G1 X111.926 Y7.575 E.00577
G1 F2999.998
G1 X8.074 Y7.575 E4.12936
G1 F3000
G1 X7.933 Y7.633 E.00606
G1 X7.875 Y7.774 E.00606
G1 F2999.998
G1 X7.875 Y148.175 E5.58262
G1 X6.925 Y148.175 E.03777
G1 X6.925 Y6.625 E5.62831
G1 X113.075 Y6.625 E4.22074
G1 X113.075 Y73.475 E2.65809
G1 X112.125 Y73.475 E.03777
G1 X112.125 Y7.774 E2.6124
G1 F3000
M73 P88 R7
G1 X112.087 Y7.682 E.00396
G1 E-.16 F2700
;WIPE_START
G1 F16800
G1 X112.06 Y7.631 E-.00881
G1 X111.926 Y7.575 E-.02217
G1 X107.937 Y7.575 E-.60902
;WIPE_END
G1 X111.471 Y36.387 Z2.387 F21000
G1 X111.731 Y38.51 Z2.42
G1 X111.992 Y40.632 Z2.446
G1 X112.252 Y42.754 Z2.465
G1 X112.773 Y46.999 Z2.48
G1 X125.658 Y152.048
G1 Z1.88 F720
G1 E.8 F1500
;TYPE:Perimeter
;WIDTH:0.482954
G1 F3000
G1 X125.759 Y152.109 E.00508
;WIDTH:0.52297
G1 X125.864 Y152.173 E.00578
;WIDTH:0.562986
G1 X125.969 Y152.236 E.00625
;WIDTH:0.603002
G1 X126.074 Y152.3 E.00677
G1 X125.886 Y152.32 E.0104
;WIDTH:0.562986
G1 X125.697 Y152.34 E.0097
;WIDTH:0.52297
G1 X125.509 Y152.36 E.00889
;WIDTH:0.482954
G1 X125.32 Y152.38 E.00818
;WIDTH:0.442937
G1 X125.32 Y152.184 E.00766
;WIDTH:0.485511
G1 X125.341 Y152.074 E.00485
;WIDTH:0.528084
G1 X125.363 Y151.964 E.00533
;WIDTH:0.570657
G1 X125.384 Y151.853 E.00585
;WIDTH:0.61323
G1 X125.405 Y151.743 E.00628
G1 X125.467 Y151.819 E.0055
;WIDTH:0.570657
G1 X125.53 Y151.895 E.00511
;WIDTH:0.528084
G1 X125.592 Y151.97 E.00463
;WIDTH:0.485511
G1 X125.619 Y152.003 E.00185
G1 E-.16 F2700
;WIPE_START
G1 F16800
G1 X125.658 Y152.048 E-.00909
G1 X125.759 Y152.109 E-.01801
G1 X125.864 Y152.173 E-.01877
G1 X125.969 Y152.236 E-.0187
G1 X126.074 Y152.3 E-.01877
G1 X125.886 Y152.32 E-.02887
G1 X125.697 Y152.34 E-.02902
G1 X125.509 Y152.36 E-.02887
G1 X125.32 Y152.38 E-.02902
G1 X125.32 Y152.184 E-.02992
G1 X125.341 Y152.074 E-.0171
G1 X125.363 Y151.964 E-.01713
G1 X125.384 Y151.853 E-.01725
G1 X125.405 Y151.743 E-.0171
G1 X125.467 Y151.819 E-.01497
G1 X125.53 Y151.895 E-.01507
G1 X125.592 Y151.97 E-.01486
G1 X125.619 Y152.003 E-.00651
;WIPE_END
G1 E-.29097 F2700
G1 X154.647 Y151.931 Z2.387 F21000
G1 X156.786 Y151.926 Z2.42
G1 X158.924 Y151.921 Z2.446
M73 Q87 S8
G1 X161.062 Y151.915 Z2.465
G1 X165.338 Y151.905 Z2.48
G1 X230.595 Y151.743
G1 Z1.88 F720
G1 E.8 F1500
;WIDTH:0.613234
G1 F3000
G1 X230.616 Y151.853 E.00628
;WIDTH:0.570661
G1 X230.637 Y151.964 E.00585
;WIDTH:0.528087
G1 X230.659 Y152.074 E.00533
;WIDTH:0.485514
G1 X230.68 Y152.184 E.00485
;WIDTH:0.44294
G1 X230.68 Y152.38 E.00766
G1 X230.484 Y152.38 E.00766
;WIDTH:0.48551
G1 X230.374 Y152.359 E.00485
;WIDTH:0.52808
G1 X230.264 Y152.337 E.00533
;WIDTH:0.57065
G1 X230.153 Y152.316 E.00585
;WIDTH:0.61322
G1 X230.043 Y152.295 E.00628
G1 X230.119 Y152.233 E.0055
;WIDTH:0.57065
G1 X230.195 Y152.17 E.00511
;WIDTH:0.52808
G1 X230.27 Y152.108 E.00463
;WIDTH:0.48551
G1 X230.346 Y152.046 E.00425
G1 X230.408 Y151.97 E.00425
;WIDTH:0.528087
G1 X230.47 Y151.895 E.00463
;WIDTH:0.570661
G1 X230.533 Y151.819 E.00511
;WIDTH:0.613234
G1 X230.557 Y151.789 E.00215
G1 E-.16 F2700
;WIPE_START
G1 F16800
G1 X230.595 Y151.743 E-.00911
G1 X230.616 Y151.853 E-.0171
G1 X230.637 Y151.964 E-.01725
G1 X230.659 Y152.074 E-.01713
G1 X230.68 Y152.184 E-.0171
G1 X230.68 Y152.38 E-.02992
G1 X230.484 Y152.38 E-.02992
G1 X230.374 Y152.359 E-.0171
G1 X230.264 Y152.337 E-.01713
G1 X230.153 Y152.316 E-.01725
G1 X230.043 Y152.295 E-.0171
G1 X230.119 Y152.233 E-.01497
G1 X230.195 Y152.17 E-.01507
G1 X230.27 Y152.108 E-.01486
G1 X230.346 Y152.046 E-.01497
G1 X230.408 Y151.97 E-.01497
G1 X230.47 Y151.895 E-.01486
G1 X230.533 Y151.819 E-.01507
G1 X230.557 Y151.789 E-.00587
;WIPE_END
G1 E-.32325 F2700
G1 X230.581 Y122.761 Z2.387 F21000
G1 X230.583 Y120.622 Z2.42
G1 X230.584 Y118.484 Z2.446
G1 X230.586 Y116.346 Z2.465
G1 X230.59 Y112.069 Z2.48
G1 X230.6 Y99.4
G1 Z1.88 F720
G1 E.8 F1500
;WIDTH:0.603018
G1 F4200
G1 X230.6 Y151.626 E2.87401
;WIDTH:0.613234
G1 X230.595 Y151.743 E.00656
G1 X230.043 Y152.295 F21000
;WIDTH:0.61322
G1 F4200
G1 X229.926 Y152.3 E.00656
;WIDTH:0.603002
G1 X126.074 Y152.3 E5.71484
G1 X125.405 Y151.743 F21000
;WIDTH:0.61323
G1 F4200
G1 X125.4 Y151.626 E.00656
;WIDTH:0.60301
G1 X125.4 Y11.7 E7.70006
G1 E-.16 F2700
;WIPE_START
G1 F16800
G1 X125.4 Y15.892 E-.64
;WIPE_END
G1 X125.515 Y44.92 Z2.387 F21000
G1 X125.524 Y47.058 Z2.42
G1 X125.532 Y49.197 Z2.446
G1 X125.541 Y51.335 Z2.465
G1 X125.558 Y55.611 Z2.48
G1 X125.94 Y151.769
G1 Z1.88 F720
G1 E.8 F1500
;TYPE:External perimeter
;WIDTH:0.449999
G1 F3000
G1 X126.074 Y151.825 E.00577
G1 F2999.998
G1 X229.926 Y151.825 E4.12936
G1 F3000
G1 X230.067 Y151.767 E.00606
G1 X230.125 Y151.626 E.00606
G1 F2999.998
G1 X230.125 Y98.925 E2.0955
G1 X231.075 Y98.925 E.03777
G1 X231.075 Y152.775 E2.14118
G1 X124.925 Y152.775 E4.22074
G1 X124.925 Y11.225 E5.62831
G1 X125.875 Y11.225 E.03777
G1 X125.875 Y151.626 E5.58262
G1 F3000
G1 X125.913 Y151.718 E.00396
;LAYER_CHANGE
;Z:2.12
;HEIGHT:0.24
;BEFORE_LAYER_CHANGE
G92 E0.0
;2.12


G1 E-.16 F2700
;WIPE_START
G1 F16800
G1 X125.94 Y151.769 E-.00881
G1 X126.074 Y151.825 E-.02217
G1 X130.063 Y151.825 E-.60902
;WIPE_END
G1 X130.063 Y151.825 Z1.88 F21000
G1 X151.817 Y132.605 Z2.387
G1 X153.42 Y131.189 Z2.42
G1 X155.022 Y129.774 Z2.446
G1 X156.624 Y128.358 Z2.465
G1 X159.829 Y125.526 Z2.48
G1 X230.6 Y63 Z2.48
;AFTER_LAYER_CHANGE
;2.12
G1 Z2.12 F720
G1 E.8 F1500
;TYPE:Perimeter
;WIDTH:0.603018
G1 F3000
G1 X230.6 Y55.4 E.41823
M204 T250
G1 X230.125 Y54.925 F21000
M204 T7000
;TYPE:External perimeter
;WIDTH:0.449999
G1 F2999.998
G1 X231.075 Y54.925 E.03777
G1 X231.075 Y63.475 E.33997
G1 X230.125 Y63.475 E.03777
G1 X230.125 Y54.985 E.33758
G1 E-.16 F2700
;WIPE_START
G1 F16800
G1 X230.125 Y54.925 E-.00916
G1 X231.075 Y54.925 E-.14504
G1 X231.075 Y58.107 E-.4858
;WIPE_END
G1 X204.128 Y68.901 Z2.627 F21000
G1 X202.143 Y69.696 Z2.66
G1 X200.158 Y70.491 Z2.686
G1 X198.173 Y71.286 Z2.705
G1 X194.203 Y72.876 Z2.72
G1 X7.4 Y147.7
G1 Z2.12 F720
G1 E.8 F1500
;TYPE:Perimeter
;WIDTH:0.60301
G1 F4200
G1 X7.4 Y7.774 E7.70006
G1 X7.957 Y7.105 F21000
M73 Q88 S8
;WIDTH:0.613228
G1 F3000
G1 X7.881 Y7.167 E.0055
;WIDTH:0.570656
G1 X7.805 Y7.23 E.00511
;WIDTH:0.528084
G1 X7.73 Y7.292 E.00463
;WIDTH:0.485512
G1 X7.654 Y7.354 E.00425
;WIDTH:0.482957
G1 X7.591 Y7.459 E.00527
;WIDTH:0.522975
G1 X7.527 Y7.564 E.00578
;WIDTH:0.562993
G1 X7.464 Y7.669 E.00625
;WIDTH:0.60301
G1 X7.4 Y7.774 E.00677
G1 X7.38 Y7.586 E.0104
;WIDTH:0.562993
G1 X7.36 Y7.397 E.0097
;WIDTH:0.522975
G1 X7.34 Y7.209 E.00889
;WIDTH:0.482957
G1 X7.32 Y7.02 E.00818
;WIDTH:0.442939
G1 X7.516 Y7.02 E.00766
;WIDTH:0.485512
G1 X7.626 Y7.041 E.00485
;WIDTH:0.528084
G1 X7.736 Y7.063 E.00533
;WIDTH:0.570656
G1 X7.847 Y7.084 E.00585
;WIDTH:0.613228
G1 X7.898 Y7.094 E.00291
G1 X7.957 Y7.105 F21000
G1 F4200
G1 X8.074 Y7.1 E.00656
;WIDTH:0.60301
G1 X111.926 Y7.1 E5.71492
G1 X112.6 Y7.774 F21000
;WIDTH:0.603012
G1 F3000
G1 X112.536 Y7.669 E.00677
;WIDTH:0.562994
G1 X112.473 Y7.564 E.00625
;WIDTH:0.522976
G1 X112.409 Y7.459 E.00578
;WIDTH:0.482958
G1 X112.346 Y7.354 E.00527
G1 X112.241 Y7.291 E.00527
;WIDTH:0.522975
G1 X112.136 Y7.227 E.00578
;WIDTH:0.562993
G1 X112.031 Y7.164 E.00625
;WIDTH:0.60301
G1 X111.926 Y7.1 E.00677
G1 X112.114 Y7.08 E.0104
;WIDTH:0.562993
G1 X112.303 Y7.06 E.0097
;WIDTH:0.522975
G1 X112.491 Y7.04 E.00889
;WIDTH:0.482958
G1 X112.68 Y7.02 E.00818
;WIDTH:0.44294
G1 X112.68 Y7.216 E.00766
;WIDTH:0.482958
G1 X112.66 Y7.355 E.00605
;WIDTH:0.522976
G1 X112.64 Y7.495 E.00665
;WIDTH:0.562994
G1 X112.62 Y7.635 E.00722
;WIDTH:0.603012
G1 X112.609 Y7.715 E.00444
G1 E-.16 F2700
;WIPE_START
G1 F16800
G1 X112.6 Y7.774 E-.00911
G1 X112.536 Y7.669 E-.01877
G1 X112.473 Y7.564 E-.0187
G1 X112.409 Y7.459 E-.01877
G1 X112.346 Y7.354 E-.0187
G1 X112.241 Y7.291 E-.0187
G1 X112.136 Y7.227 E-.01877
G1 X112.031 Y7.164 E-.0187
G1 X111.926 Y7.1 E-.01877
G1 X112.114 Y7.08 E-.02887
G1 X112.303 Y7.06 E-.02902
G1 X112.491 Y7.04 E-.02887
G1 X112.68 Y7.02 E-.02902
G1 X112.68 Y7.216 E-.02992
G1 X112.66 Y7.355 E-.02144
G1 X112.64 Y7.495 E-.02159
G1 X112.62 Y7.635 E-.02159
G1 X112.609 Y7.715 E-.01233
;WIPE_END
G1 E-.25836 F2700
G1 X112.605 Y36.743 Z2.627 F21000
G1 X112.605 Y38.882 Z2.66
G1 X112.604 Y41.02 Z2.686
G1 X112.604 Y43.158 Z2.705
G1 X112.604 Y47.435 Z2.72
G1 X112.6 Y73
G1 Z2.12 F720
G1 E.8 F1500
G1 F4200
G1 X112.6 Y7.774 E3.58937
M204 T250
G1 X112.06 Y7.631 F21000
M204 T7000
;TYPE:External perimeter
;WIDTH:0.449999
G1 F3000
G1 X111.926 Y7.575 E.00577
G1 F2999.998
G1 X8.074 Y7.575 E4.12936
G1 F3000
G1 X7.933 Y7.633 E.00606
G1 X7.875 Y7.774 E.00606
G1 F2999.998
G1 X7.875 Y148.175 E5.58262
G1 X6.925 Y148.175 E.03777
G1 X6.925 Y6.625 E5.62831
G1 X113.075 Y6.625 E4.22074
G1 X113.075 Y73.475 E2.65809
G1 X112.125 Y73.475 E.03777
G1 X112.125 Y7.774 E2.6124
G1 F3000
G1 X112.087 Y7.682 E.00396
G1 E-.16 F2700
;WIPE_START
G1 F16800
G1 X112.06 Y7.631 E-.00881
G1 X111.926 Y7.575 E-.02217
G1 X107.937 Y7.575 E-.60902
;WIPE_END
G1 X111.471 Y36.387 Z2.627 F21000
G1 X111.731 Y38.51 Z2.66
G1 X111.992 Y40.632 Z2.686
G1 X112.252 Y42.754 Z2.705
G1 X112.773 Y46.999 Z2.72
G1 X125.658 Y152.048
G1 Z2.12 F720
G1 E.8 F1500
;TYPE:Perimeter
;WIDTH:0.482954
G1 F3000
G1 X125.759 Y152.109 E.00508
;WIDTH:0.52297
G1 X125.864 Y152.173 E.00578
;WIDTH:0.562986
G1 X125.969 Y152.236 E.00625
;WIDTH:0.603002
G1 X126.074 Y152.3 E.00677
G1 X125.886 Y152.32 E.0104
;WIDTH:0.562986
G1 X125.697 Y152.34 E.0097
;WIDTH:0.52297
G1 X125.509 Y152.36 E.00889
;WIDTH:0.482954
G1 X125.32 Y152.38 E.00818
;WIDTH:0.442937
G1 X125.32 Y152.184 E.00766
;WIDTH:0.485511
G1 X125.341 Y152.074 E.00485
;WIDTH:0.528084
G1 X125.363 Y151.964 E.00533
;WIDTH:0.570657
G1 X125.384 Y151.853 E.00585
;WIDTH:0.61323
G1 X125.405 Y151.743 E.00628
G1 X125.467 Y151.819 E.0055
;WIDTH:0.570657
G1 X125.53 Y151.895 E.00511
;WIDTH:0.528084
G1 X125.592 Y151.97 E.00463
;WIDTH:0.485511
G1 X125.619 Y152.003 E.00185
G1 E-.16 F2700
;WIPE_START
G1 F16800
G1 X125.658 Y152.048 E-.00909
G1 X125.759 Y152.109 E-.01801
G1 X125.864 Y152.173 E-.01877
G1 X125.969 Y152.236 E-.0187
G1 X126.074 Y152.3 E-.01877
G1 X125.886 Y152.32 E-.02887
G1 X125.697 Y152.34 E-.02902
G1 X125.509 Y152.36 E-.02887
G1 X125.32 Y152.38 E-.02902
G1 X125.32 Y152.184 E-.02992
G1 X125.341 Y152.074 E-.0171
G1 X125.363 Y151.964 E-.01713
G1 X125.384 Y151.853 E-.01725
G1 X125.405 Y151.743 E-.0171
G1 X125.467 Y151.819 E-.01497
G1 X125.53 Y151.895 E-.01507
G1 X125.592 Y151.97 E-.01486
G1 X125.619 Y152.003 E-.00651
;WIPE_END
G1 E-.29097 F2700
G1 X154.647 Y151.931 Z2.627 F21000
G1 X156.786 Y151.926 Z2.66
M73 P89 R7
G1 X158.924 Y151.921 Z2.686
G1 X161.062 Y151.915 Z2.705
G1 X165.338 Y151.905 Z2.72
G1 X230.595 Y151.743
G1 Z2.12 F720
G1 E.8 F1500
;WIDTH:0.613234
G1 F3000
G1 X230.616 Y151.853 E.00628
;WIDTH:0.570661
G1 X230.637 Y151.964 E.00585
;WIDTH:0.528087
G1 X230.659 Y152.074 E.00533
;WIDTH:0.485514
G1 X230.68 Y152.184 E.00485
;WIDTH:0.44294
G1 X230.68 Y152.38 E.00766
G1 X230.484 Y152.38 E.00766
;WIDTH:0.48551
G1 X230.374 Y152.359 E.00485
;WIDTH:0.52808
G1 X230.264 Y152.337 E.00533
;WIDTH:0.57065
G1 X230.153 Y152.316 E.00585
;WIDTH:0.61322
G1 X230.043 Y152.295 E.00628
G1 X230.119 Y152.233 E.0055
;WIDTH:0.57065
G1 X230.195 Y152.17 E.00511
;WIDTH:0.52808
G1 X230.27 Y152.108 E.00463
;WIDTH:0.48551
G1 X230.346 Y152.046 E.00425
G1 X230.408 Y151.97 E.00425
;WIDTH:0.528087
G1 X230.47 Y151.895 E.00463
;WIDTH:0.570661
G1 X230.533 Y151.819 E.00511
;WIDTH:0.613234
G1 X230.557 Y151.789 E.00215
G1 E-.16 F2700
;WIPE_START
G1 F16800
G1 X230.595 Y151.743 E-.00911
G1 X230.616 Y151.853 E-.0171
G1 X230.637 Y151.964 E-.01725
G1 X230.659 Y152.074 E-.01713
G1 X230.68 Y152.184 E-.0171
G1 X230.68 Y152.38 E-.02992
G1 X230.484 Y152.38 E-.02992
G1 X230.374 Y152.359 E-.0171
G1 X230.264 Y152.337 E-.01713
G1 X230.153 Y152.316 E-.01725
G1 X230.043 Y152.295 E-.0171
G1 X230.119 Y152.233 E-.01497
G1 X230.195 Y152.17 E-.01507
G1 X230.27 Y152.108 E-.01486
G1 X230.346 Y152.046 E-.01497
G1 X230.408 Y151.97 E-.01497
G1 X230.47 Y151.895 E-.01486
G1 X230.533 Y151.819 E-.01507
G1 X230.557 Y151.789 E-.00587
;WIPE_END
G1 E-.32325 F2700
G1 X230.581 Y122.761 Z2.627 F21000
G1 X230.583 Y120.622 Z2.66
G1 X230.584 Y118.484 Z2.686
G1 X230.586 Y116.346 Z2.705
G1 X230.59 Y112.069 Z2.72
G1 X230.6 Y99.4
G1 Z2.12 F720
G1 E.8 F1500
;WIDTH:0.603018
G1 F4200
G1 X230.6 Y151.626 E2.87401
;WIDTH:0.613234
G1 X230.595 Y151.743 E.00656
G1 X230.043 Y152.295 F21000
;WIDTH:0.61322
G1 F4200
G1 X229.926 Y152.3 E.00656
;WIDTH:0.603002
G1 X126.074 Y152.3 E5.71484
G1 X125.405 Y151.743 F21000
;WIDTH:0.61323
G1 F4200
G1 X125.4 Y151.626 E.00656
;WIDTH:0.60301
G1 X125.4 Y11.7 E7.70006
G1 E-.16 F2700
;WIPE_START
G1 F16800
G1 X125.4 Y15.892 E-.64
;WIPE_END
G1 X125.515 Y44.92 Z2.627 F21000
G1 X125.524 Y47.058 Z2.66
G1 X125.532 Y49.197 Z2.686
G1 X125.541 Y51.335 Z2.705
G1 X125.558 Y55.611 Z2.72
G1 X125.94 Y151.769
G1 Z2.12 F720
G1 E.8 F1500
;TYPE:External perimeter
;WIDTH:0.449999
G1 F3000
G1 X126.074 Y151.825 E.00577
G1 F2999.998
G1 X229.926 Y151.825 E4.12936
G1 F3000
G1 X230.067 Y151.767 E.00606
G1 X230.125 Y151.626 E.00606
G1 F2999.998
G1 X230.125 Y98.925 E2.0955
G1 X231.075 Y98.925 E.03777
G1 X231.075 Y152.775 E2.14118
G1 X124.925 Y152.775 E4.22074
G1 X124.925 Y11.225 E5.62831
G1 X125.875 Y11.225 E.03777
G1 X125.875 Y151.626 E5.58262
G1 F3000
M73 Q88 S7
G1 X125.913 Y151.718 E.00396
;LAYER_CHANGE
;Z:2.36
;HEIGHT:0.24
;BEFORE_LAYER_CHANGE
G92 E0.0
;2.36


G1 E-.16 F2700
;WIPE_START
G1 F16800
G1 X125.94 Y151.769 E-.00881
G1 X126.074 Y151.825 E-.02217
G1 X130.063 Y151.825 E-.60902
;WIPE_END
G1 X130.063 Y151.825 Z2.12 F21000
G1 X151.817 Y132.605 Z2.627
G1 X153.42 Y131.189 Z2.66
G1 X155.022 Y129.774 Z2.686
G1 X156.624 Y128.358 Z2.705
G1 X159.829 Y125.526 Z2.72
G1 X230.6 Y63 Z2.72
;AFTER_LAYER_CHANGE
;2.36
G1 Z2.36 F720
G1 E.8 F1500
;TYPE:Perimeter
;WIDTH:0.603018
G1 F3000
G1 X230.6 Y55.4 E.41823
M204 T250
G1 X230.125 Y54.925 F21000
M204 T7000
;TYPE:External perimeter
;WIDTH:0.449999
G1 F2999.998
G1 X231.075 Y54.925 E.03777
G1 X231.075 Y63.475 E.33997
G1 X230.125 Y63.475 E.03777
G1 X230.125 Y54.985 E.33758
G1 E-.16 F2700
;WIPE_START
G1 F16800
G1 X230.125 Y54.925 E-.00916
G1 X231.075 Y54.925 E-.14504
G1 X231.075 Y58.107 E-.4858
;WIPE_END
G1 X204.128 Y68.901 Z2.867 F21000
G1 X202.143 Y69.696 Z2.9
G1 X200.158 Y70.491 Z2.926
G1 X198.173 Y71.286 Z2.945
G1 X194.203 Y72.876 Z2.96
G1 X7.4 Y147.7
G1 Z2.36 F720
G1 E.8 F1500
;TYPE:Perimeter
;WIDTH:0.60301
G1 F4200
G1 X7.4 Y7.774 E7.70006
G1 X7.957 Y7.105 F21000
M73 P89 R6
M73 Q89 S7
;WIDTH:0.613228
G1 F3000
G1 X7.881 Y7.167 E.0055
;WIDTH:0.570656
G1 X7.805 Y7.23 E.00511
;WIDTH:0.528084
G1 X7.73 Y7.292 E.00463
;WIDTH:0.485512
G1 X7.654 Y7.354 E.00425
;WIDTH:0.482957
G1 X7.591 Y7.459 E.00527
;WIDTH:0.522975
G1 X7.527 Y7.564 E.00578
;WIDTH:0.562993
G1 X7.464 Y7.669 E.00625
;WIDTH:0.60301
G1 X7.4 Y7.774 E.00677
G1 X7.38 Y7.586 E.0104
;WIDTH:0.562993
G1 X7.36 Y7.397 E.0097
;WIDTH:0.522975
G1 X7.34 Y7.209 E.00889
;WIDTH:0.482957
G1 X7.32 Y7.02 E.00818
;WIDTH:0.442939
G1 X7.516 Y7.02 E.00766
;WIDTH:0.485512
G1 X7.626 Y7.041 E.00485
;WIDTH:0.528084
G1 X7.736 Y7.063 E.00533
;WIDTH:0.570656
G1 X7.847 Y7.084 E.00585
;WIDTH:0.613228
G1 X7.898 Y7.094 E.00291
G1 X7.957 Y7.105 F21000
G1 F4200
G1 X8.074 Y7.1 E.00656
;WIDTH:0.60301
G1 X111.926 Y7.1 E5.71492
G1 X112.6 Y7.774 F21000
;WIDTH:0.603012
G1 F3000
G1 X112.536 Y7.669 E.00677
;WIDTH:0.562994
G1 X112.473 Y7.564 E.00625
;WIDTH:0.522976
G1 X112.409 Y7.459 E.00578
;WIDTH:0.482958
G1 X112.346 Y7.354 E.00527
G1 X112.241 Y7.291 E.00527
;WIDTH:0.522975
G1 X112.136 Y7.227 E.00578
;WIDTH:0.562993
G1 X112.031 Y7.164 E.00625
;WIDTH:0.60301
G1 X111.926 Y7.1 E.00677
G1 X112.114 Y7.08 E.0104
;WIDTH:0.562993
G1 X112.303 Y7.06 E.0097
;WIDTH:0.522975
G1 X112.491 Y7.04 E.00889
;WIDTH:0.482958
G1 X112.68 Y7.02 E.00818
;WIDTH:0.44294
G1 X112.68 Y7.216 E.00766
;WIDTH:0.482958
G1 X112.66 Y7.355 E.00605
;WIDTH:0.522976
G1 X112.64 Y7.495 E.00665
;WIDTH:0.562994
G1 X112.62 Y7.635 E.00722
;WIDTH:0.603012
G1 X112.609 Y7.715 E.00444
G1 E-.16 F2700
;WIPE_START
G1 F16800
G1 X112.6 Y7.774 E-.00911
G1 X112.536 Y7.669 E-.01877
G1 X112.473 Y7.564 E-.0187
G1 X112.409 Y7.459 E-.01877
G1 X112.346 Y7.354 E-.0187
G1 X112.241 Y7.291 E-.0187
G1 X112.136 Y7.227 E-.01877
G1 X112.031 Y7.164 E-.0187
G1 X111.926 Y7.1 E-.01877
G1 X112.114 Y7.08 E-.02887
G1 X112.303 Y7.06 E-.02902
G1 X112.491 Y7.04 E-.02887
G1 X112.68 Y7.02 E-.02902
G1 X112.68 Y7.216 E-.02992
G1 X112.66 Y7.355 E-.02144
G1 X112.64 Y7.495 E-.02159
G1 X112.62 Y7.635 E-.02159
G1 X112.609 Y7.715 E-.01233
;WIPE_END
G1 E-.25836 F2700
G1 X112.605 Y36.743 Z2.867 F21000
G1 X112.605 Y38.882 Z2.9
G1 X112.604 Y41.02 Z2.926
G1 X112.604 Y43.158 Z2.945
G1 X112.604 Y47.435 Z2.96
G1 X112.6 Y73
G1 Z2.36 F720
G1 E.8 F1500
G1 F4200
G1 X112.6 Y7.774 E3.58937
M204 T250
G1 X112.06 Y7.631 F21000
M204 T7000
;TYPE:External perimeter
;WIDTH:0.449999
G1 F3000
G1 X111.926 Y7.575 E.00577
G1 F2999.998
G1 X8.074 Y7.575 E4.12936
G1 F3000
G1 X7.933 Y7.633 E.00606
G1 X7.875 Y7.774 E.00606
G1 F2999.998
G1 X7.875 Y148.175 E5.58262
G1 X6.925 Y148.175 E.03777
G1 X6.925 Y6.625 E5.62831
G1 X113.075 Y6.625 E4.22074
G1 X113.075 Y73.475 E2.65809
G1 X112.125 Y73.475 E.03777
G1 X112.125 Y7.774 E2.6124
G1 F3000
G1 X112.087 Y7.682 E.00396
G1 E-.16 F2700
;WIPE_START
G1 F16800
G1 X112.06 Y7.631 E-.00881
G1 X111.926 Y7.575 E-.02217
G1 X107.937 Y7.575 E-.60902
;WIPE_END
G1 X111.471 Y36.387 Z2.867 F21000
G1 X111.731 Y38.51 Z2.9
G1 X111.992 Y40.632 Z2.926
G1 X112.252 Y42.754 Z2.945
G1 X112.773 Y46.999 Z2.96
G1 X125.658 Y152.048
G1 Z2.36 F720
G1 E.8 F1500
;TYPE:Perimeter
;WIDTH:0.482954
G1 F3000
G1 X125.759 Y152.109 E.00508
;WIDTH:0.52297
G1 X125.864 Y152.173 E.00578
;WIDTH:0.562986
G1 X125.969 Y152.236 E.00625
;WIDTH:0.603002
G1 X126.074 Y152.3 E.00677
G1 X125.886 Y152.32 E.0104
;WIDTH:0.562986
G1 X125.697 Y152.34 E.0097
;WIDTH:0.52297
G1 X125.509 Y152.36 E.00889
;WIDTH:0.482954
G1 X125.32 Y152.38 E.00818
;WIDTH:0.442937
G1 X125.32 Y152.184 E.00766
;WIDTH:0.485511
G1 X125.341 Y152.074 E.00485
;WIDTH:0.528084
G1 X125.363 Y151.964 E.00533
;WIDTH:0.570657
G1 X125.384 Y151.853 E.00585
;WIDTH:0.61323
G1 X125.405 Y151.743 E.00628
G1 X125.467 Y151.819 E.0055
;WIDTH:0.570657
G1 X125.53 Y151.895 E.00511
;WIDTH:0.528084
G1 X125.592 Y151.97 E.00463
;WIDTH:0.485511
G1 X125.619 Y152.003 E.00185
G1 E-.16 F2700
;WIPE_START
G1 F16800
G1 X125.658 Y152.048 E-.00909
G1 X125.759 Y152.109 E-.01801
G1 X125.864 Y152.173 E-.01877
G1 X125.969 Y152.236 E-.0187
G1 X126.074 Y152.3 E-.01877
G1 X125.886 Y152.32 E-.02887
G1 X125.697 Y152.34 E-.02902
G1 X125.509 Y152.36 E-.02887
G1 X125.32 Y152.38 E-.02902
G1 X125.32 Y152.184 E-.02992
G1 X125.341 Y152.074 E-.0171
G1 X125.363 Y151.964 E-.01713
G1 X125.384 Y151.853 E-.01725
G1 X125.405 Y151.743 E-.0171
G1 X125.467 Y151.819 E-.01497
G1 X125.53 Y151.895 E-.01507
G1 X125.592 Y151.97 E-.01486
G1 X125.619 Y152.003 E-.00651
;WIPE_END
G1 E-.29097 F2700
G1 X154.647 Y151.931 Z2.867 F21000
G1 X156.786 Y151.926 Z2.9
G1 X158.924 Y151.921 Z2.926
G1 X161.062 Y151.915 Z2.945
G1 X165.338 Y151.905 Z2.96
G1 X230.595 Y151.743
G1 Z2.36 F720
G1 E.8 F1500
;WIDTH:0.613234
G1 F3000
G1 X230.616 Y151.853 E.00628
;WIDTH:0.570661
G1 X230.637 Y151.964 E.00585
;WIDTH:0.528087
G1 X230.659 Y152.074 E.00533
;WIDTH:0.485514
G1 X230.68 Y152.184 E.00485
;WIDTH:0.44294
G1 X230.68 Y152.38 E.00766
G1 X230.484 Y152.38 E.00766
;WIDTH:0.48551
G1 X230.374 Y152.359 E.00485
;WIDTH:0.52808
G1 X230.264 Y152.337 E.00533
;WIDTH:0.57065
G1 X230.153 Y152.316 E.00585
;WIDTH:0.61322
G1 X230.043 Y152.295 E.00628
G1 X230.119 Y152.233 E.0055
;WIDTH:0.57065
G1 X230.195 Y152.17 E.00511
;WIDTH:0.52808
G1 X230.27 Y152.108 E.00463
;WIDTH:0.48551
G1 X230.346 Y152.046 E.00425
G1 X230.408 Y151.97 E.00425
;WIDTH:0.528087
G1 X230.47 Y151.895 E.00463
;WIDTH:0.570661
G1 X230.533 Y151.819 E.00511
;WIDTH:0.613234
G1 X230.557 Y151.789 E.00215
G1 E-.16 F2700
;WIPE_START
G1 F16800
G1 X230.595 Y151.743 E-.00911
G1 X230.616 Y151.853 E-.0171
G1 X230.637 Y151.964 E-.01725
G1 X230.659 Y152.074 E-.01713
G1 X230.68 Y152.184 E-.0171
G1 X230.68 Y152.38 E-.02992
G1 X230.484 Y152.38 E-.02992
G1 X230.374 Y152.359 E-.0171
G1 X230.264 Y152.337 E-.01713
G1 X230.153 Y152.316 E-.01725
G1 X230.043 Y152.295 E-.0171
G1 X230.119 Y152.233 E-.01497
G1 X230.195 Y152.17 E-.01507
G1 X230.27 Y152.108 E-.01486
G1 X230.346 Y152.046 E-.01497
G1 X230.408 Y151.97 E-.01497
G1 X230.47 Y151.895 E-.01486
G1 X230.533 Y151.819 E-.01507
G1 X230.557 Y151.789 E-.00587
;WIPE_END
G1 E-.32325 F2700
G1 X230.581 Y122.761 Z2.867 F21000
G1 X230.583 Y120.622 Z2.9
G1 X230.584 Y118.484 Z2.926
G1 X230.586 Y116.346 Z2.945
G1 X230.59 Y112.069 Z2.96
G1 X230.6 Y99.4
G1 Z2.36 F720
G1 E.8 F1500
;WIDTH:0.603018
G1 F4200
G1 X230.6 Y151.626 E2.87401
;WIDTH:0.613234
G1 X230.595 Y151.743 E.00656
G1 X230.043 Y152.295 F21000
;WIDTH:0.61322
G1 F4200
G1 X229.926 Y152.3 E.00656
;WIDTH:0.603002
G1 X126.074 Y152.3 E5.71484
G1 X125.405 Y151.743 F21000
M73 P90 R6
;WIDTH:0.61323
G1 F4200
G1 X125.4 Y151.626 E.00656
;WIDTH:0.60301
G1 X125.4 Y11.7 E7.70006
G1 E-.16 F2700
;WIPE_START
G1 F16800
G1 X125.4 Y15.892 E-.64
;WIPE_END
G1 X125.515 Y44.92 Z2.867 F21000
G1 X125.524 Y47.058 Z2.9
G1 X125.532 Y49.197 Z2.926
G1 X125.541 Y51.335 Z2.945
G1 X125.558 Y55.611 Z2.96
G1 X125.94 Y151.769
G1 Z2.36 F720
G1 E.8 F1500
;TYPE:External perimeter
;WIDTH:0.449999
G1 F3000
G1 X126.074 Y151.825 E.00577
G1 F2999.998
G1 X229.926 Y151.825 E4.12936
G1 F3000
G1 X230.067 Y151.767 E.00606
G1 X230.125 Y151.626 E.00606
G1 F2999.998
G1 X230.125 Y98.925 E2.0955
G1 X231.075 Y98.925 E.03777
G1 X231.075 Y152.775 E2.14118
G1 X124.925 Y152.775 E4.22074
G1 X124.925 Y11.225 E5.62831
G1 X125.875 Y11.225 E.03777
G1 X125.875 Y151.626 E5.58262
G1 F3000
G1 X125.913 Y151.718 E.00396
;LAYER_CHANGE
;Z:2.6
;HEIGHT:0.24
;BEFORE_LAYER_CHANGE
G92 E0.0
;2.6


G1 E-.16 F2700
;WIPE_START
G1 F16800
G1 X125.94 Y151.769 E-.00881
G1 X126.074 Y151.825 E-.02217
G1 X130.063 Y151.825 E-.60902
;WIPE_END
G1 X130.063 Y151.825 Z2.36 F21000
G1 X151.817 Y132.605 Z2.867
G1 X153.42 Y131.189 Z2.9
G1 X155.022 Y129.774 Z2.926
G1 X156.624 Y128.358 Z2.945
G1 X159.829 Y125.526 Z2.96
G1 X230.6 Y63 Z2.96
;AFTER_LAYER_CHANGE
;2.6
G1 Z2.6 F720
G1 E.8 F1500
;TYPE:Perimeter
;WIDTH:0.603018
G1 F3000
G1 X230.6 Y55.4 E.41823
M204 T250
G1 X230.125 Y54.925 F21000
M204 T7000
;TYPE:External perimeter
;WIDTH:0.449999
G1 F2999.998
G1 X231.075 Y54.925 E.03777
G1 X231.075 Y63.475 E.33997
G1 X230.125 Y63.475 E.03777
G1 X230.125 Y54.985 E.33758
G1 E-.16 F2700
;WIPE_START
G1 F16800
G1 X230.125 Y54.925 E-.00916
G1 X231.075 Y54.925 E-.14504
G1 X231.075 Y58.107 E-.4858
;WIPE_END
G1 X204.128 Y68.901 Z3.107 F21000
G1 X202.143 Y69.696 Z3.14
G1 X200.158 Y70.491 Z3.166
G1 X198.173 Y71.286 Z3.185
G1 X194.203 Y72.876 Z3.2
G1 X7.4 Y147.7
G1 Z2.6 F720
G1 E.8 F1500
;TYPE:Perimeter
;WIDTH:0.60301
G1 F4200
G1 X7.4 Y7.774 E7.70006
G1 X7.957 Y7.105 F21000
M73 Q90 S7
;WIDTH:0.613228
G1 F3000
G1 X7.881 Y7.167 E.0055
;WIDTH:0.570656
G1 X7.805 Y7.23 E.00511
;WIDTH:0.528084
G1 X7.73 Y7.292 E.00463
;WIDTH:0.485512
G1 X7.654 Y7.354 E.00425
;WIDTH:0.482957
G1 X7.591 Y7.459 E.00527
;WIDTH:0.522975
G1 X7.527 Y7.564 E.00578
;WIDTH:0.562993
G1 X7.464 Y7.669 E.00625
;WIDTH:0.60301
G1 X7.4 Y7.774 E.00677
G1 X7.38 Y7.586 E.0104
;WIDTH:0.562993
G1 X7.36 Y7.397 E.0097
;WIDTH:0.522975
G1 X7.34 Y7.209 E.00889
;WIDTH:0.482957
G1 X7.32 Y7.02 E.00818
;WIDTH:0.442939
G1 X7.516 Y7.02 E.00766
;WIDTH:0.485512
G1 X7.626 Y7.041 E.00485
;WIDTH:0.528084
G1 X7.736 Y7.063 E.00533
;WIDTH:0.570656
G1 X7.847 Y7.084 E.00585
;WIDTH:0.613228
G1 X7.898 Y7.094 E.00291
G1 X7.957 Y7.105 F21000
G1 F4200
G1 X8.074 Y7.1 E.00656
;WIDTH:0.60301
G1 X111.926 Y7.1 E5.71492
G1 X112.6 Y7.774 F21000
;WIDTH:0.603012
G1 F3000
G1 X112.536 Y7.669 E.00677
;WIDTH:0.562994
G1 X112.473 Y7.564 E.00625
;WIDTH:0.522976
G1 X112.409 Y7.459 E.00578
;WIDTH:0.482958
G1 X112.346 Y7.354 E.00527
G1 X112.241 Y7.291 E.00527
;WIDTH:0.522975
G1 X112.136 Y7.227 E.00578
;WIDTH:0.562993
G1 X112.031 Y7.164 E.00625
;WIDTH:0.60301
G1 X111.926 Y7.1 E.00677
G1 X112.114 Y7.08 E.0104
;WIDTH:0.562993
G1 X112.303 Y7.06 E.0097
;WIDTH:0.522975
G1 X112.491 Y7.04 E.00889
;WIDTH:0.482958
G1 X112.68 Y7.02 E.00818
;WIDTH:0.44294
G1 X112.68 Y7.216 E.00766
;WIDTH:0.482958
G1 X112.66 Y7.355 E.00605
;WIDTH:0.522976
G1 X112.64 Y7.495 E.00665
;WIDTH:0.562994
G1 X112.62 Y7.635 E.00722
;WIDTH:0.603012
G1 X112.609 Y7.715 E.00444
G1 E-.16 F2700
;WIPE_START
G1 F16800
G1 X112.6 Y7.774 E-.00911
G1 X112.536 Y7.669 E-.01877
G1 X112.473 Y7.564 E-.0187
G1 X112.409 Y7.459 E-.01877
G1 X112.346 Y7.354 E-.0187
G1 X112.241 Y7.291 E-.0187
G1 X112.136 Y7.227 E-.01877
G1 X112.031 Y7.164 E-.0187
G1 X111.926 Y7.1 E-.01877
G1 X112.114 Y7.08 E-.02887
G1 X112.303 Y7.06 E-.02902
G1 X112.491 Y7.04 E-.02887
G1 X112.68 Y7.02 E-.02902
G1 X112.68 Y7.216 E-.02992
G1 X112.66 Y7.355 E-.02144
G1 X112.64 Y7.495 E-.02159
G1 X112.62 Y7.635 E-.02159
G1 X112.609 Y7.715 E-.01233
;WIPE_END
G1 E-.25836 F2700
G1 X112.605 Y36.743 Z3.107 F21000
G1 X112.605 Y38.882 Z3.14
G1 X112.604 Y41.02 Z3.166
G1 X112.604 Y43.158 Z3.185
G1 X112.604 Y47.435 Z3.2
G1 X112.6 Y73
G1 Z2.6 F720
G1 E.8 F1500
G1 F4200
G1 X112.6 Y7.774 E3.58937
M204 T250
G1 X112.06 Y7.631 F21000
M204 T7000
;TYPE:External perimeter
;WIDTH:0.449999
G1 F3000
G1 X111.926 Y7.575 E.00577
G1 F2999.998
G1 X8.074 Y7.575 E4.12936
G1 F3000
G1 X7.933 Y7.633 E.00606
G1 X7.875 Y7.774 E.00606
G1 F2999.998
G1 X7.875 Y148.175 E5.58262
G1 X6.925 Y148.175 E.03777
M73 Q90 S6
G1 X6.925 Y6.625 E5.62831
G1 X113.075 Y6.625 E4.22074
G1 X113.075 Y73.475 E2.65809
G1 X112.125 Y73.475 E.03777
G1 X112.125 Y7.774 E2.6124
G1 F3000
G1 X112.087 Y7.682 E.00396
G1 E-.16 F2700
;WIPE_START
G1 F16800
G1 X112.06 Y7.631 E-.00881
G1 X111.926 Y7.575 E-.02217
G1 X107.937 Y7.575 E-.60902
;WIPE_END
G1 X111.471 Y36.387 Z3.107 F21000
G1 X111.731 Y38.51 Z3.14
G1 X111.992 Y40.632 Z3.166
G1 X112.252 Y42.754 Z3.185
G1 X112.773 Y46.999 Z3.2
G1 X125.658 Y152.048
G1 Z2.6 F720
G1 E.8 F1500
;TYPE:Perimeter
;WIDTH:0.482954
G1 F3000
G1 X125.759 Y152.109 E.00508
;WIDTH:0.52297
G1 X125.864 Y152.173 E.00578
;WIDTH:0.562986
G1 X125.969 Y152.236 E.00625
;WIDTH:0.603002
G1 X126.074 Y152.3 E.00677
G1 X125.886 Y152.32 E.0104
;WIDTH:0.562986
G1 X125.697 Y152.34 E.0097
;WIDTH:0.52297
G1 X125.509 Y152.36 E.00889
;WIDTH:0.482954
G1 X125.32 Y152.38 E.00818
;WIDTH:0.442937
G1 X125.32 Y152.184 E.00766
;WIDTH:0.485511
G1 X125.341 Y152.074 E.00485
;WIDTH:0.528084
G1 X125.363 Y151.964 E.00533
;WIDTH:0.570657
G1 X125.384 Y151.853 E.00585
;WIDTH:0.61323
G1 X125.405 Y151.743 E.00628
G1 X125.467 Y151.819 E.0055
;WIDTH:0.570657
G1 X125.53 Y151.895 E.00511
;WIDTH:0.528084
G1 X125.592 Y151.97 E.00463
;WIDTH:0.485511
G1 X125.619 Y152.003 E.00185
G1 E-.16 F2700
;WIPE_START
G1 F16800
G1 X125.658 Y152.048 E-.00909
G1 X125.759 Y152.109 E-.01801
G1 X125.864 Y152.173 E-.01877
G1 X125.969 Y152.236 E-.0187
G1 X126.074 Y152.3 E-.01877
G1 X125.886 Y152.32 E-.02887
G1 X125.697 Y152.34 E-.02902
G1 X125.509 Y152.36 E-.02887
G1 X125.32 Y152.38 E-.02902
G1 X125.32 Y152.184 E-.02992
G1 X125.341 Y152.074 E-.0171
G1 X125.363 Y151.964 E-.01713
G1 X125.384 Y151.853 E-.01725
G1 X125.405 Y151.743 E-.0171
G1 X125.467 Y151.819 E-.01497
G1 X125.53 Y151.895 E-.01507
G1 X125.592 Y151.97 E-.01486
G1 X125.619 Y152.003 E-.00651
;WIPE_END
G1 E-.29097 F2700
G1 X154.647 Y151.931 Z3.107 F21000
G1 X156.786 Y151.926 Z3.14
G1 X158.924 Y151.921 Z3.166
G1 X161.062 Y151.915 Z3.185
G1 X165.338 Y151.905 Z3.2
G1 X230.595 Y151.743
G1 Z2.6 F720
G1 E.8 F1500
;WIDTH:0.613234
G1 F3000
G1 X230.616 Y151.853 E.00628
;WIDTH:0.570661
G1 X230.637 Y151.964 E.00585
;WIDTH:0.528087
G1 X230.659 Y152.074 E.00533
;WIDTH:0.485514
G1 X230.68 Y152.184 E.00485
;WIDTH:0.44294
G1 X230.68 Y152.38 E.00766
G1 X230.484 Y152.38 E.00766
;WIDTH:0.48551
G1 X230.374 Y152.359 E.00485
;WIDTH:0.52808
G1 X230.264 Y152.337 E.00533
;WIDTH:0.57065
G1 X230.153 Y152.316 E.00585
;WIDTH:0.61322
G1 X230.043 Y152.295 E.00628
G1 X230.119 Y152.233 E.0055
;WIDTH:0.57065
G1 X230.195 Y152.17 E.00511
;WIDTH:0.52808
G1 X230.27 Y152.108 E.00463
;WIDTH:0.48551
G1 X230.346 Y152.046 E.00425
G1 X230.408 Y151.97 E.00425
;WIDTH:0.528087
G1 X230.47 Y151.895 E.00463
;WIDTH:0.570661
G1 X230.533 Y151.819 E.00511
;WIDTH:0.613234
G1 X230.557 Y151.789 E.00215
G1 E-.16 F2700
;WIPE_START
G1 F16800
G1 X230.595 Y151.743 E-.00911
G1 X230.616 Y151.853 E-.0171
G1 X230.637 Y151.964 E-.01725
G1 X230.659 Y152.074 E-.01713
G1 X230.68 Y152.184 E-.0171
G1 X230.68 Y152.38 E-.02992
G1 X230.484 Y152.38 E-.02992
G1 X230.374 Y152.359 E-.0171
G1 X230.264 Y152.337 E-.01713
G1 X230.153 Y152.316 E-.01725
G1 X230.043 Y152.295 E-.0171
G1 X230.119 Y152.233 E-.01497
G1 X230.195 Y152.17 E-.01507
G1 X230.27 Y152.108 E-.01486
G1 X230.346 Y152.046 E-.01497
G1 X230.408 Y151.97 E-.01497
G1 X230.47 Y151.895 E-.01486
G1 X230.533 Y151.819 E-.01507
G1 X230.557 Y151.789 E-.00587
;WIPE_END
G1 E-.32325 F2700
G1 X230.581 Y122.761 Z3.107 F21000
G1 X230.583 Y120.622 Z3.14
G1 X230.584 Y118.484 Z3.166
G1 X230.586 Y116.346 Z3.185
G1 X230.59 Y112.069 Z3.2
G1 X230.6 Y99.4
G1 Z2.6 F720
G1 E.8 F1500
;WIDTH:0.603018
G1 F4200
G1 X230.6 Y151.626 E2.87401
;WIDTH:0.613234
G1 X230.595 Y151.743 E.00656
G1 X230.043 Y152.295 F21000
;WIDTH:0.61322
G1 F4200
G1 X229.926 Y152.3 E.00656
;WIDTH:0.603002
G1 X126.074 Y152.3 E5.71484
G1 X125.405 Y151.743 F21000
;WIDTH:0.61323
G1 F4200
G1 X125.4 Y151.626 E.00656
;WIDTH:0.60301
G1 X125.4 Y11.7 E7.70006
G1 E-.16 F2700
M73 P91 R5
;WIPE_START
G1 F16800
G1 X125.4 Y15.892 E-.64
;WIPE_END
G1 X125.515 Y44.92 Z3.107 F21000
G1 X125.524 Y47.058 Z3.14
G1 X125.532 Y49.197 Z3.166
G1 X125.541 Y51.335 Z3.185
G1 X125.558 Y55.611 Z3.2
G1 X125.94 Y151.769
G1 Z2.6 F720
G1 E.8 F1500
;TYPE:External perimeter
;WIDTH:0.449999
G1 F3000
G1 X126.074 Y151.825 E.00577
G1 F2999.998
G1 X229.926 Y151.825 E4.12936
G1 F3000
G1 X230.067 Y151.767 E.00606
G1 X230.125 Y151.626 E.00606
G1 F2999.998
G1 X230.125 Y98.925 E2.0955
G1 X231.075 Y98.925 E.03777
G1 X231.075 Y152.775 E2.14118
G1 X124.925 Y152.775 E4.22074
G1 X124.925 Y11.225 E5.62831
G1 X125.875 Y11.225 E.03777
G1 X125.875 Y151.626 E5.58262
G1 F3000
G1 X125.913 Y151.718 E.00396
;LAYER_CHANGE
;Z:2.84
;HEIGHT:0.24
;BEFORE_LAYER_CHANGE
G92 E0.0
;2.84


G1 E-.16 F2700
;WIPE_START
G1 F16800
G1 X125.94 Y151.769 E-.00881
G1 X126.074 Y151.825 E-.02217
G1 X130.063 Y151.825 E-.60902
;WIPE_END
G1 X130.063 Y151.825 Z2.6 F21000
G1 X151.817 Y132.605 Z3.107
G1 X153.42 Y131.189 Z3.14
G1 X155.022 Y129.774 Z3.166
G1 X156.624 Y128.358 Z3.185
G1 X159.829 Y125.526 Z3.2
G1 X230.6 Y63 Z3.2
;AFTER_LAYER_CHANGE
;2.84
G1 Z2.84 F720
G1 E.8 F1500
;TYPE:Perimeter
;WIDTH:0.603018
G1 F3000
G1 X230.6 Y55.4 E.41823
M204 T250
G1 X230.125 Y54.925 F21000
M204 T7000
;TYPE:External perimeter
;WIDTH:0.449999
G1 F2999.998
G1 X231.075 Y54.925 E.03777
G1 X231.075 Y63.475 E.33997
G1 X230.125 Y63.475 E.03777
G1 X230.125 Y54.985 E.33758
G1 E-.16 F2700
;WIPE_START
G1 F16800
G1 X230.125 Y54.925 E-.00916
G1 X231.075 Y54.925 E-.14504
G1 X231.075 Y58.107 E-.4858
;WIPE_END
G1 X204.128 Y68.901 Z3.347 F21000
G1 X202.143 Y69.696 Z3.38
G1 X200.158 Y70.491 Z3.406
G1 X198.173 Y71.286 Z3.425
G1 X194.203 Y72.876 Z3.44
G1 X7.4 Y147.7
G1 Z2.84 F720
G1 E.8 F1500
;TYPE:Perimeter
;WIDTH:0.60301
G1 F4200
G1 X7.4 Y7.774 E7.70006
G1 X7.957 Y7.105 F21000
M73 Q91 S6
;WIDTH:0.613228
G1 F3000
G1 X7.881 Y7.167 E.0055
;WIDTH:0.570656
G1 X7.805 Y7.23 E.00511
;WIDTH:0.528084
G1 X7.73 Y7.292 E.00463
;WIDTH:0.485512
G1 X7.654 Y7.354 E.00425
;WIDTH:0.482957
G1 X7.591 Y7.459 E.00527
;WIDTH:0.522975
G1 X7.527 Y7.564 E.00578
;WIDTH:0.562993
G1 X7.464 Y7.669 E.00625
;WIDTH:0.60301
G1 X7.4 Y7.774 E.00677
G1 X7.38 Y7.586 E.0104
;WIDTH:0.562993
G1 X7.36 Y7.397 E.0097
;WIDTH:0.522975
G1 X7.34 Y7.209 E.00889
;WIDTH:0.482957
G1 X7.32 Y7.02 E.00818
;WIDTH:0.442939
G1 X7.516 Y7.02 E.00766
;WIDTH:0.485512
G1 X7.626 Y7.041 E.00485
;WIDTH:0.528084
G1 X7.736 Y7.063 E.00533
;WIDTH:0.570656
G1 X7.847 Y7.084 E.00585
;WIDTH:0.613228
G1 X7.898 Y7.094 E.00291
G1 X7.957 Y7.105 F21000
G1 F4200
G1 X8.074 Y7.1 E.00656
;WIDTH:0.60301
G1 X111.926 Y7.1 E5.71492
G1 X112.6 Y7.774 F21000
;WIDTH:0.603012
G1 F3000
G1 X112.536 Y7.669 E.00677
;WIDTH:0.562994
G1 X112.473 Y7.564 E.00625
;WIDTH:0.522976
G1 X112.409 Y7.459 E.00578
;WIDTH:0.482958
G1 X112.346 Y7.354 E.00527
G1 X112.241 Y7.291 E.00527
;WIDTH:0.522975
G1 X112.136 Y7.227 E.00578
;WIDTH:0.562993
G1 X112.031 Y7.164 E.00625
;WIDTH:0.60301
G1 X111.926 Y7.1 E.00677
G1 X112.114 Y7.08 E.0104
;WIDTH:0.562993
G1 X112.303 Y7.06 E.0097
;WIDTH:0.522975
G1 X112.491 Y7.04 E.00889
;WIDTH:0.482958
G1 X112.68 Y7.02 E.00818
;WIDTH:0.44294
G1 X112.68 Y7.216 E.00766
;WIDTH:0.482958
G1 X112.66 Y7.355 E.00605
;WIDTH:0.522976
G1 X112.64 Y7.495 E.00665
;WIDTH:0.562994
G1 X112.62 Y7.635 E.00722
;WIDTH:0.603012
G1 X112.609 Y7.715 E.00444
G1 E-.16 F2700
;WIPE_START
G1 F16800
G1 X112.6 Y7.774 E-.00911
G1 X112.536 Y7.669 E-.01877
G1 X112.473 Y7.564 E-.0187
G1 X112.409 Y7.459 E-.01877
G1 X112.346 Y7.354 E-.0187
G1 X112.241 Y7.291 E-.0187
G1 X112.136 Y7.227 E-.01877
G1 X112.031 Y7.164 E-.0187
G1 X111.926 Y7.1 E-.01877
G1 X112.114 Y7.08 E-.02887
G1 X112.303 Y7.06 E-.02902
G1 X112.491 Y7.04 E-.02887
G1 X112.68 Y7.02 E-.02902
G1 X112.68 Y7.216 E-.02992
G1 X112.66 Y7.355 E-.02144
G1 X112.64 Y7.495 E-.02159
G1 X112.62 Y7.635 E-.02159
G1 X112.609 Y7.715 E-.01233
;WIPE_END
G1 E-.25836 F2700
G1 X112.605 Y36.743 Z3.347 F21000
G1 X112.605 Y38.882 Z3.38
G1 X112.604 Y41.02 Z3.406
G1 X112.604 Y43.158 Z3.425
G1 X112.604 Y47.435 Z3.44
G1 X112.6 Y73
G1 Z2.84 F720
G1 E.8 F1500
G1 F4200
G1 X112.6 Y7.774 E3.58937
M204 T250
G1 X112.06 Y7.631 F21000
M204 T7000
;TYPE:External perimeter
;WIDTH:0.449999
G1 F3000
G1 X111.926 Y7.575 E.00577
G1 F2999.998
G1 X8.074 Y7.575 E4.12936
G1 F3000
G1 X7.933 Y7.633 E.00606
G1 X7.875 Y7.774 E.00606
G1 F2999.998
G1 X7.875 Y148.175 E5.58262
G1 X6.925 Y148.175 E.03777
G1 X6.925 Y6.625 E5.62831
G1 X113.075 Y6.625 E4.22074
G1 X113.075 Y73.475 E2.65809
G1 X112.125 Y73.475 E.03777
G1 X112.125 Y7.774 E2.6124
G1 F3000
G1 X112.087 Y7.682 E.00396
G1 E-.16 F2700
;WIPE_START
G1 F16800
G1 X112.06 Y7.631 E-.00881
G1 X111.926 Y7.575 E-.02217
G1 X107.937 Y7.575 E-.60902
;WIPE_END
G1 X111.471 Y36.387 Z3.347 F21000
G1 X111.731 Y38.51 Z3.38
G1 X111.992 Y40.632 Z3.406
G1 X112.252 Y42.754 Z3.425
G1 X112.773 Y46.999 Z3.44
G1 X125.658 Y152.048
G1 Z2.84 F720
G1 E.8 F1500
;TYPE:Perimeter
;WIDTH:0.482954
G1 F3000
G1 X125.759 Y152.109 E.00508
;WIDTH:0.52297
G1 X125.864 Y152.173 E.00578
;WIDTH:0.562986
G1 X125.969 Y152.236 E.00625
;WIDTH:0.603002
G1 X126.074 Y152.3 E.00677
G1 X125.886 Y152.32 E.0104
;WIDTH:0.562986
G1 X125.697 Y152.34 E.0097
;WIDTH:0.52297
G1 X125.509 Y152.36 E.00889
;WIDTH:0.482954
G1 X125.32 Y152.38 E.00818
;WIDTH:0.442937
G1 X125.32 Y152.184 E.00766
;WIDTH:0.485511
G1 X125.341 Y152.074 E.00485
;WIDTH:0.528084
G1 X125.363 Y151.964 E.00533
;WIDTH:0.570657
G1 X125.384 Y151.853 E.00585
;WIDTH:0.61323
G1 X125.405 Y151.743 E.00628
G1 X125.467 Y151.819 E.0055
;WIDTH:0.570657
G1 X125.53 Y151.895 E.00511
;WIDTH:0.528084
G1 X125.592 Y151.97 E.00463
;WIDTH:0.485511
G1 X125.619 Y152.003 E.00185
G1 E-.16 F2700
;WIPE_START
G1 F16800
G1 X125.658 Y152.048 E-.00909
G1 X125.759 Y152.109 E-.01801
G1 X125.864 Y152.173 E-.01877
G1 X125.969 Y152.236 E-.0187
G1 X126.074 Y152.3 E-.01877
G1 X125.886 Y152.32 E-.02887
G1 X125.697 Y152.34 E-.02902
G1 X125.509 Y152.36 E-.02887
G1 X125.32 Y152.38 E-.02902
G1 X125.32 Y152.184 E-.02992
G1 X125.341 Y152.074 E-.0171
G1 X125.363 Y151.964 E-.01713
G1 X125.384 Y151.853 E-.01725
G1 X125.405 Y151.743 E-.0171
G1 X125.467 Y151.819 E-.01497
G1 X125.53 Y151.895 E-.01507
G1 X125.592 Y151.97 E-.01486
G1 X125.619 Y152.003 E-.00651
;WIPE_END
G1 E-.29097 F2700
G1 X154.647 Y151.931 Z3.347 F21000
G1 X156.786 Y151.926 Z3.38
G1 X158.924 Y151.921 Z3.406
G1 X161.062 Y151.915 Z3.425
G1 X165.338 Y151.905 Z3.44
G1 X230.595 Y151.743
G1 Z2.84 F720
G1 E.8 F1500
;WIDTH:0.613234
G1 F3000
G1 X230.616 Y151.853 E.00628
;WIDTH:0.570661
G1 X230.637 Y151.964 E.00585
;WIDTH:0.528087
G1 X230.659 Y152.074 E.00533
;WIDTH:0.485514
G1 X230.68 Y152.184 E.00485
;WIDTH:0.44294
G1 X230.68 Y152.38 E.00766
G1 X230.484 Y152.38 E.00766
;WIDTH:0.48551
G1 X230.374 Y152.359 E.00485
;WIDTH:0.52808
G1 X230.264 Y152.337 E.00533
;WIDTH:0.57065
G1 X230.153 Y152.316 E.00585
;WIDTH:0.61322
G1 X230.043 Y152.295 E.00628
G1 X230.119 Y152.233 E.0055
;WIDTH:0.57065
G1 X230.195 Y152.17 E.00511
;WIDTH:0.52808
G1 X230.27 Y152.108 E.00463
;WIDTH:0.48551
G1 X230.346 Y152.046 E.00425
G1 X230.408 Y151.97 E.00425
;WIDTH:0.528087
G1 X230.47 Y151.895 E.00463
;WIDTH:0.570661
G1 X230.533 Y151.819 E.00511
;WIDTH:0.613234
G1 X230.557 Y151.789 E.00215
G1 E-.16 F2700
;WIPE_START
G1 F16800
G1 X230.595 Y151.743 E-.00911
G1 X230.616 Y151.853 E-.0171
G1 X230.637 Y151.964 E-.01725
G1 X230.659 Y152.074 E-.01713
G1 X230.68 Y152.184 E-.0171
G1 X230.68 Y152.38 E-.02992
G1 X230.484 Y152.38 E-.02992
G1 X230.374 Y152.359 E-.0171
G1 X230.264 Y152.337 E-.01713
G1 X230.153 Y152.316 E-.01725
G1 X230.043 Y152.295 E-.0171
G1 X230.119 Y152.233 E-.01497
G1 X230.195 Y152.17 E-.01507
G1 X230.27 Y152.108 E-.01486
G1 X230.346 Y152.046 E-.01497
G1 X230.408 Y151.97 E-.01497
G1 X230.47 Y151.895 E-.01486
G1 X230.533 Y151.819 E-.01507
G1 X230.557 Y151.789 E-.00587
;WIPE_END
G1 E-.32325 F2700
G1 X230.581 Y122.761 Z3.347 F21000
G1 X230.583 Y120.622 Z3.38
G1 X230.584 Y118.484 Z3.406
G1 X230.586 Y116.346 Z3.425
G1 X230.59 Y112.069 Z3.44
G1 X230.6 Y99.4
G1 Z2.84 F720
G1 E.8 F1500
;WIDTH:0.603018
G1 F4200
G1 X230.6 Y151.626 E2.87401
;WIDTH:0.613234
G1 X230.595 Y151.743 E.00656
G1 X230.043 Y152.295 F21000
;WIDTH:0.61322
G1 F4200
G1 X229.926 Y152.3 E.00656
;WIDTH:0.603002
G1 X126.074 Y152.3 E5.71484
G1 X125.405 Y151.743 F21000
;WIDTH:0.61323
G1 F4200
G1 X125.4 Y151.626 E.00656
;WIDTH:0.60301
G1 X125.4 Y11.7 E7.70006
G1 E-.16 F2700
;WIPE_START
G1 F16800
G1 X125.4 Y15.892 E-.64
;WIPE_END
G1 X125.515 Y44.92 Z3.347 F21000
M73 P92 R5
G1 X125.524 Y47.058 Z3.38
G1 X125.532 Y49.197 Z3.406
G1 X125.541 Y51.335 Z3.425
G1 X125.558 Y55.611 Z3.44
G1 X125.94 Y151.769
G1 Z2.84 F720
M73 Q91 S5
G1 E.8 F1500
;TYPE:External perimeter
;WIDTH:0.449999
G1 F3000
G1 X126.074 Y151.825 E.00577
G1 F2999.998
G1 X229.926 Y151.825 E4.12936
G1 F3000
G1 X230.067 Y151.767 E.00606
G1 X230.125 Y151.626 E.00606
G1 F2999.998
G1 X230.125 Y98.925 E2.0955
G1 X231.075 Y98.925 E.03777
G1 X231.075 Y152.775 E2.14118
G1 X124.925 Y152.775 E4.22074
G1 X124.925 Y11.225 E5.62831
G1 X125.875 Y11.225 E.03777
G1 X125.875 Y151.626 E5.58262
G1 F3000
G1 X125.913 Y151.718 E.00396
;LAYER_CHANGE
;Z:3.08
;HEIGHT:0.24
;BEFORE_LAYER_CHANGE
G92 E0.0
;3.08


G1 E-.16 F2700
;WIPE_START
G1 F16800
G1 X125.94 Y151.769 E-.00881
G1 X126.074 Y151.825 E-.02217
G1 X130.063 Y151.825 E-.60902
;WIPE_END
G1 X130.063 Y151.825 Z2.84 F21000
G1 X151.817 Y132.605 Z3.347
G1 X153.42 Y131.189 Z3.38
G1 X155.022 Y129.774 Z3.406
G1 X156.624 Y128.358 Z3.425
G1 X159.829 Y125.526 Z3.44
G1 X230.6 Y63 Z3.44
;AFTER_LAYER_CHANGE
;3.08
G1 Z3.08 F720
G1 E.8 F1500
;TYPE:Perimeter
;WIDTH:0.603018
G1 F3000
G1 X230.6 Y55.4 E.41823
M204 T250
G1 X230.125 Y54.925 F21000
M204 T7000
;TYPE:External perimeter
;WIDTH:0.449999
G1 F2999.998
G1 X231.075 Y54.925 E.03777
G1 X231.075 Y63.475 E.33997
G1 X230.125 Y63.475 E.03777
G1 X230.125 Y54.985 E.33758
G1 E-.16 F2700
;WIPE_START
G1 F16800
G1 X230.125 Y54.925 E-.00916
G1 X231.075 Y54.925 E-.14504
G1 X231.075 Y58.107 E-.4858
;WIPE_END
G1 X204.128 Y68.901 Z3.587 F21000
G1 X202.143 Y69.696 Z3.62
G1 X200.158 Y70.491 Z3.646
G1 X198.173 Y71.286 Z3.665
G1 X194.203 Y72.876 Z3.68
G1 X7.4 Y147.7
G1 Z3.08 F720
G1 E.8 F1500
M73 Q92 S5
;TYPE:Perimeter
;WIDTH:0.60301
G1 F4200
G1 X7.4 Y7.774 E7.70006
G1 X7.957 Y7.105 F21000
;WIDTH:0.613228
G1 F3000
G1 X7.881 Y7.167 E.0055
;WIDTH:0.570656
G1 X7.805 Y7.23 E.00511
;WIDTH:0.528084
G1 X7.73 Y7.292 E.00463
;WIDTH:0.485512
G1 X7.654 Y7.354 E.00425
;WIDTH:0.482957
G1 X7.591 Y7.459 E.00527
;WIDTH:0.522975
G1 X7.527 Y7.564 E.00578
;WIDTH:0.562993
G1 X7.464 Y7.669 E.00625
;WIDTH:0.60301
G1 X7.4 Y7.774 E.00677
G1 X7.38 Y7.586 E.0104
;WIDTH:0.562993
G1 X7.36 Y7.397 E.0097
;WIDTH:0.522975
G1 X7.34 Y7.209 E.00889
;WIDTH:0.482957
G1 X7.32 Y7.02 E.00818
;WIDTH:0.442939
G1 X7.516 Y7.02 E.00766
;WIDTH:0.485512
G1 X7.626 Y7.041 E.00485
;WIDTH:0.528084
G1 X7.736 Y7.063 E.00533
;WIDTH:0.570656
G1 X7.847 Y7.084 E.00585
;WIDTH:0.613228
G1 X7.898 Y7.094 E.00291
G1 X7.957 Y7.105 F21000
G1 F4200
G1 X8.074 Y7.1 E.00656
;WIDTH:0.60301
G1 X111.926 Y7.1 E5.71492
G1 X112.6 Y7.774 F21000
;WIDTH:0.603012
G1 F3000
G1 X112.536 Y7.669 E.00677
;WIDTH:0.562994
G1 X112.473 Y7.564 E.00625
;WIDTH:0.522976
G1 X112.409 Y7.459 E.00578
;WIDTH:0.482958
G1 X112.346 Y7.354 E.00527
G1 X112.241 Y7.291 E.00527
;WIDTH:0.522975
G1 X112.136 Y7.227 E.00578
;WIDTH:0.562993
G1 X112.031 Y7.164 E.00625
;WIDTH:0.60301
G1 X111.926 Y7.1 E.00677
G1 X112.114 Y7.08 E.0104
;WIDTH:0.562993
G1 X112.303 Y7.06 E.0097
;WIDTH:0.522975
G1 X112.491 Y7.04 E.00889
;WIDTH:0.482958
G1 X112.68 Y7.02 E.00818
;WIDTH:0.44294
G1 X112.68 Y7.216 E.00766
;WIDTH:0.482958
G1 X112.66 Y7.355 E.00605
;WIDTH:0.522976
G1 X112.64 Y7.495 E.00665
;WIDTH:0.562994
G1 X112.62 Y7.635 E.00722
;WIDTH:0.603012
G1 X112.609 Y7.715 E.00444
G1 E-.16 F2700
;WIPE_START
G1 F16800
G1 X112.6 Y7.774 E-.00911
G1 X112.536 Y7.669 E-.01877
G1 X112.473 Y7.564 E-.0187
G1 X112.409 Y7.459 E-.01877
G1 X112.346 Y7.354 E-.0187
G1 X112.241 Y7.291 E-.0187
G1 X112.136 Y7.227 E-.01877
G1 X112.031 Y7.164 E-.0187
G1 X111.926 Y7.1 E-.01877
G1 X112.114 Y7.08 E-.02887
G1 X112.303 Y7.06 E-.02902
G1 X112.491 Y7.04 E-.02887
G1 X112.68 Y7.02 E-.02902
G1 X112.68 Y7.216 E-.02992
G1 X112.66 Y7.355 E-.02144
G1 X112.64 Y7.495 E-.02159
G1 X112.62 Y7.635 E-.02159
G1 X112.609 Y7.715 E-.01233
;WIPE_END
G1 E-.25836 F2700
G1 X112.605 Y36.743 Z3.587 F21000
G1 X112.605 Y38.882 Z3.62
G1 X112.604 Y41.02 Z3.646
G1 X112.604 Y43.158 Z3.665
G1 X112.604 Y47.435 Z3.68
G1 X112.6 Y73
G1 Z3.08 F720
G1 E.8 F1500
G1 F4200
G1 X112.6 Y7.774 E3.58937
M204 T250
G1 X112.06 Y7.631 F21000
M204 T7000
;TYPE:External perimeter
;WIDTH:0.449999
G1 F3000
G1 X111.926 Y7.575 E.00577
G1 F2999.998
G1 X8.074 Y7.575 E4.12936
G1 F3000
M73 P92 R4
G1 X7.933 Y7.633 E.00606
G1 X7.875 Y7.774 E.00606
G1 F2999.998
G1 X7.875 Y148.175 E5.58262
G1 X6.925 Y148.175 E.03777
G1 X6.925 Y6.625 E5.62831
G1 X113.075 Y6.625 E4.22074
G1 X113.075 Y73.475 E2.65809
G1 X112.125 Y73.475 E.03777
G1 X112.125 Y7.774 E2.6124
G1 F3000
G1 X112.087 Y7.682 E.00396
G1 E-.16 F2700
;WIPE_START
G1 F16800
G1 X112.06 Y7.631 E-.00881
G1 X111.926 Y7.575 E-.02217
G1 X107.937 Y7.575 E-.60902
;WIPE_END
G1 X111.471 Y36.387 Z3.587 F21000
G1 X111.731 Y38.51 Z3.62
G1 X111.992 Y40.632 Z3.646
G1 X112.252 Y42.754 Z3.665
G1 X112.773 Y46.999 Z3.68
G1 X125.658 Y152.048
G1 Z3.08 F720
G1 E.8 F1500
;TYPE:Perimeter
;WIDTH:0.482954
G1 F3000
G1 X125.759 Y152.109 E.00508
;WIDTH:0.52297
G1 X125.864 Y152.173 E.00578
;WIDTH:0.562986
G1 X125.969 Y152.236 E.00625
;WIDTH:0.603002
G1 X126.074 Y152.3 E.00677
G1 X125.886 Y152.32 E.0104
;WIDTH:0.562986
G1 X125.697 Y152.34 E.0097
;WIDTH:0.52297
G1 X125.509 Y152.36 E.00889
;WIDTH:0.482954
G1 X125.32 Y152.38 E.00818
;WIDTH:0.442937
G1 X125.32 Y152.184 E.00766
;WIDTH:0.485511
G1 X125.341 Y152.074 E.00485
;WIDTH:0.528084
G1 X125.363 Y151.964 E.00533
;WIDTH:0.570657
G1 X125.384 Y151.853 E.00585
;WIDTH:0.61323
G1 X125.405 Y151.743 E.00628
G1 X125.467 Y151.819 E.0055
;WIDTH:0.570657
G1 X125.53 Y151.895 E.00511
;WIDTH:0.528084
G1 X125.592 Y151.97 E.00463
;WIDTH:0.485511
G1 X125.619 Y152.003 E.00185
G1 E-.16 F2700
;WIPE_START
G1 F16800
G1 X125.658 Y152.048 E-.00909
G1 X125.759 Y152.109 E-.01801
G1 X125.864 Y152.173 E-.01877
G1 X125.969 Y152.236 E-.0187
G1 X126.074 Y152.3 E-.01877
G1 X125.886 Y152.32 E-.02887
G1 X125.697 Y152.34 E-.02902
G1 X125.509 Y152.36 E-.02887
G1 X125.32 Y152.38 E-.02902
G1 X125.32 Y152.184 E-.02992
G1 X125.341 Y152.074 E-.0171
G1 X125.363 Y151.964 E-.01713
G1 X125.384 Y151.853 E-.01725
G1 X125.405 Y151.743 E-.0171
G1 X125.467 Y151.819 E-.01497
G1 X125.53 Y151.895 E-.01507
G1 X125.592 Y151.97 E-.01486
G1 X125.619 Y152.003 E-.00651
;WIPE_END
G1 E-.29097 F2700
G1 X154.647 Y151.931 Z3.587 F21000
G1 X156.786 Y151.926 Z3.62
G1 X158.924 Y151.921 Z3.646
G1 X161.062 Y151.915 Z3.665
G1 X165.338 Y151.905 Z3.68
G1 X230.595 Y151.743
G1 Z3.08 F720
G1 E.8 F1500
;WIDTH:0.613234
G1 F3000
G1 X230.616 Y151.853 E.00628
;WIDTH:0.570661
G1 X230.637 Y151.964 E.00585
;WIDTH:0.528087
G1 X230.659 Y152.074 E.00533
;WIDTH:0.485514
G1 X230.68 Y152.184 E.00485
;WIDTH:0.44294
G1 X230.68 Y152.38 E.00766
G1 X230.484 Y152.38 E.00766
;WIDTH:0.48551
G1 X230.374 Y152.359 E.00485
;WIDTH:0.52808
G1 X230.264 Y152.337 E.00533
;WIDTH:0.57065
G1 X230.153 Y152.316 E.00585
;WIDTH:0.61322
G1 X230.043 Y152.295 E.00628
G1 X230.119 Y152.233 E.0055
;WIDTH:0.57065
G1 X230.195 Y152.17 E.00511
;WIDTH:0.52808
G1 X230.27 Y152.108 E.00463
;WIDTH:0.48551
G1 X230.346 Y152.046 E.00425
G1 X230.408 Y151.97 E.00425
;WIDTH:0.528087
G1 X230.47 Y151.895 E.00463
;WIDTH:0.570661
G1 X230.533 Y151.819 E.00511
;WIDTH:0.613234
G1 X230.557 Y151.789 E.00215
G1 E-.16 F2700
;WIPE_START
G1 F16800
G1 X230.595 Y151.743 E-.00911
G1 X230.616 Y151.853 E-.0171
G1 X230.637 Y151.964 E-.01725
G1 X230.659 Y152.074 E-.01713
G1 X230.68 Y152.184 E-.0171
G1 X230.68 Y152.38 E-.02992
G1 X230.484 Y152.38 E-.02992
G1 X230.374 Y152.359 E-.0171
G1 X230.264 Y152.337 E-.01713
G1 X230.153 Y152.316 E-.01725
G1 X230.043 Y152.295 E-.0171
G1 X230.119 Y152.233 E-.01497
G1 X230.195 Y152.17 E-.01507
G1 X230.27 Y152.108 E-.01486
G1 X230.346 Y152.046 E-.01497
G1 X230.408 Y151.97 E-.01497
G1 X230.47 Y151.895 E-.01486
G1 X230.533 Y151.819 E-.01507
G1 X230.557 Y151.789 E-.00587
;WIPE_END
G1 E-.32325 F2700
G1 X230.581 Y122.761 Z3.587 F21000
G1 X230.583 Y120.622 Z3.62
G1 X230.584 Y118.484 Z3.646
G1 X230.586 Y116.346 Z3.665
G1 X230.59 Y112.069 Z3.68
G1 X230.6 Y99.4
G1 Z3.08 F720
G1 E.8 F1500
;WIDTH:0.603018
G1 F4200
G1 X230.6 Y151.626 E2.87401
;WIDTH:0.613234
G1 X230.595 Y151.743 E.00656
G1 X230.043 Y152.295 F21000
;WIDTH:0.61322
G1 F4200
G1 X229.926 Y152.3 E.00656
;WIDTH:0.603002
G1 X126.074 Y152.3 E5.71484
G1 X125.405 Y151.743 F21000
;WIDTH:0.61323
G1 F4200
G1 X125.4 Y151.626 E.00656
;WIDTH:0.60301
G1 X125.4 Y11.7 E7.70006
G1 E-.16 F2700
;WIPE_START
G1 F16800
G1 X125.4 Y15.892 E-.64
;WIPE_END
G1 X125.515 Y44.92 Z3.587 F21000
G1 X125.524 Y47.058 Z3.62
G1 X125.532 Y49.197 Z3.646
G1 X125.541 Y51.335 Z3.665
G1 X125.558 Y55.611 Z3.68
G1 X125.94 Y151.769
G1 Z3.08 F720
G1 E.8 F1500
;TYPE:External perimeter
;WIDTH:0.449999
G1 F3000
G1 X126.074 Y151.825 E.00577
G1 F2999.998
G1 X229.926 Y151.825 E4.12936
G1 F3000
M73 P93 R4
G1 X230.067 Y151.767 E.00606
G1 X230.125 Y151.626 E.00606
G1 F2999.998
G1 X230.125 Y98.925 E2.0955
G1 X231.075 Y98.925 E.03777
G1 X231.075 Y152.775 E2.14118
G1 X124.925 Y152.775 E4.22074
G1 X124.925 Y11.225 E5.62831
G1 X125.875 Y11.225 E.03777
G1 X125.875 Y151.626 E5.58262
G1 F3000
G1 X125.913 Y151.718 E.00396
;LAYER_CHANGE
;Z:3.32
;HEIGHT:0.24
;BEFORE_LAYER_CHANGE
G92 E0.0
;3.32


G1 E-.16 F2700
;WIPE_START
G1 F16800
G1 X125.94 Y151.769 E-.00881
G1 X126.074 Y151.825 E-.02217
G1 X130.063 Y151.825 E-.60902
;WIPE_END
G1 X130.063 Y151.825 Z3.08 F21000
G1 X151.817 Y132.605 Z3.587
G1 X153.42 Y131.189 Z3.62
G1 X155.022 Y129.774 Z3.646
G1 X156.624 Y128.358 Z3.665
G1 X159.829 Y125.526 Z3.68
G1 X230.6 Y63 Z3.68
;AFTER_LAYER_CHANGE
;3.32
G1 Z3.32 F720
G1 E.8 F1500
;TYPE:Perimeter
;WIDTH:0.603018
G1 F3000
G1 X230.6 Y55.4 E.41823
M204 T250
G1 X230.125 Y54.925 F21000
M204 T7000
;TYPE:External perimeter
;WIDTH:0.449999
G1 F2999.998
G1 X231.075 Y54.925 E.03777
G1 X231.075 Y63.475 E.33997
G1 X230.125 Y63.475 E.03777
G1 X230.125 Y54.985 E.33758
G1 E-.16 F2700
;WIPE_START
G1 F16800
G1 X230.125 Y54.925 E-.00916
G1 X231.075 Y54.925 E-.14504
G1 X231.075 Y58.107 E-.4858
;WIPE_END
G1 X204.128 Y68.901 Z3.827 F21000
G1 X202.143 Y69.696 Z3.86
G1 X200.158 Y70.491 Z3.886
G1 X198.173 Y71.286 Z3.905
G1 X194.203 Y72.876 Z3.92
G1 X7.4 Y147.7
G1 Z3.32 F720
M73 Q93 S5
G1 E.8 F1500
;TYPE:Perimeter
;WIDTH:0.60301
G1 F4200
G1 X7.4 Y7.774 E7.70006
G1 X7.957 Y7.105 F21000
M73 Q93 S4
;WIDTH:0.613228
G1 F3000
G1 X7.881 Y7.167 E.0055
;WIDTH:0.570656
G1 X7.805 Y7.23 E.00511
;WIDTH:0.528084
G1 X7.73 Y7.292 E.00463
;WIDTH:0.485512
G1 X7.654 Y7.354 E.00425
;WIDTH:0.482957
G1 X7.591 Y7.459 E.00527
;WIDTH:0.522975
G1 X7.527 Y7.564 E.00578
;WIDTH:0.562993
G1 X7.464 Y7.669 E.00625
;WIDTH:0.60301
G1 X7.4 Y7.774 E.00677
G1 X7.38 Y7.586 E.0104
;WIDTH:0.562993
G1 X7.36 Y7.397 E.0097
;WIDTH:0.522975
G1 X7.34 Y7.209 E.00889
;WIDTH:0.482957
G1 X7.32 Y7.02 E.00818
;WIDTH:0.442939
G1 X7.516 Y7.02 E.00766
;WIDTH:0.485512
G1 X7.626 Y7.041 E.00485
;WIDTH:0.528084
G1 X7.736 Y7.063 E.00533
;WIDTH:0.570656
G1 X7.847 Y7.084 E.00585
;WIDTH:0.613228
G1 X7.898 Y7.094 E.00291
G1 X7.957 Y7.105 F21000
G1 F4200
G1 X8.074 Y7.1 E.00656
;WIDTH:0.60301
G1 X111.926 Y7.1 E5.71492
G1 X112.6 Y7.774 F21000
;WIDTH:0.603012
G1 F3000
G1 X112.536 Y7.669 E.00677
;WIDTH:0.562994
G1 X112.473 Y7.564 E.00625
;WIDTH:0.522976
G1 X112.409 Y7.459 E.00578
;WIDTH:0.482958
G1 X112.346 Y7.354 E.00527
G1 X112.241 Y7.291 E.00527
;WIDTH:0.522975
G1 X112.136 Y7.227 E.00578
;WIDTH:0.562993
G1 X112.031 Y7.164 E.00625
;WIDTH:0.60301
G1 X111.926 Y7.1 E.00677
G1 X112.114 Y7.08 E.0104
;WIDTH:0.562993
G1 X112.303 Y7.06 E.0097
;WIDTH:0.522975
G1 X112.491 Y7.04 E.00889
;WIDTH:0.482958
G1 X112.68 Y7.02 E.00818
;WIDTH:0.44294
G1 X112.68 Y7.216 E.00766
;WIDTH:0.482958
G1 X112.66 Y7.355 E.00605
;WIDTH:0.522976
G1 X112.64 Y7.495 E.00665
;WIDTH:0.562994
G1 X112.62 Y7.635 E.00722
;WIDTH:0.603012
G1 X112.609 Y7.715 E.00444
G1 E-.16 F2700
;WIPE_START
G1 F16800
G1 X112.6 Y7.774 E-.00911
G1 X112.536 Y7.669 E-.01877
G1 X112.473 Y7.564 E-.0187
G1 X112.409 Y7.459 E-.01877
G1 X112.346 Y7.354 E-.0187
G1 X112.241 Y7.291 E-.0187
G1 X112.136 Y7.227 E-.01877
G1 X112.031 Y7.164 E-.0187
G1 X111.926 Y7.1 E-.01877
G1 X112.114 Y7.08 E-.02887
G1 X112.303 Y7.06 E-.02902
G1 X112.491 Y7.04 E-.02887
G1 X112.68 Y7.02 E-.02902
G1 X112.68 Y7.216 E-.02992
G1 X112.66 Y7.355 E-.02144
G1 X112.64 Y7.495 E-.02159
G1 X112.62 Y7.635 E-.02159
G1 X112.609 Y7.715 E-.01233
;WIPE_END
G1 E-.25836 F2700
G1 X112.605 Y36.743 Z3.827 F21000
G1 X112.605 Y38.882 Z3.86
G1 X112.604 Y41.02 Z3.886
G1 X112.604 Y43.158 Z3.905
G1 X112.604 Y47.435 Z3.92
G1 X112.6 Y73
G1 Z3.32 F720
G1 E.8 F1500
G1 F4200
G1 X112.6 Y7.774 E3.58937
M204 T250
G1 X112.06 Y7.631 F21000
M204 T7000
;TYPE:External perimeter
;WIDTH:0.449999
G1 F3000
G1 X111.926 Y7.575 E.00577
G1 F2999.998
G1 X8.074 Y7.575 E4.12936
G1 F3000
G1 X7.933 Y7.633 E.00606
G1 X7.875 Y7.774 E.00606
G1 F2999.998
G1 X7.875 Y148.175 E5.58262
G1 X6.925 Y148.175 E.03777
G1 X6.925 Y6.625 E5.62831
G1 X113.075 Y6.625 E4.22074
G1 X113.075 Y73.475 E2.65809
G1 X112.125 Y73.475 E.03777
G1 X112.125 Y7.774 E2.6124
G1 F3000
G1 X112.087 Y7.682 E.00396
G1 E-.16 F2700
;WIPE_START
G1 F16800
G1 X112.06 Y7.631 E-.00881
G1 X111.926 Y7.575 E-.02217
G1 X107.937 Y7.575 E-.60902
;WIPE_END
G1 X111.471 Y36.387 Z3.827 F21000
G1 X111.731 Y38.51 Z3.86
G1 X111.992 Y40.632 Z3.886
G1 X112.252 Y42.754 Z3.905
G1 X112.773 Y46.999 Z3.92
G1 X125.658 Y152.048
G1 Z3.32 F720
G1 E.8 F1500
;TYPE:Perimeter
;WIDTH:0.482954
G1 F3000
G1 X125.759 Y152.109 E.00508
;WIDTH:0.52297
G1 X125.864 Y152.173 E.00578
;WIDTH:0.562986
G1 X125.969 Y152.236 E.00625
;WIDTH:0.603002
G1 X126.074 Y152.3 E.00677
G1 X125.886 Y152.32 E.0104
;WIDTH:0.562986
G1 X125.697 Y152.34 E.0097
;WIDTH:0.52297
G1 X125.509 Y152.36 E.00889
;WIDTH:0.482954
G1 X125.32 Y152.38 E.00818
;WIDTH:0.442937
G1 X125.32 Y152.184 E.00766
;WIDTH:0.485511
G1 X125.341 Y152.074 E.00485
;WIDTH:0.528084
G1 X125.363 Y151.964 E.00533
;WIDTH:0.570657
G1 X125.384 Y151.853 E.00585
;WIDTH:0.61323
G1 X125.405 Y151.743 E.00628
G1 X125.467 Y151.819 E.0055
;WIDTH:0.570657
G1 X125.53 Y151.895 E.00511
;WIDTH:0.528084
G1 X125.592 Y151.97 E.00463
;WIDTH:0.485511
G1 X125.619 Y152.003 E.00185
G1 E-.16 F2700
;WIPE_START
G1 F16800
G1 X125.658 Y152.048 E-.00909
G1 X125.759 Y152.109 E-.01801
G1 X125.864 Y152.173 E-.01877
G1 X125.969 Y152.236 E-.0187
G1 X126.074 Y152.3 E-.01877
G1 X125.886 Y152.32 E-.02887
G1 X125.697 Y152.34 E-.02902
G1 X125.509 Y152.36 E-.02887
G1 X125.32 Y152.38 E-.02902
G1 X125.32 Y152.184 E-.02992
G1 X125.341 Y152.074 E-.0171
G1 X125.363 Y151.964 E-.01713
G1 X125.384 Y151.853 E-.01725
G1 X125.405 Y151.743 E-.0171
G1 X125.467 Y151.819 E-.01497
G1 X125.53 Y151.895 E-.01507
G1 X125.592 Y151.97 E-.01486
G1 X125.619 Y152.003 E-.00651
;WIPE_END
G1 E-.29097 F2700
G1 X154.647 Y151.931 Z3.827 F21000
G1 X156.786 Y151.926 Z3.86
G1 X158.924 Y151.921 Z3.886
G1 X161.062 Y151.915 Z3.905
G1 X165.338 Y151.905 Z3.92
G1 X230.595 Y151.743
G1 Z3.32 F720
G1 E.8 F1500
;WIDTH:0.613234
G1 F3000
G1 X230.616 Y151.853 E.00628
;WIDTH:0.570661
G1 X230.637 Y151.964 E.00585
;WIDTH:0.528087
G1 X230.659 Y152.074 E.00533
;WIDTH:0.485514
G1 X230.68 Y152.184 E.00485
;WIDTH:0.44294
G1 X230.68 Y152.38 E.00766
G1 X230.484 Y152.38 E.00766
;WIDTH:0.48551
G1 X230.374 Y152.359 E.00485
;WIDTH:0.52808
G1 X230.264 Y152.337 E.00533
;WIDTH:0.57065
G1 X230.153 Y152.316 E.00585
;WIDTH:0.61322
G1 X230.043 Y152.295 E.00628
G1 X230.119 Y152.233 E.0055
;WIDTH:0.57065
G1 X230.195 Y152.17 E.00511
;WIDTH:0.52808
G1 X230.27 Y152.108 E.00463
;WIDTH:0.48551
G1 X230.346 Y152.046 E.00425
G1 X230.408 Y151.97 E.00425
;WIDTH:0.528087
G1 X230.47 Y151.895 E.00463
;WIDTH:0.570661
G1 X230.533 Y151.819 E.00511
;WIDTH:0.613234
G1 X230.557 Y151.789 E.00215
G1 E-.16 F2700
;WIPE_START
G1 F16800
G1 X230.595 Y151.743 E-.00911
G1 X230.616 Y151.853 E-.0171
G1 X230.637 Y151.964 E-.01725
G1 X230.659 Y152.074 E-.01713
G1 X230.68 Y152.184 E-.0171
G1 X230.68 Y152.38 E-.02992
G1 X230.484 Y152.38 E-.02992
G1 X230.374 Y152.359 E-.0171
G1 X230.264 Y152.337 E-.01713
G1 X230.153 Y152.316 E-.01725
G1 X230.043 Y152.295 E-.0171
G1 X230.119 Y152.233 E-.01497
G1 X230.195 Y152.17 E-.01507
G1 X230.27 Y152.108 E-.01486
G1 X230.346 Y152.046 E-.01497
G1 X230.408 Y151.97 E-.01497
G1 X230.47 Y151.895 E-.01486
G1 X230.533 Y151.819 E-.01507
G1 X230.557 Y151.789 E-.00587
;WIPE_END
G1 E-.32325 F2700
G1 X230.581 Y122.761 Z3.827 F21000
G1 X230.583 Y120.622 Z3.86
G1 X230.584 Y118.484 Z3.886
G1 X230.586 Y116.346 Z3.905
G1 X230.59 Y112.069 Z3.92
G1 X230.6 Y99.4
G1 Z3.32 F720
G1 E.8 F1500
;WIDTH:0.603018
G1 F4200
G1 X230.6 Y151.626 E2.87401
;WIDTH:0.613234
G1 X230.595 Y151.743 E.00656
G1 X230.043 Y152.295 F21000
;WIDTH:0.61322
G1 F4200
G1 X229.926 Y152.3 E.00656
;WIDTH:0.603002
G1 X126.074 Y152.3 E5.71484
G1 X125.405 Y151.743 F21000
;WIDTH:0.61323
G1 F4200
G1 X125.4 Y151.626 E.00656
;WIDTH:0.60301
G1 X125.4 Y11.7 E7.70006
G1 E-.16 F2700
;WIPE_START
G1 F16800
G1 X125.4 Y15.892 E-.64
;WIPE_END
G1 X125.515 Y44.92 Z3.827 F21000
G1 X125.524 Y47.058 Z3.86
G1 X125.532 Y49.197 Z3.886
G1 X125.541 Y51.335 Z3.905
G1 X125.558 Y55.611 Z3.92
G1 X125.94 Y151.769
G1 Z3.32 F720
G1 E.8 F1500
;TYPE:External perimeter
;WIDTH:0.449999
G1 F3000
G1 X126.074 Y151.825 E.00577
G1 F2999.998
G1 X229.926 Y151.825 E4.12936
G1 F3000
G1 X230.067 Y151.767 E.00606
G1 X230.125 Y151.626 E.00606
G1 F2999.998
G1 X230.125 Y98.925 E2.0955
G1 X231.075 Y98.925 E.03777
M73 P94 R4
G1 X231.075 Y152.775 E2.14118
G1 X124.925 Y152.775 E4.22074
M73 P94 R3
G1 X124.925 Y11.225 E5.62831
G1 X125.875 Y11.225 E.03777
G1 X125.875 Y151.626 E5.58262
G1 F3000
G1 X125.913 Y151.718 E.00396
;LAYER_CHANGE
;Z:3.56
;HEIGHT:0.24
;BEFORE_LAYER_CHANGE
G92 E0.0
;3.56


G1 E-.16 F2700
;WIPE_START
G1 F16800
G1 X125.94 Y151.769 E-.00881
G1 X126.074 Y151.825 E-.02217
G1 X130.063 Y151.825 E-.60902
;WIPE_END
G1 X130.063 Y151.825 Z3.32 F21000
G1 X151.817 Y132.605 Z3.827
G1 X153.42 Y131.189 Z3.86
G1 X155.022 Y129.774 Z3.886
G1 X156.624 Y128.358 Z3.905
G1 X159.829 Y125.526 Z3.92
G1 X230.6 Y63 Z3.92
;AFTER_LAYER_CHANGE
;3.56
G1 Z3.56 F720
G1 E.8 F1500
;TYPE:Perimeter
;WIDTH:0.603018
G1 F3000
G1 X230.6 Y55.4 E.41823
M204 T250
G1 X230.125 Y54.925 F21000
M204 T7000
;TYPE:External perimeter
;WIDTH:0.449999
G1 F2999.998
G1 X231.075 Y54.925 E.03777
G1 X231.075 Y63.475 E.33997
G1 X230.125 Y63.475 E.03777
G1 X230.125 Y54.985 E.33758
G1 E-.16 F2700
;WIPE_START
G1 F16800
G1 X230.125 Y54.925 E-.00916
G1 X231.075 Y54.925 E-.14504
G1 X231.075 Y58.107 E-.4858
;WIPE_END
G1 X204.128 Y68.901 Z4.067 F21000
G1 X202.143 Y69.696 Z4.1
G1 X200.158 Y70.491 Z4.126
G1 X198.173 Y71.286 Z4.145
G1 X194.203 Y72.876 Z4.16
G1 X7.4 Y147.7
G1 Z3.56 F720
M73 Q94 S4
G1 E.8 F1500
;TYPE:Perimeter
;WIDTH:0.60301
G1 F4200
G1 X7.4 Y7.774 E7.70006
G1 X7.957 Y7.105 F21000
;WIDTH:0.613228
G1 F3000
G1 X7.881 Y7.167 E.0055
;WIDTH:0.570656
G1 X7.805 Y7.23 E.00511
;WIDTH:0.528084
G1 X7.73 Y7.292 E.00463
;WIDTH:0.485512
G1 X7.654 Y7.354 E.00425
;WIDTH:0.482957
G1 X7.591 Y7.459 E.00527
;WIDTH:0.522975
G1 X7.527 Y7.564 E.00578
;WIDTH:0.562993
G1 X7.464 Y7.669 E.00625
;WIDTH:0.60301
G1 X7.4 Y7.774 E.00677
G1 X7.38 Y7.586 E.0104
;WIDTH:0.562993
G1 X7.36 Y7.397 E.0097
;WIDTH:0.522975
G1 X7.34 Y7.209 E.00889
;WIDTH:0.482957
G1 X7.32 Y7.02 E.00818
;WIDTH:0.442939
G1 X7.516 Y7.02 E.00766
;WIDTH:0.485512
G1 X7.626 Y7.041 E.00485
;WIDTH:0.528084
G1 X7.736 Y7.063 E.00533
;WIDTH:0.570656
G1 X7.847 Y7.084 E.00585
;WIDTH:0.613228
G1 X7.898 Y7.094 E.00291
G1 X7.957 Y7.105 F21000
G1 F4200
G1 X8.074 Y7.1 E.00656
;WIDTH:0.60301
G1 X111.926 Y7.1 E5.71492
G1 X112.6 Y7.774 F21000
;WIDTH:0.603012
G1 F3000
G1 X112.536 Y7.669 E.00677
;WIDTH:0.562994
G1 X112.473 Y7.564 E.00625
;WIDTH:0.522976
G1 X112.409 Y7.459 E.00578
;WIDTH:0.482958
G1 X112.346 Y7.354 E.00527
G1 X112.241 Y7.291 E.00527
;WIDTH:0.522975
G1 X112.136 Y7.227 E.00578
;WIDTH:0.562993
G1 X112.031 Y7.164 E.00625
;WIDTH:0.60301
G1 X111.926 Y7.1 E.00677
G1 X112.114 Y7.08 E.0104
;WIDTH:0.562993
G1 X112.303 Y7.06 E.0097
;WIDTH:0.522975
G1 X112.491 Y7.04 E.00889
;WIDTH:0.482958
G1 X112.68 Y7.02 E.00818
;WIDTH:0.44294
G1 X112.68 Y7.216 E.00766
;WIDTH:0.482958
G1 X112.66 Y7.355 E.00605
;WIDTH:0.522976
G1 X112.64 Y7.495 E.00665
;WIDTH:0.562994
G1 X112.62 Y7.635 E.00722
;WIDTH:0.603012
G1 X112.609 Y7.715 E.00444
G1 E-.16 F2700
;WIPE_START
G1 F16800
G1 X112.6 Y7.774 E-.00911
G1 X112.536 Y7.669 E-.01877
G1 X112.473 Y7.564 E-.0187
G1 X112.409 Y7.459 E-.01877
G1 X112.346 Y7.354 E-.0187
G1 X112.241 Y7.291 E-.0187
G1 X112.136 Y7.227 E-.01877
G1 X112.031 Y7.164 E-.0187
G1 X111.926 Y7.1 E-.01877
G1 X112.114 Y7.08 E-.02887
G1 X112.303 Y7.06 E-.02902
G1 X112.491 Y7.04 E-.02887
G1 X112.68 Y7.02 E-.02902
G1 X112.68 Y7.216 E-.02992
G1 X112.66 Y7.355 E-.02144
G1 X112.64 Y7.495 E-.02159
G1 X112.62 Y7.635 E-.02159
G1 X112.609 Y7.715 E-.01233
;WIPE_END
G1 E-.25836 F2700
G1 X112.605 Y36.743 Z4.067 F21000
G1 X112.605 Y38.882 Z4.1
G1 X112.604 Y41.02 Z4.126
G1 X112.604 Y43.158 Z4.145
G1 X112.604 Y47.435 Z4.16
G1 X112.6 Y73
G1 Z3.56 F720
G1 E.8 F1500
G1 F4200
G1 X112.6 Y7.774 E3.58937
M204 T250
G1 X112.06 Y7.631 F21000
M204 T7000
;TYPE:External perimeter
;WIDTH:0.449999
G1 F3000
G1 X111.926 Y7.575 E.00577
G1 F2999.998
G1 X8.074 Y7.575 E4.12936
G1 F3000
G1 X7.933 Y7.633 E.00606
G1 X7.875 Y7.774 E.00606
G1 F2999.998
G1 X7.875 Y148.175 E5.58262
G1 X6.925 Y148.175 E.03777
G1 X6.925 Y6.625 E5.62831
G1 X113.075 Y6.625 E4.22074
G1 X113.075 Y73.475 E2.65809
G1 X112.125 Y73.475 E.03777
G1 X112.125 Y7.774 E2.6124
G1 F3000
M73 Q94 S3
G1 X112.087 Y7.682 E.00396
G1 E-.16 F2700
;WIPE_START
G1 F16800
G1 X112.06 Y7.631 E-.00881
G1 X111.926 Y7.575 E-.02217
G1 X107.937 Y7.575 E-.60902
;WIPE_END
G1 X111.471 Y36.387 Z4.067 F21000
G1 X111.731 Y38.51 Z4.1
G1 X111.992 Y40.632 Z4.126
G1 X112.252 Y42.754 Z4.145
G1 X112.773 Y46.999 Z4.16
G1 X125.658 Y152.048
G1 Z3.56 F720
G1 E.8 F1500
;TYPE:Perimeter
;WIDTH:0.482954
G1 F3000
G1 X125.759 Y152.109 E.00508
;WIDTH:0.52297
G1 X125.864 Y152.173 E.00578
;WIDTH:0.562986
G1 X125.969 Y152.236 E.00625
;WIDTH:0.603002
G1 X126.074 Y152.3 E.00677
G1 X125.886 Y152.32 E.0104
;WIDTH:0.562986
G1 X125.697 Y152.34 E.0097
;WIDTH:0.52297
G1 X125.509 Y152.36 E.00889
;WIDTH:0.482954
G1 X125.32 Y152.38 E.00818
;WIDTH:0.442937
G1 X125.32 Y152.184 E.00766
;WIDTH:0.485511
G1 X125.341 Y152.074 E.00485
;WIDTH:0.528084
G1 X125.363 Y151.964 E.00533
;WIDTH:0.570657
G1 X125.384 Y151.853 E.00585
;WIDTH:0.61323
G1 X125.405 Y151.743 E.00628
G1 X125.467 Y151.819 E.0055
;WIDTH:0.570657
G1 X125.53 Y151.895 E.00511
;WIDTH:0.528084
G1 X125.592 Y151.97 E.00463
;WIDTH:0.485511
G1 X125.619 Y152.003 E.00185
G1 E-.16 F2700
;WIPE_START
G1 F16800
G1 X125.658 Y152.048 E-.00909
G1 X125.759 Y152.109 E-.01801
G1 X125.864 Y152.173 E-.01877
G1 X125.969 Y152.236 E-.0187
G1 X126.074 Y152.3 E-.01877
G1 X125.886 Y152.32 E-.02887
G1 X125.697 Y152.34 E-.02902
G1 X125.509 Y152.36 E-.02887
G1 X125.32 Y152.38 E-.02902
G1 X125.32 Y152.184 E-.02992
G1 X125.341 Y152.074 E-.0171
G1 X125.363 Y151.964 E-.01713
G1 X125.384 Y151.853 E-.01725
G1 X125.405 Y151.743 E-.0171
G1 X125.467 Y151.819 E-.01497
G1 X125.53 Y151.895 E-.01507
G1 X125.592 Y151.97 E-.01486
G1 X125.619 Y152.003 E-.00651
;WIPE_END
G1 E-.29097 F2700
G1 X154.647 Y151.931 Z4.067 F21000
G1 X156.786 Y151.926 Z4.1
G1 X158.924 Y151.921 Z4.126
G1 X161.062 Y151.915 Z4.145
G1 X165.338 Y151.905 Z4.16
G1 X230.595 Y151.743
G1 Z3.56 F720
G1 E.8 F1500
;WIDTH:0.613234
G1 F3000
G1 X230.616 Y151.853 E.00628
;WIDTH:0.570661
G1 X230.637 Y151.964 E.00585
;WIDTH:0.528087
G1 X230.659 Y152.074 E.00533
;WIDTH:0.485514
G1 X230.68 Y152.184 E.00485
;WIDTH:0.44294
G1 X230.68 Y152.38 E.00766
G1 X230.484 Y152.38 E.00766
;WIDTH:0.48551
G1 X230.374 Y152.359 E.00485
;WIDTH:0.52808
G1 X230.264 Y152.337 E.00533
;WIDTH:0.57065
G1 X230.153 Y152.316 E.00585
;WIDTH:0.61322
G1 X230.043 Y152.295 E.00628
G1 X230.119 Y152.233 E.0055
;WIDTH:0.57065
G1 X230.195 Y152.17 E.00511
;WIDTH:0.52808
G1 X230.27 Y152.108 E.00463
;WIDTH:0.48551
G1 X230.346 Y152.046 E.00425
G1 X230.408 Y151.97 E.00425
;WIDTH:0.528087
G1 X230.47 Y151.895 E.00463
;WIDTH:0.570661
G1 X230.533 Y151.819 E.00511
;WIDTH:0.613234
G1 X230.557 Y151.789 E.00215
G1 E-.16 F2700
;WIPE_START
G1 F16800
G1 X230.595 Y151.743 E-.00911
G1 X230.616 Y151.853 E-.0171
G1 X230.637 Y151.964 E-.01725
G1 X230.659 Y152.074 E-.01713
G1 X230.68 Y152.184 E-.0171
G1 X230.68 Y152.38 E-.02992
G1 X230.484 Y152.38 E-.02992
G1 X230.374 Y152.359 E-.0171
G1 X230.264 Y152.337 E-.01713
G1 X230.153 Y152.316 E-.01725
G1 X230.043 Y152.295 E-.0171
G1 X230.119 Y152.233 E-.01497
G1 X230.195 Y152.17 E-.01507
G1 X230.27 Y152.108 E-.01486
G1 X230.346 Y152.046 E-.01497
G1 X230.408 Y151.97 E-.01497
G1 X230.47 Y151.895 E-.01486
G1 X230.533 Y151.819 E-.01507
G1 X230.557 Y151.789 E-.00587
;WIPE_END
G1 E-.32325 F2700
G1 X230.581 Y122.761 Z4.067 F21000
G1 X230.583 Y120.622 Z4.1
G1 X230.584 Y118.484 Z4.126
G1 X230.586 Y116.346 Z4.145
G1 X230.59 Y112.069 Z4.16
G1 X230.6 Y99.4
G1 Z3.56 F720
G1 E.8 F1500
;WIDTH:0.603018
G1 F4200
G1 X230.6 Y151.626 E2.87401
;WIDTH:0.613234
G1 X230.595 Y151.743 E.00656
G1 X230.043 Y152.295 F21000
;WIDTH:0.61322
G1 F4200
G1 X229.926 Y152.3 E.00656
;WIDTH:0.603002
G1 X126.074 Y152.3 E5.71484
G1 X125.405 Y151.743 F21000
;WIDTH:0.61323
G1 F4200
G1 X125.4 Y151.626 E.00656
;WIDTH:0.60301
G1 X125.4 Y11.7 E7.70006
G1 E-.16 F2700
;WIPE_START
G1 F16800
G1 X125.4 Y15.892 E-.64
;WIPE_END
G1 X125.515 Y44.92 Z4.067 F21000
G1 X125.524 Y47.058 Z4.1
G1 X125.532 Y49.197 Z4.126
G1 X125.541 Y51.335 Z4.145
G1 X125.558 Y55.611 Z4.16
G1 X125.94 Y151.769
G1 Z3.56 F720
G1 E.8 F1500
;TYPE:External perimeter
;WIDTH:0.449999
G1 F3000
G1 X126.074 Y151.825 E.00577
G1 F2999.998
G1 X229.926 Y151.825 E4.12936
G1 F3000
G1 X230.067 Y151.767 E.00606
G1 X230.125 Y151.626 E.00606
G1 F2999.998
G1 X230.125 Y98.925 E2.0955
G1 X231.075 Y98.925 E.03777
G1 X231.075 Y152.775 E2.14118
G1 X124.925 Y152.775 E4.22074
G1 X124.925 Y11.225 E5.62831
M73 P95 R3
G1 X125.875 Y11.225 E.03777
G1 X125.875 Y151.626 E5.58262
G1 F3000
G1 X125.913 Y151.718 E.00396
;LAYER_CHANGE
;Z:3.8
;HEIGHT:0.24
;BEFORE_LAYER_CHANGE
G92 E0.0
;3.8


G1 E-.16 F2700
;WIPE_START
G1 F16800
G1 X125.94 Y151.769 E-.00881
G1 X126.074 Y151.825 E-.02217
G1 X130.063 Y151.825 E-.60902
;WIPE_END
G1 X130.063 Y151.825 Z3.56 F21000
G1 X151.817 Y132.605 Z4.067
G1 X153.42 Y131.189 Z4.1
G1 X155.022 Y129.774 Z4.126
G1 X156.624 Y128.358 Z4.145
G1 X159.829 Y125.526 Z4.16
G1 X230.6 Y63 Z4.16
;AFTER_LAYER_CHANGE
;3.8
G1 Z3.8 F720
G1 E.8 F1500
;TYPE:Perimeter
;WIDTH:0.603018
G1 F3000
G1 X230.6 Y55.4 E.41823
M204 T250
G1 X230.125 Y54.925 F21000
M204 T7000
;TYPE:External perimeter
;WIDTH:0.449999
G1 F2999.998
G1 X231.075 Y54.925 E.03777
G1 X231.075 Y63.475 E.33997
G1 X230.125 Y63.475 E.03777
G1 X230.125 Y54.985 E.33758
G1 E-.16 F2700
;WIPE_START
G1 F16800
G1 X230.125 Y54.925 E-.00916
G1 X231.075 Y54.925 E-.14504
G1 X231.075 Y58.107 E-.4858
;WIPE_END
G1 X204.128 Y68.901 Z4.307 F21000
G1 X202.143 Y69.696 Z4.34
G1 X200.158 Y70.491 Z4.366
G1 X198.173 Y71.286 Z4.385
G1 X194.203 Y72.876 Z4.4
G1 X7.4 Y147.7
G1 Z3.8 F720
M73 Q95 S3
G1 E.8 F1500
;TYPE:Perimeter
;WIDTH:0.60301
G1 F4200
G1 X7.4 Y7.774 E7.70006
G1 X7.957 Y7.105 F21000
;WIDTH:0.613228
G1 F3000
G1 X7.881 Y7.167 E.0055
;WIDTH:0.570656
G1 X7.805 Y7.23 E.00511
;WIDTH:0.528084
G1 X7.73 Y7.292 E.00463
;WIDTH:0.485512
G1 X7.654 Y7.354 E.00425
;WIDTH:0.482957
G1 X7.591 Y7.459 E.00527
;WIDTH:0.522975
G1 X7.527 Y7.564 E.00578
;WIDTH:0.562993
G1 X7.464 Y7.669 E.00625
;WIDTH:0.60301
G1 X7.4 Y7.774 E.00677
G1 X7.38 Y7.586 E.0104
;WIDTH:0.562993
G1 X7.36 Y7.397 E.0097
;WIDTH:0.522975
G1 X7.34 Y7.209 E.00889
;WIDTH:0.482957
G1 X7.32 Y7.02 E.00818
;WIDTH:0.442939
G1 X7.516 Y7.02 E.00766
;WIDTH:0.485512
G1 X7.626 Y7.041 E.00485
;WIDTH:0.528084
G1 X7.736 Y7.063 E.00533
;WIDTH:0.570656
G1 X7.847 Y7.084 E.00585
;WIDTH:0.613228
G1 X7.898 Y7.094 E.00291
G1 X7.957 Y7.105 F21000
G1 F4200
G1 X8.074 Y7.1 E.00656
;WIDTH:0.60301
G1 X111.926 Y7.1 E5.71492
G1 X112.6 Y7.774 F21000
;WIDTH:0.603012
G1 F3000
G1 X112.536 Y7.669 E.00677
;WIDTH:0.562994
G1 X112.473 Y7.564 E.00625
;WIDTH:0.522976
G1 X112.409 Y7.459 E.00578
;WIDTH:0.482958
G1 X112.346 Y7.354 E.00527
G1 X112.241 Y7.291 E.00527
;WIDTH:0.522975
G1 X112.136 Y7.227 E.00578
;WIDTH:0.562993
G1 X112.031 Y7.164 E.00625
;WIDTH:0.60301
G1 X111.926 Y7.1 E.00677
G1 X112.114 Y7.08 E.0104
;WIDTH:0.562993
G1 X112.303 Y7.06 E.0097
;WIDTH:0.522975
G1 X112.491 Y7.04 E.00889
;WIDTH:0.482958
G1 X112.68 Y7.02 E.00818
;WIDTH:0.44294
G1 X112.68 Y7.216 E.00766
;WIDTH:0.482958
G1 X112.66 Y7.355 E.00605
;WIDTH:0.522976
G1 X112.64 Y7.495 E.00665
;WIDTH:0.562994
G1 X112.62 Y7.635 E.00722
;WIDTH:0.603012
G1 X112.609 Y7.715 E.00444
G1 E-.16 F2700
;WIPE_START
G1 F16800
G1 X112.6 Y7.774 E-.00911
G1 X112.536 Y7.669 E-.01877
G1 X112.473 Y7.564 E-.0187
G1 X112.409 Y7.459 E-.01877
G1 X112.346 Y7.354 E-.0187
G1 X112.241 Y7.291 E-.0187
G1 X112.136 Y7.227 E-.01877
G1 X112.031 Y7.164 E-.0187
G1 X111.926 Y7.1 E-.01877
G1 X112.114 Y7.08 E-.02887
G1 X112.303 Y7.06 E-.02902
G1 X112.491 Y7.04 E-.02887
G1 X112.68 Y7.02 E-.02902
G1 X112.68 Y7.216 E-.02992
G1 X112.66 Y7.355 E-.02144
G1 X112.64 Y7.495 E-.02159
G1 X112.62 Y7.635 E-.02159
G1 X112.609 Y7.715 E-.01233
;WIPE_END
G1 E-.25836 F2700
G1 X112.605 Y36.743 Z4.307 F21000
G1 X112.605 Y38.882 Z4.34
G1 X112.604 Y41.02 Z4.366
G1 X112.604 Y43.158 Z4.385
G1 X112.604 Y47.435 Z4.4
G1 X112.6 Y73
G1 Z3.8 F720
G1 E.8 F1500
G1 F4200
G1 X112.6 Y7.774 E3.58937
M204 T250
G1 X112.06 Y7.631 F21000
M204 T7000
;TYPE:External perimeter
;WIDTH:0.449999
G1 F3000
G1 X111.926 Y7.575 E.00577
G1 F2999.998
G1 X8.074 Y7.575 E4.12936
G1 F3000
G1 X7.933 Y7.633 E.00606
G1 X7.875 Y7.774 E.00606
G1 F2999.998
G1 X7.875 Y148.175 E5.58262
G1 X6.925 Y148.175 E.03777
G1 X6.925 Y6.625 E5.62831
G1 X113.075 Y6.625 E4.22074
M73 P95 R2
G1 X113.075 Y73.475 E2.65809
G1 X112.125 Y73.475 E.03777
G1 X112.125 Y7.774 E2.6124
G1 F3000
G1 X112.087 Y7.682 E.00396
G1 E-.16 F2700
;WIPE_START
G1 F16800
G1 X112.06 Y7.631 E-.00881
G1 X111.926 Y7.575 E-.02217
G1 X107.937 Y7.575 E-.60902
;WIPE_END
G1 X111.471 Y36.387 Z4.307 F21000
G1 X111.731 Y38.51 Z4.34
G1 X111.992 Y40.632 Z4.366
G1 X112.252 Y42.754 Z4.385
G1 X112.773 Y46.999 Z4.4
G1 X125.658 Y152.048
G1 Z3.8 F720
G1 E.8 F1500
;TYPE:Perimeter
;WIDTH:0.482954
G1 F3000
G1 X125.759 Y152.109 E.00508
;WIDTH:0.52297
G1 X125.864 Y152.173 E.00578
;WIDTH:0.562986
G1 X125.969 Y152.236 E.00625
;WIDTH:0.603002
G1 X126.074 Y152.3 E.00677
G1 X125.886 Y152.32 E.0104
;WIDTH:0.562986
G1 X125.697 Y152.34 E.0097
;WIDTH:0.52297
G1 X125.509 Y152.36 E.00889
;WIDTH:0.482954
G1 X125.32 Y152.38 E.00818
;WIDTH:0.442937
G1 X125.32 Y152.184 E.00766
;WIDTH:0.485511
G1 X125.341 Y152.074 E.00485
;WIDTH:0.528084
G1 X125.363 Y151.964 E.00533
;WIDTH:0.570657
G1 X125.384 Y151.853 E.00585
;WIDTH:0.61323
G1 X125.405 Y151.743 E.00628
G1 X125.467 Y151.819 E.0055
;WIDTH:0.570657
G1 X125.53 Y151.895 E.00511
;WIDTH:0.528084
G1 X125.592 Y151.97 E.00463
;WIDTH:0.485511
G1 X125.619 Y152.003 E.00185
G1 E-.16 F2700
;WIPE_START
G1 F16800
G1 X125.658 Y152.048 E-.00909
G1 X125.759 Y152.109 E-.01801
G1 X125.864 Y152.173 E-.01877
G1 X125.969 Y152.236 E-.0187
G1 X126.074 Y152.3 E-.01877
G1 X125.886 Y152.32 E-.02887
G1 X125.697 Y152.34 E-.02902
G1 X125.509 Y152.36 E-.02887
G1 X125.32 Y152.38 E-.02902
G1 X125.32 Y152.184 E-.02992
G1 X125.341 Y152.074 E-.0171
G1 X125.363 Y151.964 E-.01713
G1 X125.384 Y151.853 E-.01725
G1 X125.405 Y151.743 E-.0171
G1 X125.467 Y151.819 E-.01497
G1 X125.53 Y151.895 E-.01507
G1 X125.592 Y151.97 E-.01486
G1 X125.619 Y152.003 E-.00651
;WIPE_END
G1 E-.29097 F2700
G1 X154.647 Y151.931 Z4.307 F21000
G1 X156.786 Y151.926 Z4.34
G1 X158.924 Y151.921 Z4.366
G1 X161.062 Y151.915 Z4.385
G1 X165.338 Y151.905 Z4.4
G1 X230.595 Y151.743
G1 Z3.8 F720
G1 E.8 F1500
;WIDTH:0.613234
G1 F3000
G1 X230.616 Y151.853 E.00628
;WIDTH:0.570661
G1 X230.637 Y151.964 E.00585
;WIDTH:0.528087
G1 X230.659 Y152.074 E.00533
;WIDTH:0.485514
G1 X230.68 Y152.184 E.00485
;WIDTH:0.44294
G1 X230.68 Y152.38 E.00766
G1 X230.484 Y152.38 E.00766
;WIDTH:0.48551
G1 X230.374 Y152.359 E.00485
;WIDTH:0.52808
G1 X230.264 Y152.337 E.00533
;WIDTH:0.57065
G1 X230.153 Y152.316 E.00585
;WIDTH:0.61322
G1 X230.043 Y152.295 E.00628
G1 X230.119 Y152.233 E.0055
;WIDTH:0.57065
G1 X230.195 Y152.17 E.00511
;WIDTH:0.52808
G1 X230.27 Y152.108 E.00463
;WIDTH:0.48551
G1 X230.346 Y152.046 E.00425
G1 X230.408 Y151.97 E.00425
;WIDTH:0.528087
G1 X230.47 Y151.895 E.00463
;WIDTH:0.570661
G1 X230.533 Y151.819 E.00511
;WIDTH:0.613234
G1 X230.557 Y151.789 E.00215
G1 E-.16 F2700
;WIPE_START
G1 F16800
G1 X230.595 Y151.743 E-.00911
G1 X230.616 Y151.853 E-.0171
G1 X230.637 Y151.964 E-.01725
G1 X230.659 Y152.074 E-.01713
G1 X230.68 Y152.184 E-.0171
G1 X230.68 Y152.38 E-.02992
G1 X230.484 Y152.38 E-.02992
G1 X230.374 Y152.359 E-.0171
G1 X230.264 Y152.337 E-.01713
G1 X230.153 Y152.316 E-.01725
G1 X230.043 Y152.295 E-.0171
G1 X230.119 Y152.233 E-.01497
G1 X230.195 Y152.17 E-.01507
G1 X230.27 Y152.108 E-.01486
G1 X230.346 Y152.046 E-.01497
G1 X230.408 Y151.97 E-.01497
G1 X230.47 Y151.895 E-.01486
G1 X230.533 Y151.819 E-.01507
G1 X230.557 Y151.789 E-.00587
;WIPE_END
G1 E-.32325 F2700
G1 X230.581 Y122.761 Z4.307 F21000
G1 X230.583 Y120.622 Z4.34
G1 X230.584 Y118.484 Z4.366
G1 X230.586 Y116.346 Z4.385
G1 X230.59 Y112.069 Z4.4
G1 X230.6 Y99.4
G1 Z3.8 F720
G1 E.8 F1500
;WIDTH:0.603018
G1 F4200
G1 X230.6 Y151.626 E2.87401
;WIDTH:0.613234
G1 X230.595 Y151.743 E.00656
G1 X230.043 Y152.295 F21000
;WIDTH:0.61322
G1 F4200
G1 X229.926 Y152.3 E.00656
;WIDTH:0.603002
G1 X126.074 Y152.3 E5.71484
G1 X125.405 Y151.743 F21000
;WIDTH:0.61323
G1 F4200
G1 X125.4 Y151.626 E.00656
;WIDTH:0.60301
G1 X125.4 Y11.7 E7.70006
G1 E-.16 F2700
;WIPE_START
G1 F16800
G1 X125.4 Y15.892 E-.64
;WIPE_END
G1 X125.515 Y44.92 Z4.307 F21000
G1 X125.524 Y47.058 Z4.34
G1 X125.532 Y49.197 Z4.366
G1 X125.541 Y51.335 Z4.385
G1 X125.558 Y55.611 Z4.4
G1 X125.94 Y151.769
G1 Z3.8 F720
G1 E.8 F1500
;TYPE:External perimeter
;WIDTH:0.449999
G1 F3000
G1 X126.074 Y151.825 E.00577
G1 F2999.998
G1 X229.926 Y151.825 E4.12936
G1 F3000
G1 X230.067 Y151.767 E.00606
G1 X230.125 Y151.626 E.00606
G1 F2999.998
G1 X230.125 Y98.925 E2.0955
G1 X231.075 Y98.925 E.03777
G1 X231.075 Y152.775 E2.14118
G1 X124.925 Y152.775 E4.22074
G1 X124.925 Y11.225 E5.62831
M73 P96 R2
M73 Q95 S2
G1 X125.875 Y11.225 E.03777
G1 X125.875 Y151.626 E5.58262
G1 F3000
G1 X125.913 Y151.718 E.00396
;LAYER_CHANGE
;Z:4.04
;HEIGHT:0.24
;BEFORE_LAYER_CHANGE
G92 E0.0
;4.04


G1 E-.16 F2700
;WIPE_START
G1 F16800
G1 X125.94 Y151.769 E-.00881
G1 X126.074 Y151.825 E-.02217
G1 X130.063 Y151.825 E-.60902
;WIPE_END
G1 X130.063 Y151.825 Z3.8 F21000
G1 X151.817 Y132.605 Z4.307
G1 X153.42 Y131.189 Z4.34
G1 X155.022 Y129.774 Z4.366
G1 X156.624 Y128.358 Z4.385
G1 X159.829 Y125.526 Z4.4
G1 X230.6 Y63 Z4.4
;AFTER_LAYER_CHANGE
;4.04
G1 Z4.04 F720
G1 E.8 F1500
;TYPE:Perimeter
;WIDTH:0.603018
G1 F3000
G1 X230.6 Y55.4 E.41823
M204 T250
G1 X230.125 Y54.925 F21000
M204 T7000
;TYPE:External perimeter
;WIDTH:0.449999
G1 F2999.998
G1 X231.075 Y54.925 E.03777
G1 X231.075 Y63.475 E.33997
G1 X230.125 Y63.475 E.03777
G1 X230.125 Y54.985 E.33758
G1 E-.16 F2700
;WIPE_START
G1 F16800
G1 X230.125 Y54.925 E-.00916
G1 X231.075 Y54.925 E-.14504
G1 X231.075 Y58.107 E-.4858
;WIPE_END
G1 X204.128 Y68.901 Z4.547 F21000
G1 X202.143 Y69.696 Z4.58
M73 Q96 S2
G1 X200.158 Y70.491 Z4.606
G1 X198.173 Y71.286 Z4.625
G1 X194.203 Y72.876 Z4.64
G1 X7.4 Y147.7
G1 Z4.04 F720
G1 E.8 F1500
;TYPE:Perimeter
;WIDTH:0.60301
G1 F4200
G1 X7.4 Y7.774 E7.70006
G1 X7.957 Y7.105 F21000
;WIDTH:0.613228
G1 F3000
G1 X7.881 Y7.167 E.0055
;WIDTH:0.570656
G1 X7.805 Y7.23 E.00511
;WIDTH:0.528084
G1 X7.73 Y7.292 E.00463
;WIDTH:0.485512
G1 X7.654 Y7.354 E.00425
;WIDTH:0.482957
G1 X7.591 Y7.459 E.00527
;WIDTH:0.522975
G1 X7.527 Y7.564 E.00578
;WIDTH:0.562993
G1 X7.464 Y7.669 E.00625
;WIDTH:0.60301
G1 X7.4 Y7.774 E.00677
G1 X7.38 Y7.586 E.0104
;WIDTH:0.562993
G1 X7.36 Y7.397 E.0097
;WIDTH:0.522975
G1 X7.34 Y7.209 E.00889
;WIDTH:0.482957
G1 X7.32 Y7.02 E.00818
;WIDTH:0.442939
G1 X7.516 Y7.02 E.00766
;WIDTH:0.485512
G1 X7.626 Y7.041 E.00485
;WIDTH:0.528084
G1 X7.736 Y7.063 E.00533
;WIDTH:0.570656
G1 X7.847 Y7.084 E.00585
;WIDTH:0.613228
G1 X7.898 Y7.094 E.00291
G1 X7.957 Y7.105 F21000
G1 F4200
G1 X8.074 Y7.1 E.00656
;WIDTH:0.60301
G1 X111.926 Y7.1 E5.71492
G1 X112.6 Y7.774 F21000
;WIDTH:0.603012
G1 F3000
G1 X112.536 Y7.669 E.00677
;WIDTH:0.562994
G1 X112.473 Y7.564 E.00625
;WIDTH:0.522976
G1 X112.409 Y7.459 E.00578
;WIDTH:0.482958
G1 X112.346 Y7.354 E.00527
G1 X112.241 Y7.291 E.00527
;WIDTH:0.522975
G1 X112.136 Y7.227 E.00578
;WIDTH:0.562993
G1 X112.031 Y7.164 E.00625
;WIDTH:0.60301
G1 X111.926 Y7.1 E.00677
G1 X112.114 Y7.08 E.0104
;WIDTH:0.562993
G1 X112.303 Y7.06 E.0097
;WIDTH:0.522975
G1 X112.491 Y7.04 E.00889
;WIDTH:0.482958
G1 X112.68 Y7.02 E.00818
;WIDTH:0.44294
G1 X112.68 Y7.216 E.00766
;WIDTH:0.482958
G1 X112.66 Y7.355 E.00605
;WIDTH:0.522976
G1 X112.64 Y7.495 E.00665
;WIDTH:0.562994
G1 X112.62 Y7.635 E.00722
;WIDTH:0.603012
G1 X112.609 Y7.715 E.00444
G1 E-.16 F2700
;WIPE_START
G1 F16800
G1 X112.6 Y7.774 E-.00911
G1 X112.536 Y7.669 E-.01877
G1 X112.473 Y7.564 E-.0187
G1 X112.409 Y7.459 E-.01877
G1 X112.346 Y7.354 E-.0187
G1 X112.241 Y7.291 E-.0187
G1 X112.136 Y7.227 E-.01877
G1 X112.031 Y7.164 E-.0187
G1 X111.926 Y7.1 E-.01877
G1 X112.114 Y7.08 E-.02887
G1 X112.303 Y7.06 E-.02902
G1 X112.491 Y7.04 E-.02887
G1 X112.68 Y7.02 E-.02902
G1 X112.68 Y7.216 E-.02992
G1 X112.66 Y7.355 E-.02144
G1 X112.64 Y7.495 E-.02159
G1 X112.62 Y7.635 E-.02159
G1 X112.609 Y7.715 E-.01233
;WIPE_END
G1 E-.25836 F2700
G1 X112.605 Y36.743 Z4.547 F21000
G1 X112.605 Y38.882 Z4.58
G1 X112.604 Y41.02 Z4.606
G1 X112.604 Y43.158 Z4.625
G1 X112.604 Y47.435 Z4.64
G1 X112.6 Y73
G1 Z4.04 F720
G1 E.8 F1500
G1 F4200
G1 X112.6 Y7.774 E3.58937
M204 T250
G1 X112.06 Y7.631 F21000
M204 T7000
;TYPE:External perimeter
;WIDTH:0.449999
G1 F3000
G1 X111.926 Y7.575 E.00577
G1 F2999.998
G1 X8.074 Y7.575 E4.12936
G1 F3000
G1 X7.933 Y7.633 E.00606
G1 X7.875 Y7.774 E.00606
G1 F2999.998
G1 X7.875 Y148.175 E5.58262
G1 X6.925 Y148.175 E.03777
G1 X6.925 Y6.625 E5.62831
G1 X113.075 Y6.625 E4.22074
G1 X113.075 Y73.475 E2.65809
G1 X112.125 Y73.475 E.03777
G1 X112.125 Y7.774 E2.6124
G1 F3000
G1 X112.087 Y7.682 E.00396
G1 E-.16 F2700
;WIPE_START
G1 F16800
G1 X112.06 Y7.631 E-.00881
G1 X111.926 Y7.575 E-.02217
G1 X107.937 Y7.575 E-.60902
;WIPE_END
G1 X111.471 Y36.387 Z4.547 F21000
G1 X111.731 Y38.51 Z4.58
G1 X111.992 Y40.632 Z4.606
G1 X112.252 Y42.754 Z4.625
G1 X112.773 Y46.999 Z4.64
G1 X125.658 Y152.048
G1 Z4.04 F720
G1 E.8 F1500
;TYPE:Perimeter
;WIDTH:0.482954
G1 F3000
G1 X125.759 Y152.109 E.00508
;WIDTH:0.52297
G1 X125.864 Y152.173 E.00578
;WIDTH:0.562986
G1 X125.969 Y152.236 E.00625
;WIDTH:0.603002
G1 X126.074 Y152.3 E.00677
G1 X125.886 Y152.32 E.0104
;WIDTH:0.562986
G1 X125.697 Y152.34 E.0097
;WIDTH:0.52297
G1 X125.509 Y152.36 E.00889
;WIDTH:0.482954
G1 X125.32 Y152.38 E.00818
;WIDTH:0.442937
G1 X125.32 Y152.184 E.00766
;WIDTH:0.485511
G1 X125.341 Y152.074 E.00485
;WIDTH:0.528084
G1 X125.363 Y151.964 E.00533
;WIDTH:0.570657
G1 X125.384 Y151.853 E.00585
;WIDTH:0.61323
G1 X125.405 Y151.743 E.00628
G1 X125.467 Y151.819 E.0055
;WIDTH:0.570657
G1 X125.53 Y151.895 E.00511
;WIDTH:0.528084
G1 X125.592 Y151.97 E.00463
;WIDTH:0.485511
G1 X125.619 Y152.003 E.00185
G1 E-.16 F2700
;WIPE_START
G1 F16800
G1 X125.658 Y152.048 E-.00909
G1 X125.759 Y152.109 E-.01801
G1 X125.864 Y152.173 E-.01877
G1 X125.969 Y152.236 E-.0187
G1 X126.074 Y152.3 E-.01877
G1 X125.886 Y152.32 E-.02887
G1 X125.697 Y152.34 E-.02902
G1 X125.509 Y152.36 E-.02887
G1 X125.32 Y152.38 E-.02902
G1 X125.32 Y152.184 E-.02992
G1 X125.341 Y152.074 E-.0171
G1 X125.363 Y151.964 E-.01713
G1 X125.384 Y151.853 E-.01725
G1 X125.405 Y151.743 E-.0171
G1 X125.467 Y151.819 E-.01497
G1 X125.53 Y151.895 E-.01507
G1 X125.592 Y151.97 E-.01486
G1 X125.619 Y152.003 E-.00651
;WIPE_END
G1 E-.29097 F2700
G1 X154.647 Y151.931 Z4.547 F21000
G1 X156.786 Y151.926 Z4.58
G1 X158.924 Y151.921 Z4.606
G1 X161.062 Y151.915 Z4.625
G1 X165.338 Y151.905 Z4.64
G1 X230.595 Y151.743
G1 Z4.04 F720
G1 E.8 F1500
;WIDTH:0.613234
G1 F3000
G1 X230.616 Y151.853 E.00628
;WIDTH:0.570661
G1 X230.637 Y151.964 E.00585
;WIDTH:0.528087
G1 X230.659 Y152.074 E.00533
;WIDTH:0.485514
G1 X230.68 Y152.184 E.00485
;WIDTH:0.44294
G1 X230.68 Y152.38 E.00766
G1 X230.484 Y152.38 E.00766
;WIDTH:0.48551
G1 X230.374 Y152.359 E.00485
;WIDTH:0.52808
G1 X230.264 Y152.337 E.00533
;WIDTH:0.57065
G1 X230.153 Y152.316 E.00585
;WIDTH:0.61322
G1 X230.043 Y152.295 E.00628
G1 X230.119 Y152.233 E.0055
;WIDTH:0.57065
G1 X230.195 Y152.17 E.00511
;WIDTH:0.52808
G1 X230.27 Y152.108 E.00463
;WIDTH:0.48551
G1 X230.346 Y152.046 E.00425
G1 X230.408 Y151.97 E.00425
;WIDTH:0.528087
G1 X230.47 Y151.895 E.00463
;WIDTH:0.570661
G1 X230.533 Y151.819 E.00511
;WIDTH:0.613234
G1 X230.557 Y151.789 E.00215
G1 E-.16 F2700
;WIPE_START
G1 F16800
G1 X230.595 Y151.743 E-.00911
G1 X230.616 Y151.853 E-.0171
G1 X230.637 Y151.964 E-.01725
G1 X230.659 Y152.074 E-.01713
G1 X230.68 Y152.184 E-.0171
G1 X230.68 Y152.38 E-.02992
G1 X230.484 Y152.38 E-.02992
G1 X230.374 Y152.359 E-.0171
G1 X230.264 Y152.337 E-.01713
G1 X230.153 Y152.316 E-.01725
G1 X230.043 Y152.295 E-.0171
G1 X230.119 Y152.233 E-.01497
G1 X230.195 Y152.17 E-.01507
G1 X230.27 Y152.108 E-.01486
G1 X230.346 Y152.046 E-.01497
G1 X230.408 Y151.97 E-.01497
G1 X230.47 Y151.895 E-.01486
G1 X230.533 Y151.819 E-.01507
G1 X230.557 Y151.789 E-.00587
;WIPE_END
G1 E-.32325 F2700
G1 X230.581 Y122.761 Z4.547 F21000
G1 X230.583 Y120.622 Z4.58
G1 X230.584 Y118.484 Z4.606
G1 X230.586 Y116.346 Z4.625
G1 X230.59 Y112.069 Z4.64
G1 X230.6 Y99.4
G1 Z4.04 F720
G1 E.8 F1500
;WIDTH:0.603018
G1 F4200
G1 X230.6 Y151.626 E2.87401
;WIDTH:0.613234
G1 X230.595 Y151.743 E.00656
G1 X230.043 Y152.295 F21000
;WIDTH:0.61322
G1 F4200
G1 X229.926 Y152.3 E.00656
;WIDTH:0.603002
G1 X126.074 Y152.3 E5.71484
G1 X125.405 Y151.743 F21000
;WIDTH:0.61323
G1 F4200
G1 X125.4 Y151.626 E.00656
;WIDTH:0.60301
G1 X125.4 Y11.7 E7.70006
G1 E-.16 F2700
;WIPE_START
G1 F16800
G1 X125.4 Y15.892 E-.64
;WIPE_END
G1 X125.515 Y44.92 Z4.547 F21000
G1 X125.524 Y47.058 Z4.58
G1 X125.532 Y49.197 Z4.606
G1 X125.541 Y51.335 Z4.625
G1 X125.558 Y55.611 Z4.64
G1 X125.94 Y151.769
G1 Z4.04 F720
G1 E.8 F1500
;TYPE:External perimeter
;WIDTH:0.449999
G1 F3000
G1 X126.074 Y151.825 E.00577
G1 F2999.998
G1 X229.926 Y151.825 E4.12936
G1 F3000
G1 X230.067 Y151.767 E.00606
G1 X230.125 Y151.626 E.00606
G1 F2999.998
G1 X230.125 Y98.925 E2.0955
G1 X231.075 Y98.925 E.03777
G1 X231.075 Y152.775 E2.14118
G1 X124.925 Y152.775 E4.22074
G1 X124.925 Y11.225 E5.62831
G1 X125.875 Y11.225 E.03777
M73 P97 R1
G1 X125.875 Y151.626 E5.58262
G1 F3000
G1 X125.913 Y151.718 E.00396
;LAYER_CHANGE
;Z:4.28
;HEIGHT:0.24
;BEFORE_LAYER_CHANGE
G92 E0.0
;4.28


G1 E-.16 F2700
;WIPE_START
G1 F16800
G1 X125.94 Y151.769 E-.00881
G1 X126.074 Y151.825 E-.02217
G1 X130.063 Y151.825 E-.60902
;WIPE_END
G1 X130.063 Y151.825 Z4.04 F21000
G1 X151.817 Y132.605 Z4.547
G1 X153.42 Y131.189 Z4.58
G1 X155.022 Y129.774 Z4.606
G1 X156.624 Y128.358 Z4.625
G1 X159.829 Y125.526 Z4.64
G1 X230.6 Y63 Z4.64
;AFTER_LAYER_CHANGE
;4.28
G1 Z4.28 F720
G1 E.8 F1500
;TYPE:Perimeter
;WIDTH:0.603018
G1 F3000
G1 X230.6 Y55.4 E.41823
M204 T250
G1 X230.125 Y54.925 F21000
M204 T7000
;TYPE:External perimeter
;WIDTH:0.449999
G1 F2999.998
G1 X231.075 Y54.925 E.03777
G1 X231.075 Y63.475 E.33997
G1 X230.125 Y63.475 E.03777
G1 X230.125 Y54.985 E.33758
G1 E-.16 F2700
M73 Q97 S2
;WIPE_START
G1 F16800
G1 X230.125 Y54.925 E-.00916
G1 X231.075 Y54.925 E-.14504
G1 X231.075 Y58.107 E-.4858
;WIPE_END
G1 X204.128 Y68.901 Z4.787 F21000
G1 X202.143 Y69.696 Z4.82
G1 X200.158 Y70.491 Z4.846
G1 X198.173 Y71.286 Z4.865
G1 X194.203 Y72.876 Z4.88
G1 X7.4 Y147.7
G1 Z4.28 F720
G1 E.8 F1500
;TYPE:Perimeter
;WIDTH:0.60301
G1 F4200
G1 X7.4 Y7.774 E7.70006
G1 X7.957 Y7.105 F21000
;WIDTH:0.613228
G1 F3000
G1 X7.881 Y7.167 E.0055
;WIDTH:0.570656
G1 X7.805 Y7.23 E.00511
;WIDTH:0.528084
G1 X7.73 Y7.292 E.00463
;WIDTH:0.485512
G1 X7.654 Y7.354 E.00425
;WIDTH:0.482957
G1 X7.591 Y7.459 E.00527
;WIDTH:0.522975
G1 X7.527 Y7.564 E.00578
;WIDTH:0.562993
G1 X7.464 Y7.669 E.00625
;WIDTH:0.60301
G1 X7.4 Y7.774 E.00677
G1 X7.38 Y7.586 E.0104
;WIDTH:0.562993
G1 X7.36 Y7.397 E.0097
;WIDTH:0.522975
G1 X7.34 Y7.209 E.00889
;WIDTH:0.482957
G1 X7.32 Y7.02 E.00818
;WIDTH:0.442939
G1 X7.516 Y7.02 E.00766
;WIDTH:0.485512
G1 X7.626 Y7.041 E.00485
;WIDTH:0.528084
G1 X7.736 Y7.063 E.00533
;WIDTH:0.570656
G1 X7.847 Y7.084 E.00585
;WIDTH:0.613228
G1 X7.898 Y7.094 E.00291
G1 X7.957 Y7.105 F21000
G1 F4200
G1 X8.074 Y7.1 E.00656
;WIDTH:0.60301
G1 X111.926 Y7.1 E5.71492
G1 X112.6 Y7.774 F21000
;WIDTH:0.603012
G1 F3000
G1 X112.536 Y7.669 E.00677
;WIDTH:0.562994
G1 X112.473 Y7.564 E.00625
;WIDTH:0.522976
G1 X112.409 Y7.459 E.00578
;WIDTH:0.482958
G1 X112.346 Y7.354 E.00527
G1 X112.241 Y7.291 E.00527
;WIDTH:0.522975
G1 X112.136 Y7.227 E.00578
;WIDTH:0.562993
G1 X112.031 Y7.164 E.00625
;WIDTH:0.60301
G1 X111.926 Y7.1 E.00677
G1 X112.114 Y7.08 E.0104
;WIDTH:0.562993
G1 X112.303 Y7.06 E.0097
;WIDTH:0.522975
G1 X112.491 Y7.04 E.00889
;WIDTH:0.482958
G1 X112.68 Y7.02 E.00818
;WIDTH:0.44294
G1 X112.68 Y7.216 E.00766
;WIDTH:0.482958
G1 X112.66 Y7.355 E.00605
;WIDTH:0.522976
G1 X112.64 Y7.495 E.00665
;WIDTH:0.562994
G1 X112.62 Y7.635 E.00722
;WIDTH:0.603012
G1 X112.609 Y7.715 E.00444
G1 E-.16 F2700
;WIPE_START
G1 F16800
G1 X112.6 Y7.774 E-.00911
G1 X112.536 Y7.669 E-.01877
G1 X112.473 Y7.564 E-.0187
G1 X112.409 Y7.459 E-.01877
G1 X112.346 Y7.354 E-.0187
G1 X112.241 Y7.291 E-.0187
G1 X112.136 Y7.227 E-.01877
G1 X112.031 Y7.164 E-.0187
G1 X111.926 Y7.1 E-.01877
G1 X112.114 Y7.08 E-.02887
G1 X112.303 Y7.06 E-.02902
G1 X112.491 Y7.04 E-.02887
G1 X112.68 Y7.02 E-.02902
G1 X112.68 Y7.216 E-.02992
G1 X112.66 Y7.355 E-.02144
G1 X112.64 Y7.495 E-.02159
G1 X112.62 Y7.635 E-.02159
G1 X112.609 Y7.715 E-.01233
;WIPE_END
G1 E-.25836 F2700
G1 X112.605 Y36.743 Z4.787 F21000
G1 X112.605 Y38.882 Z4.82
G1 X112.604 Y41.02 Z4.846
G1 X112.604 Y43.158 Z4.865
G1 X112.604 Y47.435 Z4.88
G1 X112.6 Y73
G1 Z4.28 F720
G1 E.8 F1500
G1 F4200
G1 X112.6 Y7.774 E3.58937
M204 T250
G1 X112.06 Y7.631 F21000
M204 T7000
;TYPE:External perimeter
;WIDTH:0.449999
G1 F3000
G1 X111.926 Y7.575 E.00577
G1 F2999.998
G1 X8.074 Y7.575 E4.12936
G1 F3000
M73 Q97 S1
G1 X7.933 Y7.633 E.00606
G1 X7.875 Y7.774 E.00606
G1 F2999.998
G1 X7.875 Y148.175 E5.58262
G1 X6.925 Y148.175 E.03777
G1 X6.925 Y6.625 E5.62831
G1 X113.075 Y6.625 E4.22074
G1 X113.075 Y73.475 E2.65809
G1 X112.125 Y73.475 E.03777
G1 X112.125 Y7.774 E2.6124
G1 F3000
G1 X112.087 Y7.682 E.00396
G1 E-.16 F2700
;WIPE_START
G1 F16800
G1 X112.06 Y7.631 E-.00881
G1 X111.926 Y7.575 E-.02217
G1 X107.937 Y7.575 E-.60902
;WIPE_END
G1 X111.471 Y36.387 Z4.787 F21000
G1 X111.731 Y38.51 Z4.82
G1 X111.992 Y40.632 Z4.846
G1 X112.252 Y42.754 Z4.865
G1 X112.773 Y46.999 Z4.88
G1 X125.658 Y152.048
G1 Z4.28 F720
G1 E.8 F1500
;TYPE:Perimeter
;WIDTH:0.482954
G1 F3000
G1 X125.759 Y152.109 E.00508
;WIDTH:0.52297
G1 X125.864 Y152.173 E.00578
;WIDTH:0.562986
G1 X125.969 Y152.236 E.00625
;WIDTH:0.603002
G1 X126.074 Y152.3 E.00677
G1 X125.886 Y152.32 E.0104
;WIDTH:0.562986
G1 X125.697 Y152.34 E.0097
;WIDTH:0.52297
G1 X125.509 Y152.36 E.00889
;WIDTH:0.482954
G1 X125.32 Y152.38 E.00818
;WIDTH:0.442937
G1 X125.32 Y152.184 E.00766
;WIDTH:0.485511
G1 X125.341 Y152.074 E.00485
;WIDTH:0.528084
G1 X125.363 Y151.964 E.00533
;WIDTH:0.570657
G1 X125.384 Y151.853 E.00585
;WIDTH:0.61323
G1 X125.405 Y151.743 E.00628
G1 X125.467 Y151.819 E.0055
;WIDTH:0.570657
G1 X125.53 Y151.895 E.00511
;WIDTH:0.528084
G1 X125.592 Y151.97 E.00463
;WIDTH:0.485511
G1 X125.619 Y152.003 E.00185
G1 E-.16 F2700
;WIPE_START
G1 F16800
G1 X125.658 Y152.048 E-.00909
G1 X125.759 Y152.109 E-.01801
G1 X125.864 Y152.173 E-.01877
G1 X125.969 Y152.236 E-.0187
G1 X126.074 Y152.3 E-.01877
G1 X125.886 Y152.32 E-.02887
G1 X125.697 Y152.34 E-.02902
G1 X125.509 Y152.36 E-.02887
G1 X125.32 Y152.38 E-.02902
G1 X125.32 Y152.184 E-.02992
G1 X125.341 Y152.074 E-.0171
G1 X125.363 Y151.964 E-.01713
G1 X125.384 Y151.853 E-.01725
G1 X125.405 Y151.743 E-.0171
G1 X125.467 Y151.819 E-.01497
G1 X125.53 Y151.895 E-.01507
G1 X125.592 Y151.97 E-.01486
G1 X125.619 Y152.003 E-.00651
;WIPE_END
G1 E-.29097 F2700
G1 X154.647 Y151.931 Z4.787 F21000
G1 X156.786 Y151.926 Z4.82
G1 X158.924 Y151.921 Z4.846
G1 X161.062 Y151.915 Z4.865
G1 X165.338 Y151.905 Z4.88
G1 X230.595 Y151.743
G1 Z4.28 F720
G1 E.8 F1500
;WIDTH:0.613234
G1 F3000
G1 X230.616 Y151.853 E.00628
;WIDTH:0.570661
G1 X230.637 Y151.964 E.00585
;WIDTH:0.528087
G1 X230.659 Y152.074 E.00533
;WIDTH:0.485514
G1 X230.68 Y152.184 E.00485
;WIDTH:0.44294
G1 X230.68 Y152.38 E.00766
G1 X230.484 Y152.38 E.00766
;WIDTH:0.48551
G1 X230.374 Y152.359 E.00485
;WIDTH:0.52808
G1 X230.264 Y152.337 E.00533
;WIDTH:0.57065
G1 X230.153 Y152.316 E.00585
;WIDTH:0.61322
G1 X230.043 Y152.295 E.00628
G1 X230.119 Y152.233 E.0055
;WIDTH:0.57065
G1 X230.195 Y152.17 E.00511
;WIDTH:0.52808
G1 X230.27 Y152.108 E.00463
;WIDTH:0.48551
G1 X230.346 Y152.046 E.00425
G1 X230.408 Y151.97 E.00425
;WIDTH:0.528087
G1 X230.47 Y151.895 E.00463
;WIDTH:0.570661
G1 X230.533 Y151.819 E.00511
;WIDTH:0.613234
G1 X230.557 Y151.789 E.00215
G1 E-.16 F2700
;WIPE_START
G1 F16800
G1 X230.595 Y151.743 E-.00911
G1 X230.616 Y151.853 E-.0171
G1 X230.637 Y151.964 E-.01725
G1 X230.659 Y152.074 E-.01713
G1 X230.68 Y152.184 E-.0171
G1 X230.68 Y152.38 E-.02992
G1 X230.484 Y152.38 E-.02992
G1 X230.374 Y152.359 E-.0171
G1 X230.264 Y152.337 E-.01713
G1 X230.153 Y152.316 E-.01725
G1 X230.043 Y152.295 E-.0171
G1 X230.119 Y152.233 E-.01497
G1 X230.195 Y152.17 E-.01507
G1 X230.27 Y152.108 E-.01486
G1 X230.346 Y152.046 E-.01497
G1 X230.408 Y151.97 E-.01497
G1 X230.47 Y151.895 E-.01486
G1 X230.533 Y151.819 E-.01507
G1 X230.557 Y151.789 E-.00587
;WIPE_END
G1 E-.32325 F2700
G1 X230.581 Y122.761 Z4.787 F21000
G1 X230.583 Y120.622 Z4.82
G1 X230.584 Y118.484 Z4.846
G1 X230.586 Y116.346 Z4.865
G1 X230.59 Y112.069 Z4.88
G1 X230.6 Y99.4
G1 Z4.28 F720
G1 E.8 F1500
;WIDTH:0.603018
G1 F4200
G1 X230.6 Y151.626 E2.87401
;WIDTH:0.613234
G1 X230.595 Y151.743 E.00656
G1 X230.043 Y152.295 F21000
;WIDTH:0.61322
G1 F4200
G1 X229.926 Y152.3 E.00656
;WIDTH:0.603002
G1 X126.074 Y152.3 E5.71484
G1 X125.405 Y151.743 F21000
;WIDTH:0.61323
G1 F4200
G1 X125.4 Y151.626 E.00656
;WIDTH:0.60301
G1 X125.4 Y11.7 E7.70006
G1 E-.16 F2700
;WIPE_START
G1 F16800
G1 X125.4 Y15.892 E-.64
;WIPE_END
G1 X125.515 Y44.92 Z4.787 F21000
G1 X125.524 Y47.058 Z4.82
G1 X125.532 Y49.197 Z4.846
G1 X125.541 Y51.335 Z4.865
G1 X125.558 Y55.611 Z4.88
G1 X125.94 Y151.769
G1 Z4.28 F720
G1 E.8 F1500
;TYPE:External perimeter
;WIDTH:0.449999
G1 F3000
G1 X126.074 Y151.825 E.00577
G1 F2999.998
G1 X229.926 Y151.825 E4.12936
G1 F3000
G1 X230.067 Y151.767 E.00606
G1 X230.125 Y151.626 E.00606
G1 F2999.998
G1 X230.125 Y98.925 E2.0955
G1 X231.075 Y98.925 E.03777
G1 X231.075 Y152.775 E2.14118
G1 X124.925 Y152.775 E4.22074
G1 X124.925 Y11.225 E5.62831
G1 X125.875 Y11.225 E.03777
G1 X125.875 Y151.626 E5.58262
G1 F3000
M73 P98 R1
G1 X125.913 Y151.718 E.00396
;LAYER_CHANGE
;Z:4.52
;HEIGHT:0.24
;BEFORE_LAYER_CHANGE
G92 E0.0
;4.52


G1 E-.16 F2700
;WIPE_START
G1 F16800
G1 X125.94 Y151.769 E-.00881
G1 X126.074 Y151.825 E-.02217
G1 X130.063 Y151.825 E-.60902
;WIPE_END
G1 X130.063 Y151.825 Z4.28 F21000
G1 X151.817 Y132.605 Z4.787
G1 X153.42 Y131.189 Z4.82
G1 X155.022 Y129.774 Z4.846
G1 X156.624 Y128.358 Z4.865
G1 X159.829 Y125.526 Z4.88
G1 X230.6 Y63 Z4.88
;AFTER_LAYER_CHANGE
;4.52
G1 Z4.52 F720
G1 E.8 F1500
;TYPE:Perimeter
;WIDTH:0.603018
G1 F3000
G1 X230.6 Y55.4 E.41823
M204 T250
G1 X230.125 Y54.925 F21000
M204 T7000
;TYPE:External perimeter
;WIDTH:0.449999
G1 F2999.998
M73 Q98 S1
G1 X231.075 Y54.925 E.03777
G1 X231.075 Y63.475 E.33997
G1 X230.125 Y63.475 E.03777
G1 X230.125 Y54.985 E.33758
G1 E-.16 F2700
;WIPE_START
G1 F16800
G1 X230.125 Y54.925 E-.00916
G1 X231.075 Y54.925 E-.14504
G1 X231.075 Y58.107 E-.4858
;WIPE_END
G1 X204.128 Y68.901 Z5.027 F21000
G1 X202.143 Y69.696 Z5.06
G1 X200.158 Y70.491 Z5.086
G1 X198.173 Y71.286 Z5.105
G1 X194.203 Y72.876 Z5.12
G1 X7.4 Y147.7
G1 Z4.52 F720
G1 E.8 F1500
;TYPE:Perimeter
;WIDTH:0.60301
G1 F4200
G1 X7.4 Y7.774 E7.70006
G1 X7.957 Y7.105 F21000
;WIDTH:0.613228
G1 F3000
G1 X7.881 Y7.167 E.0055
;WIDTH:0.570656
G1 X7.805 Y7.23 E.00511
;WIDTH:0.528084
G1 X7.73 Y7.292 E.00463
;WIDTH:0.485512
G1 X7.654 Y7.354 E.00425
;WIDTH:0.482957
G1 X7.591 Y7.459 E.00527
;WIDTH:0.522975
G1 X7.527 Y7.564 E.00578
;WIDTH:0.562993
G1 X7.464 Y7.669 E.00625
;WIDTH:0.60301
G1 X7.4 Y7.774 E.00677
G1 X7.38 Y7.586 E.0104
;WIDTH:0.562993
G1 X7.36 Y7.397 E.0097
;WIDTH:0.522975
G1 X7.34 Y7.209 E.00889
;WIDTH:0.482957
G1 X7.32 Y7.02 E.00818
;WIDTH:0.442939
G1 X7.516 Y7.02 E.00766
;WIDTH:0.485512
G1 X7.626 Y7.041 E.00485
;WIDTH:0.528084
G1 X7.736 Y7.063 E.00533
;WIDTH:0.570656
G1 X7.847 Y7.084 E.00585
;WIDTH:0.613228
G1 X7.898 Y7.094 E.00291
G1 X7.957 Y7.105 F21000
G1 F4200
G1 X8.074 Y7.1 E.00656
;WIDTH:0.60301
G1 X111.926 Y7.1 E5.71492
G1 X112.6 Y7.774 F21000
;WIDTH:0.603012
G1 F3000
G1 X112.536 Y7.669 E.00677
;WIDTH:0.562994
G1 X112.473 Y7.564 E.00625
;WIDTH:0.522976
G1 X112.409 Y7.459 E.00578
;WIDTH:0.482958
G1 X112.346 Y7.354 E.00527
G1 X112.241 Y7.291 E.00527
;WIDTH:0.522975
G1 X112.136 Y7.227 E.00578
;WIDTH:0.562993
G1 X112.031 Y7.164 E.00625
;WIDTH:0.60301
G1 X111.926 Y7.1 E.00677
G1 X112.114 Y7.08 E.0104
;WIDTH:0.562993
G1 X112.303 Y7.06 E.0097
;WIDTH:0.522975
G1 X112.491 Y7.04 E.00889
;WIDTH:0.482958
G1 X112.68 Y7.02 E.00818
;WIDTH:0.44294
G1 X112.68 Y7.216 E.00766
;WIDTH:0.482958
G1 X112.66 Y7.355 E.00605
;WIDTH:0.522976
G1 X112.64 Y7.495 E.00665
;WIDTH:0.562994
G1 X112.62 Y7.635 E.00722
;WIDTH:0.603012
G1 X112.609 Y7.715 E.00444
G1 E-.16 F2700
;WIPE_START
G1 F16800
G1 X112.6 Y7.774 E-.00911
G1 X112.536 Y7.669 E-.01877
G1 X112.473 Y7.564 E-.0187
G1 X112.409 Y7.459 E-.01877
G1 X112.346 Y7.354 E-.0187
G1 X112.241 Y7.291 E-.0187
G1 X112.136 Y7.227 E-.01877
G1 X112.031 Y7.164 E-.0187
G1 X111.926 Y7.1 E-.01877
G1 X112.114 Y7.08 E-.02887
G1 X112.303 Y7.06 E-.02902
G1 X112.491 Y7.04 E-.02887
G1 X112.68 Y7.02 E-.02902
G1 X112.68 Y7.216 E-.02992
G1 X112.66 Y7.355 E-.02144
G1 X112.64 Y7.495 E-.02159
G1 X112.62 Y7.635 E-.02159
G1 X112.609 Y7.715 E-.01233
;WIPE_END
G1 E-.25836 F2700
G1 X112.605 Y36.743 Z5.027 F21000
G1 X112.605 Y38.882 Z5.06
G1 X112.604 Y41.02 Z5.086
G1 X112.604 Y43.158 Z5.105
G1 X112.604 Y47.435 Z5.12
G1 X112.6 Y73
G1 Z4.52 F720
G1 E.8 F1500
G1 F4200
G1 X112.6 Y7.774 E3.58937
M204 T250
G1 X112.06 Y7.631 F21000
M204 T7000
;TYPE:External perimeter
;WIDTH:0.449999
G1 F3000
G1 X111.926 Y7.575 E.00577
G1 F2999.998
G1 X8.074 Y7.575 E4.12936
G1 F3000
G1 X7.933 Y7.633 E.00606
G1 X7.875 Y7.774 E.00606
G1 F2999.998
G1 X7.875 Y148.175 E5.58262
G1 X6.925 Y148.175 E.03777
G1 X6.925 Y6.625 E5.62831
G1 X113.075 Y6.625 E4.22074
G1 X113.075 Y73.475 E2.65809
G1 X112.125 Y73.475 E.03777
M73 P98 R0
G1 X112.125 Y7.774 E2.6124
G1 F3000
G1 X112.087 Y7.682 E.00396
G1 E-.16 F2700
;WIPE_START
G1 F16800
G1 X112.06 Y7.631 E-.00881
G1 X111.926 Y7.575 E-.02217
G1 X107.937 Y7.575 E-.60902
;WIPE_END
G1 X111.471 Y36.387 Z5.027 F21000
G1 X111.731 Y38.51 Z5.06
G1 X111.992 Y40.632 Z5.086
G1 X112.252 Y42.754 Z5.105
G1 X112.773 Y46.999 Z5.12
G1 X125.658 Y152.048
G1 Z4.52 F720
G1 E.8 F1500
;TYPE:Perimeter
;WIDTH:0.482954
G1 F3000
G1 X125.759 Y152.109 E.00508
;WIDTH:0.52297
G1 X125.864 Y152.173 E.00578
;WIDTH:0.562986
G1 X125.969 Y152.236 E.00625
;WIDTH:0.603002
G1 X126.074 Y152.3 E.00677
G1 X125.886 Y152.32 E.0104
;WIDTH:0.562986
G1 X125.697 Y152.34 E.0097
;WIDTH:0.52297
G1 X125.509 Y152.36 E.00889
;WIDTH:0.482954
G1 X125.32 Y152.38 E.00818
;WIDTH:0.442937
G1 X125.32 Y152.184 E.00766
;WIDTH:0.485511
G1 X125.341 Y152.074 E.00485
;WIDTH:0.528084
G1 X125.363 Y151.964 E.00533
;WIDTH:0.570657
G1 X125.384 Y151.853 E.00585
;WIDTH:0.61323
G1 X125.405 Y151.743 E.00628
G1 X125.467 Y151.819 E.0055
;WIDTH:0.570657
G1 X125.53 Y151.895 E.00511
;WIDTH:0.528084
G1 X125.592 Y151.97 E.00463
;WIDTH:0.485511
G1 X125.619 Y152.003 E.00185
G1 E-.16 F2700
;WIPE_START
G1 F16800
G1 X125.658 Y152.048 E-.00909
G1 X125.759 Y152.109 E-.01801
G1 X125.864 Y152.173 E-.01877
G1 X125.969 Y152.236 E-.0187
G1 X126.074 Y152.3 E-.01877
G1 X125.886 Y152.32 E-.02887
G1 X125.697 Y152.34 E-.02902
G1 X125.509 Y152.36 E-.02887
G1 X125.32 Y152.38 E-.02902
G1 X125.32 Y152.184 E-.02992
G1 X125.341 Y152.074 E-.0171
G1 X125.363 Y151.964 E-.01713
G1 X125.384 Y151.853 E-.01725
G1 X125.405 Y151.743 E-.0171
G1 X125.467 Y151.819 E-.01497
G1 X125.53 Y151.895 E-.01507
G1 X125.592 Y151.97 E-.01486
G1 X125.619 Y152.003 E-.00651
;WIPE_END
G1 E-.29097 F2700
G1 X154.647 Y151.931 Z5.027 F21000
G1 X156.786 Y151.926 Z5.06
G1 X158.924 Y151.921 Z5.086
G1 X161.062 Y151.915 Z5.105
G1 X165.338 Y151.905 Z5.12
G1 X230.595 Y151.743
G1 Z4.52 F720
G1 E.8 F1500
;WIDTH:0.613234
G1 F3000
G1 X230.616 Y151.853 E.00628
;WIDTH:0.570661
G1 X230.637 Y151.964 E.00585
;WIDTH:0.528087
G1 X230.659 Y152.074 E.00533
;WIDTH:0.485514
G1 X230.68 Y152.184 E.00485
;WIDTH:0.44294
G1 X230.68 Y152.38 E.00766
G1 X230.484 Y152.38 E.00766
;WIDTH:0.48551
G1 X230.374 Y152.359 E.00485
;WIDTH:0.52808
G1 X230.264 Y152.337 E.00533
;WIDTH:0.57065
G1 X230.153 Y152.316 E.00585
;WIDTH:0.61322
G1 X230.043 Y152.295 E.00628
G1 X230.119 Y152.233 E.0055
;WIDTH:0.57065
G1 X230.195 Y152.17 E.00511
;WIDTH:0.52808
G1 X230.27 Y152.108 E.00463
;WIDTH:0.48551
G1 X230.346 Y152.046 E.00425
G1 X230.408 Y151.97 E.00425
;WIDTH:0.528087
G1 X230.47 Y151.895 E.00463
;WIDTH:0.570661
G1 X230.533 Y151.819 E.00511
;WIDTH:0.613234
G1 X230.557 Y151.789 E.00215
G1 E-.16 F2700
;WIPE_START
G1 F16800
G1 X230.595 Y151.743 E-.00911
G1 X230.616 Y151.853 E-.0171
G1 X230.637 Y151.964 E-.01725
G1 X230.659 Y152.074 E-.01713
G1 X230.68 Y152.184 E-.0171
G1 X230.68 Y152.38 E-.02992
G1 X230.484 Y152.38 E-.02992
G1 X230.374 Y152.359 E-.0171
G1 X230.264 Y152.337 E-.01713
G1 X230.153 Y152.316 E-.01725
G1 X230.043 Y152.295 E-.0171
G1 X230.119 Y152.233 E-.01497
G1 X230.195 Y152.17 E-.01507
G1 X230.27 Y152.108 E-.01486
G1 X230.346 Y152.046 E-.01497
G1 X230.408 Y151.97 E-.01497
G1 X230.47 Y151.895 E-.01486
G1 X230.533 Y151.819 E-.01507
G1 X230.557 Y151.789 E-.00587
;WIPE_END
G1 E-.32325 F2700
G1 X230.581 Y122.761 Z5.027 F21000
G1 X230.583 Y120.622 Z5.06
G1 X230.584 Y118.484 Z5.086
G1 X230.586 Y116.346 Z5.105
G1 X230.59 Y112.069 Z5.12
G1 X230.6 Y99.4
G1 Z4.52 F720
G1 E.8 F1500
;WIDTH:0.603018
G1 F4200
G1 X230.6 Y151.626 E2.87401
;WIDTH:0.613234
G1 X230.595 Y151.743 E.00656
G1 X230.043 Y152.295 F21000
;WIDTH:0.61322
G1 F4200
G1 X229.926 Y152.3 E.00656
;WIDTH:0.603002
G1 X126.074 Y152.3 E5.71484
G1 X125.405 Y151.743 F21000
M73 Q98 S0
;WIDTH:0.61323
G1 F4200
G1 X125.4 Y151.626 E.00656
;WIDTH:0.60301
G1 X125.4 Y11.7 E7.70006
G1 E-.16 F2700
;WIPE_START
G1 F16800
G1 X125.4 Y15.892 E-.64
;WIPE_END
G1 X125.515 Y44.92 Z5.027 F21000
G1 X125.524 Y47.058 Z5.06
G1 X125.532 Y49.197 Z5.086
G1 X125.541 Y51.335 Z5.105
G1 X125.558 Y55.611 Z5.12
G1 X125.94 Y151.769
G1 Z4.52 F720
G1 E.8 F1500
;TYPE:External perimeter
;WIDTH:0.449999
G1 F3000
G1 X126.074 Y151.825 E.00577
G1 F2999.998
G1 X229.926 Y151.825 E4.12936
G1 F3000
G1 X230.067 Y151.767 E.00606
G1 X230.125 Y151.626 E.00606
G1 F2999.998
G1 X230.125 Y98.925 E2.0955
G1 X231.075 Y98.925 E.03777
G1 X231.075 Y152.775 E2.14118
G1 X124.925 Y152.775 E4.22074
G1 X124.925 Y11.225 E5.62831
G1 X125.875 Y11.225 E.03777
G1 X125.875 Y151.626 E5.58262
G1 F3000
M73 P99 R0
G1 X125.913 Y151.718 E.00396
;LAYER_CHANGE
;Z:4.76
;HEIGHT:0.24
;BEFORE_LAYER_CHANGE
G92 E0.0
;4.76


G1 E-.16 F2700
;WIPE_START
G1 F16800
G1 X125.94 Y151.769 E-.00881
G1 X126.074 Y151.825 E-.02217
G1 X130.063 Y151.825 E-.60902
;WIPE_END
G1 X130.063 Y151.825 Z4.52 F21000
G1 X125.658 Y152.048 Z4.76 F13252.004
;AFTER_LAYER_CHANGE
;4.76
G1 X125.658 Y152.048 F21000
G1 Z4.76 F720
G1 E.8 F1500
;TYPE:Perimeter
;WIDTH:0.482954
G1 F3000
G1 X125.759 Y152.109 E.00508
;WIDTH:0.52297
G1 X125.864 Y152.173 E.00578
;WIDTH:0.562986
G1 X125.969 Y152.236 E.00625
;WIDTH:0.603002
G1 X126.074 Y152.3 E.00677
G1 X125.886 Y152.32 E.0104
;WIDTH:0.562986
G1 X125.697 Y152.34 E.0097
;WIDTH:0.52297
G1 X125.509 Y152.36 E.00889
;WIDTH:0.482954
G1 X125.32 Y152.38 E.00818
;WIDTH:0.442937
G1 X125.32 Y152.184 E.00766
;WIDTH:0.485511
G1 X125.341 Y152.074 E.00485
;WIDTH:0.528084
G1 X125.363 Y151.964 E.00533
;WIDTH:0.570657
G1 X125.384 Y151.853 E.00585
;WIDTH:0.61323
G1 X125.405 Y151.743 E.00628
G1 X125.467 Y151.819 E.0055
;WIDTH:0.570657
G1 X125.53 Y151.895 E.00511
;WIDTH:0.528084
G1 X125.592 Y151.97 E.00463
;WIDTH:0.485511
G1 X125.619 Y152.003 E.00185
G1 E-.16 F2700
;WIPE_START
G1 F16800
G1 X125.658 Y152.048 E-.00909
G1 X125.759 Y152.109 E-.01801
G1 X125.864 Y152.173 E-.01877
G1 X125.969 Y152.236 E-.0187
G1 X126.074 Y152.3 E-.01877
G1 X125.886 Y152.32 E-.02887
G1 X125.697 Y152.34 E-.02902
G1 X125.509 Y152.36 E-.02887
G1 X125.32 Y152.38 E-.02902
G1 X125.32 Y152.184 E-.02992
G1 X125.341 Y152.074 E-.0171
G1 X125.363 Y151.964 E-.01713
G1 X125.384 Y151.853 E-.01725
G1 X125.405 Y151.743 E-.0171
G1 X125.467 Y151.819 E-.01497
G1 X125.53 Y151.895 E-.01507
G1 X125.592 Y151.97 E-.01486
G1 X125.619 Y152.003 E-.00651
;WIPE_END
G1 E-.29097 F2700
G1 X154.647 Y151.931 Z5.267 F21000
G1 X156.786 Y151.926 Z5.3
G1 X158.924 Y151.921 Z5.326
G1 X161.062 Y151.915 Z5.345
G1 X165.338 Y151.905 Z5.36
G1 X230.595 Y151.743
G1 Z4.76 F720
M73 Q99 S0
G1 E.8 F1500
;WIDTH:0.613234
G1 F3000
G1 X230.616 Y151.853 E.00628
;WIDTH:0.570661
G1 X230.637 Y151.964 E.00585
;WIDTH:0.528087
G1 X230.659 Y152.074 E.00533
;WIDTH:0.485514
G1 X230.68 Y152.184 E.00485
;WIDTH:0.44294
G1 X230.68 Y152.38 E.00766
G1 X230.484 Y152.38 E.00766
;WIDTH:0.48551
G1 X230.374 Y152.359 E.00485
;WIDTH:0.52808
G1 X230.264 Y152.337 E.00533
;WIDTH:0.57065
G1 X230.153 Y152.316 E.00585
;WIDTH:0.61322
G1 X230.043 Y152.295 E.00628
G1 X230.119 Y152.233 E.0055
;WIDTH:0.57065
G1 X230.195 Y152.17 E.00511
;WIDTH:0.52808
G1 X230.27 Y152.108 E.00463
;WIDTH:0.48551
G1 X230.346 Y152.046 E.00425
G1 X230.408 Y151.97 E.00425
;WIDTH:0.528087
G1 X230.47 Y151.895 E.00463
;WIDTH:0.570661
G1 X230.533 Y151.819 E.00511
;WIDTH:0.613234
G1 X230.557 Y151.789 E.00215
G1 E-.16 F2700
;WIPE_START
G1 F16800
G1 X230.595 Y151.743 E-.00911
G1 X230.616 Y151.853 E-.0171
G1 X230.637 Y151.964 E-.01725
G1 X230.659 Y152.074 E-.01713
G1 X230.68 Y152.184 E-.0171
G1 X230.68 Y152.38 E-.02992
G1 X230.484 Y152.38 E-.02992
G1 X230.374 Y152.359 E-.0171
G1 X230.264 Y152.337 E-.01713
G1 X230.153 Y152.316 E-.01725
G1 X230.043 Y152.295 E-.0171
G1 X230.119 Y152.233 E-.01497
G1 X230.195 Y152.17 E-.01507
G1 X230.27 Y152.108 E-.01486
G1 X230.346 Y152.046 E-.01497
G1 X230.408 Y151.97 E-.01497
G1 X230.47 Y151.895 E-.01486
G1 X230.533 Y151.819 E-.01507
G1 X230.557 Y151.789 E-.00587
;WIPE_END
G1 E-.32325 F2700
G1 X230.581 Y122.761 Z5.267 F21000
G1 X230.583 Y120.622 Z5.3
G1 X230.584 Y118.484 Z5.326
G1 X230.586 Y116.346 Z5.345
G1 X230.59 Y112.069 Z5.36
G1 X230.6 Y99.4
G1 Z4.76 F720
G1 E.8 F1500
;WIDTH:0.603018
G1 F4200
G1 X230.6 Y151.626 E2.87401
;WIDTH:0.613234
G1 X230.595 Y151.743 E.00656
G1 X230.043 Y152.295 F21000
;WIDTH:0.61322
G1 F4200
G1 X229.926 Y152.3 E.00656
;WIDTH:0.603002
G1 X126.074 Y152.3 E5.71484
G1 X125.405 Y151.743 F21000
;WIDTH:0.61323
G1 F4200
G1 X125.4 Y151.626 E.00656
;WIDTH:0.60301
G1 X125.4 Y11.7 E7.70006
G1 E-.16 F2700
;WIPE_START
G1 F16800
G1 X125.4 Y15.892 E-.64
;WIPE_END
G1 X125.515 Y44.92 Z5.267 F21000
G1 X125.524 Y47.058 Z5.3
G1 X125.532 Y49.197 Z5.326
G1 X125.541 Y51.335 Z5.345
G1 X125.558 Y55.611 Z5.36
G1 X125.94 Y151.769
G1 Z4.76 F720
G1 E.8 F1500
;TYPE:External perimeter
;WIDTH:0.449999
G1 F3000
G1 X126.074 Y151.825 E.00577
G1 F2999.998
G1 X229.926 Y151.825 E4.12936
G1 F3000
G1 X230.067 Y151.767 E.00606
G1 X230.125 Y151.626 E.00606
G1 F2999.998
G1 X230.125 Y98.925 E2.0955
G1 X231.075 Y98.925 E.03777
G1 X231.075 Y152.775 E2.14118
G1 X124.925 Y152.775 E4.22074
G1 X124.925 Y11.225 E5.62831
G1 X125.875 Y11.225 E.03777
G1 X125.875 Y151.626 E5.58262
G1 F3000
G1 X125.913 Y151.718 E.00396
G1 E-.16 F2700
;WIPE_START
G1 F16800
G1 X125.94 Y151.769 E-.00881
G1 X126.074 Y151.825 E-.02217
G1 X130.063 Y151.825 E-.60902
;WIPE_END
G1 X151.817 Y132.605 Z5.267 F21000
G1 X153.42 Y131.189 Z5.3
G1 X155.022 Y129.774 Z5.326
G1 X156.624 Y128.358 Z5.345
G1 X159.829 Y125.526 Z5.36
G1 X230.6 Y63
G1 Z4.76 F720
G1 E.8 F1500
;TYPE:Perimeter
;WIDTH:0.603018
G1 F3000
G1 X230.6 Y55.4 E.41823
M204 T250
G1 X230.125 Y54.925 F21000
M204 T7000
;TYPE:External perimeter
;WIDTH:0.449999
G1 F2999.998
G1 X231.075 Y54.925 E.03777
G1 X231.075 Y63.475 E.33997
G1 X230.125 Y63.475 E.03777
G1 X230.125 Y54.985 E.33758
G1 E-.16 F2700
;WIPE_START
G1 F16800
G1 X230.125 Y54.925 E-.00916
G1 X231.075 Y54.925 E-.14504
G1 X231.075 Y58.107 E-.4858
;WIPE_END
G1 X204.128 Y68.901 Z5.267 F21000
G1 X202.143 Y69.696 Z5.3
G1 X200.158 Y70.491 Z5.326
G1 X198.173 Y71.286 Z5.345
G1 X194.203 Y72.876 Z5.36
G1 X7.4 Y147.7
G1 Z4.76 F720
G1 E.8 F1500
;TYPE:Perimeter
;WIDTH:0.60301
G1 F4200
G1 X7.4 Y7.774 E7.70006
G1 X7.957 Y7.105 F21000
;WIDTH:0.613228
G1 F3000
G1 X7.881 Y7.167 E.0055
;WIDTH:0.570656
G1 X7.805 Y7.23 E.00511
;WIDTH:0.528084
G1 X7.73 Y7.292 E.00463
;WIDTH:0.485512
G1 X7.654 Y7.354 E.00425
;WIDTH:0.482957
G1 X7.591 Y7.459 E.00527
;WIDTH:0.522975
G1 X7.527 Y7.564 E.00578
;WIDTH:0.562993
G1 X7.464 Y7.669 E.00625
;WIDTH:0.60301
G1 X7.4 Y7.774 E.00677
G1 X7.38 Y7.586 E.0104
;WIDTH:0.562993
G1 X7.36 Y7.397 E.0097
;WIDTH:0.522975
G1 X7.34 Y7.209 E.00889
;WIDTH:0.482957
G1 X7.32 Y7.02 E.00818
;WIDTH:0.442939
G1 X7.516 Y7.02 E.00766
;WIDTH:0.485512
G1 X7.626 Y7.041 E.00485
;WIDTH:0.528084
G1 X7.736 Y7.063 E.00533
;WIDTH:0.570656
G1 X7.847 Y7.084 E.00585
;WIDTH:0.613228
G1 X7.898 Y7.094 E.00291
G1 X7.957 Y7.105 F21000
G1 F4200
G1 X8.074 Y7.1 E.00656
;WIDTH:0.60301
G1 X111.926 Y7.1 E5.71492
G1 X112.6 Y7.774 F21000
;WIDTH:0.603012
G1 F3000
G1 X112.536 Y7.669 E.00677
;WIDTH:0.562994
G1 X112.473 Y7.564 E.00625
;WIDTH:0.522976
G1 X112.409 Y7.459 E.00578
;WIDTH:0.482958
G1 X112.346 Y7.354 E.00527
G1 X112.241 Y7.291 E.00527
;WIDTH:0.522975
G1 X112.136 Y7.227 E.00578
;WIDTH:0.562993
G1 X112.031 Y7.164 E.00625
;WIDTH:0.60301
G1 X111.926 Y7.1 E.00677
G1 X112.114 Y7.08 E.0104
;WIDTH:0.562993
G1 X112.303 Y7.06 E.0097
;WIDTH:0.522975
G1 X112.491 Y7.04 E.00889
;WIDTH:0.482958
G1 X112.68 Y7.02 E.00818
;WIDTH:0.44294
G1 X112.68 Y7.216 E.00766
;WIDTH:0.482958
G1 X112.66 Y7.355 E.00605
;WIDTH:0.522976
G1 X112.64 Y7.495 E.00665
;WIDTH:0.562994
G1 X112.62 Y7.635 E.00722
;WIDTH:0.603012
G1 X112.609 Y7.715 E.00444
G1 E-.16 F2700
;WIPE_START
G1 F16800
G1 X112.6 Y7.774 E-.00911
G1 X112.536 Y7.669 E-.01877
G1 X112.473 Y7.564 E-.0187
G1 X112.409 Y7.459 E-.01877
G1 X112.346 Y7.354 E-.0187
G1 X112.241 Y7.291 E-.0187
G1 X112.136 Y7.227 E-.01877
G1 X112.031 Y7.164 E-.0187
G1 X111.926 Y7.1 E-.01877
G1 X112.114 Y7.08 E-.02887
G1 X112.303 Y7.06 E-.02902
G1 X112.491 Y7.04 E-.02887
G1 X112.68 Y7.02 E-.02902
G1 X112.68 Y7.216 E-.02992
G1 X112.66 Y7.355 E-.02144
G1 X112.64 Y7.495 E-.02159
G1 X112.62 Y7.635 E-.02159
G1 X112.609 Y7.715 E-.01233
;WIPE_END
G1 E-.25836 F2700
G1 X112.605 Y36.743 Z5.267 F21000
G1 X112.605 Y38.882 Z5.3
G1 X112.604 Y41.02 Z5.326
G1 X112.604 Y43.158 Z5.345
G1 X112.604 Y47.435 Z5.36
G1 X112.6 Y73
G1 Z4.76 F720
G1 E.8 F1500
G1 F4200
G1 X112.6 Y7.774 E3.58937
M204 T250
G1 X112.06 Y7.631 F21000
M204 T7000
;TYPE:External perimeter
;WIDTH:0.449999
G1 F3000
G1 X111.926 Y7.575 E.00577
G1 F2999.998
G1 X8.074 Y7.575 E4.12936
G1 F3000
G1 X7.933 Y7.633 E.00606
G1 X7.875 Y7.774 E.00606
G1 F2999.998
G1 X7.875 Y148.175 E5.58262
G1 X6.925 Y148.175 E.03777
G1 X6.925 Y6.625 E5.62831
G1 X113.075 Y6.625 E4.22074
G1 X113.075 Y73.475 E2.65809
G1 X112.125 Y73.475 E.03777
G1 X112.125 Y7.774 E2.6124
G1 F3000
G1 X112.087 Y7.682 E.00396
M486 S-1
G1 E-.16 F2700
;WIPE_START
G1 F16800;_WIPE
G1 X112.06 Y7.631 E-.00881
G1 X111.926 Y7.575 E-.02217
G1 X107.937 Y7.575 E-.60902
;WIPE_END
M107
;TYPE:Custom
; Filament-specific end gcode
G1 Z5.76 F720 ; Move print head up
M104 S0 ; turn off temperature
M140 S0 ; turn off heatbed
M141 S0 ; disable chamber control
M107 ; turn off fan
G1 X242 Y211 F10200 ; park
G4 ; wait
M572 S0 ; reset PA
M84 X Y E ; disable motors
; max_layer_z = 4.76
M73 P100 R0
M73 Q100 S0
; objects_info = {"objects":[{"name":"plate_02_roof.stl","polygon":[[5.000,5.000],[198.000,5.000],[233.000,54.700],[233.000,154.400],[17.000,154.400],[5.000,148.400]]}]}
; filament used [mm] = 14497.04
; filament used [cm3] = 34.87
; filament used [g] = 43.24
; filament cost = 1.10
; total filament used [g] = 43.24
; total filament cost = 1.10
; total filament used for wipe tower [g] = 0.00
; estimated printing time (normal mode) = 1h 6m 42s
; estimated printing time (silent mode) = 1h 11m 31s
; estimated first layer printing time (normal mode) = 13m 33s
; estimated first layer printing time (silent mode) = 14m 7s

; prusaslicer_config = begin
; arc_fitting = disabled
; autoemit_temperature_commands = 1
; automatic_extrusion_widths = 0
; automatic_infill_combination = 0
; automatic_infill_combination_max_layer_height = 100%
; avoid_crossing_curled_overhangs = 0
; avoid_crossing_perimeters = 0
; avoid_crossing_perimeters_max_detour = 0
; bed_custom_model = 
; bed_custom_texture = 
; bed_shape = 0x0,250x0,250x220,0x220
; bed_temperature = 60
; bed_temperature_extruder = 0
; before_layer_gcode = ;BEFORE_LAYER_CHANGE\nG92 E0.0\n;[layer_z]\n{if layer_z > 150}\nM201 X{interpolate_table(layer_z, (0,7000), (150,7000), (200,4000), (270,2000))} Y{interpolate_table(layer_z, (0,7000), (150,7000), (200,4000), (270,2000))}\n{endif}\n
; between_objects_gcode = 
; binary_gcode = 0
; bottom_fill_pattern = monotonic
; bottom_solid_layers = 4
; bottom_solid_min_thickness = 0.5
; bridge_acceleration = 1500
; bridge_angle = 0
; bridge_fan_speed = 100
; bridge_flow_ratio = 1
; bridge_speed = 50
; brim_separation = 0.1
; brim_type = outer_only
; brim_width = 3
; chamber_minimal_temperature = 0
; chamber_temperature = 20
; color_change_gcode = M600\nG1 E0.3 F1500 ; prime after color change
; colorprint_heights = 
; complete_objects = 0
; cooling = 1
; cooling_perimeter_transition_distance = 10
; cooling_slowdown_logic = consistent_surface
; cooling_tube_length = 20
; cooling_tube_retraction = 45
; custom_parameters_filament = ""
; custom_parameters_print = 
; custom_parameters_printer = 
; default_acceleration = 0
; deretract_speed = 25
; disable_fan_first_layers = 1
; dont_support_bridges = 0
; draft_shield = disabled
; duplicate_distance = 6
; elefant_foot_compensation = 0.2
; enable_dynamic_fan_speeds = 1
; enable_dynamic_overhang_speeds = 1
; end_filament_gcode = "; Filament-specific end gcode"
; end_gcode = {if layer_z < max_print_height}G1 Z{z_offset+min(max_layer_z+1, max_print_height)} F720 ; Move print head up{endif}\nM104 S0 ; turn off temperature\nM140 S0 ; turn off heatbed\nM141 S0 ; disable chamber control\nM107 ; turn off fan\nG1 X242 Y211 F10200 ; park\nG4 ; wait\nM572 S0 ; reset PA\nM84 X Y E ; disable motors\n; max_layer_z = [max_layer_z]
; ensure_vertical_shell_thickness = enabled
; external_perimeter_acceleration = 1500
; external_perimeter_extrusion_width = 0.45
; external_perimeter_speed = 50
; external_perimeters_first = 0
; extra_loading_move = -52
; extra_perimeters = 0
; extra_perimeters_on_overhangs = 0
; extruder_clearance_height = 33
; extruder_clearance_radius = 75
; extruder_colour = ""
; extruder_offset = 0x0
; extrusion_axis = E
; extrusion_multiplier = 1
; extrusion_width = 0.45
; fan_always_on = 1
; fan_below_layer_time = 40
; filament_abrasive = 0
; filament_colour = #FF8000
; filament_cooling_final_speed = 3.5
; filament_cooling_initial_speed = 10
; filament_cooling_moves = 2
; filament_cost = 25.4
; filament_density = 1.24
; filament_deretract_speed = nil
; filament_diameter = 1.75
; filament_flush_speed = 0
; filament_flush_volume = 0
; filament_infill_max_crossing_speed = 0
; filament_infill_max_speed = 0
; filament_load_time = 10.9
; filament_loading_speed = 10
; filament_loading_speed_start = 50
; filament_max_volumetric_speed = 15
; filament_minimal_purge_on_wipe_tower = 15
; filament_multitool_ramming = 0
; filament_multitool_ramming_flow = 10
; filament_multitool_ramming_volume = 10
; filament_notes = ""
; filament_purge_multiplier = 81.25%
; filament_ramming_parameters = "250 100 40.1613 40.3548 40.4516 40.3548 40.2581| 0.05 40.1483 0.45 40.3419 0.95 40.3419 1.45 40.3419 1.95 40.3419 2.45 40.3419 2.95 40.3419 3.45 40.3419 3.95 40.3419 4.45 40.3419 4.95 40.3419"
; filament_retract_before_travel = nil
; filament_retract_before_wipe = 20%
; filament_retract_layer_change = nil
; filament_retract_length = 0.8
; filament_retract_length_toolchange = nil
; filament_retract_lift = 0.15
; filament_retract_lift_above = nil
; filament_retract_lift_below = nil
; filament_retract_restart_extra = nil
; filament_retract_restart_extra_toolchange = nil
; filament_retract_speed = nil
; filament_seam_gap_distance = nil
; filament_settings_id = "Generic PLA @COREONE"
; filament_shrinkage_compensation_xy = 0%
; filament_shrinkage_compensation_z = 0%
; filament_soluble = 0
; filament_spool_weight = 0
; filament_stamping_distance = 45
; filament_stamping_loading_speed = 29
; filament_toolchange_delay = 0
; filament_travel_lift_before_obstacle = nil
; filament_travel_max_lift = 0.6
; filament_travel_ramping_lift = 1
; filament_travel_slope = 1
; filament_type = PLA
; filament_unload_time = 8.9
; filament_unloading_speed = 40
; filament_unloading_speed_start = 30
; filament_vendor = Generic
; filament_wipe = 1
; fill_angle = 45
; fill_density = 10%
; fill_pattern = grid
; first_layer_acceleration = 500
; first_layer_acceleration_over_raft = 0
; first_layer_bed_temperature = 60
; first_layer_extrusion_width = 0.5
; first_layer_height = 0.2
; first_layer_infill_speed = 100
; first_layer_speed = 45
; first_layer_speed_over_raft = 30
; first_layer_temperature = 230
; full_fan_speed_layer = 3
; fuzzy_skin = none
; fuzzy_skin_point_dist = 0.8
; fuzzy_skin_thickness = 0.3
; gap_fill_enabled = 1
; gap_fill_speed = 60
; gcode_comments = 0
; gcode_flavor = marlin2
; gcode_label_objects = firmware
; gcode_resolution = 0.008
; gcode_substitutions = 
; high_current_on_filament_swap = 0
; host_type = prusalink
; idle_temperature = 170
; infill_acceleration = 6000
; infill_anchor = 2
; infill_anchor_max = 12
; infill_every_layers = 1
; infill_extruder = 1
; infill_extrusion_width = 0.45
; infill_first = 0
; infill_overlap = 15%
; infill_speed = 120
; interface_shells = 0
; interlocking_beam = 0
; interlocking_beam_layer_count = 2
; interlocking_beam_width = 0.8
; interlocking_boundary_avoidance = 2
; interlocking_depth = 2
; interlocking_orientation = 22.5
; ironing = 0
; ironing_flowrate = 15%
; ironing_spacing = 0.1
; ironing_speed = 15
; ironing_type = top
; layer_gcode = ;AFTER_LAYER_CHANGE\n;[layer_z]
; layer_height = 0.24
; machine_limits_usage = emit_to_gcode
; machine_max_acceleration_e = 5000,2500
; machine_max_acceleration_extruding = 7000,2500
; machine_max_acceleration_retracting = 2500,2500
; machine_max_acceleration_travel = 7000,2500
; machine_max_acceleration_x = 10000,2500
; machine_max_acceleration_y = 10000,2500
; machine_max_acceleration_z = 400,200
; machine_max_feedrate_e = 100,100
; machine_max_feedrate_x = 350,160
; machine_max_feedrate_y = 350,160
; machine_max_feedrate_z = 12,12
; machine_max_jerk_e = 10,10
; machine_max_jerk_x = 10,8
; machine_max_jerk_y = 10,8
; machine_max_jerk_z = 2,2
; machine_max_junction_deviation = 0,0
; machine_min_extruding_rate = 0,0
; machine_min_travel_rate = 0,0
; max_fan_speed = 100
; max_layer_height = 0.3
; max_print_height = 270
; max_print_speed = 300
; max_volumetric_extrusion_rate_slope_negative = 0
; max_volumetric_extrusion_rate_slope_positive = 0
; max_volumetric_speed = 0
; min_bead_width = 85%
; min_fan_speed = 85
; min_feature_size = 25%
; min_layer_height = 0.07
; min_print_speed = 20
; min_skirt_length = 4
; mmu_segmented_region_interlocking_depth = 0
; mmu_segmented_region_max_width = 0
; multimaterial_purging = 140
; notes = 
; nozzle_diameter = 0.4
; nozzle_high_flow = 0
; only_one_perimeter_first_layer = 0
; only_retract_when_crossing_perimeters = 0
; ooze_prevention = 0
; output_filename_format = {input_filename_base}_0.4n_{layer_height}mm_{printing_filament_types}_{printer_model}_{print_time}.gcode
; over_bridge_speed = 50%
; overhang_fan_speed_0 = 100
; overhang_fan_speed_1 = 100
; overhang_fan_speed_2 = 0
; overhang_fan_speed_3 = 0
; overhang_speed_0 = 15
; overhang_speed_1 = 25
; overhang_speed_2 = 45
; overhang_speed_3 = 90%
; overhangs = 1
; parking_pos_retraction = 84
; pause_print_gcode = M601
; perimeter_acceleration = 2500
; perimeter_extruder = 1
; perimeter_extrusion_width = 0.45
; perimeter_generator = arachne
; perimeter_speed = 70
; perimeters = 3
; physical_printer_settings_id = 
; post_process = 
; prefer_clockwise_movements = 0
; print_settings_id = Robobus v5 0.24mm 3 perimeters
; printer_model = COREONE
; printer_notes = Don't remove the following keywords! These keywords are used in the "compatible printer" condition of the print and filament profiles to link the particular print and filament profiles to this printer profile.\nPRINTER_MODEL_COREONE\nPG\nNO_TEMPLATES
; printer_settings_id = Prusa CORE One 0.4 nozzle
; printer_technology = FFF
; printer_variant = 0.4
; printer_vendor = 
; raft_contact_distance = 0.15
; raft_expansion = 1.5
; raft_first_layer_density = 90%
; raft_first_layer_expansion = 3
; raft_layers = 0
; remaining_times = 1
; resolution = 0
; retract_before_travel = 1.5
; retract_before_wipe = 80%
; retract_layer_change = 1
; retract_length = 0.7
; retract_length_toolchange = 0
; retract_lift = 0.2
; retract_lift_above = 0
; retract_lift_below = 269
; retract_restart_extra = 0
; retract_restart_extra_toolchange = 0
; retract_speed = 45
; scarf_seam_entire_loop = 0
; scarf_seam_length = 20
; scarf_seam_max_segment_length = 1
; scarf_seam_on_inner_perimeters = 0
; scarf_seam_only_on_smooth = 1
; scarf_seam_placement = nowhere
; scarf_seam_start_height = 0%
; seam_gap_distance = 15%
; seam_position = aligned
; silent_mode = 1
; single_extruder_multi_material = 0
; single_extruder_multi_material_priming = 0
; skirt_distance = 6
; skirt_height = 1
; skirts = 0
; slice_closing_radius = 0.049
; slicing_mode = regular
; slowdown_below_layer_time = 8
; small_perimeter_speed = 50
; solid_infill_acceleration = 4000
; solid_infill_below_area = 0
; solid_infill_every_layers = 0
; solid_infill_extruder = 1
; solid_infill_extrusion_width = 0.45
; solid_infill_speed = 140
; spiral_vase = 0
; staggered_inner_seams = 0
; standby_temperature_delta = -5
; start_filament_gcode = "M572 S{if nozzle_diameter[filament_extruder_id]==0.4}0.03{elsif nozzle_diameter[filament_extruder_id]==0.5}0.022{elsif nozzle_diameter[filament_extruder_id]==0.6}0.019{elsif nozzle_diameter[filament_extruder_id]==0.8}0.013{elsif nozzle_diameter[filament_extruder_id]==0.25}0.1{elsif nozzle_diameter[filament_extruder_id]==0.3}0.07{else}0{endif} ; Filament gcode\n\nM142 S36 ; set heatbreak target temp"
; start_gcode = M17 ; enable steppers\nM862.1 P[nozzle_diameter] A{(filament_abrasive[0] ? 1 : 0)} F{(nozzle_high_flow[0] ? 1 : 0)} ; nozzle check\nM862.3 P "COREONE" ; printer model check\nM862.5 P2 ; g-code level check\nM862.6 P"Input shaper" ; FW feature check\nM115 U6.4.0+11974\n\nM555 X{(min(print_bed_max[0], first_layer_print_min[0] + 32) - 32)} Y{(max(0, first_layer_print_min[1]) - 4)} W{((min(print_bed_max[0], max(first_layer_print_min[0] + 32, first_layer_print_max[0])))) - ((min(print_bed_max[0], first_layer_print_min[0] + 32) - 32))} H{((first_layer_print_max[1])) - ((max(0, first_layer_print_min[1]) - 4))}\n\nG90 ; use absolute coordinates\nM83 ; extruder relative mode\n\n{if chamber_minimal_temperature[initial_tool]!=0}\nM140 S115 ; set bed temp for chamber heating\n{else}\nM140 S[first_layer_bed_temperature] ; set bed temp\n{endif}\n\nM109 R{((filament_notes[0]=~/.*MBL160.*/) ? 160 : (filament_notes[0]=~/.*HT_MBL10.*/) ? (first_layer_temperature[0] - 10) : (filament_type[0] == "PC" or filament_type[0] == "PA") ? (first_layer_temperature[0] - 25) : (filament_type[0] == "FLEX") ? 210 : 170)} ; wait for temp\n\nM84 E ; turn off E motor\n\nG28 ; home all without mesh bed level\n\n{if chamber_minimal_temperature[initial_tool]!=0}\n; Min chamber temp section\nM104 S{idle_temperature[initial_tool]} ; set idle temp\nG1 Z10 F720 ; set bed position\nG1 X242 Y-9 F4800 ; set print head position\nM191 S{chamber_minimal_temperature[initial_tool]} ; wait for minimal chamber temp\nM141 S{chamber_temperature[initial_tool]} ; set nominal chamber temp\nM107\nM140 S[first_layer_bed_temperature] ; set bed temp\n{else}\nM141 S{chamber_temperature[initial_tool]} ; set nominal chamber temp\n{endif}\n\n{if first_layer_bed_temperature[initial_tool]<=60}M106 S70{endif}\nG0 Z40 F10000\nM104 T{initial_tool} S{if is_nil(idle_temperature[initial_tool])}100{else}{idle_temperature[initial_tool]}{endif}\nM190 R[first_layer_bed_temperature] ; wait for bed temp\nM107\n\nG29 G ; absorb heat\n\nM109 R{((filament_notes[0]=~/.*MBL160.*/) ? 160 : (filament_notes[0]=~/.*HT_MBL10.*/) ? (first_layer_temperature[0] - 10) : (filament_type[0] == "PC" or filament_type[0] == "PA") ? (first_layer_temperature[0] - 25) : (filament_type[0] == "FLEX") ? 210 : 170)} ; wait for MBL temp\n\nM302 S155 ; lower cold extrusion limit to 155C\n\n{if filament_type[initial_tool]=="FLEX"}\nG1 E-4 F2400 ; retraction\n{else}\nG1 E-2 F2400 ; retraction\n{endif}\n\nM84 E ; turn off E motor\n\nG29 P9 X208 Y-2.5 W32 H4\n\n;\n; MBL\n;\nM84 E ; turn off E motor\nG29 P1 ; invalidate mbl & probe print area\nG29 P1 X150 Y0 W100 H20 C ; probe near purge place\nG29 P3.2 ; interpolate mbl probes\nG29 P3.13 ; extrapolate mbl outside probe area\nG29 A ; activate mbl\n\n; prepare for purge\nM104 S{first_layer_temperature[0]}\nG0 X249 Y-2.5 Z15 F4800 ; move away and ready for the purge\nM109 S{first_layer_temperature[0]}\n\nG92 E0\nM569 S0 E ; set spreadcycle mode for extruder\n\nM591 S0 ; disable stuck detection\n\n;\n; Extrude purge line\n;\nG92 E0 ; reset extruder position\nG1 E{(filament_type[0] == "FLEX" ? 4 : 2)} F2400 ; deretraction after the initial one\nG0 E5 X235 Z0.2 F500 ; purge\nG0 X225 E4 F500 ; purge\nG0 X215 E4 F650 ; purge\nG0 X205 E4 F800 ; purge\nG0 X202 Z0.05 F8000 ; wipe, move close to the bed\nG0 X199 Z0.2 F8000 ; wipe, move quickly away from the bed\n\nM591 R ; restore stuck detection\n\nG92 E0\nM221 S100 ; set flow to 100%
; support_material = 0
; support_material_angle = 0
; support_material_auto = 1
; support_material_bottom_contact_distance = 0
; support_material_bottom_interface_layers = 0
; support_material_buildplate_only = 0
; support_material_closing_radius = 2
; support_material_contact_distance = 0.2
; support_material_enforce_layers = 0
; support_material_extruder = 0
; support_material_extrusion_width = 0.4
; support_material_interface_contact_loops = 0
; support_material_interface_extruder = 0
; support_material_interface_layers = 3
; support_material_interface_pattern = auto
; support_material_interface_spacing = 0.2
; support_material_interface_speed = 50
; support_material_pattern = rectilinear
; support_material_spacing = 2
; support_material_speed = 120
; support_material_style = snug
; support_material_synchronize_layers = 0
; support_material_threshold = 30
; support_material_with_sheath = 0
; support_material_xy_spacing = 80%
; support_tree_angle = 40
; support_tree_angle_slow = 25
; support_tree_branch_diameter = 2
; support_tree_branch_diameter_angle = 5
; support_tree_branch_diameter_double_wall = 8
; support_tree_branch_distance = 1
; support_tree_tip_diameter = 0.8
; support_tree_top_rate = 30%
; temperature = 220
; template_custom_gcode = 
; thick_bridges = 0
; thin_walls = 0
; thumbnails = 16x16/QOI, 313x173/QOI, 480x240/QOI, 380x285/PNG
; thumbnails_format = PNG
; toolchange_gcode = 
; toolchange_ordering = optimized
; top_fill_pattern = monotoniclines
; top_infill_extrusion_width = 0.42
; top_one_perimeter_type = none
; top_solid_infill_acceleration = 2000
; top_solid_infill_speed = 80
; top_solid_layers = 5
; top_solid_min_thickness = 0.7
; travel_acceleration = 7000
; travel_lift_before_obstacle = 0
; travel_max_lift = 1.5
; travel_ramping_lift = 1
; travel_short_distance_acceleration = 250
; travel_slope = 1
; travel_speed = 350
; travel_speed_z = 12
; use_firmware_retraction = 0
; use_relative_e_distances = 1
; use_volumetric_e = 0
; variable_layer_height = 1
; wall_distribution_count = 1
; wall_transition_angle = 10
; wall_transition_filter_deviation = 25%
; wall_transition_length = 100%
; wipe = 0
; wipe_into_infill = 0
; wipe_into_objects = 0
; wipe_tower = 1
; wipe_tower_acceleration = 0
; wipe_tower_bridging = 10
; wipe_tower_brim_width = 2
; wipe_tower_cone_angle = 25
; wipe_tower_extra_flow = 250%
; wipe_tower_extra_spacing = 110%
; wipe_tower_extruder = 0
; wipe_tower_no_sparse_layers = 0
; wipe_tower_width = 60
; wiping_volumes_matrix = 0
; wiping_volumes_use_custom_matrix = 0
; xy_size_compensation = 0
; z_offset = 0
; prusaslicer_config = end
