; generated by PrusaSlicer 2.9.6 on 2026-09-25 at 17:17:47 UTC

; 

; external perimeters extrusion width = 0.45mm
; perimeters extrusion width = 0.45mm
; infill extrusion width = 0.45mm
; solid infill extrusion width = 0.45mm
; top infill extrusion width = 0.42mm
; support material extrusion width = 0.40mm
; first layer extrusion width = 0.50mm

M73 P0 R11
M73 Q0 S12
M201 X10000 Y10000 Z400 E5000 ; sets maximum accelerations, mm/sec^2
M203 X350 Y350 Z12 E100 ; sets maximum feedrates, mm / sec
M204 P7000 R2500 T7000 ; sets acceleration (P, T) and retract acceleration (R), mm/sec^2
M205 X10.00 Y10.00 Z2.00 E10.00 ; sets the jerk limits, mm/sec
M205 S0 T0 ; sets the minimum extruding and travel feed rate, mm/sec

M486 S0
M486 Aplate_12_sensor.stl
M486 S-1

;TYPE:Custom
M17 ; enable steppers
M862.1 P0.4 A0 F0 ; nozzle check
M862.3 P "COREONE" ; printer model check
M862.5 P2 ; g-code level check
M862.6 P"Input shaper" ; FW feature check
M115 U6.4.0+11974

M555 X2.1 Y-1.9 W161.8 H28.8

G90 ; use absolute coordinates
M83 ; extruder relative mode


M140 S60 ; set bed temp


M109 R170 ; wait for temp

M84 E ; turn off E motor

G28 ; home all without mesh bed level


M141 S20 ; set nominal chamber temp


M106 S70
G0 Z40 F10000
M104 T0 S170
M190 R60 ; wait for bed temp
M107

G29 G ; absorb heat

M109 R170 ; wait for MBL temp

M302 S155 ; lower cold extrusion limit to 155C


G1 E-2 F2400 ; retraction


M84 E ; turn off E motor

G29 P9 X208 Y-2.5 W32 H4

;
; MBL
;
M84 E ; turn off E motor
G29 P1 ; invalidate mbl & probe print area
G29 P1 X150 Y0 W100 H20 C ; probe near purge place
G29 P3.2 ; interpolate mbl probes
G29 P3.13 ; extrapolate mbl outside probe area
G29 A ; activate mbl

; prepare for purge
M104 S230
G0 X249 Y-2.5 Z15 F4800 ; move away and ready for the purge
M109 S230

G92 E0
M569 S0 E ; set spreadcycle mode for extruder

M591 S0 ; disable stuck detection

;
; Extrude purge line
;
G92 E0 ; reset extruder position
G1 E2 F2400 ; deretraction after the initial one
G0 E5 X235 Z0.2 F500 ; purge
G0 X225 E4 F500 ; purge
M73 P1 R11
M73 Q1 S12
G0 X215 E4 F650 ; purge
G0 X205 E4 F800 ; purge
G0 X202 Z0.05 F8000 ; wipe, move close to the bed
G0 X199 Z0.2 F8000 ; wipe, move quickly away from the bed

M591 R ; restore stuck detection

G92 E0
M221 S100 ; set flow to 100%
G21 ; set units to millimeters
G90 ; use absolute coordinates
M83 ; use relative distances for extrusion
M572 S0.03 ; Filament gcode

M142 S36 ; set heatbreak target temp
M107
;LAYER_CHANGE
;Z:0.2
;HEIGHT:0.2
G1 E-.8 F2700
G1 Z.8 F720
G1 X4.43 Y17.685 F21000
G1 Z.2 F720
G1 E.8 F1500
;TYPE:Skirt/Brim
;WIDTH:0.5
G1 F2700
G1 X4.914 Y17.59 E.01875
G1 X70.586 Y17.586 E2.49595
G1 X70.586 Y4.954 E.4801
M73 P2 R11
G1 X70.691 Y4.413 E.02095
M73 Q2 S12
G1 X70.936 Y3.86 E.02299
G1 X71.195 Y3.508 E.01661
G1 X71.691 Y3.045 E.02579
G1 X72.384 Y2.7 E.02942
G1 X72.956 Y2.586 E.02217
G1 X93.095 Y2.59 E.76541
G1 X93.637 Y2.708 E.02108
G1 X94.095 Y2.91 E.01902
G1 X94.481 Y3.184 E.01799
G1 X94.822 Y3.525 E.01833
G1 X95.102 Y3.929 E.01868
G1 X95.299 Y4.383 E.01881
G1 X95.399 Y4.812 E.01674
G1 X95.414 Y17.586 E.48549
G1 X161.086 Y17.59 E2.49595
G1 X161.57 Y17.685 E.01875
G1 X161.989 Y17.854 E.01717
G1 X162.487 Y18.189 E.02281
G1 X162.955 Y18.692 E.02611
G1 X163.154 Y19.031 E.01494
G1 X163.335 Y19.497 E.019
G1 X163.414 Y19.963 E.01796
G1 X163.414 Y24.039 E.15491
G1 X163.319 Y24.557 E.02002
G1 X162.955 Y25.307 E.03168
G1 X162.411 Y25.874 E.02986
G1 X162.034 Y26.122 E.01715
G1 X161.618 Y26.3 E.0172
G1 X161.045 Y26.414 E.0222
G1 X4.954 Y26.414 E5.93245
G1 X4.471 Y26.326 E.01866
M73 P3 R11
G1 X4.01 Y26.145 E.01882
G1 X3.513 Y25.811 E.02276
G1 X3.045 Y25.308 E.02611
G1 X2.845 Y24.968 E.01499
G1 X2.64 Y24.41 E.02259
G1 X2.586 Y24.038 E.01429
G1 X2.586 Y19.963 E.15488
G1 X2.665 Y19.497 E.01796
G1 X2.846 Y19.031 E.019
G1 X3.045 Y18.692 E.01494
G1 X3.513 Y18.189 E.02611
G1 X4.011 Y17.854 E.02281
G1 X4.375 Y17.708 E.01491
M204 T7000
G1 X4.545 Y18.132 F21000
G1 F2700
G1 X4.579 Y18.118 E.0014
G1 X4.977 Y18.043 E.01539
G1 X71.043 Y18.043 E2.51093
G1 X71.043 Y4.978 E.49655
M73 Q3 S12
G1 X71.134 Y4.531 E.01734
G1 X71.341 Y4.072 E.01914
G1 X71.524 Y3.826 E.01165
G1 X71.949 Y3.423 E.02226
G1 X72.206 Y3.268 E.01141
G1 X72.538 Y3.131 E.01365
G1 X72.978 Y3.043 E.01705
G1 X93.07 Y3.048 E.76362
G1 X93.473 Y3.135 E.01567
G1 X93.889 Y3.319 E.01729
G1 X94.483 Y3.833 E.02985
G1 X94.711 Y4.167 E.01537
G1 X94.87 Y4.541 E.01545
G1 X94.947 Y4.886 E.01343
G1 X94.957 Y18.043 E.50005
G1 X161.023 Y18.043 E2.51093
G1 X161.421 Y18.118 E.01539
G1 X161.796 Y18.269 E.01536
G1 X162.173 Y18.522 E.01726
G1 X162.577 Y18.95 E.02237
G1 X162.9 Y19.639 E.02892
G1 X162.957 Y19.981 E.01318
G1 X162.957 Y24.019 E.15347
G1 X162.886 Y24.409 E.01507
G1 X162.577 Y25.049 E.02701
G1 X162.136 Y25.508 E.02419
G1 X161.834 Y25.71 E.01381
G1 X161.46 Y25.87 E.01546
G1 X161.022 Y25.957 E.01697
G1 X4.977 Y25.957 E5.9307
G1 X4.579 Y25.882 E.01539
M73 P4 R10
G1 X4.204 Y25.731 E.01536
G1 X3.827 Y25.478 E.01726
G1 X3.423 Y25.05 E.02237
G1 X3.265 Y24.786 E.01169
G1 X3.088 Y24.317 E.01905
G1 X3.043 Y24.02 E.01142
G1 X3.043 Y19.981 E.15351
G1 X3.1 Y19.639 E.01318
G1 X3.423 Y18.95 E.02892
G1 X3.827 Y18.522 E.02237
G1 X4.204 Y18.269 E.01726
G1 X4.49 Y18.154 E.01172
G1 X4.629 Y18.613 F21000
G1 F2700
G1 X5 Y18.5 E.01474
G1 X71.5 Y18.5 E2.52742
G1 X71.5 Y5 E.51309
M73 Q4 S12
G1 X71.562 Y4.691 E.01198
G1 X71.727 Y4.319 E.01547
G1 X72.211 Y3.798 E.02703
G1 X72.693 Y3.561 E.02041
G1 X73 Y3.5 E.0119
G1 X93.045 Y3.505 E.76184
G1 X93.309 Y3.562 E.01026
G1 X93.681 Y3.727 E.01547
G1 X94.143 Y4.139 E.02353
G1 X94.317 Y4.4 E.01192
G1 X94.495 Y4.957 E.02222
G1 X94.5 Y18.5 E.51472
G1 X161 Y18.5 E2.52742
G1 X161.6 Y18.683 E.02384
G1 X161.861 Y18.858 E.01194
G1 X162.201 Y19.211 E.01863
G1 X162.465 Y19.781 E.02387
G1 X162.5 Y19.999 E.00839
G1 X162.5 Y23.999 E.15203
G1 X162.453 Y24.261 E.01012
G1 X162.201 Y24.789 E.02224
G1 X161.861 Y25.142 E.01863
G1 X161.6 Y25.317 E.01194
G1 X161 Y25.5 E.02384
G1 X5 Y25.5 E5.92899
G1 X4.4 Y25.317 E.02384
M73 P5 R10
G1 X4.139 Y25.142 E.01194
G1 X3.799 Y24.789 E.01863
G1 X3.535 Y24.219 E.02387
G1 X3.5 Y24.001 E.00839
G1 X3.5 Y19.999 E.1521
G1 X3.535 Y19.781 E.00839
G1 X3.799 Y19.211 E.02387
G1 X4.139 Y18.858 E.01863
G1 X4.4 Y18.683 E.01194
G1 X4.572 Y18.63 E.00684
G1 X4.774 Y19.029 F21000
G1 F2700
G1 X4.847 Y18.992 E.00311
G1 X5.023 Y18.957 E.00682
G1 X71.957 Y18.957 E2.54392
G1 X71.957 Y5.023 E.52958
M73 Q5 S12
G1 X71.992 Y4.848 E.00678
G1 X72.193 Y4.45 E.01695
G1 X72.593 Y4.097 E.02028
G1 X73.023 Y3.957 E.01719
G1 X93.019 Y3.962 E.75997
G1 X93.551 Y4.194 E.02206
G1 X93.904 Y4.596 E.02033
G1 X94.043 Y5.023 E.01707
G1 X94.043 Y18.957 E.52958
G1 X160.977 Y18.957 E2.54392
G1 X161.153 Y18.992 E.00682
G1 X161.552 Y19.195 E.01701
G1 X161.83 Y19.478 E.01508
G1 X162.019 Y19.886 E.01709
G1 X162.019 Y24.114 E.16069
G1 X161.83 Y24.522 E.01709
G1 X161.552 Y24.805 E.01508
G1 X161.153 Y25.008 E.01701
G1 X160.977 Y25.043 E.00682
G1 X5.023 Y25.043 E5.92724
G1 X4.847 Y25.008 E.00682
M73 P6 R10
M73 Q5 S11
G1 X4.448 Y24.805 E.01701
G1 X4.17 Y24.522 E.01508
G1 X3.981 Y24.114 E.01709
G1 X3.981 Y19.886 E.16069
G1 X4.17 Y19.478 E.01709
M73 Q6 S11
G1 X4.448 Y19.195 E.01508
G1 X4.721 Y19.056 E.01164
G1 X4.879 Y19.477 F21000
G1 F2700
G1 X5.045 Y19.414 E.00675
G1 X72.414 Y19.414 E2.56045
G1 X72.414 Y5.045 E.54611
G1 X72.51 Y4.791 E.01032
G1 X72.754 Y4.535 E.01344
G1 X73.045 Y4.414 E.01198
G1 X92.999 Y4.423 E.75838
G1 X93.246 Y4.535 E.01031
G1 X93.465 Y4.754 E.01177
G1 X93.586 Y5.045 E.01198
G1 X93.586 Y19.414 E.54611
G1 X160.955 Y19.414 E2.56045
G1 X161.209 Y19.51 E.01032
M73 P7 R10
G1 X161.465 Y19.754 E.01344
G1 X161.586 Y20.045 E.01198
G1 X161.577 Y23.999 E.15028
G1 X161.465 Y24.246 E.01031
G1 X161.246 Y24.465 E.01177
G1 X160.955 Y24.586 E.01198
G1 X5.045 Y24.586 E5.92557
G1 X4.754 Y24.465 E.01198
M73 Q7 S11
G1 X4.535 Y24.246 E.01177
G1 X4.423 Y23.999 E.01031
G1 X4.414 Y20.045 E.15028
G1 X4.535 Y19.754 E.01198
G1 X4.791 Y19.51 E.01344
G1 X4.823 Y19.498 E.0013
G1 X5.11 Y19.874 F21000
G1 F2700
G1 X5.113 Y19.871 E.00016
G1 X72.871 Y19.871 E2.57523
G1 X72.871 Y5.113 E.5609
G1 X73.029 Y4.906 E.0099
G1 X73.113 Y4.871 E.00346
G1 X92.887 Y4.871 E.75154
G1 X92.971 Y4.906 E.00346
M73 P8 R10
G1 X93.129 Y5.113 E.0099
G1 X93.129 Y19.871 E.5609
G1 X160.887 Y19.871 E2.57523
G1 X160.971 Y19.906 E.00346
G1 X161.129 Y20.113 E.0099
G1 X161.129 Y23.887 E.14344
G1 X161.094 Y23.971 E.00346
G1 X160.887 Y24.129 E.0099
G1 X5.113 Y24.129 E5.9204
G1 X5.029 Y24.094 E.00346
M73 Q8 S11
G1 X4.871 Y23.887 E.0099
G1 X4.871 Y20.113 E.14344
G1 X4.906 Y20.029 E.00346
G1 X5.062 Y19.91 E.00746
G1 E-.16
;WIPE_START
G1 F16800
G1 X5.11 Y19.874 E-.00916
G1 X5.113 Y19.871 E-.00065
G1 X9.241 Y19.871 E-.63019
;WIPE_END
G1 X38.264 Y20.41 Z.707 F21000
G1 X40.402 Y20.45 Z.74
G1 X42.54 Y20.49 Z.766
G1 X44.678 Y20.529 Z.785
G1 X48.954 Y20.609 Z.8
M486 S0
G1 X89.333 Y21.359
G1 Z.2 F720
G1 E.8 F1500
;TYPE:Perimeter
;WIDTH:0.499999
G1 F2700
G1 X88.875 Y21.682 E.0213
G1 X88.428 Y21.796 E.01753
;WIDTH:0.450223
G1 X77.779 Y21.796 E.36065
;WIDTH:0.499999
G1 X77.125 Y21.682 E.02523
G1 X76.623 Y21.328 E.02335
G1 X76.325 Y20.89 E.02013
G1 X76.179 Y20.338 E.0217
G1 X76.179 Y8.779 E.43931
G1 X76.366 Y8.027 E.02945
G1 X76.674 Y7.621 E.01937
G1 X77.163 Y7.302 E.02219
G1 X77.577 Y7.204 E.01617
;WIDTH:0.450223
G1 X88.221 Y7.204 E.36048
;WIDTH:0.499999
G1 X88.837 Y7.302 E.02371
M73 P9 R10
G1 X89.326 Y7.621 E.02219
G1 X89.634 Y8.027 E.01937
G1 X89.821 Y8.779 E.02945
G1 X89.821 Y20.221 E.43487
G1 X89.78 Y20.58 E.01373
G1 X89.675 Y20.89 E.01244
G1 X89.38 Y21.323 E.01991
G1 X89.014 Y21.035 F21000
G1 F2700
G1 X88.688 Y21.265 E.01516
G1 X88.221 Y21.364 E.01814
G1 X77.779 Y21.364 E.39686
G1 X77.312 Y21.265 E.01814
G1 X76.953 Y21.012 E.01669
G1 X76.741 Y20.699 E.01437
G1 X76.636 Y20.305 E.0155
G1 X76.636 Y8.779 E.43806
G1 X76.77 Y8.242 E.02104
G1 X76.99 Y7.952 E.01383
G1 X77.339 Y7.724 E.01584
G1 X77.779 Y7.636 E.01705
G1 X88.221 Y7.636 E.39686
G1 X88.661 Y7.724 E.01705
G1 X89.01 Y7.952 E.01584
G1 X89.23 Y8.242 E.01383
G1 X89.364 Y8.779 E.02104
G1 X89.364 Y20.221 E.43487
G1 X89.335 Y20.478 E.00983
G1 X89.259 Y20.699 E.00888
G1 X89.058 Y20.995 E.0136
G1 X88.692 Y20.713 F21000
G1 F2700
G1 X88.501 Y20.847 E.00887
G1 X88.221 Y20.907 E.01088
G1 X77.779 Y20.907 E.39686
G1 X77.499 Y20.847 E.01088
G1 X77.283 Y20.696 E.01002
G1 X77.093 Y20.343 E.01524
G1 X77.093 Y8.779 E.4395
G1 X77.173 Y8.457 E.01261
G1 X77.305 Y8.282 E.00833
G1 X77.515 Y8.146 E.00951
G1 X77.779 Y8.093 E.01023
G1 X88.221 Y8.093 E.39686
G1 X88.485 Y8.146 E.01023
G1 X88.695 Y8.282 E.00951
G1 X88.827 Y8.457 E.00833
G1 X88.907 Y8.779 E.01261
G1 X88.907 Y20.221 E.43487
G1 X88.844 Y20.508 E.01117
G1 X88.733 Y20.671 E.0075
M204 T250
G1 X88.351 Y20.395 F21000
M204 T7000
;TYPE:External perimeter
G1 F2700
G1 X88.221 Y20.45 E.00536
G1 X77.779 Y20.45 E.39686
G1 X77.613 Y20.38 E.00685
G1 X77.55 Y20.221 E.0065
G1 X77.55 Y8.779 E.43487
G1 X77.621 Y8.613 E.00686
G1 X77.779 Y8.55 E.00646
G1 X88.221 Y8.55 E.39686
G1 X88.379 Y8.613 E.00646
G1 X88.45 Y8.779 E.00686
G1 X88.45 Y20.221 E.43487
G1 X88.394 Y20.36 E.0057
G1 E-.16
;WIPE_START
G1 F16800
G1 X88.351 Y20.395 E-.00847
G1 X88.221 Y20.45 E-.02155
G1 X84.226 Y20.45 E-.60998
;WIPE_END
G1 X91.667 Y21.359 Z.331 F21000
G1 Z.2 F720
G1 E.8 F1500
;TYPE:Perimeter
G1 F2700
G1 X92.125 Y21.682 E.0213
G1 X92.779 Y21.796 E.02523
;WIDTH:0.450222
G1 X159.204 Y21.796 E2.24964
G1 X159.204 Y22.204 E.01382
M73 Q9 S11
;WIDTH:0.450223
G1 X92.779 Y22.204 E2.24964
;WIDTH:0.499999
G1 X92.019 Y22.179 E.0289
G1 X88.981 Y22.179 E.11546
G1 X88.221 Y22.204 E.0289
M73 P10 R10
;WIDTH:0.450223
G1 X77.779 Y22.204 E.35364
;WIDTH:0.499999
G1 X77.019 Y22.179 E.0289
G1 X73.981 Y22.179 E.11546
G1 X73.221 Y22.204 E.0289
;WIDTH:0.450223
G1 X6.796 Y22.204 E2.24964
G1 X6.796 Y21.796 E.01382
G1 X73.428 Y21.796 E2.25665
;WIDTH:0.499999
G1 X73.875 Y21.682 E.01753
G1 X74.377 Y21.328 E.02335
G1 X74.675 Y20.89 E.02013
G1 X74.78 Y20.58 E.01244
G1 X74.821 Y20.221 E.01373
G1 X74.821 Y6.821 E.50928
G1 X77.066 Y6.821 E.08532
G1 X77.779 Y6.796 E.02712
;WIDTH:0.450223
G1 X88.221 Y6.796 E.35364
;WIDTH:0.499999
G1 X88.934 Y6.821 E.02712
G1 X91.179 Y6.821 E.08532
G1 X91.179 Y20.338 E.51373
G1 X91.325 Y20.89 E.0217
G1 X91.62 Y21.323 E.01991
G1 X91.986 Y21.035 F21000
G1 F2700
G1 X92.312 Y21.265 E.01516
G1 X92.779 Y21.364 E.01814
G1 X159.636 Y21.364 E2.54099
G1 X159.636 Y22.636 E.04834
M73 Q10 S11
G1 X6.364 Y22.636 E5.8253
G1 X6.364 Y21.364 E.04834
M73 P11 R10
G1 X73.221 Y21.364 E2.54099
G1 X73.688 Y21.265 E.01814
G1 X74.047 Y21.012 E.01669
G1 X74.259 Y20.699 E.01437
G1 X74.335 Y20.478 E.00888
G1 X74.364 Y20.221 E.00983
G1 X74.364 Y6.364 E.52665
G1 X91.636 Y6.364 E.65644
G1 X91.636 Y20.305 E.52985
G1 X91.741 Y20.699 E.0155
G1 X91.942 Y20.995 E.0136
G1 X92.308 Y20.713 F21000
G1 F2700
G1 X92.499 Y20.847 E.00887
G1 X92.779 Y20.907 E.01088
G1 X160.093 Y20.907 E2.55835
G1 X160.093 Y23.093 E.08308
M73 Q11 S11
G1 X5.907 Y23.093 E5.86004
G1 X5.907 Y20.907 E.08308
M73 P12 R10
G1 X73.221 Y20.907 E2.55835
G1 X73.501 Y20.847 E.01088
G1 X73.717 Y20.696 E.01002
G1 X73.844 Y20.508 E.00862
G1 X73.907 Y20.221 E.01117
G1 X73.907 Y5.907 E.54402
G1 X92.093 Y5.907 E.69118
M73 P12 R9
G1 X92.093 Y20.343 E.54866
G1 X92.269 Y20.669 E.01408
M204 T250
G1 X92.649 Y20.395 F21000
M204 T7000
;TYPE:External perimeter
G1 F2700
G1 X92.779 Y20.45 E.00536
G1 X160.55 Y20.45 E2.57572
G1 X160.55 Y23.55 E.11782
M73 P13 R9
M73 Q12 S11
G1 X5.45 Y23.55 E5.89477
G1 X5.45 Y20.45 E.11782
G1 X73.221 Y20.45 E2.57572
G1 X73.387 Y20.38 E.00685
G1 X73.45 Y20.221 E.0065
G1 X73.45 Y5.45 E.56139
G1 X92.55 Y5.45 E.72592
G1 X92.55 Y20.221 E.56139
G1 X92.606 Y20.36 E.0057
G1 E-.16
;WIPE_START
G1 F16800
G1 X92.649 Y20.395 E-.00847
G1 X92.779 Y20.45 E-.02155
G1 X96.774 Y20.45 E-.60998
;WIPE_END
G1 X90.996 Y7.933 Z.441 F21000
G1 Z.2 F720
M73 P14 R9
G1 E.8 F1500
;TYPE:Solid infill
;WIDTH:0.502298
G1 F6000
G1 X90.273 Y7.21 E.03906
G1 X89.623 Y7.21 E.02483
G1 X90.791 Y8.378 E.06309
G1 X90.791 Y9.028 E.02483
G1 X90.106 Y8.342 E.03703
G1 X90.21 Y8.759 E.01642
G1 X90.21 Y9.096 E.01287
G1 X90.792 Y9.678 E.03144
G1 X90.792 Y10.328 E.02483
G1 X90.21 Y9.745 E.03147
G1 X90.21 Y10.395 E.02483
G1 X90.792 Y10.978 E.03147
G1 X90.793 Y11.628 E.02483
G1 X90.21 Y11.045 E.03149
G1 X90.21 Y11.694 E.02479
G1 X90.793 Y12.278 E.03152
G1 X90.793 Y12.928 E.02483
G1 X90.21 Y12.344 E.03152
G1 X90.21 Y12.994 E.02483
M73 Q13 S11
G1 X90.794 Y13.578 E.03155
G1 X90.794 Y14.228 E.02483
G1 X90.21 Y13.643 E.03157
G1 X90.21 Y14.293 E.02483
G1 X90.794 Y14.878 E.03157
G1 X90.795 Y15.528 E.02483
G1 X90.21 Y14.943 E.0316
G1 X90.21 Y15.592 E.02479
G1 X90.795 Y16.178 E.03163
G1 X90.795 Y16.828 E.02483
G1 X90.21 Y16.242 E.03163
G1 X90.21 Y16.892 E.02483
G1 X90.796 Y17.478 E.03166
G1 X90.796 Y18.128 E.02483
G1 X90.21 Y17.541 E.03168
G1 X90.21 Y18.191 E.02483
G1 X90.796 Y18.778 E.03168
G1 X90.797 Y19.428 E.02483
G1 X90.21 Y18.841 E.03171
G1 X90.21 Y19.49 E.02479
G1 X90.797 Y20.078 E.03174
G1 X90.797 Y20.393 E.01203
G1 X90.841 Y20.67 E.01071
G1 X90.893 Y20.823 E.00617
G1 X90.21 Y20.14 E.0369
G1 X90.202 Y20.397 E.00982
G1 X90.142 Y20.721 E.01259
G1 X91.21 Y21.79 E.05772
G1 X90.561 Y21.79 E.02479
G1 X89.946 Y21.176 E.03319
G1 X89.683 Y21.563 E.01787
G1 X90.117 Y21.996 E.02342
G1 E-.16 F2700
;WIPE_START
G1 F16800
G1 X89.683 Y21.563 E-.0936
G1 X89.946 Y21.176 E-.07144
G1 X90.561 Y21.79 E-.13268
G1 X91.21 Y21.79 E-.09909
G1 X90.142 Y20.721 E-.23071
G1 X90.157 Y20.641 E-.01248
;WIPE_END
G1 X75.87 Y7.004 Z.545 F21000
G1 Z.2 F720
G1 E.8 F1500
;WIDTH:0.506546
G1 F6000
G1 X76.318 Y7.452 E.02442
G1 X76.035 Y7.825 E.01805
G1 X75.42 Y7.21 E.03353
G1 X75.21 Y7.21 E.0081
G1 X75.209 Y7.655 E.01716
G1 X75.895 Y8.34 E.03737
G1 X75.79 Y8.759 E.01665
G1 X75.79 Y8.891 E.00509
G1 X75.209 Y8.31 E.03168
G1 X75.209 Y8.966 E.02529
G1 X75.791 Y9.548 E.03173
G1 X75.791 Y10.204 E.02529
G1 X75.208 Y9.621 E.03178
G1 X75.208 Y10.276 E.02525
G1 X75.792 Y10.86 E.03184
G1 X75.792 Y11.516 E.02529
G1 X75.208 Y10.932 E.03184
G1 X75.207 Y11.587 E.02525
G1 X75.792 Y12.172 E.03189
G1 X75.793 Y12.828 E.02529
G1 X75.207 Y12.242 E.03195
G1 X75.207 Y12.897 E.02525
G1 X75.793 Y13.484 E.03198
G1 X75.793 Y14.14 E.02529
G1 X75.206 Y13.553 E.032
G1 X75.206 Y14.208 E.02525
G1 X75.794 Y14.796 E.03206
G1 X75.794 Y15.452 E.02529
G1 X75.206 Y14.863 E.03208
G1 X75.205 Y15.519 E.02529
G1 X75.795 Y16.108 E.03214
G1 X75.795 Y16.764 E.02529
G1 X75.205 Y16.174 E.03217
G1 X75.205 Y16.829 E.02525
G1 X75.795 Y17.42 E.03219
G1 X75.796 Y18.076 E.02529
G1 X75.204 Y17.485 E.03225
G1 X75.204 Y18.14 E.02525
G1 X75.796 Y18.732 E.03228
G1 X75.797 Y19.388 E.02529
G1 X75.204 Y18.795 E.03233
G1 X75.203 Y19.451 E.02529
G1 X75.797 Y20.044 E.03236
G1 X75.797 Y20.393 E.01345
G1 X75.841 Y20.67 E.01081
G1 X75.879 Y20.782 E.00456
G1 X75.203 Y20.106 E.03685
G1 X75.203 Y20.393 E.01106
G1 X75.147 Y20.706 E.01226
G1 X76.231 Y21.79 E.0591
G1 X75.576 Y21.79 E.02525
G1 X74.953 Y21.167 E.03397
G1 X74.687 Y21.557 E.0182
G1 X75.126 Y21.996 E.02393
M106 S114.75
;LAYER_CHANGE
;Z:0.4
;HEIGHT:0.2
;BEFORE_LAYER_CHANGE
G92 E0.0
;0.4


G1 E-.16 F2700
;WIPE_START
G1 F16800
G1 X74.687 Y21.557 E-.09479
G1 X74.953 Y21.167 E-.07208
G1 X75.576 Y21.79 E-.13452
G1 X76.231 Y21.79 E-.1
G1 X75.147 Y20.706 E-.23406
G1 X75.152 Y20.677 E-.00455
;WIPE_END
G1 X75.152 Y20.677 Z.2 F21000
G1 X89.024 Y21.03 Z.442
;AFTER_LAYER_CHANGE
;0.4
M104 S220 ; set temperature
G1 Z.4 F720
G1 E.8 F1500
;TYPE:Perimeter
;WIDTH:0.449999
G1 F4200
G1 X88.592 Y21.327 E.01775
G1 X88.197 Y21.446 E.01396
G1 X77.979 Y21.446 E.34587
G1 X77.408 Y21.327 E.01974
G1 X76.965 Y21.023 E.01819
G1 X76.697 Y20.643 E.01574
G1 X76.554 Y20.126 E.01816
G1 X76.554 Y8.979 E.37731
G1 F4172.923
G1 X76.602 Y8.609 E.01263
G1 F4148.65
G1 X76.739 Y8.276 E.01219
G1 F4117.707
G1 X77.017 Y7.928 E.01508
G1 F4083.334
G1 X77.445 Y7.657 E.01715
G1 F4059.677
G1 X77.807 Y7.554 E.01274
G1 F4052.73
G1 X88.021 Y7.554 E.34573
G1 F4059.677
G1 X88.555 Y7.657 E.01841
G1 F4083.334
G1 X88.983 Y7.928 E.01715
G1 F4117.707
G1 X89.261 Y8.276 E.01508
G1 F4148.649
G1 X89.398 Y8.609 E.01219
G1 F4160.299
G1 X89.446 Y8.979 E.01263
G1 X89.446 Y20.021 E.37376
G1 X89.406 Y20.357 E.01145
M73 Q13 S10
G1 F4168.303
G1 X89.303 Y20.643 E.01029
G1 F4182.551
G1 X89.062 Y20.985 E.01416
G1 X88.736 Y20.743 F21000
G1 F4198.961
G1 X88.429 Y20.954 E.01261
G1 F4200
G1 X88.021 Y21.039 E.01411
G1 X77.979 Y21.039 E.33991
G1 X77.571 Y20.954 E.01411
G1 X77.255 Y20.737 E.01298
G1 X77.063 Y20.466 E.01124
G1 X76.961 Y20.096 E.01299
G1 X76.961 Y8.979 E.3763
G1 F4175.903
G1 X76.996 Y8.715 E.00901
G1 F4160.177
G1 X77.093 Y8.477 E.0087
G1 F4141.145
G1 X77.291 Y8.228 E.01077
G1 F4120.662
G1 X77.597 Y8.035 E.01225
G1 F4106.813
G1 X77.856 Y7.961 E.00912
G1 X88.021 Y7.961 E.34407
G1 X88.403 Y8.035 E.01317
G1 F4120.663
G1 X88.709 Y8.228 E.01225
G1 F4141.145
G1 X88.907 Y8.477 E.01077
G1 F4160.177
G1 X89.004 Y8.715 E.0087
G1 F4175.903
G1 X89.039 Y8.979 E.00901
G1 F4183.196
G1 X89.039 Y20.021 E.37376
G1 X89.01 Y20.261 E.00818
G1 F4186.547
G1 X88.937 Y20.466 E.00737
G1 F4192.673
G1 X88.774 Y20.697 E.00957
G1 X88.45 Y20.455 F21000
G1 F4199.977
G1 X88.266 Y20.581 E.00755
G1 F4200
G1 X88.021 Y20.632 E.00847
G1 X77.979 Y20.632 E.33991
G1 X77.734 Y20.581 E.00847
G1 X77.544 Y20.451 E.00779
G1 X77.368 Y20.135 E.01224
G1 X77.368 Y8.979 E.37762
G1 F4174.868
G1 X77.447 Y8.678 E.01053
G1 F4160.663
G1 X77.566 Y8.528 E.00648
G1 F4150.816
G1 X77.75 Y8.412 E.00736
G1 F4144.336
G1 X77.905 Y8.368 E.00545
G1 X88.021 Y8.368 E.34241
G1 X88.25 Y8.412 E.00789
G1 F4150.816
G1 X88.434 Y8.528 E.00736
G1 F4166.627
G1 X88.632 Y8.855 E.01294
G1 F4196.981
G1 X88.632 Y20.021 E.37796
G1 X88.571 Y20.288 E.00927
G1 F4199.977
G1 X88.486 Y20.408 E.00498
M204 T250
G1 X88.159 Y20.168 F21000
M204 T7000
;TYPE:External perimeter
G1 F3000
G1 X88.021 Y20.225 E.00505
G1 F2999.998
G1 X77.979 Y20.225 E.33991
G1 F3000
G1 X77.834 Y20.165 E.00531
G1 X77.775 Y20.021 E.00527
G1 F2998.952
G1 X77.775 Y8.979 E.37376
G1 F2995.783
G1 X77.841 Y8.828 E.00558
G1 F2994.674
G1 X77.954 Y8.775 E.00422
G1 X88.021 Y8.775 E.34076
G1 F2995.783
G1 X88.159 Y8.828 E.005
G1 X88.225 Y8.979 E.00558
G1 F2999.998
G1 X88.225 Y20.021 E.37376
G1 F3000
G1 X88.186 Y20.116 E.00348
G1 E-.16 F2700
;WIPE_START
G1 F16800
G1 X88.159 Y20.168 E-.00895
G1 X88.021 Y20.225 E-.0228
G1 X84.037 Y20.225 E-.60825
;WIPE_END
G1 X91.977 Y21.031 Z.539 F21000
G1 Z.4 F720
G1 E.8 F1500
;TYPE:Perimeter
G1 F3919.069
G1 X92.408 Y21.327 E.0177
G1 F3936.289
G1 X92.979 Y21.446 E.01974
G1 F4200
G1 X159.554 Y21.446 E2.25348
G1 F3851.751
M73 Q14 S10
G1 X159.554 Y22.554 E.0375
G1 F4200
G1 X6.446 Y22.554 E5.18252
G1 F3843.241
M73 P15 R9
G1 X6.446 Y21.446 E.0375
G1 F3900.951
G1 X7 Y21.446 E.01875
G1 F4200
G1 X73.197 Y21.446 E2.24069
G1 X73.592 Y21.327 E.01396
G1 X74.035 Y21.023 E.01819
G1 X74.303 Y20.643 E.01574
G1 X74.406 Y20.357 E.01029
G1 X74.446 Y20.021 E.01145
G1 X74.446 Y6.446 E.4595
G1 F3864.169
G1 X91.554 Y6.446 E.57908
G1 X91.554 Y20.126 E.46305
G1 F3878.898
G1 X91.697 Y20.643 E.01816
G1 F3900.663
G1 X91.939 Y20.986 E.01421
G1 X92.264 Y20.743 F21000
G1 F3841.487
G1 X92.571 Y20.954 E.01261
G1 F3860.357
G1 X92.979 Y21.039 E.01411
G1 F4200
G1 X159.961 Y21.039 E2.26726
G1 F3759.909
G1 X159.961 Y22.961 E.06506
G1 F4200
G1 X6.039 Y22.961 E5.21007
G1 F3749.153
M73 P16 R9
G1 X6.039 Y21.039 E.06506
G1 F4200
G1 X73.021 Y21.039 E2.26726
G1 X73.429 Y20.954 E.01411
M73 Q15 S10
G1 X73.745 Y20.737 E.01298
G1 X73.937 Y20.466 E.01124
G1 X74.01 Y20.261 E.00737
G1 X74.039 Y20.021 E.00818
G1 X74.039 Y6.039 E.47327
G1 F3775.602
G1 X91.961 Y6.039 E.60664
G1 X91.961 Y20.096 E.47581
G1 F3796.627
G1 X92.063 Y20.466 E.01299
G1 F3820.862
G1 X92.226 Y20.697 E.00957
G1 X92.551 Y20.455 F21000
G1 F3757.174
G1 X92.734 Y20.581 E.00752
G1 F3776.249
G1 X92.979 Y20.632 E.00847
G1 F4200
G1 X160.368 Y20.632 E2.28103
G1 F3657.329
G1 X160.368 Y23.368 E.09261
G1 F4200
G1 X5.632 Y23.368 E5.23762
G1 F3644.067
G1 X5.632 Y20.632 E.09261
G1 F4200
G1 X73.021 Y20.632 E2.28103
G1 X73.266 Y20.581 E.00847
G1 X73.456 Y20.451 E.00779
G1 X73.571 Y20.288 E.00675
G1 X73.632 Y20.021 E.00927
G1 X73.632 Y5.632 E.48705
G1 F3676.68
G1 X92.368 Y5.632 E.63419
G1 X92.368 Y20.135 E.49091
G1 F3723.089
M73 P17 R9
G1 X92.519 Y20.405 E.01047
M204 T250
G1 X92.841 Y20.168 F21000
M204 T7000
;TYPE:External perimeter
G1 F2896.12
G1 X92.979 Y20.225 E.00505
G1 F2909.433
G1 X93.653 Y20.225 E.02281
G1 F2999.998
G1 X160.1 Y20.225 E2.24915
G1 F2862.878
M73 Q16 S10
G1 X160.775 Y20.225 E.02285
G1 F2868.803
G1 X160.775 Y23.775 E.12016
G1 F2830.12
G1 X160.1 Y23.775 E.02285
G1 F2999.998
G1 X5.9 Y23.775 E5.21948
G1 F2863.808
G1 X5.225 Y23.775 E.02285
G1 F2865.596
G1 X5.225 Y20.225 E.12016
G1 F2861.861
G1 X5.9 Y20.225 E.02285
G1 F2999.998
G1 X73.021 Y20.225 E2.27196
G1 F3000
G1 X73.166 Y20.165 E.00531
G1 X73.225 Y20.021 E.00527
G1 F2999.998
G1 X73.225 Y5.9 E.47798
G1 F2898.219
G1 X73.225 Y5.225 E.02285
G1 F2873.481
G1 X92.1 Y5.225 E.6389
G1 F2862.999
G1 X92.775 Y5.225 E.02285
G1 F2860.871
G1 X92.775 Y5.9 E.02285
G1 F2873.672
G1 X92.775 Y20.021 E.47798
G1 F2889.85
M73 P18 R9
G1 X92.814 Y20.116 E.00348
G1 E-.16 F2700
;WIPE_START
G1 F16800
G1 X92.841 Y20.168 E-.00895
G1 X92.979 Y20.225 E-.0228
G1 X93.653 Y20.225 E-.10291
G1 X96.963 Y20.225 E-.50534
;WIPE_END
G1 X77.981 Y6.794 Z.806 F21000
G1 Z.4 F720
G1 E.8 F1500
;TYPE:Solid infill
;WIDTH:0.454206
G1 F8400
G1 X88.699 Y6.792 E.36654
;WIDTH:0.449999
G1 X91.208 Y6.792 E.08493
G1 X91.208 Y20.02 E.44775
G1 X91.253 Y20.414 E.01342
G1 X91.402 Y20.821 E.01467
G1 X91.749 Y21.29 E.01975
G1 X92.31 Y21.656 E.02267
;WIDTH:0.454205
G1 X92.985 Y21.794 E.02356
G1 X159.206 Y21.794 E2.26466
G1 X159.206 Y22.206 E.01409
G1 X92.253 Y22.208 E2.28969
;WIDTH:0.449999
G1 X88.787 Y22.208 E.11732
M73 Q17 S10
;WIDTH:0.454205
G1 X77.253 Y22.208 E.39445
;WIDTH:0.449999
G1 X73.787 Y22.208 E.11732
;WIDTH:0.454205
G1 X6.794 Y22.206 E2.29106
G1 X6.794 Y21.794 E.01409
G1 X73.255 Y21.794 E2.27287
G1 X73.761 Y21.626 E.01823
;WIDTH:0.449999
G1 X74.302 Y21.24 E.0225
G1 X74.598 Y20.821 E.01736
G1 X74.736 Y20.459 E.01311
G1 X74.786 Y20.158 E.01033
G1 X74.792 Y6.792 E.45242
G1 X76.564 Y6.792 E.05998
;WIDTH:0.451181
G1 X77.263 Y6.793 E.02373
;WIDTH:0.453349
G1 X77.778 Y6.794 E.01758
G1 X76.766 Y7.199 F21000
;WIDTH:0.449999
G1 F8400
G1 X76.443 Y7.443 E.0137
G1 X76.05 Y7.976 E.02242
;WIDTH:0.492864
G1 X75.965 Y8.145 E.00708
;WIDTH:0.535728
G1 X75.881 Y8.315 E.00777
;WIDTH:0.578592
G1 X75.796 Y8.484 E.00843
G1 X75.752 Y8.983 E.02231
;WIDTH:0.55019
G1 X75.751 Y20.02 E.46554
G1 X75.798 Y20.255 E.01011
;WIDTH:0.508563
G1 X75.845 Y20.49 E.00928
;WIDTH:0.466935
G1 X76.07 Y21.056 E.02147
;WIDTH:0.449999
G1 X76.366 Y21.475 E.01736
G1 X76.774 Y21.801 E.01768
G1 X74.226 Y21.801 E.08625
G1 X74.634 Y21.475 E.01768
G1 X75.007 Y20.91 E.02292
;WIDTH:0.490732
G1 X75.116 Y20.587 E.01269
;WIDTH:0.531465
G1 X75.225 Y20.264 E.01385
;WIDTH:0.55019
G1 X75.243 Y20.02 E.01032
G1 X75.247 Y8.982 E.46558
;WIDTH:0.578592
G1 X75.263 Y8.449 E.02375
G1 X75.241 Y8.236 E.00954
;WIDTH:0.535728
G1 X75.22 Y8.022 E.00881
;WIDTH:0.492864
G1 X75.199 Y7.808 E.00804
;WIDTH:0.449999
G1 X75.199 Y7.199 E.02061
G1 X76.562 Y7.199 E.04614
G1 E-.16 F2700
;WIPE_START
G1 F16800
G1 X75.199 Y7.199 E-.2081
G1 X75.199 Y7.808 E-.09298
G1 X75.22 Y8.022 E-.03283
G1 X75.241 Y8.236 E-.03283
G1 X75.263 Y8.449 E-.03269
G1 X75.247 Y8.982 E-.08141
G1 X75.247 Y10.024 E-.15916
;WIPE_END
G1 X87.812 Y7.206 Z.625 F21000
G1 Z.4 F720
G1 E.8 F1500
;WIDTH:0.454206
G1 F8400
G1 X77.747 Y7.206 E.34421
G1 X77.285 Y7.353 E.01658
;WIDTH:0.449999
G1 X76.812 Y7.651 E.01892
G1 X76.456 Y8.08 E.01887
G1 X76.277 Y8.495 E.0153
G1 X76.208 Y8.982 E.01665
G1 X76.208 Y20.02 E.37362
G1 X76.253 Y20.414 E.01342
G1 X76.402 Y20.821 E.01467
G1 X76.749 Y21.29 E.01975
G1 X77.31 Y21.656 E.02267
;WIDTH:0.454206
G1 X77.985 Y21.794 E.02356
G1 X88.255 Y21.794 E.35122
G1 X88.761 Y21.626 E.01823
;WIDTH:0.449999
G1 X89.302 Y21.24 E.0225
G1 X89.598 Y20.821 E.01736
G1 X89.736 Y20.459 E.01311
G1 X89.792 Y20.02 E.01498
G1 X89.792 Y8.983 E.37359
G1 X89.736 Y8.546 E.01491
G1 X89.544 Y8.08 E.01706
G1 X89.188 Y7.651 E.01887
G1 X88.647 Y7.327 E.02135
;WIDTH:0.454205
G1 X88.016 Y7.206 E.02197
G1 X89.234 Y7.199 F21000
;WIDTH:0.449999
G1 F8400
G1 X90.801 Y7.199 E.05304
G1 X90.801 Y7.808 E.02061
;WIDTH:0.492726
G1 X90.779 Y8.022 E.00805
;WIDTH:0.535452
G1 X90.758 Y8.236 E.00881
;WIDTH:0.578178
G1 X90.737 Y8.449 E.00953
G1 X90.752 Y8.983 E.02378
;WIDTH:0.547128
G1 X90.752 Y20.093 E.46579
G1 X90.816 Y20.345 E.0109
;WIDTH:0.498563
G1 X90.881 Y20.596 E.00982
;WIDTH:0.449999
G1 X91.07 Y21.056 E.01683
G1 X91.366 Y21.475 E.01736
G1 X91.774 Y21.801 E.01768
G1 X89.226 Y21.801 E.08625
G1 X89.634 Y21.475 E.01768
G1 X89.93 Y21.056 E.01736
G1 X90.119 Y20.596 E.01683
;WIDTH:0.498563
G1 X90.184 Y20.308 E.01119
;WIDTH:0.547126
G1 X90.248 Y20.02 E.01237
G1 X90.248 Y8.983 E.46273
;WIDTH:0.58125
G1 F8359.185
G1 X90.201 Y8.456 E.02368
G1 X90.106 Y8.272 E.00927
;WIDTH:0.5375
G1 F8400
G1 X90.011 Y8.089 E.00848
;WIDTH:0.49375
G1 X89.916 Y7.906 E.00773
;WIDTH:0.449999
G1 X89.557 Y7.443 E.01983
G1 X89.397 Y7.322 E.00679
G1 X90.393 Y7.655 F21000
;WIDTH:0.581982
G1 F8347.833
G1 X90.345 Y7.607 E.00304
G1 X90.28 Y7.625 E.00302
G1 X90.263 Y7.69 E.00301
G1 X90.31 Y7.737 E.00298
G1 X90.375 Y7.72 E.00301
G1 E-.16 F2700
;WIPE_START
G1 F16800
G1 X90.31 Y7.737 E-.01026
G1 X90.263 Y7.69 E-.01015
G1 X90.28 Y7.625 E-.01026
G1 X90.345 Y7.607 E-.0103
G1 X90.393 Y7.655 E-.01036
;WIPE_END
G1 E-.58867 F2700
G1 X90.5 Y20.672 Z.627 F21000
G1 Z.4 F720
G1 E.8 F1500
;WIDTH:0.416647
G1 F8400
G1 X90.626 Y21.042 E.01215
G1 X90.842 Y21.41 E.01326
G1 X90.158 Y21.41 E.02126
G1 X90.332 Y21.142 E.00993
G1 X90.431 Y20.863 E.0092
G1 E-.16 F2700
;WIPE_START
G1 F16800
G1 X90.332 Y21.142 E-.0452
G1 X90.158 Y21.41 E-.04879
G1 X90.842 Y21.41 E-.10443
G1 X90.626 Y21.042 E-.06515
G1 X90.5 Y20.672 E-.05968
;WIPE_END
G1 E-.31675 F2700
G1 X75.5 Y20.677 Z.662 F21000
G1 Z.4 F720
G1 E.8 F1500
G1 F8400
G1 X75.626 Y21.042 E.012
G1 X75.842 Y21.41 E.01326
G1 X75.158 Y21.41 E.02126
G1 X75.332 Y21.142 E.00993
G1 X75.431 Y20.868 E.00905
G1 E-.16 F2700
;WIPE_START
G1 F16800
G1 X75.332 Y21.142 E-.04448
G1 X75.158 Y21.41 E-.04879
G1 X75.842 Y21.41 E-.10443
G1 X75.626 Y21.042 E-.06515
G1 X75.5 Y20.677 E-.05895
;WIPE_END
G1 E-.3182 F2700
G1 X75.72 Y7.72 Z.626 F21000
G1 Z.4 F720
G1 E.8 F1500
;WIDTH:0.582328
G1 F8342.479
G1 X75.655 Y7.738 E.00303
G1 X75.607 Y7.69 E.00304
G1 X75.624 Y7.625 E.00301
G1 X75.69 Y7.607 E.00307
G1 X75.737 Y7.655 E.00301
M106 S229.5
;LAYER_CHANGE
;Z:0.6
;HEIGHT:0.2
;BEFORE_LAYER_CHANGE
G92 E0.0
;0.6


G1 E-.16 F2700
;WIPE_START
G1 F16800
G1 X75.69 Y7.607 E-.01026
G1 X75.624 Y7.625 E-.01044
G1 X75.607 Y7.69 E-.01026
G1 X75.655 Y7.738 E-.01036
G1 X75.72 Y7.72 E-.0103
;WIPE_END
G1 E-.58838 F2700
G1 X75.72 Y7.72 Z.4 F21000
G1 X89.024 Y21.03 Z.728
;AFTER_LAYER_CHANGE
;0.6
G1 Z.6 F720
G1 E.8 F1500
;TYPE:Perimeter
;WIDTH:0.449999
G1 F4200
G1 X88.592 Y21.327 E.01775
G1 X88.197 Y21.446 E.01396
G1 X77.979 Y21.446 E.34587
G1 X77.408 Y21.327 E.01974
G1 X76.965 Y21.023 E.01819
G1 X76.697 Y20.643 E.01574
G1 X76.554 Y20.126 E.01816
G1 X76.554 Y8.979 E.37731
G1 X76.602 Y8.609 E.01263
G1 X76.739 Y8.276 E.01219
G1 X77.017 Y7.928 E.01508
G1 X77.445 Y7.657 E.01715
G1 X77.807 Y7.554 E.01274
G1 X88.021 Y7.554 E.34573
G1 X88.555 Y7.657 E.01841
G1 X88.983 Y7.928 E.01715
G1 X89.261 Y8.276 E.01508
G1 X89.398 Y8.609 E.01219
G1 X89.446 Y8.979 E.01263
G1 X89.446 Y20.021 E.37376
G1 X89.406 Y20.357 E.01145
G1 X89.303 Y20.643 E.01029
G1 X89.062 Y20.985 E.01416
G1 X88.736 Y20.743 F21000
G1 F4200
G1 X88.429 Y20.954 E.01261
G1 X88.021 Y21.039 E.01411
G1 X77.979 Y21.039 E.33991
G1 X77.571 Y20.954 E.01411
G1 X77.255 Y20.737 E.01298
G1 X77.063 Y20.466 E.01124
G1 X76.961 Y20.096 E.01299
G1 X76.961 Y8.979 E.3763
G1 X76.996 Y8.715 E.00901
G1 X77.093 Y8.477 E.0087
G1 X77.291 Y8.228 E.01077
G1 X77.597 Y8.035 E.01225
G1 X77.856 Y7.961 E.00912
G1 X88.021 Y7.961 E.34407
G1 X88.403 Y8.035 E.01317
M73 P19 R9
G1 X88.709 Y8.228 E.01225
G1 X88.907 Y8.477 E.01077
G1 X89.004 Y8.715 E.0087
G1 X89.039 Y8.979 E.00901
G1 X89.039 Y20.021 E.37376
G1 X89.01 Y20.261 E.00818
G1 X88.937 Y20.466 E.00737
G1 X88.774 Y20.697 E.00957
G1 X88.45 Y20.455 F21000
G1 F4200
G1 X88.266 Y20.581 E.00755
G1 X88.021 Y20.632 E.00847
G1 X77.979 Y20.632 E.33991
G1 X77.734 Y20.581 E.00847
G1 X77.544 Y20.451 E.00779
G1 X77.368 Y20.135 E.01224
G1 X77.368 Y8.979 E.37762
G1 X77.447 Y8.678 E.01053
G1 X77.566 Y8.528 E.00648
G1 X77.75 Y8.412 E.00736
G1 X77.905 Y8.368 E.00545
G1 X88.021 Y8.368 E.34241
G1 X88.25 Y8.412 E.00789
M73 Q18 S10
G1 X88.434 Y8.528 E.00736
G1 X88.632 Y8.855 E.01294
G1 X88.632 Y20.021 E.37796
G1 X88.571 Y20.288 E.00927
G1 X88.486 Y20.408 E.00498
M204 T250
G1 X88.159 Y20.168 F21000
M204 T7000
;TYPE:External perimeter
G1 F3000
G1 X88.021 Y20.225 E.00505
G1 F2999.998
G1 X77.979 Y20.225 E.33991
G1 F3000
G1 X77.834 Y20.165 E.00531
G1 X77.775 Y20.021 E.00527
G1 F2999.998
G1 X77.775 Y8.979 E.37376
G1 F3000
G1 X77.841 Y8.828 E.00558
G1 X77.954 Y8.775 E.00422
G1 F2999.998
G1 X88.021 Y8.775 E.34076
G1 F3000
G1 X88.159 Y8.828 E.005
G1 X88.225 Y8.979 E.00558
G1 F2999.998
G1 X88.225 Y20.021 E.37376
G1 F3000
G1 X88.186 Y20.116 E.00348
G1 E-.16 F2700
;WIPE_START
G1 F16800
G1 X88.159 Y20.168 E-.00895
G1 X88.021 Y20.225 E-.0228
G1 X84.037 Y20.225 E-.60825
;WIPE_END
G1 X91.977 Y21.031 Z.739 F21000
G1 Z.6 F720
G1 E.8 F1500
;TYPE:Perimeter
G1 F4200
G1 X92.408 Y21.327 E.0177
G1 X92.979 Y21.446 E.01974
G1 X159.554 Y21.446 E2.25348
G1 X159.554 Y22.554 E.0375
G1 X6.446 Y22.554 E5.18252
G1 X6.446 Y21.446 E.0375
G1 X73.197 Y21.446 E2.25944
G1 X73.592 Y21.327 E.01396
G1 X74.035 Y21.023 E.01819
G1 X74.303 Y20.643 E.01574
G1 X74.406 Y20.357 E.01029
G1 X74.446 Y20.021 E.01145
G1 X74.446 Y6.446 E.4595
G1 X91.554 Y6.446 E.57908
G1 X91.554 Y20.126 E.46305
G1 X91.697 Y20.643 E.01816
M73 P20 R9
G1 X91.939 Y20.986 E.01421
G1 X92.264 Y20.743 F21000
G1 F4200
G1 X92.571 Y20.954 E.01261
G1 X92.979 Y21.039 E.01411
G1 X159.961 Y21.039 E2.26726
G1 X159.961 Y22.961 E.06506
G1 X6.039 Y22.961 E5.21007
G1 X6.039 Y21.039 E.06506
M73 Q19 S10
G1 X73.021 Y21.039 E2.26726
G1 X73.429 Y20.954 E.01411
G1 X73.745 Y20.737 E.01298
G1 X73.937 Y20.466 E.01124
G1 X74.01 Y20.261 E.00737
G1 X74.039 Y20.021 E.00818
G1 X74.039 Y6.039 E.47327
G1 X91.961 Y6.039 E.60664
G1 X91.961 Y20.096 E.47581
G1 X92.063 Y20.466 E.01299
G1 X92.226 Y20.697 E.00957
G1 X92.551 Y20.455 F21000
G1 F4200
G1 X92.734 Y20.581 E.00752
G1 X92.979 Y20.632 E.00847
G1 X160.368 Y20.632 E2.28103
G1 X160.368 Y23.368 E.09261
G1 X5.632 Y23.368 E5.23762
G1 X5.632 Y20.632 E.09261
M73 P21 R9
G1 X73.021 Y20.632 E2.28103
G1 X73.266 Y20.581 E.00847
M73 Q20 S10
G1 X73.456 Y20.451 E.00779
G1 X73.571 Y20.288 E.00675
G1 X73.632 Y20.021 E.00927
G1 X73.632 Y5.632 E.48705
G1 X92.368 Y5.632 E.63419
G1 X92.368 Y20.135 E.49091
G1 X92.519 Y20.405 E.01047
M73 P21 R8
M204 T250
G1 X92.841 Y20.168 F21000
M204 T7000
;TYPE:External perimeter
G1 F3000
G1 X92.979 Y20.225 E.00505
G1 F2999.998
G1 X160.775 Y20.225 E2.29481
G1 X160.775 Y23.775 E.12016
G1 X5.225 Y23.775 E5.26517
G1 X5.225 Y20.225 E.12016
M73 P22 R8
G1 X73.021 Y20.225 E2.29481
G1 F3000
G1 X73.166 Y20.165 E.00531
G1 X73.225 Y20.021 E.00527
G1 F2999.998
G1 X73.225 Y5.225 E.50083
G1 X92.775 Y5.225 E.66174
M73 Q21 S10
G1 X92.775 Y20.021 E.50083
G1 F3000
G1 X92.814 Y20.116 E.00348
G1 E-.16 F2700
;WIPE_START
G1 F16800
G1 X92.841 Y20.168 E-.00895
G1 X92.979 Y20.225 E-.0228
G1 X96.963 Y20.225 E-.60825
;WIPE_END
G1 X67.942 Y20.862 Z1.107 F21000
G1 X65.804 Y20.909 Z1.14
G1 X63.666 Y20.956 Z1.166
G1 X61.528 Y21.003 Z1.185
G1 X57.253 Y21.097 Z1.2
G1 X6.794 Y22.206
G1 Z.6 F720
G1 E.8 F1500
;TYPE:Solid infill
;WIDTH:0.454206
G1 F8400
G1 X6.794 Y21.794 E.01409
G1 X73.255 Y21.794 E2.27287
G1 X73.761 Y21.626 E.01823
;WIDTH:0.449999
G1 X74.302 Y21.24 E.0225
G1 X74.598 Y20.821 E.01736
G1 X74.736 Y20.459 E.01311
G1 X74.786 Y20.158 E.01033
G1 X74.792 Y6.792 E.45242
G1 X76.564 Y6.792 E.05998
;WIDTH:0.451181
G1 X77.263 Y6.793 E.02373
;WIDTH:0.454206
G1 X88.699 Y6.792 E.39109
;WIDTH:0.449999
G1 X91.208 Y6.792 E.08493
M73 Q21 S9
G1 X91.208 Y20.02 E.44775
G1 X91.253 Y20.414 E.01342
G1 X91.402 Y20.821 E.01467
G1 X91.749 Y21.29 E.01975
G1 X92.31 Y21.656 E.02267
;WIDTH:0.454205
G1 X92.985 Y21.794 E.02356
G1 X159.206 Y21.794 E2.26466
G1 X159.206 Y22.206 E.01409
G1 X92.253 Y22.208 E2.28969
;WIDTH:0.449999
G1 X88.787 Y22.208 E.11732
;WIDTH:0.454205
G1 X77.253 Y22.208 E.39445
;WIDTH:0.449999
G1 X73.787 Y22.208 E.11732
;WIDTH:0.454205
G1 X6.998 Y22.206 E2.28408
G1 E-.16 F2700
;WIPE_START
G1 F16800
G1 X11.19 Y22.206 E-.64
;WIPE_END
G1 X40.218 Y22.019 Z1.107 F21000
G1 X42.356 Y22.006 Z1.14
G1 X44.494 Y21.992 Z1.166
G1 X46.632 Y21.978 Z1.185
G1 X50.909 Y21.951 Z1.2
G1 X74.226 Y21.801
G1 Z.6 F720
G1 E.8 F1500
;WIDTH:0.449999
G1 F8400
G1 X74.634 Y21.475 E.01768
G1 X75.007 Y20.91 E.02292
;WIDTH:0.490732
G1 X75.116 Y20.587 E.01269
;WIDTH:0.531465
G1 X75.225 Y20.264 E.01385
;WIDTH:0.55019
G1 X75.243 Y20.02 E.01032
G1 X75.247 Y8.982 E.46558
;WIDTH:0.578591
G1 X75.263 Y8.449 E.02375
G1 X75.241 Y8.236 E.00954
;WIDTH:0.535727
G1 X75.22 Y8.022 E.00881
;WIDTH:0.492863
G1 X75.199 Y7.808 E.00804
;WIDTH:0.449999
G1 X75.199 Y7.199 E.02061
G1 X76.766 Y7.199 E.05304
M73 P23 R8
G1 X76.443 Y7.443 E.0137
G1 X76.05 Y7.976 E.02242
;WIDTH:0.492863
G1 X75.965 Y8.145 E.00708
;WIDTH:0.535727
G1 X75.881 Y8.315 E.00777
;WIDTH:0.578591
G1 X75.796 Y8.484 E.00843
G1 X75.752 Y8.983 E.02231
;WIDTH:0.55019
G1 X75.751 Y20.02 E.46554
G1 X75.798 Y20.255 E.01011
;WIDTH:0.508563
G1 X75.845 Y20.49 E.00928
;WIDTH:0.466936
G1 X76.07 Y21.056 E.02147
;WIDTH:0.449999
G1 X76.366 Y21.475 E.01736
G1 X76.774 Y21.801 E.01768
G1 X74.43 Y21.801 E.07934
G1 X75.158 Y21.41 F21000
;WIDTH:0.416647
G1 F8400
G1 X75.332 Y21.142 E.00993
G1 X75.5 Y20.677 E.01536
G1 X75.626 Y21.042 E.012
G1 X75.842 Y21.41 E.01326
G1 X75.362 Y21.41 E.01492
G1 E-.16 F2700
;WIPE_START
G1 F16800
G1 X75.842 Y21.41 E-.07329
G1 X75.626 Y21.042 E-.06515
G1 X75.5 Y20.677 E-.05895
G1 X75.332 Y21.142 E-.07549
G1 X75.158 Y21.41 E-.04879
;WIPE_END
G1 E-.31833 F2700
G1 X77.985 Y21.794 Z.65 F21000
G1 Z.6 F720
G1 E.8 F1500
;WIDTH:0.458593
G1 F8400
G1 X77.31 Y21.656 E.02381
;WIDTH:0.449999
G1 X76.749 Y21.29 E.02267
G1 X76.402 Y20.821 E.01975
G1 X76.253 Y20.414 E.01467
G1 X76.208 Y20.02 E.01342
G1 X76.208 Y8.982 E.37362
G1 X76.277 Y8.495 E.01665
G1 X76.456 Y8.08 E.0153
G1 X76.812 Y7.651 E.01887
G1 X77.285 Y7.353 E.01892
;WIDTH:0.454206
G1 X77.747 Y7.206 E.01658
G1 X88.016 Y7.206 E.35119
G1 X88.647 Y7.327 E.02197
;WIDTH:0.449999
G1 X89.188 Y7.651 E.02135
G1 X89.544 Y8.08 E.01887
G1 X89.736 Y8.546 E.01706
G1 X89.792 Y8.983 E.01491
G1 X89.792 Y20.02 E.37359
G1 X89.736 Y20.459 E.01498
G1 X89.598 Y20.821 E.01311
G1 X89.302 Y21.24 E.01736
G1 X88.761 Y21.626 E.0225
;WIDTH:0.454205
G1 X88.255 Y21.794 E.01823
G1 X78.188 Y21.794 E.34428
G1 E-.16 F2700
;WIPE_START
G1 F16800
G1 X82.38 Y21.794 E-.64
;WIPE_END
G1 X89.226 Y21.801 Z.719 F21000
G1 Z.6 F720
G1 E.8 F1500
;WIDTH:0.449999
G1 F8400
G1 X89.634 Y21.475 E.01768
G1 X89.93 Y21.056 E.01736
G1 X90.119 Y20.596 E.01683
;WIDTH:0.498562
G1 X90.184 Y20.308 E.01119
;WIDTH:0.547125
G1 X90.248 Y20.02 E.01237
G1 X90.248 Y8.983 E.46272
;WIDTH:0.581248
G1 F8359.216
G1 X90.201 Y8.456 E.02368
G1 X90.106 Y8.272 E.00927
;WIDTH:0.537499
G1 F8400
G1 X90.011 Y8.089 E.00848
;WIDTH:0.493749
G1 X89.916 Y7.906 E.00773
;WIDTH:0.449999
G1 X89.557 Y7.443 E.01983
G1 X89.234 Y7.199 E.0137
G1 X90.801 Y7.199 E.05304
G1 X90.801 Y7.808 E.02061
M73 Q22 S9
;WIDTH:0.492725
G1 X90.779 Y8.022 E.00805
;WIDTH:0.535451
G1 X90.758 Y8.236 E.00881
;WIDTH:0.578177
G1 X90.737 Y8.449 E.00953
G1 X90.752 Y8.983 E.02378
;WIDTH:0.547127
G1 X90.752 Y20.071 E.46486
G1 X90.816 Y20.334 E.01135
;WIDTH:0.498563
G1 X90.881 Y20.596 E.01023
;WIDTH:0.449999
G1 X91.07 Y21.056 E.01683
G1 X91.366 Y21.475 E.01736
G1 X91.774 Y21.801 E.01768
G1 X89.43 Y21.801 E.07934
G1 X90.158 Y21.41 F21000
;WIDTH:0.416647
G1 F8400
G1 X90.332 Y21.142 E.00993
G1 X90.5 Y20.672 E.01551
G1 X90.626 Y21.042 E.01215
G1 X90.842 Y21.41 E.01326
G1 X90.362 Y21.41 E.01492
G1 E-.16 F2700
;WIPE_START
G1 F16800
G1 X90.842 Y21.41 E-.07329
G1 X90.626 Y21.042 E-.06515
G1 X90.5 Y20.672 E-.05968
G1 X90.332 Y21.142 E-.07621
G1 X90.158 Y21.41 E-.04879
;WIPE_END
G1 E-.31688 F2700
G1 X90.375 Y7.625 Z.841 F21000
G1 Z.6 F720
G1 E.8 F1500
;WIDTH:0.581984
G1 F8347.803
G1 X90.393 Y7.69 E.00302
G1 X90.345 Y7.737 E.00301
G1 X90.28 Y7.72 E.00301
G1 X90.263 Y7.655 E.00301
G1 X90.31 Y7.607 E.00301
G1 E-.16 F2700
;WIPE_START
G1 F16800
G1 X90.263 Y7.655 E-.01026
G1 X90.28 Y7.72 E-.01026
G1 X90.345 Y7.737 E-.01026
G1 X90.393 Y7.69 E-.01026
G1 X90.375 Y7.625 E-.0103
;WIPE_END
G1 E-.58866 F2700
G1 X75.72 Y7.625 Z.856 F21000
G1 Z.6 F720
G1 E.8 F1500
;WIDTH:0.582328
G1 F8342.479
G1 X75.737 Y7.69 E.00301
G1 X75.69 Y7.738 E.00301
G1 X75.624 Y7.72 E.00307
G1 X75.607 Y7.655 E.00301
G1 X75.655 Y7.607 E.00304
;LAYER_CHANGE
;Z:0.8
;HEIGHT:0.2
;BEFORE_LAYER_CHANGE
G92 E0.0
;0.8


G1 E-.16 F2700
;WIPE_START
G1 F16800
G1 X75.607 Y7.655 E-.01036
G1 X75.624 Y7.72 E-.01026
G1 X75.69 Y7.738 E-.01044
G1 X75.737 Y7.69 E-.01026
G1 X75.72 Y7.625 E-.01026
;WIPE_END
G1 E-.58842 F2700
G1 X75.72 Y7.625 Z.6 F21000
G1 X89.024 Y21.03 Z.93
;AFTER_LAYER_CHANGE
;0.8
G1 Z.8 F720
G1 E.8 F1500
;TYPE:Perimeter
;WIDTH:0.449999
G1 F4200
G1 X88.592 Y21.327 E.01775
G1 X88.197 Y21.446 E.01396
G1 X77.979 Y21.446 E.34587
G1 X77.408 Y21.327 E.01974
G1 X76.965 Y21.023 E.01819
G1 X76.697 Y20.643 E.01574
G1 X76.554 Y20.126 E.01816
G1 X76.554 Y8.979 E.37731
G1 X76.602 Y8.609 E.01263
G1 X76.739 Y8.276 E.01219
G1 X77.017 Y7.928 E.01508
G1 X77.445 Y7.657 E.01715
G1 X77.807 Y7.554 E.01274
G1 X88.021 Y7.554 E.34573
G1 X88.555 Y7.657 E.01841
G1 X88.983 Y7.928 E.01715
G1 X89.261 Y8.276 E.01508
G1 X89.398 Y8.609 E.01219
G1 X89.446 Y8.979 E.01263
G1 X89.446 Y20.021 E.37376
G1 X89.406 Y20.357 E.01145
G1 X89.303 Y20.643 E.01029
G1 X89.062 Y20.985 E.01416
G1 X88.736 Y20.743 F21000
G1 F4200
G1 X88.429 Y20.954 E.01261
G1 X88.021 Y21.039 E.01411
G1 X77.979 Y21.039 E.33991
G1 X77.571 Y20.954 E.01411
G1 X77.255 Y20.737 E.01298
G1 X77.063 Y20.466 E.01124
G1 X76.961 Y20.096 E.01299
G1 X76.961 Y8.979 E.3763
G1 X76.996 Y8.715 E.00901
G1 X77.093 Y8.477 E.0087
G1 X77.291 Y8.228 E.01077
G1 X77.597 Y8.035 E.01225
G1 X77.856 Y7.961 E.00912
G1 X88.021 Y7.961 E.34407
G1 X88.403 Y8.035 E.01317
G1 X88.709 Y8.228 E.01225
G1 X88.907 Y8.477 E.01077
G1 X89.004 Y8.715 E.0087
G1 X89.039 Y8.979 E.00901
G1 X89.039 Y20.021 E.37376
G1 X89.01 Y20.261 E.00818
G1 X88.937 Y20.466 E.00737
G1 X88.774 Y20.697 E.00957
G1 X88.45 Y20.455 F21000
G1 F4200
G1 X88.266 Y20.581 E.00755
G1 X88.021 Y20.632 E.00847
G1 X77.979 Y20.632 E.33991
G1 X77.734 Y20.581 E.00847
G1 X77.544 Y20.451 E.00779
G1 X77.368 Y20.135 E.01224
G1 X77.368 Y8.979 E.37762
G1 X77.447 Y8.678 E.01053
G1 X77.566 Y8.528 E.00648
G1 X77.75 Y8.412 E.00736
G1 X77.905 Y8.368 E.00545
G1 X88.021 Y8.368 E.34241
G1 X88.25 Y8.412 E.00789
G1 X88.434 Y8.528 E.00736
G1 X88.632 Y8.855 E.01294
G1 X88.632 Y20.021 E.37796
G1 X88.571 Y20.288 E.00927
G1 X88.486 Y20.408 E.00498
M204 T250
G1 X88.159 Y20.168 F21000
M204 T7000
;TYPE:External perimeter
G1 F3000
G1 X88.021 Y20.225 E.00505
G1 F2999.998
G1 X77.979 Y20.225 E.33991
G1 F3000
G1 X77.834 Y20.165 E.00531
G1 X77.775 Y20.021 E.00527
G1 F2999.998
G1 X77.775 Y8.979 E.37376
G1 F3000
G1 X77.841 Y8.828 E.00558
G1 X77.954 Y8.775 E.00422
G1 F2999.998
G1 X88.021 Y8.775 E.34076
G1 F3000
G1 X88.159 Y8.828 E.005
G1 X88.225 Y8.979 E.00558
G1 F2999.998
G1 X88.225 Y20.021 E.37376
G1 F3000
G1 X88.186 Y20.116 E.00348
G1 E-.16 F2700
;WIPE_START
G1 F16800
G1 X88.159 Y20.168 E-.00895
G1 X88.021 Y20.225 E-.0228
G1 X84.037 Y20.225 E-.60825
;WIPE_END
G1 X91.977 Y21.031 Z.939 F21000
G1 Z.8 F720
G1 E.8 F1500
;TYPE:Perimeter
G1 F4200
G1 X92.408 Y21.327 E.0177
G1 X92.979 Y21.446 E.01974
G1 X159.554 Y21.446 E2.25348
G1 X159.554 Y22.554 E.0375
G1 X6.446 Y22.554 E5.18252
G1 X6.446 Y21.446 E.0375
M73 P24 R8
M73 Q23 S9
G1 X73.197 Y21.446 E2.25944
G1 X73.592 Y21.327 E.01396
G1 X74.035 Y21.023 E.01819
G1 X74.303 Y20.643 E.01574
G1 X74.406 Y20.357 E.01029
G1 X74.446 Y20.021 E.01145
G1 X74.446 Y6.446 E.4595
G1 X91.554 Y6.446 E.57908
G1 X91.554 Y20.126 E.46305
G1 X91.697 Y20.643 E.01816
G1 X91.939 Y20.986 E.01421
G1 X92.264 Y20.743 F21000
G1 F4200
G1 X92.571 Y20.954 E.01261
G1 X92.979 Y21.039 E.01411
G1 X159.961 Y21.039 E2.26726
G1 X159.961 Y22.961 E.06506
G1 X6.039 Y22.961 E5.21007
G1 X6.039 Y21.039 E.06506
G1 X73.021 Y21.039 E2.26726
M73 P25 R8
G1 X73.429 Y20.954 E.01411
G1 X73.745 Y20.737 E.01298
G1 X73.937 Y20.466 E.01124
G1 X74.01 Y20.261 E.00737
G1 X74.039 Y20.021 E.00818
G1 X74.039 Y6.039 E.47327
G1 X91.961 Y6.039 E.60664
G1 X91.961 Y20.096 E.47581
G1 X92.063 Y20.466 E.01299
G1 X92.226 Y20.697 E.00957
G1 X92.551 Y20.455 F21000
G1 F4200
G1 X92.734 Y20.581 E.00752
G1 X92.979 Y20.632 E.00847
G1 X160.368 Y20.632 E2.28103
G1 X160.368 Y23.368 E.09261
M73 Q24 S9
G1 X5.632 Y23.368 E5.23762
G1 X5.632 Y20.632 E.09261
G1 X73.021 Y20.632 E2.28103
G1 X73.266 Y20.581 E.00847
G1 X73.456 Y20.451 E.00779
G1 X73.571 Y20.288 E.00675
G1 X73.632 Y20.021 E.00927
G1 X73.632 Y5.632 E.48705
G1 X92.368 Y5.632 E.63419
G1 X92.368 Y20.135 E.49091
G1 X92.519 Y20.405 E.01047
M204 T250
G1 X92.841 Y20.168 F21000
M204 T7000
;TYPE:External perimeter
G1 F3000
G1 X92.979 Y20.225 E.00505
G1 F2999.998
G1 X160.775 Y20.225 E2.29481
G1 X160.775 Y23.775 E.12016
M73 P26 R8
G1 X5.225 Y23.775 E5.26517
G1 X5.225 Y20.225 E.12016
M73 Q25 S9
G1 X73.021 Y20.225 E2.29481
G1 F3000
G1 X73.166 Y20.165 E.00531
G1 X73.225 Y20.021 E.00527
G1 F2999.998
G1 X73.225 Y5.225 E.50083
G1 X92.775 Y5.225 E.66174
G1 X92.775 Y20.021 E.50083
G1 F3000
G1 X92.814 Y20.116 E.00348
G1 E-.16 F2700
;WIPE_START
G1 F16800
M73 P27 R8
G1 X92.841 Y20.168 E-.00895
G1 X92.979 Y20.225 E-.0228
G1 X96.963 Y20.225 E-.60825
;WIPE_END
G1 X77.981 Y6.794 Z1.206 F21000
G1 Z.8 F720
G1 E.8 F1500
;TYPE:Solid infill
;WIDTH:0.454206
G1 F8400
G1 X88.699 Y6.792 E.36654
;WIDTH:0.449999
G1 X91.208 Y6.792 E.08493
G1 X91.208 Y20.02 E.44775
G1 X91.253 Y20.414 E.01342
G1 X91.402 Y20.821 E.01467
G1 X91.749 Y21.29 E.01975
G1 X92.31 Y21.656 E.02267
;WIDTH:0.454205
G1 X92.985 Y21.794 E.02356
G1 X159.206 Y21.794 E2.26466
G1 X159.206 Y22.206 E.01409
G1 X92.253 Y22.208 E2.28969
;WIDTH:0.449999
G1 X88.787 Y22.208 E.11732
;WIDTH:0.454205
G1 X77.253 Y22.208 E.39445
;WIDTH:0.449999
G1 X73.787 Y22.208 E.11732
;WIDTH:0.454205
G1 X6.794 Y22.206 E2.29106
G1 X6.794 Y21.794 E.01409
G1 X73.255 Y21.794 E2.27287
G1 X73.761 Y21.626 E.01823
;WIDTH:0.449999
G1 X74.302 Y21.24 E.0225
G1 X74.598 Y20.821 E.01736
G1 X74.736 Y20.459 E.01311
G1 X74.786 Y20.158 E.01033
G1 X74.792 Y6.792 E.45242
G1 X76.564 Y6.792 E.05998
;WIDTH:0.451181
G1 X77.263 Y6.793 E.02373
;WIDTH:0.453349
G1 X77.778 Y6.794 E.01758
M73 Q26 S9
G1 X76.766 Y7.199 F21000
;WIDTH:0.449999
G1 F8400
G1 X76.443 Y7.443 E.0137
G1 X76.05 Y7.976 E.02242
;WIDTH:0.492864
G1 X75.965 Y8.145 E.00708
;WIDTH:0.535728
G1 X75.881 Y8.315 E.00777
;WIDTH:0.578592
G1 X75.796 Y8.484 E.00843
G1 X75.752 Y8.983 E.02231
;WIDTH:0.55019
G1 X75.751 Y20.02 E.46554
G1 X75.798 Y20.255 E.01011
;WIDTH:0.508563
G1 X75.845 Y20.49 E.00928
;WIDTH:0.466935
G1 X76.07 Y21.056 E.02147
;WIDTH:0.449999
G1 X76.366 Y21.475 E.01736
G1 X76.774 Y21.801 E.01768
G1 X74.226 Y21.801 E.08625
G1 X74.634 Y21.475 E.01768
G1 X75.007 Y20.91 E.02292
;WIDTH:0.490732
G1 X75.116 Y20.587 E.01269
;WIDTH:0.531465
G1 X75.225 Y20.264 E.01385
;WIDTH:0.55019
G1 X75.243 Y20.02 E.01032
G1 X75.247 Y8.982 E.46558
;WIDTH:0.578592
G1 X75.263 Y8.449 E.02375
G1 X75.241 Y8.236 E.00954
;WIDTH:0.535728
G1 X75.22 Y8.022 E.00881
;WIDTH:0.492864
G1 X75.199 Y7.808 E.00804
;WIDTH:0.449999
G1 X75.199 Y7.199 E.02061
G1 X76.562 Y7.199 E.04614
G1 E-.16 F2700
;WIPE_START
G1 F16800
G1 X75.199 Y7.199 E-.2081
G1 X75.199 Y7.808 E-.09298
G1 X75.22 Y8.022 E-.03283
G1 X75.241 Y8.236 E-.03283
G1 X75.263 Y8.449 E-.03269
G1 X75.247 Y8.982 E-.08141
G1 X75.247 Y10.024 E-.15916
;WIPE_END
G1 X87.812 Y7.206 Z1.025 F21000
G1 Z.8 F720
G1 E.8 F1500
;WIDTH:0.454206
G1 F8400
G1 X77.747 Y7.206 E.34421
G1 X77.285 Y7.353 E.01658
;WIDTH:0.449999
G1 X76.812 Y7.651 E.01892
G1 X76.456 Y8.08 E.01887
G1 X76.277 Y8.495 E.0153
G1 X76.208 Y8.982 E.01665
G1 X76.208 Y20.02 E.37362
G1 X76.253 Y20.414 E.01342
G1 X76.402 Y20.821 E.01467
G1 X76.749 Y21.29 E.01975
G1 X77.31 Y21.656 E.02267
;WIDTH:0.454206
G1 X77.985 Y21.794 E.02356
G1 X88.255 Y21.794 E.35122
G1 X88.761 Y21.626 E.01823
;WIDTH:0.449999
G1 X89.302 Y21.24 E.0225
G1 X89.598 Y20.821 E.01736
G1 X89.736 Y20.459 E.01311
G1 X89.792 Y20.02 E.01498
G1 X89.792 Y8.983 E.37359
G1 X89.736 Y8.546 E.01491
G1 X89.544 Y8.08 E.01706
G1 X89.188 Y7.651 E.01887
G1 X88.647 Y7.327 E.02135
;WIDTH:0.454205
G1 X88.016 Y7.206 E.02197
G1 X89.234 Y7.199 F21000
;WIDTH:0.449999
G1 F8400
G1 X90.801 Y7.199 E.05304
G1 X90.801 Y7.808 E.02061
;WIDTH:0.492726
G1 X90.779 Y8.022 E.00805
;WIDTH:0.535452
G1 X90.758 Y8.236 E.00881
;WIDTH:0.578178
G1 X90.737 Y8.449 E.00953
G1 X90.752 Y8.983 E.02378
;WIDTH:0.547128
G1 X90.752 Y20.093 E.46579
G1 X90.816 Y20.345 E.0109
;WIDTH:0.498563
G1 X90.881 Y20.596 E.00982
;WIDTH:0.449999
G1 X91.07 Y21.056 E.01683
G1 X91.366 Y21.475 E.01736
G1 X91.774 Y21.801 E.01768
G1 X89.226 Y21.801 E.08625
G1 X89.634 Y21.475 E.01768
G1 X89.93 Y21.056 E.01736
G1 X90.119 Y20.596 E.01683
;WIDTH:0.498563
G1 X90.184 Y20.308 E.01119
;WIDTH:0.547126
G1 X90.248 Y20.02 E.01237
G1 X90.248 Y8.983 E.46273
;WIDTH:0.58125
G1 F8359.185
G1 X90.201 Y8.456 E.02368
G1 X90.106 Y8.272 E.00927
;WIDTH:0.5375
G1 F8400
G1 X90.011 Y8.089 E.00848
;WIDTH:0.49375
G1 X89.916 Y7.906 E.00773
;WIDTH:0.449999
G1 X89.557 Y7.443 E.01983
G1 X89.397 Y7.322 E.00679
G1 X90.393 Y7.655 F21000
;WIDTH:0.581982
G1 F8347.833
G1 X90.345 Y7.607 E.00304
G1 X90.28 Y7.625 E.00302
G1 X90.263 Y7.69 E.00301
G1 X90.31 Y7.737 E.00298
G1 X90.375 Y7.72 E.00301
G1 E-.16 F2700
;WIPE_START
G1 F16800
G1 X90.31 Y7.737 E-.01026
G1 X90.263 Y7.69 E-.01015
G1 X90.28 Y7.625 E-.01026
G1 X90.345 Y7.607 E-.0103
G1 X90.393 Y7.655 E-.01036
;WIPE_END
G1 E-.58867 F2700
G1 X90.5 Y20.672 Z1.027 F21000
G1 Z.8 F720
G1 E.8 F1500
;WIDTH:0.416647
G1 F8400
G1 X90.626 Y21.042 E.01215
G1 X90.842 Y21.41 E.01326
G1 X90.158 Y21.41 E.02126
G1 X90.332 Y21.142 E.00993
G1 X90.431 Y20.863 E.0092
G1 E-.16 F2700
;WIPE_START
G1 F16800
G1 X90.332 Y21.142 E-.0452
G1 X90.158 Y21.41 E-.04879
G1 X90.842 Y21.41 E-.10443
G1 X90.626 Y21.042 E-.06515
G1 X90.5 Y20.672 E-.05968
;WIPE_END
G1 E-.31675 F2700
G1 X75.5 Y20.677 Z1.062 F21000
G1 Z.8 F720
G1 E.8 F1500
G1 F8400
G1 X75.626 Y21.042 E.012
G1 X75.842 Y21.41 E.01326
G1 X75.158 Y21.41 E.02126
G1 X75.332 Y21.142 E.00993
G1 X75.431 Y20.868 E.00905
G1 E-.16 F2700
;WIPE_START
G1 F16800
G1 X75.332 Y21.142 E-.04448
G1 X75.158 Y21.41 E-.04879
G1 X75.842 Y21.41 E-.10443
G1 X75.626 Y21.042 E-.06515
G1 X75.5 Y20.677 E-.05895
;WIPE_END
G1 E-.3182 F2700
G1 X75.72 Y7.72 Z1.026 F21000
G1 Z.8 F720
G1 E.8 F1500
;WIDTH:0.582328
G1 F8342.479
G1 X75.655 Y7.738 E.00303
G1 X75.607 Y7.69 E.00304
G1 X75.624 Y7.625 E.00301
G1 X75.69 Y7.607 E.00307
G1 X75.737 Y7.655 E.00301
M106 S232.05
;LAYER_CHANGE
;Z:1
;HEIGHT:0.2
;BEFORE_LAYER_CHANGE
G92 E0.0
;1


G1 E-.16 F2700
;WIPE_START
G1 F16800
G1 X75.69 Y7.607 E-.01026
G1 X75.624 Y7.625 E-.01044
G1 X75.607 Y7.69 E-.01026
G1 X75.655 Y7.738 E-.01036
G1 X75.72 Y7.72 E-.0103
;WIPE_END
G1 E-.58838 F2700
G1 X75.72 Y7.72 Z.8 F21000
G1 X89.024 Y21.03 Z1.128
;AFTER_LAYER_CHANGE
;1
G1 Z1 F720
G1 E.8 F1500
;TYPE:Perimeter
;WIDTH:0.449999
G1 F4200
G1 X88.592 Y21.327 E.01775
G1 X88.197 Y21.446 E.01396
G1 X77.979 Y21.446 E.34587
G1 X77.408 Y21.327 E.01974
G1 X76.965 Y21.023 E.01819
G1 X76.697 Y20.643 E.01574
G1 X76.554 Y20.126 E.01816
G1 X76.554 Y8.979 E.37731
G1 X76.602 Y8.609 E.01263
G1 X76.739 Y8.276 E.01219
G1 X77.017 Y7.928 E.01508
G1 X77.445 Y7.657 E.01715
G1 X77.807 Y7.554 E.01274
G1 X88.021 Y7.554 E.34573
G1 X88.555 Y7.657 E.01841
G1 X88.983 Y7.928 E.01715
G1 X89.261 Y8.276 E.01508
G1 X89.398 Y8.609 E.01219
G1 X89.446 Y8.979 E.01263
G1 X89.446 Y20.021 E.37376
G1 X89.406 Y20.357 E.01145
G1 X89.303 Y20.643 E.01029
G1 X89.062 Y20.985 E.01416
G1 X88.736 Y20.743 F21000
G1 F4200
G1 X88.429 Y20.954 E.01261
G1 X88.021 Y21.039 E.01411
G1 X77.979 Y21.039 E.33991
G1 X77.571 Y20.954 E.01411
G1 X77.255 Y20.737 E.01298
G1 X77.063 Y20.466 E.01124
G1 X76.961 Y20.096 E.01299
G1 X76.961 Y8.979 E.3763
G1 X76.996 Y8.715 E.00901
G1 X77.093 Y8.477 E.0087
G1 X77.291 Y8.228 E.01077
G1 X77.597 Y8.035 E.01225
G1 X77.856 Y7.961 E.00912
G1 X88.021 Y7.961 E.34407
G1 X88.403 Y8.035 E.01317
G1 X88.709 Y8.228 E.01225
G1 X88.907 Y8.477 E.01077
G1 X89.004 Y8.715 E.0087
G1 X89.039 Y8.979 E.00901
G1 X89.039 Y20.021 E.37376
G1 X89.01 Y20.261 E.00818
G1 X88.937 Y20.466 E.00737
G1 X88.774 Y20.697 E.00957
M73 P28 R8
G1 X88.45 Y20.455 F21000
G1 F4200
G1 X88.266 Y20.581 E.00755
G1 X88.021 Y20.632 E.00847
G1 X77.979 Y20.632 E.33991
G1 X77.734 Y20.581 E.00847
G1 X77.544 Y20.451 E.00779
G1 X77.368 Y20.135 E.01224
G1 X77.368 Y8.979 E.37762
G1 X77.447 Y8.678 E.01053
G1 X77.566 Y8.528 E.00648
G1 X77.75 Y8.412 E.00736
G1 X77.905 Y8.368 E.00545
G1 X88.021 Y8.368 E.34241
G1 X88.25 Y8.412 E.00789
G1 X88.434 Y8.528 E.00736
G1 X88.632 Y8.855 E.01294
G1 X88.632 Y20.021 E.37796
G1 X88.571 Y20.288 E.00927
G1 X88.486 Y20.408 E.00498
M204 T250
G1 X88.159 Y20.168 F21000
M204 T7000
;TYPE:External perimeter
G1 F3000
G1 X88.021 Y20.225 E.00505
G1 F2999.998
G1 X77.979 Y20.225 E.33991
G1 F3000
G1 X77.834 Y20.165 E.00531
G1 X77.775 Y20.021 E.00527
G1 F2999.998
G1 X77.775 Y8.979 E.37376
G1 F3000
G1 X77.841 Y8.828 E.00558
G1 X77.954 Y8.775 E.00422
G1 F2999.998
G1 X88.021 Y8.775 E.34076
G1 F3000
G1 X88.159 Y8.828 E.005
G1 X88.225 Y8.979 E.00558
G1 F2999.998
G1 X88.225 Y20.021 E.37376
G1 F3000
G1 X88.186 Y20.116 E.00348
G1 E-.16 F2700
;WIPE_START
G1 F16800
G1 X88.159 Y20.168 E-.00895
G1 X88.021 Y20.225 E-.0228
G1 X84.037 Y20.225 E-.60825
;WIPE_END
G1 X91.977 Y21.031 Z1.139 F21000
G1 Z1 F720
G1 E.8 F1500
;TYPE:Perimeter
G1 F4200
G1 X92.408 Y21.327 E.0177
G1 X92.979 Y21.446 E.01974
G1 X159.554 Y21.446 E2.25348
G1 X159.554 Y22.554 E.0375
M73 Q27 S9
G1 X6.446 Y22.554 E5.18252
G1 X6.446 Y21.446 E.0375
G1 X73.197 Y21.446 E2.25944
G1 X73.592 Y21.327 E.01396
G1 X74.035 Y21.023 E.01819
G1 X74.303 Y20.643 E.01574
G1 X74.406 Y20.357 E.01029
G1 X74.446 Y20.021 E.01145
G1 X74.446 Y6.446 E.4595
G1 X91.554 Y6.446 E.57908
G1 X91.554 Y20.126 E.46305
G1 X91.697 Y20.643 E.01816
G1 X91.939 Y20.986 E.01421
G1 X92.264 Y20.743 F21000
G1 F4200
G1 X92.571 Y20.954 E.01261
G1 X92.979 Y21.039 E.01411
G1 X159.961 Y21.039 E2.26726
G1 X159.961 Y22.961 E.06506
M73 P29 R8
G1 X6.039 Y22.961 E5.21007
G1 X6.039 Y21.039 E.06506
M73 Q28 S9
G1 X73.021 Y21.039 E2.26726
G1 X73.429 Y20.954 E.01411
G1 X73.745 Y20.737 E.01298
G1 X73.937 Y20.466 E.01124
G1 X74.01 Y20.261 E.00737
G1 X74.039 Y20.021 E.00818
G1 X74.039 Y6.039 E.47327
G1 X91.961 Y6.039 E.60664
G1 X91.961 Y20.096 E.47581
G1 X92.063 Y20.466 E.01299
G1 X92.226 Y20.697 E.00957
G1 X92.551 Y20.455 F21000
G1 F4200
G1 X92.734 Y20.581 E.00752
G1 X92.979 Y20.632 E.00847
G1 X160.368 Y20.632 E2.28103
G1 X160.368 Y23.368 E.09261
G1 X5.632 Y23.368 E5.23762
G1 X5.632 Y20.632 E.09261
M73 P30 R8
G1 X73.021 Y20.632 E2.28103
G1 X73.266 Y20.581 E.00847
M73 P30 R7
G1 X73.456 Y20.451 E.00779
G1 X73.571 Y20.288 E.00675
G1 X73.632 Y20.021 E.00927
G1 X73.632 Y5.632 E.48705
G1 X92.368 Y5.632 E.63419
G1 X92.368 Y20.135 E.49091
G1 X92.519 Y20.405 E.01047
M204 T250
G1 X92.841 Y20.168 F21000
M204 T7000
;TYPE:External perimeter
G1 F3000
G1 X92.979 Y20.225 E.00505
G1 F2999.998
G1 X160.775 Y20.225 E2.29481
G1 X160.775 Y23.775 E.12016
M73 Q29 S9
G1 X5.225 Y23.775 E5.26517
G1 X5.225 Y20.225 E.12016
M73 P31 R7
M73 Q29 S8
G1 X73.021 Y20.225 E2.29481
G1 F3000
G1 X73.166 Y20.165 E.00531
G1 X73.225 Y20.021 E.00527
G1 F2999.998
G1 X73.225 Y5.225 E.50083
G1 X92.775 Y5.225 E.66174
G1 X92.775 Y20.021 E.50083
G1 F3000
G1 X92.814 Y20.116 E.00348
G1 E-.16 F2700
;WIPE_START
G1 F16800
G1 X92.841 Y20.168 E-.00895
G1 X92.979 Y20.225 E-.0228
G1 X96.963 Y20.225 E-.60825
;WIPE_END
G1 X85.222 Y21.792 Z1.207 F21000
G1 Z1 F720
G1 E.8 F1500
;TYPE:Internal infill
;WIDTH:0.45
G1 F7200
G1 X87.222 Y21.792 E.0677
G1 X86.806 Y22.208 E.01991
G1 X84.951 Y22.208 E.06279
G1 X84.535 Y21.792 E.01991
G1 X81.465 Y21.792 E.10392
G1 X81.049 Y22.208 E.01991
G1 X79.194 Y22.208 E.06279
G1 X78.778 Y21.792 E.01991
G1 X80.778 Y21.792 E.0677
G1 E-.16 F2700
;WIPE_START
G1 F16800
G1 X78.778 Y21.792 E-.30536
G1 X79.194 Y22.208 E-.08982
G1 X80.798 Y22.208 E-.24482
;WIPE_END
G1 X51.77 Y22.043 Z1.507 F21000
G1 X49.632 Y22.031 Z1.54
M73 Q30 S8
G1 X47.494 Y22.019 Z1.566
G1 X45.355 Y22.006 Z1.585
G1 X41.079 Y21.982 Z1.6
G1 X7.695 Y21.792
G1 Z1 F720
G1 E.8 F1500
G1 F7200
G1 X9.695 Y21.792 E.0677
G1 X10.11 Y22.208 E.01989
G1 X11.966 Y22.208 E.06282
G1 X12.381 Y21.792 E.01989
G1 X15.452 Y21.792 E.10395
G1 X15.867 Y22.208 E.01989
G1 X17.722 Y22.208 E.06279
G1 X18.138 Y21.792 E.01991
G1 X21.209 Y21.792 E.10395
G1 X21.624 Y22.208 E.01989
G1 X23.479 Y22.208 E.06279
G1 X23.895 Y21.792 E.01991
G1 X26.966 Y21.792 E.10395
G1 X27.381 Y22.208 E.01989
G1 X29.236 Y22.208 E.06279
G1 X29.652 Y21.792 E.01991
G1 X32.723 Y21.792 E.10395
G1 X33.138 Y22.208 E.01989
G1 X34.993 Y22.208 E.06279
G1 X35.409 Y21.792 E.01991
G1 X38.479 Y21.792 E.10392
G1 X38.895 Y22.208 E.01991
G1 X40.75 Y22.208 E.06279
G1 X41.166 Y21.792 E.01991
G1 X44.236 Y21.792 E.10392
G1 X44.652 Y22.208 E.01991
G1 X46.507 Y22.208 E.06279
G1 X46.923 Y21.792 E.01991
G1 X49.993 Y21.792 E.10392
G1 X50.409 Y22.208 E.01991
G1 X52.264 Y22.208 E.06279
G1 X52.68 Y21.792 E.01991
G1 X55.75 Y21.792 E.10392
G1 X56.166 Y22.208 E.01991
G1 X58.021 Y22.208 E.06279
G1 X58.437 Y21.792 E.01991
G1 X61.507 Y21.792 E.10392
G1 X61.923 Y22.208 E.01991
G1 X63.778 Y22.208 E.06279
G1 X64.194 Y21.792 E.01991
G1 X67.264 Y21.792 E.10392
G1 X67.68 Y22.208 E.01991
G1 X69.535 Y22.208 E.06279
G1 X69.951 Y21.792 E.01991
G1 X73.021 Y21.792 E.10392
G1 X73.437 Y22.208 E.01991
G1 X75.292 Y22.208 E.06279
G1 X76.517 Y20.983 E.05864
G1 X76.386 Y20.799 E.00765
G1 X76.258 Y20.441 E.01287
G1 X76.208 Y20.025 E.01418
G1 X76.208 Y19.222 E.02718
G1 X74.787 Y17.801 E.06802
G1 X74.788 Y16.955 E.02864
G1 X76.208 Y15.535 E.06797
G1 X76.208 Y13.465 E.07007
G1 X74.79 Y12.047 E.06788
G1 X74.79 Y11.196 E.02881
G1 X76.208 Y9.778 E.06788
G1 X76.208 Y8.969 E.02738
G1 X76.267 Y8.52 E.01533
G1 X76.438 Y8.103 E.01526
G1 X76.511 Y8.011 E.00398
G1 X75.292 Y6.792 E.05835
G1 X74.792 Y6.792 E.01692
G1 X74.792 Y8.292 E.05077
G1 E-.16 F2700
;WIPE_START
G1 F16800
G1 X74.792 Y6.792 E-.22902
G1 X75.292 Y6.792 E-.07634
G1 X76.511 Y8.011 E-.26321
G1 X76.438 Y8.103 E-.01793
G1 X76.305 Y8.427 E-.0535
;WIPE_END
G1 X80.778 Y7.208 Z1.081 F21000
G1 Z1 F720
G1 E.8 F1500
G1 F7200
G1 X78.778 Y7.208 E.0677
G1 X79.194 Y6.792 E.01991
G1 X81.049 Y6.792 E.06279
G1 X81.465 Y7.208 E.01991
G1 X84.535 Y7.208 E.10392
G1 X84.951 Y6.792 E.01991
G1 X86.806 Y6.792 E.06279
G1 X87.222 Y7.208 E.01991
G1 X85.222 Y7.208 E.0677
G1 E-.16 F2700
;WIPE_START
G1 F16800
G1 X87.222 Y7.208 E-.30536
G1 X86.806 Y6.792 E-.08982
G1 X85.202 Y6.792 E-.24482
;WIPE_END
G1 X91.208 Y8.292 Z1.108 F21000
G1 Z1 F720
G1 E.8 F1500
G1 F7200
G1 X91.208 Y6.792 E.05077
G1 X90.708 Y6.792 E.01692
G1 X89.489 Y8.011 E.05835
G1 X89.562 Y8.103 E.00398
G1 X89.733 Y8.52 E.01526
G1 X89.792 Y8.969 E.01533
G1 X89.792 Y9.778 E.02738
G1 X91.208 Y11.194 E.06778
G1 X91.208 Y12.049 E.02894
G1 X89.792 Y13.465 E.06778
G1 X89.792 Y15.535 E.07007
G1 X91.208 Y16.951 E.06778
G1 X91.208 Y17.806 E.02894
G1 X89.792 Y19.222 E.06778
G1 X89.792 Y20.025 E.02718
G1 X89.742 Y20.441 E.01418
G1 X89.614 Y20.799 E.01287
G1 X89.483 Y20.983 E.00765
G1 X90.708 Y22.208 E.05864
G1 X92.563 Y22.208 E.06279
G1 X92.979 Y21.792 E.01991
G1 X96.049 Y21.792 E.10392
G1 X96.465 Y22.208 E.01991
G1 X98.32 Y22.208 E.06279
G1 X98.736 Y21.792 E.01991
G1 X101.806 Y21.792 E.10392
G1 X102.222 Y22.208 E.01991
G1 X104.077 Y22.208 E.06279
G1 X104.493 Y21.792 E.01991
G1 X107.563 Y21.792 E.10392
G1 X107.979 Y22.208 E.01991
G1 X109.834 Y22.208 E.06279
G1 X110.25 Y21.792 E.01991
G1 X113.32 Y21.792 E.10392
G1 X113.736 Y22.208 E.01991
G1 X115.591 Y22.208 E.06279
G1 X116.007 Y21.792 E.01991
G1 X119.077 Y21.792 E.10392
G1 X119.493 Y22.208 E.01991
G1 X121.348 Y22.208 E.06279
M73 P32 R7
G1 X121.764 Y21.792 E.01991
G1 X124.834 Y21.792 E.10392
G1 X125.25 Y22.208 E.01991
G1 X127.105 Y22.208 E.06279
G1 X127.521 Y21.792 E.01991
G1 X130.591 Y21.792 E.10392
G1 X131.007 Y22.208 E.01991
G1 X132.862 Y22.208 E.06279
G1 X133.278 Y21.792 E.01991
G1 X136.348 Y21.792 E.10392
G1 X136.764 Y22.208 E.01991
G1 X138.619 Y22.208 E.06279
G1 X139.034 Y21.792 E.01989
G1 X142.105 Y21.792 E.10395
G1 X142.521 Y22.208 E.01991
G1 X144.376 Y22.208 E.06279
G1 X144.791 Y21.792 E.01989
G1 X147.862 Y21.792 E.10395
G1 X148.277 Y22.208 E.01989
G1 X150.133 Y22.208 E.06282
G1 X150.548 Y21.792 E.01989
G1 X153.619 Y21.792 E.10395
G1 X154.034 Y22.208 E.01989
G1 X155.89 Y22.208 E.06282
G1 X156.305 Y21.792 E.01989
G1 X158.305 Y21.792 E.0677
;LAYER_CHANGE
;Z:1.2
;HEIGHT:0.2
;BEFORE_LAYER_CHANGE
G92 E0.0
;1.2


G1 E-.16 F2700
;WIPE_START
G1 F16800
G1 X156.305 Y21.792 E-.30536
G1 X155.89 Y22.208 E-.08971
G1 X154.286 Y22.208 E-.24493
;WIPE_END
G1 X154.286 Y22.208 Z1 F21000
G1 X125.262 Y21.684 Z1.507
G1 X123.124 Y21.646 Z1.54
G1 X120.987 Y21.607 Z1.566
G1 X118.849 Y21.569 Z1.585
G1 X114.573 Y21.491 Z1.6
G1 X89.024 Y21.03 Z1.6
;AFTER_LAYER_CHANGE
;1.2
G1 Z1.2 F720
G1 E.8 F1500
;TYPE:Perimeter
;WIDTH:0.449999
G1 F4200
G1 X88.592 Y21.327 E.01775
G1 X88.197 Y21.446 E.01396
G1 X77.979 Y21.446 E.34587
G1 X77.408 Y21.327 E.01974
G1 X76.965 Y21.023 E.01819
G1 X76.697 Y20.643 E.01574
G1 X76.554 Y20.126 E.01816
G1 X76.554 Y8.979 E.37731
G1 X76.602 Y8.609 E.01263
M73 Q31 S8
G1 X76.739 Y8.276 E.01219
G1 X77.017 Y7.928 E.01508
G1 X77.445 Y7.657 E.01715
G1 X77.807 Y7.554 E.01274
G1 X88.021 Y7.554 E.34573
G1 X88.555 Y7.657 E.01841
G1 X88.983 Y7.928 E.01715
G1 X89.261 Y8.276 E.01508
G1 X89.398 Y8.609 E.01219
G1 X89.446 Y8.979 E.01263
G1 X89.446 Y20.021 E.37376
G1 X89.406 Y20.357 E.01145
G1 X89.303 Y20.643 E.01029
G1 X89.062 Y20.985 E.01416
G1 X88.736 Y20.743 F21000
G1 F4200
G1 X88.429 Y20.954 E.01261
G1 X88.021 Y21.039 E.01411
G1 X77.979 Y21.039 E.33991
G1 X77.571 Y20.954 E.01411
G1 X77.255 Y20.737 E.01298
G1 X77.063 Y20.466 E.01124
G1 X76.961 Y20.096 E.01299
G1 X76.961 Y8.979 E.3763
G1 X76.996 Y8.715 E.00901
G1 X77.093 Y8.477 E.0087
G1 X77.291 Y8.228 E.01077
G1 X77.597 Y8.035 E.01225
G1 X77.856 Y7.961 E.00912
G1 X88.021 Y7.961 E.34407
G1 X88.403 Y8.035 E.01317
G1 X88.709 Y8.228 E.01225
G1 X88.907 Y8.477 E.01077
G1 X89.004 Y8.715 E.0087
G1 X89.039 Y8.979 E.00901
G1 X89.039 Y20.021 E.37376
G1 X89.01 Y20.261 E.00818
G1 X88.937 Y20.466 E.00737
G1 X88.774 Y20.697 E.00957
G1 X88.45 Y20.455 F21000
G1 F4200
G1 X88.266 Y20.581 E.00755
G1 X88.021 Y20.632 E.00847
G1 X77.979 Y20.632 E.33991
G1 X77.734 Y20.581 E.00847
G1 X77.544 Y20.451 E.00779
G1 X77.368 Y20.135 E.01224
G1 X77.368 Y8.979 E.37762
G1 X77.447 Y8.678 E.01053
G1 X77.566 Y8.528 E.00648
G1 X77.75 Y8.412 E.00736
G1 X77.905 Y8.368 E.00545
G1 X88.021 Y8.368 E.34241
G1 X88.25 Y8.412 E.00789
G1 X88.434 Y8.528 E.00736
G1 X88.632 Y8.855 E.01294
G1 X88.632 Y20.021 E.37796
G1 X88.571 Y20.288 E.00927
G1 X88.486 Y20.408 E.00498
M204 T250
G1 X88.159 Y20.168 F21000
M204 T7000
;TYPE:External perimeter
G1 F3000
G1 X88.021 Y20.225 E.00505
G1 F2999.998
G1 X77.979 Y20.225 E.33991
G1 F3000
G1 X77.834 Y20.165 E.00531
G1 X77.775 Y20.021 E.00527
G1 F2999.998
G1 X77.775 Y8.979 E.37376
G1 F3000
G1 X77.841 Y8.828 E.00558
G1 X77.954 Y8.775 E.00422
G1 F2999.998
G1 X88.021 Y8.775 E.34076
G1 F3000
G1 X88.159 Y8.828 E.005
G1 X88.225 Y8.979 E.00558
G1 F2999.998
G1 X88.225 Y20.021 E.37376
G1 F3000
G1 X88.186 Y20.116 E.00348
G1 E-.16 F2700
;WIPE_START
G1 F16800
G1 X88.159 Y20.168 E-.00895
G1 X88.021 Y20.225 E-.0228
G1 X84.037 Y20.225 E-.60825
;WIPE_END
G1 X91.977 Y21.031 Z1.339 F21000
G1 Z1.2 F720
G1 E.8 F1500
;TYPE:Perimeter
G1 F4200
G1 X92.408 Y21.327 E.0177
G1 X92.979 Y21.446 E.01974
G1 X159.554 Y21.446 E2.25348
G1 X159.554 Y22.554 E.0375
G1 X6.446 Y22.554 E5.18252
G1 X6.446 Y21.446 E.0375
M73 P33 R7
G1 X73.197 Y21.446 E2.25944
G1 X73.592 Y21.327 E.01396
G1 X74.035 Y21.023 E.01819
G1 X74.303 Y20.643 E.01574
G1 X74.406 Y20.357 E.01029
G1 X74.446 Y20.021 E.01145
G1 X74.446 Y6.446 E.4595
G1 X91.554 Y6.446 E.57908
M73 Q32 S8
G1 X91.554 Y20.126 E.46305
G1 X91.697 Y20.643 E.01816
G1 X91.939 Y20.986 E.01421
G1 X92.264 Y20.743 F21000
G1 F4200
G1 X92.571 Y20.954 E.01261
G1 X92.979 Y21.039 E.01411
G1 X159.961 Y21.039 E2.26726
G1 X159.961 Y22.961 E.06506
G1 X6.039 Y22.961 E5.21007
G1 X6.039 Y21.039 E.06506
G1 X73.021 Y21.039 E2.26726
G1 X73.429 Y20.954 E.01411
G1 X73.745 Y20.737 E.01298
G1 X73.937 Y20.466 E.01124
G1 X74.01 Y20.261 E.00737
G1 X74.039 Y20.021 E.00818
G1 X74.039 Y6.039 E.47327
G1 X91.961 Y6.039 E.60664
M73 P34 R7
G1 X91.961 Y20.096 E.47581
G1 X92.063 Y20.466 E.01299
G1 X92.226 Y20.697 E.00957
G1 X92.551 Y20.455 F21000
G1 F4200
G1 X92.734 Y20.581 E.00752
G1 X92.979 Y20.632 E.00847
G1 X160.368 Y20.632 E2.28103
G1 X160.368 Y23.368 E.09261
G1 X5.632 Y23.368 E5.23762
G1 X5.632 Y20.632 E.09261
M73 Q33 S8
G1 X73.021 Y20.632 E2.28103
G1 X73.266 Y20.581 E.00847
G1 X73.456 Y20.451 E.00779
G1 X73.571 Y20.288 E.00675
G1 X73.632 Y20.021 E.00927
G1 X73.632 Y5.632 E.48705
G1 X92.368 Y5.632 E.63419
G1 X92.368 Y20.135 E.49091
G1 X92.519 Y20.405 E.01047
M204 T250
G1 X92.841 Y20.168 F21000
M204 T7000
;TYPE:External perimeter
G1 F3000
G1 X92.979 Y20.225 E.00505
G1 F2999.998
G1 X160.775 Y20.225 E2.29481
G1 X160.775 Y23.775 E.12016
M73 P35 R7
G1 X5.225 Y23.775 E5.26517
G1 X5.225 Y20.225 E.12016
M73 Q34 S8
G1 X73.021 Y20.225 E2.29481
G1 F3000
G1 X73.166 Y20.165 E.00531
G1 X73.225 Y20.021 E.00527
G1 F2999.998
G1 X73.225 Y5.225 E.50083
G1 X92.775 Y5.225 E.66174
G1 X92.775 Y20.021 E.50083
G1 F3000
G1 X92.814 Y20.116 E.00348
G1 E-.16 F2700
;WIPE_START
G1 F16800
G1 X92.841 Y20.168 E-.00895
G1 X92.979 Y20.225 E-.0228
G1 X96.963 Y20.225 E-.60825
;WIPE_END
G1 X85.222 Y21.792 Z1.407 F21000
G1 Z1.2 F720
G1 E.8 F1500
;TYPE:Internal infill
;WIDTH:0.45
G1 F7200
G1 X87.222 Y21.792 E.0677
G1 X86.806 Y22.208 E.01991
G1 X84.951 Y22.208 E.06279
G1 X84.535 Y21.792 E.01991
G1 X81.465 Y21.792 E.10392
G1 X81.049 Y22.208 E.01991
G1 X79.194 Y22.208 E.06279
G1 X78.778 Y21.792 E.01991
G1 X80.778 Y21.792 E.0677
G1 E-.16 F2700
;WIPE_START
G1 F16800
G1 X78.778 Y21.792 E-.30536
G1 X79.194 Y22.208 E-.08982
G1 X80.798 Y22.208 E-.24482
;WIPE_END
G1 X51.77 Y22.043 Z1.707 F21000
G1 X49.632 Y22.031 Z1.74
G1 X47.494 Y22.019 Z1.766
G1 X45.355 Y22.006 Z1.785
G1 X41.079 Y21.982 Z1.8
G1 X7.695 Y21.792
G1 Z1.2 F720
G1 E.8 F1500
G1 F7200
G1 X9.695 Y21.792 E.0677
G1 X10.11 Y22.208 E.01989
G1 X11.966 Y22.208 E.06282
G1 X12.381 Y21.792 E.01989
G1 X15.452 Y21.792 E.10395
G1 X15.867 Y22.208 E.01989
G1 X17.722 Y22.208 E.06279
G1 X18.138 Y21.792 E.01991
G1 X21.209 Y21.792 E.10395
G1 X21.624 Y22.208 E.01989
G1 X23.479 Y22.208 E.06279
G1 X23.895 Y21.792 E.01991
G1 X26.966 Y21.792 E.10395
G1 X27.381 Y22.208 E.01989
G1 X29.236 Y22.208 E.06279
G1 X29.652 Y21.792 E.01991
M73 P36 R7
G1 X32.723 Y21.792 E.10395
G1 X33.138 Y22.208 E.01989
G1 X34.993 Y22.208 E.06279
G1 X35.409 Y21.792 E.01991
G1 X38.479 Y21.792 E.10392
G1 X38.895 Y22.208 E.01991
G1 X40.75 Y22.208 E.06279
G1 X41.166 Y21.792 E.01991
G1 X44.236 Y21.792 E.10392
G1 X44.652 Y22.208 E.01991
G1 X46.507 Y22.208 E.06279
G1 X46.923 Y21.792 E.01991
G1 X49.993 Y21.792 E.10392
G1 X50.409 Y22.208 E.01991
G1 X52.264 Y22.208 E.06279
G1 X52.68 Y21.792 E.01991
G1 X55.75 Y21.792 E.10392
G1 X56.166 Y22.208 E.01991
G1 X58.021 Y22.208 E.06279
G1 X58.437 Y21.792 E.01991
G1 X61.507 Y21.792 E.10392
G1 X61.923 Y22.208 E.01991
G1 X63.778 Y22.208 E.06279
G1 X64.194 Y21.792 E.01991
G1 X67.264 Y21.792 E.10392
G1 X67.68 Y22.208 E.01991
G1 X69.535 Y22.208 E.06279
G1 X69.951 Y21.792 E.01991
G1 X73.021 Y21.792 E.10392
G1 X73.437 Y22.208 E.01991
G1 X75.292 Y22.208 E.06279
G1 X76.517 Y20.983 E.05864
G1 X76.386 Y20.799 E.00765
G1 X76.258 Y20.441 E.01287
G1 X76.208 Y20.025 E.01418
G1 X76.208 Y19.222 E.02718
G1 X74.787 Y17.801 E.06802
G1 X74.788 Y16.955 E.02864
G1 X76.208 Y15.535 E.06797
G1 X76.208 Y13.465 E.07007
G1 X74.79 Y12.047 E.06788
G1 X74.79 Y11.196 E.02881
G1 X76.208 Y9.778 E.06788
G1 X76.208 Y8.969 E.02738
G1 X76.267 Y8.52 E.01533
G1 X76.438 Y8.103 E.01526
G1 X76.511 Y8.011 E.00398
G1 X75.292 Y6.792 E.05835
G1 X74.792 Y6.792 E.01692
G1 X74.792 Y8.292 E.05077
G1 E-.16 F2700
;WIPE_START
G1 F16800
G1 X74.792 Y6.792 E-.22902
G1 X75.292 Y6.792 E-.07634
G1 X76.511 Y8.011 E-.26321
G1 X76.438 Y8.103 E-.01793
G1 X76.305 Y8.427 E-.0535
;WIPE_END
G1 X80.778 Y7.208 Z1.281 F21000
G1 Z1.2 F720
G1 E.8 F1500
G1 F7200
G1 X78.778 Y7.208 E.0677
G1 X79.194 Y6.792 E.01991
G1 X81.049 Y6.792 E.06279
G1 X81.465 Y7.208 E.01991
G1 X84.535 Y7.208 E.10392
G1 X84.951 Y6.792 E.01991
G1 X86.806 Y6.792 E.06279
G1 X87.222 Y7.208 E.01991
G1 X85.222 Y7.208 E.0677
G1 E-.16 F2700
;WIPE_START
G1 F16800
G1 X87.222 Y7.208 E-.30536
G1 X86.806 Y6.792 E-.08982
G1 X85.202 Y6.792 E-.24482
;WIPE_END
G1 X91.208 Y8.292 Z1.308 F21000
G1 Z1.2 F720
G1 E.8 F1500
G1 F7200
M73 Q35 S8
G1 X91.208 Y6.792 E.05077
G1 X90.708 Y6.792 E.01692
G1 X89.489 Y8.011 E.05835
G1 X89.562 Y8.103 E.00398
G1 X89.733 Y8.52 E.01526
G1 X89.792 Y8.969 E.01533
G1 X89.792 Y9.778 E.02738
G1 X91.208 Y11.194 E.06778
G1 X91.208 Y12.049 E.02894
G1 X89.792 Y13.465 E.06778
G1 X89.792 Y15.535 E.07007
G1 X91.208 Y16.951 E.06778
G1 X91.208 Y17.806 E.02894
G1 X89.792 Y19.222 E.06778
G1 X89.792 Y20.025 E.02718
G1 X89.742 Y20.441 E.01418
G1 X89.614 Y20.799 E.01287
G1 X89.483 Y20.983 E.00765
G1 X90.708 Y22.208 E.05864
G1 X92.563 Y22.208 E.06279
G1 X92.979 Y21.792 E.01991
G1 X96.049 Y21.792 E.10392
G1 X96.465 Y22.208 E.01991
G1 X98.32 Y22.208 E.06279
G1 X98.736 Y21.792 E.01991
G1 X101.806 Y21.792 E.10392
G1 X102.222 Y22.208 E.01991
G1 X104.077 Y22.208 E.06279
G1 X104.493 Y21.792 E.01991
G1 X107.563 Y21.792 E.10392
G1 X107.979 Y22.208 E.01991
G1 X109.834 Y22.208 E.06279
G1 X110.25 Y21.792 E.01991
G1 X113.32 Y21.792 E.10392
G1 X113.736 Y22.208 E.01991
G1 X115.591 Y22.208 E.06279
G1 X116.007 Y21.792 E.01991
G1 X119.077 Y21.792 E.10392
G1 X119.493 Y22.208 E.01991
G1 X121.348 Y22.208 E.06279
G1 X121.764 Y21.792 E.01991
G1 X124.834 Y21.792 E.10392
G1 X125.25 Y22.208 E.01991
G1 X127.105 Y22.208 E.06279
G1 X127.521 Y21.792 E.01991
G1 X130.591 Y21.792 E.10392
G1 X131.007 Y22.208 E.01991
G1 X132.862 Y22.208 E.06279
G1 X133.278 Y21.792 E.01991
G1 X136.348 Y21.792 E.10392
G1 X136.764 Y22.208 E.01991
G1 X138.619 Y22.208 E.06279
G1 X139.034 Y21.792 E.01989
G1 X142.105 Y21.792 E.10395
G1 X142.521 Y22.208 E.01991
G1 X144.376 Y22.208 E.06279
G1 X144.791 Y21.792 E.01989
G1 X147.862 Y21.792 E.10395
G1 X148.277 Y22.208 E.01989
G1 X150.133 Y22.208 E.06282
G1 X150.548 Y21.792 E.01989
G1 X153.619 Y21.792 E.10395
G1 X154.034 Y22.208 E.01989
G1 X155.89 Y22.208 E.06282
G1 X156.305 Y21.792 E.01989
G1 X158.305 Y21.792 E.0677
;LAYER_CHANGE
;Z:1.4
;HEIGHT:0.2
;BEFORE_LAYER_CHANGE
G92 E0.0
;1.4


G1 E-.16 F2700
;WIPE_START
G1 F16800
G1 X156.305 Y21.792 E-.30536
G1 X155.89 Y22.208 E-.08971
G1 X154.286 Y22.208 E-.24493
;WIPE_END
G1 X154.286 Y22.208 Z1.2 F21000
G1 X125.262 Y21.684 Z1.707
G1 X123.124 Y21.646 Z1.74
G1 X120.987 Y21.607 Z1.766
G1 X118.849 Y21.569 Z1.785
G1 X114.573 Y21.491 Z1.8
G1 X89.024 Y21.03 Z1.8
;AFTER_LAYER_CHANGE
;1.4
G1 Z1.4 F720
G1 E.8 F1500
;TYPE:Perimeter
;WIDTH:0.449999
G1 F4200
G1 X88.592 Y21.327 E.01775
G1 X88.197 Y21.446 E.01396
G1 X77.979 Y21.446 E.34587
G1 X77.408 Y21.327 E.01974
G1 X76.965 Y21.023 E.01819
G1 X76.697 Y20.643 E.01574
G1 X76.554 Y20.126 E.01816
G1 X76.554 Y8.979 E.37731
G1 X76.602 Y8.609 E.01263
G1 X76.739 Y8.276 E.01219
G1 X77.017 Y7.928 E.01508
G1 X77.445 Y7.657 E.01715
G1 X77.807 Y7.554 E.01274
G1 X88.021 Y7.554 E.34573
G1 X88.555 Y7.657 E.01841
G1 X88.983 Y7.928 E.01715
G1 X89.261 Y8.276 E.01508
G1 X89.398 Y8.609 E.01219
G1 X89.446 Y8.979 E.01263
G1 X89.446 Y20.021 E.37376
G1 X89.406 Y20.357 E.01145
G1 X89.303 Y20.643 E.01029
G1 X89.062 Y20.985 E.01416
G1 X88.736 Y20.743 F21000
G1 F4200
G1 X88.429 Y20.954 E.01261
G1 X88.021 Y21.039 E.01411
G1 X77.979 Y21.039 E.33991
G1 X77.571 Y20.954 E.01411
G1 X77.255 Y20.737 E.01298
G1 X77.063 Y20.466 E.01124
G1 X76.961 Y20.096 E.01299
G1 X76.961 Y8.979 E.3763
G1 X76.996 Y8.715 E.00901
G1 X77.093 Y8.477 E.0087
G1 X77.291 Y8.228 E.01077
G1 X77.597 Y8.035 E.01225
G1 X77.856 Y7.961 E.00912
G1 X88.021 Y7.961 E.34407
G1 X88.403 Y8.035 E.01317
G1 X88.709 Y8.228 E.01225
G1 X88.907 Y8.477 E.01077
G1 X89.004 Y8.715 E.0087
G1 X89.039 Y8.979 E.00901
G1 X89.039 Y20.021 E.37376
G1 X89.01 Y20.261 E.00818
G1 X88.937 Y20.466 E.00737
G1 X88.774 Y20.697 E.00957
G1 X88.45 Y20.455 F21000
G1 F4200
G1 X88.266 Y20.581 E.00755
G1 X88.021 Y20.632 E.00847
G1 X77.979 Y20.632 E.33991
G1 X77.734 Y20.581 E.00847
G1 X77.544 Y20.451 E.00779
G1 X77.368 Y20.135 E.01224
G1 X77.368 Y8.979 E.37762
G1 X77.447 Y8.678 E.01053
G1 X77.566 Y8.528 E.00648
G1 X77.75 Y8.412 E.00736
G1 X77.905 Y8.368 E.00545
G1 X88.021 Y8.368 E.34241
G1 X88.25 Y8.412 E.00789
G1 X88.434 Y8.528 E.00736
G1 X88.632 Y8.855 E.01294
G1 X88.632 Y20.021 E.37796
G1 X88.571 Y20.288 E.00927
G1 X88.486 Y20.408 E.00498
M204 T250
G1 X88.159 Y20.168 F21000
M204 T7000
;TYPE:External perimeter
G1 F3000
G1 X88.021 Y20.225 E.00505
G1 F2999.998
G1 X77.979 Y20.225 E.33991
G1 F3000
G1 X77.834 Y20.165 E.00531
G1 X77.775 Y20.021 E.00527
G1 F2999.998
G1 X77.775 Y8.979 E.37376
G1 F3000
G1 X77.841 Y8.828 E.00558
G1 X77.954 Y8.775 E.00422
G1 F2999.998
G1 X88.021 Y8.775 E.34076
G1 F3000
G1 X88.159 Y8.828 E.005
G1 X88.225 Y8.979 E.00558
G1 F2999.998
G1 X88.225 Y20.021 E.37376
G1 F3000
G1 X88.186 Y20.116 E.00348
G1 E-.16 F2700
;WIPE_START
G1 F16800
G1 X88.159 Y20.168 E-.00895
G1 X88.021 Y20.225 E-.0228
G1 X84.037 Y20.225 E-.60825
;WIPE_END
G1 X91.977 Y21.031 Z1.539 F21000
G1 Z1.4 F720
M73 P37 R7
G1 E.8 F1500
;TYPE:Perimeter
G1 F4200
G1 X92.408 Y21.327 E.0177
G1 X92.979 Y21.446 E.01974
G1 X159.554 Y21.446 E2.25348
G1 X159.554 Y22.554 E.0375
M73 Q36 S8
G1 X6.446 Y22.554 E5.18252
G1 X6.446 Y21.446 E.0375
G1 X73.197 Y21.446 E2.25944
G1 X73.592 Y21.327 E.01396
G1 X74.035 Y21.023 E.01819
G1 X74.303 Y20.643 E.01574
G1 X74.406 Y20.357 E.01029
G1 X74.446 Y20.021 E.01145
G1 X74.446 Y6.446 E.4595
G1 X91.554 Y6.446 E.57908
G1 X91.554 Y20.126 E.46305
G1 X91.697 Y20.643 E.01816
G1 X91.939 Y20.986 E.01421
G1 X92.264 Y20.743 F21000
G1 F4200
G1 X92.571 Y20.954 E.01261
G1 X92.979 Y21.039 E.01411
G1 X159.961 Y21.039 E2.26726
G1 X159.961 Y22.961 E.06506
G1 X6.039 Y22.961 E5.21007
G1 X6.039 Y21.039 E.06506
M73 P38 R7
G1 X73.021 Y21.039 E2.26726
M73 Q37 S8
G1 X73.429 Y20.954 E.01411
M73 Q37 S7
G1 X73.745 Y20.737 E.01298
G1 X73.937 Y20.466 E.01124
G1 X74.01 Y20.261 E.00737
G1 X74.039 Y20.021 E.00818
G1 X74.039 Y6.039 E.47327
G1 X91.961 Y6.039 E.60664
G1 X91.961 Y20.096 E.47581
G1 X92.063 Y20.466 E.01299
G1 X92.226 Y20.697 E.00957
G1 X92.551 Y20.455 F21000
G1 F4200
G1 X92.734 Y20.581 E.00752
G1 X92.979 Y20.632 E.00847
G1 X160.368 Y20.632 E2.28103
G1 X160.368 Y23.368 E.09261
G1 X5.632 Y23.368 E5.23762
G1 X5.632 Y20.632 E.09261
M73 P38 R6
G1 X73.021 Y20.632 E2.28103
G1 X73.266 Y20.581 E.00847
M73 P39 R6
G1 X73.456 Y20.451 E.00779
G1 X73.571 Y20.288 E.00675
G1 X73.632 Y20.021 E.00927
G1 X73.632 Y5.632 E.48705
G1 X92.368 Y5.632 E.63419
G1 X92.368 Y20.135 E.49091
G1 X92.519 Y20.405 E.01047
M204 T250
G1 X92.841 Y20.168 F21000
M204 T7000
;TYPE:External perimeter
G1 F3000
G1 X92.979 Y20.225 E.00505
G1 F2999.998
G1 X160.775 Y20.225 E2.29481
G1 X160.775 Y23.775 E.12016
M73 Q38 S7
G1 X5.225 Y23.775 E5.26517
G1 X5.225 Y20.225 E.12016
G1 X73.021 Y20.225 E2.29481
G1 F3000
M73 P40 R6
G1 X73.166 Y20.165 E.00531
G1 X73.225 Y20.021 E.00527
G1 F2999.998
G1 X73.225 Y5.225 E.50083
G1 X92.775 Y5.225 E.66174
G1 X92.775 Y20.021 E.50083
G1 F3000
G1 X92.814 Y20.116 E.00348
G1 E-.16 F2700
;WIPE_START
G1 F16800
G1 X92.841 Y20.168 E-.00895
G1 X92.979 Y20.225 E-.0228
G1 X96.963 Y20.225 E-.60825
;WIPE_END
G1 X85.222 Y21.792 Z1.607 F21000
G1 Z1.4 F720
G1 E.8 F1500
;TYPE:Internal infill
;WIDTH:0.45
G1 F7200
G1 X87.222 Y21.792 E.0677
G1 X86.806 Y22.208 E.01991
G1 X84.951 Y22.208 E.06279
G1 X84.535 Y21.792 E.01991
G1 X81.465 Y21.792 E.10392
G1 X81.049 Y22.208 E.01991
G1 X79.194 Y22.208 E.06279
G1 X78.778 Y21.792 E.01991
G1 X80.778 Y21.792 E.0677
G1 E-.16 F2700
;WIPE_START
G1 F16800
G1 X78.778 Y21.792 E-.30536
G1 X79.194 Y22.208 E-.08982
G1 X80.798 Y22.208 E-.24482
;WIPE_END
G1 X51.77 Y22.043 Z1.907 F21000
G1 X49.632 Y22.031 Z1.94
G1 X47.494 Y22.019 Z1.966
G1 X45.355 Y22.006 Z1.985
G1 X41.079 Y21.982 Z2
G1 X7.695 Y21.792
G1 Z1.4 F720
M73 Q39 S7
G1 E.8 F1500
G1 F7200
G1 X9.695 Y21.792 E.0677
G1 X10.11 Y22.208 E.01989
G1 X11.966 Y22.208 E.06282
G1 X12.381 Y21.792 E.01989
G1 X15.452 Y21.792 E.10395
G1 X15.867 Y22.208 E.01989
G1 X17.722 Y22.208 E.06279
G1 X18.138 Y21.792 E.01991
G1 X21.209 Y21.792 E.10395
G1 X21.624 Y22.208 E.01989
G1 X23.479 Y22.208 E.06279
G1 X23.895 Y21.792 E.01991
G1 X26.966 Y21.792 E.10395
G1 X27.381 Y22.208 E.01989
G1 X29.236 Y22.208 E.06279
G1 X29.652 Y21.792 E.01991
G1 X32.723 Y21.792 E.10395
G1 X33.138 Y22.208 E.01989
G1 X34.993 Y22.208 E.06279
G1 X35.409 Y21.792 E.01991
G1 X38.479 Y21.792 E.10392
G1 X38.895 Y22.208 E.01991
G1 X40.75 Y22.208 E.06279
G1 X41.166 Y21.792 E.01991
G1 X44.236 Y21.792 E.10392
G1 X44.652 Y22.208 E.01991
G1 X46.507 Y22.208 E.06279
G1 X46.923 Y21.792 E.01991
G1 X49.993 Y21.792 E.10392
G1 X50.409 Y22.208 E.01991
G1 X52.264 Y22.208 E.06279
G1 X52.68 Y21.792 E.01991
G1 X55.75 Y21.792 E.10392
G1 X56.166 Y22.208 E.01991
G1 X58.021 Y22.208 E.06279
G1 X58.437 Y21.792 E.01991
G1 X61.507 Y21.792 E.10392
G1 X61.923 Y22.208 E.01991
G1 X63.778 Y22.208 E.06279
G1 X64.194 Y21.792 E.01991
G1 X67.264 Y21.792 E.10392
G1 X67.68 Y22.208 E.01991
G1 X69.535 Y22.208 E.06279
G1 X69.951 Y21.792 E.01991
G1 X73.021 Y21.792 E.10392
G1 X73.437 Y22.208 E.01991
G1 X75.292 Y22.208 E.06279
G1 X76.517 Y20.983 E.05864
G1 X76.386 Y20.799 E.00765
G1 X76.258 Y20.441 E.01287
G1 X76.208 Y20.025 E.01418
G1 X76.208 Y19.222 E.02718
G1 X74.787 Y17.801 E.06802
G1 X74.788 Y16.955 E.02864
G1 X76.208 Y15.535 E.06797
G1 X76.208 Y13.465 E.07007
G1 X74.79 Y12.047 E.06788
G1 X74.79 Y11.196 E.02881
G1 X76.208 Y9.778 E.06788
G1 X76.208 Y8.969 E.02738
G1 X76.267 Y8.52 E.01533
G1 X76.438 Y8.103 E.01526
G1 X76.511 Y8.011 E.00398
G1 X75.292 Y6.792 E.05835
G1 X74.792 Y6.792 E.01692
G1 X74.792 Y8.292 E.05077
G1 E-.16 F2700
;WIPE_START
G1 F16800
G1 X74.792 Y6.792 E-.22902
G1 X75.292 Y6.792 E-.07634
G1 X76.511 Y8.011 E-.26321
G1 X76.438 Y8.103 E-.01793
G1 X76.305 Y8.427 E-.0535
;WIPE_END
G1 X80.778 Y7.208 Z1.481 F21000
G1 Z1.4 F720
G1 E.8 F1500
G1 F7200
G1 X78.778 Y7.208 E.0677
G1 X79.194 Y6.792 E.01991
G1 X81.049 Y6.792 E.06279
G1 X81.465 Y7.208 E.01991
G1 X84.535 Y7.208 E.10392
G1 X84.951 Y6.792 E.01991
G1 X86.806 Y6.792 E.06279
G1 X87.222 Y7.208 E.01991
G1 X85.222 Y7.208 E.0677
G1 E-.16 F2700
;WIPE_START
G1 F16800
G1 X87.222 Y7.208 E-.30536
G1 X86.806 Y6.792 E-.08982
G1 X85.202 Y6.792 E-.24482
;WIPE_END
G1 X91.208 Y8.292 Z1.508 F21000
G1 Z1.4 F720
G1 E.8 F1500
G1 F7200
G1 X91.208 Y6.792 E.05077
G1 X90.708 Y6.792 E.01692
G1 X89.489 Y8.011 E.05835
G1 X89.562 Y8.103 E.00398
G1 X89.733 Y8.52 E.01526
G1 X89.792 Y8.969 E.01533
G1 X89.792 Y9.778 E.02738
G1 X91.208 Y11.194 E.06778
G1 X91.208 Y12.049 E.02894
G1 X89.792 Y13.465 E.06778
G1 X89.792 Y15.535 E.07007
G1 X91.208 Y16.951 E.06778
G1 X91.208 Y17.806 E.02894
G1 X89.792 Y19.222 E.06778
G1 X89.792 Y20.025 E.02718
G1 X89.742 Y20.441 E.01418
G1 X89.614 Y20.799 E.01287
G1 X89.483 Y20.983 E.00765
G1 X90.708 Y22.208 E.05864
G1 X92.563 Y22.208 E.06279
G1 X92.979 Y21.792 E.01991
G1 X96.049 Y21.792 E.10392
G1 X96.465 Y22.208 E.01991
G1 X98.32 Y22.208 E.06279
G1 X98.736 Y21.792 E.01991
G1 X101.806 Y21.792 E.10392
G1 X102.222 Y22.208 E.01991
G1 X104.077 Y22.208 E.06279
G1 X104.493 Y21.792 E.01991
G1 X107.563 Y21.792 E.10392
G1 X107.979 Y22.208 E.01991
G1 X109.834 Y22.208 E.06279
G1 X110.25 Y21.792 E.01991
G1 X113.32 Y21.792 E.10392
G1 X113.736 Y22.208 E.01991
G1 X115.591 Y22.208 E.06279
G1 X116.007 Y21.792 E.01991
G1 X119.077 Y21.792 E.10392
G1 X119.493 Y22.208 E.01991
G1 X121.348 Y22.208 E.06279
G1 X121.764 Y21.792 E.01991
G1 X124.834 Y21.792 E.10392
G1 X125.25 Y22.208 E.01991
G1 X127.105 Y22.208 E.06279
G1 X127.521 Y21.792 E.01991
G1 X130.591 Y21.792 E.10392
G1 X131.007 Y22.208 E.01991
G1 X132.862 Y22.208 E.06279
G1 X133.278 Y21.792 E.01991
G1 X136.348 Y21.792 E.10392
G1 X136.764 Y22.208 E.01991
G1 X138.619 Y22.208 E.06279
G1 X139.034 Y21.792 E.01989
G1 X142.105 Y21.792 E.10395
G1 X142.521 Y22.208 E.01991
G1 X144.376 Y22.208 E.06279
G1 X144.791 Y21.792 E.01989
G1 X147.862 Y21.792 E.10395
G1 X148.277 Y22.208 E.01989
G1 X150.133 Y22.208 E.06282
G1 X150.548 Y21.792 E.01989
G1 X153.619 Y21.792 E.10395
G1 X154.034 Y22.208 E.01989
G1 X155.89 Y22.208 E.06282
G1 X156.305 Y21.792 E.01989
G1 X158.305 Y21.792 E.0677
;LAYER_CHANGE
;Z:1.6
;HEIGHT:0.2
;BEFORE_LAYER_CHANGE
G92 E0.0
;1.6


G1 E-.16 F2700
;WIPE_START
G1 F16800
G1 X156.305 Y21.792 E-.30536
G1 X155.89 Y22.208 E-.08971
G1 X154.286 Y22.208 E-.24493
;WIPE_END
G1 X154.286 Y22.208 Z1.4 F21000
G1 X125.262 Y21.684 Z1.907
G1 X123.124 Y21.646 Z1.94
G1 X120.987 Y21.607 Z1.966
G1 X118.849 Y21.569 Z1.985
G1 X114.573 Y21.491 Z2
G1 X89.024 Y21.03 Z2
;AFTER_LAYER_CHANGE
;1.6
G1 Z1.6 F720
G1 E.8 F1500
;TYPE:Perimeter
;WIDTH:0.449999
G1 F4200
G1 X88.592 Y21.327 E.01775
G1 X88.197 Y21.446 E.01396
G1 X77.979 Y21.446 E.34587
G1 X77.408 Y21.327 E.01974
G1 X76.965 Y21.023 E.01819
G1 X76.697 Y20.643 E.01574
G1 X76.554 Y20.126 E.01816
G1 X76.554 Y8.979 E.37731
G1 X76.602 Y8.609 E.01263
G1 X76.739 Y8.276 E.01219
G1 X77.017 Y7.928 E.01508
G1 X77.445 Y7.657 E.01715
G1 X77.807 Y7.554 E.01274
G1 X88.021 Y7.554 E.34573
G1 X88.555 Y7.657 E.01841
G1 X88.983 Y7.928 E.01715
G1 X89.261 Y8.276 E.01508
G1 X89.398 Y8.609 E.01219
G1 X89.446 Y8.979 E.01263
G1 X89.446 Y20.021 E.37376
G1 X89.406 Y20.357 E.01145
M73 P41 R6
M73 Q40 S7
G1 X89.303 Y20.643 E.01029
G1 X89.062 Y20.985 E.01416
G1 X88.736 Y20.743 F21000
G1 F4200
G1 X88.429 Y20.954 E.01261
G1 X88.021 Y21.039 E.01411
G1 X77.979 Y21.039 E.33991
G1 X77.571 Y20.954 E.01411
G1 X77.255 Y20.737 E.01298
G1 X77.063 Y20.466 E.01124
G1 X76.961 Y20.096 E.01299
G1 X76.961 Y8.979 E.3763
G1 X76.996 Y8.715 E.00901
G1 X77.093 Y8.477 E.0087
G1 X77.291 Y8.228 E.01077
G1 X77.597 Y8.035 E.01225
G1 X77.856 Y7.961 E.00912
G1 X88.021 Y7.961 E.34407
G1 X88.403 Y8.035 E.01317
G1 X88.709 Y8.228 E.01225
G1 X88.907 Y8.477 E.01077
G1 X89.004 Y8.715 E.0087
G1 X89.039 Y8.979 E.00901
G1 X89.039 Y20.021 E.37376
G1 X89.01 Y20.261 E.00818
G1 X88.937 Y20.466 E.00737
G1 X88.774 Y20.697 E.00957
G1 X88.45 Y20.455 F21000
G1 F4200
G1 X88.266 Y20.581 E.00755
G1 X88.021 Y20.632 E.00847
G1 X77.979 Y20.632 E.33991
G1 X77.734 Y20.581 E.00847
G1 X77.544 Y20.451 E.00779
G1 X77.368 Y20.135 E.01224
G1 X77.368 Y8.979 E.37762
G1 X77.447 Y8.678 E.01053
G1 X77.566 Y8.528 E.00648
G1 X77.75 Y8.412 E.00736
G1 X77.905 Y8.368 E.00545
G1 X88.021 Y8.368 E.34241
G1 X88.25 Y8.412 E.00789
G1 X88.434 Y8.528 E.00736
G1 X88.632 Y8.855 E.01294
G1 X88.632 Y20.021 E.37796
G1 X88.571 Y20.288 E.00927
G1 X88.486 Y20.408 E.00498
M204 T250
G1 X88.159 Y20.168 F21000
M204 T7000
;TYPE:External perimeter
G1 F3000
G1 X88.021 Y20.225 E.00505
G1 F2999.998
G1 X77.979 Y20.225 E.33991
G1 F3000
G1 X77.834 Y20.165 E.00531
G1 X77.775 Y20.021 E.00527
G1 F2999.998
G1 X77.775 Y8.979 E.37376
G1 F3000
G1 X77.841 Y8.828 E.00558
G1 X77.954 Y8.775 E.00422
G1 F2999.998
G1 X88.021 Y8.775 E.34076
G1 F3000
G1 X88.159 Y8.828 E.005
G1 X88.225 Y8.979 E.00558
G1 F2999.998
G1 X88.225 Y20.021 E.37376
G1 F3000
G1 X88.186 Y20.116 E.00348
G1 E-.16 F2700
;WIPE_START
G1 F16800
G1 X88.159 Y20.168 E-.00895
G1 X88.021 Y20.225 E-.0228
G1 X84.037 Y20.225 E-.60825
;WIPE_END
G1 X91.977 Y21.031 Z1.739 F21000
G1 Z1.6 F720
G1 E.8 F1500
;TYPE:Perimeter
G1 F4200
G1 X92.408 Y21.327 E.0177
G1 X92.979 Y21.446 E.01974
G1 X159.554 Y21.446 E2.25348
G1 X159.554 Y22.554 E.0375
G1 X6.446 Y22.554 E5.18252
G1 X6.446 Y21.446 E.0375
G1 X73.197 Y21.446 E2.25944
G1 X73.592 Y21.327 E.01396
G1 X74.035 Y21.023 E.01819
G1 X74.303 Y20.643 E.01574
G1 X74.406 Y20.357 E.01029
G1 X74.446 Y20.021 E.01145
M73 P42 R6
G1 X74.446 Y6.446 E.4595
G1 X91.554 Y6.446 E.57908
G1 X91.554 Y20.126 E.46305
M73 Q41 S7
G1 X91.697 Y20.643 E.01816
G1 X91.939 Y20.986 E.01421
G1 X92.264 Y20.743 F21000
G1 F4200
G1 X92.571 Y20.954 E.01261
G1 X92.979 Y21.039 E.01411
G1 X159.961 Y21.039 E2.26726
G1 X159.961 Y22.961 E.06506
G1 X6.039 Y22.961 E5.21007
G1 X6.039 Y21.039 E.06506
G1 X73.021 Y21.039 E2.26726
G1 X73.429 Y20.954 E.01411
G1 X73.745 Y20.737 E.01298
G1 X73.937 Y20.466 E.01124
G1 X74.01 Y20.261 E.00737
G1 X74.039 Y20.021 E.00818
G1 X74.039 Y6.039 E.47327
G1 X91.961 Y6.039 E.60664
G1 X91.961 Y20.096 E.47581
G1 X92.063 Y20.466 E.01299
G1 X92.226 Y20.697 E.00957
G1 X92.551 Y20.455 F21000
G1 F4200
G1 X92.734 Y20.581 E.00752
G1 X92.979 Y20.632 E.00847
G1 X160.368 Y20.632 E2.28103
G1 X160.368 Y23.368 E.09261
G1 X5.632 Y23.368 E5.23762
G1 X5.632 Y20.632 E.09261
M73 P43 R6
M73 Q42 S7
G1 X73.021 Y20.632 E2.28103
G1 X73.266 Y20.581 E.00847
G1 X73.456 Y20.451 E.00779
G1 X73.571 Y20.288 E.00675
G1 X73.632 Y20.021 E.00927
G1 X73.632 Y5.632 E.48705
G1 X92.368 Y5.632 E.63419
G1 X92.368 Y20.135 E.49091
G1 X92.519 Y20.405 E.01047
M204 T250
G1 X92.841 Y20.168 F21000
M204 T7000
;TYPE:External perimeter
G1 F3000
G1 X92.979 Y20.225 E.00505
G1 F2999.998
G1 X160.775 Y20.225 E2.29481
G1 X160.775 Y23.775 E.12016
G1 X5.225 Y23.775 E5.26517
G1 X5.225 Y20.225 E.12016
M73 P44 R6
G1 X73.021 Y20.225 E2.29481
G1 F3000
M73 Q43 S7
G1 X73.166 Y20.165 E.00531
G1 X73.225 Y20.021 E.00527
G1 F2999.998
G1 X73.225 Y5.225 E.50083
G1 X92.775 Y5.225 E.66174
G1 X92.775 Y20.021 E.50083
G1 F3000
G1 X92.814 Y20.116 E.00348
G1 E-.16 F2700
;WIPE_START
G1 F16800
G1 X92.841 Y20.168 E-.00895
G1 X92.979 Y20.225 E-.0228
G1 X96.963 Y20.225 E-.60825
;WIPE_END
G1 X85.222 Y21.792 Z1.807 F21000
G1 Z1.6 F720
G1 E.8 F1500
;TYPE:Internal infill
;WIDTH:0.45
G1 F7200
G1 X87.222 Y21.792 E.0677
G1 X86.806 Y22.208 E.01991
G1 X84.951 Y22.208 E.06279
G1 X84.535 Y21.792 E.01991
G1 X81.465 Y21.792 E.10392
G1 X81.049 Y22.208 E.01991
G1 X79.194 Y22.208 E.06279
G1 X78.778 Y21.792 E.01991
G1 X80.778 Y21.792 E.0677
G1 E-.16 F2700
;WIPE_START
G1 F16800
G1 X78.778 Y21.792 E-.30536
G1 X79.194 Y22.208 E-.08982
G1 X80.798 Y22.208 E-.24482
;WIPE_END
G1 X51.77 Y22.043 Z2.107 F21000
G1 X49.632 Y22.031 Z2.14
G1 X47.494 Y22.019 Z2.166
G1 X45.355 Y22.006 Z2.185
G1 X41.079 Y21.982 Z2.2
G1 X7.695 Y21.792
G1 Z1.6 F720
G1 E.8 F1500
G1 F7200
G1 X9.695 Y21.792 E.0677
G1 X10.11 Y22.208 E.01989
G1 X11.966 Y22.208 E.06282
G1 X12.381 Y21.792 E.01989
G1 X15.452 Y21.792 E.10395
G1 X15.867 Y22.208 E.01989
G1 X17.722 Y22.208 E.06279
G1 X18.138 Y21.792 E.01991
G1 X21.209 Y21.792 E.10395
G1 X21.624 Y22.208 E.01989
G1 X23.479 Y22.208 E.06279
G1 X23.895 Y21.792 E.01991
G1 X26.966 Y21.792 E.10395
G1 X27.381 Y22.208 E.01989
G1 X29.236 Y22.208 E.06279
G1 X29.652 Y21.792 E.01991
G1 X32.723 Y21.792 E.10395
G1 X33.138 Y22.208 E.01989
G1 X34.993 Y22.208 E.06279
G1 X35.409 Y21.792 E.01991
G1 X38.479 Y21.792 E.10392
G1 X38.895 Y22.208 E.01991
G1 X40.75 Y22.208 E.06279
G1 X41.166 Y21.792 E.01991
G1 X44.236 Y21.792 E.10392
G1 X44.652 Y22.208 E.01991
G1 X46.507 Y22.208 E.06279
G1 X46.923 Y21.792 E.01991
G1 X49.993 Y21.792 E.10392
G1 X50.409 Y22.208 E.01991
G1 X52.264 Y22.208 E.06279
G1 X52.68 Y21.792 E.01991
G1 X55.75 Y21.792 E.10392
G1 X56.166 Y22.208 E.01991
G1 X58.021 Y22.208 E.06279
G1 X58.437 Y21.792 E.01991
G1 X61.507 Y21.792 E.10392
G1 X61.923 Y22.208 E.01991
G1 X63.778 Y22.208 E.06279
G1 X64.194 Y21.792 E.01991
G1 X67.264 Y21.792 E.10392
G1 X67.68 Y22.208 E.01991
G1 X69.535 Y22.208 E.06279
G1 X69.951 Y21.792 E.01991
G1 X73.021 Y21.792 E.10392
G1 X73.437 Y22.208 E.01991
G1 X75.292 Y22.208 E.06279
G1 X76.517 Y20.983 E.05864
G1 X76.386 Y20.799 E.00765
G1 X76.258 Y20.441 E.01287
G1 X76.208 Y20.025 E.01418
G1 X76.208 Y19.222 E.02718
G1 X74.787 Y17.801 E.06802
G1 X74.788 Y16.955 E.02864
G1 X76.208 Y15.535 E.06797
G1 X76.208 Y13.465 E.07007
G1 X74.79 Y12.047 E.06788
G1 X74.79 Y11.196 E.02881
G1 X76.208 Y9.778 E.06788
G1 X76.208 Y8.969 E.02738
G1 X76.267 Y8.52 E.01533
G1 X76.438 Y8.103 E.01526
G1 X76.511 Y8.011 E.00398
G1 X75.292 Y6.792 E.05835
G1 X74.792 Y6.792 E.01692
G1 X74.792 Y8.292 E.05077
G1 E-.16 F2700
;WIPE_START
G1 F16800
G1 X74.792 Y6.792 E-.22902
G1 X75.292 Y6.792 E-.07634
G1 X76.511 Y8.011 E-.26321
G1 X76.438 Y8.103 E-.01793
G1 X76.305 Y8.427 E-.0535
;WIPE_END
G1 X80.778 Y7.208 Z1.681 F21000
G1 Z1.6 F720
G1 E.8 F1500
G1 F7200
G1 X78.778 Y7.208 E.0677
G1 X79.194 Y6.792 E.01991
G1 X81.049 Y6.792 E.06279
G1 X81.465 Y7.208 E.01991
G1 X84.535 Y7.208 E.10392
G1 X84.951 Y6.792 E.01991
G1 X86.806 Y6.792 E.06279
G1 X87.222 Y7.208 E.01991
G1 X85.222 Y7.208 E.0677
G1 E-.16 F2700
;WIPE_START
G1 F16800
G1 X87.222 Y7.208 E-.30536
G1 X86.806 Y6.792 E-.08982
G1 X85.202 Y6.792 E-.24482
;WIPE_END
G1 X91.208 Y8.292 Z1.708 F21000
G1 Z1.6 F720
G1 E.8 F1500
G1 F7200
M73 P45 R6
G1 X91.208 Y6.792 E.05077
G1 X90.708 Y6.792 E.01692
G1 X89.489 Y8.011 E.05835
G1 X89.562 Y8.103 E.00398
G1 X89.733 Y8.52 E.01526
G1 X89.792 Y8.969 E.01533
G1 X89.792 Y9.778 E.02738
G1 X91.208 Y11.194 E.06778
G1 X91.208 Y12.049 E.02894
G1 X89.792 Y13.465 E.06778
G1 X89.792 Y15.535 E.07007
G1 X91.208 Y16.951 E.06778
G1 X91.208 Y17.806 E.02894
M73 Q44 S7
G1 X89.792 Y19.222 E.06778
G1 X89.792 Y20.025 E.02718
G1 X89.742 Y20.441 E.01418
G1 X89.614 Y20.799 E.01287
G1 X89.483 Y20.983 E.00765
G1 X90.708 Y22.208 E.05864
G1 X92.563 Y22.208 E.06279
G1 X92.979 Y21.792 E.01991
G1 X96.049 Y21.792 E.10392
G1 X96.465 Y22.208 E.01991
G1 X98.32 Y22.208 E.06279
G1 X98.736 Y21.792 E.01991
G1 X101.806 Y21.792 E.10392
G1 X102.222 Y22.208 E.01991
G1 X104.077 Y22.208 E.06279
G1 X104.493 Y21.792 E.01991
G1 X107.563 Y21.792 E.10392
G1 X107.979 Y22.208 E.01991
G1 X109.834 Y22.208 E.06279
G1 X110.25 Y21.792 E.01991
G1 X113.32 Y21.792 E.10392
G1 X113.736 Y22.208 E.01991
G1 X115.591 Y22.208 E.06279
G1 X116.007 Y21.792 E.01991
G1 X119.077 Y21.792 E.10392
G1 X119.493 Y22.208 E.01991
G1 X121.348 Y22.208 E.06279
G1 X121.764 Y21.792 E.01991
G1 X124.834 Y21.792 E.10392
G1 X125.25 Y22.208 E.01991
G1 X127.105 Y22.208 E.06279
G1 X127.521 Y21.792 E.01991
G1 X130.591 Y21.792 E.10392
G1 X131.007 Y22.208 E.01991
G1 X132.862 Y22.208 E.06279
G1 X133.278 Y21.792 E.01991
G1 X136.348 Y21.792 E.10392
G1 X136.764 Y22.208 E.01991
G1 X138.619 Y22.208 E.06279
G1 X139.034 Y21.792 E.01989
G1 X142.105 Y21.792 E.10395
G1 X142.521 Y22.208 E.01991
G1 X144.376 Y22.208 E.06279
G1 X144.791 Y21.792 E.01989
G1 X147.862 Y21.792 E.10395
G1 X148.277 Y22.208 E.01989
G1 X150.133 Y22.208 E.06282
G1 X150.548 Y21.792 E.01989
G1 X153.619 Y21.792 E.10395
G1 X154.034 Y22.208 E.01989
G1 X155.89 Y22.208 E.06282
G1 X156.305 Y21.792 E.01989
G1 X158.305 Y21.792 E.0677
;LAYER_CHANGE
;Z:1.8
;HEIGHT:0.2
;BEFORE_LAYER_CHANGE
G92 E0.0
;1.8


G1 E-.16 F2700
;WIPE_START
G1 F16800
G1 X156.305 Y21.792 E-.30536
G1 X155.89 Y22.208 E-.08971
G1 X154.286 Y22.208 E-.24493
;WIPE_END
G1 X154.286 Y22.208 Z1.6 F21000
G1 X125.262 Y21.684 Z2.107
G1 X123.124 Y21.646 Z2.14
G1 X120.987 Y21.607 Z2.166
G1 X118.849 Y21.569 Z2.185
G1 X114.573 Y21.491 Z2.2
G1 X89.024 Y21.03 Z2.2
;AFTER_LAYER_CHANGE
;1.8
G1 Z1.8 F720
G1 E.8 F1500
;TYPE:Perimeter
;WIDTH:0.449999
G1 F4200
G1 X88.592 Y21.327 E.01775
G1 X88.197 Y21.446 E.01396
G1 X77.979 Y21.446 E.34587
G1 X77.408 Y21.327 E.01974
G1 X76.965 Y21.023 E.01819
G1 X76.697 Y20.643 E.01574
G1 X76.554 Y20.126 E.01816
G1 X76.554 Y8.979 E.37731
G1 X76.602 Y8.609 E.01263
G1 X76.739 Y8.276 E.01219
G1 X77.017 Y7.928 E.01508
G1 X77.445 Y7.657 E.01715
G1 X77.807 Y7.554 E.01274
G1 X88.021 Y7.554 E.34573
G1 X88.555 Y7.657 E.01841
G1 X88.983 Y7.928 E.01715
G1 X89.261 Y8.276 E.01508
G1 X89.398 Y8.609 E.01219
G1 X89.446 Y8.979 E.01263
G1 X89.446 Y20.021 E.37376
G1 X89.406 Y20.357 E.01145
G1 X89.303 Y20.643 E.01029
G1 X89.062 Y20.985 E.01416
G1 X88.736 Y20.743 F21000
G1 F4200
G1 X88.429 Y20.954 E.01261
G1 X88.021 Y21.039 E.01411
G1 X77.979 Y21.039 E.33991
G1 X77.571 Y20.954 E.01411
G1 X77.255 Y20.737 E.01298
G1 X77.063 Y20.466 E.01124
G1 X76.961 Y20.096 E.01299
G1 X76.961 Y8.979 E.3763
G1 X76.996 Y8.715 E.00901
G1 X77.093 Y8.477 E.0087
G1 X77.291 Y8.228 E.01077
G1 X77.597 Y8.035 E.01225
G1 X77.856 Y7.961 E.00912
G1 X88.021 Y7.961 E.34407
G1 X88.403 Y8.035 E.01317
G1 X88.709 Y8.228 E.01225
G1 X88.907 Y8.477 E.01077
G1 X89.004 Y8.715 E.0087
G1 X89.039 Y8.979 E.00901
G1 X89.039 Y20.021 E.37376
G1 X89.01 Y20.261 E.00818
G1 X88.937 Y20.466 E.00737
G1 X88.774 Y20.697 E.00957
G1 X88.45 Y20.455 F21000
G1 F4200
G1 X88.266 Y20.581 E.00755
G1 X88.021 Y20.632 E.00847
G1 X77.979 Y20.632 E.33991
G1 X77.734 Y20.581 E.00847
G1 X77.544 Y20.451 E.00779
G1 X77.368 Y20.135 E.01224
G1 X77.368 Y8.979 E.37762
G1 X77.447 Y8.678 E.01053
G1 X77.566 Y8.528 E.00648
G1 X77.75 Y8.412 E.00736
G1 X77.905 Y8.368 E.00545
G1 X88.021 Y8.368 E.34241
G1 X88.25 Y8.412 E.00789
G1 X88.434 Y8.528 E.00736
G1 X88.632 Y8.855 E.01294
G1 X88.632 Y20.021 E.37796
G1 X88.571 Y20.288 E.00927
G1 X88.486 Y20.408 E.00498
M204 T250
G1 X88.159 Y20.168 F21000
M204 T7000
;TYPE:External perimeter
G1 F3000
G1 X88.021 Y20.225 E.00505
G1 F2999.998
G1 X77.979 Y20.225 E.33991
G1 F3000
G1 X77.834 Y20.165 E.00531
G1 X77.775 Y20.021 E.00527
G1 F2999.998
G1 X77.775 Y8.979 E.37376
G1 F3000
G1 X77.841 Y8.828 E.00558
G1 X77.954 Y8.775 E.00422
G1 F2999.998
G1 X88.021 Y8.775 E.34076
G1 F3000
G1 X88.159 Y8.828 E.005
G1 X88.225 Y8.979 E.00558
G1 F2999.998
G1 X88.225 Y20.021 E.37376
G1 F3000
G1 X88.186 Y20.116 E.00348
G1 E-.16 F2700
;WIPE_START
G1 F16800
G1 X88.159 Y20.168 E-.00895
G1 X88.021 Y20.225 E-.0228
G1 X84.037 Y20.225 E-.60825
;WIPE_END
G1 X91.977 Y21.031 Z1.939 F21000
G1 Z1.8 F720
G1 E.8 F1500
;TYPE:Perimeter
G1 F4200
G1 X92.408 Y21.327 E.0177
G1 X92.979 Y21.446 E.01974
G1 X159.554 Y21.446 E2.25348
G1 X159.554 Y22.554 E.0375
M73 Q44 S6
G1 X6.446 Y22.554 E5.18252
G1 X6.446 Y21.446 E.0375
M73 P46 R6
M73 Q45 S6
G1 X73.197 Y21.446 E2.25944
G1 X73.592 Y21.327 E.01396
G1 X74.035 Y21.023 E.01819
G1 X74.303 Y20.643 E.01574
G1 X74.406 Y20.357 E.01029
G1 X74.446 Y20.021 E.01145
G1 X74.446 Y6.446 E.4595
G1 X91.554 Y6.446 E.57908
G1 X91.554 Y20.126 E.46305
G1 X91.697 Y20.643 E.01816
G1 X91.939 Y20.986 E.01421
G1 X92.264 Y20.743 F21000
G1 F4200
G1 X92.571 Y20.954 E.01261
G1 X92.979 Y21.039 E.01411
G1 X159.961 Y21.039 E2.26726
G1 X159.961 Y22.961 E.06506
G1 X6.039 Y22.961 E5.21007
G1 X6.039 Y21.039 E.06506
G1 X73.021 Y21.039 E2.26726
G1 X73.429 Y20.954 E.01411
M73 P47 R6
M73 Q46 S6
G1 X73.745 Y20.737 E.01298
G1 X73.937 Y20.466 E.01124
G1 X74.01 Y20.261 E.00737
G1 X74.039 Y20.021 E.00818
G1 X74.039 Y6.039 E.47327
G1 X91.961 Y6.039 E.60664
G1 X91.961 Y20.096 E.47581
G1 X92.063 Y20.466 E.01299
G1 X92.226 Y20.697 E.00957
G1 X92.551 Y20.455 F21000
G1 F4200
G1 X92.734 Y20.581 E.00752
G1 X92.979 Y20.632 E.00847
G1 X160.368 Y20.632 E2.28103
G1 X160.368 Y23.368 E.09261
G1 X5.632 Y23.368 E5.23762
G1 X5.632 Y20.632 E.09261
M73 P47 R5
G1 X73.021 Y20.632 E2.28103
G1 X73.266 Y20.581 E.00847
G1 X73.456 Y20.451 E.00779
G1 X73.571 Y20.288 E.00675
G1 X73.632 Y20.021 E.00927
G1 X73.632 Y5.632 E.48705
G1 X92.368 Y5.632 E.63419
G1 X92.368 Y20.135 E.49091
G1 X92.519 Y20.405 E.01047
M204 T250
G1 X92.841 Y20.168 F21000
M204 T7000
;TYPE:External perimeter
G1 F3000
G1 X92.979 Y20.225 E.00505
G1 F2999.998
G1 X160.775 Y20.225 E2.29481
G1 X160.775 Y23.775 E.12016
M73 P48 R5
M73 Q47 S6
G1 X5.225 Y23.775 E5.26517
G1 X5.225 Y20.225 E.12016
G1 X73.021 Y20.225 E2.29481
G1 F3000
G1 X73.166 Y20.165 E.00531
G1 X73.225 Y20.021 E.00527
G1 F2999.998
G1 X73.225 Y5.225 E.50083
G1 X92.775 Y5.225 E.66174
G1 X92.775 Y20.021 E.50083
G1 F3000
G1 X92.814 Y20.116 E.00348
G1 E-.16 F2700
;WIPE_START
G1 F16800
G1 X92.841 Y20.168 E-.00895
G1 X92.979 Y20.225 E-.0228
G1 X96.963 Y20.225 E-.60825
;WIPE_END
G1 X85.222 Y21.792 Z2.007 F21000
G1 Z1.8 F720
G1 E.8 F1500
;TYPE:Internal infill
;WIDTH:0.45
G1 F7200
G1 X87.222 Y21.792 E.0677
G1 X86.806 Y22.208 E.01991
G1 X84.951 Y22.208 E.06279
G1 X84.535 Y21.792 E.01991
G1 X81.465 Y21.792 E.10392
G1 X81.049 Y22.208 E.01991
G1 X79.194 Y22.208 E.06279
G1 X78.778 Y21.792 E.01991
G1 X80.778 Y21.792 E.0677
M73 P49 R5
G1 E-.16 F2700
;WIPE_START
G1 F16800
G1 X78.778 Y21.792 E-.30536
G1 X79.194 Y22.208 E-.08982
G1 X80.798 Y22.208 E-.24482
;WIPE_END
G1 X51.77 Y22.043 Z2.307 F21000
G1 X49.632 Y22.031 Z2.34
G1 X47.494 Y22.019 Z2.366
G1 X45.355 Y22.006 Z2.385
G1 X41.079 Y21.982 Z2.4
G1 X7.695 Y21.792
G1 Z1.8 F720
G1 E.8 F1500
G1 F7200
G1 X9.695 Y21.792 E.0677
G1 X10.11 Y22.208 E.01989
M73 Q48 S6
G1 X11.966 Y22.208 E.06282
G1 X12.381 Y21.792 E.01989
G1 X15.452 Y21.792 E.10395
G1 X15.867 Y22.208 E.01989
G1 X17.722 Y22.208 E.06279
G1 X18.138 Y21.792 E.01991
G1 X21.209 Y21.792 E.10395
G1 X21.624 Y22.208 E.01989
G1 X23.479 Y22.208 E.06279
G1 X23.895 Y21.792 E.01991
G1 X26.966 Y21.792 E.10395
G1 X27.381 Y22.208 E.01989
G1 X29.236 Y22.208 E.06279
G1 X29.652 Y21.792 E.01991
G1 X32.723 Y21.792 E.10395
G1 X33.138 Y22.208 E.01989
G1 X34.993 Y22.208 E.06279
G1 X35.409 Y21.792 E.01991
G1 X38.479 Y21.792 E.10392
G1 X38.895 Y22.208 E.01991
G1 X40.75 Y22.208 E.06279
G1 X41.166 Y21.792 E.01991
G1 X44.236 Y21.792 E.10392
G1 X44.652 Y22.208 E.01991
G1 X46.507 Y22.208 E.06279
G1 X46.923 Y21.792 E.01991
G1 X49.993 Y21.792 E.10392
G1 X50.409 Y22.208 E.01991
G1 X52.264 Y22.208 E.06279
G1 X52.68 Y21.792 E.01991
G1 X55.75 Y21.792 E.10392
G1 X56.166 Y22.208 E.01991
G1 X58.021 Y22.208 E.06279
G1 X58.437 Y21.792 E.01991
G1 X61.507 Y21.792 E.10392
G1 X61.923 Y22.208 E.01991
G1 X63.778 Y22.208 E.06279
G1 X64.194 Y21.792 E.01991
G1 X67.264 Y21.792 E.10392
G1 X67.68 Y22.208 E.01991
G1 X69.535 Y22.208 E.06279
G1 X69.951 Y21.792 E.01991
G1 X73.021 Y21.792 E.10392
G1 X73.437 Y22.208 E.01991
G1 X75.292 Y22.208 E.06279
G1 X76.517 Y20.983 E.05864
G1 X76.386 Y20.799 E.00765
G1 X76.258 Y20.441 E.01287
G1 X76.208 Y20.025 E.01418
G1 X76.208 Y19.222 E.02718
G1 X74.787 Y17.801 E.06802
G1 X74.788 Y16.955 E.02864
G1 X76.208 Y15.535 E.06797
G1 X76.208 Y13.465 E.07007
G1 X74.79 Y12.047 E.06788
G1 X74.79 Y11.196 E.02881
G1 X76.208 Y9.778 E.06788
G1 X76.208 Y8.969 E.02738
G1 X76.267 Y8.52 E.01533
G1 X76.438 Y8.103 E.01526
G1 X76.511 Y8.011 E.00398
G1 X75.292 Y6.792 E.05835
G1 X74.792 Y6.792 E.01692
G1 X74.792 Y8.292 E.05077
G1 E-.16 F2700
;WIPE_START
G1 F16800
G1 X74.792 Y6.792 E-.22902
G1 X75.292 Y6.792 E-.07634
G1 X76.511 Y8.011 E-.26321
G1 X76.438 Y8.103 E-.01793
G1 X76.305 Y8.427 E-.0535
;WIPE_END
G1 X80.778 Y7.208 Z1.881 F21000
G1 Z1.8 F720
G1 E.8 F1500
G1 F7200
G1 X78.778 Y7.208 E.0677
G1 X79.194 Y6.792 E.01991
G1 X81.049 Y6.792 E.06279
G1 X81.465 Y7.208 E.01991
G1 X84.535 Y7.208 E.10392
G1 X84.951 Y6.792 E.01991
G1 X86.806 Y6.792 E.06279
G1 X87.222 Y7.208 E.01991
G1 X85.222 Y7.208 E.0677
G1 E-.16 F2700
;WIPE_START
G1 F16800
G1 X87.222 Y7.208 E-.30536
G1 X86.806 Y6.792 E-.08982
G1 X85.202 Y6.792 E-.24482
;WIPE_END
G1 X91.208 Y8.292 Z1.908 F21000
G1 Z1.8 F720
G1 E.8 F1500
G1 F7200
G1 X91.208 Y6.792 E.05077
G1 X90.708 Y6.792 E.01692
G1 X89.489 Y8.011 E.05835
G1 X89.562 Y8.103 E.00398
G1 X89.733 Y8.52 E.01526
G1 X89.792 Y8.969 E.01533
G1 X89.792 Y9.778 E.02738
G1 X91.208 Y11.194 E.06778
G1 X91.208 Y12.049 E.02894
G1 X89.792 Y13.465 E.06778
G1 X89.792 Y15.535 E.07007
G1 X91.208 Y16.951 E.06778
G1 X91.208 Y17.806 E.02894
G1 X89.792 Y19.222 E.06778
G1 X89.792 Y20.025 E.02718
G1 X89.742 Y20.441 E.01418
G1 X89.614 Y20.799 E.01287
G1 X89.483 Y20.983 E.00765
G1 X90.708 Y22.208 E.05864
G1 X92.563 Y22.208 E.06279
G1 X92.979 Y21.792 E.01991
G1 X96.049 Y21.792 E.10392
G1 X96.465 Y22.208 E.01991
G1 X98.32 Y22.208 E.06279
G1 X98.736 Y21.792 E.01991
G1 X101.806 Y21.792 E.10392
G1 X102.222 Y22.208 E.01991
G1 X104.077 Y22.208 E.06279
G1 X104.493 Y21.792 E.01991
G1 X107.563 Y21.792 E.10392
G1 X107.979 Y22.208 E.01991
G1 X109.834 Y22.208 E.06279
G1 X110.25 Y21.792 E.01991
G1 X113.32 Y21.792 E.10392
G1 X113.736 Y22.208 E.01991
G1 X115.591 Y22.208 E.06279
G1 X116.007 Y21.792 E.01991
G1 X119.077 Y21.792 E.10392
G1 X119.493 Y22.208 E.01991
G1 X121.348 Y22.208 E.06279
G1 X121.764 Y21.792 E.01991
G1 X124.834 Y21.792 E.10392
G1 X125.25 Y22.208 E.01991
G1 X127.105 Y22.208 E.06279
G1 X127.521 Y21.792 E.01991
G1 X130.591 Y21.792 E.10392
G1 X131.007 Y22.208 E.01991
G1 X132.862 Y22.208 E.06279
G1 X133.278 Y21.792 E.01991
G1 X136.348 Y21.792 E.10392
G1 X136.764 Y22.208 E.01991
G1 X138.619 Y22.208 E.06279
G1 X139.034 Y21.792 E.01989
G1 X142.105 Y21.792 E.10395
G1 X142.521 Y22.208 E.01991
G1 X144.376 Y22.208 E.06279
G1 X144.791 Y21.792 E.01989
G1 X147.862 Y21.792 E.10395
G1 X148.277 Y22.208 E.01989
G1 X150.133 Y22.208 E.06282
G1 X150.548 Y21.792 E.01989
G1 X153.619 Y21.792 E.10395
G1 X154.034 Y22.208 E.01989
G1 X155.89 Y22.208 E.06282
G1 X156.305 Y21.792 E.01989
G1 X158.305 Y21.792 E.0677
;LAYER_CHANGE
;Z:2
;HEIGHT:0.2
;BEFORE_LAYER_CHANGE
G92 E0.0
;2


G1 E-.16 F2700
;WIPE_START
G1 F16800
G1 X156.305 Y21.792 E-.30536
G1 X155.89 Y22.208 E-.08971
G1 X154.286 Y22.208 E-.24493
;WIPE_END
G1 X154.286 Y22.208 Z1.8 F21000
G1 X125.262 Y21.684 Z2.307
G1 X123.124 Y21.646 Z2.34
G1 X120.987 Y21.607 Z2.366
G1 X118.849 Y21.569 Z2.385
G1 X114.573 Y21.491 Z2.4
G1 X89.024 Y21.03 Z2.4
;AFTER_LAYER_CHANGE
;2
G1 Z2 F720
G1 E.8 F1500
;TYPE:Perimeter
;WIDTH:0.449999
G1 F4200
G1 X88.592 Y21.327 E.01775
G1 X88.197 Y21.446 E.01396
G1 X77.979 Y21.446 E.34587
G1 X77.408 Y21.327 E.01974
G1 X76.965 Y21.023 E.01819
G1 X76.697 Y20.643 E.01574
G1 X76.554 Y20.126 E.01816
G1 X76.554 Y8.979 E.37731
G1 X76.602 Y8.609 E.01263
G1 X76.739 Y8.276 E.01219
G1 X77.017 Y7.928 E.01508
G1 X77.445 Y7.657 E.01715
G1 X77.807 Y7.554 E.01274
G1 X88.021 Y7.554 E.34573
G1 X88.555 Y7.657 E.01841
G1 X88.983 Y7.928 E.01715
G1 X89.261 Y8.276 E.01508
G1 X89.398 Y8.609 E.01219
G1 X89.446 Y8.979 E.01263
G1 X89.446 Y20.021 E.37376
G1 X89.406 Y20.357 E.01145
G1 X89.303 Y20.643 E.01029
G1 X89.062 Y20.985 E.01416
G1 X88.736 Y20.743 F21000
G1 F4200
G1 X88.429 Y20.954 E.01261
G1 X88.021 Y21.039 E.01411
G1 X77.979 Y21.039 E.33991
G1 X77.571 Y20.954 E.01411
G1 X77.255 Y20.737 E.01298
G1 X77.063 Y20.466 E.01124
G1 X76.961 Y20.096 E.01299
G1 X76.961 Y8.979 E.3763
G1 X76.996 Y8.715 E.00901
M73 Q49 S6
G1 X77.093 Y8.477 E.0087
G1 X77.291 Y8.228 E.01077
G1 X77.597 Y8.035 E.01225
G1 X77.856 Y7.961 E.00912
G1 X88.021 Y7.961 E.34407
G1 X88.403 Y8.035 E.01317
G1 X88.709 Y8.228 E.01225
G1 X88.907 Y8.477 E.01077
G1 X89.004 Y8.715 E.0087
G1 X89.039 Y8.979 E.00901
G1 X89.039 Y20.021 E.37376
G1 X89.01 Y20.261 E.00818
G1 X88.937 Y20.466 E.00737
G1 X88.774 Y20.697 E.00957
G1 X88.45 Y20.455 F21000
G1 F4200
G1 X88.266 Y20.581 E.00755
G1 X88.021 Y20.632 E.00847
G1 X77.979 Y20.632 E.33991
G1 X77.734 Y20.581 E.00847
G1 X77.544 Y20.451 E.00779
G1 X77.368 Y20.135 E.01224
G1 X77.368 Y8.979 E.37762
G1 X77.447 Y8.678 E.01053
G1 X77.566 Y8.528 E.00648
G1 X77.75 Y8.412 E.00736
G1 X77.905 Y8.368 E.00545
G1 X88.021 Y8.368 E.34241
G1 X88.25 Y8.412 E.00789
G1 X88.434 Y8.528 E.00736
G1 X88.632 Y8.855 E.01294
G1 X88.632 Y20.021 E.37796
G1 X88.571 Y20.288 E.00927
G1 X88.486 Y20.408 E.00498
M204 T250
G1 X88.159 Y20.168 F21000
M204 T7000
;TYPE:External perimeter
G1 F3000
G1 X88.021 Y20.225 E.00505
G1 F2999.998
G1 X77.979 Y20.225 E.33991
G1 F3000
M73 P50 R5
G1 X77.834 Y20.165 E.00531
G1 X77.775 Y20.021 E.00527
G1 F2999.998
G1 X77.775 Y8.979 E.37376
G1 F3000
G1 X77.841 Y8.828 E.00558
G1 X77.954 Y8.775 E.00422
G1 F2999.998
G1 X88.021 Y8.775 E.34076
G1 F3000
G1 X88.159 Y8.828 E.005
G1 X88.225 Y8.979 E.00558
G1 F2999.998
G1 X88.225 Y20.021 E.37376
G1 F3000
G1 X88.186 Y20.116 E.00348
G1 E-.16 F2700
;WIPE_START
G1 F16800
G1 X88.159 Y20.168 E-.00895
G1 X88.021 Y20.225 E-.0228
G1 X84.037 Y20.225 E-.60825
;WIPE_END
G1 X91.977 Y21.031 Z2.139 F21000
G1 Z2 F720
G1 E.8 F1500
;TYPE:Perimeter
G1 F4200
G1 X92.408 Y21.327 E.0177
G1 X92.979 Y21.446 E.01974
G1 X159.554 Y21.446 E2.25348
G1 X159.554 Y22.554 E.0375
G1 X6.446 Y22.554 E5.18252
G1 X6.446 Y21.446 E.0375
G1 X73.197 Y21.446 E2.25944
G1 X73.592 Y21.327 E.01396
G1 X74.035 Y21.023 E.01819
G1 X74.303 Y20.643 E.01574
G1 X74.406 Y20.357 E.01029
G1 X74.446 Y20.021 E.01145
G1 X74.446 Y6.446 E.4595
G1 X91.554 Y6.446 E.57908
G1 X91.554 Y20.126 E.46305
G1 X91.697 Y20.643 E.01816
G1 X91.939 Y20.986 E.01421
G1 X92.264 Y20.743 F21000
G1 F4200
G1 X92.571 Y20.954 E.01261
G1 X92.979 Y21.039 E.01411
G1 X159.961 Y21.039 E2.26726
G1 X159.961 Y22.961 E.06506
M73 Q50 S6
G1 X6.039 Y22.961 E5.21007
G1 X6.039 Y21.039 E.06506
M73 P51 R5
G1 X73.021 Y21.039 E2.26726
G1 X73.429 Y20.954 E.01411
G1 X73.745 Y20.737 E.01298
G1 X73.937 Y20.466 E.01124
G1 X74.01 Y20.261 E.00737
G1 X74.039 Y20.021 E.00818
G1 X74.039 Y6.039 E.47327
G1 X91.961 Y6.039 E.60664
G1 X91.961 Y20.096 E.47581
G1 X92.063 Y20.466 E.01299
G1 X92.226 Y20.697 E.00957
G1 X92.551 Y20.455 F21000
G1 F4200
G1 X92.734 Y20.581 E.00752
G1 X92.979 Y20.632 E.00847
G1 X160.368 Y20.632 E2.28103
G1 X160.368 Y23.368 E.09261
G1 X5.632 Y23.368 E5.23762
G1 X5.632 Y20.632 E.09261
M73 P52 R5
M73 Q51 S6
G1 X73.021 Y20.632 E2.28103
G1 X73.266 Y20.581 E.00847
G1 X73.456 Y20.451 E.00779
G1 X73.571 Y20.288 E.00675
G1 X73.632 Y20.021 E.00927
G1 X73.632 Y5.632 E.48705
G1 X92.368 Y5.632 E.63419
G1 X92.368 Y20.135 E.49091
G1 X92.519 Y20.405 E.01047
M204 T250
G1 X92.841 Y20.168 F21000
M204 T7000
;TYPE:External perimeter
G1 F3000
G1 X92.979 Y20.225 E.00505
G1 F2999.998
G1 X160.775 Y20.225 E2.29481
G1 X160.775 Y23.775 E.12016
G1 X5.225 Y23.775 E5.26517
G1 X5.225 Y20.225 E.12016
G1 X73.021 Y20.225 E2.29481
G1 F3000
M73 P53 R5
M73 Q52 S6
G1 X73.166 Y20.165 E.00531
G1 X73.225 Y20.021 E.00527
G1 F2999.998
G1 X73.225 Y5.225 E.50083
G1 X92.775 Y5.225 E.66174
G1 X92.775 Y20.021 E.50083
G1 F3000
G1 X92.814 Y20.116 E.00348
G1 E-.16 F2700
;WIPE_START
G1 F16800
G1 X92.841 Y20.168 E-.00895
G1 X92.979 Y20.225 E-.0228
G1 X96.963 Y20.225 E-.60825
;WIPE_END
G1 X85.222 Y21.792 Z2.207 F21000
G1 Z2 F720
G1 E.8 F1500
;TYPE:Internal infill
;WIDTH:0.45
G1 F7200
G1 X87.222 Y21.792 E.0677
G1 X86.806 Y22.208 E.01991
G1 X84.951 Y22.208 E.06279
G1 X84.535 Y21.792 E.01991
G1 X81.465 Y21.792 E.10392
G1 X81.049 Y22.208 E.01991
G1 X79.194 Y22.208 E.06279
G1 X78.778 Y21.792 E.01991
G1 X80.778 Y21.792 E.0677
G1 E-.16 F2700
;WIPE_START
G1 F16800
G1 X78.778 Y21.792 E-.30536
G1 X79.194 Y22.208 E-.08982
G1 X80.798 Y22.208 E-.24482
;WIPE_END
G1 X51.77 Y22.043 Z2.507 F21000
G1 X49.632 Y22.031 Z2.54
G1 X47.494 Y22.019 Z2.566
G1 X45.355 Y22.006 Z2.585
G1 X41.079 Y21.982 Z2.6
G1 X7.695 Y21.792
G1 Z2 F720
G1 E.8 F1500
G1 F7200
G1 X9.695 Y21.792 E.0677
G1 X10.11 Y22.208 E.01989
G1 X11.966 Y22.208 E.06282
G1 X12.381 Y21.792 E.01989
G1 X15.452 Y21.792 E.10395
G1 X15.867 Y22.208 E.01989
G1 X17.722 Y22.208 E.06279
G1 X18.138 Y21.792 E.01991
G1 X21.209 Y21.792 E.10395
G1 X21.624 Y22.208 E.01989
G1 X23.479 Y22.208 E.06279
G1 X23.895 Y21.792 E.01991
G1 X26.966 Y21.792 E.10395
G1 X27.381 Y22.208 E.01989
G1 X29.236 Y22.208 E.06279
G1 X29.652 Y21.792 E.01991
G1 X32.723 Y21.792 E.10395
G1 X33.138 Y22.208 E.01989
G1 X34.993 Y22.208 E.06279
G1 X35.409 Y21.792 E.01991
G1 X38.479 Y21.792 E.10392
G1 X38.895 Y22.208 E.01991
G1 X40.75 Y22.208 E.06279
G1 X41.166 Y21.792 E.01991
G1 X44.236 Y21.792 E.10392
G1 X44.652 Y22.208 E.01991
G1 X46.507 Y22.208 E.06279
G1 X46.923 Y21.792 E.01991
G1 X49.993 Y21.792 E.10392
G1 X50.409 Y22.208 E.01991
G1 X52.264 Y22.208 E.06279
G1 X52.68 Y21.792 E.01991
G1 X55.75 Y21.792 E.10392
G1 X56.166 Y22.208 E.01991
G1 X58.021 Y22.208 E.06279
G1 X58.437 Y21.792 E.01991
G1 X61.507 Y21.792 E.10392
G1 X61.923 Y22.208 E.01991
G1 X63.778 Y22.208 E.06279
G1 X64.194 Y21.792 E.01991
G1 X67.264 Y21.792 E.10392
G1 X67.68 Y22.208 E.01991
G1 X69.535 Y22.208 E.06279
G1 X69.951 Y21.792 E.01991
G1 X73.021 Y21.792 E.10392
G1 X73.437 Y22.208 E.01991
G1 X75.292 Y22.208 E.06279
G1 X76.517 Y20.983 E.05864
G1 X76.386 Y20.799 E.00765
G1 X76.258 Y20.441 E.01287
G1 X76.208 Y20.025 E.01418
G1 X76.208 Y19.222 E.02718
G1 X74.787 Y17.801 E.06802
G1 X74.788 Y16.955 E.02864
G1 X76.208 Y15.535 E.06797
G1 X76.208 Y13.465 E.07007
G1 X74.79 Y12.047 E.06788
G1 X74.79 Y11.196 E.02881
G1 X76.208 Y9.778 E.06788
G1 X76.208 Y8.969 E.02738
G1 X76.267 Y8.52 E.01533
G1 X76.438 Y8.103 E.01526
G1 X76.511 Y8.011 E.00398
G1 X75.292 Y6.792 E.05835
G1 X74.792 Y6.792 E.01692
G1 X74.792 Y8.292 E.05077
G1 E-.16 F2700
;WIPE_START
G1 F16800
G1 X74.792 Y6.792 E-.22902
G1 X75.292 Y6.792 E-.07634
G1 X76.511 Y8.011 E-.26321
G1 X76.438 Y8.103 E-.01793
G1 X76.305 Y8.427 E-.0535
;WIPE_END
G1 X80.778 Y7.208 Z2.081 F21000
G1 Z2 F720
G1 E.8 F1500
G1 F7200
G1 X78.778 Y7.208 E.0677
G1 X79.194 Y6.792 E.01991
G1 X81.049 Y6.792 E.06279
G1 X81.465 Y7.208 E.01991
G1 X84.535 Y7.208 E.10392
G1 X84.951 Y6.792 E.01991
M73 Q52 S5
G1 X86.806 Y6.792 E.06279
G1 X87.222 Y7.208 E.01991
G1 X85.222 Y7.208 E.0677
G1 E-.16 F2700
;WIPE_START
G1 F16800
G1 X87.222 Y7.208 E-.30536
G1 X86.806 Y6.792 E-.08982
G1 X85.202 Y6.792 E-.24482
;WIPE_END
G1 X91.208 Y8.292 Z2.108 F21000
G1 Z2 F720
G1 E.8 F1500
G1 F7200
G1 X91.208 Y6.792 E.05077
G1 X90.708 Y6.792 E.01692
G1 X89.489 Y8.011 E.05835
G1 X89.562 Y8.103 E.00398
G1 X89.733 Y8.52 E.01526
G1 X89.792 Y8.969 E.01533
G1 X89.792 Y9.778 E.02738
G1 X91.208 Y11.194 E.06778
G1 X91.208 Y12.049 E.02894
G1 X89.792 Y13.465 E.06778
G1 X89.792 Y15.535 E.07007
G1 X91.208 Y16.951 E.06778
G1 X91.208 Y17.806 E.02894
G1 X89.792 Y19.222 E.06778
G1 X89.792 Y20.025 E.02718
G1 X89.742 Y20.441 E.01418
G1 X89.614 Y20.799 E.01287
G1 X89.483 Y20.983 E.00765
G1 X90.708 Y22.208 E.05864
G1 X92.563 Y22.208 E.06279
G1 X92.979 Y21.792 E.01991
G1 X96.049 Y21.792 E.10392
G1 X96.465 Y22.208 E.01991
G1 X98.32 Y22.208 E.06279
G1 X98.736 Y21.792 E.01991
M73 Q53 S5
G1 X101.806 Y21.792 E.10392
G1 X102.222 Y22.208 E.01991
G1 X104.077 Y22.208 E.06279
G1 X104.493 Y21.792 E.01991
G1 X107.563 Y21.792 E.10392
G1 X107.979 Y22.208 E.01991
G1 X109.834 Y22.208 E.06279
G1 X110.25 Y21.792 E.01991
G1 X113.32 Y21.792 E.10392
G1 X113.736 Y22.208 E.01991
G1 X115.591 Y22.208 E.06279
G1 X116.007 Y21.792 E.01991
G1 X119.077 Y21.792 E.10392
G1 X119.493 Y22.208 E.01991
G1 X121.348 Y22.208 E.06279
G1 X121.764 Y21.792 E.01991
G1 X124.834 Y21.792 E.10392
G1 X125.25 Y22.208 E.01991
G1 X127.105 Y22.208 E.06279
G1 X127.521 Y21.792 E.01991
G1 X130.591 Y21.792 E.10392
G1 X131.007 Y22.208 E.01991
G1 X132.862 Y22.208 E.06279
G1 X133.278 Y21.792 E.01991
G1 X136.348 Y21.792 E.10392
G1 X136.764 Y22.208 E.01991
G1 X138.619 Y22.208 E.06279
G1 X139.034 Y21.792 E.01989
G1 X142.105 Y21.792 E.10395
G1 X142.521 Y22.208 E.01991
G1 X144.376 Y22.208 E.06279
G1 X144.791 Y21.792 E.01989
G1 X147.862 Y21.792 E.10395
G1 X148.277 Y22.208 E.01989
G1 X150.133 Y22.208 E.06282
G1 X150.548 Y21.792 E.01989
G1 X153.619 Y21.792 E.10395
G1 X154.034 Y22.208 E.01989
G1 X155.89 Y22.208 E.06282
G1 X156.305 Y21.792 E.01989
G1 X158.305 Y21.792 E.0677
;LAYER_CHANGE
;Z:2.2
;HEIGHT:0.2
;BEFORE_LAYER_CHANGE
G92 E0.0
;2.2


G1 E-.16 F2700
;WIPE_START
G1 F16800
G1 X156.305 Y21.792 E-.30536
G1 X155.89 Y22.208 E-.08971
G1 X154.286 Y22.208 E-.24493
;WIPE_END
G1 X154.286 Y22.208 Z2 F21000
G1 X125.262 Y21.684 Z2.507
G1 X123.124 Y21.646 Z2.54
G1 X120.987 Y21.607 Z2.566
G1 X118.849 Y21.569 Z2.585
G1 X114.573 Y21.491 Z2.6
G1 X89.024 Y21.03 Z2.6
;AFTER_LAYER_CHANGE
;2.2
G1 Z2.2 F720
M73 P54 R5
G1 E.8 F1500
;TYPE:Perimeter
;WIDTH:0.449999
G1 F4200
G1 X88.592 Y21.327 E.01775
G1 X88.197 Y21.446 E.01396
G1 X77.979 Y21.446 E.34587
G1 X77.408 Y21.327 E.01974
G1 X76.965 Y21.023 E.01819
G1 X76.697 Y20.643 E.01574
G1 X76.554 Y20.126 E.01816
G1 X76.554 Y8.979 E.37731
G1 X76.602 Y8.609 E.01263
G1 X76.739 Y8.276 E.01219
G1 X77.017 Y7.928 E.01508
G1 X77.445 Y7.657 E.01715
G1 X77.807 Y7.554 E.01274
G1 X88.021 Y7.554 E.34573
G1 X88.555 Y7.657 E.01841
G1 X88.983 Y7.928 E.01715
G1 X89.261 Y8.276 E.01508
G1 X89.398 Y8.609 E.01219
G1 X89.446 Y8.979 E.01263
G1 X89.446 Y20.021 E.37376
G1 X89.406 Y20.357 E.01145
G1 X89.303 Y20.643 E.01029
G1 X89.062 Y20.985 E.01416
G1 X88.736 Y20.743 F21000
G1 F4200
G1 X88.429 Y20.954 E.01261
G1 X88.021 Y21.039 E.01411
G1 X77.979 Y21.039 E.33991
G1 X77.571 Y20.954 E.01411
G1 X77.255 Y20.737 E.01298
G1 X77.063 Y20.466 E.01124
G1 X76.961 Y20.096 E.01299
G1 X76.961 Y8.979 E.3763
G1 X76.996 Y8.715 E.00901
G1 X77.093 Y8.477 E.0087
G1 X77.291 Y8.228 E.01077
G1 X77.597 Y8.035 E.01225
G1 X77.856 Y7.961 E.00912
G1 X88.021 Y7.961 E.34407
G1 X88.403 Y8.035 E.01317
G1 X88.709 Y8.228 E.01225
G1 X88.907 Y8.477 E.01077
G1 X89.004 Y8.715 E.0087
G1 X89.039 Y8.979 E.00901
G1 X89.039 Y20.021 E.37376
G1 X89.01 Y20.261 E.00818
G1 X88.937 Y20.466 E.00737
G1 X88.774 Y20.697 E.00957
G1 X88.45 Y20.455 F21000
G1 F4200
G1 X88.266 Y20.581 E.00755
G1 X88.021 Y20.632 E.00847
G1 X77.979 Y20.632 E.33991
G1 X77.734 Y20.581 E.00847
G1 X77.544 Y20.451 E.00779
G1 X77.368 Y20.135 E.01224
G1 X77.368 Y8.979 E.37762
G1 X77.447 Y8.678 E.01053
G1 X77.566 Y8.528 E.00648
G1 X77.75 Y8.412 E.00736
G1 X77.905 Y8.368 E.00545
G1 X88.021 Y8.368 E.34241
G1 X88.25 Y8.412 E.00789
G1 X88.434 Y8.528 E.00736
G1 X88.632 Y8.855 E.01294
G1 X88.632 Y20.021 E.37796
G1 X88.571 Y20.288 E.00927
G1 X88.486 Y20.408 E.00498
M204 T250
G1 X88.159 Y20.168 F21000
M204 T7000
;TYPE:External perimeter
G1 F3000
G1 X88.021 Y20.225 E.00505
G1 F2999.998
G1 X77.979 Y20.225 E.33991
G1 F3000
G1 X77.834 Y20.165 E.00531
G1 X77.775 Y20.021 E.00527
G1 F2999.998
G1 X77.775 Y8.979 E.37376
G1 F3000
G1 X77.841 Y8.828 E.00558
G1 X77.954 Y8.775 E.00422
G1 F2999.998
G1 X88.021 Y8.775 E.34076
G1 F3000
G1 X88.159 Y8.828 E.005
G1 X88.225 Y8.979 E.00558
G1 F2999.998
G1 X88.225 Y20.021 E.37376
G1 F3000
G1 X88.186 Y20.116 E.00348
G1 E-.16 F2700
;WIPE_START
G1 F16800
G1 X88.159 Y20.168 E-.00895
G1 X88.021 Y20.225 E-.0228
G1 X84.037 Y20.225 E-.60825
;WIPE_END
G1 X91.977 Y21.031 Z2.339 F21000
G1 Z2.2 F720
G1 E.8 F1500
;TYPE:Perimeter
G1 F4200
G1 X92.408 Y21.327 E.0177
G1 X92.979 Y21.446 E.01974
G1 X159.554 Y21.446 E2.25348
G1 X159.554 Y22.554 E.0375
G1 X6.446 Y22.554 E5.18252
G1 X6.446 Y21.446 E.0375
M73 Q54 S5
G1 X73.197 Y21.446 E2.25944
G1 X73.592 Y21.327 E.01396
M73 P55 R5
G1 X74.035 Y21.023 E.01819
G1 X74.303 Y20.643 E.01574
G1 X74.406 Y20.357 E.01029
G1 X74.446 Y20.021 E.01145
G1 X74.446 Y6.446 E.4595
G1 X91.554 Y6.446 E.57908
G1 X91.554 Y20.126 E.46305
G1 X91.697 Y20.643 E.01816
G1 X91.939 Y20.986 E.01421
G1 X92.264 Y20.743 F21000
G1 F4200
G1 X92.571 Y20.954 E.01261
G1 X92.979 Y21.039 E.01411
G1 X159.961 Y21.039 E2.26726
G1 X159.961 Y22.961 E.06506
G1 X6.039 Y22.961 E5.21007
G1 X6.039 Y21.039 E.06506
G1 X73.021 Y21.039 E2.26726
G1 X73.429 Y20.954 E.01411
M73 Q55 S5
G1 X73.745 Y20.737 E.01298
G1 X73.937 Y20.466 E.01124
G1 X74.01 Y20.261 E.00737
G1 X74.039 Y20.021 E.00818
G1 X74.039 Y6.039 E.47327
G1 X91.961 Y6.039 E.60664
G1 X91.961 Y20.096 E.47581
G1 X92.063 Y20.466 E.01299
G1 X92.226 Y20.697 E.00957
G1 X92.551 Y20.455 F21000
G1 F4200
G1 X92.734 Y20.581 E.00752
G1 X92.979 Y20.632 E.00847
G1 X160.368 Y20.632 E2.28103
G1 X160.368 Y23.368 E.09261
M73 P56 R5
G1 X5.632 Y23.368 E5.23762
G1 X5.632 Y20.632 E.09261
M73 P56 R4
G1 X73.021 Y20.632 E2.28103
G1 X73.266 Y20.581 E.00847
G1 X73.456 Y20.451 E.00779
G1 X73.571 Y20.288 E.00675
G1 X73.632 Y20.021 E.00927
G1 X73.632 Y5.632 E.48705
G1 X92.368 Y5.632 E.63419
G1 X92.368 Y20.135 E.49091
G1 X92.519 Y20.405 E.01047
M204 T250
G1 X92.841 Y20.168 F21000
M204 T7000
;TYPE:External perimeter
G1 F3000
G1 X92.979 Y20.225 E.00505
G1 F2999.998
G1 X160.775 Y20.225 E2.29481
G1 X160.775 Y23.775 E.12016
G1 X5.225 Y23.775 E5.26517
M73 Q56 S5
G1 X5.225 Y20.225 E.12016
M73 P57 R4
G1 X73.021 Y20.225 E2.29481
G1 F3000
G1 X73.166 Y20.165 E.00531
G1 X73.225 Y20.021 E.00527
G1 F2999.998
G1 X73.225 Y5.225 E.50083
G1 X92.775 Y5.225 E.66174
G1 X92.775 Y20.021 E.50083
G1 F3000
G1 X92.814 Y20.116 E.00348
G1 E-.16 F2700
;WIPE_START
G1 F16800
G1 X92.841 Y20.168 E-.00895
G1 X92.979 Y20.225 E-.0228
G1 X96.963 Y20.225 E-.60825
;WIPE_END
G1 X85.222 Y21.792 Z2.407 F21000
G1 Z2.2 F720
G1 E.8 F1500
;TYPE:Internal infill
;WIDTH:0.45
G1 F7200
G1 X87.222 Y21.792 E.0677
G1 X86.806 Y22.208 E.01991
G1 X84.951 Y22.208 E.06279
G1 X84.535 Y21.792 E.01991
G1 X81.465 Y21.792 E.10392
G1 X81.049 Y22.208 E.01991
G1 X79.194 Y22.208 E.06279
G1 X78.778 Y21.792 E.01991
G1 X80.778 Y21.792 E.0677
G1 E-.16 F2700
;WIPE_START
G1 F16800
G1 X78.778 Y21.792 E-.30536
G1 X79.194 Y22.208 E-.08982
G1 X80.798 Y22.208 E-.24482
;WIPE_END
G1 X51.77 Y22.043 Z2.707 F21000
G1 X49.632 Y22.031 Z2.74
G1 X47.494 Y22.019 Z2.766
G1 X45.355 Y22.006 Z2.785
G1 X41.079 Y21.982 Z2.8
G1 X7.695 Y21.792
G1 Z2.2 F720
G1 E.8 F1500
G1 F7200
G1 X9.695 Y21.792 E.0677
G1 X10.11 Y22.208 E.01989
G1 X11.966 Y22.208 E.06282
G1 X12.381 Y21.792 E.01989
G1 X15.452 Y21.792 E.10395
G1 X15.867 Y22.208 E.01989
G1 X17.722 Y22.208 E.06279
G1 X18.138 Y21.792 E.01991
G1 X21.209 Y21.792 E.10395
G1 X21.624 Y22.208 E.01989
G1 X23.479 Y22.208 E.06279
G1 X23.895 Y21.792 E.01991
M73 Q57 S5
G1 X26.966 Y21.792 E.10395
G1 X27.381 Y22.208 E.01989
G1 X29.236 Y22.208 E.06279
G1 X29.652 Y21.792 E.01991
G1 X32.723 Y21.792 E.10395
G1 X33.138 Y22.208 E.01989
G1 X34.993 Y22.208 E.06279
G1 X35.409 Y21.792 E.01991
G1 X38.479 Y21.792 E.10392
G1 X38.895 Y22.208 E.01991
G1 X40.75 Y22.208 E.06279
G1 X41.166 Y21.792 E.01991
G1 X44.236 Y21.792 E.10392
G1 X44.652 Y22.208 E.01991
G1 X46.507 Y22.208 E.06279
G1 X46.923 Y21.792 E.01991
G1 X49.993 Y21.792 E.10392
G1 X50.409 Y22.208 E.01991
G1 X52.264 Y22.208 E.06279
G1 X52.68 Y21.792 E.01991
G1 X55.75 Y21.792 E.10392
G1 X56.166 Y22.208 E.01991
G1 X58.021 Y22.208 E.06279
G1 X58.437 Y21.792 E.01991
G1 X61.507 Y21.792 E.10392
G1 X61.923 Y22.208 E.01991
G1 X63.778 Y22.208 E.06279
G1 X64.194 Y21.792 E.01991
G1 X67.264 Y21.792 E.10392
G1 X67.68 Y22.208 E.01991
G1 X69.535 Y22.208 E.06279
G1 X69.951 Y21.792 E.01991
G1 X73.021 Y21.792 E.10392
G1 X73.437 Y22.208 E.01991
G1 X75.292 Y22.208 E.06279
G1 X76.517 Y20.983 E.05864
G1 X76.386 Y20.799 E.00765
G1 X76.258 Y20.441 E.01287
G1 X76.208 Y20.025 E.01418
G1 X76.208 Y19.222 E.02718
G1 X74.787 Y17.801 E.06802
G1 X74.788 Y16.955 E.02864
G1 X76.208 Y15.535 E.06797
G1 X76.208 Y13.465 E.07007
M73 P58 R4
G1 X74.79 Y12.047 E.06788
G1 X74.79 Y11.196 E.02881
G1 X76.208 Y9.778 E.06788
G1 X76.208 Y8.969 E.02738
G1 X76.267 Y8.52 E.01533
G1 X76.438 Y8.103 E.01526
G1 X76.511 Y8.011 E.00398
G1 X75.292 Y6.792 E.05835
G1 X74.792 Y6.792 E.01692
G1 X74.792 Y8.292 E.05077
G1 E-.16 F2700
;WIPE_START
G1 F16800
G1 X74.792 Y6.792 E-.22902
G1 X75.292 Y6.792 E-.07634
G1 X76.511 Y8.011 E-.26321
G1 X76.438 Y8.103 E-.01793
G1 X76.305 Y8.427 E-.0535
;WIPE_END
G1 X80.778 Y7.208 Z2.281 F21000
G1 Z2.2 F720
G1 E.8 F1500
G1 F7200
G1 X78.778 Y7.208 E.0677
G1 X79.194 Y6.792 E.01991
G1 X81.049 Y6.792 E.06279
G1 X81.465 Y7.208 E.01991
G1 X84.535 Y7.208 E.10392
G1 X84.951 Y6.792 E.01991
G1 X86.806 Y6.792 E.06279
G1 X87.222 Y7.208 E.01991
G1 X85.222 Y7.208 E.0677
G1 E-.16 F2700
;WIPE_START
G1 F16800
G1 X87.222 Y7.208 E-.30536
G1 X86.806 Y6.792 E-.08982
G1 X85.202 Y6.792 E-.24482
;WIPE_END
G1 X91.208 Y8.292 Z2.308 F21000
G1 Z2.2 F720
G1 E.8 F1500
G1 F7200
G1 X91.208 Y6.792 E.05077
G1 X90.708 Y6.792 E.01692
G1 X89.489 Y8.011 E.05835
G1 X89.562 Y8.103 E.00398
G1 X89.733 Y8.52 E.01526
G1 X89.792 Y8.969 E.01533
G1 X89.792 Y9.778 E.02738
G1 X91.208 Y11.194 E.06778
G1 X91.208 Y12.049 E.02894
G1 X89.792 Y13.465 E.06778
G1 X89.792 Y15.535 E.07007
G1 X91.208 Y16.951 E.06778
G1 X91.208 Y17.806 E.02894
G1 X89.792 Y19.222 E.06778
G1 X89.792 Y20.025 E.02718
G1 X89.742 Y20.441 E.01418
G1 X89.614 Y20.799 E.01287
G1 X89.483 Y20.983 E.00765
G1 X90.708 Y22.208 E.05864
G1 X92.563 Y22.208 E.06279
G1 X92.979 Y21.792 E.01991
G1 X96.049 Y21.792 E.10392
G1 X96.465 Y22.208 E.01991
G1 X98.32 Y22.208 E.06279
G1 X98.736 Y21.792 E.01991
G1 X101.806 Y21.792 E.10392
G1 X102.222 Y22.208 E.01991
G1 X104.077 Y22.208 E.06279
G1 X104.493 Y21.792 E.01991
G1 X107.563 Y21.792 E.10392
G1 X107.979 Y22.208 E.01991
G1 X109.834 Y22.208 E.06279
G1 X110.25 Y21.792 E.01991
G1 X113.32 Y21.792 E.10392
G1 X113.736 Y22.208 E.01991
G1 X115.591 Y22.208 E.06279
G1 X116.007 Y21.792 E.01991
G1 X119.077 Y21.792 E.10392
G1 X119.493 Y22.208 E.01991
G1 X121.348 Y22.208 E.06279
G1 X121.764 Y21.792 E.01991
G1 X124.834 Y21.792 E.10392
G1 X125.25 Y22.208 E.01991
G1 X127.105 Y22.208 E.06279
G1 X127.521 Y21.792 E.01991
G1 X130.591 Y21.792 E.10392
G1 X131.007 Y22.208 E.01991
G1 X132.862 Y22.208 E.06279
G1 X133.278 Y21.792 E.01991
G1 X136.348 Y21.792 E.10392
G1 X136.764 Y22.208 E.01991
G1 X138.619 Y22.208 E.06279
G1 X139.034 Y21.792 E.01989
G1 X142.105 Y21.792 E.10395
G1 X142.521 Y22.208 E.01991
G1 X144.376 Y22.208 E.06279
G1 X144.791 Y21.792 E.01989
G1 X147.862 Y21.792 E.10395
G1 X148.277 Y22.208 E.01989
G1 X150.133 Y22.208 E.06282
G1 X150.548 Y21.792 E.01989
G1 X153.619 Y21.792 E.10395
G1 X154.034 Y22.208 E.01989
G1 X155.89 Y22.208 E.06282
G1 X156.305 Y21.792 E.01989
G1 X158.305 Y21.792 E.0677
;LAYER_CHANGE
;Z:2.4
;HEIGHT:0.2
;BEFORE_LAYER_CHANGE
G92 E0.0
;2.4


G1 E-.16 F2700
;WIPE_START
G1 F16800
G1 X156.305 Y21.792 E-.30536
G1 X155.89 Y22.208 E-.08971
G1 X154.286 Y22.208 E-.24493
;WIPE_END
G1 X154.286 Y22.208 Z2.2 F21000
G1 X125.262 Y21.684 Z2.707
G1 X123.124 Y21.646 Z2.74
G1 X120.987 Y21.607 Z2.766
G1 X118.849 Y21.569 Z2.785
G1 X114.573 Y21.491 Z2.8
G1 X89.024 Y21.03 Z2.8
;AFTER_LAYER_CHANGE
;2.4
G1 Z2.4 F720
G1 E.8 F1500
;TYPE:Perimeter
;WIDTH:0.449999
G1 F4200
G1 X88.592 Y21.327 E.01775
G1 X88.197 Y21.446 E.01396
G1 X77.979 Y21.446 E.34587
G1 X77.408 Y21.327 E.01974
G1 X76.965 Y21.023 E.01819
G1 X76.697 Y20.643 E.01574
G1 X76.554 Y20.126 E.01816
G1 X76.554 Y8.979 E.37731
G1 X76.602 Y8.609 E.01263
G1 X76.739 Y8.276 E.01219
G1 X77.017 Y7.928 E.01508
G1 X77.445 Y7.657 E.01715
G1 X77.807 Y7.554 E.01274
G1 X88.021 Y7.554 E.34573
G1 X88.555 Y7.657 E.01841
G1 X88.983 Y7.928 E.01715
G1 X89.261 Y8.276 E.01508
G1 X89.398 Y8.609 E.01219
G1 X89.446 Y8.979 E.01263
G1 X89.446 Y20.021 E.37376
G1 X89.406 Y20.357 E.01145
G1 X89.303 Y20.643 E.01029
G1 X89.062 Y20.985 E.01416
G1 X88.736 Y20.743 F21000
G1 F4200
G1 X88.429 Y20.954 E.01261
G1 X88.021 Y21.039 E.01411
G1 X77.979 Y21.039 E.33991
G1 X77.571 Y20.954 E.01411
G1 X77.255 Y20.737 E.01298
G1 X77.063 Y20.466 E.01124
G1 X76.961 Y20.096 E.01299
G1 X76.961 Y8.979 E.3763
G1 X76.996 Y8.715 E.00901
G1 X77.093 Y8.477 E.0087
G1 X77.291 Y8.228 E.01077
G1 X77.597 Y8.035 E.01225
G1 X77.856 Y7.961 E.00912
G1 X88.021 Y7.961 E.34407
G1 X88.403 Y8.035 E.01317
G1 X88.709 Y8.228 E.01225
G1 X88.907 Y8.477 E.01077
G1 X89.004 Y8.715 E.0087
G1 X89.039 Y8.979 E.00901
G1 X89.039 Y20.021 E.37376
G1 X89.01 Y20.261 E.00818
M73 Q58 S5
G1 X88.937 Y20.466 E.00737
G1 X88.774 Y20.697 E.00957
G1 X88.45 Y20.455 F21000
G1 F4200
G1 X88.266 Y20.581 E.00755
G1 X88.021 Y20.632 E.00847
G1 X77.979 Y20.632 E.33991
G1 X77.734 Y20.581 E.00847
G1 X77.544 Y20.451 E.00779
G1 X77.368 Y20.135 E.01224
G1 X77.368 Y8.979 E.37762
G1 X77.447 Y8.678 E.01053
G1 X77.566 Y8.528 E.00648
G1 X77.75 Y8.412 E.00736
G1 X77.905 Y8.368 E.00545
G1 X88.021 Y8.368 E.34241
G1 X88.25 Y8.412 E.00789
G1 X88.434 Y8.528 E.00736
G1 X88.632 Y8.855 E.01294
G1 X88.632 Y20.021 E.37796
G1 X88.571 Y20.288 E.00927
G1 X88.486 Y20.408 E.00498
M204 T250
G1 X88.159 Y20.168 F21000
M204 T7000
;TYPE:External perimeter
G1 F3000
G1 X88.021 Y20.225 E.00505
G1 F2999.998
G1 X77.979 Y20.225 E.33991
G1 F3000
G1 X77.834 Y20.165 E.00531
G1 X77.775 Y20.021 E.00527
G1 F2999.998
G1 X77.775 Y8.979 E.37376
G1 F3000
G1 X77.841 Y8.828 E.00558
G1 X77.954 Y8.775 E.00422
G1 F2999.998
G1 X88.021 Y8.775 E.34076
G1 F3000
G1 X88.159 Y8.828 E.005
G1 X88.225 Y8.979 E.00558
G1 F2999.998
G1 X88.225 Y20.021 E.37376
G1 F3000
G1 X88.186 Y20.116 E.00348
G1 E-.16 F2700
;WIPE_START
G1 F16800
G1 X88.159 Y20.168 E-.00895
G1 X88.021 Y20.225 E-.0228
G1 X84.037 Y20.225 E-.60825
;WIPE_END
G1 X91.977 Y21.031 Z2.539 F21000
G1 Z2.4 F720
G1 E.8 F1500
;TYPE:Perimeter
G1 F4200
G1 X92.408 Y21.327 E.0177
G1 X92.979 Y21.446 E.01974
G1 X159.554 Y21.446 E2.25348
G1 X159.554 Y22.554 E.0375
M73 P59 R4
G1 X6.446 Y22.554 E5.18252
G1 X6.446 Y21.446 E.0375
G1 X73.197 Y21.446 E2.25944
G1 X73.592 Y21.327 E.01396
G1 X74.035 Y21.023 E.01819
G1 X74.303 Y20.643 E.01574
G1 X74.406 Y20.357 E.01029
G1 X74.446 Y20.021 E.01145
G1 X74.446 Y6.446 E.4595
G1 X91.554 Y6.446 E.57908
G1 X91.554 Y20.126 E.46305
G1 X91.697 Y20.643 E.01816
G1 X91.939 Y20.986 E.01421
G1 X92.264 Y20.743 F21000
G1 F4200
G1 X92.571 Y20.954 E.01261
G1 X92.979 Y21.039 E.01411
G1 X159.961 Y21.039 E2.26726
G1 X159.961 Y22.961 E.06506
M73 Q59 S5
G1 X6.039 Y22.961 E5.21007
G1 X6.039 Y21.039 E.06506
M73 P60 R4
G1 X73.021 Y21.039 E2.26726
G1 X73.429 Y20.954 E.01411
G1 X73.745 Y20.737 E.01298
G1 X73.937 Y20.466 E.01124
G1 X74.01 Y20.261 E.00737
G1 X74.039 Y20.021 E.00818
G1 X74.039 Y6.039 E.47327
G1 X91.961 Y6.039 E.60664
G1 X91.961 Y20.096 E.47581
G1 X92.063 Y20.466 E.01299
G1 X92.226 Y20.697 E.00957
G1 X92.551 Y20.455 F21000
G1 F4200
G1 X92.734 Y20.581 E.00752
G1 X92.979 Y20.632 E.00847
G1 X160.368 Y20.632 E2.28103
G1 X160.368 Y23.368 E.09261
G1 X5.632 Y23.368 E5.23762
G1 X5.632 Y20.632 E.09261
M73 Q60 S5
G1 X73.021 Y20.632 E2.28103
G1 X73.266 Y20.581 E.00847
G1 X73.456 Y20.451 E.00779
G1 X73.571 Y20.288 E.00675
G1 X73.632 Y20.021 E.00927
G1 X73.632 Y5.632 E.48705
G1 X92.368 Y5.632 E.63419
G1 X92.368 Y20.135 E.49091
M73 P61 R4
G1 X92.519 Y20.405 E.01047
M204 T250
G1 X92.841 Y20.168 F21000
M204 T7000
;TYPE:External perimeter
G1 F3000
G1 X92.979 Y20.225 E.00505
G1 F2999.998
G1 X160.775 Y20.225 E2.29481
G1 X160.775 Y23.775 E.12016
G1 X5.225 Y23.775 E5.26517
G1 X5.225 Y20.225 E.12016
M73 Q60 S4
G1 X73.021 Y20.225 E2.29481
G1 F3000
M73 Q61 S4
G1 X73.166 Y20.165 E.00531
G1 X73.225 Y20.021 E.00527
G1 F2999.998
G1 X73.225 Y5.225 E.50083
G1 X92.775 Y5.225 E.66174
G1 X92.775 Y20.021 E.50083
M73 P62 R4
G1 F3000
G1 X92.814 Y20.116 E.00348
G1 E-.16 F2700
;WIPE_START
G1 F16800
G1 X92.841 Y20.168 E-.00895
G1 X92.979 Y20.225 E-.0228
G1 X96.963 Y20.225 E-.60825
;WIPE_END
G1 X85.222 Y21.792 Z2.607 F21000
G1 Z2.4 F720
G1 E.8 F1500
;TYPE:Internal infill
;WIDTH:0.45
G1 F7200
G1 X87.222 Y21.792 E.0677
G1 X86.806 Y22.208 E.01991
G1 X84.951 Y22.208 E.06279
G1 X84.535 Y21.792 E.01991
G1 X81.465 Y21.792 E.10392
G1 X81.049 Y22.208 E.01991
G1 X79.194 Y22.208 E.06279
G1 X78.778 Y21.792 E.01991
G1 X80.778 Y21.792 E.0677
G1 E-.16 F2700
;WIPE_START
G1 F16800
G1 X78.778 Y21.792 E-.30536
G1 X79.194 Y22.208 E-.08982
G1 X80.798 Y22.208 E-.24482
;WIPE_END
G1 X51.77 Y22.043 Z2.907 F21000
G1 X49.632 Y22.031 Z2.94
G1 X47.494 Y22.019 Z2.966
G1 X45.355 Y22.006 Z2.985
G1 X41.079 Y21.982 Z3
G1 X7.695 Y21.792
G1 Z2.4 F720
G1 E.8 F1500
G1 F7200
G1 X9.695 Y21.792 E.0677
G1 X10.11 Y22.208 E.01989
G1 X11.966 Y22.208 E.06282
G1 X12.381 Y21.792 E.01989
G1 X15.452 Y21.792 E.10395
G1 X15.867 Y22.208 E.01989
G1 X17.722 Y22.208 E.06279
G1 X18.138 Y21.792 E.01991
G1 X21.209 Y21.792 E.10395
G1 X21.624 Y22.208 E.01989
G1 X23.479 Y22.208 E.06279
G1 X23.895 Y21.792 E.01991
G1 X26.966 Y21.792 E.10395
G1 X27.381 Y22.208 E.01989
G1 X29.236 Y22.208 E.06279
G1 X29.652 Y21.792 E.01991
G1 X32.723 Y21.792 E.10395
G1 X33.138 Y22.208 E.01989
G1 X34.993 Y22.208 E.06279
G1 X35.409 Y21.792 E.01991
G1 X38.479 Y21.792 E.10392
G1 X38.895 Y22.208 E.01991
G1 X40.75 Y22.208 E.06279
G1 X41.166 Y21.792 E.01991
G1 X44.236 Y21.792 E.10392
G1 X44.652 Y22.208 E.01991
G1 X46.507 Y22.208 E.06279
G1 X46.923 Y21.792 E.01991
G1 X49.993 Y21.792 E.10392
G1 X50.409 Y22.208 E.01991
G1 X52.264 Y22.208 E.06279
G1 X52.68 Y21.792 E.01991
G1 X55.75 Y21.792 E.10392
G1 X56.166 Y22.208 E.01991
G1 X58.021 Y22.208 E.06279
G1 X58.437 Y21.792 E.01991
G1 X61.507 Y21.792 E.10392
G1 X61.923 Y22.208 E.01991
G1 X63.778 Y22.208 E.06279
G1 X64.194 Y21.792 E.01991
G1 X67.264 Y21.792 E.10392
G1 X67.68 Y22.208 E.01991
G1 X69.535 Y22.208 E.06279
G1 X69.951 Y21.792 E.01991
G1 X73.021 Y21.792 E.10392
G1 X73.437 Y22.208 E.01991
G1 X75.292 Y22.208 E.06279
G1 X76.517 Y20.983 E.05864
G1 X76.386 Y20.799 E.00765
G1 X76.258 Y20.441 E.01287
G1 X76.208 Y20.025 E.01418
G1 X76.208 Y19.222 E.02718
G1 X74.787 Y17.801 E.06802
G1 X74.788 Y16.955 E.02864
G1 X76.208 Y15.535 E.06797
G1 X76.208 Y13.465 E.07007
G1 X74.79 Y12.047 E.06788
G1 X74.79 Y11.196 E.02881
G1 X76.208 Y9.778 E.06788
G1 X76.208 Y8.969 E.02738
G1 X76.267 Y8.52 E.01533
G1 X76.438 Y8.103 E.01526
G1 X76.511 Y8.011 E.00398
G1 X75.292 Y6.792 E.05835
G1 X74.792 Y6.792 E.01692
G1 X74.792 Y8.292 E.05077
G1 E-.16 F2700
;WIPE_START
G1 F16800
G1 X74.792 Y6.792 E-.22902
G1 X75.292 Y6.792 E-.07634
G1 X76.511 Y8.011 E-.26321
G1 X76.438 Y8.103 E-.01793
G1 X76.305 Y8.427 E-.0535
;WIPE_END
G1 X80.778 Y7.208 Z2.481 F21000
G1 Z2.4 F720
G1 E.8 F1500
G1 F7200
G1 X78.778 Y7.208 E.0677
G1 X79.194 Y6.792 E.01991
G1 X81.049 Y6.792 E.06279
G1 X81.465 Y7.208 E.01991
G1 X84.535 Y7.208 E.10392
G1 X84.951 Y6.792 E.01991
G1 X86.806 Y6.792 E.06279
G1 X87.222 Y7.208 E.01991
G1 X85.222 Y7.208 E.0677
G1 E-.16 F2700
;WIPE_START
G1 F16800
G1 X87.222 Y7.208 E-.30536
G1 X86.806 Y6.792 E-.08982
G1 X85.202 Y6.792 E-.24482
;WIPE_END
G1 X91.208 Y8.292 Z2.508 F21000
G1 Z2.4 F720
G1 E.8 F1500
G1 F7200
G1 X91.208 Y6.792 E.05077
G1 X90.708 Y6.792 E.01692
G1 X89.489 Y8.011 E.05835
G1 X89.562 Y8.103 E.00398
G1 X89.733 Y8.52 E.01526
G1 X89.792 Y8.969 E.01533
G1 X89.792 Y9.778 E.02738
G1 X91.208 Y11.194 E.06778
G1 X91.208 Y12.049 E.02894
G1 X89.792 Y13.465 E.06778
G1 X89.792 Y15.535 E.07007
G1 X91.208 Y16.951 E.06778
G1 X91.208 Y17.806 E.02894
G1 X89.792 Y19.222 E.06778
G1 X89.792 Y20.025 E.02718
G1 X89.742 Y20.441 E.01418
G1 X89.614 Y20.799 E.01287
G1 X89.483 Y20.983 E.00765
G1 X90.708 Y22.208 E.05864
G1 X92.563 Y22.208 E.06279
G1 X92.979 Y21.792 E.01991
G1 X96.049 Y21.792 E.10392
G1 X96.465 Y22.208 E.01991
G1 X98.32 Y22.208 E.06279
G1 X98.736 Y21.792 E.01991
G1 X101.806 Y21.792 E.10392
G1 X102.222 Y22.208 E.01991
G1 X104.077 Y22.208 E.06279
G1 X104.493 Y21.792 E.01991
G1 X107.563 Y21.792 E.10392
G1 X107.979 Y22.208 E.01991
G1 X109.834 Y22.208 E.06279
G1 X110.25 Y21.792 E.01991
G1 X113.32 Y21.792 E.10392
G1 X113.736 Y22.208 E.01991
M73 Q62 S4
G1 X115.591 Y22.208 E.06279
G1 X116.007 Y21.792 E.01991
G1 X119.077 Y21.792 E.10392
G1 X119.493 Y22.208 E.01991
G1 X121.348 Y22.208 E.06279
G1 X121.764 Y21.792 E.01991
G1 X124.834 Y21.792 E.10392
G1 X125.25 Y22.208 E.01991
G1 X127.105 Y22.208 E.06279
G1 X127.521 Y21.792 E.01991
G1 X130.591 Y21.792 E.10392
G1 X131.007 Y22.208 E.01991
G1 X132.862 Y22.208 E.06279
G1 X133.278 Y21.792 E.01991
G1 X136.348 Y21.792 E.10392
G1 X136.764 Y22.208 E.01991
G1 X138.619 Y22.208 E.06279
G1 X139.034 Y21.792 E.01989
G1 X142.105 Y21.792 E.10395
G1 X142.521 Y22.208 E.01991
G1 X144.376 Y22.208 E.06279
G1 X144.791 Y21.792 E.01989
G1 X147.862 Y21.792 E.10395
G1 X148.277 Y22.208 E.01989
G1 X150.133 Y22.208 E.06282
G1 X150.548 Y21.792 E.01989
G1 X153.619 Y21.792 E.10395
G1 X154.034 Y22.208 E.01989
G1 X155.89 Y22.208 E.06282
G1 X156.305 Y21.792 E.01989
G1 X158.305 Y21.792 E.0677
;LAYER_CHANGE
;Z:2.6
;HEIGHT:0.2
;BEFORE_LAYER_CHANGE
G92 E0.0
;2.6


G1 E-.16 F2700
;WIPE_START
G1 F16800
G1 X156.305 Y21.792 E-.30536
G1 X155.89 Y22.208 E-.08971
G1 X154.286 Y22.208 E-.24493
;WIPE_END
G1 X154.286 Y22.208 Z2.4 F21000
G1 X125.262 Y21.684 Z2.907
G1 X123.124 Y21.646 Z2.94
G1 X120.987 Y21.607 Z2.966
G1 X118.849 Y21.569 Z2.985
G1 X114.573 Y21.491 Z3
G1 X89.024 Y21.03 Z3
;AFTER_LAYER_CHANGE
;2.6
G1 Z2.6 F720
G1 E.8 F1500
;TYPE:Perimeter
;WIDTH:0.449999
G1 F4200
G1 X88.592 Y21.327 E.01775
G1 X88.197 Y21.446 E.01396
G1 X77.979 Y21.446 E.34587
G1 X77.408 Y21.327 E.01974
G1 X76.965 Y21.023 E.01819
G1 X76.697 Y20.643 E.01574
G1 X76.554 Y20.126 E.01816
G1 X76.554 Y8.979 E.37731
G1 X76.602 Y8.609 E.01263
G1 X76.739 Y8.276 E.01219
G1 X77.017 Y7.928 E.01508
G1 X77.445 Y7.657 E.01715
G1 X77.807 Y7.554 E.01274
G1 X88.021 Y7.554 E.34573
G1 X88.555 Y7.657 E.01841
G1 X88.983 Y7.928 E.01715
G1 X89.261 Y8.276 E.01508
G1 X89.398 Y8.609 E.01219
G1 X89.446 Y8.979 E.01263
G1 X89.446 Y20.021 E.37376
G1 X89.406 Y20.357 E.01145
G1 X89.303 Y20.643 E.01029
G1 X89.062 Y20.985 E.01416
G1 X88.736 Y20.743 F21000
G1 F4200
G1 X88.429 Y20.954 E.01261
G1 X88.021 Y21.039 E.01411
G1 X77.979 Y21.039 E.33991
G1 X77.571 Y20.954 E.01411
G1 X77.255 Y20.737 E.01298
G1 X77.063 Y20.466 E.01124
G1 X76.961 Y20.096 E.01299
G1 X76.961 Y8.979 E.3763
G1 X76.996 Y8.715 E.00901
G1 X77.093 Y8.477 E.0087
G1 X77.291 Y8.228 E.01077
G1 X77.597 Y8.035 E.01225
G1 X77.856 Y7.961 E.00912
G1 X88.021 Y7.961 E.34407
G1 X88.403 Y8.035 E.01317
G1 X88.709 Y8.228 E.01225
G1 X88.907 Y8.477 E.01077
G1 X89.004 Y8.715 E.0087
G1 X89.039 Y8.979 E.00901
G1 X89.039 Y20.021 E.37376
G1 X89.01 Y20.261 E.00818
G1 X88.937 Y20.466 E.00737
G1 X88.774 Y20.697 E.00957
G1 X88.45 Y20.455 F21000
G1 F4200
G1 X88.266 Y20.581 E.00755
G1 X88.021 Y20.632 E.00847
G1 X77.979 Y20.632 E.33991
G1 X77.734 Y20.581 E.00847
M73 P63 R4
G1 X77.544 Y20.451 E.00779
G1 X77.368 Y20.135 E.01224
G1 X77.368 Y8.979 E.37762
G1 X77.447 Y8.678 E.01053
G1 X77.566 Y8.528 E.00648
G1 X77.75 Y8.412 E.00736
G1 X77.905 Y8.368 E.00545
G1 X88.021 Y8.368 E.34241
G1 X88.25 Y8.412 E.00789
G1 X88.434 Y8.528 E.00736
G1 X88.632 Y8.855 E.01294
G1 X88.632 Y20.021 E.37796
G1 X88.571 Y20.288 E.00927
G1 X88.486 Y20.408 E.00498
M204 T250
G1 X88.159 Y20.168 F21000
M204 T7000
;TYPE:External perimeter
G1 F3000
G1 X88.021 Y20.225 E.00505
G1 F2999.998
G1 X77.979 Y20.225 E.33991
G1 F3000
G1 X77.834 Y20.165 E.00531
G1 X77.775 Y20.021 E.00527
G1 F2999.998
G1 X77.775 Y8.979 E.37376
G1 F3000
G1 X77.841 Y8.828 E.00558
G1 X77.954 Y8.775 E.00422
G1 F2999.998
G1 X88.021 Y8.775 E.34076
G1 F3000
G1 X88.159 Y8.828 E.005
G1 X88.225 Y8.979 E.00558
G1 F2999.998
G1 X88.225 Y20.021 E.37376
G1 F3000
G1 X88.186 Y20.116 E.00348
G1 E-.16 F2700
;WIPE_START
G1 F16800
G1 X88.159 Y20.168 E-.00895
G1 X88.021 Y20.225 E-.0228
G1 X84.037 Y20.225 E-.60825
;WIPE_END
G1 X91.977 Y21.031 Z2.739 F21000
G1 Z2.6 F720
G1 E.8 F1500
;TYPE:Perimeter
G1 F4200
G1 X92.408 Y21.327 E.0177
G1 X92.979 Y21.446 E.01974
G1 X159.554 Y21.446 E2.25348
G1 X159.554 Y22.554 E.0375
G1 X6.446 Y22.554 E5.18252
G1 X6.446 Y21.446 E.0375
M73 Q63 S4
G1 X73.197 Y21.446 E2.25944
G1 X73.592 Y21.327 E.01396
G1 X74.035 Y21.023 E.01819
G1 X74.303 Y20.643 E.01574
G1 X74.406 Y20.357 E.01029
G1 X74.446 Y20.021 E.01145
G1 X74.446 Y6.446 E.4595
G1 X91.554 Y6.446 E.57908
G1 X91.554 Y20.126 E.46305
G1 X91.697 Y20.643 E.01816
G1 X91.939 Y20.986 E.01421
G1 X92.264 Y20.743 F21000
G1 F4200
G1 X92.571 Y20.954 E.01261
G1 X92.979 Y21.039 E.01411
G1 X159.961 Y21.039 E2.26726
G1 X159.961 Y22.961 E.06506
M73 P64 R4
G1 X6.039 Y22.961 E5.21007
G1 X6.039 Y21.039 E.06506
G1 X73.021 Y21.039 E2.26726
G1 X73.429 Y20.954 E.01411
G1 X73.745 Y20.737 E.01298
G1 X73.937 Y20.466 E.01124
G1 X74.01 Y20.261 E.00737
G1 X74.039 Y20.021 E.00818
G1 X74.039 Y6.039 E.47327
G1 X91.961 Y6.039 E.60664
M73 Q64 S4
G1 X91.961 Y20.096 E.47581
G1 X92.063 Y20.466 E.01299
G1 X92.226 Y20.697 E.00957
G1 X92.551 Y20.455 F21000
G1 F4200
G1 X92.734 Y20.581 E.00752
G1 X92.979 Y20.632 E.00847
G1 X160.368 Y20.632 E2.28103
G1 X160.368 Y23.368 E.09261
G1 X5.632 Y23.368 E5.23762
G1 X5.632 Y20.632 E.09261
M73 P65 R3
G1 X73.021 Y20.632 E2.28103
G1 X73.266 Y20.581 E.00847
G1 X73.456 Y20.451 E.00779
G1 X73.571 Y20.288 E.00675
G1 X73.632 Y20.021 E.00927
G1 X73.632 Y5.632 E.48705
G1 X92.368 Y5.632 E.63419
G1 X92.368 Y20.135 E.49091
G1 X92.519 Y20.405 E.01047
M204 T250
G1 X92.841 Y20.168 F21000
M204 T7000
;TYPE:External perimeter
G1 F3000
G1 X92.979 Y20.225 E.00505
G1 F2999.998
G1 X160.775 Y20.225 E2.29481
G1 X160.775 Y23.775 E.12016
G1 X5.225 Y23.775 E5.26517
G1 X5.225 Y20.225 E.12016
M73 P66 R3
M73 Q65 S4
G1 X73.021 Y20.225 E2.29481
G1 F3000
G1 X73.166 Y20.165 E.00531
G1 X73.225 Y20.021 E.00527
G1 F2999.998
G1 X73.225 Y5.225 E.50083
G1 X92.775 Y5.225 E.66174
G1 X92.775 Y20.021 E.50083
G1 F3000
G1 X92.814 Y20.116 E.00348
G1 E-.16 F2700
;WIPE_START
G1 F16800
G1 X92.841 Y20.168 E-.00895
G1 X92.979 Y20.225 E-.0228
G1 X96.963 Y20.225 E-.60825
;WIPE_END
G1 X85.222 Y21.792 Z2.807 F21000
G1 Z2.6 F720
G1 E.8 F1500
;TYPE:Internal infill
;WIDTH:0.45
G1 F7200
G1 X87.222 Y21.792 E.0677
G1 X86.806 Y22.208 E.01991
G1 X84.951 Y22.208 E.06279
G1 X84.535 Y21.792 E.01991
G1 X81.465 Y21.792 E.10392
G1 X81.049 Y22.208 E.01991
G1 X79.194 Y22.208 E.06279
G1 X78.778 Y21.792 E.01991
G1 X80.778 Y21.792 E.0677
G1 E-.16 F2700
;WIPE_START
G1 F16800
G1 X78.778 Y21.792 E-.30536
G1 X79.194 Y22.208 E-.08982
G1 X80.798 Y22.208 E-.24482
;WIPE_END
G1 X51.77 Y22.043 Z3.107 F21000
G1 X49.632 Y22.031 Z3.14
G1 X47.494 Y22.019 Z3.166
G1 X45.355 Y22.006 Z3.185
G1 X41.079 Y21.982 Z3.2
G1 X7.695 Y21.792
G1 Z2.6 F720
G1 E.8 F1500
G1 F7200
G1 X9.695 Y21.792 E.0677
G1 X10.11 Y22.208 E.01989
G1 X11.966 Y22.208 E.06282
G1 X12.381 Y21.792 E.01989
G1 X15.452 Y21.792 E.10395
G1 X15.867 Y22.208 E.01989
G1 X17.722 Y22.208 E.06279
G1 X18.138 Y21.792 E.01991
G1 X21.209 Y21.792 E.10395
G1 X21.624 Y22.208 E.01989
G1 X23.479 Y22.208 E.06279
G1 X23.895 Y21.792 E.01991
G1 X26.966 Y21.792 E.10395
G1 X27.381 Y22.208 E.01989
G1 X29.236 Y22.208 E.06279
G1 X29.652 Y21.792 E.01991
G1 X32.723 Y21.792 E.10395
G1 X33.138 Y22.208 E.01989
G1 X34.993 Y22.208 E.06279
G1 X35.409 Y21.792 E.01991
G1 X38.479 Y21.792 E.10392
G1 X38.895 Y22.208 E.01991
M73 Q66 S4
G1 X40.75 Y22.208 E.06279
G1 X41.166 Y21.792 E.01991
G1 X44.236 Y21.792 E.10392
G1 X44.652 Y22.208 E.01991
G1 X46.507 Y22.208 E.06279
G1 X46.923 Y21.792 E.01991
G1 X49.993 Y21.792 E.10392
G1 X50.409 Y22.208 E.01991
G1 X52.264 Y22.208 E.06279
G1 X52.68 Y21.792 E.01991
G1 X55.75 Y21.792 E.10392
G1 X56.166 Y22.208 E.01991
G1 X58.021 Y22.208 E.06279
G1 X58.437 Y21.792 E.01991
G1 X61.507 Y21.792 E.10392
G1 X61.923 Y22.208 E.01991
G1 X63.778 Y22.208 E.06279
G1 X64.194 Y21.792 E.01991
G1 X67.264 Y21.792 E.10392
G1 X67.68 Y22.208 E.01991
G1 X69.535 Y22.208 E.06279
G1 X69.951 Y21.792 E.01991
G1 X73.021 Y21.792 E.10392
G1 X73.437 Y22.208 E.01991
G1 X75.292 Y22.208 E.06279
G1 X76.517 Y20.983 E.05864
G1 X76.386 Y20.799 E.00765
G1 X76.258 Y20.441 E.01287
G1 X76.208 Y20.025 E.01418
G1 X76.208 Y19.222 E.02718
G1 X74.787 Y17.801 E.06802
G1 X74.788 Y16.955 E.02864
G1 X76.208 Y15.535 E.06797
G1 X76.208 Y13.465 E.07007
G1 X74.79 Y12.047 E.06788
G1 X74.79 Y11.196 E.02881
G1 X76.208 Y9.778 E.06788
G1 X76.208 Y8.969 E.02738
G1 X76.267 Y8.52 E.01533
G1 X76.438 Y8.103 E.01526
G1 X76.511 Y8.011 E.00398
G1 X75.292 Y6.792 E.05835
G1 X74.792 Y6.792 E.01692
G1 X74.792 Y8.292 E.05077
G1 E-.16 F2700
;WIPE_START
G1 F16800
G1 X74.792 Y6.792 E-.22902
G1 X75.292 Y6.792 E-.07634
G1 X76.511 Y8.011 E-.26321
G1 X76.438 Y8.103 E-.01793
G1 X76.305 Y8.427 E-.0535
;WIPE_END
G1 X80.778 Y7.208 Z2.681 F21000
G1 Z2.6 F720
G1 E.8 F1500
G1 F7200
G1 X78.778 Y7.208 E.0677
G1 X79.194 Y6.792 E.01991
G1 X81.049 Y6.792 E.06279
G1 X81.465 Y7.208 E.01991
G1 X84.535 Y7.208 E.10392
G1 X84.951 Y6.792 E.01991
G1 X86.806 Y6.792 E.06279
G1 X87.222 Y7.208 E.01991
G1 X85.222 Y7.208 E.0677
G1 E-.16 F2700
;WIPE_START
G1 F16800
G1 X87.222 Y7.208 E-.30536
G1 X86.806 Y6.792 E-.08982
G1 X85.202 Y6.792 E-.24482
;WIPE_END
G1 X91.208 Y8.292 Z2.708 F21000
G1 Z2.6 F720
G1 E.8 F1500
G1 F7200
G1 X91.208 Y6.792 E.05077
G1 X90.708 Y6.792 E.01692
G1 X89.489 Y8.011 E.05835
G1 X89.562 Y8.103 E.00398
G1 X89.733 Y8.52 E.01526
G1 X89.792 Y8.969 E.01533
G1 X89.792 Y9.778 E.02738
G1 X91.208 Y11.194 E.06778
G1 X91.208 Y12.049 E.02894
G1 X89.792 Y13.465 E.06778
G1 X89.792 Y15.535 E.07007
G1 X91.208 Y16.951 E.06778
G1 X91.208 Y17.806 E.02894
G1 X89.792 Y19.222 E.06778
G1 X89.792 Y20.025 E.02718
G1 X89.742 Y20.441 E.01418
G1 X89.614 Y20.799 E.01287
G1 X89.483 Y20.983 E.00765
G1 X90.708 Y22.208 E.05864
G1 X92.563 Y22.208 E.06279
G1 X92.979 Y21.792 E.01991
G1 X96.049 Y21.792 E.10392
G1 X96.465 Y22.208 E.01991
G1 X98.32 Y22.208 E.06279
G1 X98.736 Y21.792 E.01991
G1 X101.806 Y21.792 E.10392
G1 X102.222 Y22.208 E.01991
G1 X104.077 Y22.208 E.06279
G1 X104.493 Y21.792 E.01991
G1 X107.563 Y21.792 E.10392
G1 X107.979 Y22.208 E.01991
G1 X109.834 Y22.208 E.06279
G1 X110.25 Y21.792 E.01991
G1 X113.32 Y21.792 E.10392
G1 X113.736 Y22.208 E.01991
G1 X115.591 Y22.208 E.06279
G1 X116.007 Y21.792 E.01991
G1 X119.077 Y21.792 E.10392
G1 X119.493 Y22.208 E.01991
G1 X121.348 Y22.208 E.06279
G1 X121.764 Y21.792 E.01991
G1 X124.834 Y21.792 E.10392
G1 X125.25 Y22.208 E.01991
M73 P67 R3
G1 X127.105 Y22.208 E.06279
G1 X127.521 Y21.792 E.01991
G1 X130.591 Y21.792 E.10392
G1 X131.007 Y22.208 E.01991
G1 X132.862 Y22.208 E.06279
G1 X133.278 Y21.792 E.01991
G1 X136.348 Y21.792 E.10392
G1 X136.764 Y22.208 E.01991
G1 X138.619 Y22.208 E.06279
G1 X139.034 Y21.792 E.01989
G1 X142.105 Y21.792 E.10395
G1 X142.521 Y22.208 E.01991
G1 X144.376 Y22.208 E.06279
G1 X144.791 Y21.792 E.01989
G1 X147.862 Y21.792 E.10395
G1 X148.277 Y22.208 E.01989
G1 X150.133 Y22.208 E.06282
G1 X150.548 Y21.792 E.01989
G1 X153.619 Y21.792 E.10395
G1 X154.034 Y22.208 E.01989
G1 X155.89 Y22.208 E.06282
G1 X156.305 Y21.792 E.01989
G1 X158.305 Y21.792 E.0677
;LAYER_CHANGE
;Z:2.8
;HEIGHT:0.2
;BEFORE_LAYER_CHANGE
G92 E0.0
;2.8


G1 E-.16 F2700
;WIPE_START
G1 F16800
G1 X156.305 Y21.792 E-.30536
G1 X155.89 Y22.208 E-.08971
G1 X154.286 Y22.208 E-.24493
;WIPE_END
G1 X154.286 Y22.208 Z2.6 F21000
G1 X125.262 Y21.684 Z3.107
G1 X123.124 Y21.646 Z3.14
G1 X120.987 Y21.607 Z3.166
G1 X118.849 Y21.569 Z3.185
G1 X114.573 Y21.491 Z3.2
G1 X89.024 Y21.03 Z3.2
;AFTER_LAYER_CHANGE
;2.8
G1 Z2.8 F720
G1 E.8 F1500
;TYPE:Perimeter
;WIDTH:0.449999
G1 F4200
G1 X88.592 Y21.327 E.01775
G1 X88.197 Y21.446 E.01396
G1 X77.979 Y21.446 E.34587
G1 X77.408 Y21.327 E.01974
G1 X76.965 Y21.023 E.01819
G1 X76.697 Y20.643 E.01574
G1 X76.554 Y20.126 E.01816
G1 X76.554 Y8.979 E.37731
G1 X76.602 Y8.609 E.01263
G1 X76.739 Y8.276 E.01219
G1 X77.017 Y7.928 E.01508
G1 X77.445 Y7.657 E.01715
G1 X77.807 Y7.554 E.01274
G1 X88.021 Y7.554 E.34573
G1 X88.555 Y7.657 E.01841
G1 X88.983 Y7.928 E.01715
G1 X89.261 Y8.276 E.01508
G1 X89.398 Y8.609 E.01219
G1 X89.446 Y8.979 E.01263
G1 X89.446 Y20.021 E.37376
G1 X89.406 Y20.357 E.01145
G1 X89.303 Y20.643 E.01029
G1 X89.062 Y20.985 E.01416
G1 X88.736 Y20.743 F21000
G1 F4200
G1 X88.429 Y20.954 E.01261
G1 X88.021 Y21.039 E.01411
G1 X77.979 Y21.039 E.33991
G1 X77.571 Y20.954 E.01411
G1 X77.255 Y20.737 E.01298
G1 X77.063 Y20.466 E.01124
G1 X76.961 Y20.096 E.01299
G1 X76.961 Y8.979 E.3763
G1 X76.996 Y8.715 E.00901
G1 X77.093 Y8.477 E.0087
G1 X77.291 Y8.228 E.01077
G1 X77.597 Y8.035 E.01225
G1 X77.856 Y7.961 E.00912
G1 X88.021 Y7.961 E.34407
G1 X88.403 Y8.035 E.01317
G1 X88.709 Y8.228 E.01225
G1 X88.907 Y8.477 E.01077
G1 X89.004 Y8.715 E.0087
G1 X89.039 Y8.979 E.00901
G1 X89.039 Y20.021 E.37376
G1 X89.01 Y20.261 E.00818
G1 X88.937 Y20.466 E.00737
G1 X88.774 Y20.697 E.00957
G1 X88.45 Y20.455 F21000
G1 F4200
G1 X88.266 Y20.581 E.00755
G1 X88.021 Y20.632 E.00847
G1 X77.979 Y20.632 E.33991
G1 X77.734 Y20.581 E.00847
G1 X77.544 Y20.451 E.00779
G1 X77.368 Y20.135 E.01224
G1 X77.368 Y8.979 E.37762
M73 Q67 S4
G1 X77.447 Y8.678 E.01053
G1 X77.566 Y8.528 E.00648
G1 X77.75 Y8.412 E.00736
G1 X77.905 Y8.368 E.00545
G1 X88.021 Y8.368 E.34241
G1 X88.25 Y8.412 E.00789
G1 X88.434 Y8.528 E.00736
G1 X88.632 Y8.855 E.01294
G1 X88.632 Y20.021 E.37796
G1 X88.571 Y20.288 E.00927
G1 X88.486 Y20.408 E.00498
M204 T250
G1 X88.159 Y20.168 F21000
M204 T7000
;TYPE:External perimeter
G1 F3000
G1 X88.021 Y20.225 E.00505
G1 F2999.998
G1 X77.979 Y20.225 E.33991
G1 F3000
G1 X77.834 Y20.165 E.00531
G1 X77.775 Y20.021 E.00527
G1 F2999.998
G1 X77.775 Y8.979 E.37376
G1 F3000
G1 X77.841 Y8.828 E.00558
G1 X77.954 Y8.775 E.00422
G1 F2999.998
G1 X88.021 Y8.775 E.34076
G1 F3000
G1 X88.159 Y8.828 E.005
G1 X88.225 Y8.979 E.00558
G1 F2999.998
G1 X88.225 Y20.021 E.37376
G1 F3000
G1 X88.186 Y20.116 E.00348
G1 E-.16 F2700
;WIPE_START
G1 F16800
G1 X88.159 Y20.168 E-.00895
G1 X88.021 Y20.225 E-.0228
G1 X84.037 Y20.225 E-.60825
;WIPE_END
G1 X91.977 Y21.031 Z2.939 F21000
G1 Z2.8 F720
G1 E.8 F1500
;TYPE:Perimeter
G1 F4200
G1 X92.408 Y21.327 E.0177
G1 X92.979 Y21.446 E.01974
G1 X159.554 Y21.446 E2.25348
G1 X159.554 Y22.554 E.0375
G1 X6.446 Y22.554 E5.18252
G1 X6.446 Y21.446 E.0375
M73 P68 R3
G1 X73.197 Y21.446 E2.25944
G1 X73.592 Y21.327 E.01396
G1 X74.035 Y21.023 E.01819
G1 X74.303 Y20.643 E.01574
G1 X74.406 Y20.357 E.01029
G1 X74.446 Y20.021 E.01145
G1 X74.446 Y6.446 E.4595
G1 X91.554 Y6.446 E.57908
G1 X91.554 Y20.126 E.46305
G1 X91.697 Y20.643 E.01816
G1 X91.939 Y20.986 E.01421
G1 X92.264 Y20.743 F21000
G1 F4200
G1 X92.571 Y20.954 E.01261
G1 X92.979 Y21.039 E.01411
G1 X159.961 Y21.039 E2.26726
G1 X159.961 Y22.961 E.06506
M73 Q68 S4
G1 X6.039 Y22.961 E5.21007
G1 X6.039 Y21.039 E.06506
G1 X73.021 Y21.039 E2.26726
G1 X73.429 Y20.954 E.01411
G1 X73.745 Y20.737 E.01298
G1 X73.937 Y20.466 E.01124
G1 X74.01 Y20.261 E.00737
G1 X74.039 Y20.021 E.00818
G1 X74.039 Y6.039 E.47327
G1 X91.961 Y6.039 E.60664
G1 X91.961 Y20.096 E.47581
M73 P69 R3
G1 X92.063 Y20.466 E.01299
G1 X92.226 Y20.697 E.00957
G1 X92.551 Y20.455 F21000
G1 F4200
G1 X92.734 Y20.581 E.00752
G1 X92.979 Y20.632 E.00847
G1 X160.368 Y20.632 E2.28103
G1 X160.368 Y23.368 E.09261
M73 Q68 S3
G1 X5.632 Y23.368 E5.23762
G1 X5.632 Y20.632 E.09261
G1 X73.021 Y20.632 E2.28103
M73 Q69 S3
G1 X73.266 Y20.581 E.00847
G1 X73.456 Y20.451 E.00779
G1 X73.571 Y20.288 E.00675
G1 X73.632 Y20.021 E.00927
G1 X73.632 Y5.632 E.48705
G1 X92.368 Y5.632 E.63419
G1 X92.368 Y20.135 E.49091
G1 X92.519 Y20.405 E.01047
M204 T250
G1 X92.841 Y20.168 F21000
M204 T7000
;TYPE:External perimeter
G1 F3000
G1 X92.979 Y20.225 E.00505
G1 F2999.998
G1 X160.775 Y20.225 E2.29481
G1 X160.775 Y23.775 E.12016
G1 X5.225 Y23.775 E5.26517
M73 P70 R3
G1 X5.225 Y20.225 E.12016
G1 X73.021 Y20.225 E2.29481
G1 F3000
M73 Q70 S3
G1 X73.166 Y20.165 E.00531
G1 X73.225 Y20.021 E.00527
G1 F2999.998
G1 X73.225 Y5.225 E.50083
G1 X92.775 Y5.225 E.66174
G1 X92.775 Y20.021 E.50083
G1 F3000
G1 X92.814 Y20.116 E.00348
G1 E-.16 F2700
;WIPE_START
G1 F16800
G1 X92.841 Y20.168 E-.00895
G1 X92.979 Y20.225 E-.0228
G1 X96.963 Y20.225 E-.60825
;WIPE_END
G1 X85.222 Y21.792 Z3.007 F21000
G1 Z2.8 F720
G1 E.8 F1500
;TYPE:Internal infill
;WIDTH:0.45
G1 F7200
G1 X87.222 Y21.792 E.0677
G1 X86.806 Y22.208 E.01991
G1 X84.951 Y22.208 E.06279
G1 X84.535 Y21.792 E.01991
G1 X81.465 Y21.792 E.10392
G1 X81.049 Y22.208 E.01991
G1 X79.194 Y22.208 E.06279
G1 X78.778 Y21.792 E.01991
G1 X80.778 Y21.792 E.0677
G1 E-.16 F2700
;WIPE_START
G1 F16800
G1 X78.778 Y21.792 E-.30536
G1 X79.194 Y22.208 E-.08982
G1 X80.798 Y22.208 E-.24482
;WIPE_END
G1 X51.77 Y22.043 Z3.307 F21000
G1 X49.632 Y22.031 Z3.34
G1 X47.494 Y22.019 Z3.366
G1 X45.355 Y22.006 Z3.385
G1 X41.079 Y21.982 Z3.4
G1 X7.695 Y21.792
G1 Z2.8 F720
G1 E.8 F1500
G1 F7200
G1 X9.695 Y21.792 E.0677
G1 X10.11 Y22.208 E.01989
G1 X11.966 Y22.208 E.06282
G1 X12.381 Y21.792 E.01989
G1 X15.452 Y21.792 E.10395
G1 X15.867 Y22.208 E.01989
G1 X17.722 Y22.208 E.06279
G1 X18.138 Y21.792 E.01991
G1 X21.209 Y21.792 E.10395
G1 X21.624 Y22.208 E.01989
G1 X23.479 Y22.208 E.06279
G1 X23.895 Y21.792 E.01991
G1 X26.966 Y21.792 E.10395
G1 X27.381 Y22.208 E.01989
G1 X29.236 Y22.208 E.06279
G1 X29.652 Y21.792 E.01991
G1 X32.723 Y21.792 E.10395
G1 X33.138 Y22.208 E.01989
G1 X34.993 Y22.208 E.06279
M73 P71 R3
G1 X35.409 Y21.792 E.01991
G1 X38.479 Y21.792 E.10392
G1 X38.895 Y22.208 E.01991
G1 X40.75 Y22.208 E.06279
G1 X41.166 Y21.792 E.01991
G1 X44.236 Y21.792 E.10392
G1 X44.652 Y22.208 E.01991
G1 X46.507 Y22.208 E.06279
G1 X46.923 Y21.792 E.01991
G1 X49.993 Y21.792 E.10392
G1 X50.409 Y22.208 E.01991
G1 X52.264 Y22.208 E.06279
G1 X52.68 Y21.792 E.01991
G1 X55.75 Y21.792 E.10392
G1 X56.166 Y22.208 E.01991
G1 X58.021 Y22.208 E.06279
G1 X58.437 Y21.792 E.01991
G1 X61.507 Y21.792 E.10392
G1 X61.923 Y22.208 E.01991
G1 X63.778 Y22.208 E.06279
G1 X64.194 Y21.792 E.01991
G1 X67.264 Y21.792 E.10392
G1 X67.68 Y22.208 E.01991
G1 X69.535 Y22.208 E.06279
G1 X69.951 Y21.792 E.01991
G1 X73.021 Y21.792 E.10392
G1 X73.437 Y22.208 E.01991
G1 X75.292 Y22.208 E.06279
G1 X76.517 Y20.983 E.05864
G1 X76.386 Y20.799 E.00765
G1 X76.258 Y20.441 E.01287
G1 X76.208 Y20.025 E.01418
G1 X76.208 Y19.222 E.02718
G1 X74.787 Y17.801 E.06802
G1 X74.788 Y16.955 E.02864
G1 X76.208 Y15.535 E.06797
G1 X76.208 Y13.465 E.07007
G1 X74.79 Y12.047 E.06788
G1 X74.79 Y11.196 E.02881
G1 X76.208 Y9.778 E.06788
G1 X76.208 Y8.969 E.02738
G1 X76.267 Y8.52 E.01533
G1 X76.438 Y8.103 E.01526
G1 X76.511 Y8.011 E.00398
G1 X75.292 Y6.792 E.05835
G1 X74.792 Y6.792 E.01692
G1 X74.792 Y8.292 E.05077
G1 E-.16 F2700
;WIPE_START
G1 F16800
G1 X74.792 Y6.792 E-.22902
G1 X75.292 Y6.792 E-.07634
G1 X76.511 Y8.011 E-.26321
G1 X76.438 Y8.103 E-.01793
G1 X76.305 Y8.427 E-.0535
;WIPE_END
G1 X80.778 Y7.208 Z2.881 F21000
G1 Z2.8 F720
G1 E.8 F1500
G1 F7200
G1 X78.778 Y7.208 E.0677
G1 X79.194 Y6.792 E.01991
G1 X81.049 Y6.792 E.06279
G1 X81.465 Y7.208 E.01991
G1 X84.535 Y7.208 E.10392
G1 X84.951 Y6.792 E.01991
G1 X86.806 Y6.792 E.06279
G1 X87.222 Y7.208 E.01991
G1 X85.222 Y7.208 E.0677
G1 E-.16 F2700
;WIPE_START
G1 F16800
G1 X87.222 Y7.208 E-.30536
G1 X86.806 Y6.792 E-.08982
G1 X85.202 Y6.792 E-.24482
;WIPE_END
G1 X91.208 Y8.292 Z2.908 F21000
G1 Z2.8 F720
G1 E.8 F1500
G1 F7200
G1 X91.208 Y6.792 E.05077
G1 X90.708 Y6.792 E.01692
G1 X89.489 Y8.011 E.05835
G1 X89.562 Y8.103 E.00398
G1 X89.733 Y8.52 E.01526
G1 X89.792 Y8.969 E.01533
G1 X89.792 Y9.778 E.02738
G1 X91.208 Y11.194 E.06778
G1 X91.208 Y12.049 E.02894
G1 X89.792 Y13.465 E.06778
G1 X89.792 Y15.535 E.07007
G1 X91.208 Y16.951 E.06778
G1 X91.208 Y17.806 E.02894
G1 X89.792 Y19.222 E.06778
G1 X89.792 Y20.025 E.02718
G1 X89.742 Y20.441 E.01418
G1 X89.614 Y20.799 E.01287
G1 X89.483 Y20.983 E.00765
G1 X90.708 Y22.208 E.05864
G1 X92.563 Y22.208 E.06279
G1 X92.979 Y21.792 E.01991
G1 X96.049 Y21.792 E.10392
G1 X96.465 Y22.208 E.01991
G1 X98.32 Y22.208 E.06279
G1 X98.736 Y21.792 E.01991
G1 X101.806 Y21.792 E.10392
G1 X102.222 Y22.208 E.01991
G1 X104.077 Y22.208 E.06279
G1 X104.493 Y21.792 E.01991
G1 X107.563 Y21.792 E.10392
G1 X107.979 Y22.208 E.01991
G1 X109.834 Y22.208 E.06279
G1 X110.25 Y21.792 E.01991
G1 X113.32 Y21.792 E.10392
G1 X113.736 Y22.208 E.01991
G1 X115.591 Y22.208 E.06279
G1 X116.007 Y21.792 E.01991
G1 X119.077 Y21.792 E.10392
G1 X119.493 Y22.208 E.01991
G1 X121.348 Y22.208 E.06279
G1 X121.764 Y21.792 E.01991
G1 X124.834 Y21.792 E.10392
G1 X125.25 Y22.208 E.01991
G1 X127.105 Y22.208 E.06279
G1 X127.521 Y21.792 E.01991
M73 Q71 S3
G1 X130.591 Y21.792 E.10392
G1 X131.007 Y22.208 E.01991
G1 X132.862 Y22.208 E.06279
G1 X133.278 Y21.792 E.01991
G1 X136.348 Y21.792 E.10392
G1 X136.764 Y22.208 E.01991
G1 X138.619 Y22.208 E.06279
G1 X139.034 Y21.792 E.01989
G1 X142.105 Y21.792 E.10395
G1 X142.521 Y22.208 E.01991
G1 X144.376 Y22.208 E.06279
G1 X144.791 Y21.792 E.01989
G1 X147.862 Y21.792 E.10395
G1 X148.277 Y22.208 E.01989
G1 X150.133 Y22.208 E.06282
G1 X150.548 Y21.792 E.01989
G1 X153.619 Y21.792 E.10395
G1 X154.034 Y22.208 E.01989
G1 X155.89 Y22.208 E.06282
G1 X156.305 Y21.792 E.01989
G1 X158.305 Y21.792 E.0677
;LAYER_CHANGE
;Z:3
;HEIGHT:0.2
;BEFORE_LAYER_CHANGE
G92 E0.0
;3


G1 E-.16 F2700
;WIPE_START
G1 F16800
G1 X156.305 Y21.792 E-.30536
G1 X155.89 Y22.208 E-.08971
G1 X154.286 Y22.208 E-.24493
;WIPE_END
G1 X154.286 Y22.208 Z2.8 F21000
G1 X125.262 Y21.684 Z3.307
G1 X123.124 Y21.646 Z3.34
G1 X120.987 Y21.607 Z3.366
G1 X118.849 Y21.569 Z3.385
G1 X114.573 Y21.491 Z3.4
G1 X89.024 Y21.03 Z3.4
;AFTER_LAYER_CHANGE
;3
G1 Z3 F720
G1 E.8 F1500
;TYPE:Perimeter
;WIDTH:0.449999
G1 F4200
G1 X88.592 Y21.327 E.01775
G1 X88.197 Y21.446 E.01396
G1 X77.979 Y21.446 E.34587
G1 X77.408 Y21.327 E.01974
G1 X76.965 Y21.023 E.01819
G1 X76.697 Y20.643 E.01574
G1 X76.554 Y20.126 E.01816
G1 X76.554 Y8.979 E.37731
G1 X76.602 Y8.609 E.01263
G1 X76.739 Y8.276 E.01219
G1 X77.017 Y7.928 E.01508
G1 X77.445 Y7.657 E.01715
G1 X77.807 Y7.554 E.01274
G1 X88.021 Y7.554 E.34573
G1 X88.555 Y7.657 E.01841
G1 X88.983 Y7.928 E.01715
G1 X89.261 Y8.276 E.01508
G1 X89.398 Y8.609 E.01219
G1 X89.446 Y8.979 E.01263
G1 X89.446 Y20.021 E.37376
G1 X89.406 Y20.357 E.01145
G1 X89.303 Y20.643 E.01029
G1 X89.062 Y20.985 E.01416
G1 X88.736 Y20.743 F21000
G1 F4200
G1 X88.429 Y20.954 E.01261
G1 X88.021 Y21.039 E.01411
G1 X77.979 Y21.039 E.33991
G1 X77.571 Y20.954 E.01411
G1 X77.255 Y20.737 E.01298
G1 X77.063 Y20.466 E.01124
G1 X76.961 Y20.096 E.01299
G1 X76.961 Y8.979 E.3763
G1 X76.996 Y8.715 E.00901
G1 X77.093 Y8.477 E.0087
G1 X77.291 Y8.228 E.01077
G1 X77.597 Y8.035 E.01225
G1 X77.856 Y7.961 E.00912
G1 X88.021 Y7.961 E.34407
G1 X88.403 Y8.035 E.01317
G1 X88.709 Y8.228 E.01225
G1 X88.907 Y8.477 E.01077
G1 X89.004 Y8.715 E.0087
G1 X89.039 Y8.979 E.00901
G1 X89.039 Y20.021 E.37376
G1 X89.01 Y20.261 E.00818
G1 X88.937 Y20.466 E.00737
G1 X88.774 Y20.697 E.00957
G1 X88.45 Y20.455 F21000
G1 F4200
G1 X88.266 Y20.581 E.00755
G1 X88.021 Y20.632 E.00847
G1 X77.979 Y20.632 E.33991
G1 X77.734 Y20.581 E.00847
G1 X77.544 Y20.451 E.00779
G1 X77.368 Y20.135 E.01224
G1 X77.368 Y8.979 E.37762
G1 X77.447 Y8.678 E.01053
G1 X77.566 Y8.528 E.00648
G1 X77.75 Y8.412 E.00736
G1 X77.905 Y8.368 E.00545
G1 X88.021 Y8.368 E.34241
G1 X88.25 Y8.412 E.00789
G1 X88.434 Y8.528 E.00736
G1 X88.632 Y8.855 E.01294
G1 X88.632 Y20.021 E.37796
G1 X88.571 Y20.288 E.00927
G1 X88.486 Y20.408 E.00498
M204 T250
G1 X88.159 Y20.168 F21000
M204 T7000
;TYPE:External perimeter
G1 F3000
G1 X88.021 Y20.225 E.00505
G1 F2999.998
G1 X77.979 Y20.225 E.33991
G1 F3000
G1 X77.834 Y20.165 E.00531
G1 X77.775 Y20.021 E.00527
G1 F2999.998
G1 X77.775 Y8.979 E.37376
G1 F3000
G1 X77.841 Y8.828 E.00558
G1 X77.954 Y8.775 E.00422
G1 F2999.998
G1 X88.021 Y8.775 E.34076
G1 F3000
G1 X88.159 Y8.828 E.005
G1 X88.225 Y8.979 E.00558
G1 F2999.998
G1 X88.225 Y20.021 E.37376
G1 F3000
G1 X88.186 Y20.116 E.00348
G1 E-.16 F2700
;WIPE_START
G1 F16800
G1 X88.159 Y20.168 E-.00895
G1 X88.021 Y20.225 E-.0228
G1 X84.037 Y20.225 E-.60825
;WIPE_END
G1 X91.977 Y21.031 Z3.139 F21000
G1 Z3 F720
G1 E.8 F1500
;TYPE:Perimeter
G1 F4200
M73 P72 R3
G1 X92.408 Y21.327 E.0177
G1 X92.979 Y21.446 E.01974
G1 X159.554 Y21.446 E2.25348
G1 X159.554 Y22.554 E.0375
G1 X6.446 Y22.554 E5.18252
G1 X6.446 Y21.446 E.0375
M73 Q72 S3
G1 X73.197 Y21.446 E2.25944
G1 X73.592 Y21.327 E.01396
G1 X74.035 Y21.023 E.01819
G1 X74.303 Y20.643 E.01574
G1 X74.406 Y20.357 E.01029
G1 X74.446 Y20.021 E.01145
G1 X74.446 Y6.446 E.4595
G1 X91.554 Y6.446 E.57908
G1 X91.554 Y20.126 E.46305
G1 X91.697 Y20.643 E.01816
G1 X91.939 Y20.986 E.01421
G1 X92.264 Y20.743 F21000
G1 F4200
G1 X92.571 Y20.954 E.01261
G1 X92.979 Y21.039 E.01411
G1 X159.961 Y21.039 E2.26726
G1 X159.961 Y22.961 E.06506
G1 X6.039 Y22.961 E5.21007
G1 X6.039 Y21.039 E.06506
M73 P73 R3
G1 X73.021 Y21.039 E2.26726
G1 X73.429 Y20.954 E.01411
G1 X73.745 Y20.737 E.01298
G1 X73.937 Y20.466 E.01124
G1 X74.01 Y20.261 E.00737
G1 X74.039 Y20.021 E.00818
G1 X74.039 Y6.039 E.47327
G1 X91.961 Y6.039 E.60664
G1 X91.961 Y20.096 E.47581
M73 Q73 S3
G1 X92.063 Y20.466 E.01299
G1 X92.226 Y20.697 E.00957
G1 X92.551 Y20.455 F21000
G1 F4200
G1 X92.734 Y20.581 E.00752
G1 X92.979 Y20.632 E.00847
G1 X160.368 Y20.632 E2.28103
G1 X160.368 Y23.368 E.09261
G1 X5.632 Y23.368 E5.23762
G1 X5.632 Y20.632 E.09261
M73 P73 R2
G1 X73.021 Y20.632 E2.28103
G1 X73.266 Y20.581 E.00847
M73 P74 R2
G1 X73.456 Y20.451 E.00779
G1 X73.571 Y20.288 E.00675
G1 X73.632 Y20.021 E.00927
G1 X73.632 Y5.632 E.48705
G1 X92.368 Y5.632 E.63419
G1 X92.368 Y20.135 E.49091
G1 X92.519 Y20.405 E.01047
M204 T250
G1 X92.841 Y20.168 F21000
M204 T7000
;TYPE:External perimeter
G1 F3000
G1 X92.979 Y20.225 E.00505
G1 F2999.998
G1 X160.775 Y20.225 E2.29481
G1 X160.775 Y23.775 E.12016
G1 X5.225 Y23.775 E5.26517
G1 X5.225 Y20.225 E.12016
M73 Q74 S3
G1 X73.021 Y20.225 E2.29481
G1 F3000
M73 P75 R2
G1 X73.166 Y20.165 E.00531
G1 X73.225 Y20.021 E.00527
G1 F2999.998
G1 X73.225 Y5.225 E.50083
G1 X92.775 Y5.225 E.66174
G1 X92.775 Y20.021 E.50083
G1 F3000
G1 X92.814 Y20.116 E.00348
G1 E-.16 F2700
;WIPE_START
G1 F16800
G1 X92.841 Y20.168 E-.00895
G1 X92.979 Y20.225 E-.0228
G1 X96.963 Y20.225 E-.60825
;WIPE_END
G1 X85.222 Y21.792 Z3.207 F21000
G1 Z3 F720
G1 E.8 F1500
;TYPE:Internal infill
;WIDTH:0.45
G1 F7200
G1 X87.222 Y21.792 E.0677
G1 X86.806 Y22.208 E.01991
G1 X84.951 Y22.208 E.06279
G1 X84.535 Y21.792 E.01991
G1 X81.465 Y21.792 E.10392
G1 X81.049 Y22.208 E.01991
G1 X79.194 Y22.208 E.06279
G1 X78.778 Y21.792 E.01991
G1 X80.778 Y21.792 E.0677
G1 E-.16 F2700
;WIPE_START
G1 F16800
G1 X78.778 Y21.792 E-.30536
G1 X79.194 Y22.208 E-.08982
G1 X80.798 Y22.208 E-.24482
;WIPE_END
G1 X51.77 Y22.043 Z3.507 F21000
G1 X49.632 Y22.031 Z3.54
G1 X47.494 Y22.019 Z3.566
G1 X45.355 Y22.006 Z3.585
G1 X41.079 Y21.982 Z3.6
G1 X7.695 Y21.792
G1 Z3 F720
G1 E.8 F1500
G1 F7200
G1 X9.695 Y21.792 E.0677
G1 X10.11 Y22.208 E.01989
G1 X11.966 Y22.208 E.06282
G1 X12.381 Y21.792 E.01989
G1 X15.452 Y21.792 E.10395
G1 X15.867 Y22.208 E.01989
G1 X17.722 Y22.208 E.06279
G1 X18.138 Y21.792 E.01991
G1 X21.209 Y21.792 E.10395
G1 X21.624 Y22.208 E.01989
G1 X23.479 Y22.208 E.06279
G1 X23.895 Y21.792 E.01991
G1 X26.966 Y21.792 E.10395
G1 X27.381 Y22.208 E.01989
G1 X29.236 Y22.208 E.06279
G1 X29.652 Y21.792 E.01991
G1 X32.723 Y21.792 E.10395
G1 X33.138 Y22.208 E.01989
G1 X34.993 Y22.208 E.06279
G1 X35.409 Y21.792 E.01991
G1 X38.479 Y21.792 E.10392
G1 X38.895 Y22.208 E.01991
G1 X40.75 Y22.208 E.06279
G1 X41.166 Y21.792 E.01991
G1 X44.236 Y21.792 E.10392
G1 X44.652 Y22.208 E.01991
G1 X46.507 Y22.208 E.06279
G1 X46.923 Y21.792 E.01991
G1 X49.993 Y21.792 E.10392
G1 X50.409 Y22.208 E.01991
G1 X52.264 Y22.208 E.06279
G1 X52.68 Y21.792 E.01991
M73 Q75 S3
G1 X55.75 Y21.792 E.10392
G1 X56.166 Y22.208 E.01991
G1 X58.021 Y22.208 E.06279
G1 X58.437 Y21.792 E.01991
G1 X61.507 Y21.792 E.10392
G1 X61.923 Y22.208 E.01991
G1 X63.778 Y22.208 E.06279
G1 X64.194 Y21.792 E.01991
G1 X67.264 Y21.792 E.10392
G1 X67.68 Y22.208 E.01991
G1 X69.535 Y22.208 E.06279
G1 X69.951 Y21.792 E.01991
G1 X73.021 Y21.792 E.10392
G1 X73.437 Y22.208 E.01991
G1 X75.292 Y22.208 E.06279
G1 X76.517 Y20.983 E.05864
G1 X76.386 Y20.799 E.00765
G1 X76.258 Y20.441 E.01287
G1 X76.208 Y20.025 E.01418
G1 X76.208 Y19.222 E.02718
G1 X74.787 Y17.801 E.06802
G1 X74.788 Y16.955 E.02864
G1 X76.208 Y15.535 E.06797
G1 X76.208 Y13.465 E.07007
G1 X74.79 Y12.047 E.06788
G1 X74.79 Y11.196 E.02881
G1 X76.208 Y9.778 E.06788
G1 X76.208 Y8.969 E.02738
G1 X76.267 Y8.52 E.01533
G1 X76.438 Y8.103 E.01526
G1 X76.511 Y8.011 E.00398
G1 X75.292 Y6.792 E.05835
G1 X74.792 Y6.792 E.01692
G1 X74.792 Y8.292 E.05077
G1 E-.16 F2700
;WIPE_START
G1 F16800
G1 X74.792 Y6.792 E-.22902
G1 X75.292 Y6.792 E-.07634
G1 X76.511 Y8.011 E-.26321
G1 X76.438 Y8.103 E-.01793
G1 X76.305 Y8.427 E-.0535
;WIPE_END
G1 X80.778 Y7.208 Z3.081 F21000
G1 Z3 F720
G1 E.8 F1500
G1 F7200
G1 X78.778 Y7.208 E.0677
G1 X79.194 Y6.792 E.01991
G1 X81.049 Y6.792 E.06279
G1 X81.465 Y7.208 E.01991
G1 X84.535 Y7.208 E.10392
G1 X84.951 Y6.792 E.01991
G1 X86.806 Y6.792 E.06279
G1 X87.222 Y7.208 E.01991
G1 X85.222 Y7.208 E.0677
G1 E-.16 F2700
;WIPE_START
G1 F16800
G1 X87.222 Y7.208 E-.30536
G1 X86.806 Y6.792 E-.08982
G1 X85.202 Y6.792 E-.24482
;WIPE_END
G1 X91.208 Y8.292 Z3.108 F21000
G1 Z3 F720
G1 E.8 F1500
G1 F7200
G1 X91.208 Y6.792 E.05077
G1 X90.708 Y6.792 E.01692
G1 X89.489 Y8.011 E.05835
G1 X89.562 Y8.103 E.00398
G1 X89.733 Y8.52 E.01526
G1 X89.792 Y8.969 E.01533
G1 X89.792 Y9.778 E.02738
G1 X91.208 Y11.194 E.06778
G1 X91.208 Y12.049 E.02894
G1 X89.792 Y13.465 E.06778
G1 X89.792 Y15.535 E.07007
G1 X91.208 Y16.951 E.06778
G1 X91.208 Y17.806 E.02894
G1 X89.792 Y19.222 E.06778
G1 X89.792 Y20.025 E.02718
G1 X89.742 Y20.441 E.01418
G1 X89.614 Y20.799 E.01287
G1 X89.483 Y20.983 E.00765
G1 X90.708 Y22.208 E.05864
G1 X92.563 Y22.208 E.06279
G1 X92.979 Y21.792 E.01991
G1 X96.049 Y21.792 E.10392
G1 X96.465 Y22.208 E.01991
G1 X98.32 Y22.208 E.06279
G1 X98.736 Y21.792 E.01991
G1 X101.806 Y21.792 E.10392
G1 X102.222 Y22.208 E.01991
G1 X104.077 Y22.208 E.06279
G1 X104.493 Y21.792 E.01991
G1 X107.563 Y21.792 E.10392
G1 X107.979 Y22.208 E.01991
G1 X109.834 Y22.208 E.06279
G1 X110.25 Y21.792 E.01991
G1 X113.32 Y21.792 E.10392
G1 X113.736 Y22.208 E.01991
G1 X115.591 Y22.208 E.06279
G1 X116.007 Y21.792 E.01991
G1 X119.077 Y21.792 E.10392
G1 X119.493 Y22.208 E.01991
G1 X121.348 Y22.208 E.06279
G1 X121.764 Y21.792 E.01991
G1 X124.834 Y21.792 E.10392
G1 X125.25 Y22.208 E.01991
G1 X127.105 Y22.208 E.06279
G1 X127.521 Y21.792 E.01991
G1 X130.591 Y21.792 E.10392
G1 X131.007 Y22.208 E.01991
G1 X132.862 Y22.208 E.06279
G1 X133.278 Y21.792 E.01991
G1 X136.348 Y21.792 E.10392
G1 X136.764 Y22.208 E.01991
G1 X138.619 Y22.208 E.06279
G1 X139.034 Y21.792 E.01989
G1 X142.105 Y21.792 E.10395
G1 X142.521 Y22.208 E.01991
G1 X144.376 Y22.208 E.06279
G1 X144.791 Y21.792 E.01989
G1 X147.862 Y21.792 E.10395
G1 X148.277 Y22.208 E.01989
G1 X150.133 Y22.208 E.06282
G1 X150.548 Y21.792 E.01989
G1 X153.619 Y21.792 E.10395
G1 X154.034 Y22.208 E.01989
G1 X155.89 Y22.208 E.06282
G1 X156.305 Y21.792 E.01989
G1 X158.305 Y21.792 E.0677
M106 S229.5
;LAYER_CHANGE
;Z:3.2
;HEIGHT:0.2
;BEFORE_LAYER_CHANGE
G92 E0.0
;3.2


G1 E-.16 F2700
;WIPE_START
G1 F16800
G1 X156.305 Y21.792 E-.30536
G1 X155.89 Y22.208 E-.08971
G1 X154.286 Y22.208 E-.24493
;WIPE_END
G1 X154.286 Y22.208 Z3 F21000
G1 X125.262 Y21.684 Z3.507
G1 X123.124 Y21.646 Z3.54
G1 X120.987 Y21.607 Z3.566
G1 X118.849 Y21.569 Z3.585
G1 X114.573 Y21.491 Z3.6
G1 X89.024 Y21.03 Z3.6
;AFTER_LAYER_CHANGE
;3.2
G1 Z3.2 F720
G1 E.8 F1500
;TYPE:Perimeter
;WIDTH:0.449999
G1 F4200
G1 X88.592 Y21.327 E.01775
G1 X88.197 Y21.446 E.01396
G1 X77.979 Y21.446 E.34587
G1 X77.408 Y21.327 E.01974
G1 X76.965 Y21.023 E.01819
G1 X76.697 Y20.643 E.01574
G1 X76.554 Y20.126 E.01816
G1 X76.554 Y8.979 E.37731
G1 X76.602 Y8.609 E.01263
G1 X76.739 Y8.276 E.01219
G1 X77.017 Y7.928 E.01508
G1 X77.445 Y7.657 E.01715
G1 X77.807 Y7.554 E.01274
G1 X88.021 Y7.554 E.34573
G1 X88.555 Y7.657 E.01841
G1 X88.983 Y7.928 E.01715
G1 X89.261 Y8.276 E.01508
G1 X89.398 Y8.609 E.01219
G1 X89.446 Y8.979 E.01263
G1 X89.446 Y20.021 E.37376
G1 X89.406 Y20.357 E.01145
M73 P76 R2
G1 X89.303 Y20.643 E.01029
G1 X89.062 Y20.985 E.01416
G1 X88.736 Y20.743 F21000
G1 F4200
G1 X88.429 Y20.954 E.01261
G1 X88.021 Y21.039 E.01411
G1 X77.979 Y21.039 E.33991
G1 X77.571 Y20.954 E.01411
G1 X77.255 Y20.737 E.01298
G1 X77.063 Y20.466 E.01124
G1 X76.961 Y20.096 E.01299
G1 X76.961 Y8.979 E.3763
G1 X76.996 Y8.715 E.00901
G1 X77.093 Y8.477 E.0087
G1 X77.291 Y8.228 E.01077
G1 X77.597 Y8.035 E.01225
G1 X77.856 Y7.961 E.00912
G1 X88.021 Y7.961 E.34407
G1 X88.403 Y8.035 E.01317
G1 X88.709 Y8.228 E.01225
G1 X88.907 Y8.477 E.01077
G1 X89.004 Y8.715 E.0087
G1 X89.039 Y8.979 E.00901
G1 X89.039 Y20.021 E.37376
G1 X89.01 Y20.261 E.00818
G1 X88.937 Y20.466 E.00737
G1 X88.774 Y20.697 E.00957
G1 X88.45 Y20.455 F21000
G1 F4200
G1 X88.266 Y20.581 E.00755
G1 X88.021 Y20.632 E.00847
G1 X77.979 Y20.632 E.33991
G1 X77.734 Y20.581 E.00847
G1 X77.544 Y20.451 E.00779
G1 X77.368 Y20.135 E.01224
G1 X77.368 Y8.979 E.37762
G1 X77.447 Y8.678 E.01053
G1 X77.566 Y8.528 E.00648
G1 X77.75 Y8.412 E.00736
G1 X77.905 Y8.368 E.00545
G1 X88.021 Y8.368 E.34241
G1 X88.25 Y8.412 E.00789
G1 X88.434 Y8.528 E.00736
G1 X88.632 Y8.855 E.01294
G1 X88.632 Y20.021 E.37796
M73 Q76 S3
G1 X88.571 Y20.288 E.00927
G1 X88.486 Y20.408 E.00498
M204 T250
G1 X88.159 Y20.168 F21000
M204 T7000
;TYPE:External perimeter
G1 F3000
G1 X88.021 Y20.225 E.00505
G1 F2999.998
G1 X77.979 Y20.225 E.33991
G1 F3000
G1 X77.834 Y20.165 E.00531
G1 X77.775 Y20.021 E.00527
G1 F2999.998
G1 X77.775 Y8.979 E.37376
G1 F3000
G1 X77.841 Y8.828 E.00558
G1 X77.954 Y8.775 E.00422
G1 F2999.998
G1 X88.021 Y8.775 E.34076
G1 F3000
G1 X88.159 Y8.828 E.005
G1 X88.225 Y8.979 E.00558
G1 F2999.998
G1 X88.225 Y20.021 E.37376
G1 F3000
G1 X88.186 Y20.116 E.00348
G1 E-.16 F2700
;WIPE_START
G1 F16800
G1 X88.159 Y20.168 E-.00895
G1 X88.021 Y20.225 E-.0228
G1 X84.037 Y20.225 E-.60825
;WIPE_END
G1 X91.977 Y21.031 Z3.339 F21000
G1 Z3.2 F720
G1 E.8 F1500
;TYPE:Perimeter
G1 F4200
G1 X92.408 Y21.327 E.0177
G1 X92.979 Y21.446 E.01974
G1 X159.554 Y21.446 E2.25348
G1 X159.554 Y22.554 E.0375
G1 X6.446 Y22.554 E5.18252
G1 X6.446 Y21.446 E.0375
M73 Q76 S2
G1 X73.197 Y21.446 E2.25944
G1 X73.592 Y21.327 E.01396
G1 X74.035 Y21.023 E.01819
G1 X74.303 Y20.643 E.01574
G1 X74.406 Y20.357 E.01029
G1 X74.446 Y20.021 E.01145
G1 X74.446 Y6.446 E.4595
G1 X91.554 Y6.446 E.57908
M73 P77 R2
G1 X91.554 Y20.126 E.46305
G1 X91.697 Y20.643 E.01816
G1 X91.939 Y20.986 E.01421
G1 X92.264 Y20.743 F21000
G1 F4200
G1 X92.571 Y20.954 E.01261
G1 X92.979 Y21.039 E.01411
G1 X159.961 Y21.039 E2.26726
G1 X159.961 Y22.961 E.06506
G1 X6.039 Y22.961 E5.21007
G1 X6.039 Y21.039 E.06506
M73 Q77 S2
G1 X73.021 Y21.039 E2.26726
G1 X73.429 Y20.954 E.01411
G1 X73.745 Y20.737 E.01298
G1 X73.937 Y20.466 E.01124
G1 X74.01 Y20.261 E.00737
G1 X74.039 Y20.021 E.00818
G1 X74.039 Y6.039 E.47327
G1 X91.961 Y6.039 E.60664
G1 X91.961 Y20.096 E.47581
G1 X92.063 Y20.466 E.01299
G1 X92.226 Y20.697 E.00957
G1 X92.551 Y20.455 F21000
G1 F4200
G1 X92.734 Y20.581 E.00752
G1 X92.979 Y20.632 E.00847
G1 X160.368 Y20.632 E2.28103
G1 X160.368 Y23.368 E.09261
G1 X5.632 Y23.368 E5.23762
G1 X5.632 Y20.632 E.09261
M73 P78 R2
G1 X73.021 Y20.632 E2.28103
G1 X73.266 Y20.581 E.00847
M73 Q78 S2
G1 X73.456 Y20.451 E.00779
G1 X73.571 Y20.288 E.00675
G1 X73.632 Y20.021 E.00927
G1 X73.632 Y5.632 E.48705
G1 X92.368 Y5.632 E.63419
G1 X92.368 Y20.135 E.49091
G1 X92.519 Y20.405 E.01047
M204 T250
G1 X92.841 Y20.168 F21000
M204 T7000
;TYPE:External perimeter
G1 F3000
G1 X92.979 Y20.225 E.00505
G1 F2999.998
G1 X160.775 Y20.225 E2.29481
G1 X160.775 Y23.775 E.12016
G1 X5.225 Y23.775 E5.26517
G1 X5.225 Y20.225 E.12016
M73 P79 R2
G1 X73.021 Y20.225 E2.29481
G1 F3000
G1 X73.166 Y20.165 E.00531
G1 X73.225 Y20.021 E.00527
G1 F2999.998
G1 X73.225 Y5.225 E.50083
G1 X92.775 Y5.225 E.66174
M73 Q79 S2
G1 X92.775 Y20.021 E.50083
G1 F3000
G1 X92.814 Y20.116 E.00348
G1 E-.16 F2700
;WIPE_START
G1 F16800
G1 X92.841 Y20.168 E-.00895
G1 X92.979 Y20.225 E-.0228
G1 X96.963 Y20.225 E-.60825
;WIPE_END
G1 X77.981 Y6.794 Z3.606 F21000
G1 Z3.2 F720
G1 E.8 F1500
;TYPE:Solid infill
;WIDTH:0.454206
G1 F8400
G1 X88.699 Y6.792 E.36654
;WIDTH:0.449999
G1 X91.208 Y6.792 E.08493
G1 X91.208 Y20.02 E.44775
G1 X91.253 Y20.414 E.01342
G1 X91.402 Y20.821 E.01467
G1 X91.749 Y21.29 E.01975
G1 X92.31 Y21.656 E.02267
;WIDTH:0.454205
G1 X92.985 Y21.794 E.02356
G1 X159.206 Y21.794 E2.26466
G1 X159.206 Y22.206 E.01409
G1 X92.253 Y22.208 E2.28969
;WIDTH:0.449999
G1 X88.787 Y22.208 E.11732
;WIDTH:0.454205
G1 X77.253 Y22.208 E.39445
;WIDTH:0.449999
G1 X73.787 Y22.208 E.11732
;WIDTH:0.454205
G1 X6.794 Y22.206 E2.29106
G1 X6.794 Y21.794 E.01409
G1 X73.255 Y21.794 E2.27287
G1 X73.761 Y21.626 E.01823
;WIDTH:0.449999
G1 X74.302 Y21.24 E.0225
G1 X74.598 Y20.821 E.01736
G1 X74.736 Y20.459 E.01311
G1 X74.786 Y20.158 E.01033
G1 X74.792 Y6.792 E.45242
G1 X76.564 Y6.792 E.05998
;WIDTH:0.451181
G1 X77.263 Y6.793 E.02373
;WIDTH:0.453349
G1 X77.778 Y6.794 E.01758
G1 X76.766 Y7.199 F21000
;WIDTH:0.449999
G1 F8400
G1 X76.443 Y7.443 E.0137
G1 X76.05 Y7.976 E.02242
;WIDTH:0.492864
G1 X75.965 Y8.145 E.00708
;WIDTH:0.535728
G1 X75.881 Y8.315 E.00777
;WIDTH:0.578592
G1 X75.796 Y8.484 E.00843
G1 X75.752 Y8.983 E.02231
;WIDTH:0.55019
G1 X75.751 Y20.02 E.46554
G1 X75.798 Y20.255 E.01011
;WIDTH:0.508563
G1 X75.845 Y20.49 E.00928
;WIDTH:0.466935
G1 X76.07 Y21.056 E.02147
;WIDTH:0.449999
G1 X76.366 Y21.475 E.01736
G1 X76.774 Y21.801 E.01768
G1 X74.226 Y21.801 E.08625
G1 X74.634 Y21.475 E.01768
M73 P80 R2
G1 X75.007 Y20.91 E.02292
;WIDTH:0.490732
G1 X75.116 Y20.587 E.01269
;WIDTH:0.531465
G1 X75.225 Y20.264 E.01385
;WIDTH:0.55019
G1 X75.243 Y20.02 E.01032
G1 X75.247 Y8.982 E.46558
;WIDTH:0.578592
G1 X75.263 Y8.449 E.02375
G1 X75.241 Y8.236 E.00954
;WIDTH:0.535728
G1 X75.22 Y8.022 E.00881
;WIDTH:0.492864
G1 X75.199 Y7.808 E.00804
;WIDTH:0.449999
G1 X75.199 Y7.199 E.02061
G1 X76.562 Y7.199 E.04614
G1 E-.16 F2700
;WIPE_START
G1 F16800
G1 X75.199 Y7.199 E-.2081
G1 X75.199 Y7.808 E-.09298
G1 X75.22 Y8.022 E-.03283
G1 X75.241 Y8.236 E-.03283
G1 X75.263 Y8.449 E-.03269
G1 X75.247 Y8.982 E-.08141
G1 X75.247 Y10.024 E-.15916
;WIPE_END
G1 X87.812 Y7.206 Z3.425 F21000
G1 Z3.2 F720
G1 E.8 F1500
;WIDTH:0.454206
G1 F8400
G1 X77.747 Y7.206 E.34421
G1 X77.285 Y7.353 E.01658
;WIDTH:0.449999
G1 X76.812 Y7.651 E.01892
G1 X76.456 Y8.08 E.01887
G1 X76.277 Y8.495 E.0153
G1 X76.208 Y8.982 E.01665
G1 X76.208 Y20.02 E.37362
G1 X76.253 Y20.414 E.01342
G1 X76.402 Y20.821 E.01467
G1 X76.749 Y21.29 E.01975
G1 X77.31 Y21.656 E.02267
;WIDTH:0.454206
G1 X77.985 Y21.794 E.02356
G1 X88.255 Y21.794 E.35122
G1 X88.761 Y21.626 E.01823
;WIDTH:0.449999
G1 X89.302 Y21.24 E.0225
G1 X89.598 Y20.821 E.01736
G1 X89.736 Y20.459 E.01311
G1 X89.792 Y20.02 E.01498
G1 X89.792 Y8.983 E.37359
G1 X89.736 Y8.546 E.01491
G1 X89.544 Y8.08 E.01706
G1 X89.188 Y7.651 E.01887
G1 X88.647 Y7.327 E.02135
;WIDTH:0.454205
G1 X88.016 Y7.206 E.02197
G1 X89.234 Y7.199 F21000
;WIDTH:0.449999
G1 F8400
G1 X90.801 Y7.199 E.05304
G1 X90.801 Y7.808 E.02061
;WIDTH:0.492726
G1 X90.779 Y8.022 E.00805
;WIDTH:0.535452
G1 X90.758 Y8.236 E.00881
;WIDTH:0.578178
G1 X90.737 Y8.449 E.00953
G1 X90.752 Y8.983 E.02378
;WIDTH:0.547128
G1 X90.752 Y20.093 E.46579
G1 X90.816 Y20.345 E.0109
;WIDTH:0.498563
G1 X90.881 Y20.596 E.00982
;WIDTH:0.449999
G1 X91.07 Y21.056 E.01683
G1 X91.366 Y21.475 E.01736
G1 X91.774 Y21.801 E.01768
G1 X89.226 Y21.801 E.08625
G1 X89.634 Y21.475 E.01768
G1 X89.93 Y21.056 E.01736
G1 X90.119 Y20.596 E.01683
;WIDTH:0.498563
G1 X90.184 Y20.308 E.01119
;WIDTH:0.547126
G1 X90.248 Y20.02 E.01237
G1 X90.248 Y8.983 E.46273
;WIDTH:0.58125
G1 F8359.185
G1 X90.201 Y8.456 E.02368
G1 X90.106 Y8.272 E.00927
;WIDTH:0.5375
G1 F8400
G1 X90.011 Y8.089 E.00848
;WIDTH:0.49375
G1 X89.916 Y7.906 E.00773
;WIDTH:0.449999
G1 X89.557 Y7.443 E.01983
G1 X89.397 Y7.322 E.00679
G1 X90.393 Y7.655 F21000
;WIDTH:0.581982
G1 F8347.833
G1 X90.345 Y7.607 E.00304
G1 X90.28 Y7.625 E.00302
G1 X90.263 Y7.69 E.00301
G1 X90.31 Y7.737 E.00298
G1 X90.375 Y7.72 E.00301
G1 E-.16 F2700
;WIPE_START
G1 F16800
G1 X90.31 Y7.737 E-.01026
G1 X90.263 Y7.69 E-.01015
G1 X90.28 Y7.625 E-.01026
G1 X90.345 Y7.607 E-.0103
G1 X90.393 Y7.655 E-.01036
;WIPE_END
G1 E-.58867 F2700
G1 X90.5 Y20.672 Z3.427 F21000
G1 Z3.2 F720
G1 E.8 F1500
;WIDTH:0.416647
G1 F8400
G1 X90.626 Y21.042 E.01215
G1 X90.842 Y21.41 E.01326
G1 X90.158 Y21.41 E.02126
G1 X90.332 Y21.142 E.00993
G1 X90.431 Y20.863 E.0092
G1 E-.16 F2700
;WIPE_START
G1 F16800
G1 X90.332 Y21.142 E-.0452
G1 X90.158 Y21.41 E-.04879
G1 X90.842 Y21.41 E-.10443
G1 X90.626 Y21.042 E-.06515
G1 X90.5 Y20.672 E-.05968
;WIPE_END
G1 E-.31675 F2700
G1 X75.5 Y20.677 Z3.462 F21000
G1 Z3.2 F720
G1 E.8 F1500
G1 F8400
G1 X75.626 Y21.042 E.012
G1 X75.842 Y21.41 E.01326
G1 X75.158 Y21.41 E.02126
G1 X75.332 Y21.142 E.00993
G1 X75.431 Y20.868 E.00905
G1 E-.16 F2700
;WIPE_START
G1 F16800
G1 X75.332 Y21.142 E-.04448
G1 X75.158 Y21.41 E-.04879
G1 X75.842 Y21.41 E-.10443
G1 X75.626 Y21.042 E-.06515
G1 X75.5 Y20.677 E-.05895
;WIPE_END
G1 E-.3182 F2700
G1 X75.72 Y7.72 Z3.426 F21000
G1 Z3.2 F720
G1 E.8 F1500
;WIDTH:0.582328
G1 F8342.479
G1 X75.655 Y7.738 E.00303
G1 X75.607 Y7.69 E.00304
G1 X75.624 Y7.625 E.00301
G1 X75.69 Y7.607 E.00307
G1 X75.737 Y7.655 E.00301
;LAYER_CHANGE
;Z:3.4
;HEIGHT:0.2
;BEFORE_LAYER_CHANGE
G92 E0.0
;3.4


G1 E-.16 F2700
;WIPE_START
G1 F16800
G1 X75.69 Y7.607 E-.01026
G1 X75.624 Y7.625 E-.01044
G1 X75.607 Y7.69 E-.01026
G1 X75.655 Y7.738 E-.01036
G1 X75.72 Y7.72 E-.0103
;WIPE_END
G1 E-.58838 F2700
G1 X75.72 Y7.72 Z3.2 F21000
G1 X89.024 Y21.03 Z3.528
;AFTER_LAYER_CHANGE
;3.4
G1 Z3.4 F720
G1 E.8 F1500
;TYPE:Perimeter
;WIDTH:0.449999
G1 F4200
M73 Q80 S2
G1 X88.592 Y21.327 E.01775
G1 X88.197 Y21.446 E.01396
G1 X77.979 Y21.446 E.34587
G1 X77.408 Y21.327 E.01974
G1 X76.965 Y21.023 E.01819
G1 X76.697 Y20.643 E.01574
G1 X76.554 Y20.126 E.01816
G1 X76.554 Y8.979 E.37731
G1 X76.602 Y8.609 E.01263
G1 X76.739 Y8.276 E.01219
G1 X77.017 Y7.928 E.01508
G1 X77.445 Y7.657 E.01715
G1 X77.807 Y7.554 E.01274
G1 X88.021 Y7.554 E.34573
G1 X88.555 Y7.657 E.01841
G1 X88.983 Y7.928 E.01715
G1 X89.261 Y8.276 E.01508
G1 X89.398 Y8.609 E.01219
G1 X89.446 Y8.979 E.01263
G1 X89.446 Y20.021 E.37376
G1 X89.406 Y20.357 E.01145
G1 X89.303 Y20.643 E.01029
G1 X89.062 Y20.985 E.01416
G1 X88.736 Y20.743 F21000
G1 F4200
G1 X88.429 Y20.954 E.01261
G1 X88.021 Y21.039 E.01411
G1 X77.979 Y21.039 E.33991
G1 X77.571 Y20.954 E.01411
G1 X77.255 Y20.737 E.01298
G1 X77.063 Y20.466 E.01124
G1 X76.961 Y20.096 E.01299
G1 X76.961 Y8.979 E.3763
G1 X76.996 Y8.715 E.00901
G1 X77.093 Y8.477 E.0087
G1 X77.291 Y8.228 E.01077
G1 X77.597 Y8.035 E.01225
G1 X77.856 Y7.961 E.00912
G1 X88.021 Y7.961 E.34407
G1 X88.403 Y8.035 E.01317
G1 X88.709 Y8.228 E.01225
G1 X88.907 Y8.477 E.01077
G1 X89.004 Y8.715 E.0087
G1 X89.039 Y8.979 E.00901
G1 X89.039 Y20.021 E.37376
G1 X89.01 Y20.261 E.00818
G1 X88.937 Y20.466 E.00737
G1 X88.774 Y20.697 E.00957
G1 X88.45 Y20.455 F21000
G1 F4200
G1 X88.266 Y20.581 E.00755
G1 X88.021 Y20.632 E.00847
G1 X77.979 Y20.632 E.33991
G1 X77.734 Y20.581 E.00847
G1 X77.544 Y20.451 E.00779
G1 X77.368 Y20.135 E.01224
G1 X77.368 Y8.979 E.37762
G1 X77.447 Y8.678 E.01053
G1 X77.566 Y8.528 E.00648
G1 X77.75 Y8.412 E.00736
G1 X77.905 Y8.368 E.00545
G1 X88.021 Y8.368 E.34241
G1 X88.25 Y8.412 E.00789
G1 X88.434 Y8.528 E.00736
G1 X88.632 Y8.855 E.01294
G1 X88.632 Y20.021 E.37796
G1 X88.571 Y20.288 E.00927
G1 X88.486 Y20.408 E.00498
M204 T250
G1 X88.159 Y20.168 F21000
M204 T7000
;TYPE:External perimeter
G1 F3000
G1 X88.021 Y20.225 E.00505
G1 F2999.998
G1 X77.979 Y20.225 E.33991
G1 F3000
G1 X77.834 Y20.165 E.00531
G1 X77.775 Y20.021 E.00527
G1 F2999.998
G1 X77.775 Y8.979 E.37376
G1 F3000
G1 X77.841 Y8.828 E.00558
G1 X77.954 Y8.775 E.00422
G1 F2999.998
G1 X88.021 Y8.775 E.34076
G1 F3000
G1 X88.159 Y8.828 E.005
G1 X88.225 Y8.979 E.00558
G1 F2999.998
G1 X88.225 Y20.021 E.37376
G1 F3000
G1 X88.186 Y20.116 E.00348
G1 E-.16 F2700
;WIPE_START
G1 F16800
G1 X88.159 Y20.168 E-.00895
G1 X88.021 Y20.225 E-.0228
G1 X84.037 Y20.225 E-.60825
;WIPE_END
G1 X91.977 Y21.031 Z3.539 F21000
G1 Z3.4 F720
G1 E.8 F1500
;TYPE:Perimeter
G1 F4200
G1 X92.408 Y21.327 E.0177
G1 X92.979 Y21.446 E.01974
G1 X159.554 Y21.446 E2.25348
G1 X159.554 Y22.554 E.0375
G1 X6.446 Y22.554 E5.18252
G1 X6.446 Y21.446 E.0375
M73 P81 R2
G1 X73.197 Y21.446 E2.25944
G1 X73.592 Y21.327 E.01396
M73 Q81 S2
G1 X74.035 Y21.023 E.01819
G1 X74.303 Y20.643 E.01574
G1 X74.406 Y20.357 E.01029
G1 X74.446 Y20.021 E.01145
G1 X74.446 Y6.446 E.4595
G1 X91.554 Y6.446 E.57908
G1 X91.554 Y20.126 E.46305
G1 X91.697 Y20.643 E.01816
G1 X91.939 Y20.986 E.01421
G1 X92.264 Y20.743 F21000
G1 F4200
G1 X92.571 Y20.954 E.01261
G1 X92.979 Y21.039 E.01411
G1 X159.961 Y21.039 E2.26726
G1 X159.961 Y22.961 E.06506
G1 X6.039 Y22.961 E5.21007
G1 X6.039 Y21.039 E.06506
M73 P82 R2
G1 X73.021 Y21.039 E2.26726
G1 X73.429 Y20.954 E.01411
G1 X73.745 Y20.737 E.01298
G1 X73.937 Y20.466 E.01124
G1 X74.01 Y20.261 E.00737
G1 X74.039 Y20.021 E.00818
G1 X74.039 Y6.039 E.47327
G1 X91.961 Y6.039 E.60664
G1 X91.961 Y20.096 E.47581
G1 X92.063 Y20.466 E.01299
G1 X92.226 Y20.697 E.00957
G1 X92.551 Y20.455 F21000
G1 F4200
G1 X92.734 Y20.581 E.00752
G1 X92.979 Y20.632 E.00847
G1 X160.368 Y20.632 E2.28103
G1 X160.368 Y23.368 E.09261
G1 X5.632 Y23.368 E5.23762
G1 X5.632 Y20.632 E.09261
M73 P82 R1
M73 Q82 S2
G1 X73.021 Y20.632 E2.28103
G1 X73.266 Y20.581 E.00847
G1 X73.456 Y20.451 E.00779
G1 X73.571 Y20.288 E.00675
G1 X73.632 Y20.021 E.00927
G1 X73.632 Y5.632 E.48705
G1 X92.368 Y5.632 E.63419
G1 X92.368 Y20.135 E.49091
G1 X92.519 Y20.405 E.01047
M204 T250
G1 X92.841 Y20.168 F21000
M204 T7000
;TYPE:External perimeter
G1 F3000
G1 X92.979 Y20.225 E.00505
G1 F2999.998
G1 X160.775 Y20.225 E2.29481
G1 X160.775 Y23.775 E.12016
M73 P83 R1
G1 X5.225 Y23.775 E5.26517
G1 X5.225 Y20.225 E.12016
M73 Q83 S2
G1 X73.021 Y20.225 E2.29481
G1 F3000
G1 X73.166 Y20.165 E.00531
G1 X73.225 Y20.021 E.00527
G1 F2999.998
G1 X73.225 Y5.225 E.50083
G1 X92.775 Y5.225 E.66174
G1 X92.775 Y20.021 E.50083
G1 F3000
M73 P84 R1
G1 X92.814 Y20.116 E.00348
G1 E-.16 F2700
;WIPE_START
G1 F16800
G1 X92.841 Y20.168 E-.00895
G1 X92.979 Y20.225 E-.0228
G1 X96.963 Y20.225 E-.60825
;WIPE_END
G1 X67.942 Y20.862 Z3.907 F21000
G1 X65.804 Y20.909 Z3.94
G1 X63.666 Y20.956 Z3.966
G1 X61.528 Y21.003 Z3.985
G1 X57.253 Y21.097 Z4
G1 X6.794 Y22.206
G1 Z3.4 F720
G1 E.8 F1500
;TYPE:Solid infill
;WIDTH:0.454206
G1 F8400
G1 X6.794 Y21.794 E.01409
G1 X73.255 Y21.794 E2.27287
G1 X73.761 Y21.626 E.01823
;WIDTH:0.449999
G1 X74.302 Y21.24 E.0225
G1 X74.598 Y20.821 E.01736
G1 X74.736 Y20.459 E.01311
G1 X74.786 Y20.158 E.01033
G1 X74.792 Y6.792 E.45242
G1 X76.564 Y6.792 E.05998
;WIDTH:0.451181
G1 X77.263 Y6.793 E.02373
;WIDTH:0.454206
G1 X88.699 Y6.792 E.39109
;WIDTH:0.449999
G1 X91.208 Y6.792 E.08493
G1 X91.208 Y20.02 E.44775
G1 X91.253 Y20.414 E.01342
G1 X91.402 Y20.821 E.01467
G1 X91.749 Y21.29 E.01975
G1 X92.31 Y21.656 E.02267
;WIDTH:0.454205
G1 X92.985 Y21.794 E.02356
G1 X159.206 Y21.794 E2.26466
G1 X159.206 Y22.206 E.01409
G1 X92.253 Y22.208 E2.28969
;WIDTH:0.449999
G1 X88.787 Y22.208 E.11732
;WIDTH:0.454205
G1 X77.253 Y22.208 E.39445
;WIDTH:0.449999
G1 X73.787 Y22.208 E.11732
;WIDTH:0.454205
G1 X6.998 Y22.206 E2.28408
G1 E-.16 F2700
;WIPE_START
G1 F16800
G1 X11.19 Y22.206 E-.64
;WIPE_END
G1 X40.218 Y22.019 Z3.907 F21000
G1 X42.356 Y22.006 Z3.94
G1 X44.494 Y21.992 Z3.966
G1 X46.632 Y21.978 Z3.985
G1 X50.909 Y21.951 Z4
G1 X74.226 Y21.801
G1 Z3.4 F720
M73 Q84 S2
G1 E.8 F1500
;WIDTH:0.449999
G1 F8400
G1 X74.634 Y21.475 E.01768
G1 X75.007 Y20.91 E.02292
;WIDTH:0.490732
G1 X75.116 Y20.587 E.01269
;WIDTH:0.531465
G1 X75.225 Y20.264 E.01385
;WIDTH:0.55019
G1 X75.243 Y20.02 E.01032
G1 X75.247 Y8.982 E.46558
;WIDTH:0.578591
G1 X75.263 Y8.449 E.02375
G1 X75.241 Y8.236 E.00954
;WIDTH:0.535727
G1 X75.22 Y8.022 E.00881
;WIDTH:0.492863
G1 X75.199 Y7.808 E.00804
;WIDTH:0.449999
G1 X75.199 Y7.199 E.02061
G1 X76.766 Y7.199 E.05304
G1 X76.443 Y7.443 E.0137
G1 X76.05 Y7.976 E.02242
;WIDTH:0.492863
G1 X75.965 Y8.145 E.00708
;WIDTH:0.535727
G1 X75.881 Y8.315 E.00777
;WIDTH:0.578591
G1 X75.796 Y8.484 E.00843
G1 X75.752 Y8.983 E.02231
;WIDTH:0.55019
G1 X75.751 Y20.02 E.46554
G1 X75.798 Y20.255 E.01011
;WIDTH:0.508563
G1 X75.845 Y20.49 E.00928
;WIDTH:0.466936
G1 X76.07 Y21.056 E.02147
;WIDTH:0.449999
G1 X76.366 Y21.475 E.01736
G1 X76.774 Y21.801 E.01768
G1 X74.43 Y21.801 E.07934
G1 X75.158 Y21.41 F21000
;WIDTH:0.416647
G1 F8400
G1 X75.332 Y21.142 E.00993
G1 X75.5 Y20.677 E.01536
G1 X75.626 Y21.042 E.012
G1 X75.842 Y21.41 E.01326
G1 X75.362 Y21.41 E.01492
G1 E-.16 F2700
;WIPE_START
G1 F16800
G1 X75.842 Y21.41 E-.07329
G1 X75.626 Y21.042 E-.06515
G1 X75.5 Y20.677 E-.05895
G1 X75.332 Y21.142 E-.07549
G1 X75.158 Y21.41 E-.04879
;WIPE_END
G1 E-.31833 F2700
G1 X77.985 Y21.794 Z3.45 F21000
G1 Z3.4 F720
G1 E.8 F1500
;WIDTH:0.458593
G1 F8400
G1 X77.31 Y21.656 E.02381
;WIDTH:0.449999
G1 X76.749 Y21.29 E.02267
G1 X76.402 Y20.821 E.01975
G1 X76.253 Y20.414 E.01467
G1 X76.208 Y20.02 E.01342
G1 X76.208 Y8.982 E.37362
G1 X76.277 Y8.495 E.01665
G1 X76.456 Y8.08 E.0153
G1 X76.812 Y7.651 E.01887
G1 X77.285 Y7.353 E.01892
;WIDTH:0.454206
G1 X77.747 Y7.206 E.01658
G1 X88.016 Y7.206 E.35119
G1 X88.647 Y7.327 E.02197
;WIDTH:0.449999
G1 X89.188 Y7.651 E.02135
G1 X89.544 Y8.08 E.01887
G1 X89.736 Y8.546 E.01706
G1 X89.792 Y8.983 E.01491
G1 X89.792 Y20.02 E.37359
G1 X89.736 Y20.459 E.01498
G1 X89.598 Y20.821 E.01311
G1 X89.302 Y21.24 E.01736
G1 X88.761 Y21.626 E.0225
;WIDTH:0.454205
G1 X88.255 Y21.794 E.01823
G1 X78.188 Y21.794 E.34428
G1 E-.16 F2700
;WIPE_START
G1 F16800
G1 X82.38 Y21.794 E-.64
;WIPE_END
G1 X89.226 Y21.801 Z3.52 F21000
G1 Z3.4 F720
G1 E.8 F1500
;WIDTH:0.449999
G1 F8400
G1 X89.634 Y21.475 E.01768
G1 X89.93 Y21.056 E.01736
G1 X90.119 Y20.596 E.01683
;WIDTH:0.498562
G1 X90.184 Y20.308 E.01119
;WIDTH:0.547125
G1 X90.248 Y20.02 E.01237
G1 X90.248 Y8.983 E.46272
;WIDTH:0.581248
G1 F8359.216
G1 X90.201 Y8.456 E.02368
G1 X90.106 Y8.272 E.00927
;WIDTH:0.537499
G1 F8400
G1 X90.011 Y8.089 E.00848
;WIDTH:0.493749
G1 X89.916 Y7.906 E.00773
;WIDTH:0.449999
G1 X89.557 Y7.443 E.01983
G1 X89.234 Y7.199 E.0137
G1 X90.801 Y7.199 E.05304
G1 X90.801 Y7.808 E.02061
;WIDTH:0.492725
G1 X90.779 Y8.022 E.00805
;WIDTH:0.535451
G1 X90.758 Y8.236 E.00881
;WIDTH:0.578177
G1 X90.737 Y8.449 E.00953
G1 X90.752 Y8.983 E.02378
;WIDTH:0.547127
G1 X90.752 Y20.071 E.46486
G1 X90.816 Y20.334 E.01135
;WIDTH:0.498563
G1 X90.881 Y20.596 E.01023
;WIDTH:0.449999
G1 X91.07 Y21.056 E.01683
G1 X91.366 Y21.475 E.01736
G1 X91.774 Y21.801 E.01768
G1 X89.43 Y21.801 E.07934
G1 X90.158 Y21.41 F21000
;WIDTH:0.416647
G1 F8400
G1 X90.332 Y21.142 E.00993
G1 X90.5 Y20.672 E.01551
G1 X90.626 Y21.042 E.01215
M73 Q84 S1
G1 X90.842 Y21.41 E.01326
G1 X90.362 Y21.41 E.01492
G1 E-.16 F2700
;WIPE_START
G1 F16800
G1 X90.842 Y21.41 E-.07329
G1 X90.626 Y21.042 E-.06515
G1 X90.5 Y20.672 E-.05968
G1 X90.332 Y21.142 E-.07621
G1 X90.158 Y21.41 E-.04879
;WIPE_END
G1 E-.31688 F2700
G1 X90.375 Y7.625 Z3.641 F21000
G1 Z3.4 F720
G1 E.8 F1500
;WIDTH:0.581984
G1 F8347.803
G1 X90.393 Y7.69 E.00302
G1 X90.345 Y7.737 E.00301
G1 X90.28 Y7.72 E.00301
G1 X90.263 Y7.655 E.00301
G1 X90.31 Y7.607 E.00301
G1 E-.16 F2700
;WIPE_START
G1 F16800
G1 X90.263 Y7.655 E-.01026
G1 X90.28 Y7.72 E-.01026
G1 X90.345 Y7.737 E-.01026
G1 X90.393 Y7.69 E-.01026
G1 X90.375 Y7.625 E-.0103
;WIPE_END
G1 E-.58866 F2700
G1 X75.72 Y7.625 Z3.656 F21000
G1 Z3.4 F720
G1 E.8 F1500
;WIDTH:0.582328
G1 F8342.479
G1 X75.737 Y7.69 E.00301
G1 X75.69 Y7.738 E.00301
G1 X75.624 Y7.72 E.00307
G1 X75.607 Y7.655 E.00301
G1 X75.655 Y7.607 E.00304
;LAYER_CHANGE
;Z:3.6
;HEIGHT:0.2
;BEFORE_LAYER_CHANGE
G92 E0.0
;3.6


G1 E-.16 F2700
;WIPE_START
G1 F16800
G1 X75.607 Y7.655 E-.01036
G1 X75.624 Y7.72 E-.01026
G1 X75.69 Y7.738 E-.01044
G1 X75.737 Y7.69 E-.01026
G1 X75.72 Y7.625 E-.01026
;WIPE_END
G1 E-.58842 F2700
G1 X75.72 Y7.625 Z3.4 F21000
G1 X89.024 Y21.03 Z3.73
;AFTER_LAYER_CHANGE
;3.6
G1 Z3.6 F720
G1 E.8 F1500
;TYPE:Perimeter
;WIDTH:0.449999
G1 F4200
G1 X88.592 Y21.327 E.01775
G1 X88.197 Y21.446 E.01396
G1 X77.979 Y21.446 E.34587
G1 X77.408 Y21.327 E.01974
G1 X76.965 Y21.023 E.01819
G1 X76.697 Y20.643 E.01574
G1 X76.554 Y20.126 E.01816
G1 X76.554 Y8.979 E.37731
G1 X76.602 Y8.609 E.01263
G1 X76.739 Y8.276 E.01219
G1 X77.017 Y7.928 E.01508
G1 X77.445 Y7.657 E.01715
G1 X77.807 Y7.554 E.01274
G1 X88.021 Y7.554 E.34573
G1 X88.555 Y7.657 E.01841
G1 X88.983 Y7.928 E.01715
G1 X89.261 Y8.276 E.01508
G1 X89.398 Y8.609 E.01219
G1 X89.446 Y8.979 E.01263
G1 X89.446 Y20.021 E.37376
G1 X89.406 Y20.357 E.01145
G1 X89.303 Y20.643 E.01029
G1 X89.062 Y20.985 E.01416
G1 X88.736 Y20.743 F21000
G1 F4200
G1 X88.429 Y20.954 E.01261
G1 X88.021 Y21.039 E.01411
G1 X77.979 Y21.039 E.33991
G1 X77.571 Y20.954 E.01411
G1 X77.255 Y20.737 E.01298
G1 X77.063 Y20.466 E.01124
G1 X76.961 Y20.096 E.01299
G1 X76.961 Y8.979 E.3763
G1 X76.996 Y8.715 E.00901
M73 P85 R1
G1 X77.093 Y8.477 E.0087
G1 X77.291 Y8.228 E.01077
G1 X77.597 Y8.035 E.01225
G1 X77.856 Y7.961 E.00912
G1 X88.021 Y7.961 E.34407
G1 X88.403 Y8.035 E.01317
G1 X88.709 Y8.228 E.01225
G1 X88.907 Y8.477 E.01077
G1 X89.004 Y8.715 E.0087
G1 X89.039 Y8.979 E.00901
G1 X89.039 Y20.021 E.37376
G1 X89.01 Y20.261 E.00818
G1 X88.937 Y20.466 E.00737
G1 X88.774 Y20.697 E.00957
G1 X88.45 Y20.455 F21000
G1 F4200
G1 X88.266 Y20.581 E.00755
G1 X88.021 Y20.632 E.00847
G1 X77.979 Y20.632 E.33991
G1 X77.734 Y20.581 E.00847
G1 X77.544 Y20.451 E.00779
G1 X77.368 Y20.135 E.01224
G1 X77.368 Y8.979 E.37762
G1 X77.447 Y8.678 E.01053
G1 X77.566 Y8.528 E.00648
G1 X77.75 Y8.412 E.00736
G1 X77.905 Y8.368 E.00545
G1 X88.021 Y8.368 E.34241
G1 X88.25 Y8.412 E.00789
G1 X88.434 Y8.528 E.00736
G1 X88.632 Y8.855 E.01294
G1 X88.632 Y20.021 E.37796
G1 X88.571 Y20.288 E.00927
G1 X88.486 Y20.408 E.00498
M204 T250
G1 X88.159 Y20.168 F21000
M204 T7000
;TYPE:External perimeter
G1 F3000
G1 X88.021 Y20.225 E.00505
G1 F2999.998
G1 X77.979 Y20.225 E.33991
G1 F3000
G1 X77.834 Y20.165 E.00531
G1 X77.775 Y20.021 E.00527
G1 F2999.998
G1 X77.775 Y8.979 E.37376
G1 F3000
G1 X77.841 Y8.828 E.00558
G1 X77.954 Y8.775 E.00422
G1 F2999.998
G1 X88.021 Y8.775 E.34076
G1 F3000
G1 X88.159 Y8.828 E.005
G1 X88.225 Y8.979 E.00558
G1 F2999.998
G1 X88.225 Y20.021 E.37376
G1 F3000
G1 X88.186 Y20.116 E.00348
G1 E-.16 F2700
;WIPE_START
G1 F16800
G1 X88.159 Y20.168 E-.00895
G1 X88.021 Y20.225 E-.0228
G1 X84.037 Y20.225 E-.60825
;WIPE_END
G1 X91.977 Y21.031 Z3.739 F21000
G1 Z3.6 F720
G1 E.8 F1500
;TYPE:Perimeter
G1 F4200
G1 X92.408 Y21.327 E.0177
G1 X92.979 Y21.446 E.01974
G1 X159.554 Y21.446 E2.25348
G1 X159.554 Y22.554 E.0375
M73 Q85 S1
G1 X6.446 Y22.554 E5.18252
G1 X6.446 Y21.446 E.0375
G1 X73.197 Y21.446 E2.25944
G1 X73.592 Y21.327 E.01396
G1 X74.035 Y21.023 E.01819
G1 X74.303 Y20.643 E.01574
G1 X74.406 Y20.357 E.01029
G1 X74.446 Y20.021 E.01145
G1 X74.446 Y6.446 E.4595
G1 X91.554 Y6.446 E.57908
G1 X91.554 Y20.126 E.46305
M73 P86 R1
G1 X91.697 Y20.643 E.01816
G1 X91.939 Y20.986 E.01421
G1 X92.264 Y20.743 F21000
G1 F4200
G1 X92.571 Y20.954 E.01261
G1 X92.979 Y21.039 E.01411
G1 X159.961 Y21.039 E2.26726
G1 X159.961 Y22.961 E.06506
G1 X6.039 Y22.961 E5.21007
G1 X6.039 Y21.039 E.06506
M73 Q86 S1
G1 X73.021 Y21.039 E2.26726
G1 X73.429 Y20.954 E.01411
G1 X73.745 Y20.737 E.01298
G1 X73.937 Y20.466 E.01124
G1 X74.01 Y20.261 E.00737
G1 X74.039 Y20.021 E.00818
G1 X74.039 Y6.039 E.47327
G1 X91.961 Y6.039 E.60664
G1 X91.961 Y20.096 E.47581
G1 X92.063 Y20.466 E.01299
G1 X92.226 Y20.697 E.00957
G1 X92.551 Y20.455 F21000
G1 F4200
G1 X92.734 Y20.581 E.00752
G1 X92.979 Y20.632 E.00847
G1 X160.368 Y20.632 E2.28103
G1 X160.368 Y23.368 E.09261
G1 X5.632 Y23.368 E5.23762
G1 X5.632 Y20.632 E.09261
M73 P87 R1
G1 X73.021 Y20.632 E2.28103
G1 X73.266 Y20.581 E.00847
G1 X73.456 Y20.451 E.00779
G1 X73.571 Y20.288 E.00675
G1 X73.632 Y20.021 E.00927
G1 X73.632 Y5.632 E.48705
G1 X92.368 Y5.632 E.63419
G1 X92.368 Y20.135 E.49091
G1 X92.519 Y20.405 E.01047
M204 T250
G1 X92.841 Y20.168 F21000
M204 T7000
;TYPE:External perimeter
G1 F3000
G1 X92.979 Y20.225 E.00505
G1 F2999.998
G1 X160.775 Y20.225 E2.29481
G1 X160.775 Y23.775 E.12016
M73 Q87 S1
G1 X5.225 Y23.775 E5.26517
G1 X5.225 Y20.225 E.12016
M73 P88 R1
G1 X73.021 Y20.225 E2.29481
G1 F3000
G1 X73.166 Y20.165 E.00531
G1 X73.225 Y20.021 E.00527
G1 F2999.998
G1 X73.225 Y5.225 E.50083
G1 X92.775 Y5.225 E.66174
G1 X92.775 Y20.021 E.50083
G1 F3000
G1 X92.814 Y20.116 E.00348
G1 E-.16 F2700
;WIPE_START
G1 F16800
G1 X92.841 Y20.168 E-.00895
G1 X92.979 Y20.225 E-.0228
G1 X96.963 Y20.225 E-.60825
;WIPE_END
G1 X77.981 Y6.794 Z4.006 F21000
G1 Z3.6 F720
G1 E.8 F1500
;TYPE:Solid infill
;WIDTH:0.454206
G1 F8400
G1 X88.699 Y6.792 E.36654
;WIDTH:0.449999
G1 X91.208 Y6.792 E.08493
G1 X91.208 Y20.02 E.44775
G1 X91.253 Y20.414 E.01342
G1 X91.402 Y20.821 E.01467
G1 X91.749 Y21.29 E.01975
G1 X92.31 Y21.656 E.02267
;WIDTH:0.454205
G1 X92.985 Y21.794 E.02356
G1 X159.206 Y21.794 E2.26466
G1 X159.206 Y22.206 E.01409
M73 Q88 S1
G1 X92.253 Y22.208 E2.28969
;WIDTH:0.449999
G1 X88.787 Y22.208 E.11732
;WIDTH:0.454205
G1 X77.253 Y22.208 E.39445
;WIDTH:0.449999
G1 X73.787 Y22.208 E.11732
;WIDTH:0.454205
G1 X6.794 Y22.206 E2.29106
G1 X6.794 Y21.794 E.01409
G1 X73.255 Y21.794 E2.27287
G1 X73.761 Y21.626 E.01823
;WIDTH:0.449999
G1 X74.302 Y21.24 E.0225
G1 X74.598 Y20.821 E.01736
G1 X74.736 Y20.459 E.01311
G1 X74.786 Y20.158 E.01033
G1 X74.792 Y6.792 E.45242
G1 X76.564 Y6.792 E.05998
;WIDTH:0.451181
G1 X77.263 Y6.793 E.02373
;WIDTH:0.453349
G1 X77.778 Y6.794 E.01758
G1 X76.766 Y7.199 F21000
;WIDTH:0.449999
G1 F8400
G1 X76.443 Y7.443 E.0137
G1 X76.05 Y7.976 E.02242
;WIDTH:0.492864
G1 X75.965 Y8.145 E.00708
;WIDTH:0.535728
G1 X75.881 Y8.315 E.00777
;WIDTH:0.578592
G1 X75.796 Y8.484 E.00843
G1 X75.752 Y8.983 E.02231
;WIDTH:0.55019
G1 X75.751 Y20.02 E.46554
G1 X75.798 Y20.255 E.01011
;WIDTH:0.508563
G1 X75.845 Y20.49 E.00928
;WIDTH:0.466935
G1 X76.07 Y21.056 E.02147
;WIDTH:0.449999
G1 X76.366 Y21.475 E.01736
G1 X76.774 Y21.801 E.01768
G1 X74.226 Y21.801 E.08625
G1 X74.634 Y21.475 E.01768
G1 X75.007 Y20.91 E.02292
;WIDTH:0.490732
G1 X75.116 Y20.587 E.01269
;WIDTH:0.531465
G1 X75.225 Y20.264 E.01385
;WIDTH:0.55019
G1 X75.243 Y20.02 E.01032
G1 X75.247 Y8.982 E.46558
;WIDTH:0.578592
G1 X75.263 Y8.449 E.02375
G1 X75.241 Y8.236 E.00954
;WIDTH:0.535728
G1 X75.22 Y8.022 E.00881
;WIDTH:0.492864
G1 X75.199 Y7.808 E.00804
;WIDTH:0.449999
G1 X75.199 Y7.199 E.02061
G1 X76.562 Y7.199 E.04614
G1 E-.16 F2700
;WIPE_START
G1 F16800
G1 X75.199 Y7.199 E-.2081
G1 X75.199 Y7.808 E-.09298
G1 X75.22 Y8.022 E-.03283
G1 X75.241 Y8.236 E-.03283
G1 X75.263 Y8.449 E-.03269
G1 X75.247 Y8.982 E-.08141
G1 X75.247 Y10.024 E-.15916
;WIPE_END
G1 X87.812 Y7.206 Z3.825 F21000
G1 Z3.6 F720
M73 P89 R1
G1 E.8 F1500
;WIDTH:0.454206
G1 F8400
G1 X77.747 Y7.206 E.34421
G1 X77.285 Y7.353 E.01658
;WIDTH:0.449999
G1 X76.812 Y7.651 E.01892
G1 X76.456 Y8.08 E.01887
G1 X76.277 Y8.495 E.0153
G1 X76.208 Y8.982 E.01665
G1 X76.208 Y20.02 E.37362
G1 X76.253 Y20.414 E.01342
G1 X76.402 Y20.821 E.01467
G1 X76.749 Y21.29 E.01975
G1 X77.31 Y21.656 E.02267
;WIDTH:0.454206
G1 X77.985 Y21.794 E.02356
G1 X88.255 Y21.794 E.35122
G1 X88.761 Y21.626 E.01823
;WIDTH:0.449999
G1 X89.302 Y21.24 E.0225
G1 X89.598 Y20.821 E.01736
G1 X89.736 Y20.459 E.01311
G1 X89.792 Y20.02 E.01498
G1 X89.792 Y8.983 E.37359
G1 X89.736 Y8.546 E.01491
G1 X89.544 Y8.08 E.01706
G1 X89.188 Y7.651 E.01887
G1 X88.647 Y7.327 E.02135
;WIDTH:0.454205
G1 X88.016 Y7.206 E.02197
G1 X89.234 Y7.199 F21000
;WIDTH:0.449999
G1 F8400
G1 X90.801 Y7.199 E.05304
G1 X90.801 Y7.808 E.02061
;WIDTH:0.492726
G1 X90.779 Y8.022 E.00805
;WIDTH:0.535452
G1 X90.758 Y8.236 E.00881
;WIDTH:0.578178
G1 X90.737 Y8.449 E.00953
G1 X90.752 Y8.983 E.02378
;WIDTH:0.547128
G1 X90.752 Y20.093 E.46579
G1 X90.816 Y20.345 E.0109
;WIDTH:0.498563
G1 X90.881 Y20.596 E.00982
;WIDTH:0.449999
G1 X91.07 Y21.056 E.01683
G1 X91.366 Y21.475 E.01736
G1 X91.774 Y21.801 E.01768
G1 X89.226 Y21.801 E.08625
G1 X89.634 Y21.475 E.01768
G1 X89.93 Y21.056 E.01736
G1 X90.119 Y20.596 E.01683
;WIDTH:0.498563
G1 X90.184 Y20.308 E.01119
;WIDTH:0.547126
G1 X90.248 Y20.02 E.01237
G1 X90.248 Y8.983 E.46273
;WIDTH:0.58125
G1 F8359.185
G1 X90.201 Y8.456 E.02368
G1 X90.106 Y8.272 E.00927
;WIDTH:0.5375
G1 F8400
G1 X90.011 Y8.089 E.00848
;WIDTH:0.49375
G1 X89.916 Y7.906 E.00773
;WIDTH:0.449999
G1 X89.557 Y7.443 E.01983
G1 X89.397 Y7.322 E.00679
G1 X90.393 Y7.655 F21000
;WIDTH:0.581982
G1 F8347.833
G1 X90.345 Y7.607 E.00304
G1 X90.28 Y7.625 E.00302
G1 X90.263 Y7.69 E.00301
G1 X90.31 Y7.737 E.00298
G1 X90.375 Y7.72 E.00301
G1 E-.16 F2700
;WIPE_START
G1 F16800
G1 X90.31 Y7.737 E-.01026
G1 X90.263 Y7.69 E-.01015
G1 X90.28 Y7.625 E-.01026
G1 X90.345 Y7.607 E-.0103
G1 X90.393 Y7.655 E-.01036
;WIPE_END
G1 E-.58867 F2700
G1 X90.5 Y20.672 Z3.827 F21000
G1 Z3.6 F720
G1 E.8 F1500
;WIDTH:0.416647
G1 F8400
G1 X90.626 Y21.042 E.01215
G1 X90.842 Y21.41 E.01326
G1 X90.158 Y21.41 E.02126
G1 X90.332 Y21.142 E.00993
G1 X90.431 Y20.863 E.0092
G1 E-.16 F2700
;WIPE_START
G1 F16800
G1 X90.332 Y21.142 E-.0452
G1 X90.158 Y21.41 E-.04879
G1 X90.842 Y21.41 E-.10443
G1 X90.626 Y21.042 E-.06515
G1 X90.5 Y20.672 E-.05968
;WIPE_END
G1 E-.31675 F2700
G1 X75.5 Y20.677 Z3.862 F21000
G1 Z3.6 F720
G1 E.8 F1500
G1 F8400
G1 X75.626 Y21.042 E.012
G1 X75.842 Y21.41 E.01326
G1 X75.158 Y21.41 E.02126
G1 X75.332 Y21.142 E.00993
G1 X75.431 Y20.868 E.00905
G1 E-.16 F2700
;WIPE_START
G1 F16800
G1 X75.332 Y21.142 E-.04448
G1 X75.158 Y21.41 E-.04879
G1 X75.842 Y21.41 E-.10443
G1 X75.626 Y21.042 E-.06515
G1 X75.5 Y20.677 E-.05895
;WIPE_END
G1 E-.3182 F2700
G1 X75.72 Y7.72 Z3.826 F21000
G1 Z3.6 F720
G1 E.8 F1500
;WIDTH:0.582328
G1 F8342.479
G1 X75.655 Y7.738 E.00303
G1 X75.607 Y7.69 E.00304
G1 X75.624 Y7.625 E.00301
G1 X75.69 Y7.607 E.00307
G1 X75.737 Y7.655 E.00301
;LAYER_CHANGE
;Z:3.8
;HEIGHT:0.2
;BEFORE_LAYER_CHANGE
G92 E0.0
;3.8


G1 E-.16 F2700
;WIPE_START
G1 F16800
G1 X75.69 Y7.607 E-.01026
G1 X75.624 Y7.625 E-.01044
G1 X75.607 Y7.69 E-.01026
G1 X75.655 Y7.738 E-.01036
G1 X75.72 Y7.72 E-.0103
;WIPE_END
G1 E-.58838 F2700
G1 X75.72 Y7.72 Z3.6 F21000
G1 X89.024 Y21.03 Z3.928
;AFTER_LAYER_CHANGE
;3.8
G1 Z3.8 F720
G1 E.8 F1500
;TYPE:Perimeter
;WIDTH:0.449999
G1 F4200
G1 X88.592 Y21.327 E.01775
G1 X88.197 Y21.446 E.01396
G1 X77.979 Y21.446 E.34587
G1 X77.408 Y21.327 E.01974
G1 X76.965 Y21.023 E.01819
G1 X76.697 Y20.643 E.01574
G1 X76.554 Y20.126 E.01816
G1 X76.554 Y8.979 E.37731
G1 X76.602 Y8.609 E.01263
G1 X76.739 Y8.276 E.01219
G1 X77.017 Y7.928 E.01508
G1 X77.445 Y7.657 E.01715
G1 X77.807 Y7.554 E.01274
G1 X88.021 Y7.554 E.34573
G1 X88.555 Y7.657 E.01841
G1 X88.983 Y7.928 E.01715
G1 X89.261 Y8.276 E.01508
G1 X89.398 Y8.609 E.01219
G1 X89.446 Y8.979 E.01263
G1 X89.446 Y20.021 E.37376
G1 X89.406 Y20.357 E.01145
G1 X89.303 Y20.643 E.01029
G1 X89.062 Y20.985 E.01416
G1 X88.736 Y20.743 F21000
G1 F4200
G1 X88.429 Y20.954 E.01261
G1 X88.021 Y21.039 E.01411
G1 X77.979 Y21.039 E.33991
G1 X77.571 Y20.954 E.01411
G1 X77.255 Y20.737 E.01298
G1 X77.063 Y20.466 E.01124
G1 X76.961 Y20.096 E.01299
G1 X76.961 Y8.979 E.3763
G1 X76.996 Y8.715 E.00901
G1 X77.093 Y8.477 E.0087
G1 X77.291 Y8.228 E.01077
G1 X77.597 Y8.035 E.01225
G1 X77.856 Y7.961 E.00912
G1 X88.021 Y7.961 E.34407
G1 X88.403 Y8.035 E.01317
G1 X88.709 Y8.228 E.01225
G1 X88.907 Y8.477 E.01077
G1 X89.004 Y8.715 E.0087
G1 X89.039 Y8.979 E.00901
G1 X89.039 Y20.021 E.37376
G1 X89.01 Y20.261 E.00818
G1 X88.937 Y20.466 E.00737
G1 X88.774 Y20.697 E.00957
G1 X88.45 Y20.455 F21000
G1 F4200
G1 X88.266 Y20.581 E.00755
G1 X88.021 Y20.632 E.00847
G1 X77.979 Y20.632 E.33991
G1 X77.734 Y20.581 E.00847
M73 Q89 S1
G1 X77.544 Y20.451 E.00779
G1 X77.368 Y20.135 E.01224
G1 X77.368 Y8.979 E.37762
G1 X77.447 Y8.678 E.01053
G1 X77.566 Y8.528 E.00648
G1 X77.75 Y8.412 E.00736
G1 X77.905 Y8.368 E.00545
G1 X88.021 Y8.368 E.34241
G1 X88.25 Y8.412 E.00789
G1 X88.434 Y8.528 E.00736
G1 X88.632 Y8.855 E.01294
G1 X88.632 Y20.021 E.37796
G1 X88.571 Y20.288 E.00927
G1 X88.486 Y20.408 E.00498
M204 T250
G1 X88.159 Y20.168 F21000
M204 T7000
;TYPE:External perimeter
G1 F3000
G1 X88.021 Y20.225 E.00505
G1 F2999.998
G1 X77.979 Y20.225 E.33991
G1 F3000
G1 X77.834 Y20.165 E.00531
G1 X77.775 Y20.021 E.00527
G1 F2999.998
G1 X77.775 Y8.979 E.37376
G1 F3000
G1 X77.841 Y8.828 E.00558
G1 X77.954 Y8.775 E.00422
G1 F2999.998
G1 X88.021 Y8.775 E.34076
G1 F3000
G1 X88.159 Y8.828 E.005
G1 X88.225 Y8.979 E.00558
G1 F2999.998
G1 X88.225 Y20.021 E.37376
G1 F3000
G1 X88.186 Y20.116 E.00348
G1 E-.16 F2700
;WIPE_START
G1 F16800
G1 X88.159 Y20.168 E-.00895
G1 X88.021 Y20.225 E-.0228
G1 X84.037 Y20.225 E-.60825
;WIPE_END
G1 X91.977 Y21.031 Z3.939 F21000
G1 Z3.8 F720
G1 E.8 F1500
;TYPE:Perimeter
G1 F4200
G1 X92.408 Y21.327 E.0177
G1 X92.979 Y21.446 E.01974
G1 X159.554 Y21.446 E2.25348
G1 X159.554 Y22.554 E.0375
G1 X6.446 Y22.554 E5.18252
G1 X6.446 Y21.446 E.0375
M73 P90 R1
G1 X73.197 Y21.446 E2.25944
G1 X73.592 Y21.327 E.01396
G1 X74.035 Y21.023 E.01819
G1 X74.303 Y20.643 E.01574
G1 X74.406 Y20.357 E.01029
G1 X74.446 Y20.021 E.01145
G1 X74.446 Y6.446 E.4595
G1 X91.554 Y6.446 E.57908
G1 X91.554 Y20.126 E.46305
G1 X91.697 Y20.643 E.01816
G1 X91.939 Y20.986 E.01421
G1 X92.264 Y20.743 F21000
G1 F4200
G1 X92.571 Y20.954 E.01261
G1 X92.979 Y21.039 E.01411
G1 X159.961 Y21.039 E2.26726
G1 X159.961 Y22.961 E.06506
M73 Q90 S1
G1 X6.039 Y22.961 E5.21007
G1 X6.039 Y21.039 E.06506
G1 X73.021 Y21.039 E2.26726
G1 X73.429 Y20.954 E.01411
M73 P91 R1
G1 X73.745 Y20.737 E.01298
G1 X73.937 Y20.466 E.01124
G1 X74.01 Y20.261 E.00737
G1 X74.039 Y20.021 E.00818
G1 X74.039 Y6.039 E.47327
G1 X91.961 Y6.039 E.60664
G1 X91.961 Y20.096 E.47581
G1 X92.063 Y20.466 E.01299
G1 X92.226 Y20.697 E.00957
G1 X92.551 Y20.455 F21000
G1 F4200
G1 X92.734 Y20.581 E.00752
G1 X92.979 Y20.632 E.00847
G1 X160.368 Y20.632 E2.28103
G1 X160.368 Y23.368 E.09261
M73 P91 R0
G1 X5.632 Y23.368 E5.23762
G1 X5.632 Y20.632 E.09261
M73 Q91 S1
G1 X73.021 Y20.632 E2.28103
G1 X73.266 Y20.581 E.00847
G1 X73.456 Y20.451 E.00779
G1 X73.571 Y20.288 E.00675
G1 X73.632 Y20.021 E.00927
G1 X73.632 Y5.632 E.48705
G1 X92.368 Y5.632 E.63419
G1 X92.368 Y20.135 E.49091
G1 X92.519 Y20.405 E.01047
M204 T250
G1 X92.841 Y20.168 F21000
M204 T7000
;TYPE:External perimeter
G1 F3000
G1 X92.979 Y20.225 E.00505
G1 F2999.998
G1 X160.775 Y20.225 E2.29481
G1 X160.775 Y23.775 E.12016
M73 P92 R0
G1 X5.225 Y23.775 E5.26517
G1 X5.225 Y20.225 E.12016
G1 X73.021 Y20.225 E2.29481
G1 F3000
M73 Q92 S1
G1 X73.166 Y20.165 E.00531
G1 X73.225 Y20.021 E.00527
G1 F2999.998
G1 X73.225 Y5.225 E.50083
G1 X92.775 Y5.225 E.66174
G1 X92.775 Y20.021 E.50083
G1 F3000
G1 X92.814 Y20.116 E.00348
G1 E-.16 F2700
;WIPE_START
G1 F16800
G1 X92.841 Y20.168 E-.00895
G1 X92.979 Y20.225 E-.0228
G1 X96.963 Y20.225 E-.60825
;WIPE_END
G1 X67.942 Y20.862 Z4.307 F21000
G1 X65.804 Y20.909 Z4.34
M73 Q92 S0
G1 X63.666 Y20.956 Z4.366
G1 X61.528 Y21.003 Z4.385
G1 X57.253 Y21.097 Z4.4
G1 X6.794 Y22.206
G1 Z3.8 F720
M73 P93 R0
G1 E.8 F1500
;TYPE:Solid infill
;WIDTH:0.454206
G1 F8400
G1 X6.794 Y21.794 E.01409
G1 X73.255 Y21.794 E2.27287
G1 X73.761 Y21.626 E.01823
;WIDTH:0.449999
G1 X74.302 Y21.24 E.0225
G1 X74.598 Y20.821 E.01736
G1 X74.736 Y20.459 E.01311
G1 X74.786 Y20.158 E.01033
G1 X74.792 Y6.792 E.45242
G1 X76.564 Y6.792 E.05998
;WIDTH:0.451181
G1 X77.263 Y6.793 E.02373
;WIDTH:0.454206
G1 X88.699 Y6.792 E.39109
;WIDTH:0.449999
G1 X91.208 Y6.792 E.08493
G1 X91.208 Y20.02 E.44775
G1 X91.253 Y20.414 E.01342
G1 X91.402 Y20.821 E.01467
G1 X91.749 Y21.29 E.01975
G1 X92.31 Y21.656 E.02267
;WIDTH:0.454205
G1 X92.985 Y21.794 E.02356
G1 X159.206 Y21.794 E2.26466
G1 X159.206 Y22.206 E.01409
G1 X92.253 Y22.208 E2.28969
;WIDTH:0.449999
G1 X88.787 Y22.208 E.11732
;WIDTH:0.454205
G1 X77.253 Y22.208 E.39445
;WIDTH:0.449999
G1 X73.787 Y22.208 E.11732
;WIDTH:0.454205
G1 X6.998 Y22.206 E2.28408
G1 E-.16 F2700
;WIPE_START
G1 F16800
G1 X11.19 Y22.206 E-.64
;WIPE_END
G1 X40.218 Y22.019 Z4.307 F21000
G1 X42.356 Y22.006 Z4.34
G1 X44.494 Y21.992 Z4.366
G1 X46.632 Y21.978 Z4.385
G1 X50.909 Y21.951 Z4.4
G1 X74.226 Y21.801
G1 Z3.8 F720
G1 E.8 F1500
;WIDTH:0.449999
G1 F8400
G1 X74.634 Y21.475 E.01768
G1 X75.007 Y20.91 E.02292
;WIDTH:0.490732
G1 X75.116 Y20.587 E.01269
;WIDTH:0.531465
G1 X75.225 Y20.264 E.01385
;WIDTH:0.55019
G1 X75.243 Y20.02 E.01032
G1 X75.247 Y8.982 E.46558
;WIDTH:0.578591
G1 X75.263 Y8.449 E.02375
G1 X75.241 Y8.236 E.00954
;WIDTH:0.535727
G1 X75.22 Y8.022 E.00881
;WIDTH:0.492863
G1 X75.199 Y7.808 E.00804
;WIDTH:0.449999
G1 X75.199 Y7.199 E.02061
G1 X76.766 Y7.199 E.05304
G1 X76.443 Y7.443 E.0137
G1 X76.05 Y7.976 E.02242
;WIDTH:0.492863
G1 X75.965 Y8.145 E.00708
;WIDTH:0.535727
G1 X75.881 Y8.315 E.00777
;WIDTH:0.578591
G1 X75.796 Y8.484 E.00843
G1 X75.752 Y8.983 E.02231
;WIDTH:0.55019
G1 X75.751 Y20.02 E.46554
G1 X75.798 Y20.255 E.01011
;WIDTH:0.508563
G1 X75.845 Y20.49 E.00928
;WIDTH:0.466936
G1 X76.07 Y21.056 E.02147
;WIDTH:0.449999
G1 X76.366 Y21.475 E.01736
G1 X76.774 Y21.801 E.01768
G1 X74.43 Y21.801 E.07934
G1 X75.158 Y21.41 F21000
;WIDTH:0.416647
G1 F8400
G1 X75.332 Y21.142 E.00993
G1 X75.5 Y20.677 E.01536
G1 X75.626 Y21.042 E.012
G1 X75.842 Y21.41 E.01326
G1 X75.362 Y21.41 E.01492
G1 E-.16 F2700
;WIPE_START
G1 F16800
G1 X75.842 Y21.41 E-.07329
G1 X75.626 Y21.042 E-.06515
G1 X75.5 Y20.677 E-.05895
G1 X75.332 Y21.142 E-.07549
G1 X75.158 Y21.41 E-.04879
;WIPE_END
G1 E-.31833 F2700
G1 X77.985 Y21.794 Z3.85 F21000
G1 Z3.8 F720
G1 E.8 F1500
;WIDTH:0.458593
G1 F8400
G1 X77.31 Y21.656 E.02381
;WIDTH:0.449999
G1 X76.749 Y21.29 E.02267
G1 X76.402 Y20.821 E.01975
G1 X76.253 Y20.414 E.01467
G1 X76.208 Y20.02 E.01342
G1 X76.208 Y8.982 E.37362
G1 X76.277 Y8.495 E.01665
G1 X76.456 Y8.08 E.0153
G1 X76.812 Y7.651 E.01887
G1 X77.285 Y7.353 E.01892
;WIDTH:0.454206
G1 X77.747 Y7.206 E.01658
G1 X88.016 Y7.206 E.35119
G1 X88.647 Y7.327 E.02197
;WIDTH:0.449999
G1 X89.188 Y7.651 E.02135
G1 X89.544 Y8.08 E.01887
G1 X89.736 Y8.546 E.01706
G1 X89.792 Y8.983 E.01491
G1 X89.792 Y20.02 E.37359
G1 X89.736 Y20.459 E.01498
G1 X89.598 Y20.821 E.01311
G1 X89.302 Y21.24 E.01736
G1 X88.761 Y21.626 E.0225
;WIDTH:0.454205
G1 X88.255 Y21.794 E.01823
G1 X78.188 Y21.794 E.34428
G1 E-.16 F2700
;WIPE_START
G1 F16800
G1 X82.38 Y21.794 E-.64
;WIPE_END
G1 X89.226 Y21.801 Z3.919 F21000
G1 Z3.8 F720
M73 Q93 S0
G1 E.8 F1500
;WIDTH:0.449999
G1 F8400
G1 X89.634 Y21.475 E.01768
G1 X89.93 Y21.056 E.01736
G1 X90.119 Y20.596 E.01683
;WIDTH:0.498562
G1 X90.184 Y20.308 E.01119
;WIDTH:0.547125
G1 X90.248 Y20.02 E.01237
G1 X90.248 Y8.983 E.46272
;WIDTH:0.581248
G1 F8359.216
G1 X90.201 Y8.456 E.02368
G1 X90.106 Y8.272 E.00927
;WIDTH:0.537499
G1 F8400
G1 X90.011 Y8.089 E.00848
;WIDTH:0.493749
G1 X89.916 Y7.906 E.00773
;WIDTH:0.449999
G1 X89.557 Y7.443 E.01983
G1 X89.234 Y7.199 E.0137
G1 X90.801 Y7.199 E.05304
G1 X90.801 Y7.808 E.02061
;WIDTH:0.492725
G1 X90.779 Y8.022 E.00805
;WIDTH:0.535451
G1 X90.758 Y8.236 E.00881
;WIDTH:0.578177
G1 X90.737 Y8.449 E.00953
G1 X90.752 Y8.983 E.02378
;WIDTH:0.547127
G1 X90.752 Y20.071 E.46486
G1 X90.816 Y20.334 E.01135
;WIDTH:0.498563
G1 X90.881 Y20.596 E.01023
;WIDTH:0.449999
G1 X91.07 Y21.056 E.01683
G1 X91.366 Y21.475 E.01736
G1 X91.774 Y21.801 E.01768
G1 X89.43 Y21.801 E.07934
G1 X90.158 Y21.41 F21000
;WIDTH:0.416647
G1 F8400
G1 X90.332 Y21.142 E.00993
G1 X90.5 Y20.672 E.01551
G1 X90.626 Y21.042 E.01215
G1 X90.842 Y21.41 E.01326
G1 X90.362 Y21.41 E.01492
G1 E-.16 F2700
;WIPE_START
G1 F16800
G1 X90.842 Y21.41 E-.07329
G1 X90.626 Y21.042 E-.06515
G1 X90.5 Y20.672 E-.05968
G1 X90.332 Y21.142 E-.07621
G1 X90.158 Y21.41 E-.04879
;WIPE_END
G1 E-.31688 F2700
G1 X90.375 Y7.625 Z4.041 F21000
G1 Z3.8 F720
G1 E.8 F1500
;WIDTH:0.581984
G1 F8347.803
G1 X90.393 Y7.69 E.00302
G1 X90.345 Y7.737 E.00301
G1 X90.28 Y7.72 E.00301
G1 X90.263 Y7.655 E.00301
G1 X90.31 Y7.607 E.00301
G1 E-.16 F2700
;WIPE_START
G1 F16800
G1 X90.263 Y7.655 E-.01026
G1 X90.28 Y7.72 E-.01026
G1 X90.345 Y7.737 E-.01026
G1 X90.393 Y7.69 E-.01026
G1 X90.375 Y7.625 E-.0103
;WIPE_END
G1 E-.58866 F2700
G1 X75.72 Y7.625 Z4.056 F21000
G1 Z3.8 F720
G1 E.8 F1500
;WIDTH:0.582328
G1 F8342.479
G1 X75.737 Y7.69 E.00301
G1 X75.69 Y7.738 E.00301
G1 X75.624 Y7.72 E.00307
G1 X75.607 Y7.655 E.00301
G1 X75.655 Y7.607 E.00304
M106 S224.4
;LAYER_CHANGE
;Z:4
;HEIGHT:0.2
;BEFORE_LAYER_CHANGE
G92 E0.0
;4


G1 E-.16 F2700
;WIPE_START
G1 F16800
G1 X75.607 Y7.655 E-.01036
G1 X75.624 Y7.72 E-.01026
G1 X75.69 Y7.738 E-.01044
G1 X75.737 Y7.69 E-.01026
G1 X75.72 Y7.625 E-.01026
;WIPE_END
G1 E-.58842 F2700
G1 X75.72 Y7.625 Z3.8 F21000
G1 X89.024 Y21.03 Z4.13
;AFTER_LAYER_CHANGE
;4
G1 Z4 F720
G1 E.8 F1500
;TYPE:Perimeter
;WIDTH:0.449999
G1 F4200
G1 X88.592 Y21.327 E.01775
G1 X88.197 Y21.446 E.01396
G1 X77.979 Y21.446 E.34587
G1 X77.408 Y21.327 E.01974
G1 X76.965 Y21.023 E.01819
G1 X76.697 Y20.643 E.01574
G1 X76.554 Y20.126 E.01816
G1 X76.554 Y8.979 E.37731
G1 X76.602 Y8.609 E.01263
G1 X76.739 Y8.276 E.01219
G1 X77.017 Y7.928 E.01508
G1 X77.445 Y7.657 E.01715
G1 X77.807 Y7.554 E.01274
G1 X88.021 Y7.554 E.34573
G1 X88.555 Y7.657 E.01841
G1 X88.983 Y7.928 E.01715
G1 X89.261 Y8.276 E.01508
G1 X89.398 Y8.609 E.01219
G1 X89.446 Y8.979 E.01263
G1 X89.446 Y20.021 E.37376
G1 X89.406 Y20.357 E.01145
G1 X89.303 Y20.643 E.01029
G1 X89.062 Y20.985 E.01416
G1 X88.736 Y20.743 F21000
G1 F4200
G1 X88.429 Y20.954 E.01261
G1 X88.021 Y21.039 E.01411
G1 X77.979 Y21.039 E.33991
G1 X77.571 Y20.954 E.01411
G1 X77.255 Y20.737 E.01298
G1 X77.063 Y20.466 E.01124
G1 X76.961 Y20.096 E.01299
G1 X76.961 Y8.979 E.3763
G1 X76.996 Y8.715 E.00901
G1 X77.093 Y8.477 E.0087
G1 X77.291 Y8.228 E.01077
G1 X77.597 Y8.035 E.01225
G1 X77.856 Y7.961 E.00912
G1 X88.021 Y7.961 E.34407
G1 X88.403 Y8.035 E.01317
M73 P94 R0
G1 X88.709 Y8.228 E.01225
G1 X88.907 Y8.477 E.01077
G1 X89.004 Y8.715 E.0087
G1 X89.039 Y8.979 E.00901
G1 X89.039 Y20.021 E.37376
G1 X89.01 Y20.261 E.00818
G1 X88.937 Y20.466 E.00737
G1 X88.774 Y20.697 E.00957
G1 X88.45 Y20.455 F21000
G1 F4200
G1 X88.266 Y20.581 E.00755
G1 X88.021 Y20.632 E.00847
G1 X77.979 Y20.632 E.33991
G1 X77.734 Y20.581 E.00847
G1 X77.544 Y20.451 E.00779
G1 X77.368 Y20.135 E.01224
G1 X77.368 Y8.979 E.37762
G1 X77.447 Y8.678 E.01053
G1 X77.566 Y8.528 E.00648
G1 X77.75 Y8.412 E.00736
G1 X77.905 Y8.368 E.00545
G1 X88.021 Y8.368 E.34241
G1 X88.25 Y8.412 E.00789
G1 X88.434 Y8.528 E.00736
G1 X88.632 Y8.855 E.01294
G1 X88.632 Y20.021 E.37796
G1 X88.571 Y20.288 E.00927
G1 X88.486 Y20.408 E.00498
M204 T250
G1 X88.159 Y20.168 F21000
M204 T7000
;TYPE:External perimeter
G1 F3000
G1 X88.021 Y20.225 E.00505
G1 F2999.998
G1 X77.979 Y20.225 E.33991
G1 F3000
G1 X77.834 Y20.165 E.00531
G1 X77.775 Y20.021 E.00527
G1 F2999.998
G1 X77.775 Y8.979 E.37376
G1 F3000
G1 X77.841 Y8.828 E.00558
G1 X77.954 Y8.775 E.00422
G1 F2999.998
G1 X88.021 Y8.775 E.34076
G1 F3000
G1 X88.159 Y8.828 E.005
G1 X88.225 Y8.979 E.00558
G1 F2999.998
G1 X88.225 Y20.021 E.37376
G1 F3000
G1 X88.186 Y20.116 E.00348
G1 E-.16 F2700
;WIPE_START
G1 F16800
G1 X88.159 Y20.168 E-.00895
G1 X88.021 Y20.225 E-.0228
G1 X84.037 Y20.225 E-.60825
;WIPE_END
G1 X91.977 Y21.031 Z4.139 F21000
G1 Z4 F720
G1 E.8 F1500
;TYPE:Perimeter
G1 F4200
G1 X92.408 Y21.327 E.0177
G1 X92.979 Y21.446 E.01974
G1 X159.554 Y21.446 E2.25348
G1 X159.554 Y22.554 E.0375
G1 X6.446 Y22.554 E5.18252
G1 X6.446 Y21.446 E.0375
M73 Q94 S0
G1 X73.197 Y21.446 E2.25944
G1 X73.592 Y21.327 E.01396
G1 X74.035 Y21.023 E.01819
G1 X74.303 Y20.643 E.01574
G1 X74.406 Y20.357 E.01029
G1 X74.446 Y20.021 E.01145
G1 X74.446 Y6.446 E.4595
G1 X91.554 Y6.446 E.57908
G1 X91.554 Y20.126 E.46305
G1 X91.697 Y20.643 E.01816
M73 P95 R0
G1 X91.939 Y20.986 E.01421
G1 X92.264 Y20.743 F21000
G1 F4200
G1 X92.571 Y20.954 E.01261
G1 X92.979 Y21.039 E.01411
G1 X159.961 Y21.039 E2.26726
G1 X159.961 Y22.961 E.06506
G1 X6.039 Y22.961 E5.21007
G1 X6.039 Y21.039 E.06506
G1 X73.021 Y21.039 E2.26726
G1 X73.429 Y20.954 E.01411
G1 X73.745 Y20.737 E.01298
G1 X73.937 Y20.466 E.01124
G1 X74.01 Y20.261 E.00737
G1 X74.039 Y20.021 E.00818
G1 X74.039 Y6.039 E.47327
G1 X91.961 Y6.039 E.60664
G1 X91.961 Y20.096 E.47581
G1 X92.063 Y20.466 E.01299
M73 Q95 S0
G1 X92.226 Y20.697 E.00957
G1 X92.551 Y20.455 F21000
G1 F4200
G1 X92.734 Y20.581 E.00752
G1 X92.979 Y20.632 E.00847
G1 X160.368 Y20.632 E2.28103
G1 X160.368 Y23.368 E.09261
G1 X5.632 Y23.368 E5.23762
G1 X5.632 Y20.632 E.09261
M73 P96 R0
G1 X73.021 Y20.632 E2.28103
G1 X73.266 Y20.581 E.00847
G1 X73.456 Y20.451 E.00779
G1 X73.571 Y20.288 E.00675
G1 X73.632 Y20.021 E.00927
G1 X73.632 Y5.632 E.48705
G1 X92.368 Y5.632 E.63419
G1 X92.368 Y20.135 E.49091
G1 X92.519 Y20.405 E.01047
M204 T250
G1 X92.841 Y20.168 F21000
M204 T7000
;TYPE:External perimeter
G1 F3000
G1 X92.979 Y20.225 E.00505
G1 F2999.998
G1 X160.775 Y20.225 E2.29481
G1 X160.775 Y23.775 E.12016
G1 X5.225 Y23.775 E5.26517
G1 X5.225 Y20.225 E.12016
M73 P97 R0
M73 Q96 S0
G1 X73.021 Y20.225 E2.29481
G1 F3000
G1 X73.166 Y20.165 E.00531
G1 X73.225 Y20.021 E.00527
G1 F2999.998
G1 X73.225 Y5.225 E.50083
G1 X92.775 Y5.225 E.66174
G1 X92.775 Y20.021 E.50083
G1 F3000
G1 X92.814 Y20.116 E.00348
G1 E-.16 F2700
;WIPE_START
G1 F16800
G1 X92.841 Y20.168 E-.00895
G1 X92.979 Y20.225 E-.0228
G1 X96.963 Y20.225 E-.60825
;WIPE_END
G1 X125.973 Y21.245 Z4.507 F21000
G1 X128.11 Y21.32 Z4.54
G1 X130.247 Y21.395 Z4.566
G1 X132.384 Y21.47 Z4.585
G1 X136.658 Y21.62 Z4.6
G1 X158.63 Y22.392
G1 Z4 F720
G1 E.8 F1500
;TYPE:Top solid infill
;WIDTH:0.420154
G1 F4800
G1 X159.392 Y21.63 E.0338
G1 X158.881 Y21.608 F21000
G1 F4800
G1 X158.096 Y22.392 E.0348
G1 X157.563 Y22.392 F21000
G1 F4800
G1 X158.348 Y21.608 E.0348
G1 X157.814 Y21.608 F21000
G1 F4800
G1 X157.029 Y22.392 E.0348
G1 X156.496 Y22.392 F21000
G1 F4800
G1 X157.281 Y21.608 E.0348
G1 X156.747 Y21.608 F21000
G1 F4800
G1 X155.962 Y22.392 E.0348
G1 X155.429 Y22.392 F21000
G1 F4800
G1 X156.214 Y21.608 E.0348
G1 X155.68 Y21.608 F21000
G1 F4800
G1 X154.895 Y22.392 E.0348
G1 X154.362 Y22.392 F21000
G1 F4800
G1 X155.147 Y21.608 E.0348
G1 X154.613 Y21.608 F21000
G1 F4800
G1 X153.828 Y22.392 E.0348
G1 X153.295 Y22.392 F21000
G1 F4800
G1 X154.08 Y21.608 E.0348
G1 X153.546 Y21.608 F21000
G1 F4800
G1 X152.761 Y22.392 E.0348
G1 X152.228 Y22.392 F21000
G1 F4800
G1 X153.013 Y21.608 E.0348
G1 X152.479 Y21.608 F21000
G1 F4800
G1 X151.694 Y22.392 E.0348
G1 X151.161 Y22.392 F21000
G1 F4800
G1 X151.946 Y21.608 E.0348
G1 X151.412 Y21.608 F21000
G1 F4800
G1 X150.627 Y22.392 E.0348
G1 X150.094 Y22.392 F21000
G1 F4800
G1 X150.879 Y21.608 E.0348
G1 X150.345 Y21.608 F21000
G1 F4800
G1 X149.561 Y22.392 E.03478
G1 X149.027 Y22.392 F21000
G1 F4800
G1 X149.812 Y21.608 E.0348
G1 X149.278 Y21.608 F21000
G1 F4800
G1 X148.494 Y22.392 E.03478
G1 X147.96 Y22.392 F21000
G1 F4800
G1 X148.745 Y21.608 E.0348
G1 X148.211 Y21.608 F21000
G1 F4800
G1 X147.427 Y22.392 E.03478
G1 X146.893 Y22.392 F21000
G1 F4800
G1 X147.678 Y21.608 E.0348
G1 X147.144 Y21.608 F21000
G1 F4800
G1 X146.36 Y22.392 E.03478
G1 X145.826 Y22.392 F21000
G1 F4800
G1 X146.611 Y21.608 E.0348
G1 X146.077 Y21.608 F21000
G1 F4800
G1 X145.293 Y22.392 E.03478
G1 X144.759 Y22.392 F21000
G1 F4800
G1 X145.544 Y21.608 E.0348
G1 X145.01 Y21.608 F21000
G1 F4800
G1 X144.226 Y22.392 E.03478
G1 X143.692 Y22.392 F21000
G1 F4800
G1 X144.477 Y21.608 E.0348
G1 X143.944 Y21.608 F21000
G1 F4800
G1 X143.159 Y22.392 E.0348
G1 X142.625 Y22.392 F21000
G1 F4800
G1 X143.41 Y21.608 E.0348
G1 X142.877 Y21.608 F21000
G1 F4800
G1 X142.092 Y22.392 E.0348
G1 X141.558 Y22.392 F21000
G1 F4800
G1 X142.343 Y21.608 E.0348
G1 X141.81 Y21.608 F21000
G1 F4800
G1 X141.025 Y22.392 E.0348
G1 X140.491 Y22.392 F21000
G1 F4800
G1 X141.276 Y21.608 E.0348
G1 X140.743 Y21.608 F21000
M73 Q97 S0
G1 F4800
G1 X139.958 Y22.392 E.0348
G1 X139.424 Y22.392 F21000
G1 F4800
G1 X140.209 Y21.608 E.0348
G1 X139.676 Y21.608 F21000
G1 F4800
G1 X138.891 Y22.392 E.0348
G1 X138.357 Y22.392 F21000
G1 F4800
G1 X139.142 Y21.608 E.0348
G1 X138.609 Y21.608 F21000
G1 F4800
G1 X137.824 Y22.392 E.0348
G1 X137.29 Y22.392 F21000
G1 F4800
G1 X138.075 Y21.608 E.0348
G1 X137.542 Y21.608 F21000
G1 F4800
G1 X136.757 Y22.392 E.0348
G1 X136.223 Y22.392 F21000
G1 F4800
G1 X137.008 Y21.608 E.0348
G1 X136.475 Y21.608 F21000
G1 F4800
G1 X135.69 Y22.392 E.0348
G1 X135.156 Y22.392 F21000
G1 F4800
G1 X135.941 Y21.608 E.0348
G1 X135.408 Y21.608 F21000
G1 F4800
G1 X134.623 Y22.392 E.0348
G1 X134.089 Y22.392 F21000
G1 F4800
G1 X134.874 Y21.608 E.0348
G1 X134.341 Y21.608 F21000
G1 F4800
G1 X133.556 Y22.392 E.0348
G1 X133.022 Y22.392 F21000
G1 F4800
G1 X133.807 Y21.608 E.0348
G1 X133.274 Y21.608 F21000
G1 F4800
G1 X132.489 Y22.392 E.0348
G1 X131.955 Y22.392 F21000
G1 F4800
G1 X132.74 Y21.608 E.0348
G1 X132.207 Y21.608 F21000
G1 F4800
G1 X131.422 Y22.392 E.0348
G1 X130.888 Y22.392 F21000
G1 F4800
G1 X131.673 Y21.608 E.0348
G1 X131.14 Y21.608 F21000
G1 F4800
G1 X130.355 Y22.392 E.0348
G1 X129.821 Y22.392 F21000
G1 F4800
G1 X130.606 Y21.608 E.0348
G1 X130.073 Y21.608 F21000
G1 F4800
G1 X129.288 Y22.392 E.0348
G1 X128.754 Y22.392 F21000
G1 F4800
G1 X129.539 Y21.608 E.0348
G1 X129.006 Y21.608 F21000
G1 F4800
G1 X128.221 Y22.392 E.0348
G1 X127.687 Y22.392 F21000
G1 F4800
G1 X128.472 Y21.608 E.0348
G1 X127.939 Y21.608 F21000
G1 F4800
G1 X127.154 Y22.392 E.0348
G1 X126.62 Y22.392 F21000
G1 F4800
G1 X127.405 Y21.608 E.0348
G1 X126.872 Y21.608 F21000
G1 F4800
G1 X126.087 Y22.392 E.0348
G1 X125.553 Y22.392 F21000
G1 F4800
G1 X126.338 Y21.608 E.0348
G1 X125.805 Y21.608 F21000
G1 F4800
G1 X125.02 Y22.392 E.0348
G1 X124.487 Y22.392 F21000
G1 F4800
G1 X125.271 Y21.608 E.03478
G1 X124.738 Y21.608 F21000
G1 F4800
G1 X123.953 Y22.392 E.0348
G1 X123.42 Y22.392 F21000
G1 F4800
G1 X124.204 Y21.608 E.03478
G1 X123.671 Y21.608 F21000
G1 F4800
G1 X122.886 Y22.392 E.0348
G1 X122.353 Y22.392 F21000
G1 F4800
G1 X123.137 Y21.608 E.03478
G1 X122.604 Y21.608 F21000
G1 F4800
G1 X121.819 Y22.392 E.0348
G1 X121.286 Y22.392 F21000
G1 F4800
G1 X122.07 Y21.608 E.03478
G1 X121.537 Y21.608 F21000
G1 F4800
G1 X120.752 Y22.392 E.0348
G1 X120.219 Y22.392 F21000
G1 F4800
G1 X121.003 Y21.608 E.03478
G1 X120.47 Y21.608 F21000
G1 F4800
G1 X119.685 Y22.392 E.0348
G1 X119.152 Y22.392 F21000
G1 F4800
G1 X119.936 Y21.608 E.03478
G1 X119.403 Y21.608 F21000
G1 F4800
G1 X118.618 Y22.392 E.0348
G1 X118.085 Y22.392 F21000
G1 F4800
G1 X118.869 Y21.608 E.03478
G1 X118.336 Y21.608 F21000
G1 F4800
G1 X117.551 Y22.392 E.0348
G1 X117.018 Y22.392 F21000
G1 F4800
G1 X117.803 Y21.608 E.0348
G1 X117.269 Y21.608 F21000
G1 F4800
G1 X116.484 Y22.392 E.0348
G1 X115.951 Y22.392 F21000
G1 F4800
G1 X116.736 Y21.608 E.0348
G1 X116.202 Y21.608 F21000
G1 F4800
G1 X115.417 Y22.392 E.0348
G1 X114.884 Y22.392 F21000
G1 F4800
G1 X115.669 Y21.608 E.0348
G1 X115.135 Y21.608 F21000
G1 F4800
G1 X114.35 Y22.392 E.0348
G1 X113.817 Y22.392 F21000
G1 F4800
G1 X114.602 Y21.608 E.0348
G1 X114.068 Y21.608 F21000
G1 F4800
G1 X113.283 Y22.392 E.0348
G1 X112.75 Y22.392 F21000
G1 F4800
G1 X113.535 Y21.608 E.0348
G1 X113.001 Y21.608 F21000
M73 P98 R0
G1 F4800
G1 X112.216 Y22.392 E.0348
G1 X111.683 Y22.392 F21000
G1 F4800
G1 X112.468 Y21.608 E.0348
G1 X111.934 Y21.608 F21000
G1 F4800
G1 X111.149 Y22.392 E.0348
G1 X110.616 Y22.392 F21000
G1 F4800
G1 X111.401 Y21.608 E.0348
G1 X110.867 Y21.608 F21000
G1 F4800
G1 X110.082 Y22.392 E.0348
G1 X109.549 Y22.392 F21000
G1 F4800
G1 X110.334 Y21.608 E.0348
G1 X109.8 Y21.608 F21000
G1 F4800
G1 X109.015 Y22.392 E.0348
G1 X108.482 Y22.392 F21000
G1 F4800
G1 X109.267 Y21.608 E.0348
G1 X108.733 Y21.608 F21000
G1 F4800
G1 X107.948 Y22.392 E.0348
G1 X107.415 Y22.392 F21000
G1 F4800
G1 X108.2 Y21.608 E.0348
G1 X107.666 Y21.608 F21000
G1 F4800
G1 X106.881 Y22.392 E.0348
G1 X106.348 Y22.392 F21000
G1 F4800
G1 X107.133 Y21.608 E.0348
G1 X106.599 Y21.608 F21000
G1 F4800
G1 X105.814 Y22.392 E.0348
G1 X105.281 Y22.392 F21000
G1 F4800
G1 X106.066 Y21.608 E.0348
G1 X105.532 Y21.608 F21000
G1 F4800
G1 X104.747 Y22.392 E.0348
G1 X104.214 Y22.392 F21000
G1 F4800
G1 X104.999 Y21.608 E.0348
G1 X104.465 Y21.608 F21000
G1 F4800
G1 X103.68 Y22.392 E.0348
G1 X103.147 Y22.392 F21000
G1 F4800
G1 X103.932 Y21.608 E.0348
G1 X103.398 Y21.608 F21000
G1 F4800
G1 X102.613 Y22.392 E.0348
G1 X102.08 Y22.392 F21000
G1 F4800
G1 X102.865 Y21.608 E.0348
G1 X102.331 Y21.608 F21000
G1 F4800
G1 X101.546 Y22.392 E.0348
G1 X101.013 Y22.392 F21000
G1 F4800
G1 X101.798 Y21.608 E.0348
G1 X101.264 Y21.608 F21000
G1 F4800
G1 X100.479 Y22.392 E.0348
G1 X99.946 Y22.392 F21000
G1 F4800
G1 X100.731 Y21.608 E.0348
G1 X100.197 Y21.608 F21000
G1 F4800
G1 X99.412 Y22.392 E.0348
G1 X98.879 Y22.392 F21000
G1 F4800
G1 X99.664 Y21.608 E.0348
G1 X99.13 Y21.608 F21000
G1 F4800
G1 X98.346 Y22.392 E.03478
G1 X97.812 Y22.392 F21000
G1 F4800
G1 X98.597 Y21.608 E.0348
G1 X98.063 Y21.608 F21000
G1 F4800
G1 X97.279 Y22.392 E.03478
G1 X96.745 Y22.392 F21000
G1 F4800
G1 X97.53 Y21.608 E.0348
G1 X96.996 Y21.608 F21000
G1 F4800
G1 X96.212 Y22.392 E.03478
G1 X95.678 Y22.392 F21000
G1 F4800
G1 X96.463 Y21.608 E.0348
G1 X95.929 Y21.608 F21000
G1 F4800
G1 X95.145 Y22.392 E.03478
G1 X94.611 Y22.392 F21000
G1 F4800
G1 X95.396 Y21.608 E.0348
G1 X94.862 Y21.608 F21000
G1 F4800
G1 X94.078 Y22.392 E.03478
G1 X93.544 Y22.392 F21000
G1 F4800
G1 X94.329 Y21.608 E.0348
G1 X93.795 Y21.608 F21000
G1 F4800
G1 X93.011 Y22.392 E.03478
G1 X92.477 Y22.392 F21000
G1 F4800
G1 X93.262 Y21.608 E.0348
G1 X92.772 Y21.564 F21000
G1 F4800
G1 X91.944 Y22.392 E.03673
G1 X91.41 Y22.392 F21000
G1 F4800
G1 X92.335 Y21.468 E.04101
G1 X92.018 Y21.251 F21000
G1 F4800
G1 X90.877 Y22.392 E.05061
G1 X90.343 Y22.392 F21000
G1 F4800
G1 X91.747 Y20.989 E.06226
G1 X91.535 Y20.667 F21000
G1 F4800
G1 X89.81 Y22.392 E.07652
G1 X89.276 Y22.392 F21000
G1 F4800
G1 X91.414 Y20.254 E.09484
G1 X91.392 Y19.743 F21000
G1 F4800
G1 X88.743 Y22.392 E.11751
G1 X88.209 Y22.392 F21000
G1 F4800
G1 X91.392 Y19.209 E.1412
G1 X91.392 Y18.676 F21000
G1 F4800
G1 X89.501 Y20.567 E.08388
G1 X89.608 Y19.927 F21000
G1 F4800
G1 X91.392 Y18.142 E.07916
G1 X91.392 Y17.609 F21000
G1 F4800
G1 X89.608 Y19.394 E.07916
G1 X89.608 Y18.86 F21000
G1 F4800
G1 X91.392 Y17.075 E.07916
G1 X91.392 Y16.542 F21000
G1 F4800
G1 X89.608 Y18.327 E.07916
G1 X89.608 Y17.793 F21000
G1 F4800
G1 X91.392 Y16.008 E.07916
G1 X91.392 Y15.475 F21000
G1 F4800
G1 X89.608 Y17.26 E.07916
G1 X89.608 Y16.726 F21000
G1 F4800
G1 X91.392 Y14.941 E.07916
G1 X91.392 Y14.408 F21000
G1 F4800
G1 X89.608 Y16.193 E.07916
G1 X89.608 Y15.659 F21000
G1 F4800
G1 X91.392 Y13.874 E.07916
G1 X91.392 Y13.341 F21000
G1 F4800
G1 X89.608 Y15.126 E.07916
G1 X89.608 Y14.592 F21000
G1 F4800
G1 X91.392 Y12.807 E.07916
G1 X91.392 Y12.274 F21000
G1 F4800
G1 X89.608 Y14.059 E.07916
G1 X89.608 Y13.525 F21000
G1 F4800
G1 X91.392 Y11.74 E.07916
G1 X91.392 Y11.207 F21000
G1 F4800
G1 X89.608 Y12.992 E.07916
G1 X89.608 Y12.458 F21000
G1 F4800
G1 X91.392 Y10.673 E.07916
G1 X91.392 Y10.14 F21000
G1 F4800
G1 X89.608 Y11.925 E.07916
G1 X89.608 Y11.391 F21000
G1 F4800
G1 X91.392 Y9.606 E.07916
G1 X91.392 Y9.073 F21000
G1 F4800
G1 X89.608 Y10.858 E.07916
G1 X89.608 Y10.324 F21000
G1 F4800
G1 X91.392 Y8.539 E.07916
G1 X91.392 Y8.006 F21000
G1 F4800
G1 X89.608 Y9.791 E.07916
G1 X89.608 Y9.257 F21000
G1 F4800
G1 X91.392 Y7.472 E.07916
G1 X91.392 Y6.939 F21000
G1 F4800
G1 X89.578 Y8.754 E.08049
G1 X89.459 Y8.339 F21000
M73 Q98 S0
G1 F4800
G1 X91.19 Y6.608 E.07679
G1 X90.657 Y6.608 F21000
G1 F4800
G1 X89.253 Y8.011 E.06226
G1 X88.988 Y7.743 F21000
G1 F4800
G1 X90.123 Y6.608 E.05035
G1 X89.59 Y6.608 F21000
G1 F4800
G1 X88.66 Y7.537 E.04123
G1 X88.23 Y7.434 F21000
G1 F4800
G1 X89.056 Y6.608 E.03664
G1 X88.523 Y6.608 F21000
G1 F4800
G1 X87.738 Y7.392 E.0348
G1 X87.205 Y7.392 F21000
G1 F4800
G1 X87.989 Y6.608 E.03478
G1 X87.456 Y6.608 F21000
G1 F4800
G1 X86.671 Y7.392 E.0348
G1 X86.138 Y7.392 F21000
G1 F4800
G1 X86.922 Y6.608 E.03478
G1 X86.389 Y6.608 F21000
G1 F4800
G1 X85.604 Y7.392 E.0348
G1 X85.071 Y7.392 F21000
G1 F4800
G1 X85.855 Y6.608 E.03478
G1 X85.322 Y6.608 F21000
G1 F4800
G1 X84.537 Y7.392 E.0348
G1 X84.004 Y7.392 F21000
G1 F4800
G1 X84.788 Y6.608 E.03478
G1 X84.255 Y6.608 F21000
G1 F4800
G1 X83.47 Y7.392 E.0348
G1 X82.937 Y7.392 F21000
G1 F4800
G1 X83.721 Y6.608 E.03478
G1 X83.188 Y6.608 F21000
G1 F4800
G1 X82.403 Y7.392 E.0348
G1 X81.87 Y7.392 F21000
G1 F4800
G1 X82.655 Y6.608 E.0348
G1 X82.121 Y6.608 F21000
G1 F4800
G1 X81.336 Y7.392 E.0348
G1 X80.803 Y7.392 F21000
G1 F4800
G1 X81.588 Y6.608 E.0348
G1 X81.054 Y6.608 F21000
G1 F4800
G1 X80.269 Y7.392 E.0348
G1 X79.736 Y7.392 F21000
G1 F4800
G1 X80.521 Y6.608 E.0348
G1 X79.987 Y6.608 F21000
G1 F4800
G1 X79.202 Y7.392 E.0348
G1 X78.669 Y7.392 F21000
G1 F4800
G1 X79.454 Y6.608 E.0348
G1 X78.92 Y6.608 F21000
G1 F4800
G1 X78.135 Y7.392 E.0348
G1 X77.527 Y7.467 F21000
G1 F4800
G1 X78.387 Y6.608 E.03813
G1 E-.16 F2700
;WIPE_START
G1 F16800
G1 X77.527 Y7.467 E-.18558
;WIPE_END
G1 E-.45442 F2700
G1 X88.566 Y21.502 Z4.312 F21000
G1 Z4 F720
G1 E.8 F1500
G1 F4800
G1 X87.676 Y22.392 E.03948
G1 X87.142 Y22.392 F21000
G1 F4800
G1 X87.927 Y21.608 E.0348
G1 X87.394 Y21.608 F21000
G1 F4800
G1 X86.609 Y22.392 E.0348
G1 X86.075 Y22.392 F21000
G1 F4800
G1 X86.86 Y21.608 E.0348
G1 X86.327 Y21.608 F21000
G1 F4800
G1 X85.542 Y22.392 E.0348
G1 X85.008 Y22.392 F21000
G1 F4800
G1 X85.793 Y21.608 E.0348
G1 X85.26 Y21.608 F21000
G1 F4800
G1 X84.475 Y22.392 E.0348
G1 X83.941 Y22.392 F21000
G1 F4800
G1 X84.726 Y21.608 E.0348
G1 X84.193 Y21.608 F21000
G1 F4800
G1 X83.408 Y22.392 E.0348
G1 X82.874 Y22.392 F21000
G1 F4800
G1 X83.659 Y21.608 E.0348
G1 X83.126 Y21.608 F21000
G1 F4800
G1 X82.341 Y22.392 E.0348
G1 X81.807 Y22.392 F21000
G1 F4800
G1 X82.592 Y21.608 E.0348
G1 X82.059 Y21.608 F21000
G1 F4800
G1 X81.274 Y22.392 E.0348
G1 X80.74 Y22.392 F21000
G1 F4800
G1 X81.525 Y21.608 E.0348
G1 X80.992 Y21.608 F21000
G1 F4800
G1 X80.207 Y22.392 E.0348
G1 X79.673 Y22.392 F21000
G1 F4800
G1 X80.458 Y21.608 E.0348
G1 X79.925 Y21.608 F21000
G1 F4800
G1 X79.14 Y22.392 E.0348
G1 X78.606 Y22.392 F21000
G1 F4800
G1 X79.391 Y21.608 E.0348
G1 X78.858 Y21.608 F21000
G1 F4800
G1 X78.073 Y22.392 E.0348
G1 X77.539 Y22.392 F21000
G1 F4800
G1 X78.324 Y21.608 E.0348
G1 X77.824 Y21.574 F21000
G1 F4800
G1 X77.006 Y22.392 E.03629
G1 X76.472 Y22.392 F21000
G1 F4800
G1 X77.383 Y21.482 E.04039
G1 X77.055 Y21.276 F21000
G1 F4800
G1 X75.939 Y22.392 E.04951
G1 X75.405 Y22.392 F21000
G1 F4800
G1 X76.773 Y21.025 E.06066
G1 X76.552 Y20.713 F21000
G1 F4800
G1 X74.872 Y22.392 E.0745
G1 X74.338 Y22.392 F21000
G1 F4800
G1 X76.423 Y20.308 E.09247
G1 X76.392 Y19.805 F21000
G1 F4800
G1 X73.805 Y22.392 E.11476
G1 X73.272 Y22.392 F21000
G1 F4800
G1 X76.392 Y19.272 E.1384
G1 X76.392 Y18.738 F21000
G1 F4800
G1 X74.466 Y20.665 E.08546
G1 X74.601 Y19.996 F21000
G1 F4800
G1 X76.392 Y18.205 E.07945
G1 X76.392 Y17.671 F21000
G1 F4800
G1 X74.602 Y19.462 E.07943
G1 X74.602 Y18.928 F21000
G1 F4800
G1 X76.392 Y17.138 E.0794
G1 X76.392 Y16.604 F21000
G1 F4800
G1 X74.602 Y18.394 E.0794
G1 X74.602 Y17.861 F21000
G1 F4800
G1 X76.392 Y16.071 E.0794
G1 X76.392 Y15.537 F21000
G1 F4800
G1 X74.603 Y17.327 E.07938
G1 X74.603 Y16.793 F21000
G1 F4800
G1 X76.392 Y15.004 E.07936
G1 X76.392 Y14.47 F21000
G1 F4800
G1 X74.603 Y16.259 E.07936
G1 X74.603 Y15.726 F21000
G1 F4800
G1 X76.392 Y13.937 E.07936
G1 X76.392 Y13.403 F21000
G1 F4800
G1 X74.604 Y15.192 E.07934
G1 X74.604 Y14.658 F21000
G1 F4800
G1 X76.392 Y12.87 E.07932
G1 X76.392 Y12.336 F21000
G1 F4800
G1 X74.604 Y14.124 E.07932
G1 X74.604 Y13.591 F21000
G1 F4800
G1 X76.392 Y11.803 E.07932
G1 X76.392 Y11.269 F21000
G1 F4800
G1 X74.605 Y13.057 E.07929
G1 X74.605 Y12.523 F21000
G1 F4800
G1 X76.392 Y10.736 E.07927
G1 X76.392 Y10.202 F21000
G1 F4800
G1 X74.605 Y11.99 E.07929
G1 X74.605 Y11.456 F21000
G1 F4800
G1 X76.392 Y9.669 E.07927
G1 X76.392 Y9.135 F21000
G1 F4800
G1 X74.606 Y10.922 E.07925
G1 X74.606 Y10.388 F21000
G1 F4800
G1 X76.461 Y8.533 E.08229
G1 E-.16 F2700
;WIPE_START
G1 F16800
G1 X74.606 Y10.388 E-.40053
;WIPE_END
G1 E-.23947 F2700
G1 X74.606 Y9.855 Z4.009 F21000
G1 Z4 F720
G1 E.8 F1500
G1 F4800
G1 X77.853 Y6.608 E.14404
G1 X77.32 Y6.608 F21000
G1 F4800
G1 X74.606 Y9.321 E.12037
G1 X74.607 Y8.787 F21000
G1 F4800
G1 X76.786 Y6.608 E.09666
G1 X76.253 Y6.608 F21000
G1 F4800
G1 X74.607 Y8.253 E.07299
G1 X74.607 Y7.72 F21000
M73 P99 R0
G1 F4800
G1 X75.719 Y6.608 E.04933
G1 X75.186 Y6.608 F21000
G1 F4800
G1 X74.607 Y7.186 E.02566
G1 E-.16 F2700
;WIPE_START
G1 F16800
G1 X75.186 Y6.608 E-.12491
;WIPE_END
G1 E-.51509 F2700
G1 X73.657 Y21.474 Z4.261 F21000
G1 Z4 F720
G1 E.8 F1500
G1 F4800
G1 X72.738 Y22.392 E.04074
G1 X72.205 Y22.392 F21000
G1 F4800
G1 X72.989 Y21.608 E.03478
G1 X72.456 Y21.608 F21000
G1 F4800
G1 X71.671 Y22.392 E.0348
G1 X71.138 Y22.392 F21000
G1 F4800
G1 X71.922 Y21.608 E.03478
G1 X71.389 Y21.608 F21000
G1 F4800
G1 X70.604 Y22.392 E.0348
G1 X70.071 Y22.392 F21000
G1 F4800
G1 X70.855 Y21.608 E.03478
G1 X70.322 Y21.608 F21000
G1 F4800
G1 X69.537 Y22.392 E.0348
G1 X69.004 Y22.392 F21000
G1 F4800
G1 X69.788 Y21.608 E.03478
G1 X69.255 Y21.608 F21000
G1 F4800
G1 X68.47 Y22.392 E.0348
G1 X67.937 Y22.392 F21000
G1 F4800
G1 X68.721 Y21.608 E.03478
G1 X68.188 Y21.608 F21000
G1 F4800
G1 X67.403 Y22.392 E.0348
G1 X66.87 Y22.392 F21000
G1 F4800
G1 X67.655 Y21.608 E.0348
G1 X67.121 Y21.608 F21000
G1 F4800
G1 X66.336 Y22.392 E.0348
G1 X65.803 Y22.392 F21000
G1 F4800
G1 X66.588 Y21.608 E.0348
G1 X66.054 Y21.608 F21000
G1 F4800
G1 X65.269 Y22.392 E.0348
G1 X64.736 Y22.392 F21000
G1 F4800
G1 X65.521 Y21.608 E.0348
G1 X64.987 Y21.608 F21000
G1 F4800
G1 X64.202 Y22.392 E.0348
G1 X63.669 Y22.392 F21000
G1 F4800
G1 X64.454 Y21.608 E.0348
G1 X63.92 Y21.608 F21000
G1 F4800
G1 X63.135 Y22.392 E.0348
G1 X62.602 Y22.392 F21000
G1 F4800
G1 X63.387 Y21.608 E.0348
G1 X62.853 Y21.608 F21000
G1 F4800
G1 X62.068 Y22.392 E.0348
G1 X61.535 Y22.392 F21000
G1 F4800
G1 X62.32 Y21.608 E.0348
G1 X61.786 Y21.608 F21000
G1 F4800
G1 X61.001 Y22.392 E.0348
G1 X60.468 Y22.392 F21000
G1 F4800
G1 X61.253 Y21.608 E.0348
G1 X60.719 Y21.608 F21000
G1 F4800
G1 X59.934 Y22.392 E.0348
G1 X59.401 Y22.392 F21000
G1 F4800
G1 X60.186 Y21.608 E.0348
G1 X59.652 Y21.608 F21000
G1 F4800
G1 X58.867 Y22.392 E.0348
G1 X58.334 Y22.392 F21000
G1 F4800
G1 X59.119 Y21.608 E.0348
G1 X58.585 Y21.608 F21000
M73 Q99 S0
G1 F4800
G1 X57.8 Y22.392 E.0348
G1 X57.267 Y22.392 F21000
G1 F4800
G1 X58.052 Y21.608 E.0348
G1 X57.518 Y21.608 F21000
G1 F4800
G1 X56.733 Y22.392 E.0348
G1 X56.2 Y22.392 F21000
G1 F4800
G1 X56.985 Y21.608 E.0348
G1 X56.451 Y21.608 F21000
G1 F4800
G1 X55.666 Y22.392 E.0348
G1 X55.133 Y22.392 F21000
G1 F4800
G1 X55.918 Y21.608 E.0348
G1 X55.384 Y21.608 F21000
G1 F4800
G1 X54.599 Y22.392 E.0348
G1 X54.066 Y22.392 F21000
G1 F4800
G1 X54.851 Y21.608 E.0348
G1 X54.317 Y21.608 F21000
G1 F4800
G1 X53.532 Y22.392 E.0348
G1 X52.999 Y22.392 F21000
G1 F4800
G1 X53.784 Y21.608 E.0348
G1 X53.25 Y21.608 F21000
G1 F4800
G1 X52.465 Y22.392 E.0348
G1 X51.932 Y22.392 F21000
G1 F4800
G1 X52.717 Y21.608 E.0348
G1 X52.183 Y21.608 F21000
G1 F4800
G1 X51.398 Y22.392 E.0348
G1 X50.865 Y22.392 F21000
G1 F4800
G1 X51.65 Y21.608 E.0348
G1 X51.116 Y21.608 F21000
G1 F4800
G1 X50.331 Y22.392 E.0348
G1 X49.798 Y22.392 F21000
G1 F4800
G1 X50.583 Y21.608 E.0348
G1 X50.049 Y21.608 F21000
G1 F4800
G1 X49.264 Y22.392 E.0348
G1 X48.731 Y22.392 F21000
G1 F4800
G1 X49.516 Y21.608 E.0348
G1 X48.982 Y21.608 F21000
G1 F4800
G1 X48.198 Y22.392 E.03478
G1 X47.664 Y22.392 F21000
G1 F4800
G1 X48.449 Y21.608 E.0348
G1 X47.915 Y21.608 F21000
G1 F4800
G1 X47.131 Y22.392 E.03478
G1 X46.597 Y22.392 F21000
G1 F4800
G1 X47.382 Y21.608 E.0348
G1 X46.848 Y21.608 F21000
G1 F4800
G1 X46.064 Y22.392 E.03478
G1 X45.53 Y22.392 F21000
G1 F4800
G1 X46.315 Y21.608 E.0348
G1 X45.781 Y21.608 F21000
G1 F4800
G1 X44.997 Y22.392 E.03478
G1 X44.463 Y22.392 F21000
G1 F4800
G1 X45.248 Y21.608 E.0348
G1 X44.714 Y21.608 F21000
G1 F4800
G1 X43.93 Y22.392 E.03478
G1 X43.396 Y22.392 F21000
G1 F4800
G1 X44.181 Y21.608 E.0348
G1 X43.647 Y21.608 F21000
G1 F4800
G1 X42.863 Y22.392 E.03478
G1 X42.329 Y22.392 F21000
G1 F4800
G1 X43.114 Y21.608 E.0348
G1 X42.58 Y21.608 F21000
G1 F4800
G1 X41.796 Y22.392 E.03478
G1 X41.262 Y22.392 F21000
G1 F4800
G1 X42.047 Y21.608 E.0348
G1 X41.514 Y21.608 F21000
G1 F4800
G1 X40.729 Y22.392 E.0348
G1 X40.195 Y22.392 F21000
G1 F4800
G1 X40.98 Y21.608 E.0348
G1 X40.447 Y21.608 F21000
G1 F4800
G1 X39.662 Y22.392 E.0348
G1 X39.128 Y22.392 F21000
G1 F4800
G1 X39.913 Y21.608 E.0348
G1 X39.38 Y21.608 F21000
G1 F4800
G1 X38.595 Y22.392 E.0348
G1 X38.061 Y22.392 F21000
G1 F4800
G1 X38.846 Y21.608 E.0348
G1 X38.313 Y21.608 F21000
G1 F4800
G1 X37.528 Y22.392 E.0348
G1 X36.994 Y22.392 F21000
G1 F4800
G1 X37.779 Y21.608 E.0348
G1 X37.246 Y21.608 F21000
G1 F4800
G1 X36.461 Y22.392 E.0348
G1 X35.927 Y22.392 F21000
G1 F4800
G1 X36.712 Y21.608 E.0348
G1 X36.179 Y21.608 F21000
G1 F4800
G1 X35.394 Y22.392 E.0348
G1 X34.86 Y22.392 F21000
G1 F4800
G1 X35.645 Y21.608 E.0348
G1 X35.112 Y21.608 F21000
G1 F4800
G1 X34.327 Y22.392 E.0348
G1 X33.793 Y22.392 F21000
G1 F4800
G1 X34.578 Y21.608 E.0348
G1 X34.045 Y21.608 F21000
G1 F4800
G1 X33.26 Y22.392 E.0348
G1 X32.726 Y22.392 F21000
G1 F4800
G1 X33.511 Y21.608 E.0348
G1 X32.978 Y21.608 F21000
G1 F4800
G1 X32.193 Y22.392 E.0348
G1 X31.659 Y22.392 F21000
G1 F4800
G1 X32.444 Y21.608 E.0348
G1 X31.911 Y21.608 F21000
G1 F4800
G1 X31.126 Y22.392 E.0348
G1 X30.592 Y22.392 F21000
G1 F4800
G1 X31.377 Y21.608 E.0348
G1 X30.844 Y21.608 F21000
G1 F4800
G1 X30.059 Y22.392 E.0348
G1 X29.525 Y22.392 F21000
G1 F4800
G1 X30.31 Y21.608 E.0348
G1 X29.777 Y21.608 F21000
G1 F4800
G1 X28.992 Y22.392 E.0348
G1 X28.458 Y22.392 F21000
G1 F4800
G1 X29.243 Y21.608 E.0348
G1 X28.71 Y21.608 F21000
G1 F4800
G1 X27.925 Y22.392 E.0348
G1 X27.391 Y22.392 F21000
G1 F4800
G1 X28.176 Y21.608 E.0348
G1 X27.643 Y21.608 F21000
G1 F4800
G1 X26.858 Y22.392 E.0348
G1 X26.324 Y22.392 F21000
G1 F4800
G1 X27.109 Y21.608 E.0348
G1 X26.576 Y21.608 F21000
G1 F4800
G1 X25.791 Y22.392 E.0348
G1 X25.257 Y22.392 F21000
G1 F4800
G1 X26.042 Y21.608 E.0348
G1 X25.509 Y21.608 F21000
G1 F4800
G1 X24.724 Y22.392 E.0348
G1 X24.19 Y22.392 F21000
G1 F4800
G1 X24.975 Y21.608 E.0348
G1 X24.442 Y21.608 F21000
G1 F4800
G1 X23.657 Y22.392 E.0348
G1 X23.123 Y22.392 F21000
G1 F4800
G1 X23.908 Y21.608 E.0348
G1 X23.375 Y21.608 F21000
G1 F4800
G1 X22.59 Y22.392 E.0348
G1 X22.057 Y22.392 F21000
G1 F4800
G1 X22.841 Y21.608 E.03478
G1 X22.308 Y21.608 F21000
G1 F4800
G1 X21.523 Y22.392 E.0348
G1 X20.99 Y22.392 F21000
G1 F4800
G1 X21.774 Y21.608 E.03478
G1 X21.241 Y21.608 F21000
G1 F4800
G1 X20.456 Y22.392 E.0348
G1 X19.923 Y22.392 F21000
G1 F4800
G1 X20.707 Y21.608 E.03478
G1 X20.174 Y21.608 F21000
G1 F4800
G1 X19.389 Y22.392 E.0348
G1 X18.856 Y22.392 F21000
G1 F4800
G1 X19.64 Y21.608 E.03478
G1 X19.107 Y21.608 F21000
G1 F4800
G1 X18.322 Y22.392 E.0348
G1 X17.789 Y22.392 F21000
G1 F4800
G1 X18.573 Y21.608 E.03478
G1 X18.04 Y21.608 F21000
G1 F4800
G1 X17.255 Y22.392 E.0348
G1 X16.722 Y22.392 F21000
G1 F4800
G1 X17.506 Y21.608 E.03478
G1 X16.973 Y21.608 F21000
G1 F4800
G1 X16.188 Y22.392 E.0348
G1 X15.655 Y22.392 F21000
G1 F4800
G1 X16.44 Y21.608 E.0348
G1 X15.906 Y21.608 F21000
G1 F4800
G1 X15.121 Y22.392 E.0348
G1 X14.588 Y22.392 F21000
G1 F4800
G1 X15.373 Y21.608 E.0348
G1 X14.839 Y21.608 F21000
G1 F4800
G1 X14.054 Y22.392 E.0348
G1 X13.521 Y22.392 F21000
G1 F4800
G1 X14.306 Y21.608 E.0348
G1 X13.772 Y21.608 F21000
G1 F4800
G1 X12.987 Y22.392 E.0348
G1 X12.454 Y22.392 F21000
G1 F4800
G1 X13.239 Y21.608 E.0348
G1 X12.705 Y21.608 F21000
G1 F4800
G1 X11.92 Y22.392 E.0348
G1 X11.387 Y22.392 F21000
G1 F4800
G1 X12.172 Y21.608 E.0348
G1 X11.638 Y21.608 F21000
G1 F4800
G1 X10.853 Y22.392 E.0348
G1 X10.32 Y22.392 F21000
G1 F4800
G1 X11.105 Y21.608 E.0348
G1 X10.571 Y21.608 F21000
G1 F4800
G1 X9.786 Y22.392 E.0348
G1 X9.253 Y22.392 F21000
G1 F4800
G1 X10.038 Y21.608 E.0348
G1 X9.504 Y21.608 F21000
G1 F4800
G1 X8.719 Y22.392 E.0348
G1 X8.186 Y22.392 F21000
G1 F4800
G1 X8.971 Y21.608 E.0348
G1 X8.437 Y21.608 F21000
G1 F4800
G1 X7.652 Y22.392 E.0348
G1 X7.119 Y22.392 F21000
G1 F4800
G1 X7.904 Y21.608 E.0348
G1 X7.37 Y21.608 F21000
G1 F4800
G1 X6.608 Y22.37 E.0338
M486 S-1
G1 E-.16 F2700
;WIPE_START
G1 F16800;_WIPE
G1 X7.37 Y21.608 E-.16453
;WIPE_END
G1 E-.47547 F2700
M107
;TYPE:Custom
; Filament-specific end gcode
G1 Z5 F720 ; Move print head up
M104 S0 ; turn off temperature
M140 S0 ; turn off heatbed
M141 S0 ; disable chamber control
M107 ; turn off fan
G1 X242 Y211 F10200 ; park
G4 ; wait
M572 S0 ; reset PA
M84 X Y E ; disable motors
; max_layer_z = 4
M73 P100 R0
M73 Q100 S0
; objects_info = {"objects":[{"name":"plate_12_sensor.stl","polygon":[[93.000,20.000],[161.000,20.000],[161.000,24.000],[5.000,24.000],[5.000,20.000],[73.000,20.000],[73.000,5.000],[93.000,5.000]]}]}
; filament used [mm] = 1368.51
; filament used [cm3] = 3.29
; filament used [g] = 4.08
; filament cost = 0.10
; total filament used [g] = 4.08
; total filament cost = 0.10
; total filament used for wipe tower [g] = 0.00
; estimated printing time (normal mode) = 11m 26s
; estimated printing time (silent mode) = 12m 42s
; estimated first layer printing time (normal mode) = 1m 38s
; estimated first layer printing time (silent mode) = 1m 41s

; prusaslicer_config = begin
; arc_fitting = disabled
; autoemit_temperature_commands = 1
; automatic_extrusion_widths = 0
; automatic_infill_combination = 0
; automatic_infill_combination_max_layer_height = 100%
; avoid_crossing_curled_overhangs = 0
; avoid_crossing_perimeters = 0
; avoid_crossing_perimeters_max_detour = 0
; bed_custom_model = 
; bed_custom_texture = 
; bed_shape = 0x0,250x0,250x220,0x220
; bed_temperature = 60
; bed_temperature_extruder = 0
; before_layer_gcode = ;BEFORE_LAYER_CHANGE\nG92 E0.0\n;[layer_z]\n{if layer_z > 150}\nM201 X{interpolate_table(layer_z, (0,7000), (150,7000), (200,4000), (270,2000))} Y{interpolate_table(layer_z, (0,7000), (150,7000), (200,4000), (270,2000))}\n{endif}\n
; between_objects_gcode = 
; binary_gcode = 0
; bottom_fill_pattern = monotonic
; bottom_solid_layers = 4
; bottom_solid_min_thickness = 0.5
; bridge_acceleration = 1500
; bridge_angle = 0
; bridge_fan_speed = 100
; bridge_flow_ratio = 1
; bridge_speed = 50
; brim_separation = 0.1
; brim_type = outer_only
; brim_width = 3
; chamber_minimal_temperature = 0
; chamber_temperature = 20
; color_change_gcode = M600\nG1 E0.3 F1500 ; prime after color change
; colorprint_heights = 
; complete_objects = 0
; cooling = 1
; cooling_perimeter_transition_distance = 10
; cooling_slowdown_logic = consistent_surface
; cooling_tube_length = 20
; cooling_tube_retraction = 45
; custom_parameters_filament = ""
; custom_parameters_print = 
; custom_parameters_printer = 
; default_acceleration = 0
; deretract_speed = 25
; disable_fan_first_layers = 1
; dont_support_bridges = 0
; draft_shield = disabled
; duplicate_distance = 6
; elefant_foot_compensation = 0.2
; enable_dynamic_fan_speeds = 1
; enable_dynamic_overhang_speeds = 1
; end_filament_gcode = "; Filament-specific end gcode"
; end_gcode = {if layer_z < max_print_height}G1 Z{z_offset+min(max_layer_z+1, max_print_height)} F720 ; Move print head up{endif}\nM104 S0 ; turn off temperature\nM140 S0 ; turn off heatbed\nM141 S0 ; disable chamber control\nM107 ; turn off fan\nG1 X242 Y211 F10200 ; park\nG4 ; wait\nM572 S0 ; reset PA\nM84 X Y E ; disable motors\n; max_layer_z = [max_layer_z]
; ensure_vertical_shell_thickness = enabled
; external_perimeter_acceleration = 1500
; external_perimeter_extrusion_width = 0.45
; external_perimeter_speed = 50
; external_perimeters_first = 0
; extra_loading_move = -52
; extra_perimeters = 0
; extra_perimeters_on_overhangs = 0
; extruder_clearance_height = 33
; extruder_clearance_radius = 75
; extruder_colour = ""
; extruder_offset = 0x0
; extrusion_axis = E
; extrusion_multiplier = 1
; extrusion_width = 0.45
; fan_always_on = 1
; fan_below_layer_time = 40
; filament_abrasive = 0
; filament_colour = #FF8000
; filament_cooling_final_speed = 3.5
; filament_cooling_initial_speed = 10
; filament_cooling_moves = 2
; filament_cost = 25.4
; filament_density = 1.24
; filament_deretract_speed = nil
; filament_diameter = 1.75
; filament_flush_speed = 0
; filament_flush_volume = 0
; filament_infill_max_crossing_speed = 0
; filament_infill_max_speed = 0
; filament_load_time = 10.9
; filament_loading_speed = 10
; filament_loading_speed_start = 50
; filament_max_volumetric_speed = 15
; filament_minimal_purge_on_wipe_tower = 15
; filament_multitool_ramming = 0
; filament_multitool_ramming_flow = 10
; filament_multitool_ramming_volume = 10
; filament_notes = ""
; filament_purge_multiplier = 81.25%
; filament_ramming_parameters = "250 100 40.1613 40.3548 40.4516 40.3548 40.2581| 0.05 40.1483 0.45 40.3419 0.95 40.3419 1.45 40.3419 1.95 40.3419 2.45 40.3419 2.95 40.3419 3.45 40.3419 3.95 40.3419 4.45 40.3419 4.95 40.3419"
; filament_retract_before_travel = nil
; filament_retract_before_wipe = 20%
; filament_retract_layer_change = nil
; filament_retract_length = 0.8
; filament_retract_length_toolchange = nil
; filament_retract_lift = 0.15
; filament_retract_lift_above = nil
; filament_retract_lift_below = nil
; filament_retract_restart_extra = nil
; filament_retract_restart_extra_toolchange = nil
; filament_retract_speed = nil
; filament_seam_gap_distance = nil
; filament_settings_id = "Generic PLA @COREONE"
; filament_shrinkage_compensation_xy = 0%
; filament_shrinkage_compensation_z = 0%
; filament_soluble = 0
; filament_spool_weight = 0
; filament_stamping_distance = 45
; filament_stamping_loading_speed = 29
; filament_toolchange_delay = 0
; filament_travel_lift_before_obstacle = nil
; filament_travel_max_lift = 0.6
; filament_travel_ramping_lift = 1
; filament_travel_slope = 1
; filament_type = PLA
; filament_unload_time = 8.9
; filament_unloading_speed = 40
; filament_unloading_speed_start = 30
; filament_vendor = Generic
; filament_wipe = 1
; fill_angle = 45
; fill_density = 20%
; fill_pattern = grid
; first_layer_acceleration = 500
; first_layer_acceleration_over_raft = 0
; first_layer_bed_temperature = 60
; first_layer_extrusion_width = 0.5
; first_layer_height = 0.2
; first_layer_infill_speed = 100
; first_layer_speed = 45
; first_layer_speed_over_raft = 30
; first_layer_temperature = 230
; full_fan_speed_layer = 3
; fuzzy_skin = none
; fuzzy_skin_point_dist = 0.8
; fuzzy_skin_thickness = 0.3
; gap_fill_enabled = 1
; gap_fill_speed = 60
; gcode_comments = 0
; gcode_flavor = marlin2
; gcode_label_objects = firmware
; gcode_resolution = 0.008
; gcode_substitutions = 
; high_current_on_filament_swap = 0
; host_type = prusalink
; idle_temperature = 170
; infill_acceleration = 6000
; infill_anchor = 2
; infill_anchor_max = 12
; infill_every_layers = 1
; infill_extruder = 1
; infill_extrusion_width = 0.45
; infill_first = 0
; infill_overlap = 15%
; infill_speed = 120
; interface_shells = 0
; interlocking_beam = 0
; interlocking_beam_layer_count = 2
; interlocking_beam_width = 0.8
; interlocking_boundary_avoidance = 2
; interlocking_depth = 2
; interlocking_orientation = 22.5
; ironing = 0
; ironing_flowrate = 15%
; ironing_spacing = 0.1
; ironing_speed = 15
; ironing_type = top
; layer_gcode = ;AFTER_LAYER_CHANGE\n;[layer_z]
; layer_height = 0.2
; machine_limits_usage = emit_to_gcode
; machine_max_acceleration_e = 5000,2500
; machine_max_acceleration_extruding = 7000,2500
; machine_max_acceleration_retracting = 2500,2500
; machine_max_acceleration_travel = 7000,2500
; machine_max_acceleration_x = 10000,2500
; machine_max_acceleration_y = 10000,2500
; machine_max_acceleration_z = 400,200
; machine_max_feedrate_e = 100,100
; machine_max_feedrate_x = 350,160
; machine_max_feedrate_y = 350,160
; machine_max_feedrate_z = 12,12
; machine_max_jerk_e = 10,10
; machine_max_jerk_x = 10,8
; machine_max_jerk_y = 10,8
; machine_max_jerk_z = 2,2
; machine_max_junction_deviation = 0,0
; machine_min_extruding_rate = 0,0
; machine_min_travel_rate = 0,0
; max_fan_speed = 100
; max_layer_height = 0.3
; max_print_height = 270
; max_print_speed = 300
; max_volumetric_extrusion_rate_slope_negative = 0
; max_volumetric_extrusion_rate_slope_positive = 0
; max_volumetric_speed = 0
; min_bead_width = 85%
; min_fan_speed = 85
; min_feature_size = 25%
; min_layer_height = 0.07
; min_print_speed = 20
; min_skirt_length = 4
; mmu_segmented_region_interlocking_depth = 0
; mmu_segmented_region_max_width = 0
; multimaterial_purging = 140
; notes = 
; nozzle_diameter = 0.4
; nozzle_high_flow = 0
; only_one_perimeter_first_layer = 0
; only_retract_when_crossing_perimeters = 0
; ooze_prevention = 0
; output_filename_format = {input_filename_base}_0.4n_{layer_height}mm_{printing_filament_types}_{printer_model}_{print_time}.gcode
; over_bridge_speed = 50%
; overhang_fan_speed_0 = 100
; overhang_fan_speed_1 = 100
; overhang_fan_speed_2 = 0
; overhang_fan_speed_3 = 0
; overhang_speed_0 = 15
; overhang_speed_1 = 25
; overhang_speed_2 = 45
; overhang_speed_3 = 90%
; overhangs = 1
; parking_pos_retraction = 84
; pause_print_gcode = M601
; perimeter_acceleration = 2500
; perimeter_extruder = 1
; perimeter_extrusion_width = 0.45
; perimeter_generator = arachne
; perimeter_speed = 70
; perimeters = 4
; physical_printer_settings_id = 
; post_process = 
; prefer_clockwise_movements = 0
; print_settings_id = Robobus 0.20mm STRUCTURAL 4 perimeters
; printer_model = COREONE
; printer_notes = Don't remove the following keywords! These keywords are used in the "compatible printer" condition of the print and filament profiles to link the particular print and filament profiles to this printer profile.\nPRINTER_MODEL_COREONE\nPG\nNO_TEMPLATES
; printer_settings_id = Prusa CORE One 0.4 nozzle
; printer_technology = FFF
; printer_variant = 0.4
; printer_vendor = 
; raft_contact_distance = 0.15
; raft_expansion = 1.5
; raft_first_layer_density = 90%
; raft_first_layer_expansion = 3
; raft_layers = 0
; remaining_times = 1
; resolution = 0
; retract_before_travel = 1.5
; retract_before_wipe = 80%
; retract_layer_change = 1
; retract_length = 0.7
; retract_length_toolchange = 0
; retract_lift = 0.2
; retract_lift_above = 0
; retract_lift_below = 269
; retract_restart_extra = 0
; retract_restart_extra_toolchange = 0
; retract_speed = 45
; scarf_seam_entire_loop = 0
; scarf_seam_length = 20
; scarf_seam_max_segment_length = 1
; scarf_seam_on_inner_perimeters = 0
; scarf_seam_only_on_smooth = 1
; scarf_seam_placement = nowhere
; scarf_seam_start_height = 0%
; seam_gap_distance = 15%
; seam_position = aligned
; silent_mode = 1
; single_extruder_multi_material = 0
; single_extruder_multi_material_priming = 0
; skirt_distance = 6
; skirt_height = 1
; skirts = 0
; slice_closing_radius = 0.049
; slicing_mode = regular
; slowdown_below_layer_time = 8
; small_perimeter_speed = 50
; solid_infill_acceleration = 4000
; solid_infill_below_area = 0
; solid_infill_every_layers = 0
; solid_infill_extruder = 1
; solid_infill_extrusion_width = 0.45
; solid_infill_speed = 140
; spiral_vase = 0
; staggered_inner_seams = 0
; standby_temperature_delta = -5
; start_filament_gcode = "M572 S{if nozzle_diameter[filament_extruder_id]==0.4}0.03{elsif nozzle_diameter[filament_extruder_id]==0.5}0.022{elsif nozzle_diameter[filament_extruder_id]==0.6}0.019{elsif nozzle_diameter[filament_extruder_id]==0.8}0.013{elsif nozzle_diameter[filament_extruder_id]==0.25}0.1{elsif nozzle_diameter[filament_extruder_id]==0.3}0.07{else}0{endif} ; Filament gcode\n\nM142 S36 ; set heatbreak target temp"
; start_gcode = M17 ; enable steppers\nM862.1 P[nozzle_diameter] A{(filament_abrasive[0] ? 1 : 0)} F{(nozzle_high_flow[0] ? 1 : 0)} ; nozzle check\nM862.3 P "COREONE" ; printer model check\nM862.5 P2 ; g-code level check\nM862.6 P"Input shaper" ; FW feature check\nM115 U6.4.0+11974\n\nM555 X{(min(print_bed_max[0], first_layer_print_min[0] + 32) - 32)} Y{(max(0, first_layer_print_min[1]) - 4)} W{((min(print_bed_max[0], max(first_layer_print_min[0] + 32, first_layer_print_max[0])))) - ((min(print_bed_max[0], first_layer_print_min[0] + 32) - 32))} H{((first_layer_print_max[1])) - ((max(0, first_layer_print_min[1]) - 4))}\n\nG90 ; use absolute coordinates\nM83 ; extruder relative mode\n\n{if chamber_minimal_temperature[initial_tool]!=0}\nM140 S115 ; set bed temp for chamber heating\n{else}\nM140 S[first_layer_bed_temperature] ; set bed temp\n{endif}\n\nM109 R{((filament_notes[0]=~/.*MBL160.*/) ? 160 : (filament_notes[0]=~/.*HT_MBL10.*/) ? (first_layer_temperature[0] - 10) : (filament_type[0] == "PC" or filament_type[0] == "PA") ? (first_layer_temperature[0] - 25) : (filament_type[0] == "FLEX") ? 210 : 170)} ; wait for temp\n\nM84 E ; turn off E motor\n\nG28 ; home all without mesh bed level\n\n{if chamber_minimal_temperature[initial_tool]!=0}\n; Min chamber temp section\nM104 S{idle_temperature[initial_tool]} ; set idle temp\nG1 Z10 F720 ; set bed position\nG1 X242 Y-9 F4800 ; set print head position\nM191 S{chamber_minimal_temperature[initial_tool]} ; wait for minimal chamber temp\nM141 S{chamber_temperature[initial_tool]} ; set nominal chamber temp\nM107\nM140 S[first_layer_bed_temperature] ; set bed temp\n{else}\nM141 S{chamber_temperature[initial_tool]} ; set nominal chamber temp\n{endif}\n\n{if first_layer_bed_temperature[initial_tool]<=60}M106 S70{endif}\nG0 Z40 F10000\nM104 T{initial_tool} S{if is_nil(idle_temperature[initial_tool])}100{else}{idle_temperature[initial_tool]}{endif}\nM190 R[first_layer_bed_temperature] ; wait for bed temp\nM107\n\nG29 G ; absorb heat\n\nM109 R{((filament_notes[0]=~/.*MBL160.*/) ? 160 : (filament_notes[0]=~/.*HT_MBL10.*/) ? (first_layer_temperature[0] - 10) : (filament_type[0] == "PC" or filament_type[0] == "PA") ? (first_layer_temperature[0] - 25) : (filament_type[0] == "FLEX") ? 210 : 170)} ; wait for MBL temp\n\nM302 S155 ; lower cold extrusion limit to 155C\n\n{if filament_type[initial_tool]=="FLEX"}\nG1 E-4 F2400 ; retraction\n{else}\nG1 E-2 F2400 ; retraction\n{endif}\n\nM84 E ; turn off E motor\n\nG29 P9 X208 Y-2.5 W32 H4\n\n;\n; MBL\n;\nM84 E ; turn off E motor\nG29 P1 ; invalidate mbl & probe print area\nG29 P1 X150 Y0 W100 H20 C ; probe near purge place\nG29 P3.2 ; interpolate mbl probes\nG29 P3.13 ; extrapolate mbl outside probe area\nG29 A ; activate mbl\n\n; prepare for purge\nM104 S{first_layer_temperature[0]}\nG0 X249 Y-2.5 Z15 F4800 ; move away and ready for the purge\nM109 S{first_layer_temperature[0]}\n\nG92 E0\nM569 S0 E ; set spreadcycle mode for extruder\n\nM591 S0 ; disable stuck detection\n\n;\n; Extrude purge line\n;\nG92 E0 ; reset extruder position\nG1 E{(filament_type[0] == "FLEX" ? 4 : 2)} F2400 ; deretraction after the initial one\nG0 E5 X235 Z0.2 F500 ; purge\nG0 X225 E4 F500 ; purge\nG0 X215 E4 F650 ; purge\nG0 X205 E4 F800 ; purge\nG0 X202 Z0.05 F8000 ; wipe, move close to the bed\nG0 X199 Z0.2 F8000 ; wipe, move quickly away from the bed\n\nM591 R ; restore stuck detection\n\nG92 E0\nM221 S100 ; set flow to 100%
; support_material = 1
; support_material_angle = 0
; support_material_auto = 1
; support_material_bottom_contact_distance = 0
; support_material_bottom_interface_layers = 0
; support_material_buildplate_only = 0
; support_material_closing_radius = 2
; support_material_contact_distance = 0.2
; support_material_enforce_layers = 0
; support_material_extruder = 0
; support_material_extrusion_width = 0.4
; support_material_interface_contact_loops = 0
; support_material_interface_extruder = 0
; support_material_interface_layers = 3
; support_material_interface_pattern = auto
; support_material_interface_spacing = 0.2
; support_material_interface_speed = 50
; support_material_pattern = rectilinear
; support_material_spacing = 2
; support_material_speed = 120
; support_material_style = snug
; support_material_synchronize_layers = 0
; support_material_threshold = 30
; support_material_with_sheath = 0
; support_material_xy_spacing = 80%
; support_tree_angle = 40
; support_tree_angle_slow = 25
; support_tree_branch_diameter = 2
; support_tree_branch_diameter_angle = 5
; support_tree_branch_diameter_double_wall = 8
; support_tree_branch_distance = 1
; support_tree_tip_diameter = 0.8
; support_tree_top_rate = 30%
; temperature = 220
; template_custom_gcode = 
; thick_bridges = 0
; thin_walls = 0
; thumbnails = 16x16/QOI, 313x173/QOI, 480x240/QOI, 380x285/PNG
; thumbnails_format = PNG
; toolchange_gcode = 
; toolchange_ordering = optimized
; top_fill_pattern = monotoniclines
; top_infill_extrusion_width = 0.42
; top_one_perimeter_type = none
; top_solid_infill_acceleration = 2000
; top_solid_infill_speed = 80
; top_solid_layers = 5
; top_solid_min_thickness = 0.7
; travel_acceleration = 7000
; travel_lift_before_obstacle = 0
; travel_max_lift = 1.5
; travel_ramping_lift = 1
; travel_short_distance_acceleration = 250
; travel_slope = 1
; travel_speed = 350
; travel_speed_z = 12
; use_firmware_retraction = 0
; use_relative_e_distances = 1
; use_volumetric_e = 0
; variable_layer_height = 1
; wall_distribution_count = 1
; wall_transition_angle = 10
; wall_transition_filter_deviation = 25%
; wall_transition_length = 100%
; wipe = 0
; wipe_into_infill = 0
; wipe_into_objects = 0
; wipe_tower = 1
; wipe_tower_acceleration = 0
; wipe_tower_bridging = 10
; wipe_tower_brim_width = 2
; wipe_tower_cone_angle = 25
; wipe_tower_extra_flow = 250%
; wipe_tower_extra_spacing = 110%
; wipe_tower_extruder = 0
; wipe_tower_no_sparse_layers = 0
; wipe_tower_width = 60
; wiping_volumes_matrix = 0
; wiping_volumes_use_custom_matrix = 0
; xy_size_compensation = 0
; z_offset = 0
; prusaslicer_config = end
